
>>> run_full_background log=/workspace/robot_code/temp_car/logs/integration_run_full_20260907_044041.log
[fsm] IDLE --START--> INITIALIZING
[depth] loading network fcn-mobilenet
[camera] starting JetBot Camera 320x240
[warmup] frame 1/2 processed
[warmup] frame 2/2 processed
[depth] started enabled=True
[arm] pose safe_home
[arm] TTLServo connected
[arm] safe_home servo=5 angle=0 speed=85
[arm] safe_home servo=4 angle=0 speed=85
[arm] safe_home servo=3 angle=0 speed=85
[arm] safe_home servo=2 angle=0 speed=85
[arm] safe_home servo=1 angle=-16 speed=85
[base] stop
[fsm] INITIALIZING --INITIALIZED--> PLANNING
[fsm] PLANNING --TARGET_REQUIRED--> SEARCHING
[can] loading native detectNet model=/workspace/robot_code/temp_car/assets/models/detectnet_native_can/can_ssd_mobilenet_v1.onnx
[can] native detectNet loaded threshold=0.200 clustering=0.300
[can] backend=detectnet_native no detections
[base] Robot connected
[base] continuous start label=search_can_routine_2_step_0 direction=forward requested_speed=0.6 effective_speed=0.6
[can] backend=detectnet_native no detections
[map] motion direction=forward speed=0.6 effective_seconds=0.06609463691711426 pose={'x_m': 0.0, 'y_m': 0.006857318580150604, 'heading_rad': 0.0}
[can] backend=detectnet_native no detections
[map] motion direction=forward speed=0.6 effective_seconds=0.06630706787109375 pose={'x_m': 0.0, 'y_m': 0.01373667687177658, 'heading_rad': 0.0}
[can] backend=detectnet_native no detections
[map] motion direction=forward speed=0.6 effective_seconds=0.06778097152709961 pose={'x_m': 0.0, 'y_m': 0.020768952667713163, 'heading_rad': 0.0}
[can] backend=detectnet_native no detections
[map] motion direction=forward speed=0.6 effective_seconds=0.06615686416625977 pose={'x_m': 0.0, 'y_m': 0.02763272732496261, 'heading_rad': 0.0}
[can] backend=detectnet_native no detections
[map] motion direction=forward speed=0.6 effective_seconds=0.0612339973449707 pose={'x_m': 0.0, 'y_m': 0.033985754549503325, 'heading_rad': 0.0}
[can] backend=detectnet_native no detections
[map] motion direction=forward speed=0.6 effective_seconds=0.05832242965698242 pose={'x_m': 0.0, 'y_m': 0.04003670662641525, 'heading_rad': 0.0}
[can] backend=detectnet_native no detections
[map] motion direction=forward speed=0.6 effective_seconds=0.0538330078125 pose={'x_m': 0.0, 'y_m': 0.04562188118696213, 'heading_rad': 0.0}
[can] backend=detectnet_native no detections
[map] motion direction=forward speed=0.6 effective_seconds=0.05285954475402832 pose={'x_m': 0.0, 'y_m': 0.05110605895519257, 'heading_rad': 0.0}
[can] backend=detectnet_native no detections
[map] motion direction=forward speed=0.6 effective_seconds=0.05105090141296387 pose={'x_m': 0.0, 'y_m': 0.05640258997678757, 'heading_rad': 0.0}
[can] backend=detectnet_native no detections
[map] motion direction=forward speed=0.6 effective_seconds=0.04890799522399902 pose={'x_m': 0.0, 'y_m': 0.06147679448127747, 'heading_rad': 0.0}
[can] backend=detectnet_native no detections
[map] motion direction=forward speed=0.6 effective_seconds=0.0490419864654541 pose={'x_m': 0.0, 'y_m': 0.06656490057706833, 'heading_rad': 0.0}
[can] backend=detectnet_native no detections
[map] motion direction=forward speed=0.6 effective_seconds=0.04916715621948242 pose={'x_m': 0.0, 'y_m': 0.07166599303483963, 'heading_rad': 0.0}
[can] backend=detectnet_native no detections
[map] motion direction=forward speed=0.6 effective_seconds=0.049242258071899414 pose={'x_m': 0.0, 'y_m': 0.07677487730979919, 'heading_rad': 0.0}
[can] backend=detectnet_native no detections
[map] motion direction=forward speed=0.6 effective_seconds=0.04765725135803223 pose={'x_m': 0.0, 'y_m': 0.08171931713819504, 'heading_rad': 0.0}
[can] backend=detectnet_native no detections
[map] motion direction=forward speed=0.6 effective_seconds=0.047707319259643555 pose={'x_m': 0.0, 'y_m': 0.08666895151138305, 'heading_rad': 0.0}
[can] backend=detectnet_native no detections
[map] motion direction=forward speed=0.6 effective_seconds=0.04729056358337402 pose={'x_m': 0.0, 'y_m': 0.09157534748315811, 'heading_rad': 0.0}
[can] backend=detectnet_native no detections
[map] motion direction=forward speed=0.6 effective_seconds=0.04725360870361328 pose={'x_m': 0.0, 'y_m': 0.096477909386158, 'heading_rad': 0.0}
[can] backend=detectnet_native no detections
[map] motion direction=forward speed=0.6 effective_seconds=0.04725480079650879 pose={'x_m': 0.0, 'y_m': 0.10138059496879578, 'heading_rad': 0.0}
[can] backend=detectnet_native no detections
[map] motion direction=forward speed=0.6 effective_seconds=0.04724764823913574 pose={'x_m': 0.0, 'y_m': 0.10628253847360612, 'heading_rad': 0.0}
[can] backend=detectnet_native no detections
[map] motion direction=forward speed=0.6 effective_seconds=0.047304391860961914 pose={'x_m': 0.0, 'y_m': 0.11119036912918093, 'heading_rad': 0.0}
[can] backend=detectnet_native no detections
[map] motion direction=forward speed=0.6 effective_seconds=0.04741334915161133 pose={'x_m': 0.0, 'y_m': 0.1161095041036606, 'heading_rad': 0.0}
[can] backend=detectnet_native no detections
[map] motion direction=forward speed=0.6 effective_seconds=0.04738664627075195 pose={'x_m': 0.0, 'y_m': 0.1210258686542511, 'heading_rad': 0.0}
[can] backend=detectnet_native no detections
[map] motion direction=forward speed=0.6 effective_seconds=0.04745292663574219 pose={'x_m': 0.0, 'y_m': 0.12594910979270935, 'heading_rad': 0.0}
[can] backend=detectnet_native no detections
[map] motion direction=forward speed=0.6 effective_seconds=0.04777646064758301 pose={'x_m': 0.0, 'y_m': 0.1309059175848961, 'heading_rad': 0.0}
[can] backend=detectnet_native no detections
[map] motion direction=forward speed=0.6 effective_seconds=0.04710268974304199 pose={'x_m': 0.0, 'y_m': 0.1357928216457367, 'heading_rad': 0.0}
[can] backend=detectnet_native no detections
[map] motion direction=forward speed=0.6 effective_seconds=0.046920061111450195 pose={'x_m': 0.0, 'y_m': 0.14066077798604965, 'heading_rad': 0.0}
[can] backend=detectnet_native no detections
[map] motion direction=forward speed=0.6 effective_seconds=0.04935431480407715 pose={'x_m': 0.0, 'y_m': 0.14578128814697264, 'heading_rad': 0.0}
[can] backend=detectnet_native no detections
[map] motion direction=forward speed=0.6 effective_seconds=0.04740500450134277 pose={'x_m': 0.0, 'y_m': 0.15069955736398694, 'heading_rad': 0.0}
[can] backend=detectnet_native no detections
[map] motion direction=forward speed=0.6 effective_seconds=0.04745173454284668 pose={'x_m': 0.0, 'y_m': 0.15562267482280728, 'heading_rad': 0.0}
[can] backend=detectnet_native no detections
[map] motion direction=forward speed=0.6 effective_seconds=0.04733443260192871 pose={'x_m': 0.0, 'y_m': 0.16053362220525738, 'heading_rad': 0.0}
[can] backend=detectnet_native no detections
[map] motion direction=forward speed=0.6 effective_seconds=0.04765176773071289 pose={'x_m': 0.0, 'y_m': 0.16547749310731885, 'heading_rad': 0.0}
[can] backend=detectnet_native no detections
[map] motion direction=forward speed=0.6 effective_seconds=0.04741811752319336 pose={'x_m': 0.0, 'y_m': 0.17039712280035016, 'heading_rad': 0.0}
[can] backend=detectnet_native no detections
[map] motion direction=forward speed=0.6 effective_seconds=0.04738140106201172 pose={'x_m': 0.0, 'y_m': 0.17531294316053386, 'heading_rad': 0.0}
[can] backend=detectnet_native no detections
[map] motion direction=forward speed=0.6 effective_seconds=0.047156333923339844 pose={'x_m': 0.0, 'y_m': 0.18020541280508037, 'heading_rad': 0.0}
[can] backend=detectnet_native no detections
[map] motion direction=forward speed=0.6 effective_seconds=0.04718494415283203 pose={'x_m': 0.0, 'y_m': 0.18510085076093669, 'heading_rad': 0.0}
[can] backend=detectnet_native no detections
[map] motion direction=forward speed=0.6 effective_seconds=0.047557830810546875 pose={'x_m': 0.0, 'y_m': 0.19003497570753092, 'heading_rad': 0.0}
[can] backend=detectnet_native no detections
[map] motion direction=forward speed=0.6 effective_seconds=0.04785323143005371 pose={'x_m': 0.0, 'y_m': 0.194999748468399, 'heading_rad': 0.0}
[can] backend=detectnet_native no detections
[map] motion direction=forward speed=0.6 effective_seconds=0.047788143157958984 pose={'x_m': 0.0, 'y_m': 0.19995776832103723, 'heading_rad': 0.0}
[can] backend=detectnet_native no detections
[map] motion direction=forward speed=0.6 effective_seconds=0.04756450653076172 pose={'x_m': 0.0, 'y_m': 0.20489258587360376, 'heading_rad': 0.0}
[can] backend=detectnet_native no detections
[map] motion direction=forward speed=0.6 effective_seconds=0.04763221740722656 pose={'x_m': 0.0, 'y_m': 0.2098344284296035, 'heading_rad': 0.0}
[can] backend=detectnet_native no detections
[map] motion direction=forward speed=0.6 effective_seconds=0.04714822769165039 pose={'x_m': 0.0, 'y_m': 0.21472605705261225, 'heading_rad': 0.0}
[can] backend=detectnet_native no detections
[map] motion direction=forward speed=0.6 effective_seconds=0.04694175720214844 pose={'x_m': 0.0, 'y_m': 0.21959626436233515, 'heading_rad': 0.0}
[can] backend=detectnet_native no detections
[map] motion direction=forward speed=0.6 effective_seconds=0.04842400550842285 pose={'x_m': 0.0, 'y_m': 0.22462025493383403, 'heading_rad': 0.0}
[can] backend=detectnet_native no detections
[map] motion direction=forward speed=0.6 effective_seconds=0.04742097854614258 pose={'x_m': 0.0, 'y_m': 0.22954018145799632, 'heading_rad': 0.0}
[can] backend=detectnet_native no detections
[map] motion direction=forward speed=0.6 effective_seconds=0.047579050064086914 pose={'x_m': 0.0, 'y_m': 0.23447650790214533, 'heading_rad': 0.0}
[can] backend=detectnet_native no detections
[map] motion direction=forward speed=0.6 effective_seconds=0.04748725891113281 pose={'x_m': 0.0, 'y_m': 0.23940331101417536, 'heading_rad': 0.0}
[can] backend=detectnet_native no detections
[map] motion direction=forward speed=0.6 effective_seconds=0.04740762710571289 pose={'x_m': 0.0, 'y_m': 0.24432185232639309, 'heading_rad': 0.0}
[can] backend=detectnet_native no detections
[map] motion direction=forward speed=0.6 effective_seconds=0.048571109771728516 pose={'x_m': 0.0, 'y_m': 0.2493611049652099, 'heading_rad': 0.0}
[can] backend=detectnet_native no detections
[map] motion direction=forward speed=0.6 effective_seconds=0.04723310470581055 pose={'x_m': 0.0, 'y_m': 0.2542615395784378, 'heading_rad': 0.0}
[can] backend=detectnet_native no detections
[map] motion direction=forward speed=0.6 effective_seconds=0.047300100326538086 pose={'x_m': 0.0, 'y_m': 0.2591689249873161, 'heading_rad': 0.0}
[can] backend=detectnet_native no detections
[map] motion direction=forward speed=0.6 effective_seconds=0.04707503318786621 pose={'x_m': 0.0, 'y_m': 0.2640529596805572, 'heading_rad': 0.0}
[can] backend=detectnet_native no detections
[map] motion direction=forward speed=0.6 effective_seconds=0.047248125076293945 pose={'x_m': 0.0, 'y_m': 0.2689549526572227, 'heading_rad': 0.0}
[can] backend=detectnet_native no detections
[map] motion direction=forward speed=0.6 effective_seconds=0.04724836349487305 pose={'x_m': 0.0, 'y_m': 0.27385697036981577, 'heading_rad': 0.0}
[can] backend=detectnet_native no detections
[map] motion direction=forward speed=0.6 effective_seconds=0.047620534896850586 pose={'x_m': 0.0, 'y_m': 0.27879760086536404, 'heading_rad': 0.0}
[can] backend=detectnet_native no detections
[map] motion direction=forward speed=0.6 effective_seconds=0.04744291305541992 pose={'x_m': 0.0, 'y_m': 0.28371980309486383, 'heading_rad': 0.0}
[can] backend=detectnet_native no detections
[map] motion direction=forward speed=0.6 effective_seconds=0.04739546775817871 pose={'x_m': 0.0, 'y_m': 0.28863708287477485, 'heading_rad': 0.0}
[can] backend=detectnet_native no detections
[map] motion direction=forward speed=0.6 effective_seconds=0.04712104797363281 pose={'x_m': 0.0, 'y_m': 0.29352589160203924, 'heading_rad': 0.0}
[can] backend=detectnet_native no detections
[map] motion direction=forward speed=0.6 effective_seconds=0.04720926284790039 pose={'x_m': 0.0, 'y_m': 0.2984238526225089, 'heading_rad': 0.0}
[can] backend=detectnet_native no detections
[map] motion direction=forward speed=0.6 effective_seconds=0.04792165756225586 pose={'x_m': 0.0, 'y_m': 0.30339572459459296, 'heading_rad': 0.0}
[map] motion direction=forward speed=0.6 effective_seconds=0.018472909927368164 pose={'x_m': 0.0, 'y_m': 0.3053122889995574, 'heading_rad': 0.0}
[base] continuous stop label=search_can_routine_2_step_0 elapsed=0.018s
[base] stop
[can] backend=detectnet_native no detections
[base] continuous start label=search_can_routine_2_step_1 direction=left requested_speed=0.15 effective_speed=0.15
[can] backend=detectnet_native no detections
[map] motion direction=left speed=0.15 effective_seconds=0.04713797569274902 pose={'x_m': 0.0, 'y_m': 0.3053122889995574, 'heading_rad': -0.007119630679877087}
[can] backend=detectnet_native no detections
[map] motion direction=left speed=0.15 effective_seconds=0.04750776290893555 pose={'x_m': 0.0, 'y_m': 0.3053122889995574, 'heading_rad': -0.01429511332137734}
[can] backend=detectnet_native no detections
[map] motion direction=left speed=0.15 effective_seconds=0.0472259521484375 pose={'x_m': 0.0, 'y_m': 0.3053122889995574, 'heading_rad': -0.021428031798700786}
[can] backend=detectnet_native no detections
[map] motion direction=left speed=0.15 effective_seconds=0.046863555908203125 pose={'x_m': 0.0, 'y_m': 0.3053122889995574, 'heading_rad': -0.028506214633427618}
[can] backend=detectnet_native no detections
[map] motion direction=left speed=0.15 effective_seconds=0.046950578689575195 pose={'x_m': 0.0, 'y_m': 0.3053122889995574, 'heading_rad': -0.03559754122443559}
[can] backend=detectnet_native no detections
[map] motion direction=left speed=0.15 effective_seconds=0.04694676399230957 pose={'x_m': 0.0, 'y_m': 0.3053122889995574, 'heading_rad': -0.042688291650784915}
[can] backend=detectnet_native no detections
[map] motion direction=left speed=0.15 effective_seconds=0.047063350677490234 pose={'x_m': 0.0, 'y_m': 0.3053122889995574, 'heading_rad': -0.04979665110952203}
[can] backend=detectnet_native no detections
[map] motion direction=left speed=0.15 effective_seconds=0.04735994338989258 pose={'x_m': 0.0, 'y_m': 0.3053122889995574, 'heading_rad': -0.05694980737048949}
[can] backend=detectnet_native no detections
[map] motion direction=left speed=0.15 effective_seconds=0.04717755317687988 pose={'x_m': 0.0, 'y_m': 0.3053122889995574, 'heading_rad': -0.0640754157587029}
[can] backend=detectnet_native no detections
[map] motion direction=left speed=0.15 effective_seconds=0.04723167419433594 pose={'x_m': 0.0, 'y_m': 0.3053122889995574, 'heading_rad': -0.07120919848301455}
[can] backend=detectnet_native no detections
[map] motion direction=left speed=0.15 effective_seconds=0.04755234718322754 pose={'x_m': 0.0, 'y_m': 0.3053122889995574, 'heading_rad': -0.07839141504896574}
[can] backend=detectnet_native no detections
[map] motion direction=left speed=0.15 effective_seconds=0.047009944915771484 pose={'x_m': 0.0, 'y_m': 0.3053122889995574, 'heading_rad': -0.0854917082024782}
[can] backend=detectnet_native no detections
[map] motion direction=left speed=0.15 effective_seconds=0.04743814468383789 pose={'x_m': 0.0, 'y_m': 0.3053122889995574, 'heading_rad': -0.09265667583895354}
[can] backend=detectnet_native no detections
[map] motion direction=left speed=0.15 effective_seconds=0.04749774932861328 pose={'x_m': 0.0, 'y_m': 0.3053122889995574, 'heading_rad': -0.09983064604822411}
[can] backend=detectnet_native no detections
[map] motion direction=left speed=0.15 effective_seconds=0.04751467704772949 pose={'x_m': 0.0, 'y_m': 0.3053122889995574, 'heading_rad': -0.10700717298816897}
[can] backend=detectnet_native no detections
[map] motion direction=left speed=0.15 effective_seconds=0.047371864318847656 pose={'x_m': 0.0, 'y_m': 0.3053122889995574, 'heading_rad': -0.11416212976369566}
[can] backend=detectnet_native no detections
[map] motion direction=left speed=0.15 effective_seconds=0.04719233512878418 pose={'x_m': 0.0, 'y_m': 0.3053122889995574, 'heading_rad': -0.12128997078996218}
[can] backend=detectnet_native no detections
[map] motion direction=left speed=0.15 effective_seconds=0.04767251014709473 pose={'x_m': 0.0, 'y_m': 0.3053122889995574, 'heading_rad': -0.1284903365426695}
[can] backend=detectnet_native no detections
[map] motion direction=left speed=0.15 effective_seconds=0.05093836784362793 pose={'x_m': 0.0, 'y_m': 0.3053122889995574, 'heading_rad': -0.13618397126398696}
[can] backend=detectnet_native no detections
[map] motion direction=left speed=0.15 effective_seconds=0.04730677604675293 pose={'x_m': 0.0, 'y_m': 0.3053122889995574, 'heading_rad': -0.14332909723002096}
[can] backend=detectnet_native no detections
[map] motion direction=left speed=0.15 effective_seconds=0.047269582748413086 pose={'x_m': 0.0, 'y_m': 0.3053122889995574, 'heading_rad': -0.15046860559063058}
[can] backend=detectnet_native no detections
[map] motion direction=left speed=0.15 effective_seconds=0.04762983322143555 pose={'x_m': 0.0, 'y_m': 0.3053122889995574, 'heading_rad': -0.15766252550121607}
[can] backend=detectnet_native no detections
[map] motion direction=left speed=0.15 effective_seconds=0.0474705696105957 pose={'x_m': 0.0, 'y_m': 0.3053122889995574, 'heading_rad': -0.16483239053729193}
[can] backend=detectnet_native no detections
[map] motion direction=left speed=0.15 effective_seconds=0.04720139503479004 pose={'x_m': 0.0, 'y_m': 0.3053122889995574, 'heading_rad': -0.17196159995462335}
[can] backend=detectnet_native no detections
[map] motion direction=left speed=0.15 effective_seconds=0.047446489334106445 pose={'x_m': 0.0, 'y_m': 0.3053122889995574, 'heading_rad': -0.17912782795129}
[can] backend=detectnet_native no detections
[map] motion direction=left speed=0.15 effective_seconds=0.04751276969909668 pose={'x_m': 0.0, 'y_m': 0.3053122889995574, 'heading_rad': -0.18630406680890532}
[can] backend=detectnet_native no detections
[map] motion direction=left speed=0.15 effective_seconds=0.047396183013916016 pose={'x_m': 0.0, 'y_m': 0.3053122889995574, 'heading_rad': -0.1934626966341324}
[can] backend=detectnet_native no detections
[map] motion direction=left speed=0.15 effective_seconds=0.04736471176147461 pose={'x_m': 0.0, 'y_m': 0.3053122889995574, 'heading_rad': -0.20061657310092373}
[can] backend=detectnet_native no detections
[map] motion direction=left speed=0.15 effective_seconds=0.04755806922912598 pose={'x_m': 0.0, 'y_m': 0.3053122889995574, 'heading_rad': -0.20779965391386357}
[can] backend=detectnet_native no detections
[map] motion direction=left speed=0.15 effective_seconds=0.04727292060852051 pose={'x_m': 0.0, 'y_m': 0.3053122889995574, 'heading_rad': -0.2149396664185499}
[can] backend=detectnet_native no detections
[map] motion direction=left speed=0.15 effective_seconds=0.04717659950256348 pose={'x_m': 0.0, 'y_m': 0.3053122889995574, 'heading_rad': -0.22206513076559853}
[can] backend=detectnet_native no detections
[map] motion direction=left speed=0.15 effective_seconds=0.04757118225097656 pose={'x_m': 0.0, 'y_m': 0.3053122889995574, 'heading_rad': -0.2292501921445531}
[can] backend=detectnet_native no detections
[map] motion direction=left speed=0.15 effective_seconds=0.04728579521179199 pose={'x_m': 0.0, 'y_m': 0.3053122889995574, 'heading_rad': -0.236392149204963}
[can] backend=detectnet_native no detections
[map] motion direction=left speed=0.15 effective_seconds=0.04721689224243164 pose={'x_m': 0.0, 'y_m': 0.3053122889995574, 'heading_rad': -0.24352369929122153}
[can] backend=detectnet_native no detections
[map] motion direction=left speed=0.15 effective_seconds=0.047368764877319336 pose={'x_m': 0.0, 'y_m': 0.3053122889995574, 'heading_rad': -0.2506781879329627}
[can] backend=detectnet_native no detections
[map] motion direction=left speed=0.15 effective_seconds=0.04679751396179199 pose={'x_m': 0.0, 'y_m': 0.3053122889995574, 'heading_rad': -0.2577463959170321}
[can] backend=detectnet_native no detections
[map] motion direction=left speed=0.15 effective_seconds=0.047063350677490234 pose={'x_m': 0.0, 'y_m': 0.3053122889995574, 'heading_rad': -0.2648547553757692}
[can] backend=detectnet_native no detections
[map] motion direction=left speed=0.15 effective_seconds=0.04740452766418457 pose={'x_m': 0.0, 'y_m': 0.3053122889995574, 'heading_rad': -0.2720146455611876}
[can] backend=detectnet_native no detections
[map] motion direction=left speed=0.15 effective_seconds=0.047179460525512695 pose={'x_m': 0.0, 'y_m': 0.3053122889995574, 'heading_rad': -0.27914054203173055}
[can] backend=detectnet_native no detections
[map] motion direction=left speed=0.15 effective_seconds=0.047397613525390625 pose={'x_m': 0.0, 'y_m': 0.3053122889995574, 'heading_rad': -0.2862993879187048}
[can] backend=detectnet_native no detections
[map] motion direction=left speed=0.15 effective_seconds=0.04751706123352051 pose={'x_m': 0.0, 'y_m': 0.3053122889995574, 'heading_rad': -0.29347627496156115}
[can] backend=detectnet_native no detections
[map] motion direction=left speed=0.15 effective_seconds=0.04737710952758789 pose={'x_m': 0.0, 'y_m': 0.3053122889995574, 'heading_rad': -0.30063202396349364}
[can] backend=detectnet_native no detections
[map] motion direction=left speed=0.15 effective_seconds=0.04747462272644043 pose={'x_m': 0.0, 'y_m': 0.3053122889995574, 'heading_rad': -0.3078025011745198}
[can] backend=detectnet_native no detections
[map] motion direction=left speed=0.15 effective_seconds=0.04728269577026367 pose={'x_m': 0.0, 'y_m': 0.3053122889995574, 'heading_rad': -0.3149439901011446}
[can] backend=detectnet_native no detections
[map] motion direction=left speed=0.15 effective_seconds=0.04690980911254883 pose={'x_m': 0.0, 'y_m': 0.3053122889995574, 'heading_rad': -0.3220291589323607}
[can] backend=detectnet_native no detections
[map] motion direction=left speed=0.15 effective_seconds=0.047426462173461914 pose={'x_m': 0.0, 'y_m': 0.3053122889995574, 'heading_rad': -0.32919236206456803}
[can] backend=detectnet_native no detections
[map] motion direction=left speed=0.15 effective_seconds=0.04740118980407715 pose={'x_m': 0.0, 'y_m': 0.3053122889995574, 'heading_rad': -0.3363517481059102}
[can] backend=detectnet_native no detections
[map] motion direction=left speed=0.15 effective_seconds=0.04738306999206543 pose={'x_m': 0.0, 'y_m': 0.3053122889995574, 'heading_rad': -0.3435083973651225}
[can] backend=detectnet_native no detections
[map] motion direction=left speed=0.15 effective_seconds=0.048264503479003906 pose={'x_m': 0.0, 'y_m': 0.3053122889995574, 'heading_rad': -0.35079817667083457}
[can] backend=detectnet_native no detections
[map] motion direction=left speed=0.15 effective_seconds=0.047200679779052734 pose={'x_m': 0.0, 'y_m': 0.3053122889995574, 'heading_rad': -0.3579272780572924}
[can] backend=detectnet_native no detections
[map] motion direction=left speed=0.15 effective_seconds=0.04770517349243164 pose={'x_m': 0.0, 'y_m': 0.3053122889995574, 'heading_rad': -0.36513257721989145}
[can] backend=detectnet_native no detections
[map] motion direction=left speed=0.15 effective_seconds=0.04694962501525879 pose={'x_m': 0.0, 'y_m': 0.3053122889995574, 'heading_rad': -0.37222375976973465}
[can] backend=detectnet_native no detections
[map] motion direction=left speed=0.15 effective_seconds=0.04701542854309082 pose={'x_m': 0.0, 'y_m': 0.3053122889995574, 'heading_rad': -0.3793248811599441}
[can] backend=detectnet_native no detections
[map] motion direction=left speed=0.15 effective_seconds=0.04721522331237793 pose={'x_m': 0.0, 'y_m': 0.3053122889995574, 'heading_rad': -0.3864561791741643}
[can] backend=detectnet_native no detections
[map] motion direction=left speed=0.15 effective_seconds=0.04734396934509277 pose={'x_m': 0.0, 'y_m': 0.3053122889995574, 'heading_rad': -0.3936069227456227}
[can] backend=detectnet_native no detections
[map] motion direction=left speed=0.15 effective_seconds=0.04748368263244629 pose={'x_m': 0.0, 'y_m': 0.3053122889995574, 'heading_rad': -0.40077876834771375}
[can] backend=detectnet_native no detections
[map] motion direction=left speed=0.15 effective_seconds=0.04746532440185547 pose={'x_m': 0.0, 'y_m': 0.3053122889995574, 'heading_rad': -0.4079478411573838}
[can] backend=detectnet_native no detections
[map] motion direction=left speed=0.15 effective_seconds=0.04749560356140137 pose={'x_m': 0.0, 'y_m': 0.3053122889995574, 'heading_rad': -0.41512148727403364}
[can] backend=detectnet_native no detections
[map] motion direction=left speed=0.15 effective_seconds=0.04834389686584473 pose={'x_m': 0.0, 'y_m': 0.3053122889995574, 'heading_rad': -0.4224232580067091}
[can] backend=detectnet_native no detections
[map] motion direction=left speed=0.15 effective_seconds=0.046677350997924805 pose={'x_m': 0.0, 'y_m': 0.3053122889995574, 'heading_rad': -0.4294733168040228}
[can] backend=detectnet_native detections=1 best_confidence=0.224
[can] backend=detectnet_native confidence=0.224 class_id=1 center=(46.6,130.5) error_x=-0.355 bbox=[37.08984375, 108.33984375, 56.015625, 152.578125]
[map] motion direction=left speed=0.15 effective_seconds=0.06419181823730469 pose={'x_m': 0.0, 'y_m': 0.3053122889995574, 'heading_rad': -0.43916872760185477}
[base] continuous stop label=search_can_routine_2_step_1 elapsed=0.064s
[base] stop
[fsm] SEARCHING --TARGET_FOUND--> ALIGNING
[can] backend=detectnet_native no detections
[base] stop
[can] backend=detectnet_native no detections
[base] stop
[can] backend=detectnet_native no detections
[base] stop
[can] backend=detectnet_native no detections
[base] stop
[can] backend=detectnet_native no detections
[base] stop
[can] backend=detectnet_native no detections
[base] stop
[can] backend=detectnet_native no detections
[base] stop
[can] backend=detectnet_native no detections
[base] stop
[fsm] ALIGNING --TARGET_MISSING--> SEARCHING reason=alignment target lost
[can] backend=detectnet_native no detections
[base] continuous start label=search_can_routine_2_step_0 direction=forward requested_speed=0.6 effective_speed=0.6
[can] backend=detectnet_native no detections
[map] motion direction=forward speed=0.6 effective_seconds=0.047066450119018555 pose={'x_m': -0.0020762505213673178, 'y_m': 0.30973204929272186, 'heading_rad': -0.43916872760185477}
[can] backend=detectnet_native no detections
[map] motion direction=forward speed=0.6 effective_seconds=0.04745149612426758 pose={'x_m': -0.004169486644307031, 'y_m': 0.31418796721070685, 'heading_rad': -0.43916872760185477}
[can] backend=detectnet_native no detections
[map] motion direction=forward speed=0.6 effective_seconds=0.04715538024902344 pose={'x_m': -0.00624966015600655, 'y_m': 0.3186160784599444, 'heading_rad': -0.43916872760185477}
[can] backend=detectnet_native no detections
[map] motion direction=forward speed=0.6 effective_seconds=0.04785513877868652 pose={'x_m': -0.008360702237746305, 'y_m': 0.32310990031528003, 'heading_rad': -0.43916872760185477}
[can] backend=detectnet_native no detections
[map] motion direction=forward speed=0.6 effective_seconds=0.04739737510681152 pose={'x_m': -0.010451550910805563, 'y_m': 0.3275607360160302, 'heading_rad': -0.43916872760185477}
[can] backend=detectnet_native no detections
[map] motion direction=forward speed=0.6 effective_seconds=0.04692649841308594 pose={'x_m': -0.012521627718164834, 'y_m': 0.33196735418797496, 'heading_rad': -0.43916872760185477}
[can] backend=detectnet_native no detections
[map] motion direction=forward speed=0.6 effective_seconds=0.04692244529724121 pose={'x_m': -0.014591525729718079, 'y_m': 0.3363735917533427, 'heading_rad': -0.43916872760185477}
[can] backend=detectnet_native no detections
[map] motion direction=forward speed=0.6 effective_seconds=0.0471949577331543 pose={'x_m': -0.01667344512987643, 'y_m': 0.3408054195138621, 'heading_rad': -0.43916872760185477}
[can] backend=detectnet_native no detections
[map] motion direction=forward speed=0.6 effective_seconds=0.0471954345703125 pose={'x_m': -0.018755385564835494, 'y_m': 0.3452372920516259, 'heading_rad': -0.43916872760185477}
[can] backend=detectnet_native no detections
[map] motion direction=forward speed=0.6 effective_seconds=0.0474853515625 pose={'x_m': -0.020850115158625535, 'y_m': 0.34969638915396045, 'heading_rad': -0.43916872760185477}
[can] backend=detectnet_native no detections
[map] motion direction=forward speed=0.6 effective_seconds=0.047498226165771484 pose={'x_m': -0.022945412692034716, 'y_m': 0.35415669524189275, 'heading_rad': -0.43916872760185477}
[can] backend=detectnet_native no detections
[map] motion direction=forward speed=0.6 effective_seconds=0.047684669494628906 pose={'x_m': -0.025048934832521057, 'y_m': 0.3586345092323698, 'heading_rad': -0.43916872760185477}
[can] backend=detectnet_native no detections
[map] motion direction=forward speed=0.6 effective_seconds=0.04735517501831055 pose={'x_m': -0.027137921925717585, 'y_m': 0.3630813821469941, 'heading_rad': -0.43916872760185477}
[can] backend=detectnet_native no detections
[map] motion direction=forward speed=0.6 effective_seconds=0.04696536064147949 pose={'x_m': -0.029209713069334627, 'y_m': 0.3674916496643542, 'heading_rad': -0.43916872760185477}
[can] backend=detectnet_native no detections
[map] motion direction=forward speed=0.6 effective_seconds=0.04654979705810547 pose={'x_m': -0.031263172384133904, 'y_m': 0.3718628938132547, 'heading_rad': -0.43916872760185477}
[can] backend=detectnet_native no detections
[map] motion direction=forward speed=0.6 effective_seconds=0.04725074768066406 pose={'x_m': -0.03334755285597519, 'y_m': 0.3762999605113642, 'heading_rad': -0.43916872760185477}
[can] backend=detectnet_native no detections
[map] motion direction=forward speed=0.6 effective_seconds=0.047242164611816406 pose={'x_m': -0.03543155470140372, 'y_m': 0.38073622121907524, 'heading_rad': -0.43916872760185477}
[can] backend=detectnet_native no detections
[map] motion direction=forward speed=0.6 effective_seconds=0.047542572021484375 pose={'x_m': -0.03752880847127882, 'y_m': 0.385200691590733, 'heading_rad': -0.43916872760185477}
[can] backend=detectnet_native no detections
[map] motion direction=forward speed=0.6 effective_seconds=0.04728960990905762 pose={'x_m': -0.039614903279377875, 'y_m': 0.38964140763425786, 'heading_rad': -0.43916872760185477}
[can] backend=detectnet_native no detections
[map] motion direction=forward speed=0.6 effective_seconds=0.04708671569824219 pose={'x_m': -0.04169204777977532, 'y_m': 0.39406307096030757, 'heading_rad': -0.43916872760185477}
[can] backend=detectnet_native no detections
[map] motion direction=forward speed=0.6 effective_seconds=0.04771709442138672 pose={'x_m': -0.04379700028670986, 'y_m': 0.39854392980340103, 'heading_rad': -0.43916872760185477}
[can] backend=detectnet_native no detections
[map] motion direction=forward speed=0.6 effective_seconds=0.04720950126647949 pose={'x_m': -0.04587956124828983, 'y_m': 0.4029771232698734, 'heading_rad': -0.43916872760185477}
[can] backend=detectnet_native no detections
[map] motion direction=forward speed=0.6 effective_seconds=0.04677152633666992 pose={'x_m': -0.04794280174541873, 'y_m': 0.4073691888374012, 'heading_rad': -0.43916872760185477}
[can] backend=detectnet_native no detections
[map] motion direction=forward speed=0.6 effective_seconds=0.04709315299987793 pose={'x_m': -0.05002023021562574, 'y_m': 0.4117914566562498, 'heading_rad': -0.43916872760185477}
[can] backend=detectnet_native no detections
[map] motion direction=forward speed=0.6 effective_seconds=0.04732632637023926 pose={'x_m': -0.05210794470337938, 'y_m': 0.41623562054759033, 'heading_rad': -0.43916872760185477}
[can] backend=detectnet_native no detections
[map] motion direction=forward speed=0.6 effective_seconds=0.04729723930358887 pose={'x_m': -0.05419437606828978, 'y_m': 0.42067705302702496, 'heading_rad': -0.43916872760185477}
[can] backend=detectnet_native no detections
[map] motion direction=forward speed=0.6 effective_seconds=0.04726576805114746 pose={'x_m': -0.0562794191363534, 'y_m': 0.4251155302083318, 'heading_rad': -0.43916872760185477}
[can] backend=detectnet_native no detections
[map] motion direction=forward speed=0.6 effective_seconds=0.04767036437988281 pose={'x_m': -0.05838231023281847, 'y_m': 0.42959200088147803, 'heading_rad': -0.43916872760185477}
[can] backend=detectnet_native no detections
[map] motion direction=forward speed=0.6 effective_seconds=0.04725766181945801 pose={'x_m': -0.06046699570927004, 'y_m': 0.43402971684963076, 'heading_rad': -0.43916872760185477}
[can] backend=detectnet_native no detections
[map] motion direction=forward speed=0.6 effective_seconds=0.04723620414733887 pose={'x_m': -0.06255073461968971, 'y_m': 0.4384654178417873, 'heading_rad': -0.43916872760185477}
[can] backend=detectnet_native no detections
[map] motion direction=forward speed=0.6 effective_seconds=0.04689598083496094 pose={'x_m': -0.06461946519980362, 'y_m': 0.44286917027009304, 'heading_rad': -0.43916872760185477}
[can] backend=detectnet_native no detections
[map] motion direction=forward speed=0.6 effective_seconds=0.04711747169494629 pose={'x_m': -0.06669796644484678, 'y_m': 0.447293721728404, 'heading_rad': -0.43916872760185477}
[can] backend=detectnet_native no detections
[map] motion direction=forward speed=0.6 effective_seconds=0.04750657081604004 pose={'x_m': -0.06879363208726837, 'y_m': 0.4517548114181126, 'heading_rad': -0.43916872760185477}
[can] backend=detectnet_native no detections
[map] motion direction=forward speed=0.6 effective_seconds=0.04725933074951172 pose={'x_m': -0.07087839118552242, 'y_m': 0.45619268410662056, 'heading_rad': -0.43916872760185477}
[can] backend=detectnet_native no detections
[map] motion direction=forward speed=0.6 effective_seconds=0.04752469062805176 pose={'x_m': -0.07297485615037094, 'y_m': 0.4606554753316148, 'heading_rad': -0.43916872760185477}
[can] backend=detectnet_native no detections
[map] motion direction=forward speed=0.6 effective_seconds=0.04767107963562012 pose={'x_m': -0.07507777879903708, 'y_m': 0.4651320131706276, 'heading_rad': -0.43916872760185477}
[can] backend=detectnet_native no detections
[map] motion direction=forward speed=0.6 effective_seconds=0.04737138748168945 pose={'x_m': -0.0771674810754577, 'y_m': 0.46958040851156013, 'heading_rad': -0.43916872760185477}
[can] backend=detectnet_native no detections
[map] motion direction=forward speed=0.6 effective_seconds=0.050281524658203125 pose={'x_m': -0.07938555874060443, 'y_m': 0.47430207937482105, 'heading_rad': -0.43916872760185477}
[can] backend=detectnet_native no detections
[map] motion direction=forward speed=0.6 effective_seconds=0.04677391052246094 pose={'x_m': -0.08144890441173687, 'y_m': 0.4786943688285707, 'heading_rad': -0.43916872760185477}
[can] backend=detectnet_native detections=1 best_confidence=0.263
[can] backend=detectnet_native confidence=0.263 class_id=1 center=(14.9,137.2) error_x=-0.454 bbox=[0.0, 103.9453125, 29.74609375, 170.5078125]
[map] motion direction=forward speed=0.6 effective_seconds=0.06470799446105957 pose={'x_m': -0.08430337945492948, 'y_m': 0.4847707528313177, 'heading_rad': -0.43916872760185477}
[base] continuous stop label=search_can_routine_2_step_0 elapsed=0.065s
[base] stop
[fsm] SEARCHING --TARGET_FOUND--> ALIGNING
[can] backend=detectnet_native detections=1 best_confidence=0.207
[can] backend=detectnet_native confidence=0.207 class_id=1 center=(14.3,139.1) error_x=-0.455 bbox=[0.0, 106.875, 28.671875, 171.328125]
[base] continuous start label=align_can direction=left requested_speed=0.15 effective_speed=0.15
[visual-turn] label=align_can direction=left speed=0.15
[can] backend=detectnet_native detections=1 best_confidence=0.266
[can] backend=detectnet_native confidence=0.266 class_id=1 center=(14.7,137.9) error_x=-0.454 bbox=[0.0, 104.296875, 29.4921875, 171.5625]
[can] backend=detectnet_native detections=1 best_confidence=0.417
[can] backend=detectnet_native confidence=0.417 class_id=1 center=(15.3,138.5) error_x=-0.452 bbox=[0.0, 105.703125, 30.64453125, 171.328125]
[can] backend=detectnet_native detections=1 best_confidence=0.274
[can] backend=detectnet_native confidence=0.274 class_id=1 center=(15.3,138.9) error_x=-0.452 bbox=[0.0, 105.9375, 30.5859375, 171.796875]
[can] backend=detectnet_native no detections
[visual-turn] label=align_can target temporarily missing; holding motion frame=1/2
[can] backend=detectnet_native no detections
[visual-turn] label=align_can target temporarily missing; holding motion frame=2/2
[can] backend=detectnet_native no detections
[map] motion direction=left speed=0.15 effective_seconds=0.5019433498382568 pose={'x_m': -0.08430337945492948, 'y_m': 0.4847707528313177, 'heading_rad': -0.5149813016581155}
[base] continuous stop label=align_can elapsed=0.502s
[base] stop
[can] backend=detectnet_native no detections
[base] stop
[can] backend=detectnet_native no detections
[base] stop
[can] backend=detectnet_native detections=1 best_confidence=0.304
[can] backend=detectnet_native confidence=0.304 class_id=1 center=(27.6,135.0) error_x=-0.414 bbox=[15.0, 106.171875, 40.1171875, 163.828125]
[base] continuous start label=align_can direction=left requested_speed=0.15 effective_speed=0.15
[visual-turn] label=align_can direction=left speed=0.15
[can] backend=detectnet_native no detections
[visual-turn] label=align_can target temporarily missing; holding motion frame=1/2
[can] backend=detectnet_native detections=1 best_confidence=0.311
[can] backend=detectnet_native confidence=0.311 class_id=1 center=(29.3,133.3) error_x=-0.409 bbox=[15.693359375, 106.58203125, 42.8515625, 160.078125]
[can] backend=detectnet_native detections=1 best_confidence=0.349
[can] backend=detectnet_native confidence=0.349 class_id=1 center=(30.6,133.2) error_x=-0.404 bbox=[18.2421875, 106.171875, 43.046875, 160.3125]
[can] backend=detectnet_native detections=1 best_confidence=0.243
[can] backend=detectnet_native confidence=0.243 class_id=1 center=(30.8,131.6) error_x=-0.404 bbox=[16.7578125, 103.9453125, 44.84375, 159.2578125]
[can] backend=detectnet_native no detections
[visual-turn] label=align_can target temporarily missing; holding motion frame=1/2
[can] backend=detectnet_native no detections
[visual-turn] label=align_can target temporarily missing; holding motion frame=2/2
[can] backend=detectnet_native detections=1 best_confidence=0.213
[can] backend=detectnet_native confidence=0.213 class_id=1 center=(41.7,130.6) error_x=-0.370 bbox=[31.0546875, 104.70703125, 52.3828125, 156.5625]
[can] backend=detectnet_native detections=1 best_confidence=0.277
[can] backend=detectnet_native confidence=0.277 class_id=1 center=(42.3,129.8) error_x=-0.368 bbox=[31.015625, 103.359375, 53.515625, 156.328125]
[can] backend=detectnet_native detections=1 best_confidence=0.475
[can] backend=detectnet_native confidence=0.475 class_id=1 center=(45.4,131.1) error_x=-0.358 bbox=[31.9140625, 102.65625, 58.90625, 159.4921875]
[can] backend=detectnet_native detections=1 best_confidence=0.399
[can] backend=detectnet_native confidence=0.399 class_id=1 center=(46.6,130.9) error_x=-0.354 bbox=[31.40625, 100.8984375, 61.71875, 160.8984375]
[can] backend=detectnet_native detections=1 best_confidence=0.209
[can] backend=detectnet_native confidence=0.209 class_id=1 center=(49.9,130.4) error_x=-0.344 bbox=[37.1484375, 102.0703125, 62.6953125, 158.7890625]
[can] backend=detectnet_native no detections
[visual-turn] label=align_can target temporarily missing; holding motion frame=1/2
[can] backend=detectnet_native no detections
[visual-turn] label=align_can target temporarily missing; holding motion frame=2/2
[can] backend=detectnet_native detections=1 best_confidence=0.357
[can] backend=detectnet_native confidence=0.357 class_id=1 center=(58.9,130.3) error_x=-0.316 bbox=[47.8515625, 103.2421875, 69.9609375, 157.3828125]
[can] backend=detectnet_native no detections
[visual-turn] label=align_can target temporarily missing; holding motion frame=1/2
[can] backend=detectnet_native no detections
[visual-turn] label=align_can target temporarily missing; holding motion frame=2/2
[can] backend=detectnet_native no detections
[map] motion direction=left speed=0.15 effective_seconds=1.5263619422912598 pose={'x_m': -0.08430337945492948, 'y_m': 0.4847707528313177, 'heading_rad': -0.7455201220726151}
[base] continuous stop label=align_can elapsed=1.526s
[base] stop
[can] backend=detectnet_native no detections
[base] stop
[can] backend=detectnet_native no detections
[base] stop
[can] backend=detectnet_native no detections
[base] stop
[can] backend=detectnet_native no detections
[base] stop
[can] backend=detectnet_native no detections
[base] stop
[fsm] ALIGNING --TARGET_MISSING--> SEARCHING reason=alignment target lost
[can] backend=detectnet_native no detections
[base] continuous start label=search_can_routine_2_step_0 direction=forward requested_speed=0.6 effective_speed=0.6
[can] backend=detectnet_native no detections
[map] motion direction=forward speed=0.6 effective_seconds=0.048345327377319336 pose={'x_m': -0.08770588652072225, 'y_m': 0.48845605788487484, 'heading_rad': -0.7455201220726151}
[can] backend=detectnet_native no detections
[map] motion direction=forward speed=0.6 effective_seconds=0.04813838005065918 pose={'x_m': -0.09109382879236828, 'y_m': 0.4921255875973569, 'heading_rad': -0.7455201220726151}
[can] backend=detectnet_native no detections
[map] motion direction=forward speed=0.6 effective_seconds=0.04740571975708008 pose={'x_m': -0.09443020699441411, 'y_m': 0.49573926751361375, 'heading_rad': -0.7455201220726151}
[can] backend=detectnet_native no detections
[map] motion direction=forward speed=0.6 effective_seconds=0.04747629165649414 pose={'x_m': -0.09777155199262058, 'y_m': 0.4993583270392694, 'heading_rad': -0.7455201220726151}
[can] backend=detectnet_native no detections
[map] motion direction=forward speed=0.6 effective_seconds=0.047475337982177734 pose={'x_m': -0.10111282987196, 'y_m': 0.5029773138675008, 'heading_rad': -0.7455201220726151}
[can] backend=detectnet_native no detections
[map] motion direction=forward speed=0.6 effective_seconds=0.04727339744567871 pose={'x_m': -0.10443989533120462, 'y_m': 0.5065809070161348, 'heading_rad': -0.7455201220726151}
[can] backend=detectnet_native no detections
[map] motion direction=forward speed=0.6 effective_seconds=0.05040931701660156 pose={'x_m': -0.10798766440497949, 'y_m': 0.5104235474702523, 'heading_rad': -0.7455201220726151}
[can] backend=detectnet_native no detections
[map] motion direction=forward speed=0.6 effective_seconds=0.0472407341003418 pose={'x_m': -0.11131243104302813, 'y_m': 0.5140246507321037, 'heading_rad': -0.7455201220726151}
[can] backend=detectnet_native no detections
[map] motion direction=forward speed=0.6 effective_seconds=0.047493934631347656 pose={'x_m': -0.11465501774027476, 'y_m': 0.5176450551601091, 'heading_rad': -0.7455201220726151}
[can] backend=detectnet_native no detections
[map] motion direction=forward speed=0.6 effective_seconds=0.04754209518432617 pose={'x_m': -0.11800099394030669, 'y_m': 0.521269130808042, 'heading_rad': -0.7455201220726151}
[can] backend=detectnet_native detections=1 best_confidence=0.295
[can] backend=detectnet_native confidence=0.295 class_id=1 center=(66.7,130.1) error_x=-0.292 bbox=[52.4609375, 100.546875, 80.9375, 159.609375]
[map] motion direction=forward speed=0.6 effective_seconds=0.06492877006530762 pose={'x_m': -0.12257063098498386, 'y_m': 0.5262185713729058, 'heading_rad': -0.7455201220726151}
[base] continuous stop label=search_can_routine_2_step_0 elapsed=0.065s
[base] stop
[fsm] SEARCHING --TARGET_FOUND--> ALIGNING
[can] backend=detectnet_native detections=1 best_confidence=0.572
[can] backend=detectnet_native confidence=0.572 class_id=1 center=(65.6,129.7) error_x=-0.295 bbox=[50.9765625, 98.671875, 80.15625, 160.78125]
[base] continuous start label=align_can direction=left requested_speed=0.15 effective_speed=0.15
[visual-turn] label=align_can direction=left speed=0.15
[can] backend=detectnet_native detections=1 best_confidence=0.325
[can] backend=detectnet_native confidence=0.325 class_id=1 center=(64.5,131.7) error_x=-0.299 bbox=[51.0546875, 101.6015625, 77.8515625, 161.8359375]
[can] backend=detectnet_native detections=1 best_confidence=0.467
[can] backend=detectnet_native confidence=0.467 class_id=1 center=(65.4,130.5) error_x=-0.296 bbox=[51.40625, 100.6640625, 79.4140625, 160.4296875]
[can] backend=detectnet_native detections=1 best_confidence=0.593
[can] backend=detectnet_native confidence=0.593 class_id=1 center=(63.8,130.3) error_x=-0.300 bbox=[49.6484375, 98.49609375, 78.046875, 162.0703125]
[can] backend=detectnet_native detections=1 best_confidence=0.483
[can] backend=detectnet_native confidence=0.483 class_id=1 center=(64.5,129.9) error_x=-0.299 bbox=[49.5703125, 97.96875, 79.375, 161.8359375]
[can] backend=detectnet_native detections=1 best_confidence=0.440
[can] backend=detectnet_native confidence=0.440 class_id=1 center=(66.7,130.5) error_x=-0.292 bbox=[52.734375, 101.3671875, 80.625, 159.7265625]
[can] backend=detectnet_native detections=1 best_confidence=0.267
[can] backend=detectnet_native confidence=0.267 class_id=1 center=(67.3,131.0) error_x=-0.290 bbox=[52.34375, 101.484375, 82.34375, 160.546875]
[can] backend=detectnet_native detections=1 best_confidence=0.374
[can] backend=detectnet_native confidence=0.374 class_id=1 center=(69.1,132.3) error_x=-0.284 bbox=[53.515625, 103.41796875, 84.609375, 161.25]
[can] backend=detectnet_native no detections
[visual-turn] label=align_can target temporarily missing; holding motion frame=1/2
[can] backend=detectnet_native detections=1 best_confidence=0.610
[can] backend=detectnet_native confidence=0.610 class_id=1 center=(74.6,130.3) error_x=-0.267 bbox=[59.53125, 99.375, 89.765625, 161.25]
[can] backend=detectnet_native detections=1 best_confidence=0.490
[can] backend=detectnet_native confidence=0.490 class_id=1 center=(75.4,131.3) error_x=-0.264 bbox=[60.8203125, 98.84765625, 89.921875, 163.828125]
[can] backend=detectnet_native detections=1 best_confidence=0.737
[can] backend=detectnet_native confidence=0.737 class_id=1 center=(76.1,130.5) error_x=-0.262 bbox=[60.6640625, 97.8515625, 91.5625, 163.2421875]
[can] backend=detectnet_native detections=1 best_confidence=0.862
[can] backend=detectnet_native confidence=0.862 class_id=1 center=(77.4,131.6) error_x=-0.258 bbox=[62.4609375, 99.84375, 92.265625, 163.359375]
[can] backend=detectnet_native detections=1 best_confidence=0.573
[can] backend=detectnet_native confidence=0.573 class_id=1 center=(78.8,130.9) error_x=-0.254 bbox=[65.0, 98.96484375, 92.5, 162.7734375]
[can] backend=detectnet_native detections=1 best_confidence=0.715
[can] backend=detectnet_native confidence=0.715 class_id=1 center=(81.2,130.4) error_x=-0.246 bbox=[66.875, 98.3203125, 95.46875, 162.5390625]
[can] backend=detectnet_native detections=1 best_confidence=0.482
[can] backend=detectnet_native confidence=0.482 class_id=1 center=(81.6,131.0) error_x=-0.245 bbox=[68.4375, 101.015625, 94.6875, 160.8984375]
[can] backend=detectnet_native detections=1 best_confidence=0.393
[can] backend=detectnet_native confidence=0.393 class_id=1 center=(83.0,132.0) error_x=-0.241 bbox=[69.1796875, 102.5390625, 96.796875, 161.3671875]
[can] backend=detectnet_native detections=1 best_confidence=0.224
[can] backend=detectnet_native confidence=0.224 class_id=1 center=(85.8,128.4) error_x=-0.232 bbox=[70.8984375, 98.90625, 100.625, 157.96875]
[can] backend=detectnet_native detections=1 best_confidence=0.415
[can] backend=detectnet_native confidence=0.415 class_id=1 center=(85.2,127.1) error_x=-0.234 bbox=[69.921875, 96.2109375, 100.546875, 158.0859375]
[can] backend=detectnet_native detections=1 best_confidence=0.292
[can] backend=detectnet_native confidence=0.292 class_id=1 center=(89.8,131.0) error_x=-0.219 bbox=[74.21875, 100.6640625, 105.3125, 161.25]
[can] backend=detectnet_native detections=1 best_confidence=0.284
[can] backend=detectnet_native confidence=0.284 class_id=1 center=(88.3,128.8) error_x=-0.224 bbox=[74.0625, 100.48828125, 102.5, 157.03125]
[can] backend=detectnet_native detections=1 best_confidence=0.444
[can] backend=detectnet_native confidence=0.444 class_id=1 center=(90.8,129.6) error_x=-0.216 bbox=[76.9140625, 99.9609375, 104.6875, 159.2578125]
[can] backend=detectnet_native detections=1 best_confidence=0.524
[can] backend=detectnet_native confidence=0.524 class_id=1 center=(92.2,131.3) error_x=-0.212 bbox=[77.8125, 100.48828125, 106.640625, 162.1875]
[can] backend=detectnet_native detections=1 best_confidence=0.905
[can] backend=detectnet_native confidence=0.905 class_id=1 center=(93.2,130.1) error_x=-0.209 bbox=[77.734375, 98.203125, 108.75, 162.0703125]
[can] backend=detectnet_native detections=1 best_confidence=0.728
[can] backend=detectnet_native confidence=0.728 class_id=1 center=(93.6,130.2) error_x=-0.207 bbox=[79.1015625, 98.61328125, 108.125, 161.8359375]
[can] backend=detectnet_native detections=1 best_confidence=0.754
[can] backend=detectnet_native confidence=0.754 class_id=1 center=(94.9,130.5) error_x=-0.203 bbox=[81.015625, 99.140625, 108.75, 161.953125]
[can] backend=detectnet_native detections=1 best_confidence=0.723
[can] backend=detectnet_native confidence=0.723 class_id=1 center=(97.5,131.1) error_x=-0.195 bbox=[83.125, 99.0234375, 111.796875, 163.125]
[can] backend=detectnet_native detections=1 best_confidence=0.747
[can] backend=detectnet_native confidence=0.747 class_id=1 center=(96.8,126.5) error_x=-0.198 bbox=[82.34375, 91.640625, 111.171875, 161.3671875]
[can] backend=detectnet_native detections=1 best_confidence=0.675
[can] backend=detectnet_native confidence=0.675 class_id=1 center=(100.9,128.7) error_x=-0.185 bbox=[85.546875, 96.328125, 116.171875, 161.015625]
[can] backend=detectnet_native detections=1 best_confidence=0.562
[can] backend=detectnet_native confidence=0.562 class_id=1 center=(100.5,128.2) error_x=-0.186 bbox=[84.765625, 94.74609375, 116.328125, 161.71875]
[can] backend=detectnet_native no detections
[visual-turn] label=align_can target temporarily missing; holding motion frame=1/2
[can] backend=detectnet_native detections=1 best_confidence=0.324
[can] backend=detectnet_native confidence=0.324 class_id=1 center=(106.8,127.5) error_x=-0.166 bbox=[92.96875, 97.6171875, 120.625, 157.3828125]
[can] backend=detectnet_native detections=1 best_confidence=0.326
[can] backend=detectnet_native confidence=0.326 class_id=1 center=(108.0,126.8) error_x=-0.162 bbox=[93.984375, 95.44921875, 122.109375, 158.203125]
[can] backend=detectnet_native detections=1 best_confidence=0.679
[can] backend=detectnet_native confidence=0.679 class_id=1 center=(110.8,130.7) error_x=-0.154 bbox=[96.171875, 99.08203125, 125.390625, 162.3046875]
[can] backend=detectnet_native detections=1 best_confidence=0.669
[can] backend=detectnet_native confidence=0.669 class_id=1 center=(111.4,127.8) error_x=-0.152 bbox=[96.71875, 92.87109375, 126.09375, 162.7734375]
[can] backend=detectnet_native detections=1 best_confidence=0.656
[can] backend=detectnet_native confidence=0.656 class_id=1 center=(113.5,126.6) error_x=-0.145 bbox=[98.671875, 91.69921875, 128.28125, 161.484375]
[map] motion direction=left speed=0.15 effective_seconds=1.8821721076965332 pose={'x_m': -0.12257063098498386, 'y_m': 0.5262185713729058, 'heading_rad': -1.029799836800088}
[base] continuous stop label=align_can elapsed=1.882s
[base] stop
[fsm] ALIGNING --TARGET_ALIGNED--> APPROACHING
[can] backend=detectnet_native detections=1 best_confidence=0.859
[can] backend=detectnet_native confidence=0.859 class_id=1 center=(115.0,127.5) error_x=-0.141 bbox=[99.6875, 92.87109375, 130.234375, 162.0703125]
[approach] target=can mode=bbox_height bbox=0.288/0.36 bbox_ok=False depth_raw=n/a/2.05 depth_ok=False error_x=-0.141
[base] continuous start label=approach_can_steer direction=left requested_speed=0.15 effective_speed=0.15
[visual-turn] label=approach_can_steer direction=left speed=0.15
[can] backend=detectnet_native detections=1 best_confidence=0.747
[can] backend=detectnet_native confidence=0.747 class_id=1 center=(115.5,127.6) error_x=-0.139 bbox=[100.078125, 92.05078125, 131.015625, 163.2421875]
[approach] target=can mode=bbox_height bbox=0.297/0.36 bbox_ok=False depth_raw=n/a/2.05 depth_ok=False error_x=-0.139
[can] backend=detectnet_native detections=1 best_confidence=0.800
[can] backend=detectnet_native confidence=0.800 class_id=1 center=(116.2,125.5) error_x=-0.137 bbox=[101.484375, 91.0546875, 131.015625, 159.9609375]
[approach] target=can mode=bbox_height bbox=0.287/0.36 bbox_ok=False depth_raw=n/a/2.05 depth_ok=False error_x=-0.137
[can] backend=detectnet_native detections=1 best_confidence=0.686
[can] backend=detectnet_native confidence=0.686 class_id=1 center=(116.9,127.0) error_x=-0.135 bbox=[101.171875, 93.046875, 132.578125, 160.8984375]
[approach] target=can mode=bbox_height bbox=0.283/0.36 bbox_ok=False depth_raw=n/a/2.05 depth_ok=False error_x=-0.135
[can] backend=detectnet_native detections=1 best_confidence=0.542
[can] backend=detectnet_native confidence=0.542 class_id=1 center=(117.7,126.0) error_x=-0.132 bbox=[102.8125, 93.8671875, 132.65625, 158.0859375]
[approach] target=can mode=bbox_height bbox=0.268/0.36 bbox_ok=False depth_raw=n/a/2.05 depth_ok=False error_x=-0.132
[can] backend=detectnet_native detections=1 best_confidence=0.590
[can] backend=detectnet_native confidence=0.590 class_id=1 center=(118.3,125.7) error_x=-0.130 bbox=[103.203125, 93.1640625, 133.4375, 158.3203125]
[approach] target=can mode=bbox_height bbox=0.271/0.36 bbox_ok=False depth_raw=n/a/2.05 depth_ok=False error_x=-0.130
[can] backend=detectnet_native detections=1 best_confidence=0.264
[can] backend=detectnet_native confidence=0.264 class_id=1 center=(120.8,126.9) error_x=-0.123 bbox=[105.390625, 95.859375, 136.171875, 157.96875]
[approach] target=can mode=bbox_height bbox=0.259/0.36 bbox_ok=False depth_raw=n/a/2.05 depth_ok=False error_x=-0.123
[can] backend=detectnet_native detections=1 best_confidence=0.461
[can] backend=detectnet_native confidence=0.461 class_id=1 center=(122.5,128.3) error_x=-0.117 bbox=[107.65625, 96.97265625, 137.421875, 159.609375]
[approach] target=can mode=bbox_height bbox=0.261/0.36 bbox_ok=False depth_raw=n/a/2.05 depth_ok=False error_x=-0.117
[map] motion direction=left speed=0.15 effective_seconds=0.3510901927947998 pose={'x_m': -0.12257063098498386, 'y_m': 0.5262185713729058, 'heading_rad': -1.0828278353785326}
[base] continuous stop label=approach_can_steer elapsed=0.351s
[base] stop
[base] continuous start label=approach_can_forward direction=forward requested_speed=0.6 effective_speed=0.6
[can] backend=detectnet_native detections=1 best_confidence=0.706
[can] backend=detectnet_native confidence=0.706 class_id=1 center=(126.0,128.6) error_x=-0.106 bbox=[110.625, 96.50390625, 141.40625, 160.6640625]
[approach] target=can mode=bbox_height bbox=0.267/0.36 bbox_ok=False depth_raw=n/a/2.05 depth_ok=False error_x=-0.106
[can] backend=detectnet_native detections=1 best_confidence=0.544
[can] backend=detectnet_native confidence=0.544 class_id=1 center=(126.2,128.8) error_x=-0.106 bbox=[111.25, 96.4453125, 141.09375, 161.25]
[approach] target=can mode=bbox_height bbox=0.270/0.36 bbox_ok=False depth_raw=n/a/2.05 depth_ok=False error_x=-0.106
[can] backend=detectnet_native detections=1 best_confidence=0.861
[can] backend=detectnet_native confidence=0.861 class_id=1 center=(126.6,127.7) error_x=-0.104 bbox=[111.25, 93.984375, 141.875, 161.484375]
[approach] target=can mode=bbox_height bbox=0.281/0.36 bbox_ok=False depth_raw=n/a/2.05 depth_ok=False error_x=-0.104
[can] backend=detectnet_native detections=1 best_confidence=0.799
[can] backend=detectnet_native confidence=0.799 class_id=1 center=(125.9,127.9) error_x=-0.106 bbox=[110.9375, 94.39453125, 140.9375, 161.484375]
[approach] target=can mode=bbox_height bbox=0.280/0.36 bbox_ok=False depth_raw=n/a/2.05 depth_ok=False error_x=-0.106
[can] backend=detectnet_native detections=1 best_confidence=0.605
[can] backend=detectnet_native confidence=0.605 class_id=1 center=(125.1,129.0) error_x=-0.109 bbox=[110.546875, 96.5625, 139.609375, 161.484375]
[approach] target=can mode=bbox_height bbox=0.271/0.36 bbox_ok=False depth_raw=n/a/2.05 depth_ok=False error_x=-0.109
[can] backend=detectnet_native detections=1 best_confidence=0.540
[can] backend=detectnet_native confidence=0.540 class_id=1 center=(125.9,128.1) error_x=-0.106 bbox=[111.015625, 95.859375, 140.859375, 160.3125]
[approach] target=can mode=bbox_height bbox=0.269/0.36 bbox_ok=False depth_raw=n/a/2.05 depth_ok=False error_x=-0.106
[can] backend=detectnet_native detections=1 best_confidence=0.814
[can] backend=detectnet_native confidence=0.814 class_id=1 center=(125.5,129.6) error_x=-0.108 bbox=[110.078125, 97.265625, 140.9375, 161.953125]
[approach] target=can mode=bbox_height bbox=0.270/0.36 bbox_ok=False depth_raw=n/a/2.05 depth_ok=False error_x=-0.108
[can] backend=detectnet_native detections=1 best_confidence=0.594
[can] backend=detectnet_native confidence=0.594 class_id=1 center=(125.4,129.3) error_x=-0.108 bbox=[109.6875, 97.265625, 141.015625, 161.3671875]
[approach] target=can mode=bbox_height bbox=0.267/0.36 bbox_ok=False depth_raw=n/a/2.05 depth_ok=False error_x=-0.108
[can] backend=detectnet_native detections=1 best_confidence=0.674
[can] backend=detectnet_native confidence=0.674 class_id=1 center=(123.9,129.2) error_x=-0.113 bbox=[107.96875, 95.859375, 139.84375, 162.5390625]
[approach] target=can mode=bbox_height bbox=0.278/0.36 bbox_ok=False depth_raw=n/a/2.05 depth_ok=False error_x=-0.113
[can] backend=detectnet_native detections=1 best_confidence=0.830
[can] backend=detectnet_native confidence=0.830 class_id=1 center=(125.3,129.3) error_x=-0.109 bbox=[109.296875, 95.0390625, 141.25, 163.59375]
[approach] target=can mode=bbox_height bbox=0.286/0.36 bbox_ok=False depth_raw=n/a/2.05 depth_ok=False error_x=-0.109
[can] backend=detectnet_native detections=1 best_confidence=0.704
[can] backend=detectnet_native confidence=0.704 class_id=1 center=(124.6,129.8) error_x=-0.110 bbox=[108.984375, 96.03515625, 140.3125, 163.59375]
[approach] target=can mode=bbox_height bbox=0.281/0.36 bbox_ok=False depth_raw=n/a/2.05 depth_ok=False error_x=-0.110
[can] backend=detectnet_native detections=1 best_confidence=0.926
[can] backend=detectnet_native confidence=0.926 class_id=1 center=(124.3,129.3) error_x=-0.112 bbox=[108.046875, 93.8671875, 140.546875, 164.765625]
[approach] target=can mode=bbox_height bbox=0.295/0.36 bbox_ok=False depth_raw=n/a/2.05 depth_ok=False error_x=-0.112
[can] backend=detectnet_native detections=1 best_confidence=0.910
[can] backend=detectnet_native confidence=0.910 class_id=1 center=(124.6,130.0) error_x=-0.111 bbox=[108.90625, 95.0390625, 140.3125, 165.0]
[approach] target=can mode=bbox_height bbox=0.292/0.36 bbox_ok=False depth_raw=n/a/2.05 depth_ok=False error_x=-0.111
[can] backend=detectnet_native detections=1 best_confidence=0.920
[can] backend=detectnet_native confidence=0.920 class_id=1 center=(123.8,129.4) error_x=-0.113 bbox=[107.5, 95.21484375, 140.0, 163.59375]
[approach] target=can mode=bbox_height bbox=0.285/0.36 bbox_ok=False depth_raw=n/a/2.05 depth_ok=False error_x=-0.113
[can] backend=detectnet_native detections=1 best_confidence=0.924
[can] backend=detectnet_native confidence=0.924 class_id=1 center=(121.9,131.2) error_x=-0.119 bbox=[103.984375, 93.984375, 139.765625, 168.3984375]
[approach] target=can mode=bbox_height bbox=0.310/0.36 bbox_ok=False depth_raw=n/a/2.05 depth_ok=False error_x=-0.119
[can] backend=detectnet_native detections=1 best_confidence=0.895
[can] backend=detectnet_native confidence=0.895 class_id=1 center=(121.4,134.3) error_x=-0.120 bbox=[102.109375, 96.85546875, 140.78125, 171.796875]
[approach] target=can mode=bbox_height bbox=0.312/0.36 bbox_ok=False depth_raw=n/a/2.05 depth_ok=False error_x=-0.120
[map] motion direction=forward speed=0.6 effective_seconds=0.7837672233581543 pose={'x_m': -0.19439587325192123, 'y_m': 0.5643420804027184, 'heading_rad': -1.0828278353785326}
[base] continuous stop label=approach_can_forward elapsed=0.784s
[base] stop
[base] continuous start label=approach_can_steer direction=left requested_speed=0.15 effective_speed=0.15
[visual-turn] label=approach_can_steer direction=left speed=0.15
[can] backend=detectnet_native detections=1 best_confidence=0.796
[can] backend=detectnet_native confidence=0.796 class_id=1 center=(120.5,131.6) error_x=-0.124 bbox=[100.46875, 91.640625, 140.46875, 171.5625]
[approach] target=can mode=bbox_height bbox=0.333/0.36 bbox_ok=False depth_raw=n/a/2.05 depth_ok=False error_x=-0.124
[can] backend=detectnet_native detections=1 best_confidence=0.822
[can] backend=detectnet_native confidence=0.822 class_id=1 center=(119.9,129.4) error_x=-0.125 bbox=[100.0, 89.0625, 139.84375, 169.8046875]
[approach] target=can mode=bbox_height bbox=0.336/0.36 bbox_ok=False depth_raw=n/a/2.05 depth_ok=False error_x=-0.125
[can] backend=detectnet_native detections=1 best_confidence=0.930
[can] backend=detectnet_native confidence=0.930 class_id=1 center=(123.8,133.7) error_x=-0.113 bbox=[104.453125, 93.6328125, 143.203125, 173.671875]
[approach] target=can mode=bbox_height bbox=0.333/0.36 bbox_ok=False depth_raw=n/a/2.05 depth_ok=False error_x=-0.113
[map] motion direction=left speed=0.15 effective_seconds=0.16139650344848633 pose={'x_m': -0.19439587325192123, 'y_m': 0.5643420804027184, 'heading_rad': -1.1072048579529978}
[base] continuous stop label=approach_can_steer elapsed=0.161s
[base] stop
[base] continuous start label=approach_can_forward direction=forward requested_speed=0.6 effective_speed=0.6
[can] backend=detectnet_native detections=1 best_confidence=0.986
[can] backend=detectnet_native confidence=0.986 class_id=1 center=(125.0,132.3) error_x=-0.109 bbox=[106.40625, 91.9921875, 143.515625, 172.6171875]
[approach] target=can mode=bbox_height bbox=0.336/0.36 bbox_ok=False depth_raw=n/a/2.05 depth_ok=False error_x=-0.109
[can] backend=detectnet_native detections=1 best_confidence=0.991
[can] backend=detectnet_native confidence=0.991 class_id=1 center=(125.9,133.0) error_x=-0.106 bbox=[107.421875, 92.2265625, 144.453125, 173.7890625]
[approach] target=can mode=bbox_height bbox=0.340/0.36 bbox_ok=False depth_raw=n/a/2.05 depth_ok=False error_x=-0.106
[can] backend=detectnet_native detections=1 best_confidence=0.995
[can] backend=detectnet_native confidence=0.995 class_id=1 center=(125.9,132.6) error_x=-0.106 bbox=[107.5, 92.40234375, 144.375, 172.8515625]
[approach] target=can mode=bbox_height bbox=0.335/0.36 bbox_ok=False depth_raw=n/a/2.05 depth_ok=False error_x=-0.106
[can] backend=detectnet_native detections=1 best_confidence=0.996
[can] backend=detectnet_native confidence=0.996 class_id=1 center=(126.3,132.9) error_x=-0.105 bbox=[107.890625, 92.28515625, 144.6875, 173.4375]
[approach] target=can mode=bbox_height bbox=0.338/0.36 bbox_ok=False depth_raw=n/a/2.05 depth_ok=False error_x=-0.105
[can] backend=detectnet_native detections=1 best_confidence=0.993
[can] backend=detectnet_native confidence=0.993 class_id=1 center=(125.1,133.4) error_x=-0.109 bbox=[106.328125, 93.1640625, 143.828125, 173.5546875]
[approach] target=can mode=bbox_height bbox=0.335/0.36 bbox_ok=False depth_raw=n/a/2.05 depth_ok=False error_x=-0.109
[can] backend=detectnet_native detections=1 best_confidence=0.991
[can] backend=detectnet_native confidence=0.991 class_id=1 center=(125.5,132.3) error_x=-0.108 bbox=[106.171875, 91.40625, 144.921875, 173.203125]
[approach] target=can mode=bbox_height bbox=0.341/0.36 bbox_ok=False depth_raw=n/a/2.05 depth_ok=False error_x=-0.108
[can] backend=detectnet_native detections=1 best_confidence=0.995
[can] backend=detectnet_native confidence=0.995 class_id=1 center=(124.8,134.9) error_x=-0.110 bbox=[105.390625, 92.75390625, 144.296875, 177.0703125]
[approach] target=can mode=bbox_height bbox=0.351/0.36 bbox_ok=False depth_raw=n/a/2.05 depth_ok=False error_x=-0.110
[can] backend=detectnet_native detections=1 best_confidence=0.989
[can] backend=detectnet_native confidence=0.989 class_id=1 center=(124.1,135.8) error_x=-0.112 bbox=[104.375, 93.3984375, 143.828125, 178.125]
[approach] target=can mode=bbox_height bbox=0.353/0.36 bbox_ok=False depth_raw=n/a/2.05 depth_ok=False error_x=-0.112
[can] backend=detectnet_native detections=1 best_confidence=0.911
[can] backend=detectnet_native confidence=0.911 class_id=1 center=(124.2,134.9) error_x=-0.112 bbox=[103.59375, 91.40625, 144.84375, 178.359375]
[approach] target=can mode=bbox_height bbox=0.362/0.36 bbox_ok=True depth_raw=n/a/2.05 depth_ok=False error_x=-0.112
[map] motion direction=forward speed=0.6 effective_seconds=0.44806981086730957 pose={'x_m': -0.23597649438921478, 'y_m': 0.5851294731249186, 'heading_rad': -1.1072048579529978}
[base] continuous stop label=approach_can_forward elapsed=0.448s
[base] stop
[fsm] APPROACHING --TARGET_REACHED--> FINAL_VERIFY
[can] backend=detectnet_native detections=1 best_confidence=0.936
[can] backend=detectnet_native confidence=0.936 class_id=1 center=(123.0,132.5) error_x=-0.116 bbox=[101.328125, 83.5546875, 144.6875, 181.40625]
[base] continuous start label=align_can direction=left requested_speed=0.15 effective_speed=0.15
[visual-turn] label=align_can direction=left speed=0.15
[can] backend=detectnet_native detections=1 best_confidence=0.741
[can] backend=detectnet_native confidence=0.741 class_id=1 center=(119.6,133.7) error_x=-0.126 bbox=[95.078125, 85.4296875, 144.21875, 181.875]
[can] backend=detectnet_native detections=1 best_confidence=0.927
[can] backend=detectnet_native confidence=0.927 class_id=1 center=(123.9,134.4) error_x=-0.113 bbox=[100.546875, 85.78125, 147.1875, 182.9296875]
[can] backend=detectnet_native detections=1 best_confidence=0.979
[can] backend=detectnet_native confidence=0.979 class_id=1 center=(123.6,133.6) error_x=-0.114 bbox=[100.703125, 87.0703125, 146.484375, 180.1171875]
[can] backend=detectnet_native detections=1 best_confidence=0.963
[can] backend=detectnet_native confidence=0.963 class_id=1 center=(123.8,135.0) error_x=-0.113 bbox=[101.640625, 88.9453125, 145.9375, 181.0546875]
[can] backend=detectnet_native detections=1 best_confidence=0.985
[can] backend=detectnet_native confidence=0.985 class_id=1 center=(125.1,134.4) error_x=-0.109 bbox=[102.8125, 88.76953125, 147.421875, 180.0]
[can] backend=detectnet_native detections=1 best_confidence=0.974
[can] backend=detectnet_native confidence=0.974 class_id=1 center=(126.0,134.9) error_x=-0.106 bbox=[103.515625, 87.12890625, 148.4375, 182.578125]
[can] backend=detectnet_native detections=1 best_confidence=0.993
[can] backend=detectnet_native confidence=0.993 class_id=1 center=(126.3,136.1) error_x=-0.105 bbox=[103.984375, 88.4765625, 148.59375, 183.6328125]
[can] backend=detectnet_native detections=1 best_confidence=0.998
[can] backend=detectnet_native confidence=0.998 class_id=1 center=(127.3,137.3) error_x=-0.102 bbox=[105.3125, 87.890625, 149.21875, 186.6796875]
[can] backend=detectnet_native detections=1 best_confidence=0.997
[can] backend=detectnet_native confidence=0.997 class_id=1 center=(127.9,133.4) error_x=-0.100 bbox=[105.46875, 85.8984375, 150.234375, 180.8203125]
[can] backend=detectnet_native detections=1 best_confidence=0.999
[can] backend=detectnet_native confidence=0.999 class_id=1 center=(129.8,134.4) error_x=-0.094 bbox=[107.109375, 85.25390625, 152.5, 183.515625]
[can] backend=detectnet_native detections=1 best_confidence=1.000
[can] backend=detectnet_native confidence=1.000 class_id=1 center=(130.5,132.7) error_x=-0.092 bbox=[107.03125, 85.078125, 153.984375, 180.234375]
[can] backend=detectnet_native detections=1 best_confidence=0.995
[can] backend=detectnet_native confidence=0.995 class_id=1 center=(132.5,134.5) error_x=-0.086 bbox=[110.3125, 87.65625, 154.609375, 181.40625]
[can] backend=detectnet_native detections=1 best_confidence=0.986
[can] backend=detectnet_native confidence=0.986 class_id=1 center=(133.6,134.9) error_x=-0.083 bbox=[111.09375, 86.484375, 156.09375, 183.3984375]
[can] backend=detectnet_native detections=1 best_confidence=0.980
[can] backend=detectnet_native confidence=0.980 class_id=1 center=(133.7,133.8) error_x=-0.082 bbox=[111.25, 86.015625, 156.171875, 181.640625]
[can] backend=detectnet_native detections=1 best_confidence=0.957
[can] backend=detectnet_native confidence=0.957 class_id=1 center=(138.4,133.7) error_x=-0.067 bbox=[113.75, 87.65625, 163.125, 179.765625]
[can] backend=detectnet_native detections=1 best_confidence=0.969
[can] backend=detectnet_native confidence=0.969 class_id=1 center=(141.1,135.5) error_x=-0.059 bbox=[119.0625, 88.7109375, 163.125, 182.2265625]
[can] backend=detectnet_native detections=1 best_confidence=0.990
[can] backend=detectnet_native confidence=0.990 class_id=1 center=(142.7,133.4) error_x=-0.054 bbox=[120.78125, 86.25, 164.6875, 180.5859375]
[can] backend=detectnet_native detections=1 best_confidence=0.987
[can] backend=detectnet_native confidence=0.987 class_id=1 center=(143.7,133.9) error_x=-0.051 bbox=[122.34375, 87.01171875, 165.0, 180.703125]
[can] backend=detectnet_native detections=1 best_confidence=1.000
[can] backend=detectnet_native confidence=1.000 class_id=1 center=(144.8,134.0) error_x=-0.048 bbox=[121.71875, 83.73046875, 167.8125, 184.21875]
[can] backend=detectnet_native detections=1 best_confidence=0.998
[can] backend=detectnet_native confidence=0.998 class_id=1 center=(145.5,135.0) error_x=-0.045 bbox=[122.96875, 85.6640625, 168.125, 184.3359375]
[can] backend=detectnet_native detections=1 best_confidence=0.998
[can] backend=detectnet_native confidence=0.998 class_id=1 center=(146.1,135.2) error_x=-0.043 bbox=[124.296875, 87.0703125, 167.96875, 183.3984375]
[can] backend=detectnet_native detections=1 best_confidence=0.999
[can] backend=detectnet_native confidence=0.999 class_id=1 center=(147.5,134.3) error_x=-0.039 bbox=[125.0, 86.8359375, 170.0, 181.7578125]
[can] backend=detectnet_native detections=1 best_confidence=0.999
[can] backend=detectnet_native confidence=0.999 class_id=1 center=(148.4,134.4) error_x=-0.036 bbox=[126.09375, 87.7734375, 170.625, 181.0546875]
[can] backend=detectnet_native detections=1 best_confidence=0.984
[can] backend=detectnet_native confidence=0.984 class_id=1 center=(152.3,133.6) error_x=-0.024 bbox=[129.296875, 85.37109375, 175.3125, 181.7578125]
[map] motion direction=left speed=0.15 effective_seconds=1.158292531967163 pose={'x_m': -0.23597649438921478, 'y_m': 0.5851294731249186, 'heading_rad': -1.2821511708922382}
[base] continuous stop label=align_can elapsed=1.158s
[base] stop
[can] backend=detectnet_native detections=1 best_confidence=0.901
[can] backend=detectnet_native confidence=0.901 class_id=1 center=(153.6,132.7) error_x=-0.020 bbox=[129.6875, 84.43359375, 177.5, 180.9375]
[base] stop
[fsm] FINAL_VERIFY --TARGET_STABLE--> FINALIZING
[arm] pose arm_down
[arm] arm_down servo=5 angle=0 speed=85
[arm] arm_down servo=4 angle=0 speed=85
[arm] arm_down servo=3 angle=45 speed=85
[arm] arm_down servo=2 angle=105 speed=85
[arm] arm_down servo=1 angle=-16 speed=85
[arm-position] arm_down waiting for motion to settle servos=[1, 2, 3, 4, 5] stability_delta=3 min_wait=0.5 timeout=10.0 stable_samples=2
[arm-position] arm_down waiting positions={1: 441, 2: 611, 3: 641, 4: 500, 5: 508} movement={} read_errors=[]
[arm-position] arm_down waiting positions={1: 441, 2: 625, 3: 655, 4: 500, 5: 508} movement={1: 0, 2: 14, 3: 14, 4: 0, 5: 0} read_errors=[]
[arm-position] arm_down waiting positions={1: 441, 2: 639, 3: 666, 4: 500, 5: 508} movement={1: 0, 2: 14, 3: 11, 4: 0, 5: 0} read_errors=[]
[arm-position] arm_down waiting positions={1: 441, 2: 654, 3: 680, 4: 500, 5: 508} movement={1: 0, 2: 15, 3: 14, 4: 0, 5: 0} read_errors=[]
[arm-position] arm_down waiting positions={1: 441, 2: 666, 3: 693, 4: 500, 5: 508} movement={1: 0, 2: 12, 3: 13, 4: 0, 5: 0} read_errors=[]
[arm-position] arm_down waiting positions={1: 441, 2: 680, 3: 706, 4: 500, 5: 508} movement={1: 0, 2: 14, 3: 13, 4: 0, 5: 0} read_errors=[]
[arm-position] arm_down waiting positions={1: 441, 2: 692, 3: 717, 4: 500, 5: 508} movement={1: 0, 2: 12, 3: 11, 4: 0, 5: 0} read_errors=[]
[arm-position] arm_down waiting positions={1: 441, 2: 708, 3: 717, 4: 500, 5: 508} movement={1: 0, 2: 16, 3: 0, 4: 0, 5: 0} read_errors=[]
[arm-position] arm_down waiting positions={1: 441, 2: 721, 3: 718, 4: 500, 5: 508} movement={1: 0, 2: 13, 3: 1, 4: 0, 5: 0} read_errors=[]
[arm-position] arm_down waiting positions={1: 441, 2: 732, 3: 718, 4: 500, 5: 508} movement={1: 0, 2: 11, 3: 0, 4: 0, 5: 0} read_errors=[]
[arm-position] arm_down waiting positions={1: 441, 2: 747, 3: 718, 4: 500, 5: 508} movement={1: 0, 2: 15, 3: 0, 4: 0, 5: 0} read_errors=[]
[arm-position] arm_down waiting positions={1: 441, 2: 761, 3: 718, 4: 500, 5: 508} movement={1: 0, 2: 14, 3: 0, 4: 0, 5: 0} read_errors=[]
[arm-position] arm_down waiting positions={1: 441, 2: 773, 3: 718, 4: 500, 5: 508} movement={1: 0, 2: 12, 3: 0, 4: 0, 5: 0} read_errors=[]
[arm-position] arm_down waiting positions={1: 441, 2: 787, 3: 718, 4: 500, 5: 508} movement={1: 0, 2: 14, 3: 0, 4: 0, 5: 0} read_errors=[]
[arm-position] arm_down waiting positions={1: 441, 2: 799, 3: 718, 4: 500, 5: 508} movement={1: 0, 2: 12, 3: 0, 4: 0, 5: 0} read_errors=[]
[arm-position] arm_down waiting positions={1: 441, 2: 811, 3: 718, 4: 500, 5: 508} movement={1: 0, 2: 12, 3: 0, 4: 0, 5: 0} read_errors=[]
[arm-position] arm_down waiting positions={1: 441, 2: 828, 3: 718, 4: 500, 5: 508} movement={1: 0, 2: 17, 3: 0, 4: 0, 5: 0} read_errors=[]
[arm-position] arm_down waiting positions={1: 441, 2: 839, 3: 718, 4: 500, 5: 508} movement={1: 0, 2: 11, 3: 0, 4: 0, 5: 0} read_errors=[]
[arm-position] arm_down waiting positions={1: 441, 2: 854, 3: 718, 4: 500, 5: 508} movement={1: 0, 2: 15, 3: 0, 4: 0, 5: 0} read_errors=[]
[arm-position] arm_down waiting positions={1: 441, 2: 866, 3: 718, 4: 500, 5: 508} movement={1: 0, 2: 12, 3: 0, 4: 0, 5: 0} read_errors=[]
[arm-position] arm_down waiting positions={1: 441, 2: 880, 3: 718, 4: 500, 5: 508} movement={1: 0, 2: 14, 3: 0, 4: 0, 5: 0} read_errors=[]
[arm-position] arm_down waiting positions={1: 441, 2: 892, 3: 718, 4: 500, 5: 508} movement={1: 0, 2: 12, 3: 0, 4: 0, 5: 0} read_errors=[]
[arm-position] arm_down waiting positions={1: 441, 2: 905, 3: 718, 4: 500, 5: 508} movement={1: 0, 2: 13, 3: 0, 4: 0, 5: 0} read_errors=[]
[arm-position] arm_down waiting positions={1: 441, 2: 920, 3: 718, 4: 500, 5: 508} movement={1: 0, 2: 15, 3: 0, 4: 0, 5: 0} read_errors=[]
[arm-position] arm_down waiting positions={1: 441, 2: 934, 3: 718, 4: 500, 5: 508} movement={1: 0, 2: 14, 3: 0, 4: 0, 5: 0} read_errors=[]
[arm-position] arm_down waiting positions={1: 441, 2: 946, 3: 718, 4: 500, 5: 508} movement={1: 0, 2: 12, 3: 0, 4: 0, 5: 0} read_errors=[]
[arm-position] arm_down waiting positions={1: 441, 2: 960, 3: 718, 4: 500, 5: 508} movement={1: 0, 2: 14, 3: 0, 4: 0, 5: 0} read_errors=[]
[arm-position] arm_down waiting positions={1: 441, 2: 971, 3: 718, 4: 500, 5: 508} movement={1: 0, 2: 11, 3: 0, 4: 0, 5: 0} read_errors=[]
[arm-position] arm_down waiting positions={1: 441, 2: 984, 3: 718, 4: 500, 5: 508} movement={1: 0, 2: 13, 3: 0, 4: 0, 5: 0} read_errors=[]
[arm-position] arm_down waiting positions={1: 441, 2: 997, 3: 718, 4: 500, 5: 508} movement={1: 0, 2: 13, 3: 0, 4: 0, 5: 0} read_errors=[]
[arm-position] arm_down waiting positions={1: 441, 2: 1006, 3: 718, 4: 500, 5: 508} movement={1: 0, 2: 9, 3: 0, 4: 0, 5: 0} read_errors=[]
[arm-position] arm_down settled positions={1: 441, 2: 1006, 3: 718, 4: 500, 5: 508} movement={1: 0, 2: 1, 3: 0, 4: 0, 5: 0} elapsed=4.94s
[base] pickup_push direction=forward requested_speed=0.2 effective_speed=0.2 seconds=3.9
[map] motion direction=forward speed=0.2 effective_seconds=3.9 pose={'x_m': -0.3574828996934133, 'y_m': 0.6212093285854363, 'heading_rad': -1.2821511708922382}
[arm] pose grab
[arm] grab servo=5 angle=0 speed=85
[arm] grab servo=4 angle=-55 speed=85
[arm] grab servo=3 angle=45 speed=85
[arm] grab servo=2 angle=105 speed=85
[arm] grab servo=1 angle=-16 speed=85
[arm] pose carry
[arm] carry servo=5 angle=0 speed=85
[arm] carry servo=4 angle=-55 speed=85
[arm] carry servo=3 angle=45 speed=85
[arm] carry servo=2 angle=60 speed=85
[arm] carry servo=1 angle=-16 speed=85
[mission] completed_pickups=1
[fsm] FINALIZING --FINALIZED--> PLANNING
[fsm] PLANNING --MAP_TARGET_AVAILABLE--> MAP_NAVIGATING
[can] backend=detectnet_native no detections
[tag] cv2=4.1.1
[tag] has pupil_apriltags=True
[tag] has aruco=False
[tag] has ArucoDetector=False
[tag] has DICT_APRILTAG_36h11=False
[tag] calibration loaded /workspace/robot_code/temp_car/calibration_320.yaml
[tag] detector loaded backend=pupil_apriltags family=tag36h11 dictionary=DICT_APRILTAG_36h11
[tag] no detections
[map] navigate label=bin_docking distance_m=1.575 heading_error_rad=-2.121
[base] continuous start label=map_turn_bin_docking direction=left requested_speed=0.15 effective_speed=0.15
[can] backend=detectnet_native no detections
[tag] no detections
[map] motion direction=left speed=0.15 effective_seconds=0.122100830078125 pose={'x_m': -0.3574828996934133, 'y_m': 0.6212093285854363, 'heading_rad': -1.3005930492946747}
[map] navigate label=bin_docking distance_m=1.575 heading_error_rad=-2.103
[can] backend=detectnet_native detections=1 best_confidence=0.355
[depth] map_can_0_depth mean=2.235 min=1.794 max=2.659
[map] can added id=1 position={'x_m': -0.5724993511143264, 'y_m': 0.6823057168888189}
[tag] no detections
[map] motion direction=left speed=0.15 effective_seconds=0.11576604843139648 pose={'x_m': -0.3574828996934133, 'y_m': 0.6212093285854363, 'heading_rad': -1.3180781342604064}
[map] navigate label=bin_docking distance_m=1.575 heading_error_rad=-2.085
[can] backend=detectnet_native detections=1 best_confidence=0.285
[depth] map_can_0_depth mean=1.859 min=1.384 max=2.263
[map] can added id=2 position={'x_m': -0.5372267536802321, 'y_m': 0.6685342236849378}
[tag] no detections
[map] motion direction=left speed=0.15 effective_seconds=0.09407758712768555 pose={'x_m': -0.3574828996934133, 'y_m': 0.6212093285854363, 'heading_rad': -1.3322874350578973}
[map] navigate label=bin_docking distance_m=1.575 heading_error_rad=-2.071
[can] backend=detectnet_native detections=1 best_confidence=0.291
[depth] map_can_0_depth mean=1.756 min=1.307 max=2.069
[map] can added id=3 position={'x_m': -0.5278279142870491, 'y_m': 0.6636426449248587}
[tag] no detections
[map] motion direction=left speed=0.15 effective_seconds=0.09159731864929199 pose={'x_m': -0.3574828996934133, 'y_m': 0.6212093285854363, 'heading_rad': -1.3461221207962222}
[map] navigate label=bin_docking distance_m=1.575 heading_error_rad=-2.057
[can] backend=detectnet_native detections=1 best_confidence=0.279
[depth] map_can_0_depth mean=2.044 min=1.387 max=2.421
[map] can added id=4 position={'x_m': -0.5565270607744244, 'y_m': 0.6678769375418714}
[tag] no detections
[map] motion direction=left speed=0.15 effective_seconds=0.08943438529968262 pose={'x_m': -0.3574828996934133, 'y_m': 0.6212093285854363, 'heading_rad': -1.3596301211729442}
[map] navigate label=bin_docking distance_m=1.575 heading_error_rad=-2.044
[can] backend=detectnet_native detections=1 best_confidence=0.342
[depth] map_can_0_depth mean=1.924 min=1.390 max=2.285
[map] can merged id=2 position={'x_m': -0.5412804275261454, 'y_m': 0.6656598274342316} observations=2
[tag] no detections
[map] motion direction=left speed=0.15 effective_seconds=0.08734726905822754 pose={'x_m': -0.3574828996934133, 'y_m': 0.6212093285854363, 'heading_rad': -1.3728228874606594}
[map] navigate label=bin_docking distance_m=1.575 heading_error_rad=-2.030
[can] backend=detectnet_native detections=1 best_confidence=0.295
[depth] map_can_0_depth mean=1.946 min=1.367 max=2.416
[map] can merged id=2 position={'x_m': -0.5434310826498602, 'y_m': 0.6644862292159776} observations=3
[tag] no detections
[map] motion direction=left speed=0.15 effective_seconds=0.08942222595214844 pose={'x_m': -0.3574828996934133, 'y_m': 0.6212093285854363, 'heading_rad': -1.3863290513125313}
[map] navigate label=bin_docking distance_m=1.575 heading_error_rad=-2.017
[can] backend=detectnet_native detections=1 best_confidence=0.286
[depth] map_can_0_depth mean=1.864 min=1.289 max=2.284
[map] can merged id=2 position={'x_m': -0.5426685176092758, 'y_m': 0.6627077836481895} observations=4
[tag] no detections
[map] motion direction=left speed=0.15 effective_seconds=0.08847355842590332 pose={'x_m': -0.3574828996934133, 'y_m': 0.6212093285854363, 'heading_rad': -1.39969193021579}
[map] navigate label=bin_docking distance_m=1.575 heading_error_rad=-2.004
[can] backend=detectnet_native detections=1 best_confidence=0.361
[depth] map_can_0_depth mean=2.340 min=1.673 max=2.771
[map] can added id=5 position={'x_m': -0.5876750085643521, 'y_m': 0.6632922220168082}
[tag] no detections
[map] motion direction=left speed=0.15 effective_seconds=0.08826732635498047 pose={'x_m': -0.3574828996934133, 'y_m': 0.6212093285854363, 'heading_rad': -1.4130236602171764}
[map] navigate label=bin_docking distance_m=1.575 heading_error_rad=-1.990
[can] backend=detectnet_native detections=1 best_confidence=0.264
[depth] map_can_0_depth mean=2.145 min=1.512 max=2.618
[map] can added id=6 position={'x_m': -0.5690069188695593, 'y_m': 0.656860832531549}
[tag] no detections
[map] motion direction=left speed=0.15 effective_seconds=0.0883631706237793 pose={'x_m': -0.3574828996934133, 'y_m': 0.6212093285854363, 'heading_rad': -1.426369866355618}
[map] navigate label=bin_docking distance_m=1.575 heading_error_rad=-1.977
[can] backend=detectnet_native detections=1 best_confidence=0.286
[depth] map_can_0_depth mean=2.052 min=1.392 max=2.471
[map] can merged id=6 position={'x_m': -0.5646244240354251, 'y_m': 0.654786838644617} observations=2
[tag] no detections
[map] motion direction=left speed=0.15 effective_seconds=0.0970160961151123 pose={'x_m': -0.3574828996934133, 'y_m': 0.6212093285854363, 'heading_rad': -1.4410229939919266}
[map] navigate label=bin_docking distance_m=1.575 heading_error_rad=-1.962
[can] backend=detectnet_native detections=1 best_confidence=0.304
[depth] map_can_0_depth mean=2.164 min=1.602 max=2.504
[map] can merged id=6 position={'x_m': -0.5670213735044288, 'y_m': 0.6536251131997471} observations=3
[tag] no detections
[map] motion direction=left speed=0.15 effective_seconds=0.08674788475036621 pose={'x_m': -0.3574828996934133, 'y_m': 0.6212093285854363, 'heading_rad': -1.4541252304076104}
[map] navigate label=bin_docking distance_m=1.575 heading_error_rad=-1.949
[can] backend=detectnet_native detections=1 best_confidence=0.297
[depth] map_can_0_depth mean=2.284 min=1.636 max=2.674
[map] can added id=7 position={'x_m': -0.5840740532910987, 'y_m': 0.6502068674957378}
[tag] no detections
[map] motion direction=left speed=0.15 effective_seconds=0.08870840072631836 pose={'x_m': -0.3574828996934133, 'y_m': 0.6212093285854363, 'heading_rad': -1.4675235794476835}
[map] navigate label=bin_docking distance_m=1.575 heading_error_rad=-1.936
[can] backend=detectnet_native detections=1 best_confidence=0.261
[depth] map_can_0_depth mean=2.306 min=1.638 max=2.556
[map] can merged id=7 position={'x_m': -0.585341067870859, 'y_m': 0.64870765722281} observations=2
[tag] no detections
[map] motion direction=left speed=0.15 effective_seconds=0.08507347106933594 pose={'x_m': -0.3574828996934133, 'y_m': 0.6212093285854363, 'heading_rad': -1.4803729155883965}
[map] navigate label=bin_docking distance_m=1.575 heading_error_rad=-1.923
[can] backend=detectnet_native detections=1 best_confidence=0.252
[depth] map_can_0_depth mean=2.333 min=1.635 max=2.643
[map] can merged id=7 position={'x_m': -0.5867431901256485, 'y_m': 0.6475035749790052} observations=3
[tag] no detections
[map] motion direction=left speed=0.15 effective_seconds=0.08785676956176758 pose={'x_m': -0.3574828996934133, 'y_m': 0.6212093285854363, 'heading_rad': -1.4936426358683674}
[map] navigate label=bin_docking distance_m=1.575 heading_error_rad=-1.910
[can] backend=detectnet_native no detections
[tag] no detections
[map] motion direction=left speed=0.15 effective_seconds=0.06086134910583496 pose={'x_m': -0.3574828996934133, 'y_m': 0.6212093285854363, 'heading_rad': -1.5028350189086783}
[map] navigate label=bin_docking distance_m=1.575 heading_error_rad=-1.900
[can] backend=detectnet_native no detections
[tag] no detections
[map] motion direction=left speed=0.15 effective_seconds=0.06350016593933105 pose={'x_m': -0.3574828996934133, 'y_m': 0.6212093285854363, 'heading_rad': -1.5124259638517912}
[map] navigate label=bin_docking distance_m=1.575 heading_error_rad=-1.891
[can] backend=detectnet_native detections=1 best_confidence=0.248
[depth] map_can_0_depth mean=2.096 min=1.401 max=2.496
[map] can added id=8 position={'x_m': -0.5665093953049556, 'y_m': 0.6361074535961557}
[tag] no detections
[map] motion direction=left speed=0.15 effective_seconds=0.0890035629272461 pose={'x_m': -0.3574828996934133, 'y_m': 0.6212093285854363, 'heading_rad': -1.5258688936323475}
[map] navigate label=bin_docking distance_m=1.575 heading_error_rad=-1.877
[can] backend=detectnet_native no detections
[tag] no detections
[map] motion direction=left speed=0.15 effective_seconds=0.06336712837219238 pose={'x_m': -0.3574828996934133, 'y_m': 0.6212093285854363, 'heading_rad': -1.5354397448329808}
[map] navigate label=bin_docking distance_m=1.575 heading_error_rad=-1.868
[can] backend=detectnet_native detections=1 best_confidence=0.256
[depth] map_can_0_depth mean=2.346 min=1.680 max=2.633
[map] can added id=9 position={'x_m': -0.5918120725162362, 'y_m': 0.6326186995562303}
[tag] no detections
[map] motion direction=left speed=0.15 effective_seconds=0.08731269836425781 pose={'x_m': -0.3574828996934133, 'y_m': 0.6212093285854363, 'heading_rad': -1.5486272896284747}
[map] navigate label=bin_docking distance_m=1.575 heading_error_rad=-1.855
[can] backend=detectnet_native no detections
[tag] no detections
[map] motion direction=left speed=0.15 effective_seconds=0.06102609634399414 pose={'x_m': -0.3574828996934133, 'y_m': 0.6212093285854363, 'heading_rad': -1.5578445557799925}
[map] navigate label=bin_docking distance_m=1.575 heading_error_rad=-1.845
[can] backend=detectnet_native detections=1 best_confidence=0.209
[depth] map_can_0_depth mean=2.090 min=1.339 max=2.427
[map] can added id=10 position={'x_m': -0.5664133333087229, 'y_m': 0.6260528502601095}
[tag] no detections
[map] motion direction=left speed=0.15 effective_seconds=0.08827972412109375 pose={'x_m': -0.3574828996934133, 'y_m': 0.6212093285854363, 'heading_rad': -1.5711781583165203}
[map] navigate label=bin_docking distance_m=1.575 heading_error_rad=-1.832
[can] backend=detectnet_native detections=1 best_confidence=0.224
[depth] map_can_0_depth mean=2.181 min=1.481 max=2.492
[map] can merged id=10 position={'x_m': -0.5709790280229023, 'y_m': 0.6247045014856267} observations=2
[tag] no detections
[map] motion direction=left speed=0.15 effective_seconds=0.08658623695373535 pose={'x_m': -0.3574828996934133, 'y_m': 0.6212093285854363, 'heading_rad': -1.5842559797547826}
[map] navigate label=bin_docking distance_m=1.575 heading_error_rad=-1.819
[can] backend=detectnet_native no detections
[tag] no detections
[map] motion direction=left speed=0.15 effective_seconds=0.06481194496154785 pose={'x_m': -0.3574828996934133, 'y_m': 0.6212093285854363, 'heading_rad': -1.5940450533199786}
[map] navigate label=bin_docking distance_m=1.575 heading_error_rad=-1.809
[can] backend=detectnet_native no detections
[tag] no detections
[map] motion direction=left speed=0.15 effective_seconds=0.06394791603088379 pose={'x_m': -0.3574828996934133, 'y_m': 0.6212093285854363, 'heading_rad': -1.6037036255899313}
[map] navigate label=bin_docking distance_m=1.575 heading_error_rad=-1.800
[can] backend=detectnet_native detections=1 best_confidence=0.223
[depth] map_can_0_depth mean=2.728 min=2.201 max=3.066
[map] can added id=11 position={'x_m': -0.6302706555924077, 'y_m': 0.6161724633452944}
[tag] no detections
[map] motion direction=left speed=0.15 effective_seconds=0.09604597091674805 pose={'x_m': -0.3574828996934133, 'y_m': 0.6212093285854363, 'heading_rad': -1.6182102273514205}
[map] navigate label=bin_docking distance_m=1.575 heading_error_rad=-1.785
[can] backend=detectnet_native detections=1 best_confidence=0.227
[depth] map_can_0_depth mean=2.653 min=2.174 max=2.962
[map] can merged id=11 position={'x_m': -0.626428710826467, 'y_m': 0.6141495835411166} observations=2
[tag] no detections
[map] motion direction=left speed=0.15 effective_seconds=0.09060454368591309 pose={'x_m': -0.3574828996934133, 'y_m': 0.6212093285854363, 'heading_rad': -1.6318949662372637}
[map] navigate label=bin_docking distance_m=1.575 heading_error_rad=-1.771
[can] backend=detectnet_native detections=1 best_confidence=0.241
[depth] map_can_0_depth mean=2.587 min=2.124 max=2.934
[map] can added id=12 position={'x_m': -0.6158252476715806, 'y_m': 0.6076582105480502}
[tag] no detections
[map] motion direction=left speed=0.15 effective_seconds=0.08781886100769043 pose={'x_m': -0.3574828996934133, 'y_m': 0.6212093285854363, 'heading_rad': -1.645158960880937}
[map] navigate label=bin_docking distance_m=1.575 heading_error_rad=-1.758
[can] backend=detectnet_native no detections
[tag] no detections
[map] motion direction=left speed=0.15 effective_seconds=0.06324958801269531 pose={'x_m': -0.3574828996934133, 'y_m': 0.6212093285854363, 'heading_rad': -1.6547120590080175}
[map] navigate label=bin_docking distance_m=1.575 heading_error_rad=-1.749
[can] backend=detectnet_native no detections
[tag] no detections
[map] motion direction=left speed=0.15 effective_seconds=0.0648045539855957 pose={'x_m': -0.3574828996934133, 'y_m': 0.6212093285854363, 'heading_rad': -1.664500016254187}
[map] navigate label=bin_docking distance_m=1.575 heading_error_rad=-1.739
[can] backend=detectnet_native no detections
[tag] no detections
[map] motion direction=left speed=0.15 effective_seconds=0.061147212982177734 pose={'x_m': -0.3574828996934133, 'y_m': 0.6212093285854363, 'heading_rad': -1.6737355756336252}
[map] navigate label=bin_docking distance_m=1.575 heading_error_rad=-1.730
[can] backend=detectnet_native no detections
[tag] no detections
[map] motion direction=left speed=0.15 effective_seconds=0.06283044815063477 pose={'x_m': -0.3574828996934133, 'y_m': 0.6212093285854363, 'heading_rad': -1.683225367668808}
[map] navigate label=bin_docking distance_m=1.575 heading_error_rad=-1.720
[can] backend=detectnet_native no detections
[tag] no detections
[map] motion direction=left speed=0.15 effective_seconds=0.06348371505737305 pose={'x_m': -0.3574828996934133, 'y_m': 0.6212093285854363, 'heading_rad': -1.6928138279018294}
[map] navigate label=bin_docking distance_m=1.575 heading_error_rad=-1.711
[can] backend=detectnet_native no detections
[tag] no detections
[map] motion direction=left speed=0.15 effective_seconds=0.06230044364929199 pose={'x_m': -0.3574828996934133, 'y_m': 0.6212093285854363, 'heading_rad': -1.7022235690597147}
[map] navigate label=bin_docking distance_m=1.575 heading_error_rad=-1.701
[can] backend=detectnet_native no detections
[tag] no detections
[map] motion direction=left speed=0.15 effective_seconds=0.064849853515625 pose={'x_m': -0.3574828996934133, 'y_m': 0.6212093285854363, 'heading_rad': -1.7120183682612087}
[map] navigate label=bin_docking distance_m=1.575 heading_error_rad=-1.691
[can] backend=detectnet_native no detections
[tag] no detections
[map] motion direction=left speed=0.15 effective_seconds=0.06293678283691406 pose={'x_m': -0.3574828996934133, 'y_m': 0.6212093285854363, 'heading_rad': -1.7215242208862587}
[map] navigate label=bin_docking distance_m=1.575 heading_error_rad=-1.682
[can] backend=detectnet_native no detections
[tag] no detections
[map] motion direction=left speed=0.15 effective_seconds=0.05938243865966797 pose={'x_m': -0.3574828996934133, 'y_m': 0.6212093285854363, 'heading_rad': -1.7304932320903679}
[map] navigate label=bin_docking distance_m=1.575 heading_error_rad=-1.673
[can] backend=detectnet_native no detections
[tag] no detections
[map] motion direction=left speed=0.15 effective_seconds=0.061387062072753906 pose={'x_m': -0.3574828996934133, 'y_m': 0.6212093285854363, 'heading_rad': -1.739765017822735}
[map] navigate label=bin_docking distance_m=1.575 heading_error_rad=-1.664
[can] backend=detectnet_native no detections
[tag] no detections
[map] motion direction=left speed=0.15 effective_seconds=0.06214570999145508 pose={'x_m': -0.3574828996934133, 'y_m': 0.6212093285854363, 'heading_rad': -1.7491513883016432}
[map] navigate label=bin_docking distance_m=1.575 heading_error_rad=-1.654
[can] backend=detectnet_native detections=1 best_confidence=0.218
[depth] map_can_0_depth mean=2.302 min=1.722 max=2.856
[map] can added id=13 position={'x_m': -0.5845062662613076, 'y_m': 0.5831540114902716}
[tag] no detections
[map] motion direction=left speed=0.15 effective_seconds=0.08828282356262207 pose={'x_m': -0.3574828996934133, 'y_m': 0.6212093285854363, 'heading_rad': -1.7624854589719565}
[map] navigate label=bin_docking distance_m=1.575 heading_error_rad=-1.641
[can] backend=detectnet_native no detections
[tag] no detections
[map] motion direction=left speed=0.15 effective_seconds=0.06179523468017578 pose={'x_m': -0.3574828996934133, 'y_m': 0.6212093285854363, 'heading_rad': -1.7718188943228272}
[map] navigate label=bin_docking distance_m=1.575 heading_error_rad=-1.631
[can] backend=detectnet_native no detections
[tag] no detections
[map] motion direction=left speed=0.15 effective_seconds=0.0637810230255127 pose={'x_m': -0.3574828996934133, 'y_m': 0.6212093285854363, 'heading_rad': -1.7814522593889526}
[map] navigate label=bin_docking distance_m=1.575 heading_error_rad=-1.622
[can] backend=detectnet_native no detections
[tag] no detections
[map] motion direction=left speed=0.15 effective_seconds=0.05780196189880371 pose={'x_m': -0.3574828996934133, 'y_m': 0.6212093285854363, 'heading_rad': -1.7901825583728166}
[map] navigate label=bin_docking distance_m=1.575 heading_error_rad=-1.613
[can] backend=detectnet_native no detections
[tag] no detections
[map] motion direction=left speed=0.15 effective_seconds=0.06120920181274414 pose={'x_m': -0.3574828996934133, 'y_m': 0.6212093285854363, 'heading_rad': -1.799427480427962}
[map] navigate label=bin_docking distance_m=1.575 heading_error_rad=-1.604
[can] backend=detectnet_native detections=1 best_confidence=0.201
[depth] map_can_0_depth mean=2.632 min=1.943 max=2.971
[map] can added id=14 position={'x_m': -0.614691689731083, 'y_m': 0.5652261361915397}
[tag] no detections
[map] motion direction=left speed=0.15 effective_seconds=0.08849930763244629 pose={'x_m': -0.3574828996934133, 'y_m': 0.6212093285854363, 'heading_rad': -1.8127942484426685}
[map] navigate label=bin_docking distance_m=1.575 heading_error_rad=-1.591
[can] backend=detectnet_native no detections
[tag] no detections
[map] motion direction=left speed=0.15 effective_seconds=0.061989784240722656 pose={'x_m': -0.3574828996934133, 'y_m': 0.6212093285854363, 'heading_rad': -1.8221570681911436}
[map] navigate label=bin_docking distance_m=1.575 heading_error_rad=-1.581
[can] backend=detectnet_native no detections
[tag] no detections
[map] motion direction=left speed=0.15 effective_seconds=0.061300039291381836 pose={'x_m': -0.3574828996934133, 'y_m': 0.6212093285854363, 'heading_rad': -1.8314157101672295}
[map] navigate label=bin_docking distance_m=1.575 heading_error_rad=-1.572
[can] backend=detectnet_native no detections
[tag] no detections
[map] motion direction=left speed=0.15 effective_seconds=0.06240367889404297 pose={'x_m': -0.3574828996934133, 'y_m': 0.6212093285854363, 'heading_rad': -1.8408410437811966}
[map] navigate label=bin_docking distance_m=1.575 heading_error_rad=-1.562
[can] backend=detectnet_native no detections
[tag] no detections
[map] motion direction=left speed=0.15 effective_seconds=0.060735464096069336 pose={'x_m': -0.3574828996934133, 'y_m': 0.6212093285854363, 'heading_rad': -1.8500144133877634}
[map] navigate label=bin_docking distance_m=1.575 heading_error_rad=-1.553
[can] backend=detectnet_native no detections
[tag] no detections
[map] motion direction=left speed=0.15 effective_seconds=0.06276416778564453 pose={'x_m': -0.3574828996934133, 'y_m': 0.6212093285854363, 'heading_rad': -1.8594941945619976}
[map] navigate label=bin_docking distance_m=1.575 heading_error_rad=-1.544
[can] backend=detectnet_native no detections
[tag] no detections
[map] motion direction=left speed=0.15 effective_seconds=0.0617375373840332 pose={'x_m': -0.3574828996934133, 'y_m': 0.6212093285854363, 'heading_rad': -1.8688189154224022}
[map] navigate label=bin_docking distance_m=1.575 heading_error_rad=-1.534
[can] backend=detectnet_native no detections
[tag] no detections
[map] motion direction=left speed=0.15 effective_seconds=0.0626063346862793 pose={'x_m': -0.3574828996934133, 'y_m': 0.6212093285854363, 'heading_rad': -1.878274857783874}
[map] navigate label=bin_docking distance_m=1.575 heading_error_rad=-1.525
[can] backend=detectnet_native no detections
[tag] no detections
[map] motion direction=left speed=0.15 effective_seconds=0.062129974365234375 pose={'x_m': -0.3574828996934133, 'y_m': 0.6212093285854363, 'heading_rad': -1.8876588515835642}
[map] navigate label=bin_docking distance_m=1.575 heading_error_rad=-1.516
[can] backend=detectnet_native no detections
[tag] no detections
[map] motion direction=left speed=0.15 effective_seconds=0.06082510948181152 pose={'x_m': -0.3574828996934133, 'y_m': 0.6212093285854363, 'heading_rad': -1.8968457610596154}
[map] navigate label=bin_docking distance_m=1.575 heading_error_rad=-1.506
[can] backend=detectnet_native no detections
[tag] no detections
[map] motion direction=left speed=0.15 effective_seconds=0.06056356430053711 pose={'x_m': -0.3574828996934133, 'y_m': 0.6212093285854363, 'heading_rad': -1.90599316724624}
[map] navigate label=bin_docking distance_m=1.575 heading_error_rad=-1.497
[can] backend=detectnet_native no detections
[tag] no detections
[map] motion direction=left speed=0.15 effective_seconds=0.06491708755493164 pose={'x_m': -0.3574828996934133, 'y_m': 0.6212093285854363, 'heading_rad': -1.9157981213498474}
[map] navigate label=bin_docking distance_m=1.575 heading_error_rad=-1.488
[can] backend=detectnet_native no detections
[tag] no detections
[map] motion direction=left speed=0.15 effective_seconds=0.061415910720825195 pose={'x_m': -0.3574828996934133, 'y_m': 0.6212093285854363, 'heading_rad': -1.9250742643274477}
[map] navigate label=bin_docking distance_m=1.575 heading_error_rad=-1.478
[can] backend=detectnet_native no detections
[tag] no detections
[map] motion direction=left speed=0.15 effective_seconds=0.06223154067993164 pose={'x_m': -0.3574828996934133, 'y_m': 0.6212093285854363, 'heading_rad': -1.9344735985111814}
[map] navigate label=bin_docking distance_m=1.575 heading_error_rad=-1.469
[can] backend=detectnet_native no detections
[tag] no detections
[map] motion direction=left speed=0.15 effective_seconds=0.06236457824707031 pose={'x_m': -0.3574828996934133, 'y_m': 0.6212093285854363, 'heading_rad': -1.9438930264373946}
[map] navigate label=bin_docking distance_m=1.575 heading_error_rad=-1.459
[can] backend=detectnet_native no detections
[tag] no detections
[map] motion direction=left speed=0.15 effective_seconds=0.061470985412597656 pose={'x_m': -0.3574828996934133, 'y_m': 0.6212093285854363, 'heading_rad': -1.9531774877922579}
[map] navigate label=bin_docking distance_m=1.575 heading_error_rad=-1.450
[can] backend=detectnet_native no detections
[tag] no detections
[map] motion direction=left speed=0.15 effective_seconds=0.06032586097717285 pose={'x_m': -0.3574828996934133, 'y_m': 0.6212093285854363, 'heading_rad': -1.9622889917185742}
[map] navigate label=bin_docking distance_m=1.575 heading_error_rad=-1.441
[can] backend=detectnet_native no detections
[tag] no detections
[map] motion direction=left speed=0.15 effective_seconds=0.06130242347717285 pose={'x_m': -0.3574828996934133, 'y_m': 0.6212093285854363, 'heading_rad': -1.9715479937975717}
[map] navigate label=bin_docking distance_m=1.575 heading_error_rad=-1.432
[can] backend=detectnet_native no detections
[tag] no detections
[map] motion direction=left speed=0.15 effective_seconds=0.0626680850982666 pose={'x_m': -0.3574828996934133, 'y_m': 0.6212093285854363, 'heading_rad': -1.9810132628244597}
[map] navigate label=bin_docking distance_m=1.575 heading_error_rad=-1.422
[can] backend=detectnet_native no detections
[tag] no detections
[map] motion direction=left speed=0.15 effective_seconds=0.061617136001586914 pose={'x_m': -0.3574828996934133, 'y_m': 0.6212093285854363, 'heading_rad': -1.9903197984878174}
[map] navigate label=bin_docking distance_m=1.575 heading_error_rad=-1.413
[can] backend=detectnet_native no detections
[tag] no detections
[map] motion direction=left speed=0.15 effective_seconds=0.06344747543334961 pose={'x_m': -0.3574828996934133, 'y_m': 0.6212093285854363, 'heading_rad': -1.9999027851565792}
[map] navigate label=bin_docking distance_m=1.575 heading_error_rad=-1.403
[can] backend=detectnet_native no detections
[tag] no detections
[map] motion direction=left speed=0.15 effective_seconds=0.0637979507446289 pose={'x_m': -0.3574828996934133, 'y_m': 0.6212093285854363, 'heading_rad': -2.0095387069533786}
[map] navigate label=bin_docking distance_m=1.575 heading_error_rad=-1.394
[can] backend=detectnet_native no detections
[tag] no detections
[map] motion direction=left speed=0.15 effective_seconds=0.059259653091430664 pose={'x_m': -0.3574828996934133, 'y_m': 0.6212093285854363, 'heading_rad': -2.018489172857529}
[map] navigate label=bin_docking distance_m=1.575 heading_error_rad=-1.385
[can] backend=detectnet_native no detections
[tag] no detections
[map] motion direction=left speed=0.15 effective_seconds=0.059018611907958984 pose={'x_m': -0.3574828996934133, 'y_m': 0.6212093285854363, 'heading_rad': -2.0274032323572944}
[map] navigate label=bin_docking distance_m=1.575 heading_error_rad=-1.376
[can] backend=detectnet_native no detections
[tag] no detections
[map] motion direction=left speed=0.15 effective_seconds=0.06199383735656738 pose={'x_m': -0.3574828996934133, 'y_m': 0.6212093285854363, 'heading_rad': -2.03676666428072}
[map] navigate label=bin_docking distance_m=1.575 heading_error_rad=-1.367
[can] backend=detectnet_native no detections
[tag] no detections
[map] motion direction=left speed=0.15 effective_seconds=0.0640709400177002 pose={'x_m': -0.3574828996934133, 'y_m': 0.6212093285854363, 'heading_rad': -2.0464438178609226}
[map] navigate label=bin_docking distance_m=1.575 heading_error_rad=-1.357
[can] backend=detectnet_native no detections
[tag] no detections
[map] motion direction=left speed=0.15 effective_seconds=0.06777787208557129 pose={'x_m': -0.3574828996934133, 'y_m': 0.6212093285854363, 'heading_rad': -2.0566808594484223}
[map] navigate label=bin_docking distance_m=1.575 heading_error_rad=-1.347
[can] backend=detectnet_native no detections
[tag] no detections
[map] motion direction=left speed=0.15 effective_seconds=0.06307506561279297 pose={'x_m': -0.3574828996934133, 'y_m': 0.6212093285854363, 'heading_rad': -2.0662075980423578}
[map] navigate label=bin_docking distance_m=1.575 heading_error_rad=-1.337
[can] backend=detectnet_native no detections
[tag] no detections
[map] motion direction=left speed=0.15 effective_seconds=0.061928510665893555 pose={'x_m': -0.3574828996934133, 'y_m': 0.6212093285854363, 'heading_rad': -2.0755611631459994}
[map] navigate label=bin_docking distance_m=1.575 heading_error_rad=-1.328
[can] backend=detectnet_native no detections
[tag] no detections
[map] motion direction=left speed=0.15 effective_seconds=0.06264185905456543 pose={'x_m': -0.3574828996934133, 'y_m': 0.6212093285854363, 'heading_rad': -2.0850224710408574}
[map] navigate label=bin_docking distance_m=1.575 heading_error_rad=-1.318
[can] backend=detectnet_native no detections
[tag] no detections
[map] motion direction=left speed=0.15 effective_seconds=0.060677289962768555 pose={'x_m': -0.3574828996934133, 'y_m': 0.6212093285854363, 'heading_rad': -2.0941870541363756}
[map] navigate label=bin_docking distance_m=1.575 heading_error_rad=-1.309
[can] backend=detectnet_native no detections
[tag] no detections
[map] motion direction=left speed=0.15 effective_seconds=0.05974626541137695 pose={'x_m': -0.3574828996934133, 'y_m': 0.6212093285854363, 'heading_rad': -2.1032110170448286}
[map] navigate label=bin_docking distance_m=1.575 heading_error_rad=-1.300
[can] backend=detectnet_native no detections
[tag] no detections
[map] motion direction=left speed=0.15 effective_seconds=0.06233549118041992 pose={'x_m': -0.3574828996934133, 'y_m': 0.6212093285854363, 'heading_rad': -2.1126260517155178}
[map] navigate label=bin_docking distance_m=1.575 heading_error_rad=-1.291
[can] backend=detectnet_native no detections
[tag] no detections
[map] motion direction=left speed=0.15 effective_seconds=0.06016206741333008 pose={'x_m': -0.3574828996934133, 'y_m': 0.6212093285854363, 'heading_rad': -2.121712816571792}
[map] navigate label=bin_docking distance_m=1.575 heading_error_rad=-1.282
[can] backend=detectnet_native no detections
[tag] no detections
[map] motion direction=left speed=0.15 effective_seconds=0.05945134162902832 pose={'x_m': -0.3574828996934133, 'y_m': 0.6212093285854363, 'heading_rad': -2.130692234750053}
[map] navigate label=bin_docking distance_m=1.575 heading_error_rad=-1.273
[can] backend=detectnet_native no detections
[tag] no detections
[map] motion direction=left speed=0.15 effective_seconds=0.060410261154174805 pose={'x_m': -0.3574828996934133, 'y_m': 0.6212093285854363, 'heading_rad': -2.1398164863194475}
[map] navigate label=bin_docking distance_m=1.575 heading_error_rad=-1.263
[can] backend=detectnet_native no detections
[tag] no detections
[map] motion direction=left speed=0.15 effective_seconds=0.06148648262023926 pose={'x_m': -0.3574828996934133, 'y_m': 0.6212093285854363, 'heading_rad': -2.1491032883432375}
[map] navigate label=bin_docking distance_m=1.575 heading_error_rad=-1.254
[can] backend=detectnet_native no detections
[tag] no detections
[map] motion direction=left speed=0.15 effective_seconds=0.05951189994812012 pose={'x_m': -0.3574828996934133, 'y_m': 0.6212093285854363, 'heading_rad': -2.1580918531354585}
[map] navigate label=bin_docking distance_m=1.575 heading_error_rad=-1.245
[can] backend=detectnet_native no detections
[tag] no detections
[map] motion direction=left speed=0.15 effective_seconds=0.06323409080505371 pose={'x_m': -0.3574828996934133, 'y_m': 0.6212093285854363, 'heading_rad': -2.1676426105936124}
[map] navigate label=bin_docking distance_m=1.575 heading_error_rad=-1.236
[can] backend=detectnet_native no detections
[tag] no detections
[map] motion direction=left speed=0.15 effective_seconds=0.06253385543823242 pose={'x_m': -0.3574828996934133, 'y_m': 0.6212093285854363, 'heading_rad': -2.1770876058265647}
[map] navigate label=bin_docking distance_m=1.575 heading_error_rad=-1.226
[can] backend=detectnet_native no detections
[tag] no detections
[map] motion direction=left speed=0.15 effective_seconds=0.06000542640686035 pose={'x_m': -0.3574828996934133, 'y_m': 0.6212093285854363, 'heading_rad': -2.1861507119215324}
[map] navigate label=bin_docking distance_m=1.575 heading_error_rad=-1.217
[can] backend=detectnet_native no detections
[tag] no detections
[map] motion direction=left speed=0.15 effective_seconds=0.05930781364440918 pose={'x_m': -0.3574828996934133, 'y_m': 0.6212093285854363, 'heading_rad': -2.1951084519045017}
[map] navigate label=bin_docking distance_m=1.575 heading_error_rad=-1.208
[can] backend=detectnet_native no detections
[tag] no detections
[map] motion direction=left speed=0.15 effective_seconds=0.06044483184814453 pose={'x_m': -0.3574828996934133, 'y_m': 0.6212093285854363, 'heading_rad': -2.204237924966118}
[map] navigate label=bin_docking distance_m=1.575 heading_error_rad=-1.199
[can] backend=detectnet_native no detections
[tag] no detections
[map] motion direction=left speed=0.15 effective_seconds=0.05979418754577637 pose={'x_m': -0.3574828996934133, 'y_m': 0.6212093285854363, 'heading_rad': -2.2132691259430985}
[map] navigate label=bin_docking distance_m=1.575 heading_error_rad=-1.190
[can] backend=detectnet_native no detections
[tag] no detections
[map] motion direction=left speed=0.15 effective_seconds=0.06189751625061035 pose={'x_m': -0.3574828996934133, 'y_m': 0.6212093285854363, 'heading_rad': -2.2226180097088863}
[map] navigate label=bin_docking distance_m=1.575 heading_error_rad=-1.181
[can] backend=detectnet_native no detections
[tag] no detections
[map] motion direction=left speed=0.15 effective_seconds=0.06251239776611328 pose={'x_m': -0.3574828996934133, 'y_m': 0.6212093285854363, 'heading_rad': -2.2320597640156326}
[map] navigate label=bin_docking distance_m=1.575 heading_error_rad=-1.171
[can] backend=detectnet_native no detections
[tag] no detections
[map] motion direction=left speed=0.15 effective_seconds=0.06811809539794922 pose={'x_m': -0.3574828996934133, 'y_m': 0.6212093285854363, 'heading_rad': -2.242348192288649}
[map] navigate label=bin_docking distance_m=1.575 heading_error_rad=-1.161
[can] backend=detectnet_native no detections
[tag] no detections
[map] motion direction=left speed=0.15 effective_seconds=0.0619809627532959 pose={'x_m': -0.3574828996934133, 'y_m': 0.6212093285854363, 'heading_rad': -2.2517096796563503}
[map] navigate label=bin_docking distance_m=1.575 heading_error_rad=-1.152
[can] backend=detectnet_native no detections
[tag] no detections
[map] motion direction=left speed=0.15 effective_seconds=0.06081390380859375 pose={'x_m': -0.3574828996934133, 'y_m': 0.6212093285854363, 'heading_rad': -2.260894896648716}
[map] navigate label=bin_docking distance_m=1.575 heading_error_rad=-1.142
[can] backend=detectnet_native no detections
[tag] no detections
[map] motion direction=left speed=0.15 effective_seconds=0.06530141830444336 pose={'x_m': -0.3574828996934133, 'y_m': 0.6212093285854363, 'heading_rad': -2.270757899341709}
[map] navigate label=bin_docking distance_m=1.575 heading_error_rad=-1.133
[can] backend=detectnet_native no detections
[tag] no detections
[map] motion direction=left speed=0.15 effective_seconds=0.05817604064941406 pose={'x_m': -0.3574828996934133, 'y_m': 0.6212093285854363, 'heading_rad': -2.2795446984724372}
[map] navigate label=bin_docking distance_m=1.575 heading_error_rad=-1.124
[can] backend=detectnet_native no detections
[tag] no detections
[map] motion direction=left speed=0.15 effective_seconds=0.06072854995727539 pose={'x_m': -0.3574828996934133, 'y_m': 0.6212093285854363, 'heading_rad': -2.28871702378056}
[map] navigate label=bin_docking distance_m=1.575 heading_error_rad=-1.115
[can] backend=detectnet_native no detections
[tag] no detections
[map] motion direction=left speed=0.15 effective_seconds=0.06558656692504883 pose={'x_m': -0.3574828996934133, 'y_m': 0.6212093285854363, 'heading_rad': -2.298623094781806}
[map] navigate label=bin_docking distance_m=1.575 heading_error_rad=-1.105
[can] backend=detectnet_native no detections
[tag] no detections
[map] motion direction=left speed=0.15 effective_seconds=0.06119799613952637 pose={'x_m': -0.3574828996934133, 'y_m': 0.6212093285854363, 'heading_rad': -2.3078663243532658}
[map] navigate label=bin_docking distance_m=1.575 heading_error_rad=-1.095
[can] backend=detectnet_native no detections
[tag] no detections
[map] motion direction=left speed=0.15 effective_seconds=0.061724185943603516 pose={'x_m': -0.3574828996934133, 'y_m': 0.6212093285854363, 'heading_rad': -2.3171890286373644}
[map] navigate label=bin_docking distance_m=1.575 heading_error_rad=-1.086
[can] backend=detectnet_native no detections
[tag] no detections
[map] motion direction=left speed=0.15 effective_seconds=0.06174588203430176 pose={'x_m': -0.3574828996934133, 'y_m': 0.6212093285854363, 'heading_rad': -2.3265150098579603}
[map] navigate label=bin_docking distance_m=1.575 heading_error_rad=-1.077
[can] backend=detectnet_native no detections
[tag] no detections
[map] motion direction=left speed=0.15 effective_seconds=0.061170101165771484 pose={'x_m': -0.3574828996934133, 'y_m': 0.6212093285854363, 'heading_rad': -2.3357540262253518}
[map] navigate label=bin_docking distance_m=1.575 heading_error_rad=-1.068
[can] backend=detectnet_native no detections
[tag] no detections
[map] motion direction=left speed=0.15 effective_seconds=0.05996227264404297 pose={'x_m': -0.3574828996934133, 'y_m': 0.6212093285854363, 'heading_rad': -2.3448106144576157}
[map] navigate label=bin_docking distance_m=1.575 heading_error_rad=-1.059
[can] backend=detectnet_native no detections
[tag] no detections
[map] motion direction=left speed=0.15 effective_seconds=0.061374664306640625 pose={'x_m': -0.3574828996934133, 'y_m': 0.6212093285854363, 'heading_rad': -2.3540805276548413}
[map] navigate label=bin_docking distance_m=1.575 heading_error_rad=-1.049
[can] backend=detectnet_native no detections
[tag] no detections
[map] motion direction=left speed=0.15 effective_seconds=0.05897998809814453 pose={'x_m': -0.3574828996934133, 'y_m': 0.6212093285854363, 'heading_rad': -2.362988753487435}
[map] navigate label=bin_docking distance_m=1.575 heading_error_rad=-1.040
[can] backend=detectnet_native no detections
[tag] no detections
[map] motion direction=left speed=0.15 effective_seconds=0.060755014419555664 pose={'x_m': -0.3574828996934133, 'y_m': 0.6212093285854363, 'heading_rad': -2.372165075937879}
[map] navigate label=bin_docking distance_m=1.575 heading_error_rad=-1.031
[can] backend=detectnet_native no detections
[tag] no detections
[map] motion direction=left speed=0.15 effective_seconds=0.06005072593688965 pose={'x_m': -0.3574828996934133, 'y_m': 0.6212093285854363, 'heading_rad': -2.381235023988171}
[map] navigate label=bin_docking distance_m=1.575 heading_error_rad=-1.022
[can] backend=detectnet_native no detections
[tag] no detections
[map] motion direction=left speed=0.15 effective_seconds=0.062026023864746094 pose={'x_m': -0.3574828996934133, 'y_m': 0.6212093285854363, 'heading_rad': -2.390603317300906}
[map] navigate label=bin_docking distance_m=1.575 heading_error_rad=-1.013
[can] backend=detectnet_native no detections
[tag] no detections
[map] motion direction=left speed=0.15 effective_seconds=0.060158729553222656 pose={'x_m': -0.3574828996934133, 'y_m': 0.6212093285854363, 'heading_rad': -2.3996895780131036}
[map] navigate label=bin_docking distance_m=1.575 heading_error_rad=-1.004
[can] backend=detectnet_native no detections
[tag] no detections
[map] motion direction=left speed=0.15 effective_seconds=0.06051301956176758 pose={'x_m': -0.3574828996934133, 'y_m': 0.6212093285854363, 'heading_rad': -2.4088293500179976}
[map] navigate label=bin_docking distance_m=1.575 heading_error_rad=-0.994
[can] backend=detectnet_native no detections
[tag] no detections
[map] motion direction=left speed=0.15 effective_seconds=0.0626828670501709 pose={'x_m': -0.3574828996934133, 'y_m': 0.6212093285854363, 'heading_rad': -2.4182968516829386}
[map] navigate label=bin_docking distance_m=1.575 heading_error_rad=-0.985
[can] backend=detectnet_native no detections
[tag] no detections
[map] motion direction=left speed=0.15 effective_seconds=0.06276273727416992 pose={'x_m': -0.3574828996934133, 'y_m': 0.6212093285854363, 'heading_rad': -2.427776416795426}
[map] navigate label=bin_docking distance_m=1.575 heading_error_rad=-0.976
[can] backend=detectnet_native detections=1 best_confidence=0.220
[depth] map_can_0_depth mean=3.981 min=2.794 max=4.607
[map] can added id=15 position={'x_m': -0.6115413320257623, 'y_m': 0.3146890812000362}
[tag] no detections
[map] motion direction=left speed=0.15 effective_seconds=0.08547306060791016 pose={'x_m': -0.3574828996934133, 'y_m': 0.6212093285854363, 'heading_rad': -2.4406861061841596}
[map] navigate label=bin_docking distance_m=1.575 heading_error_rad=-0.963
[can] backend=detectnet_native no detections
[tag] no detections
[map] motion direction=left speed=0.15 effective_seconds=0.060643672943115234 pose={'x_m': -0.3574828996934133, 'y_m': 0.6212093285854363, 'heading_rad': -2.4498456118286214}
[map] navigate label=bin_docking distance_m=1.575 heading_error_rad=-0.953
[can] backend=detectnet_native no detections
[tag] no detections
[map] motion direction=left speed=0.15 effective_seconds=0.05978989601135254 pose={'x_m': -0.3574828996934133, 'y_m': 0.6212093285854363, 'heading_rad': -2.4588761646203605}
[map] navigate label=bin_docking distance_m=1.575 heading_error_rad=-0.944
[can] backend=detectnet_native no detections
[tag] no detections
[map] motion direction=left speed=0.15 effective_seconds=0.06746101379394531 pose={'x_m': -0.3574828996934133, 'y_m': 0.6212093285854363, 'heading_rad': -2.4690653485308793}
[map] navigate label=bin_docking distance_m=1.575 heading_error_rad=-0.934
[can] backend=detectnet_native no detections
[tag] no detections
[map] motion direction=left speed=0.15 effective_seconds=0.0633242130279541 pose={'x_m': -0.3574828996934133, 'y_m': 0.6212093285854363, 'heading_rad': -2.4786297178791}
[map] navigate label=bin_docking distance_m=1.575 heading_error_rad=-0.925
[can] backend=detectnet_native no detections
[tag] no detections
[map] motion direction=left speed=0.15 effective_seconds=0.061145782470703125 pose={'x_m': -0.3574828996934133, 'y_m': 0.6212093285854363, 'heading_rad': -2.487865061196791}
[map] navigate label=bin_docking distance_m=1.575 heading_error_rad=-0.915
[can] backend=detectnet_native no detections
[tag] no detections
[map] motion direction=left speed=0.15 effective_seconds=0.06284832954406738 pose={'x_m': -0.3574828996934133, 'y_m': 0.6212093285854363, 'heading_rad': -2.497357554003812}
[map] navigate label=bin_docking distance_m=1.575 heading_error_rad=-0.906
[can] backend=detectnet_native no detections
[tag] no detections
[map] motion direction=left speed=0.15 effective_seconds=0.061484336853027344 pose={'x_m': -0.3574828996934133, 'y_m': 0.6212093285854363, 'heading_rad': -2.5066440319349814}
[map] navigate label=bin_docking distance_m=1.575 heading_error_rad=-0.897
[can] backend=detectnet_native no detections
[tag] no detections
[map] motion direction=left speed=0.15 effective_seconds=0.06053423881530762 pose={'x_m': -0.3574828996934133, 'y_m': 0.6212093285854363, 'heading_rad': -2.5157870088557908}
[map] navigate label=bin_docking distance_m=1.575 heading_error_rad=-0.888
[can] backend=detectnet_native no detections
[tag] no detections
[map] motion direction=left speed=0.15 effective_seconds=0.060170888900756836 pose={'x_m': -0.3574828996934133, 'y_m': 0.6212093285854363, 'heading_rad': -2.5248751060928387}
[map] navigate label=bin_docking distance_m=1.575 heading_error_rad=-0.878
[can] backend=detectnet_native no detections
[tag] no detections
[map] motion direction=left speed=0.15 effective_seconds=0.06231403350830078 pose={'x_m': -0.3574828996934133, 'y_m': 0.6212093285854363, 'heading_rad': -2.5342868998373214}
[map] navigate label=bin_docking distance_m=1.575 heading_error_rad=-0.869
[can] backend=detectnet_native no detections
[tag] no detections
[map] motion direction=left speed=0.15 effective_seconds=0.06584954261779785 pose={'x_m': -0.3574828996934133, 'y_m': 0.6212093285854363, 'heading_rad': -2.5442326901897414}
[map] navigate label=bin_docking distance_m=1.575 heading_error_rad=-0.859
[can] backend=detectnet_native no detections
[tag] no detections
[map] motion direction=left speed=0.15 effective_seconds=0.062081336975097656 pose={'x_m': -0.3574828996934133, 'y_m': 0.6212093285854363, 'heading_rad': -2.5536093378900304}
[map] navigate label=bin_docking distance_m=1.575 heading_error_rad=-0.850
[can] backend=detectnet_native no detections
[tag] no detections
[map] motion direction=left speed=0.15 effective_seconds=0.06320738792419434 pose={'x_m': -0.3574828996934133, 'y_m': 0.6212093285854363, 'heading_rad': -2.563156062195572}
[map] navigate label=bin_docking distance_m=1.575 heading_error_rad=-0.840
[can] backend=detectnet_native no detections
[tag] no detections
[map] motion direction=left speed=0.15 effective_seconds=0.061869144439697266 pose={'x_m': -0.3574828996934133, 'y_m': 0.6212093285854363, 'heading_rad': -2.572500660736709}
[map] navigate label=bin_docking distance_m=1.575 heading_error_rad=-0.831
[can] backend=detectnet_native no detections
[tag] no detections
[map] motion direction=left speed=0.15 effective_seconds=0.06238985061645508 pose={'x_m': -0.3574828996934133, 'y_m': 0.6212093285854363, 'heading_rad': -2.5819239057537877}
[map] navigate label=bin_docking distance_m=1.575 heading_error_rad=-0.821
[can] backend=detectnet_native no detections
[tag] no detections
[map] motion direction=left speed=0.15 effective_seconds=0.06350159645080566 pose={'x_m': -0.3574828996934133, 'y_m': 0.6212093285854363, 'heading_rad': -2.5915150667586477}
[map] navigate label=bin_docking distance_m=1.575 heading_error_rad=-0.812
[can] backend=detectnet_native no detections
[tag] no detections
[map] motion direction=left speed=0.15 effective_seconds=0.061103105545043945 pose={'x_m': -0.3574828996934133, 'y_m': 0.6212093285854363, 'heading_rad': -2.6007439642342174}
[map] navigate label=bin_docking distance_m=1.575 heading_error_rad=-0.803
[can] backend=detectnet_native no detections
[tag] no detections
[map] motion direction=left speed=0.15 effective_seconds=0.06213021278381348 pose={'x_m': -0.3574828996934133, 'y_m': 0.6212093285854363, 'heading_rad': -2.610127994044199}
[map] navigate label=bin_docking distance_m=1.575 heading_error_rad=-0.793
[can] backend=detectnet_native no detections
[tag] no detections
[map] motion direction=left speed=0.15 effective_seconds=0.06276559829711914 pose={'x_m': -0.3574828996934133, 'y_m': 0.6212093285854363, 'heading_rad': -2.61960799128018}
[map] navigate label=bin_docking distance_m=1.575 heading_error_rad=-0.784
[can] backend=detectnet_native no detections
[tag] no detections
[map] motion direction=left speed=0.15 effective_seconds=0.06216931343078613 pose={'x_m': -0.3574828996934133, 'y_m': 0.6212093285854363, 'heading_rad': -2.6289979267779153}
[map] navigate label=bin_docking distance_m=1.575 heading_error_rad=-0.774
[can] backend=detectnet_native no detections
[tag] no detections
[map] motion direction=left speed=0.15 effective_seconds=0.06325840950012207 pose={'x_m': -0.3574828996934133, 'y_m': 0.6212093285854363, 'heading_rad': -2.6385523572857696}
[map] navigate label=bin_docking distance_m=1.575 heading_error_rad=-0.765
[can] backend=detectnet_native no detections
[tag] no detections
[map] motion direction=left speed=0.15 effective_seconds=0.06093788146972656 pose={'x_m': -0.3574828996934133, 'y_m': 0.6212093285854363, 'heading_rad': -2.64775629962955}
[map] navigate label=bin_docking distance_m=1.575 heading_error_rad=-0.756
[can] backend=detectnet_native no detections
[tag] no detections
[map] motion direction=left speed=0.15 effective_seconds=0.06133294105529785 pose={'x_m': -0.3574828996934133, 'y_m': 0.6212093285854363, 'heading_rad': -2.657019911025819}
[map] navigate label=bin_docking distance_m=1.575 heading_error_rad=-0.746
[can] backend=detectnet_native no detections
[tag] no detections
[map] motion direction=left speed=0.15 effective_seconds=0.06118917465209961 pose={'x_m': -0.3574828996934133, 'y_m': 0.6212093285854363, 'heading_rad': -2.666261808216505}
[map] navigate label=bin_docking distance_m=1.575 heading_error_rad=-0.737
[can] backend=detectnet_native no detections
[tag] no detections
[map] motion direction=left speed=0.15 effective_seconds=0.06298828125 pose={'x_m': -0.3574828996934133, 'y_m': 0.6212093285854363, 'heading_rad': -2.67577543906445}
[map] navigate label=bin_docking distance_m=1.575 heading_error_rad=-0.728
[can] backend=detectnet_native no detections
[tag] no detections
[map] motion direction=left speed=0.15 effective_seconds=0.06504225730895996 pose={'x_m': -0.3574828996934133, 'y_m': 0.6212093285854363, 'heading_rad': -2.685599298570928}
[map] navigate label=bin_docking distance_m=1.575 heading_error_rad=-0.718
[can] backend=detectnet_native no detections
[tag] no detections
[map] motion direction=left speed=0.15 effective_seconds=0.06276345252990723 pose={'x_m': -0.3574828996934133, 'y_m': 0.6212093285854363, 'heading_rad': -2.6950789717142887}
[map] navigate label=bin_docking distance_m=1.575 heading_error_rad=-0.708
[can] backend=detectnet_native no detections
[tag] no detections
[map] motion direction=left speed=0.15 effective_seconds=0.06045031547546387 pose={'x_m': -0.3574828996934133, 'y_m': 0.6212093285854363, 'heading_rad': -2.704209273012602}
[map] navigate label=bin_docking distance_m=1.575 heading_error_rad=-0.699
[can] backend=detectnet_native no detections
[tag] no detections
[map] motion direction=left speed=0.15 effective_seconds=0.05961036682128906 pose={'x_m': -0.3574828996934133, 'y_m': 0.6212093285854363, 'heading_rad': -2.713212710055081}
[map] navigate label=bin_docking distance_m=1.575 heading_error_rad=-0.690
[can] backend=detectnet_native no detections
[tag] no detections
[map] motion direction=left speed=0.15 effective_seconds=0.0591740608215332 pose={'x_m': -0.3574828996934133, 'y_m': 0.6212093285854363, 'heading_rad': -2.722150248264697}
[map] navigate label=bin_docking distance_m=1.575 heading_error_rad=-0.681
[can] backend=detectnet_native no detections
[tag] no detections
[map] motion direction=left speed=0.15 effective_seconds=0.06153750419616699 pose={'x_m': -0.3574828996934133, 'y_m': 0.6212093285854363, 'heading_rad': -2.7314447564908}
[map] navigate label=bin_docking distance_m=1.575 heading_error_rad=-0.672
[can] backend=detectnet_native no detections
[tag] no detections
[map] motion direction=left speed=0.15 effective_seconds=0.06065845489501953 pose={'x_m': -0.3574828996934133, 'y_m': 0.6212093285854363, 'heading_rad': -2.740606494773315}
[map] navigate label=bin_docking distance_m=1.575 heading_error_rad=-0.663
[can] backend=detectnet_native no detections
[tag] no detections
[map] motion direction=left speed=0.15 effective_seconds=0.060286760330200195 pose={'x_m': -0.3574828996934133, 'y_m': 0.6212093285854363, 'heading_rad': -2.7497120930118775}
[map] navigate label=bin_docking distance_m=1.575 heading_error_rad=-0.654
[can] backend=detectnet_native no detections
[tag] no detections
[map] motion direction=left speed=0.15 effective_seconds=0.05909872055053711 pose={'x_m': -0.3574828996934133, 'y_m': 0.6212093285854363, 'heading_rad': -2.7586382519694803}
[map] navigate label=bin_docking distance_m=1.575 heading_error_rad=-0.645
[can] backend=detectnet_native detections=1 best_confidence=0.231
[depth] map_can_0_depth mean=4.088 min=3.623 max=4.496
[map] can added id=16 position={'x_m': -0.40896725857081245, 'y_m': 0.21564072783061555}
[tag] no detections
[map] motion direction=left speed=0.15 effective_seconds=0.09182024002075195 pose={'x_m': -0.3574828996934133, 'y_m': 0.6212093285854363, 'heading_rad': -2.7725066073300604}
[map] navigate label=bin_docking distance_m=1.575 heading_error_rad=-0.631
[can] backend=detectnet_native no detections
[tag] no detections
[map] motion direction=left speed=0.15 effective_seconds=0.06197977066040039 pose={'x_m': -0.3574828996934133, 'y_m': 0.6212093285854363, 'heading_rad': -2.781867914646306}
[map] navigate label=bin_docking distance_m=1.575 heading_error_rad=-0.621
[can] backend=detectnet_native no detections
[tag] no detections
[map] motion direction=left speed=0.15 effective_seconds=0.06258940696716309 pose={'x_m': -0.3574828996934133, 'y_m': 0.6212093285854363, 'heading_rad': -2.7913213002771036}
[map] navigate label=bin_docking distance_m=1.575 heading_error_rad=-0.612
[can] backend=detectnet_native no detections
[tag] no detections
[map] motion direction=left speed=0.15 effective_seconds=0.06161761283874512 pose={'x_m': -0.3574828996934133, 'y_m': 0.6212093285854363, 'heading_rad': -2.8006279079610437}
[map] navigate label=bin_docking distance_m=1.575 heading_error_rad=-0.603
[can] backend=detectnet_native no detections
[tag] no detections
[map] motion direction=left speed=0.15 effective_seconds=0.061049699783325195 pose={'x_m': -0.3574828996934133, 'y_m': 0.6212093285854363, 'heading_rad': -2.809848739131388}
[map] navigate label=bin_docking distance_m=1.575 heading_error_rad=-0.593
[can] backend=detectnet_native no detections
[tag] no detections
[map] motion direction=left speed=0.15 effective_seconds=0.05848836898803711 pose={'x_m': -0.3574828996934133, 'y_m': 0.6212093285854363, 'heading_rad': -2.818682711743565}
[map] navigate label=bin_docking distance_m=1.575 heading_error_rad=-0.585
[can] backend=detectnet_native no detections
[tag] no detections
[map] motion direction=left speed=0.15 effective_seconds=0.058957815170288086 pose={'x_m': -0.3574828996934133, 'y_m': 0.6212093285854363, 'heading_rad': -2.827587588619079}
[map] navigate label=bin_docking distance_m=1.575 heading_error_rad=-0.576
[can] backend=detectnet_native no detections
[tag] no detections
[map] motion direction=left speed=0.15 effective_seconds=0.058831214904785156 pose={'x_m': -0.3574828996934133, 'y_m': 0.6212093285854363, 'heading_rad': -2.8364733440299754}
[map] navigate label=bin_docking distance_m=1.575 heading_error_rad=-0.567
[can] backend=detectnet_native no detections
[tag] no detections
[map] motion direction=left speed=0.15 effective_seconds=0.06346893310546875 pose={'x_m': -0.3574828996934133, 'y_m': 0.6212093285854363, 'heading_rad': -2.8460595716249433}
[map] navigate label=bin_docking distance_m=1.575 heading_error_rad=-0.557
[can] backend=detectnet_native no detections
[tag] no detections
[map] motion direction=left speed=0.15 effective_seconds=0.06078743934631348 pose={'x_m': -0.3574828996934133, 'y_m': 0.6212093285854363, 'heading_rad': -2.855240791474988}
[map] navigate label=bin_docking distance_m=1.575 heading_error_rad=-0.548
[can] backend=detectnet_native no detections
[tag] no detections
[map] motion direction=left speed=0.15 effective_seconds=0.060564279556274414 pose={'x_m': -0.3574828996934133, 'y_m': 0.6212093285854363, 'heading_rad': -2.8643883056924864}
[map] navigate label=bin_docking distance_m=1.575 heading_error_rad=-0.539
[can] backend=detectnet_native no detections
[tag] no detections
[map] motion direction=left speed=0.15 effective_seconds=0.05785536766052246 pose={'x_m': -0.3574828996934133, 'y_m': 0.6212093285854363, 'heading_rad': -2.8731266709815753}
[map] navigate label=bin_docking distance_m=1.575 heading_error_rad=-0.530
[can] backend=detectnet_native no detections
[tag] no detections
[map] motion direction=left speed=0.15 effective_seconds=0.06098222732543945 pose={'x_m': -0.3574828996934133, 'y_m': 0.6212093285854363, 'heading_rad': -2.8823373112395156}
[map] navigate label=bin_docking distance_m=1.575 heading_error_rad=-0.521
[can] backend=detectnet_native detections=1 best_confidence=0.229
[depth] map_can_0_depth mean=3.913 min=3.605 max=4.345
[map] can added id=17 position={'x_m': -0.3989260786272812, 'y_m': 0.23211900961217558}
[tag] no detections
[map] motion direction=left speed=0.15 effective_seconds=0.08738183975219727 pose={'x_m': -0.3574828996934133, 'y_m': 0.6212093285854363, 'heading_rad': -2.895535299019452}
[map] navigate label=bin_docking distance_m=1.575 heading_error_rad=-0.508
[can] backend=detectnet_native no detections
[tag] no detections
[map] motion direction=left speed=0.15 effective_seconds=0.06169438362121582 pose={'x_m': -0.3574828996934133, 'y_m': 0.6212093285854363, 'heading_rad': -2.904853502017153}
[map] navigate label=bin_docking distance_m=1.575 heading_error_rad=-0.498
[can] backend=detectnet_native no detections
[tag] no detections
[map] motion direction=left speed=0.15 effective_seconds=0.06153678894042969 pose={'x_m': -0.3574828996934133, 'y_m': 0.6212093285854363, 'heading_rad': -2.9141479022123824}
[map] navigate label=bin_docking distance_m=1.575 heading_error_rad=-0.489
[can] backend=detectnet_native no detections
[tag] no detections
[map] motion direction=left speed=0.15 effective_seconds=0.0612034797668457 pose={'x_m': -0.3574828996934133, 'y_m': 0.6212093285854363, 'heading_rad': -2.9233919600205396}
[map] navigate label=bin_docking distance_m=1.575 heading_error_rad=-0.480
[can] backend=detectnet_native no detections
[tag] no detections
[map] motion direction=left speed=0.15 effective_seconds=0.06034398078918457 pose={'x_m': -0.3574828996934133, 'y_m': 0.6212093285854363, 'heading_rad': -2.9325062007289855}
[map] navigate label=bin_docking distance_m=1.575 heading_error_rad=-0.471
[can] backend=detectnet_native no detections
[tag] no detections
[map] motion direction=left speed=0.15 effective_seconds=0.06168055534362793 pose={'x_m': -0.3574828996934133, 'y_m': 0.6212093285854363, 'heading_rad': -2.9418223151297975}
[map] navigate label=bin_docking distance_m=1.575 heading_error_rad=-0.461
[can] backend=detectnet_native no detections
[tag] no detections
[map] motion direction=left speed=0.15 effective_seconds=0.06120657920837402 pose={'x_m': -0.3574828996934133, 'y_m': 0.6212093285854363, 'heading_rad': -2.9510668410717398}
[map] navigate label=bin_docking distance_m=1.575 heading_error_rad=-0.452
[can] backend=detectnet_native no detections
[tag] no detections
[map] motion direction=left speed=0.15 effective_seconds=0.06242799758911133 pose={'x_m': -0.3574828996934133, 'y_m': 0.6212093285854363, 'heading_rad': -2.9604958477354075}
[map] navigate label=bin_docking distance_m=1.575 heading_error_rad=-0.443
[can] backend=detectnet_native no detections
[tag] no detections
[map] motion direction=left speed=0.15 effective_seconds=0.0628206729888916 pose={'x_m': -0.3574828996934133, 'y_m': 0.6212093285854363, 'heading_rad': -2.9699841633486517}
[map] navigate label=bin_docking distance_m=1.575 heading_error_rad=-0.433
[can] backend=detectnet_native no detections
[tag] no detections
[map] motion direction=left speed=0.15 effective_seconds=0.06065487861633301 pose={'x_m': -0.3574828996934133, 'y_m': 0.6212093285854363, 'heading_rad': -2.979145361476799}
[map] navigate label=bin_docking distance_m=1.575 heading_error_rad=-0.424
[can] backend=detectnet_native no detections
[tag] no detections
[map] motion direction=left speed=0.15 effective_seconds=0.05994057655334473 pose={'x_m': -0.3574828996934133, 'y_m': 0.6212093285854363, 'heading_rad': -2.9881986727725653}
[map] navigate label=bin_docking distance_m=1.575 heading_error_rad=-0.415
[can] backend=detectnet_native no detections
[tag] no detections
[map] motion direction=left speed=0.15 effective_seconds=0.061083316802978516 pose={'x_m': -0.3574828996934133, 'y_m': 0.6212093285854363, 'heading_rad': -2.997424581393967}
[map] navigate label=bin_docking distance_m=1.575 heading_error_rad=-0.406
[can] backend=detectnet_native no detections
[tag] no detections
[map] motion direction=left speed=0.15 effective_seconds=0.06179070472717285 pose={'x_m': -0.3574828996934133, 'y_m': 0.6212093285854363, 'heading_rad': -3.006757332549305}
[map] navigate label=bin_docking distance_m=1.575 heading_error_rad=-0.397
[can] backend=detectnet_native no detections
[tag] no detections
[map] motion direction=left speed=0.15 effective_seconds=0.06118369102478027 pose={'x_m': -0.3574828996934133, 'y_m': 0.6212093285854363, 'heading_rad': -3.015998401503294}
[map] navigate label=bin_docking distance_m=1.575 heading_error_rad=-0.387
[can] backend=detectnet_native no detections
[tag] no detections
[map] motion direction=left speed=0.15 effective_seconds=0.0616912841796875 pose={'x_m': -0.3574828996934133, 'y_m': 0.6212093285854363, 'heading_rad': -3.025316136367209}
[map] navigate label=bin_docking distance_m=1.575 heading_error_rad=-0.378
[can] backend=detectnet_native no detections
[tag] no detections
[map] motion direction=left speed=0.15 effective_seconds=0.06272053718566895 pose={'x_m': -0.3574828996934133, 'y_m': 0.6212093285854363, 'heading_rad': -3.034789327658157}
[map] navigate label=bin_docking distance_m=1.575 heading_error_rad=-0.369
[can] backend=detectnet_native no detections
[tag] no detections
[map] motion direction=left speed=0.15 effective_seconds=0.062307119369506836 pose={'x_m': -0.3574828996934133, 'y_m': 0.6212093285854363, 'heading_rad': -3.0442000771041955}
[map] navigate label=bin_docking distance_m=1.575 heading_error_rad=-0.359
[can] backend=detectnet_native no detections
[tag] no detections
[map] motion direction=left speed=0.15 effective_seconds=0.05831027030944824 pose={'x_m': -0.3574828996934133, 'y_m': 0.6212093285854363, 'heading_rad': -3.0530071500288596}
[map] navigate label=bin_docking distance_m=1.575 heading_error_rad=-0.350
[can] backend=detectnet_native no detections
[tag] no detections
[map] motion direction=left speed=0.15 effective_seconds=0.06168508529663086 pose={'x_m': -0.3574828996934133, 'y_m': 0.6212093285854363, 'heading_rad': -3.0623239486252043}
[map] navigate label=bin_docking distance_m=1.575 heading_error_rad=-0.341
[can] backend=detectnet_native no detections
[tag] no detections
[map] motion direction=left speed=0.15 effective_seconds=0.05994725227355957 pose={'x_m': -0.3574828996934133, 'y_m': 0.6212093285854363, 'heading_rad': -3.0713782682091235}
[map] navigate label=bin_docking distance_m=1.575 heading_error_rad=-0.332
[can] backend=detectnet_native no detections
[tag] no detections
[map] motion direction=left speed=0.15 effective_seconds=0.05988645553588867 pose={'x_m': -0.3574828996934133, 'y_m': 0.6212093285854363, 'heading_rad': -3.0804234051687915}
[map] navigate label=bin_docking distance_m=1.575 heading_error_rad=-0.323
[can] backend=detectnet_native no detections
[tag] no detections
[map] motion direction=left speed=0.15 effective_seconds=0.05999135971069336 pose={'x_m': -0.3574828996934133, 'y_m': 0.6212093285854363, 'heading_rad': -3.0894843866565793}
[map] navigate label=bin_docking distance_m=1.575 heading_error_rad=-0.314
[can] backend=detectnet_native no detections
[tag] no detections
[map] motion direction=left speed=0.15 effective_seconds=0.05948925018310547 pose={'x_m': -0.3574828996934133, 'y_m': 0.6212093285854363, 'heading_rad': -3.0984695304711383}
[map] navigate label=bin_docking distance_m=1.575 heading_error_rad=-0.305
[can] backend=detectnet_native detections=1 best_confidence=0.223
[depth] map_can_0_depth mean=4.703 min=3.908 max=5.297
[map] can added id=18 position={'x_m': -0.3784775025071384, 'y_m': 0.1513928176204361}
[tag] no detections
[map] motion direction=left speed=0.15 effective_seconds=0.08377218246459961 pose={'x_m': -0.3574828996934133, 'y_m': 0.6212093285854363, 'heading_rad': -3.11112232244258}
[map] navigate label=bin_docking distance_m=1.575 heading_error_rad=-0.292
[can] backend=detectnet_native no detections
[tag] no detections
[map] motion direction=left speed=0.15 effective_seconds=0.05948185920715332 pose={'x_m': -0.3574828996934133, 'y_m': 0.6212093285854363, 'heading_rad': -3.120106349938112}
[map] navigate label=bin_docking distance_m=1.575 heading_error_rad=-0.283
[can] backend=detectnet_native no detections
[tag] no detections
[map] motion direction=left speed=0.15 effective_seconds=0.059342384338378906 pose={'x_m': -0.3574828996934133, 'y_m': 0.6212093285854363, 'heading_rad': -3.1290693114133026}
[map] navigate label=bin_docking distance_m=1.575 heading_error_rad=-0.274
[can] backend=detectnet_native no detections
[tag] no detections
[map] motion direction=left speed=0.15 effective_seconds=0.06172060966491699 pose={'x_m': -0.3574828996934133, 'y_m': 0.6212093285854363, 'heading_rad': -3.1383914755430333}
[map] navigate label=bin_docking distance_m=1.575 heading_error_rad=-0.265
[can] backend=detectnet_native no detections
[tag] no detections
[map] motion direction=left speed=0.15 effective_seconds=0.06374454498291016 pose={'x_m': -0.3574828996934133, 'y_m': 0.6212093285854363, 'heading_rad': 3.135165976144979}
[map] navigate label=bin_docking distance_m=1.575 heading_error_rad=-0.255
[can] backend=detectnet_native no detections
[tag] no detections
[map] motion direction=left speed=0.15 effective_seconds=0.06349420547485352 pose={'x_m': -0.3574828996934133, 'y_m': 0.6212093285854363, 'heading_rad': 3.125575931459146}
[map] navigate label=bin_docking distance_m=1.575 heading_error_rad=-0.246
[can] backend=detectnet_native no detections
[tag] no detections
[map] motion direction=left speed=0.15 effective_seconds=0.05974268913269043 pose={'x_m': -0.3574828996934133, 'y_m': 0.6212093285854363, 'heading_rad': 3.1165525087050607}
[map] navigate label=bin_docking distance_m=1.575 heading_error_rad=-0.237
[can] backend=detectnet_native no detections
[tag] no detections
[map] motion direction=left speed=0.15 effective_seconds=0.05961751937866211 pose={'x_m': -0.3574828996934133, 'y_m': 0.6212093285854363, 'heading_rad': 3.1075479913538455}
[map] navigate label=bin_docking distance_m=1.575 heading_error_rad=-0.228
[can] backend=detectnet_native no detections
[tag] no detections
[map] motion direction=left speed=0.15 effective_seconds=0.0616455078125 pose={'x_m': -0.3574828996934133, 'y_m': 0.6212093285854363, 'heading_rad': 3.098237170465837}
[map] navigate label=bin_docking distance_m=1.575 heading_error_rad=-0.218
[can] backend=detectnet_native no detections
[tag] no detections
[map] motion direction=left speed=0.15 effective_seconds=0.06132102012634277 pose={'x_m': -0.3574828996934133, 'y_m': 0.6212093285854363, 'heading_rad': 3.0889753595841274}
[map] navigate label=bin_docking distance_m=1.575 heading_error_rad=-0.209
[can] backend=detectnet_native no detections
[tag] no detections
[map] motion direction=left speed=0.15 effective_seconds=0.06289505958557129 pose={'x_m': -0.3574828996934133, 'y_m': 0.6212093285854363, 'heading_rad': 3.0794758087600345}
[map] navigate label=bin_docking distance_m=1.575 heading_error_rad=-0.200
[can] backend=detectnet_native no detections
[tag] no detections
[map] motion direction=left speed=0.15 effective_seconds=0.0626068115234375 pose={'x_m': -0.3574828996934133, 'y_m': 0.6212093285854363, 'heading_rad': 3.0700197943779806}
[map] navigate label=bin_docking distance_m=1.575 heading_error_rad=-0.190
[can] backend=detectnet_native no detections
[tag] no detections
[map] motion direction=left speed=0.15 effective_seconds=0.05806326866149902 pose={'x_m': -0.3574828996934133, 'y_m': 0.6212093285854363, 'heading_rad': 3.0612500281149817}
[map] navigate label=bin_docking distance_m=1.575 heading_error_rad=-0.181
[can] backend=detectnet_native no detections
[tag] no detections
[map] motion direction=left speed=0.15 effective_seconds=0.05820751190185547 pose={'x_m': -0.3574828996934133, 'y_m': 0.6212093285854363, 'heading_rad': 3.0524584756258175}
[map] navigate label=bin_docking distance_m=1.575 heading_error_rad=-0.173
[can] backend=detectnet_native no detections
[tag] no detections
[map] motion direction=left speed=0.15 effective_seconds=0.06402850151062012 pose={'x_m': -0.3574828996934133, 'y_m': 0.6212093285854363, 'heading_rad': 3.0427877318774454}
[map] navigate label=bin_docking distance_m=1.575 heading_error_rad=-0.163
[can] backend=detectnet_native no detections
[tag] no detections
[map] motion direction=left speed=0.15 effective_seconds=0.06023001670837402 pose={'x_m': -0.3574828996934133, 'y_m': 0.6212093285854363, 'heading_rad': 3.033690704088184}
[map] navigate label=bin_docking distance_m=1.575 heading_error_rad=-0.154
[can] backend=detectnet_native no detections
[tag] no detections
[map] motion direction=left speed=0.15 effective_seconds=0.0629878044128418 pose={'x_m': -0.3574828996934133, 'y_m': 0.6212093285854363, 'heading_rad': 3.024177145260822}
[map] navigate label=bin_docking distance_m=1.575 heading_error_rad=-0.144
[can] backend=detectnet_native no detections
[tag] no detections
[map] motion direction=left speed=0.15 effective_seconds=0.06106305122375488 pose={'x_m': -0.3574828996934133, 'y_m': 0.6212093285854363, 'heading_rad': 3.014954297514171}
[map] navigate label=bin_docking distance_m=1.575 heading_error_rad=-0.135
[can] backend=detectnet_native detections=1 best_confidence=0.232
[depth] map_can_0_depth mean=3.955 min=3.512 max=4.511
[map] can added id=19 position={'x_m': -0.3577526448068422, 'y_m': 0.2257172960176802}
[tag] no detections
[map] motion direction=left speed=0.15 effective_seconds=0.08324384689331055 pose={'x_m': -0.3574828996934133, 'y_m': 0.6212093285854363, 'heading_rad': 3.0023813043479883}
[map] navigate label=bin_docking distance_m=1.575 heading_error_rad=-0.123
[can] backend=detectnet_native no detections
[tag] no detections
[map] motion direction=left speed=0.15 effective_seconds=0.061689138412475586 pose={'x_m': -0.3574828996934133, 'y_m': 0.6212093285854363, 'heading_rad': 2.993063893576694}
[map] navigate label=bin_docking distance_m=1.575 heading_error_rad=-0.113
[map] motion direction=left speed=0.15 effective_seconds=0.024910449981689453 pose={'x_m': -0.3574828996934133, 'y_m': 0.6212093285854363, 'heading_rad': 2.98930146633342}
[base] continuous stop label=map_turn_bin_docking elapsed=0.025s
[base] stop
[base] continuous start label=map_forward_bin_docking direction=forward requested_speed=0.2 effective_speed=0.2
[can] backend=detectnet_native no detections
[tag] no detections
[map] motion direction=forward speed=0.2 effective_seconds=0.06312704086303711 pose={'x_m': -0.35717166103920367, 'y_m': 0.6191814451202918, 'heading_rad': 2.98930146633342}
[map] navigate label=bin_docking distance_m=1.573 heading_error_rad=-0.110
[can] backend=detectnet_native no detections
[tag] no detections
[map] motion direction=forward speed=0.2 effective_seconds=0.06209158897399902 pose={'x_m': -0.3568655275292878, 'y_m': 0.6171868243542383, 'heading_rad': 2.98930146633342}
[map] navigate label=bin_docking distance_m=1.571 heading_error_rad=-0.110
[can] backend=detectnet_native no detections
[tag] no detections
[map] motion direction=forward speed=0.2 effective_seconds=0.06286311149597168 pose={'x_m': -0.35655559014027116, 'y_m': 0.6151674193159633, 'heading_rad': 2.98930146633342}
[map] navigate label=bin_docking distance_m=1.569 heading_error_rad=-0.110
[can] backend=detectnet_native no detections
[tag] no detections
[map] motion direction=forward speed=0.2 effective_seconds=0.059509992599487305 pose={'x_m': -0.3562621848141943, 'y_m': 0.6132557293594326, 'heading_rad': 2.98930146633342}
[map] navigate label=bin_docking distance_m=1.567 heading_error_rad=-0.110
[can] backend=detectnet_native no detections
[tag] no detections
[map] motion direction=forward speed=0.2 effective_seconds=0.06559324264526367 pose={'x_m': -0.35593878691232766, 'y_m': 0.6111486220031076, 'heading_rad': 2.98930146633342}
[map] navigate label=bin_docking distance_m=1.565 heading_error_rad=-0.110
[can] backend=detectnet_native no detections
[tag] no detections
[map] motion direction=forward speed=0.2 effective_seconds=0.06461930274963379 pose={'x_m': -0.35562019087885616, 'y_m': 0.6090728013439474, 'heading_rad': 2.98930146633342}
[map] navigate label=bin_docking distance_m=1.563 heading_error_rad=-0.110
[can] backend=detectnet_native no detections
[tag] no detections
[map] motion direction=forward speed=0.2 effective_seconds=0.06547260284423828 pose={'x_m': -0.355297387773907, 'y_m': 0.6069695694022528, 'heading_rad': 2.98930146633342}
[map] navigate label=bin_docking distance_m=1.561 heading_error_rad=-0.110
[can] backend=detectnet_native no detections
[tag] no detections
[map] motion direction=forward speed=0.2 effective_seconds=0.061797380447387695 pose={'x_m': -0.3549927048161575, 'y_m': 0.6049843997461875, 'heading_rad': 2.98930146633342}
[map] navigate label=bin_docking distance_m=1.559 heading_error_rad=-0.111
[can] backend=detectnet_native no detections
[tag] no detections
[map] motion direction=forward speed=0.2 effective_seconds=0.06154179573059082 pose={'x_m': -0.3546892819815217, 'y_m': 0.6030074404547147, 'heading_rad': 2.98930146633342}
[map] navigate label=bin_docking distance_m=1.557 heading_error_rad=-0.111
[can] backend=detectnet_native no detections
[tag] no detections
[map] motion direction=forward speed=0.2 effective_seconds=0.05844259262084961 pose={'x_m': -0.3544011393151278, 'y_m': 0.601130039492849, 'heading_rad': 2.98930146633342}
[map] navigate label=bin_docking distance_m=1.555 heading_error_rad=-0.111
[can] backend=detectnet_native no detections
[tag] no detections
[map] motion direction=forward speed=0.2 effective_seconds=0.06292343139648438 pose={'x_m': -0.35409090452765246, 'y_m': 0.5991086967472588, 'heading_rad': 2.98930146633342}
[map] navigate label=bin_docking distance_m=1.553 heading_error_rad=-0.111
[can] backend=detectnet_native no detections
[tag] no detections
[map] motion direction=forward speed=0.2 effective_seconds=0.0627748966217041 pose={'x_m': -0.3537814020691882, 'y_m': 0.5970921255101956, 'heading_rad': 2.98930146633342}
[map] navigate label=bin_docking distance_m=1.551 heading_error_rad=-0.111
[can] backend=detectnet_native no detections
[tag] no detections
[map] motion direction=forward speed=0.2 effective_seconds=0.061818838119506836 pose={'x_m': -0.35347661331752056, 'y_m': 0.5951062665511327, 'heading_rad': 2.98930146633342}
[map] navigate label=bin_docking distance_m=1.549 heading_error_rad=-0.111
[can] backend=detectnet_native no detections
[tag] no detections
[map] motion direction=forward speed=0.2 effective_seconds=0.06352806091308594 pose={'x_m': -0.3531633974925299, 'y_m': 0.593065500778857, 'heading_rad': 2.98930146633342}
[map] navigate label=bin_docking distance_m=1.547 heading_error_rad=-0.111
[can] backend=detectnet_native no detections
[tag] no detections
[map] motion direction=forward speed=0.2 effective_seconds=0.06255269050598145 pose={'x_m': -0.3528549905888622, 'y_m': 0.5910560676572792, 'heading_rad': 2.98930146633342}
[map] navigate label=bin_docking distance_m=1.545 heading_error_rad=-0.112
[can] backend=detectnet_native no detections
[tag] no detections
[map] motion direction=forward speed=0.2 effective_seconds=0.05999445915222168 pose={'x_m': -0.35255919667121155, 'y_m': 0.5891288147708492, 'heading_rad': 2.98930146633342}
[map] navigate label=bin_docking distance_m=1.543 heading_error_rad=-0.112
[can] backend=detectnet_native no detections
[tag] no detections
[map] motion direction=forward speed=0.2 effective_seconds=0.060485124588012695 pose={'x_m': -0.3522609835992997, 'y_m': 0.5871857998225427, 'heading_rad': 2.98930146633342}
[map] navigate label=bin_docking distance_m=1.541 heading_error_rad=-0.112
[can] backend=detectnet_native no detections
[tag] no detections
[map] motion direction=forward speed=0.2 effective_seconds=0.06182432174682617 pose={'x_m': -0.35195616781140854, 'y_m': 0.5851997647082694, 'heading_rad': 2.98930146633342}
[map] navigate label=bin_docking distance_m=1.539 heading_error_rad=-0.112
[can] backend=detectnet_native no detections
[tag] no detections
[map] motion direction=forward speed=0.2 effective_seconds=0.06224703788757324 pose={'x_m': -0.35164926788333023, 'y_m': 0.5832001503249451, 'heading_rad': 2.98930146633342}
[map] navigate label=bin_docking distance_m=1.537 heading_error_rad=-0.112
[can] backend=detectnet_native no detections
[tag] no detections
[map] motion direction=forward speed=0.2 effective_seconds=0.06000185012817383 pose={'x_m': -0.3513534375255522, 'y_m': 0.581272660011927, 'heading_rad': 2.98930146633342}
[map] navigate label=bin_docking distance_m=1.535 heading_error_rad=-0.112
[can] backend=detectnet_native no detections
[tag] no detections
[map] motion direction=forward speed=0.2 effective_seconds=0.06045889854431152 pose={'x_m': -0.35105535375731806, 'y_m': 0.579330487545062, 'heading_rad': 2.98930146633342}
[map] navigate label=bin_docking distance_m=1.533 heading_error_rad=-0.112
[can] backend=detectnet_native no detections
[tag] no detections
[map] motion direction=forward speed=0.2 effective_seconds=0.06058192253112793 pose={'x_m': -0.3507566634372866, 'y_m': 0.5773843630743446, 'heading_rad': 2.98930146633342}
[map] navigate label=bin_docking distance_m=1.531 heading_error_rad=-0.113
[can] backend=detectnet_native no detections
[tag] no detections
[map] motion direction=forward speed=0.2 effective_seconds=0.06212258338928223 pose={'x_m': -0.35045037711393345, 'y_m': 0.5753887466484059, 'heading_rad': 2.98930146633342}
[map] navigate label=bin_docking distance_m=1.529 heading_error_rad=-0.113
[can] backend=detectnet_native no detections
[tag] no detections
[map] motion direction=forward speed=0.2 effective_seconds=0.06218671798706055 pose={'x_m': -0.3501437745843139, 'y_m': 0.5733910699723969, 'heading_rad': 2.98930146633342}
[map] navigate label=bin_docking distance_m=1.527 heading_error_rad=-0.113
[can] backend=detectnet_native no detections
[tag] no detections
[map] motion direction=forward speed=0.2 effective_seconds=0.06342411041259766 pose={'x_m': -0.3498310712720822, 'y_m': 0.571353643490198, 'heading_rad': 2.98930146633342}
[map] navigate label=bin_docking distance_m=1.525 heading_error_rad=-0.113
[can] backend=detectnet_native no detections
[tag] no detections
[map] motion direction=forward speed=0.2 effective_seconds=0.06463909149169922 pose={'x_m': -0.3495123776731084, 'y_m': 0.5692771871404956, 'heading_rad': 2.98930146633342}
[map] navigate label=bin_docking distance_m=1.523 heading_error_rad=-0.113
[can] backend=detectnet_native no detections
[tag] no detections
[map] motion direction=forward speed=0.2 effective_seconds=0.06363344192504883 pose={'x_m': -0.3491986422824309, 'y_m': 0.5672330361246098, 'heading_rad': 2.98930146633342}
[map] navigate label=bin_docking distance_m=1.521 heading_error_rad=-0.113
[can] backend=detectnet_native no detections
[tag] no detections
[map] motion direction=forward speed=0.2 effective_seconds=0.06142616271972656 pose={'x_m': -0.34889578955946504, 'y_m': 0.5652597914104014, 'heading_rad': 2.98930146633342}
[map] navigate label=bin_docking distance_m=1.519 heading_error_rad=-0.114
[can] backend=detectnet_native no detections
[tag] no detections
[map] motion direction=forward speed=0.2 effective_seconds=0.05890154838562012 pose={'x_m': -0.3486053840787111, 'y_m': 0.5633676470233112, 'heading_rad': 2.98930146633342}
[map] navigate label=bin_docking distance_m=1.517 heading_error_rad=-0.114
[can] backend=detectnet_native no detections
[tag] no detections
[map] motion direction=forward speed=0.2 effective_seconds=0.06242036819458008 pose={'x_m': -0.3482976295708719, 'y_m': 0.5613624646035514, 'heading_rad': 2.98930146633342}
[map] navigate label=bin_docking distance_m=1.515 heading_error_rad=-0.114
[can] backend=detectnet_native no detections
[tag] no detections
[map] motion direction=forward speed=0.2 effective_seconds=0.06113028526306152 pose={'x_m': -0.34799623562848825, 'y_m': 0.5593987246117865, 'heading_rad': 2.98930146633342}
[map] navigate label=bin_docking distance_m=1.513 heading_error_rad=-0.114
[can] backend=detectnet_native detections=1 best_confidence=0.200
[depth] map_can_0_depth mean=3.818 min=3.444 max=4.353
[map] can added id=20 position={'x_m': -0.35837528876822233, 'y_m': 0.1776932850373713}
[tag] no detections
[map] motion direction=forward speed=0.2 effective_seconds=0.08913516998291016 pose={'x_m': -0.3475567676925776, 'y_m': 0.5565353599601255, 'heading_rad': 2.98930146633342}
[map] navigate label=bin_docking distance_m=1.510 heading_error_rad=-0.114
[can] backend=detectnet_native no detections
[tag] no detections
[map] motion direction=forward speed=0.2 effective_seconds=0.06172919273376465 pose={'x_m': -0.3472524209243901, 'y_m': 0.5545523807558078, 'heading_rad': 2.98930146633342}
[map] navigate label=bin_docking distance_m=1.508 heading_error_rad=-0.114
[can] backend=detectnet_native detections=1 best_confidence=0.256
[depth] map_can_0_depth mean=4.266 min=3.501 max=4.942
[map] can added id=21 position={'x_m': -0.3575393419418446, 'y_m': 0.12808574848909848}
[tag] no detections
[map] motion direction=forward speed=0.2 effective_seconds=0.08615612983703613 pose={'x_m': -0.3468276407107798, 'y_m': 0.5517847143369679, 'heading_rad': 2.98930146633342}
[map] navigate label=bin_docking distance_m=1.505 heading_error_rad=-0.115
[can] backend=detectnet_native no detections
[tag] no detections
[map] motion direction=forward speed=0.2 effective_seconds=0.06397867202758789 pose={'x_m': -0.34651220321350845, 'y_m': 0.5497294732017444, 'heading_rad': 2.98930146633342}
[map] navigate label=bin_docking distance_m=1.503 heading_error_rad=-0.115
[can] backend=detectnet_native no detections
[tag] no detections
[map] motion direction=forward speed=0.2 effective_seconds=0.06376194953918457 pose={'x_m': -0.3461978342348102, 'y_m': 0.5476811940267958, 'heading_rad': 2.98930146633342}
[map] navigate label=bin_docking distance_m=1.501 heading_error_rad=-0.115
[can] backend=detectnet_native detections=1 best_confidence=0.221
[depth] map_can_0_depth mean=4.037 min=3.568 max=4.591
[map] can added id=22 position={'x_m': -0.3559333409482995, 'y_m': 0.14407463823940664}
[tag] no detections
[map] motion direction=forward speed=0.2 effective_seconds=0.0891115665435791 pose={'x_m': -0.34575848267220954, 'y_m': 0.544818587608432, 'heading_rad': 2.98930146633342}
[map] navigate label=bin_docking distance_m=1.498 heading_error_rad=-0.115
[can] backend=detectnet_native detections=1 best_confidence=0.203
[depth] map_can_0_depth mean=3.956 min=3.545 max=4.538
[map] can merged id=22 position={'x_m': -0.35551495989485793, 'y_m': 0.14668655466434086} observations=2
[tag] no detections
[map] motion direction=forward speed=0.2 effective_seconds=0.08618664741516113 pose={'x_m': -0.3453335519961379, 'y_m': 0.5420499408475512, 'heading_rad': 2.98930146633342}
[map] navigate label=bin_docking distance_m=1.495 heading_error_rad=-0.115
[can] backend=detectnet_native no detections
[tag] no detections
[map] motion direction=forward speed=0.2 effective_seconds=0.06441426277160645 pose={'x_m': -0.3450159668823285, 'y_m': 0.5399807068614783, 'heading_rad': 2.98930146633342}
[map] navigate label=bin_docking distance_m=1.493 heading_error_rad=-0.115
[can] backend=detectnet_native no detections
[tag] no detections
[map] motion direction=forward speed=0.2 effective_seconds=0.06268668174743652 pose={'x_m': -0.3447068993544165, 'y_m': 0.5379669694256272, 'heading_rad': 2.98930146633342}
[map] navigate label=bin_docking distance_m=1.491 heading_error_rad=-0.116
[can] backend=detectnet_native no detections
[tag] no detections
[map] motion direction=forward speed=0.2 effective_seconds=0.06237483024597168 pose={'x_m': -0.3443993693647813, 'y_m': 0.5359632498600065, 'heading_rad': 2.98930146633342}
[map] navigate label=bin_docking distance_m=1.489 heading_error_rad=-0.116
[can] backend=detectnet_native detections=1 best_confidence=0.212
[depth] map_can_0_depth mean=4.379 min=3.403 max=5.100
[map] can added id=23 position={'x_m': -0.3571959930153646, 'y_m': 0.0982952797523804}
[tag] no detections
[map] motion direction=forward speed=0.2 effective_seconds=0.08871293067932129 pose={'x_m': -0.3439619832180819, 'y_m': 0.533113449159552, 'heading_rad': 2.98930146633342}
[map] navigate label=bin_docking distance_m=1.486 heading_error_rad=-0.116
[can] backend=detectnet_native detections=1 best_confidence=0.298
[depth] map_can_0_depth mean=4.143 min=2.596 max=4.878
[map] can merged id=21 position={'x_m': -0.3563815868566406, 'y_m': 0.12351380811659646} observations=2
[tag] no detections
[map] motion direction=forward speed=0.2 effective_seconds=0.08712887763977051 pose={'x_m': -0.3435324070135164, 'y_m': 0.5303145343381582, 'heading_rad': 2.98930146633342}
[map] navigate label=bin_docking distance_m=1.483 heading_error_rad=-0.116
[can] backend=detectnet_native detections=1 best_confidence=0.294
[depth] map_can_0_depth mean=4.284 min=3.283 max=5.070
[map] can merged id=23 position={'x_m': -0.35629628051642387, 'y_m': 0.10017337820569427} observations=2
[tag] no detections
[map] motion direction=forward speed=0.2 effective_seconds=0.09348869323730469 pose={'x_m': -0.34307147466710525, 'y_m': 0.5273113177672244, 'heading_rad': 2.98930146633342}
[map] navigate label=bin_docking distance_m=1.480 heading_error_rad=-0.116
[can] backend=detectnet_native detections=1 best_confidence=0.264
[depth] map_can_0_depth mean=4.257 min=3.424 max=4.875
[map] can merged id=23 position={'x_m': -0.3556000105656773, 'y_m': 0.1006994555826955} observations=3
[tag] no detections
[map] motion direction=forward speed=0.2 effective_seconds=0.08697032928466797 pose={'x_m': -0.3426426801620459, 'y_m': 0.52451749612909, 'heading_rad': 2.98930146633342}
[map] navigate label=bin_docking distance_m=1.478 heading_error_rad=-0.117
[can] backend=detectnet_native detections=1 best_confidence=0.356
[depth] map_can_0_depth mean=4.058 min=3.178 max=4.763
[map] can merged id=21 position={'x_m': -0.35582455591075896, 'y_m': 0.12196797513294122} observations=3
[tag] no detections
[map] motion direction=forward speed=0.2 effective_seconds=0.08829307556152344 pose={'x_m': -0.3422073640496779, 'y_m': 0.5216811827906201, 'heading_rad': 2.98930146633342}
[map] navigate label=bin_docking distance_m=1.475 heading_error_rad=-0.117
[can] backend=detectnet_native detections=1 best_confidence=0.302
[depth] map_can_0_depth mean=4.079 min=3.287 max=4.988
[map] can merged id=21 position={'x_m': -0.3556614662666665, 'y_m': 0.11996256666943543} observations=4
[tag] no detections
[map] motion direction=forward speed=0.2 effective_seconds=0.08989930152893066 pose={'x_m': -0.34176412867479383, 'y_m': 0.5187932712933255, 'heading_rad': 2.98930146633342}
[map] navigate label=bin_docking distance_m=1.472 heading_error_rad=-0.117
[can] backend=detectnet_native detections=1 best_confidence=0.262
[depth] map_can_0_depth mean=4.050 min=3.523 max=4.837
[map] can merged id=21 position={'x_m': -0.35553896093491955, 'y_m': 0.11877544116530003} observations=5
[tag] no detections
[map] motion direction=forward speed=0.2 effective_seconds=0.08925342559814453 pose={'x_m': -0.34132407769684553, 'y_m': 0.5159261078162559, 'heading_rad': 2.98930146633342}
[map] navigate label=bin_docking distance_m=1.469 heading_error_rad=-0.117
[can] backend=detectnet_native detections=1 best_confidence=0.207
[depth] map_can_0_depth mean=3.981 min=3.225 max=4.886
[map] can merged id=21 position={'x_m': -0.35538017082500056, 'y_m': 0.11865549473272348} observations=6
[tag] no detections
[map] motion direction=forward speed=0.2 effective_seconds=0.08886361122131348 pose={'x_m': -0.3408859486417432, 'y_m': 0.5130714666769745, 'heading_rad': 2.98930146633342}
[map] navigate label=bin_docking distance_m=1.466 heading_error_rad=-0.118
[can] backend=detectnet_native no detections
[tag] no detections
[map] motion direction=forward speed=0.2 effective_seconds=0.05991840362548828 pose={'x_m': -0.34059052970475795, 'y_m': 0.5111466569867245, 'heading_rad': 2.98930146633342}
[map] navigate label=bin_docking distance_m=1.464 heading_error_rad=-0.118
[can] backend=detectnet_native detections=1 best_confidence=0.308
[depth] map_can_0_depth mean=4.148 min=3.556 max=4.871
[map] can merged id=23 position={'x_m': -0.35562017256698514, 'y_m': 0.09968312637139402} observations=4
[tag] no detections
[map] motion direction=forward speed=0.2 effective_seconds=0.08980727195739746 pose={'x_m': -0.3401477480682339, 'y_m': 0.5082617018333969, 'heading_rad': 2.98930146633342}
[map] navigate label=bin_docking distance_m=1.461 heading_error_rad=-0.118
[can] backend=detectnet_native detections=1 best_confidence=0.296
[depth] map_can_0_depth mean=4.139 min=3.530 max=4.903
[map] can merged id=23 position={'x_m': -0.3554947771120222, 'y_m': 0.09867717360205751} observations=5
[tag] no detections
[map] motion direction=forward speed=0.2 effective_seconds=0.09159541130065918 pose={'x_m': -0.3396961502718657, 'y_m': 0.5053193047636101, 'heading_rad': 2.98930146633342}
[map] navigate label=bin_docking distance_m=1.458 heading_error_rad=-0.118
[can] backend=detectnet_native detections=1 best_confidence=0.264
[depth] map_can_0_depth mean=3.992 min=3.269 max=4.707
[map] can merged id=23 position={'x_m': -0.35569034906776986, 'y_m': 0.09997201754821848} observations=6
[tag] no detections
[map] motion direction=forward speed=0.2 effective_seconds=0.0850365161895752 pose={'x_m': -0.33927689014980583, 'y_m': 0.5025876046433958, 'heading_rad': 2.98930146633342}
[map] navigate label=bin_docking distance_m=1.456 heading_error_rad=-0.118
[can] backend=detectnet_native detections=1 best_confidence=0.275
[depth] map_can_0_depth mean=3.861 min=3.171 max=4.725
[map] can merged id=21 position={'x_m': -0.35553698970228587, 'y_m': 0.11840583706030842} observations=7
[tag] no detections
[map] motion direction=forward speed=0.2 effective_seconds=0.08931159973144531 pose={'x_m': -0.3388365523527906, 'y_m': 0.4997185723893108, 'heading_rad': 2.98930146633342}
[map] navigate label=bin_docking distance_m=1.453 heading_error_rad=-0.119
[can] backend=detectnet_native detections=1 best_confidence=0.353
[depth] map_can_0_depth mean=4.246 min=3.468 max=5.280
[map] can added id=24 position={'x_m': -0.35688806777320636, 'y_m': 0.07547638062334516}
[tag] no detections
[map] motion direction=forward speed=0.2 effective_seconds=0.08586263656616211 pose={'x_m': -0.3384132191648827, 'y_m': 0.49696033410369234, 'heading_rad': 2.98930146633342}
[map] navigate label=bin_docking distance_m=1.450 heading_error_rad=-0.119
[can] backend=detectnet_native detections=1 best_confidence=0.225
[depth] map_can_0_depth mean=4.228 min=3.359 max=5.123
[map] can merged id=24 position={'x_m': -0.3572845064079452, 'y_m': 0.0750603421830586} observations=2
[tag] no detections
[map] motion direction=forward speed=0.2 effective_seconds=0.08860063552856445 pose={'x_m': -0.3379763866730215, 'y_m': 0.4941141407555915, 'heading_rad': 2.98930146633342}
[map] navigate label=bin_docking distance_m=1.447 heading_error_rad=-0.119
[can] backend=detectnet_native detections=1 best_confidence=0.233
[depth] map_can_0_depth mean=4.000 min=3.021 max=5.084
[map] can merged id=23 position={'x_m': -0.35585182613599103, 'y_m': 0.09919634077880675} observations=7
[tag] no detections
[map] motion direction=forward speed=0.2 effective_seconds=0.08336687088012695 pose={'x_m': -0.33756535849328007, 'y_m': 0.49143607606750583, 'heading_rad': 2.98930146633342}
[map] navigate label=bin_docking distance_m=1.444 heading_error_rad=-0.119
[can] backend=detectnet_native no detections
[tag] no detections
[map] motion direction=forward speed=0.2 effective_seconds=0.0638430118560791 pose={'x_m': -0.33725058984866885, 'y_m': 0.4893851928590111, 'heading_rad': 2.98930146633342}
[map] navigate label=bin_docking distance_m=1.442 heading_error_rad=-0.120
[can] backend=detectnet_native detections=1 best_confidence=0.240
[depth] map_can_0_depth mean=3.648 min=2.097 max=4.959
[map] can merged id=21 position={'x_m': -0.3552131100120163, 'y_m': 0.11921819945676643} observations=8
[tag] no detections
[map] motion direction=forward speed=0.2 effective_seconds=0.08881449699401855 pose={'x_m': -0.33681270294409027, 'y_m': 0.48653212945770175, 'heading_rad': 2.98930146633342}
[map] navigate label=bin_docking distance_m=1.439 heading_error_rad=-0.120
[can] backend=detectnet_native detections=1 best_confidence=0.236
[depth] map_can_0_depth mean=3.799 min=2.928 max=4.641
[map] can merged id=23 position={'x_m': -0.35583051048236003, 'y_m': 0.1001798627892334} observations=8
[tag] no detections
[map] motion direction=forward speed=0.2 effective_seconds=0.0921165943145752 pose={'x_m': -0.33635853553099954, 'y_m': 0.4835729899839976, 'heading_rad': 2.98930146633342}
[map] navigate label=bin_docking distance_m=1.437 heading_error_rad=-0.120
[map] motion direction=forward speed=0.2 effective_seconds=0.016788005828857422 pose={'x_m': -0.33627576472043086, 'y_m': 0.48303369463658935, 'heading_rad': 2.98930146633342}
[base] continuous stop label=map_forward_bin_docking elapsed=0.017s
[base] stop
[base] continuous start label=map_turn_bin_docking direction=left requested_speed=0.15 effective_speed=0.15
[can] backend=detectnet_native detections=1 best_confidence=0.234
[depth] map_can_0_depth mean=3.946 min=3.061 max=4.727
[map] can added id=25 position={'x_m': -0.35587272301297257, 'y_m': 0.08891797962457276}
[tag] no detections
[map] motion direction=left speed=0.15 effective_seconds=0.08656787872314453 pose={'x_m': -0.33627576472043086, 'y_m': 0.48303369463658935, 'heading_rad': 2.9762264176875792}
[map] navigate label=bin_docking distance_m=1.436 heading_error_rad=-0.107
[map] motion direction=left speed=0.15 effective_seconds=0.01799798011779785 pose={'x_m': -0.33627576472043086, 'y_m': 0.48303369463658935, 'heading_rad': 2.9735080368165434}
[base] continuous stop label=map_turn_bin_docking elapsed=0.018s
[base] stop
[base] continuous start label=map_forward_bin_docking direction=forward requested_speed=0.2 effective_speed=0.2
[can] backend=detectnet_native detections=1 best_confidence=0.280
[depth] map_can_0_depth mean=3.910 min=3.078 max=4.791
[map] can merged id=25 position={'x_m': -0.35329710171674905, 'y_m': 0.09062786631726458} observations=2
[tag] no detections
[map] motion direction=forward speed=0.2 effective_seconds=0.0893716812133789 pose={'x_m': -0.3357898451976883, 'y_m': 0.4801700492152362, 'heading_rad': 2.9735080368165434}
[map] navigate label=bin_docking distance_m=1.433 heading_error_rad=-0.104
[can] backend=detectnet_native detections=1 best_confidence=0.308
[depth] map_can_0_depth mean=4.080 min=3.315 max=5.254
[map] can merged id=24 position={'x_m': -0.35625679919872394, 'y_m': 0.07422659618279198} observations=3
[tag] no detections
[map] motion direction=forward speed=0.2 effective_seconds=0.08743596076965332 pose={'x_m': -0.3353144503102822, 'y_m': 0.4773684281052805, 'heading_rad': 2.9735080368165434}
[map] navigate label=bin_docking distance_m=1.430 heading_error_rad=-0.105
[can] backend=detectnet_native detections=1 best_confidence=0.279
[depth] map_can_0_depth mean=3.925 min=2.932 max=5.019
[map] can merged id=25 position={'x_m': -0.3532070485594767, 'y_m': 0.08882978357370917} observations=3
[tag] no detections
[map] motion direction=forward speed=0.2 effective_seconds=0.08691835403442383 pose={'x_m': -0.3348418696836613, 'y_m': 0.47458339213882084, 'heading_rad': 2.9735080368165434}
[map] navigate label=bin_docking distance_m=1.427 heading_error_rad=-0.105
[can] backend=detectnet_native no detections
[tag] no detections
[map] motion direction=forward speed=0.2 effective_seconds=0.06311511993408203 pose={'x_m': -0.3344987087568462, 'y_m': 0.4725610588698979, 'heading_rad': 2.9735080368165434}
[map] navigate label=bin_docking distance_m=1.425 heading_error_rad=-0.105
[can] backend=detectnet_native detections=1 best_confidence=0.233
[depth] map_can_0_depth mean=3.927 min=2.756 max=5.038
[map] can merged id=24 position={'x_m': -0.35574873046928296, 'y_m': 0.07575831595304511} observations=4
[tag] no detections
[map] motion direction=forward speed=0.2 effective_seconds=0.08745551109313965 pose={'x_m': -0.3340232075730861, 'y_m': 0.469758811328912, 'heading_rad': 2.9735080368165434}
[map] navigate label=bin_docking distance_m=1.423 heading_error_rad=-0.105
[can] backend=detectnet_native detections=1 best_confidence=0.282
[depth] map_can_0_depth mean=4.001 min=2.983 max=5.080
[map] can merged id=24 position={'x_m': -0.35530061585129635, 'y_m': 0.07463094924241973} observations=5
[tag] no detections
[map] motion direction=forward speed=0.2 effective_seconds=0.08922958374023438 pose={'x_m': -0.33353806064335506, 'y_m': 0.46689971899163235, 'heading_rad': 2.9735080368165434}
[map] navigate label=bin_docking distance_m=1.420 heading_error_rad=-0.105
[can] backend=detectnet_native detections=1 best_confidence=0.450
[depth] map_can_0_depth mean=4.041 min=3.072 max=4.964
[map] can added id=26 position={'x_m': -0.35321530425069686, 'y_m': 0.06331843425076567}
[tag] no detections
[map] motion direction=forward speed=0.2 effective_seconds=0.08791995048522949 pose={'x_m': -0.3330600342730406, 'y_m': 0.4640825898939766, 'heading_rad': 2.9735080368165434}
[map] navigate label=bin_docking distance_m=1.417 heading_error_rad=-0.106
[can] backend=detectnet_native detections=1 best_confidence=0.240
[depth] map_can_0_depth mean=4.053 min=3.229 max=4.681
[map] can merged id=26 position={'x_m': -0.3525398157283154, 'y_m': 0.06128788362211607} observations=2
[tag] no detections
[map] motion direction=forward speed=0.2 effective_seconds=0.09211993217468262 pose={'x_m': -0.33255917233478827, 'y_m': 0.4611308850764566, 'heading_rad': 2.9735080368165434}
[map] navigate label=bin_docking distance_m=1.414 heading_error_rad=-0.106
[can] backend=detectnet_native detections=1 best_confidence=0.329
[depth] map_can_0_depth mean=3.908 min=2.521 max=4.612
[map] can merged id=24 position={'x_m': -0.35436606781320856, 'y_m': 0.07398067893951689} observations=6
[tag] no detections
[map] motion direction=forward speed=0.2 effective_seconds=0.08611345291137695 pose={'x_m': -0.3320909680068367, 'y_m': 0.45837163973387646, 'heading_rad': 2.9735080368165434}
[map] navigate label=bin_docking distance_m=1.411 heading_error_rad=-0.106
[can] backend=detectnet_native detections=1 best_confidence=0.348
[depth] map_can_0_depth mean=4.120 min=3.161 max=4.847
[map] can added id=27 position={'x_m': -0.3537352587728949, 'y_m': 0.04689407387008904}
[tag] no detections
[map] motion direction=forward speed=0.2 effective_seconds=0.08805370330810547 pose={'x_m': -0.33161221441390565, 'y_m': 0.4555502249312455, 'heading_rad': 2.9735080368165434}
[map] navigate label=bin_docking distance_m=1.408 heading_error_rad=-0.106
[can] backend=detectnet_native detections=1 best_confidence=0.407
[depth] map_can_0_depth mean=4.042 min=3.252 max=4.693
[map] can merged id=27 position={'x_m': -0.35292888557740587, 'y_m': 0.04937678506860338} observations=2
[tag] no detections
[map] motion direction=forward speed=0.2 effective_seconds=0.08723688125610352 pose={'x_m': -0.33113790193449383, 'y_m': 0.4527549827226344, 'heading_rad': 2.9735080368165434}
[map] navigate label=bin_docking distance_m=1.405 heading_error_rad=-0.107
[can] backend=detectnet_native detections=1 best_confidence=0.298
[depth] map_can_0_depth mean=3.995 min=3.118 max=4.616
[map] can merged id=27 position={'x_m': -0.3518788415949585, 'y_m': 0.05080111997566187} observations=3
[tag] no detections
[map] motion direction=forward speed=0.2 effective_seconds=0.09200286865234375 pose={'x_m': -0.33063767647806813, 'y_m': 0.4498070288518931, 'heading_rad': 2.9735080368165434}
[map] navigate label=bin_docking distance_m=1.402 heading_error_rad=-0.107
[can] backend=detectnet_native detections=1 best_confidence=0.388
[depth] map_can_0_depth mean=3.852 min=2.921 max=4.542
[map] can merged id=26 position={'x_m': -0.3517540177015912, 'y_m': 0.06256546973682799} observations=3
[tag] no detections
[map] motion direction=forward speed=0.2 effective_seconds=0.0854191780090332 pose={'x_m': -0.3301732469669782, 'y_m': 0.4470700294502896, 'heading_rad': 2.9735080368165434}
[map] navigate label=bin_docking distance_m=1.400 heading_error_rad=-0.107
[can] backend=detectnet_native detections=1 best_confidence=0.314
[depth] map_can_0_depth mean=3.848 min=2.914 max=4.624
[map] can merged id=26 position={'x_m': -0.351682089253594, 'y_m': 0.06264176174521081} observations=4
[tag] no detections
[map] motion direction=forward speed=0.2 effective_seconds=0.08927106857299805 pose={'x_m': -0.3296878744815693, 'y_m': 0.44420960785692143, 'heading_rad': 2.9735080368165434}
[map] navigate label=bin_docking distance_m=1.397 heading_error_rad=-0.107
[can] backend=detectnet_native detections=1 best_confidence=0.279
[depth] map_can_0_depth mean=3.891 min=3.177 max=4.740
[map] can merged id=27 position={'x_m': -0.35151583118369356, 'y_m': 0.0520072838065989} observations=4
[tag] no detections
[map] motion direction=forward speed=0.2 effective_seconds=0.08902740478515625 pose={'x_m': -0.3292038268116935, 'y_m': 0.4413569937332229, 'heading_rad': 2.9735080368165434}
[map] navigate label=bin_docking distance_m=1.394 heading_error_rad=-0.107
[can] backend=detectnet_native detections=1 best_confidence=0.258
[depth] map_can_0_depth mean=3.926 min=2.988 max=4.673
[map] can merged id=27 position={'x_m': -0.35115770625029297, 'y_m': 0.05146908002743833} observations=5
[tag] no detections
[map] motion direction=forward speed=0.2 effective_seconds=0.08812808990478516 pose={'x_m': -0.3287246687740987, 'y_m': 0.4385331954369158, 'heading_rad': 2.9735080368165434}
[map] navigate label=bin_docking distance_m=1.391 heading_error_rad=-0.108
[can] backend=detectnet_native detections=1 best_confidence=0.257
[depth] map_can_0_depth mean=3.886 min=2.378 max=5.116
[map] can merged id=27 position={'x_m': -0.3513995718492926, 'y_m': 0.05133571514202243} observations=6
[tag] no detections
[map] motion direction=forward speed=0.2 effective_seconds=0.0932004451751709 pose={'x_m': -0.32821793201784605, 'y_m': 0.43554686884587035, 'heading_rad': 2.9735080368165434}
[map] navigate label=bin_docking distance_m=1.388 heading_error_rad=-0.108
[can] backend=detectnet_native detections=1 best_confidence=0.244
[depth] map_can_0_depth mean=3.735 min=2.414 max=5.115
[map] can merged id=26 position={'x_m': -0.351580583052181, 'y_m': 0.06266266151199981} observations=5
[tag] no detections
[map] motion direction=forward speed=0.2 effective_seconds=0.08931398391723633 pose={'x_m': -0.32773232619897724, 'y_m': 0.4326850721599967, 'heading_rad': 2.9735080368165434}
[map] navigate label=bin_docking distance_m=1.385 heading_error_rad=-0.108
[can] backend=detectnet_native detections=1 best_confidence=0.200
[depth] map_can_0_depth mean=3.758 min=2.398 max=5.340
[map] can merged id=26 position={'x_m': -0.35132768090764727, 'y_m': 0.06180902706093685} observations=6
[tag] no detections
[map] motion direction=forward speed=0.2 effective_seconds=0.08706951141357422 pose={'x_m': -0.3272589237200589, 'y_m': 0.42989519281215677, 'heading_rad': 2.9735080368165434}
[map] navigate label=bin_docking distance_m=1.382 heading_error_rad=-0.108
[can] backend=detectnet_native no detections
[tag] no detections
[map] motion direction=forward speed=0.2 effective_seconds=0.06283092498779297 pose={'x_m': -0.32691730797926677, 'y_m': 0.4278819657113809, 'heading_rad': 2.9735080368165434}
[map] navigate label=bin_docking distance_m=1.380 heading_error_rad=-0.108
[can] backend=detectnet_native no detections
[tag] no detections
[map] motion direction=forward speed=0.2 effective_seconds=0.0606236457824707 pose={'x_m': -0.3265876933560932, 'y_m': 0.4259394642018007, 'heading_rad': 2.9735080368165434}
[map] navigate label=bin_docking distance_m=1.378 heading_error_rad=-0.109
[can] backend=detectnet_native no detections
[tag] no detections
[map] motion direction=forward speed=0.2 effective_seconds=0.06532025337219238 pose={'x_m': -0.32623254297833254, 'y_m': 0.4238464740963073, 'heading_rad': 2.9735080368165434}
[map] navigate label=bin_docking distance_m=1.376 heading_error_rad=-0.109
[can] backend=detectnet_native no detections
[tag] no detections
[map] motion direction=forward speed=0.2 effective_seconds=0.06265544891357422 pose={'x_m': -0.32589188131213187, 'y_m': 0.4218388695959981, 'heading_rad': 2.9735080368165434}
[map] navigate label=bin_docking distance_m=1.374 heading_error_rad=-0.109
[can] backend=detectnet_native no detections
[tag] no detections
[map] motion direction=forward speed=0.2 effective_seconds=0.06358218193054199 pose={'x_m': -0.3255461809394953, 'y_m': 0.41980157073697444, 'heading_rad': 2.9735080368165434}
[map] navigate label=bin_docking distance_m=1.372 heading_error_rad=-0.109
[can] backend=detectnet_native detections=1 best_confidence=0.220
[depth] map_can_0_depth mean=3.924 min=3.118 max=4.748
[map] can added id=28 position={'x_m': -0.34806262647385827, 'y_m': 0.028032136502744887}
[tag] no detections
[map] motion direction=forward speed=0.2 effective_seconds=0.08715176582336426 pose={'x_m': -0.3250723312381122, 'y_m': 0.4170090557951658, 'heading_rad': 2.9735080368165434}
[map] navigate label=bin_docking distance_m=1.369 heading_error_rad=-0.109
[can] backend=detectnet_native detections=1 best_confidence=0.264
[depth] map_can_0_depth mean=3.684 min=2.622 max=4.649
[map] can merged id=27 position={'x_m': -0.35073916676851213, 'y_m': 0.05103321430970987} observations=7
[tag] no detections
[map] motion direction=forward speed=0.2 effective_seconds=0.08845329284667969 pose={'x_m': -0.3245914050514105, 'y_m': 0.41417483735342875, 'heading_rad': 2.9735080368165434}
[map] navigate label=bin_docking distance_m=1.367 heading_error_rad=-0.110
[can] backend=detectnet_native detections=1 best_confidence=0.251
[depth] map_can_0_depth mean=3.803 min=2.800 max=4.762
[map] can merged id=28 position={'x_m': -0.34762497318355745, 'y_m': 0.031304865925130654} observations=2
[tag] no detections
[map] motion direction=forward speed=0.2 effective_seconds=0.0892031192779541 pose={'x_m': -0.32410640201064633, 'y_m': 0.4113165929898608, 'heading_rad': 2.9735080368165434}
[map] navigate label=bin_docking distance_m=1.364 heading_error_rad=-0.110
[can] backend=detectnet_native detections=1 best_confidence=0.333
[depth] map_can_0_depth mean=3.465 min=2.197 max=4.710
[map] can merged id=26 position={'x_m': -0.35053150197016336, 'y_m': 0.06234080399218419} observations=7
[tag] no detections
[map] motion direction=forward speed=0.2 effective_seconds=0.08699655532836914 pose={'x_m': -0.3236333961986097, 'y_m': 0.4085290512992801, 'heading_rad': 2.9735080368165434}
[map] navigate label=bin_docking distance_m=1.361 heading_error_rad=-0.110
[can] backend=detectnet_native detections=1 best_confidence=0.209
[depth] map_can_0_depth mean=3.516 min=2.511 max=4.613
[map] can merged id=26 position={'x_m': -0.3497807067505738, 'y_m': 0.06174330520710193} observations=8
[tag] no detections
[map] motion direction=forward speed=0.2 effective_seconds=0.09012246131896973 pose={'x_m': -0.3231433946366166, 'y_m': 0.4056413493984848, 'heading_rad': 2.9735080368165434}
[map] navigate label=bin_docking distance_m=1.358 heading_error_rad=-0.110
[can] backend=detectnet_native no detections
[tag] no detections
[map] motion direction=forward speed=0.2 effective_seconds=0.06364727020263672 pose={'x_m': -0.32279734037489927, 'y_m': 0.4036019649824946, 'heading_rad': 2.9735080368165434}
[map] navigate label=bin_docking distance_m=1.356 heading_error_rad=-0.110
[can] backend=detectnet_native no detections
[tag] no detections
[map] motion direction=forward speed=0.2 effective_seconds=0.062323570251464844 pose={'x_m': -0.32245848315412146, 'y_m': 0.401604994530894, 'heading_rad': 2.9735080368165434}
[map] navigate label=bin_docking distance_m=1.354 heading_error_rad=-0.111
[can] backend=detectnet_native no detections
[tag] no detections
[map] motion direction=forward speed=0.2 effective_seconds=0.060338497161865234 pose={'x_m': -0.32213041890215893, 'y_m': 0.39967162974707204, 'heading_rad': 2.9735080368165434}
[map] navigate label=bin_docking distance_m=1.352 heading_error_rad=-0.111
[can] backend=detectnet_native no detections
[tag] no detections
[map] motion direction=forward speed=0.2 effective_seconds=0.059853315353393555 pose={'x_m': -0.3218049926145898, 'y_m': 0.3977538111479642, 'heading_rad': 2.9735080368165434}
[map] navigate label=bin_docking distance_m=1.350 heading_error_rad=-0.111
[can] backend=detectnet_native no detections
[tag] no detections
[map] motion direction=forward speed=0.2 effective_seconds=0.06266546249389648 pose={'x_m': -0.3214642765039151, 'y_m': 0.395745885792737, 'heading_rad': 2.9735080368165434}
[map] navigate label=bin_docking distance_m=1.348 heading_error_rad=-0.111
[can] backend=detectnet_native no detections
[tag] no detections
[map] motion direction=forward speed=0.2 effective_seconds=0.062487125396728516 pose={'x_m': -0.32112453002339586, 'y_m': 0.3937436747108101, 'heading_rad': 2.9735080368165434}
[map] navigate label=bin_docking distance_m=1.346 heading_error_rad=-0.111
[can] backend=detectnet_native no detections
[tag] no detections
[map] motion direction=forward speed=0.2 effective_seconds=0.06651592254638672 pose={'x_m': -0.3207628787161842, 'y_m': 0.3916123730002351, 'heading_rad': 2.9735080368165434}
[map] navigate label=bin_docking distance_m=1.344 heading_error_rad=-0.111
[can] backend=detectnet_native no detections
[tag] no detections
[map] motion direction=forward speed=0.2 effective_seconds=0.061267852783203125 pose={'x_m': -0.3204297614985188, 'y_m': 0.3896492298242679, 'heading_rad': 2.9735080368165434}
[map] navigate label=bin_docking distance_m=1.342 heading_error_rad=-0.112
[can] backend=detectnet_native no detections
[tag] no detections
[map] motion direction=forward speed=0.2 effective_seconds=0.06265401840209961 pose={'x_m': -0.3200891076101001, 'y_m': 0.3876416711603755, 'heading_rad': 2.9735080368165434}
[map] navigate label=bin_docking distance_m=1.340 heading_error_rad=-0.112
[can] backend=detectnet_native no detections
[tag] no detections
[map] motion direction=forward speed=0.2 effective_seconds=0.059818267822265625 pose={'x_m': -0.31976387187818983, 'y_m': 0.38572497555348045, 'heading_rad': 2.9735080368165434}
[map] navigate label=bin_docking distance_m=1.338 heading_error_rad=-0.112
[can] backend=detectnet_native no detections
[tag] no detections
[map] motion direction=forward speed=0.2 effective_seconds=0.060999393463134766 pose={'x_m': -0.31943221429094554, 'y_m': 0.383770434345075, 'heading_rad': 2.9735080368165434}
[map] navigate label=bin_docking distance_m=1.336 heading_error_rad=-0.112
[can] backend=detectnet_native no detections
[tag] no detections
[map] motion direction=forward speed=0.2 effective_seconds=0.06283950805664062 pose={'x_m': -0.31909055188346147, 'y_m': 0.38175693222579804, 'heading_rad': 2.9735080368165434}
[map] navigate label=bin_docking distance_m=1.334 heading_error_rad=-0.112
[can] backend=detectnet_native no detections
[tag] no detections
[map] motion direction=forward speed=0.2 effective_seconds=0.06186532974243164 pose={'x_m': -0.3187541861455161, 'y_m': 0.3797746447063942, 'heading_rad': 2.9735080368165434}
[map] navigate label=bin_docking distance_m=1.332 heading_error_rad=-0.112
[can] backend=detectnet_native no detections
[tag] no detections
[map] motion direction=forward speed=0.2 effective_seconds=0.06191134452819824 pose={'x_m': -0.31841757022224987, 'y_m': 0.3777908827822485, 'heading_rad': 2.9735080368165434}
[map] navigate label=bin_docking distance_m=1.330 heading_error_rad=-0.113
[can] backend=detectnet_native no detections
[tag] no detections
[map] motion direction=forward speed=0.2 effective_seconds=0.06196451187133789 pose={'x_m': -0.31808066522475287, 'y_m': 0.3758054172712766, 'heading_rad': 2.9735080368165434}
[map] navigate label=bin_docking distance_m=1.328 heading_error_rad=-0.113
[can] backend=detectnet_native no detections
[tag] no detections
[map] motion direction=forward speed=0.2 effective_seconds=0.06226158142089844 pose={'x_m': -0.31774214504119486, 'y_m': 0.37381043306440603, 'heading_rad': 2.9735080368165434}
[map] navigate label=bin_docking distance_m=1.326 heading_error_rad=-0.113
[can] backend=detectnet_native no detections
[tag] no detections
[map] motion direction=forward speed=0.2 effective_seconds=0.06442594528198242 pose={'x_m': -0.3173918570734781, 'y_m': 0.3717460983588452, 'heading_rad': 2.9735080368165434}
[map] navigate label=bin_docking distance_m=1.324 heading_error_rad=-0.113
[can] backend=detectnet_native no detections
[tag] no detections
[map] motion direction=forward speed=0.2 effective_seconds=0.062262535095214844 pose={'x_m': -0.3170533317047321, 'y_m': 0.36975108359436337, 'heading_rad': 2.9735080368165434}
[map] navigate label=bin_docking distance_m=1.322 heading_error_rad=-0.113
[can] backend=detectnet_native no detections
[tag] no detections
[map] motion direction=forward speed=0.2 effective_seconds=0.0632784366607666 pose={'x_m': -0.3167092828144725, 'y_m': 0.367723517334517, 'heading_rad': 2.9735080368165434}
[map] navigate label=bin_docking distance_m=1.320 heading_error_rad=-0.113
[can] backend=detectnet_native no detections
[tag] no detections
[map] motion direction=forward speed=0.2 effective_seconds=0.059860944747924805 pose={'x_m': -0.3163838150453994, 'y_m': 0.3658054542745194, 'heading_rad': 2.9735080368165434}
[map] navigate label=bin_docking distance_m=1.318 heading_error_rad=-0.114
[can] backend=detectnet_native no detections
[tag] no detections
[map] motion direction=forward speed=0.2 effective_seconds=0.07023191452026367 pose={'x_m': -0.3160019596531583, 'y_m': 0.3635550848317802, 'heading_rad': 2.9735080368165434}
[map] navigate label=bin_docking distance_m=1.315 heading_error_rad=-0.114
[can] backend=detectnet_native no detections
[tag] no detections
[map] motion direction=forward speed=0.2 effective_seconds=0.06306862831115723 pose={'x_m': -0.315659051504258, 'y_m': 0.3615342412464048, 'heading_rad': 2.9735080368165434}
[map] navigate label=bin_docking distance_m=1.313 heading_error_rad=-0.114
[can] backend=detectnet_native no detections
[tag] no detections
[map] motion direction=forward speed=0.2 effective_seconds=0.06313967704772949 pose={'x_m': -0.31531575705885195, 'y_m': 0.3595111211189927, 'heading_rad': 2.9735080368165434}
[map] navigate label=bin_docking distance_m=1.311 heading_error_rad=-0.114
[can] backend=detectnet_native no detections
[tag] no detections
[map] motion direction=forward speed=0.2 effective_seconds=0.06266283988952637 pose={'x_m': -0.3149750552074443, 'y_m': 0.35750327979719637, 'heading_rad': 2.9735080368165434}
[map] navigate label=bin_docking distance_m=1.309 heading_error_rad=-0.114
[can] backend=detectnet_native no detections
[tag] no detections
[map] motion direction=forward speed=0.2 effective_seconds=0.06260514259338379 pose={'x_m': -0.31463466705991044, 'y_m': 0.3554972872108796, 'heading_rad': 2.9735080368165434}
[map] navigate label=bin_docking distance_m=1.307 heading_error_rad=-0.115
[can] backend=detectnet_native no detections
[tag] no detections
[map] motion direction=forward speed=0.2 effective_seconds=0.06268072128295898 pose={'x_m': -0.3142938679862278, 'y_m': 0.3534888729338727, 'heading_rad': 2.9735080368165434}
[map] navigate label=bin_docking distance_m=1.305 heading_error_rad=-0.115
[can] backend=detectnet_native no detections
[tag] no detections
[map] motion direction=forward speed=0.2 effective_seconds=0.06137275695800781 pose={'x_m': -0.3139601803978828, 'y_m': 0.35152236842067003, 'heading_rad': 2.9735080368165434}
[map] navigate label=bin_docking distance_m=1.303 heading_error_rad=-0.115
[can] backend=detectnet_native no detections
[tag] no detections
[map] motion direction=forward speed=0.2 effective_seconds=0.05864715576171875 pose={'x_m': -0.3136413120768326, 'y_m': 0.3496431975603675, 'heading_rad': 2.9735080368165434}
[map] navigate label=bin_docking distance_m=1.301 heading_error_rad=-0.115
[can] backend=detectnet_native no detections
[tag] no detections
[map] motion direction=forward speed=0.2 effective_seconds=0.060808658599853516 pose={'x_m': -0.31331069152718766, 'y_m': 0.3476947678742084, 'heading_rad': 2.9735080368165434}
[map] navigate label=bin_docking distance_m=1.300 heading_error_rad=-0.115
[can] backend=detectnet_native no detections
[tag] no detections
[map] motion direction=forward speed=0.2 effective_seconds=0.06209444999694824 pose={'x_m': -0.3129730800478261, 'y_m': 0.3457051388887062, 'heading_rad': 2.9735080368165434}
[map] navigate label=bin_docking distance_m=1.298 heading_error_rad=-0.115
[can] backend=detectnet_native no detections
[tag] no detections
[map] motion direction=forward speed=0.2 effective_seconds=0.06240415573120117 pose={'x_m': -0.31263378467866254, 'y_m': 0.3437055863189565, 'heading_rad': 2.9735080368165434}
[map] navigate label=bin_docking distance_m=1.295 heading_error_rad=-0.116
[can] backend=detectnet_native no detections
[tag] no detections
[map] motion direction=forward speed=0.2 effective_seconds=0.06105208396911621 pose={'x_m': -0.31230184060978144, 'y_m': 0.3417493568025305, 'heading_rad': 2.9735080368165434}
[map] navigate label=bin_docking distance_m=1.294 heading_error_rad=-0.116
[can] backend=detectnet_native no detections
[tag] no detections
[map] motion direction=forward speed=0.2 effective_seconds=0.06346726417541504 pose={'x_m': -0.31195676505229847, 'y_m': 0.3397157401356603, 'heading_rad': 2.9735080368165434}
[map] navigate label=bin_docking distance_m=1.291 heading_error_rad=-0.116
[can] backend=detectnet_native no detections
[tag] no detections
[map] motion direction=forward speed=0.2 effective_seconds=0.06444025039672852 pose={'x_m': -0.3116063993067618, 'y_m': 0.33765094706593096, 'heading_rad': 2.9735080368165434}
[map] navigate label=bin_docking distance_m=1.289 heading_error_rad=-0.116
[can] backend=detectnet_native no detections
[tag] no detections
[map] motion direction=forward speed=0.2 effective_seconds=0.06312274932861328 pose={'x_m': -0.3112631968984427, 'y_m': 0.33562836933611817, 'heading_rad': 2.9735080368165434}
[map] navigate label=bin_docking distance_m=1.287 heading_error_rad=-0.116
[can] backend=detectnet_native no detections
[tag] no detections
[map] motion direction=forward speed=0.2 effective_seconds=0.06288909912109375 pose={'x_m': -0.31092126486118277, 'y_m': 0.3336132782210572, 'heading_rad': 2.9735080368165434}
[map] navigate label=bin_docking distance_m=1.285 heading_error_rad=-0.117
[can] backend=detectnet_native no detections
[tag] no detections
[map] motion direction=forward speed=0.2 effective_seconds=0.06187868118286133 pose={'x_m': -0.31058482653060543, 'y_m': 0.3316305628950961, 'heading_rad': 2.9735080368165434}
[map] navigate label=bin_docking distance_m=1.283 heading_error_rad=-0.117
[can] backend=detectnet_native no detections
[tag] no detections
[map] motion direction=forward speed=0.2 effective_seconds=0.06117510795593262 pose={'x_m': -0.31025221357247273, 'y_m': 0.32967039144682125, 'heading_rad': 2.9735080368165434}
[map] navigate label=bin_docking distance_m=1.281 heading_error_rad=-0.117
[can] backend=detectnet_native no detections
[tag] no detections
[map] motion direction=forward speed=0.2 effective_seconds=0.06803011894226074 pose={'x_m': -0.3098823294830192, 'y_m': 0.32749057188901315, 'heading_rad': 2.9735080368165434}
[map] navigate label=bin_docking distance_m=1.279 heading_error_rad=-0.117
[can] backend=detectnet_native no detections
[tag] no detections
[map] motion direction=forward speed=0.2 effective_seconds=0.0585782527923584 pose={'x_m': -0.30956383579180174, 'y_m': 0.32561360881612206, 'heading_rad': 2.9735080368165434}
[map] navigate label=bin_docking distance_m=1.277 heading_error_rad=-0.117
[can] backend=detectnet_native no detections
[tag] no detections
[map] motion direction=forward speed=0.2 effective_seconds=0.06399798393249512 pose={'x_m': -0.3092158746771986, 'y_m': 0.3235629868386014, 'heading_rad': 2.9735080368165434}
[map] navigate label=bin_docking distance_m=1.275 heading_error_rad=-0.117
[can] backend=detectnet_native no detections
[tag] no detections
[map] motion direction=forward speed=0.2 effective_seconds=0.06463384628295898 pose={'x_m': -0.30886445633849857, 'y_m': 0.3214919905737921, 'heading_rad': 2.9735080368165434}
[map] navigate label=bin_docking distance_m=1.273 heading_error_rad=-0.118
[can] backend=detectnet_native no detections
[tag] no detections
[map] motion direction=forward speed=0.2 effective_seconds=0.063568115234375 pose={'x_m': -0.308518832447385, 'y_m': 0.3194551424395341, 'heading_rad': 2.9735080368165434}
[map] navigate label=bin_docking distance_m=1.271 heading_error_rad=-0.118
[can] backend=detectnet_native no detections
[tag] no detections
[map] motion direction=forward speed=0.2 effective_seconds=0.06337809562683105 pose={'x_m': -0.3081742417049797, 'y_m': 0.3174243829093141, 'heading_rad': 2.9735080368165434}
[map] navigate label=bin_docking distance_m=1.269 heading_error_rad=-0.118
[can] backend=detectnet_native no detections
[tag] no detections
[map] motion direction=forward speed=0.2 effective_seconds=0.06876730918884277 pose={'x_m': -0.3078003494652046, 'y_m': 0.3152209423180239, 'heading_rad': 2.9735080368165434}
[map] navigate label=bin_docking distance_m=1.267 heading_error_rad=-0.118
[can] backend=detectnet_native no detections
[tag] no detections
[map] motion direction=forward speed=0.2 effective_seconds=0.06058645248413086 pose={'x_m': -0.30747093706436296, 'y_m': 0.31327963255528174, 'heading_rad': 2.9735080368165434}
[map] navigate label=bin_docking distance_m=1.265 heading_error_rad=-0.118
[can] backend=detectnet_native no detections
[tag] no detections
[map] motion direction=forward speed=0.2 effective_seconds=0.06176280975341797 pose={'x_m': -0.30713512873412724, 'y_m': 0.3113006299790853, 'heading_rad': 2.9735080368165434}
[map] navigate label=bin_docking distance_m=1.263 heading_error_rad=-0.119
[can] backend=detectnet_native no detections
[tag] no detections
[map] motion direction=forward speed=0.2 effective_seconds=0.0622098445892334 pose={'x_m': -0.30679688984701803, 'y_m': 0.30930730352262403, 'heading_rad': 2.9735080368165434}
[map] navigate label=bin_docking distance_m=1.261 heading_error_rad=-0.119
[can] backend=detectnet_native no detections
[tag] no detections
[map] motion direction=forward speed=0.2 effective_seconds=0.06117367744445801 pose={'x_m': -0.30646428466666736, 'y_m': 0.307347177910766, 'heading_rad': 2.9735080368165434}
[map] navigate label=bin_docking distance_m=1.259 heading_error_rad=-0.119
[can] backend=detectnet_native no detections
[tag] no detections
[map] motion direction=forward speed=0.2 effective_seconds=0.06382489204406738 pose={'x_m': -0.3061172646636856, 'y_m': 0.3053021021396839, 'heading_rad': 2.9735080368165434}
[map] navigate label=bin_docking distance_m=1.257 heading_error_rad=-0.119
[can] backend=detectnet_native no detections
[tag] no detections
[map] motion direction=forward speed=0.2 effective_seconds=0.06374740600585938 pose={'x_m': -0.30577066595722857, 'y_m': 0.3032595091745144, 'heading_rad': 2.9735080368165434}
[map] navigate label=bin_docking distance_m=1.255 heading_error_rad=-0.119
[can] backend=detectnet_native no detections
[tag] no detections
[map] motion direction=forward speed=0.2 effective_seconds=0.06046557426452637 pose={'x_m': -0.3054419107789655, 'y_m': 0.30132207258899585, 'heading_rad': 2.9735080368165434}
[map] navigate label=bin_docking distance_m=1.253 heading_error_rad=-0.120
[can] backend=detectnet_native no detections
[tag] no detections
[map] motion direction=forward speed=0.2 effective_seconds=0.06404495239257812 pose={'x_m': -0.30509369429385347, 'y_m': 0.29926994564912207, 'heading_rad': 2.9735080368165434}
[map] navigate label=bin_docking distance_m=1.251 heading_error_rad=-0.120
[can] backend=detectnet_native no detections
[tag] no detections
[map] motion direction=forward speed=0.2 effective_seconds=0.062120676040649414 pose={'x_m': -0.30475594022182195, 'y_m': 0.29727947632931095, 'heading_rad': 2.9735080368165434}
[map] navigate label=bin_docking distance_m=1.249 heading_error_rad=-0.120
[can] backend=detectnet_native no detections
[tag] no detections
[map] motion direction=forward speed=0.2 effective_seconds=0.06092238426208496 pose={'x_m': -0.3044247013385084, 'y_m': 0.29532740264801244, 'heading_rad': 2.9735080368165434}
[map] navigate label=bin_docking distance_m=1.247 heading_error_rad=-0.120
[map] motion direction=forward speed=0.2 effective_seconds=0.01805710792541504 pose={'x_m': -0.3043265236926803, 'y_m': 0.29474881719754925, 'heading_rad': 2.9735080368165434}
[base] continuous stop label=map_forward_bin_docking elapsed=0.018s
[base] stop
[base] continuous start label=map_turn_bin_docking direction=left requested_speed=0.15 effective_speed=0.15
[can] backend=detectnet_native no detections
[tag] no detections
[map] motion direction=left speed=0.15 effective_seconds=0.060724735260009766 pose={'x_m': -0.3043265236926803, 'y_m': 0.29474881719754925, 'heading_rad': 2.9643362876730794}
[map] navigate label=bin_docking distance_m=1.246 heading_error_rad=-0.111
[map] motion direction=left speed=0.15 effective_seconds=0.01912403106689453 pose={'x_m': -0.3043265236926803, 'y_m': 0.29474881719754925, 'heading_rad': 2.961447830196792}
[base] continuous stop label=map_turn_bin_docking elapsed=0.019s
[base] stop
[base] continuous start label=map_forward_bin_docking direction=forward requested_speed=0.2 effective_speed=0.2
[can] backend=detectnet_native no detections
[tag] no detections
[map] motion direction=forward speed=0.2 effective_seconds=0.06222414970397949 pose={'x_m': -0.30396418675729275, 'y_m': 0.2927592574417248, 'heading_rad': 2.961447830196792}
[map] navigate label=bin_docking distance_m=1.244 heading_error_rad=-0.108
[can] backend=detectnet_native no detections
[tag] no detections
[map] motion direction=forward speed=0.2 effective_seconds=0.06354761123657227 pose={'x_m': -0.3035941431839181, 'y_m': 0.29072738122490965, 'heading_rad': 2.961447830196792}
[map] navigate label=bin_docking distance_m=1.242 heading_error_rad=-0.109
[can] backend=detectnet_native no detections
[tag] no detections
[map] motion direction=forward speed=0.2 effective_seconds=0.06456732749938965 pose={'x_m': -0.30321816170914356, 'y_m': 0.2886629005217574, 'heading_rad': 2.961447830196792}
[map] navigate label=bin_docking distance_m=1.240 heading_error_rad=-0.109
[can] backend=detectnet_native no detections
[tag] no detections
[map] motion direction=forward speed=0.2 effective_seconds=0.060616493225097656 pose={'x_m': -0.3028651863050021, 'y_m': 0.2867247440980281, 'heading_rad': 2.961447830196792}
[map] navigate label=bin_docking distance_m=1.238 heading_error_rad=-0.109
[can] backend=detectnet_native no detections
[tag] no detections
[map] motion direction=forward speed=0.2 effective_seconds=0.06198763847351074 pose={'x_m': -0.30250422659621934, 'y_m': 0.28474274657050536, 'heading_rad': 2.961447830196792}
[map] navigate label=bin_docking distance_m=1.236 heading_error_rad=-0.109
[can] backend=detectnet_native no detections
[tag] no detections
[map] motion direction=forward speed=0.2 effective_seconds=0.06314921379089355 pose={'x_m': -0.30213650292774047, 'y_m': 0.2827236087443073, 'heading_rad': 2.961447830196792}
[map] navigate label=bin_docking distance_m=1.234 heading_error_rad=-0.109
[can] backend=detectnet_native no detections
[tag] no detections
[map] motion direction=forward speed=0.2 effective_seconds=0.05966615676879883 pose={'x_m': -0.301789061420017, 'y_m': 0.2808158384516371, 'heading_rad': 2.961447830196792}
[map] navigate label=bin_docking distance_m=1.232 heading_error_rad=-0.109
[can] backend=detectnet_native no detections
[tag] no detections
[map] motion direction=forward speed=0.2 effective_seconds=0.06063485145568848 pose={'x_m': -0.30143597911421366, 'y_m': 0.27887709504042874, 'heading_rad': 2.961447830196792}
[map] navigate label=bin_docking distance_m=1.230 heading_error_rad=-0.110
[can] backend=detectnet_native no detections
[tag] no detections
[map] motion direction=forward speed=0.2 effective_seconds=0.06317996978759766 pose={'x_m': -0.30106807635074284, 'y_m': 0.2768569738196229, 'heading_rad': 2.961447830196792}
[map] navigate label=bin_docking distance_m=1.228 heading_error_rad=-0.110
[can] backend=detectnet_native no detections
[tag] no detections
[map] motion direction=forward speed=0.2 effective_seconds=0.06314730644226074 pose={'x_m': -0.3007003637889301, 'y_m': 0.2748378969791369, 'heading_rad': 2.961447830196792}
[map] navigate label=bin_docking distance_m=1.226 heading_error_rad=-0.110
[can] backend=detectnet_native no detections
[tag] no detections
[map] motion direction=forward speed=0.2 effective_seconds=0.062355995178222656 pose={'x_m': -0.3003372591052437, 'y_m': 0.27284412158596283, 'heading_rad': 2.961447830196792}
[map] navigate label=bin_docking distance_m=1.224 heading_error_rad=-0.110
[can] backend=detectnet_native no detections
[tag] no detections
[map] motion direction=forward speed=0.2 effective_seconds=0.06365466117858887 pose={'x_m': -0.2999665921702304, 'y_m': 0.2708088225460555, 'heading_rad': 2.961447830196792}
[map] navigate label=bin_docking distance_m=1.222 heading_error_rad=-0.110
[can] backend=detectnet_native no detections
[tag] no detections
[map] motion direction=forward speed=0.2 effective_seconds=0.06088757514953613 pose={'x_m': -0.29961203823115984, 'y_m': 0.2688619985279925, 'heading_rad': 2.961447830196792}
[map] navigate label=bin_docking distance_m=1.220 heading_error_rad=-0.110
[can] backend=detectnet_native no detections
[tag] no detections
[map] motion direction=forward speed=0.2 effective_seconds=0.06282830238342285 pose={'x_m': -0.29924618325926367, 'y_m': 0.266853121547857, 'heading_rad': 2.961447830196792}
[map] navigate label=bin_docking distance_m=1.218 heading_error_rad=-0.111
[can] backend=detectnet_native no detections
[tag] no detections
[map] motion direction=forward speed=0.2 effective_seconds=0.06095528602600098 pose={'x_m': -0.29889123503354414, 'y_m': 0.2649041325370141, 'heading_rad': 2.961447830196792}
[map] navigate label=bin_docking distance_m=1.216 heading_error_rad=-0.111
[can] backend=detectnet_native no detections
[tag] no detections
[map] motion direction=forward speed=0.2 effective_seconds=0.06218552589416504 pose={'x_m': -0.2985291230081465, 'y_m': 0.2629158077418599, 'heading_rad': 2.961447830196792}
[map] navigate label=bin_docking distance_m=1.214 heading_error_rad=-0.111
[can] backend=detectnet_native no detections
[tag] no detections
[map] motion direction=forward speed=0.2 effective_seconds=0.06051969528198242 pose={'x_m': -0.298176711267313, 'y_m': 0.26098074634302026, 'heading_rad': 2.961447830196792}
[map] navigate label=bin_docking distance_m=1.212 heading_error_rad=-0.111
[can] backend=detectnet_native no detections
[tag] no detections
[map] motion direction=forward speed=0.2 effective_seconds=0.06296133995056152 pose={'x_m': -0.29781008160545164, 'y_m': 0.2589676156094651, 'heading_rad': 2.961447830196792}
[map] navigate label=bin_docking distance_m=1.210 heading_error_rad=-0.111
[can] backend=detectnet_native no detections
[tag] no detections
[map] motion direction=forward speed=0.2 effective_seconds=0.06408572196960449 pose={'x_m': -0.29743690456388444, 'y_m': 0.25691853379862073, 'heading_rad': 2.961447830196792}
[map] navigate label=bin_docking distance_m=1.208 heading_error_rad=-0.112
[can] backend=detectnet_native no detections
[tag] no detections
[map] motion direction=forward speed=0.2 effective_seconds=0.06319165229797363 pose={'x_m': -0.2970689337720833, 'y_m': 0.2548980390403282, 'heading_rad': 2.961447830196792}
[map] navigate label=bin_docking distance_m=1.206 heading_error_rad=-0.112
[can] backend=detectnet_native no detections
[tag] no detections
[map] motion direction=forward speed=0.2 effective_seconds=0.06120562553405762 pose={'x_m': -0.2967125277964293, 'y_m': 0.25294104565477077, 'heading_rad': 2.961447830196792}
[map] navigate label=bin_docking distance_m=1.204 heading_error_rad=-0.112
[can] backend=detectnet_native no detections
[tag] no detections
[map] motion direction=forward speed=0.2 effective_seconds=0.06191873550415039 pose={'x_m': -0.29635196931596186, 'y_m': 0.250961251236098, 'heading_rad': 2.961447830196792}
[map] navigate label=bin_docking distance_m=1.202 heading_error_rad=-0.112
[can] backend=detectnet_native no detections
[tag] no detections
[map] motion direction=forward speed=0.2 effective_seconds=0.06141066551208496 pose={'x_m': -0.2959943693736948, 'y_m': 0.24899770188648873, 'heading_rad': 2.961447830196792}
[map] navigate label=bin_docking distance_m=1.200 heading_error_rad=-0.112
[can] backend=detectnet_native no detections
[tag] no detections
[map] motion direction=forward speed=0.2 effective_seconds=0.06187605857849121 pose={'x_m': -0.2956340594048828, 'y_m': 0.24701927202312446, 'heading_rad': 2.961447830196792}
[map] navigate label=bin_docking distance_m=1.198 heading_error_rad=-0.113
[can] backend=detectnet_native no detections
[tag] no detections
[map] motion direction=forward speed=0.2 effective_seconds=0.062223196029663086 pose={'x_m': -0.2952717280228283, 'y_m': 0.24502974276015607, 'heading_rad': 2.961447830196792}
[map] navigate label=bin_docking distance_m=1.196 heading_error_rad=-0.113
[can] backend=detectnet_native no detections
[tag] no detections
[map] motion direction=forward speed=0.2 effective_seconds=0.06448721885681152 pose={'x_m': -0.2948962130280328, 'y_m': 0.24296782345691245, 'heading_rad': 2.961447830196792}
[map] navigate label=bin_docking distance_m=1.194 heading_error_rad=-0.113
[can] backend=detectnet_native no detections
[tag] no detections
[map] motion direction=forward speed=0.2 effective_seconds=0.0637819766998291 pose={'x_m': -0.2945248047230528, 'y_m': 0.2409284536207217, 'heading_rad': 2.961447830196792}
[map] navigate label=bin_docking distance_m=1.192 heading_error_rad=-0.113
[can] backend=detectnet_native no detections
[tag] no detections
[map] motion direction=forward speed=0.2 effective_seconds=0.06165599822998047 pose={'x_m': -0.29416577618584994, 'y_m': 0.2389570599838922, 'heading_rad': 2.961447830196792}
[map] navigate label=bin_docking distance_m=1.190 heading_error_rad=-0.113
[can] backend=detectnet_native no detections
[tag] no detections
[map] motion direction=forward speed=0.2 effective_seconds=0.06540465354919434 pose={'x_m': -0.29378491888462777, 'y_m': 0.2368658065531234, 'heading_rad': 2.961447830196792}
[map] navigate label=bin_docking distance_m=1.188 heading_error_rad=-0.114
[can] backend=detectnet_native no detections
[tag] no detections
[map] motion direction=forward speed=0.2 effective_seconds=0.062462806701660156 pose={'x_m': -0.29342119222763596, 'y_m': 0.2348686159600711, 'heading_rad': 2.961447830196792}
[map] navigate label=bin_docking distance_m=1.186 heading_error_rad=-0.114
[can] backend=detectnet_native no detections
[tag] no detections
[map] motion direction=forward speed=0.2 effective_seconds=0.05802130699157715 pose={'x_m': -0.29308332883114885, 'y_m': 0.23301343822088225, 'heading_rad': 2.961447830196792}
[map] navigate label=bin_docking distance_m=1.184 heading_error_rad=-0.114
[can] backend=detectnet_native no detections
[tag] no detections
[map] motion direction=forward speed=0.2 effective_seconds=0.061040401458740234 pose={'x_m': -0.2927278849704516, 'y_m': 0.2310617277226364, 'heading_rad': 2.961447830196792}
[map] navigate label=bin_docking distance_m=1.182 heading_error_rad=-0.114
[can] backend=detectnet_native no detections
[tag] no detections
[map] motion direction=forward speed=0.2 effective_seconds=0.06325888633728027 pose={'x_m': -0.2923595226686681, 'y_m': 0.22903908321799196, 'heading_rad': 2.961447830196792}
[map] navigate label=bin_docking distance_m=1.180 heading_error_rad=-0.114
[can] backend=detectnet_native no detections
[tag] no detections
[map] motion direction=forward speed=0.2 effective_seconds=0.06304287910461426 pose={'x_m': -0.2919924181968281, 'y_m': 0.22702334534524404, 'heading_rad': 2.961447830196792}
[map] navigate label=bin_docking distance_m=1.178 heading_error_rad=-0.114
[can] backend=detectnet_native no detections
[tag] no detections
[map] motion direction=forward speed=0.2 effective_seconds=0.06476473808288574 pose={'x_m': -0.29161528718210517, 'y_m': 0.22495255262088834, 'heading_rad': 2.961447830196792}
[map] navigate label=bin_docking distance_m=1.176 heading_error_rad=-0.115
[can] backend=detectnet_native no detections
[tag] no detections
[map] motion direction=forward speed=0.2 effective_seconds=0.062139272689819336 pose={'x_m': -0.29125344449336205, 'y_m': 0.2229657067292528, 'heading_rad': 2.961447830196792}
[map] navigate label=bin_docking distance_m=1.174 heading_error_rad=-0.115
[can] backend=detectnet_native no detections
[tag] no detections
[map] motion direction=forward speed=0.2 effective_seconds=0.058624267578125 pose={'x_m': -0.2909120700020327, 'y_m': 0.221091249881823, 'heading_rad': 2.961447830196792}
[map] navigate label=bin_docking distance_m=1.172 heading_error_rad=-0.115
[can] backend=detectnet_native no detections
[tag] no detections
[map] motion direction=forward speed=0.2 effective_seconds=0.060364484786987305 pose={'x_m': -0.2905605620661586, 'y_m': 0.21916115119530633, 'heading_rad': 2.961447830196792}
[map] navigate label=bin_docking distance_m=1.170 heading_error_rad=-0.115
[can] backend=detectnet_native no detections
[tag] no detections
[map] motion direction=forward speed=0.2 effective_seconds=0.06308221817016602 pose={'x_m': -0.2901932285193289, 'y_m': 0.21714415549224614, 'heading_rad': 2.961447830196792}
[map] navigate label=bin_docking distance_m=1.168 heading_error_rad=-0.115
[can] backend=detectnet_native no detections
[tag] no detections
[map] motion direction=forward speed=0.2 effective_seconds=0.06235170364379883 pose={'x_m': -0.28983014882564134, 'y_m': 0.2151505173169243, 'heading_rad': 2.961447830196792}
[map] navigate label=bin_docking distance_m=1.166 heading_error_rad=-0.116
[can] backend=detectnet_native no detections
[tag] no detections
[map] motion direction=forward speed=0.2 effective_seconds=0.062291622161865234 pose={'x_m': -0.2894674189919381, 'y_m': 0.21315880019153394, 'heading_rad': 2.961447830196792}
[map] navigate label=bin_docking distance_m=1.164 heading_error_rad=-0.116
[can] backend=detectnet_native no detections
[tag] no detections
[map] motion direction=forward speed=0.2 effective_seconds=0.06403374671936035 pose={'x_m': -0.289094544607024, 'y_m': 0.2111113802413446, 'heading_rad': 2.961447830196792}
[map] navigate label=bin_docking distance_m=1.162 heading_error_rad=-0.116
[can] backend=detectnet_native no detections
[tag] no detections
[map] motion direction=forward speed=0.2 effective_seconds=0.06591010093688965 pose={'x_m': -0.28871074403926744, 'y_m': 0.20900396559686651, 'heading_rad': 2.961447830196792}
[map] navigate label=bin_docking distance_m=1.160 heading_error_rad=-0.116
[can] backend=detectnet_native no detections
[tag] no detections
[map] motion direction=forward speed=0.2 effective_seconds=0.061537981033325195 pose={'x_m': -0.2883524027270337, 'y_m': 0.20703634545097382, 'heading_rad': 2.961447830196792}
[map] navigate label=bin_docking distance_m=1.158 heading_error_rad=-0.116
[can] backend=detectnet_native no detections
[tag] no detections
[map] motion direction=forward speed=0.2 effective_seconds=0.06406903266906738 pose={'x_m': -0.28797932286879546, 'y_m': 0.20498779726511043, 'heading_rad': 2.961447830196792}
[map] navigate label=bin_docking distance_m=1.156 heading_error_rad=-0.117
[can] backend=detectnet_native no detections
[tag] no detections
[map] motion direction=forward speed=0.2 effective_seconds=0.06194567680358887 pose={'x_m': -0.2876186075066684, 'y_m': 0.20300714142325413, 'heading_rad': 2.961447830196792}
[map] navigate label=bin_docking distance_m=1.154 heading_error_rad=-0.117
[can] backend=detectnet_native no detections
[tag] no detections
[map] motion direction=forward speed=0.2 effective_seconds=0.06257128715515137 pose={'x_m': -0.2872542491580383, 'y_m': 0.20100648226782555, 'heading_rad': 2.961447830196792}
[map] navigate label=bin_docking distance_m=1.152 heading_error_rad=-0.117
[can] backend=detectnet_native no detections
[tag] no detections
[map] motion direction=forward speed=0.2 effective_seconds=0.060160160064697266 pose={'x_m': -0.2869039310237774, 'y_m': 0.19908291667571873, 'heading_rad': 2.961447830196792}
[map] navigate label=bin_docking distance_m=1.150 heading_error_rad=-0.117
[can] backend=detectnet_native no detections
[tag] no detections
[map] motion direction=forward speed=0.2 effective_seconds=0.06681156158447266 pose={'x_m': -0.28651488116792334, 'y_m': 0.1969466786590544, 'heading_rad': 2.961447830196792}
[map] navigate label=bin_docking distance_m=1.147 heading_error_rad=-0.118
[can] backend=detectnet_native no detections
[tag] no detections
[map] motion direction=forward speed=0.2 effective_seconds=0.0623166561126709 pose={'x_m': -0.28615200555922665, 'y_m': 0.1949541610961926, 'heading_rad': 2.961447830196792}
[map] navigate label=bin_docking distance_m=1.145 heading_error_rad=-0.118
[can] backend=detectnet_native no detections
[tag] no detections
[map] motion direction=forward speed=0.2 effective_seconds=0.0643012523651123 pose={'x_m': -0.2857775734643825, 'y_m': 0.19289818789987975, 'heading_rad': 2.961447830196792}
[map] navigate label=bin_docking distance_m=1.143 heading_error_rad=-0.118
[can] backend=detectnet_native no detections
[tag] no detections
[map] motion direction=forward speed=0.2 effective_seconds=0.061031341552734375 pose={'x_m': -0.2854221823603495, 'y_m': 0.19094676708376643, 'heading_rad': 2.961447830196792}
[map] navigate label=bin_docking distance_m=1.141 heading_error_rad=-0.118
[can] backend=detectnet_native no detections
[tag] no detections
[map] motion direction=forward speed=0.2 effective_seconds=0.06277847290039062 pose={'x_m': -0.28505661755010697, 'y_m': 0.18893948335535984, 'heading_rad': 2.961447830196792}
[map] navigate label=bin_docking distance_m=1.139 heading_error_rad=-0.118
[can] backend=detectnet_native no detections
[tag] no detections
[map] motion direction=forward speed=0.2 effective_seconds=0.06359624862670898 pose={'x_m': -0.28468629075674506, 'y_m': 0.18690605200288588, 'heading_rad': 2.961447830196792}
[map] navigate label=bin_docking distance_m=1.137 heading_error_rad=-0.119
[can] backend=detectnet_native no detections
[tag] no detections
[map] motion direction=forward speed=0.2 effective_seconds=0.06204557418823242 pose={'x_m': -0.2843249936829774, 'y_m': 0.18492220203435777, 'heading_rad': 2.961447830196792}
[map] navigate label=bin_docking distance_m=1.135 heading_error_rad=-0.119
[can] backend=detectnet_native no detections
[tag] no detections
[map] motion direction=forward speed=0.2 effective_seconds=0.060442209243774414 pose={'x_m': -0.283973033150457, 'y_m': 0.1829896181800726, 'heading_rad': 2.961447830196792}
[map] navigate label=bin_docking distance_m=1.133 heading_error_rad=-0.119
[can] backend=detectnet_native no detections
[tag] no detections
[map] motion direction=forward speed=0.2 effective_seconds=0.06264209747314453 pose={'x_m': -0.28360826246684545, 'y_m': 0.1809866949300819, 'heading_rad': 2.961447830196792}
[map] navigate label=bin_docking distance_m=1.131 heading_error_rad=-0.119
[can] backend=detectnet_native no detections
[tag] no detections
[map] motion direction=forward speed=0.2 effective_seconds=0.0653538703918457 pose={'x_m': -0.28322770088061, 'y_m': 0.17889706524389806, 'heading_rad': 2.961447830196792}
[map] navigate label=bin_docking distance_m=1.129 heading_error_rad=-0.119
[can] backend=detectnet_native no detections
[tag] no detections
[map] motion direction=forward speed=0.2 effective_seconds=0.06285905838012695 pose={'x_m': -0.2828616668137219, 'y_m': 0.17688720486915482, 'heading_rad': 2.961447830196792}
[map] navigate label=bin_docking distance_m=1.127 heading_error_rad=-0.120
[can] backend=detectnet_native no detections
[tag] no detections
[map] motion direction=forward speed=0.2 effective_seconds=0.062155961990356445 pose={'x_m': -0.2824997269416498, 'y_m': 0.1748998253525383, 'heading_rad': 2.961447830196792}
[map] navigate label=bin_docking distance_m=1.125 heading_error_rad=-0.120
[can] backend=detectnet_native no detections
[tag] no detections
[map] motion direction=forward speed=0.2 effective_seconds=0.06338953971862793 pose={'x_m': -0.2821306038332338, 'y_m': 0.17287300332661432, 'heading_rad': 2.961447830196792}
[map] navigate label=bin_docking distance_m=1.123 heading_error_rad=-0.120
[map] motion direction=forward speed=0.2 effective_seconds=0.01901555061340332 pose={'x_m': -0.282019874536542, 'y_m': 0.1722649986465142, 'heading_rad': 2.961447830196792}
[base] continuous stop label=map_forward_bin_docking elapsed=0.019s
[base] stop
[base] continuous start label=map_turn_bin_docking direction=left requested_speed=0.15 effective_speed=0.15
[can] backend=detectnet_native no detections
[tag] no detections
[map] motion direction=left speed=0.15 effective_seconds=0.06650757789611816 pose={'x_m': -0.282019874536542, 'y_m': 0.1722649986465142, 'heading_rad': 2.9514026514407092}
[map] navigate label=bin_docking distance_m=1.122 heading_error_rad=-0.110
[map] motion direction=left speed=0.15 effective_seconds=0.016503095626831055 pose={'x_m': -0.282019874536542, 'y_m': 0.1722649986465142, 'heading_rad': 2.948910055095385}
[base] continuous stop label=map_turn_bin_docking elapsed=0.017s
[base] stop
[base] continuous start label=map_forward_bin_docking direction=forward requested_speed=0.2 effective_speed=0.2
[can] backend=detectnet_native no detections
[tag] no detections
[map] motion direction=forward speed=0.2 effective_seconds=0.06215524673461914 pose={'x_m': -0.281633050898602, 'y_m': 0.17028233594916542, 'heading_rad': 2.948910055095385}
[map] navigate label=bin_docking distance_m=1.120 heading_error_rad=-0.108
[can] backend=detectnet_native no detections
[tag] no detections
[map] motion direction=forward speed=0.2 effective_seconds=0.06402945518493652 pose={'x_m': -0.2812345631105042, 'y_m': 0.1682398887062357, 'heading_rad': 2.948910055095385}
[map] navigate label=bin_docking distance_m=1.118 heading_error_rad=-0.108
[can] backend=detectnet_native no detections
[tag] no detections
[map] motion direction=forward speed=0.2 effective_seconds=0.06441211700439453 pose={'x_m': -0.2808336938237417, 'y_m': 0.1661852351033445, 'heading_rad': 2.948910055095385}
[map] navigate label=bin_docking distance_m=1.116 heading_error_rad=-0.108
[can] backend=detectnet_native no detections
[tag] no detections
[map] motion direction=forward speed=0.2 effective_seconds=0.059459686279296875 pose={'x_m': -0.28046364602623985, 'y_m': 0.16428855689554386, 'heading_rad': 2.948910055095385}
[map] navigate label=bin_docking distance_m=1.114 heading_error_rad=-0.108
[can] backend=detectnet_native no detections
[tag] no detections
[map] motion direction=forward speed=0.2 effective_seconds=0.06129884719848633 pose={'x_m': -0.2800821521971495, 'y_m': 0.16233321210784102, 'heading_rad': 2.948910055095385}
[map] navigate label=bin_docking distance_m=1.112 heading_error_rad=-0.109
[can] backend=detectnet_native no detections
[tag] no detections
[map] motion direction=forward speed=0.2 effective_seconds=0.06443953514099121 pose={'x_m': -0.27968111227341097, 'y_m': 0.16027768390594943, 'heading_rad': 2.948910055095385}
[map] navigate label=bin_docking distance_m=1.110 heading_error_rad=-0.109
[can] backend=detectnet_native no detections
[tag] no detections
[map] motion direction=forward speed=0.2 effective_seconds=0.06333470344543457 pose={'x_m': -0.2792869482779044, 'y_m': 0.15825739824116788, 'heading_rad': 2.948910055095385}
[map] navigate label=bin_docking distance_m=1.108 heading_error_rad=-0.109
[can] backend=detectnet_native no detections
[tag] no detections
[map] motion direction=forward speed=0.2 effective_seconds=0.06350278854370117 pose={'x_m': -0.2788917382035451, 'y_m': 0.15623175090425373, 'heading_rad': 2.948910055095385}
[map] navigate label=bin_docking distance_m=1.106 heading_error_rad=-0.109
[can] backend=detectnet_native no detections
[tag] no detections
[map] motion direction=forward speed=0.2 effective_seconds=0.06437993049621582 pose={'x_m': -0.2784910692297544, 'y_m': 0.15417812400453684, 'heading_rad': 2.948910055095385}
[map] navigate label=bin_docking distance_m=1.104 heading_error_rad=-0.109
[can] backend=detectnet_native no detections
[tag] no detections
[map] motion direction=forward speed=0.2 effective_seconds=0.06136345863342285 pose={'x_m': -0.27810917329092066, 'y_m': 0.15222071820527663, 'heading_rad': 2.948910055095385}
[map] navigate label=bin_docking distance_m=1.102 heading_error_rad=-0.110
[can] backend=detectnet_native no detections
[tag] no detections
[map] motion direction=forward speed=0.2 effective_seconds=0.06027054786682129 pose={'x_m': -0.2777340790903293, 'y_m': 0.15029817468269155, 'heading_rad': 2.948910055095385}
[map] navigate label=bin_docking distance_m=1.100 heading_error_rad=-0.110
[can] backend=detectnet_native no detections
[tag] no detections
[map] motion direction=forward speed=0.2 effective_seconds=0.06264829635620117 pose={'x_m': -0.27734418695442137, 'y_m': 0.14829978441375374, 'heading_rad': 2.948910055095385}
[map] navigate label=bin_docking distance_m=1.098 heading_error_rad=-0.110
[can] backend=detectnet_native no detections
[tag] no detections
[map] motion direction=forward speed=0.2 effective_seconds=0.059900760650634766 pose={'x_m': -0.27697139412730604, 'y_m': 0.1463890365698604, 'heading_rad': 2.948910055095385}
[map] navigate label=bin_docking distance_m=1.096 heading_error_rad=-0.110
[can] backend=detectnet_native no detections
[tag] no detections
[map] motion direction=forward speed=0.2 effective_seconds=0.062413692474365234 pose={'x_m': -0.2765829620503925, 'y_m': 0.14439812982628217, 'heading_rad': 2.948910055095385}
[map] navigate label=bin_docking distance_m=1.094 heading_error_rad=-0.110
[can] backend=detectnet_native no detections
[tag] no detections
[map] motion direction=forward speed=0.2 effective_seconds=0.0649867057800293 pose={'x_m': -0.2761785168061334, 'y_m': 0.14232514767042695, 'heading_rad': 2.948910055095385}
[map] navigate label=bin_docking distance_m=1.092 heading_error_rad=-0.111
[can] backend=detectnet_native no detections
[tag] no detections
[map] motion direction=forward speed=0.2 effective_seconds=0.0650484561920166 pose={'x_m': -0.27577368725772844, 'y_m': 0.14025019576551875, 'heading_rad': 2.948910055095385}
[map] navigate label=bin_docking distance_m=1.090 heading_error_rad=-0.111
[can] backend=detectnet_native no detections
[tag] no detections
[map] motion direction=forward speed=0.2 effective_seconds=0.06429553031921387 pose={'x_m': -0.27537354354906374, 'y_m': 0.13819926110968123, 'heading_rad': 2.948910055095385}
[map] navigate label=bin_docking distance_m=1.088 heading_error_rad=-0.111
[map] motion direction=forward speed=0.2 effective_seconds=0.03977060317993164 pose={'x_m': -0.2751260309059105, 'y_m': 0.13693063624664142, 'heading_rad': 2.948910055095385}
[base] continuous stop label=map_forward_bin_docking elapsed=0.040s
[base] stop
[fsm] MAP_NAVIGATING --TIMEOUT--> INTERMEDIATE reason=map navigation timeout
[fsm] INTERMEDIATE --RETRY--> PLANNING reason=retry 1/2 after MAP_NAVIGATING
[fsm] PLANNING --MAP_TARGET_AVAILABLE--> MAP_NAVIGATING
[can] backend=detectnet_native no detections
[tag] no detections
[map] navigate label=bin_docking distance_m=1.087 heading_error_rad=-0.111
[base] continuous start label=map_forward_bin_docking direction=forward requested_speed=0.2 effective_speed=0.2
[can] backend=detectnet_native no detections
[tag] no detections
[map] motion direction=forward speed=0.2 effective_seconds=0.05957460403442383 pose={'x_m': -0.27475526791690935, 'y_m': 0.135030292328248, 'heading_rad': 2.948910055095385}
[map] navigate label=bin_docking distance_m=1.085 heading_error_rad=-0.111
[can] backend=detectnet_native no detections
[tag] no detections
[map] motion direction=forward speed=0.2 effective_seconds=0.06895804405212402 pose={'x_m': -0.2743261070195299, 'y_m': 0.13283063021109756, 'heading_rad': 2.948910055095385}
[map] navigate label=bin_docking distance_m=1.083 heading_error_rad=-0.112
[can] backend=detectnet_native no detections
[tag] no detections
[map] motion direction=forward speed=0.2 effective_seconds=0.060503244400024414 pose={'x_m': -0.2739495646303425, 'y_m': 0.13090066400482248, 'heading_rad': 2.948910055095385}
[map] navigate label=bin_docking distance_m=1.081 heading_error_rad=-0.112
[can] backend=detectnet_native no detections
[tag] no detections
[map] motion direction=forward speed=0.2 effective_seconds=0.06351232528686523 pose={'x_m': -0.27355429520399155, 'y_m': 0.12887471245956036, 'heading_rad': 2.948910055095385}
[map] navigate label=bin_docking distance_m=1.079 heading_error_rad=-0.112
[can] backend=detectnet_native no detections
[tag] no detections
[map] motion direction=forward speed=0.2 effective_seconds=0.06362533569335938 pose={'x_m': -0.27315832245653965, 'y_m': 0.12684515604537505, 'heading_rad': 2.948910055095385}
[map] navigate label=bin_docking distance_m=1.076 heading_error_rad=-0.112
[can] backend=detectnet_native no detections
[tag] no detections
[map] motion direction=forward speed=0.2 effective_seconds=0.06495046615600586 pose={'x_m': -0.2727541027498488, 'y_m': 0.12477332988124204, 'heading_rad': 2.948910055095385}
[map] navigate label=bin_docking distance_m=1.074 heading_error_rad=-0.112
[can] backend=detectnet_native no detections
[tag] no detections
[map] motion direction=forward speed=0.2 effective_seconds=0.06496357917785645 pose={'x_m': -0.2723498014341694, 'y_m': 0.12270108543063059, 'heading_rad': 2.948910055095385}
[map] navigate label=bin_docking distance_m=1.072 heading_error_rad=-0.113
[can] backend=detectnet_native no detections
[tag] no detections
[map] motion direction=forward speed=0.2 effective_seconds=0.0643165111541748 pose={'x_m': -0.27194952715112314, 'y_m': 0.12064948151642757, 'heading_rad': 2.948910055095385}
[map] navigate label=bin_docking distance_m=1.070 heading_error_rad=-0.113
[can] backend=detectnet_native no detections
[tag] no detections
[map] motion direction=forward speed=0.2 effective_seconds=0.058663129806518555 pose={'x_m': -0.2715844367287234, 'y_m': 0.1187782123108895, 'heading_rad': 2.948910055095385}
[map] navigate label=bin_docking distance_m=1.068 heading_error_rad=-0.113
[can] backend=detectnet_native no detections
[tag] no detections
[map] motion direction=forward speed=0.2 effective_seconds=0.06076693534851074 pose={'x_m': -0.27120625325696696, 'y_m': 0.11683983474379359, 'heading_rad': 2.948910055095385}
[map] navigate label=bin_docking distance_m=1.066 heading_error_rad=-0.113
[can] backend=detectnet_native no detections
[tag] no detections
[map] motion direction=forward speed=0.2 effective_seconds=0.05992555618286133 pose={'x_m': -0.2708333061146733, 'y_m': 0.11492829595819559, 'heading_rad': 2.948910055095385}
[map] navigate label=bin_docking distance_m=1.064 heading_error_rad=-0.113
[can] backend=detectnet_native no detections
[tag] no detections
[map] motion direction=forward speed=0.2 effective_seconds=0.06180977821350098 pose={'x_m': -0.2704486325026306, 'y_m': 0.11295665320825131, 'heading_rad': 2.948910055095385}
[map] navigate label=bin_docking distance_m=1.062 heading_error_rad=-0.114
[can] backend=detectnet_native no detections
[tag] no detections
[map] motion direction=forward speed=0.2 effective_seconds=0.06557369232177734 pose={'x_m': -0.2700405341432859, 'y_m': 0.11086494702857974, 'heading_rad': 2.948910055095385}
[map] navigate label=bin_docking distance_m=1.060 heading_error_rad=-0.114
[can] backend=detectnet_native no detections
[tag] no detections
[map] navigate label=bin_docking distance_m=1.059 heading_error_rad=-0.114
[base] continuous start label=map_forward_bin_docking direction=forward requested_speed=0.2 effective_speed=0.2
[fsm] stop requested; ending run without mission failure
[media] shutdown result={'stopped': True, 'stopping': False, 'last_recording': '/workspace/robot_code/temp_car/diagnostic_outputs/full_demo_1788756042926.avi', 'last_events': '/workspace/robot_code/temp_car/diagnostic_outputs/full_demo_1788756042926.events.csv'}
[fsm] stop_all owner=Thread-42
[map] motion direction=forward speed=0.2 effective_seconds=0.35814738273620605 pose={'x_m': -0.2674651295542712, 'y_m': 0.09766472318390229, 'heading_rad': 2.948910055095385}
[base] continuous stop label=map_forward_bin_docking elapsed=0.358s
[base] stop
[arm] pose safe_home
[arm] safe_home servo=5 angle=0 speed=85
[arm] safe_home servo=4 angle=0 speed=85
[arm] safe_home servo=3 angle=0 speed=85
[arm] safe_home servo=2 angle=0 speed=85
[arm] safe_home servo=1 angle=-16 speed=85
[camera] stopped
[depth] stop
[result] False
[integration] STOPPED elapsed=81.8s
