
>>> run_full_background log=/workspace/robot_code/temp_car/logs/integration_run_full_20260907_040914.log
[fsm] IDLE --START--> INITIALIZING
[depth] loading network fcn-mobilenet
[camera] starting JetBot Camera 320x240
[warmup] frame 1/2 processed
[warmup] frame 2/2 processed
[depth] started enabled=True
[arm] pose safe_home
[arm] TTLServo connected
[arm] safe_home servo=5 angle=0 speed=85
[arm] safe_home servo=4 angle=0 speed=85
[arm] safe_home servo=3 angle=0 speed=85
[arm] safe_home servo=2 angle=0 speed=85
[arm] safe_home servo=1 angle=-16 speed=85
[base] stop
[fsm] INITIALIZING --INITIALIZED--> PLANNING
[fsm] PLANNING --TARGET_REQUIRED--> SEARCHING
[can] loading native detectNet model=/workspace/robot_code/temp_car/assets/models/detectnet_native_can/can_ssd_mobilenet_v1.onnx
[can] native detectNet loaded threshold=0.200 clustering=0.300
[can] backend=detectnet_native no detections
[base] Robot connected
[base] continuous start label=search_can_routine_2_step_0 direction=forward requested_speed=0.6 effective_speed=0.6
[can] backend=detectnet_native no detections
[map] motion direction=forward speed=0.6 effective_seconds=0.06572747230529785 pose={'x_m': 0.0, 'y_m': 0.006819225251674652, 'heading_rad': 0.0}
[can] backend=detectnet_native no detections
[map] motion direction=forward speed=0.6 effective_seconds=0.06606483459472656 pose={'x_m': 0.0, 'y_m': 0.013673451840877534, 'heading_rad': 0.0}
[can] backend=detectnet_native no detections
[map] motion direction=forward speed=0.6 effective_seconds=0.06630611419677734 pose={'x_m': 0.0, 'y_m': 0.020552711188793184, 'heading_rad': 0.0}
[can] backend=detectnet_native no detections
[map] motion direction=forward speed=0.6 effective_seconds=0.06074357032775879 pose={'x_m': 0.0, 'y_m': 0.026854856610298156, 'heading_rad': 0.0}
[can] backend=detectnet_native no detections
[map] motion direction=forward speed=0.6 effective_seconds=0.06051898002624512 pose={'x_m': 0.0, 'y_m': 0.03313370078802109, 'heading_rad': 0.0}
[can] backend=detectnet_native no detections
[map] motion direction=forward speed=0.6 effective_seconds=0.057442665100097656 pose={'x_m': 0.0, 'y_m': 0.03909337729215622, 'heading_rad': 0.0}
[can] backend=detectnet_native no detections
[map] motion direction=forward speed=0.6 effective_seconds=0.046997785568237305 pose={'x_m': 0.0, 'y_m': 0.043969397544860844, 'heading_rad': 0.0}
[can] backend=detectnet_native no detections
[map] motion direction=forward speed=0.6 effective_seconds=0.05107569694519043 pose={'x_m': 0.0, 'y_m': 0.04926850110292435, 'heading_rad': 0.0}
[can] backend=detectnet_native no detections
[map] motion direction=forward speed=0.6 effective_seconds=0.05069756507873535 pose={'x_m': 0.0, 'y_m': 0.05452837347984314, 'heading_rad': 0.0}
[can] backend=detectnet_native no detections
[map] motion direction=forward speed=0.6 effective_seconds=0.05062270164489746 pose={'x_m': 0.0, 'y_m': 0.05978047877550125, 'heading_rad': 0.0}
[can] backend=detectnet_native no detections
[map] motion direction=forward speed=0.6 effective_seconds=0.05026650428771973 pose={'x_m': 0.0, 'y_m': 0.06499562859535217, 'heading_rad': 0.0}
[can] backend=detectnet_native no detections
[map] motion direction=forward speed=0.6 effective_seconds=0.05022478103637695 pose={'x_m': 0.0, 'y_m': 0.07020644962787628, 'heading_rad': 0.0}
[can] backend=detectnet_native no detections
[map] motion direction=forward speed=0.6 effective_seconds=0.04871654510498047 pose={'x_m': 0.0, 'y_m': 0.07526079118251801, 'heading_rad': 0.0}
[can] backend=detectnet_native no detections
[map] motion direction=forward speed=0.6 effective_seconds=0.04889225959777832 pose={'x_m': 0.0, 'y_m': 0.08033336311578751, 'heading_rad': 0.0}
[can] backend=detectnet_native no detections
[map] motion direction=forward speed=0.6 effective_seconds=0.049132585525512695 pose={'x_m': 0.0, 'y_m': 0.08543086886405946, 'heading_rad': 0.0}
[can] backend=detectnet_native no detections
[map] motion direction=forward speed=0.6 effective_seconds=0.049254417419433594 pose={'x_m': 0.0, 'y_m': 0.09054101467132569, 'heading_rad': 0.0}
[can] backend=detectnet_native no detections
[map] motion direction=forward speed=0.6 effective_seconds=0.04903149604797363 pose={'x_m': 0.0, 'y_m': 0.09562803238630296, 'heading_rad': 0.0}
[can] backend=detectnet_native no detections
[map] motion direction=forward speed=0.6 effective_seconds=0.04744863510131836 pose={'x_m': 0.0, 'y_m': 0.10055082827806475, 'heading_rad': 0.0}
[can] backend=detectnet_native no detections
[map] motion direction=forward speed=0.6 effective_seconds=0.04709267616271973 pose={'x_m': 0.0, 'y_m': 0.10543669342994692, 'heading_rad': 0.0}
[can] backend=detectnet_native no detections
[map] motion direction=forward speed=0.6 effective_seconds=0.046662092208862305 pose={'x_m': 0.0, 'y_m': 0.11027788549661639, 'heading_rad': 0.0}
[can] backend=detectnet_native no detections
[map] motion direction=forward speed=0.6 effective_seconds=0.04689788818359375 pose={'x_m': 0.0, 'y_m': 0.11514354139566424, 'heading_rad': 0.0}
[can] backend=detectnet_native no detections
[map] motion direction=forward speed=0.6 effective_seconds=0.04718828201293945 pose={'x_m': 0.0, 'y_m': 0.1200393256545067, 'heading_rad': 0.0}
[can] backend=detectnet_native no detections
[map] motion direction=forward speed=0.6 effective_seconds=0.047009944915771484 pose={'x_m': 0.0, 'y_m': 0.12491660743951799, 'heading_rad': 0.0}
[can] backend=detectnet_native no detections
[map] motion direction=forward speed=0.6 effective_seconds=0.04768180847167969 pose={'x_m': 0.0, 'y_m': 0.12986359506845477, 'heading_rad': 0.0}
[can] backend=detectnet_native no detections
[map] motion direction=forward speed=0.6 effective_seconds=0.04716849327087402 pose={'x_m': 0.0, 'y_m': 0.13475732624530795, 'heading_rad': 0.0}
[can] backend=detectnet_native no detections
[map] motion direction=forward speed=0.6 effective_seconds=0.047567129135131836 pose={'x_m': 0.0, 'y_m': 0.13969241589307788, 'heading_rad': 0.0}
[can] backend=detectnet_native no detections
[map] motion direction=forward speed=0.6 effective_seconds=0.04718160629272461 pose={'x_m': 0.0, 'y_m': 0.14458750754594804, 'heading_rad': 0.0}
[can] backend=detectnet_native no detections
[map] motion direction=forward speed=0.6 effective_seconds=0.046783447265625 pose={'x_m': 0.0, 'y_m': 0.14944129019975663, 'heading_rad': 0.0}
[can] backend=detectnet_native no detections
[map] motion direction=forward speed=0.6 effective_seconds=0.046781063079833984 pose={'x_m': 0.0, 'y_m': 0.1542948254942894, 'heading_rad': 0.0}
[can] backend=detectnet_native no detections
[map] motion direction=forward speed=0.6 effective_seconds=0.04705166816711426 pose={'x_m': 0.0, 'y_m': 0.1591764360666275, 'heading_rad': 0.0}
[can] backend=detectnet_native no detections
[map] motion direction=forward speed=0.6 effective_seconds=0.04772210121154785 pose={'x_m': 0.0, 'y_m': 0.1641276040673256, 'heading_rad': 0.0}
[can] backend=detectnet_native no detections
[map] motion direction=forward speed=0.6 effective_seconds=0.0470888614654541 pose={'x_m': 0.0, 'y_m': 0.16901307344436647, 'heading_rad': 0.0}
[can] backend=detectnet_native no detections
[map] motion direction=forward speed=0.6 effective_seconds=0.04757285118103027 pose={'x_m': 0.0, 'y_m': 0.17394875675439836, 'heading_rad': 0.0}
[can] backend=detectnet_native no detections
[map] motion direction=forward speed=0.6 effective_seconds=0.04962325096130371 pose={'x_m': 0.0, 'y_m': 0.1790971690416336, 'heading_rad': 0.0}
[can] backend=detectnet_native no detections
[map] motion direction=forward speed=0.6 effective_seconds=0.04702591896057129 pose={'x_m': 0.0, 'y_m': 0.1839761081337929, 'heading_rad': 0.0}
[can] backend=detectnet_native no detections
[map] motion direction=forward speed=0.6 effective_seconds=0.04656338691711426 pose={'x_m': 0.0, 'y_m': 0.1888070595264435, 'heading_rad': 0.0}
[can] backend=detectnet_native no detections
[map] motion direction=forward speed=0.6 effective_seconds=0.04685378074645996 pose={'x_m': 0.0, 'y_m': 0.1936681392788887, 'heading_rad': 0.0}
[can] backend=detectnet_native no detections
[map] motion direction=forward speed=0.6 effective_seconds=0.04739212989807129 pose={'x_m': 0.0, 'y_m': 0.1985850727558136, 'heading_rad': 0.0}
[can] backend=detectnet_native no detections
[map] motion direction=forward speed=0.6 effective_seconds=0.04750323295593262 pose={'x_m': 0.0, 'y_m': 0.20351353317499163, 'heading_rad': 0.0}
[can] backend=detectnet_native no detections
[map] motion direction=forward speed=0.6 effective_seconds=0.04736661911010742 pose={'x_m': 0.0, 'y_m': 0.20842781990766526, 'heading_rad': 0.0}
[can] backend=detectnet_native no detections
[map] motion direction=forward speed=0.6 effective_seconds=0.047345638275146484 pose={'x_m': 0.0, 'y_m': 0.2133399298787117, 'heading_rad': 0.0}
[can] backend=detectnet_native no detections
[map] motion direction=forward speed=0.6 effective_seconds=0.04738783836364746 pose={'x_m': 0.0, 'y_m': 0.21825641810894011, 'heading_rad': 0.0}
[can] backend=detectnet_native no detections
[map] motion direction=forward speed=0.6 effective_seconds=0.05335092544555664 pose={'x_m': 0.0, 'y_m': 0.2237915766239166, 'heading_rad': 0.0}
[can] backend=detectnet_native no detections
[map] motion direction=forward speed=0.6 effective_seconds=0.046920061111450195 pose={'x_m': 0.0, 'y_m': 0.22865953296422956, 'heading_rad': 0.0}
[can] backend=detectnet_native no detections
[map] motion direction=forward speed=0.6 effective_seconds=0.04700112342834473 pose={'x_m': 0.0, 'y_m': 0.23353589951992032, 'heading_rad': 0.0}
[can] backend=detectnet_native no detections
[map] motion direction=forward speed=0.6 effective_seconds=0.047411441802978516 pose={'x_m': 0.0, 'y_m': 0.23845483660697933, 'heading_rad': 0.0}
[can] backend=detectnet_native no detections
[map] motion direction=forward speed=0.6 effective_seconds=0.047232866287231445 pose={'x_m': 0.0, 'y_m': 0.24335524648427959, 'heading_rad': 0.0}
[can] backend=detectnet_native no detections
[map] motion direction=forward speed=0.6 effective_seconds=0.047347307205200195 pose={'x_m': 0.0, 'y_m': 0.2482675296068191, 'heading_rad': 0.0}
[can] backend=detectnet_native no detections
[map] motion direction=forward speed=0.6 effective_seconds=0.04754161834716797 pose={'x_m': 0.0, 'y_m': 0.25319997251033777, 'heading_rad': 0.0}
[can] backend=detectnet_native no detections
[map] motion direction=forward speed=0.6 effective_seconds=0.04719901084899902 pose={'x_m': 0.0, 'y_m': 0.2580968698859214, 'heading_rad': 0.0}
[can] backend=detectnet_native no detections
[map] motion direction=forward speed=0.6 effective_seconds=0.04706239700317383 pose={'x_m': 0.0, 'y_m': 0.26297959357500067, 'heading_rad': 0.0}
[can] backend=detectnet_native no detections
[map] motion direction=forward speed=0.6 effective_seconds=0.04674816131591797 pose={'x_m': 0.0, 'y_m': 0.26782971531152716, 'heading_rad': 0.0}
[can] backend=detectnet_native no detections
[map] motion direction=forward speed=0.6 effective_seconds=0.047034502029418945 pose={'x_m': 0.0, 'y_m': 0.2727095448970794, 'heading_rad': 0.0}
[can] backend=detectnet_native no detections
[map] motion direction=forward speed=0.6 effective_seconds=0.047197818756103516 pose={'x_m': 0.0, 'y_m': 0.27760631859302515, 'heading_rad': 0.0}
[can] backend=detectnet_native no detections
[map] motion direction=forward speed=0.6 effective_seconds=0.047223806381225586 pose={'x_m': 0.0, 'y_m': 0.2825057885050773, 'heading_rad': 0.0}
[can] backend=detectnet_native no detections
[map] motion direction=forward speed=0.6 effective_seconds=0.04722929000854492 pose={'x_m': 0.0, 'y_m': 0.2874058273434638, 'heading_rad': 0.0}
[can] backend=detectnet_native no detections
[map] motion direction=forward speed=0.6 effective_seconds=0.04732990264892578 pose={'x_m': 0.0, 'y_m': 0.29231630474328985, 'heading_rad': 0.0}
[can] backend=detectnet_native no detections
[map] motion direction=forward speed=0.6 effective_seconds=0.04712224006652832 pose={'x_m': 0.0, 'y_m': 0.29720523715019215, 'heading_rad': 0.0}
[can] backend=detectnet_native no detections
[map] motion direction=forward speed=0.6 effective_seconds=0.04678654670715332 pose={'x_m': 0.0, 'y_m': 0.30205934137105933, 'heading_rad': 0.0}
[map] motion direction=forward speed=0.6 effective_seconds=0.01854109764099121 pose={'x_m': 0.0, 'y_m': 0.30398298025131215, 'heading_rad': 0.0}
[base] continuous stop label=search_can_routine_2_step_0 elapsed=0.019s
[base] stop
[can] backend=detectnet_native no detections
[base] continuous start label=search_can_routine_2_step_1 direction=left requested_speed=0.15 effective_speed=0.15
[can] backend=detectnet_native no detections
[map] motion direction=left speed=0.15 effective_seconds=0.04688835144042969 pose={'x_m': 0.0, 'y_m': 0.30398298025131215, 'heading_rad': -0.007081927905009611}
[can] backend=detectnet_native no detections
[map] motion direction=left speed=0.15 effective_seconds=0.0472416877746582 pose={'x_m': 0.0, 'y_m': 0.30398298025131215, 'heading_rad': -0.014217223061550932}
[can] backend=detectnet_native no detections
[map] motion direction=left speed=0.15 effective_seconds=0.046993255615234375 pose={'x_m': 0.0, 'y_m': 0.30398298025131215, 'heading_rad': -0.021314995494680744}
[can] backend=detectnet_native no detections
[map] motion direction=left speed=0.15 effective_seconds=0.047326087951660156 pose={'x_m': 0.0, 'y_m': 0.30398298025131215, 'heading_rad': -0.028463038294300524}
[can] backend=detectnet_native no detections
[map] motion direction=left speed=0.15 effective_seconds=0.04719710350036621 pose={'x_m': 0.0, 'y_m': 0.30398298025131215, 'heading_rad': -0.035591599526390905}
[can] backend=detectnet_native no detections
[map] motion direction=left speed=0.15 effective_seconds=0.04949951171875 pose={'x_m': 0.0, 'y_m': 0.30398298025131215, 'heading_rad': -0.04306791214042516}
[can] backend=detectnet_native no detections
[map] motion direction=left speed=0.15 effective_seconds=0.0470883846282959 pose={'x_m': 0.0, 'y_m': 0.30398298025131215, 'heading_rad': -0.05018005267973624}
[can] backend=detectnet_native no detections
[map] motion direction=left speed=0.15 effective_seconds=0.047330379486083984 pose={'x_m': 0.0, 'y_m': 0.30398298025131215, 'heading_rad': -0.05732874366459706}
[can] backend=detectnet_native no detections
[map] motion direction=left speed=0.15 effective_seconds=0.04720950126647949 pose={'x_m': 0.0, 'y_m': 0.30398298025131215, 'heading_rad': -0.06445917743182861}
[can] backend=detectnet_native no detections
[map] motion direction=left speed=0.15 effective_seconds=0.04714059829711914 pose={'x_m': 0.0, 'y_m': 0.30398298025131215, 'heading_rad': -0.07157920422490882}
[can] backend=detectnet_native no detections
[map] motion direction=left speed=0.15 effective_seconds=0.0473935604095459 pose={'x_m': 0.0, 'y_m': 0.30398298025131215, 'heading_rad': -0.07873743793693322}
[can] backend=detectnet_native no detections
[map] motion direction=left speed=0.15 effective_seconds=0.047124624252319336 pose={'x_m': 0.0, 'y_m': 0.30398298025131215, 'heading_rad': -0.08585505204050436}
[can] backend=detectnet_native no detections
[map] motion direction=left speed=0.15 effective_seconds=0.04731416702270508 pose={'x_m': 0.0, 'y_m': 0.30398298025131215, 'heading_rad': -0.09300129432556492}
[can] backend=detectnet_native no detections
[map] motion direction=left speed=0.15 effective_seconds=0.0489497184753418 pose={'x_m': 0.0, 'y_m': 0.30398298025131215, 'heading_rad': -0.10039456720813389}
[can] backend=detectnet_native no detections
[map] motion direction=left speed=0.15 effective_seconds=0.04709744453430176 pose={'x_m': 0.0, 'y_m': 0.30398298025131215, 'heading_rad': -0.10750807613850988}
[can] backend=detectnet_native no detections
[map] motion direction=left speed=0.15 effective_seconds=0.047023773193359375 pose={'x_m': 0.0, 'y_m': 0.30398298025131215, 'heading_rad': -0.11461045788891067}
[can] backend=detectnet_native no detections
[map] motion direction=left speed=0.15 effective_seconds=0.04720354080200195 pose={'x_m': 0.0, 'y_m': 0.30398298025131215, 'heading_rad': -0.12173999139886282}
[can] backend=detectnet_native no detections
[map] motion direction=left speed=0.15 effective_seconds=0.047342777252197266 pose={'x_m': 0.0, 'y_m': 0.30398298025131215, 'heading_rad': -0.12889055491886525}
[can] backend=detectnet_native no detections
[map] motion direction=left speed=0.15 effective_seconds=0.04730033874511719 pose={'x_m': 0.0, 'y_m': 0.30398298025131215, 'heading_rad': -0.13603470860703748}
[can] backend=detectnet_native no detections
[map] motion direction=left speed=0.15 effective_seconds=0.047309160232543945 pose={'x_m': 0.0, 'y_m': 0.30398298025131215, 'heading_rad': -0.14318019467598342}
[can] backend=detectnet_native no detections
[map] motion direction=left speed=0.15 effective_seconds=0.04739069938659668 pose={'x_m': 0.0, 'y_m': 0.30398298025131215, 'heading_rad': -0.1503379962645135}
[can] backend=detectnet_native no detections
[map] motion direction=left speed=0.15 effective_seconds=0.04750943183898926 pose={'x_m': 0.0, 'y_m': 0.30398298025131215, 'heading_rad': -0.1575137309780521}
[can] backend=detectnet_native no detections
[map] motion direction=left speed=0.15 effective_seconds=0.0471498966217041 pose={'x_m': 0.0, 'y_m': 0.30398298025131215, 'heading_rad': -0.16463516217248841}
[can] backend=detectnet_native no detections
[map] motion direction=left speed=0.15 effective_seconds=0.0470120906829834 pose={'x_m': 0.0, 'y_m': 0.30398298025131215, 'heading_rad': -0.17173577941862161}
[can] backend=detectnet_native no detections
[map] motion direction=left speed=0.15 effective_seconds=0.04750847816467285 pose={'x_m': 0.0, 'y_m': 0.30398298025131215, 'heading_rad': -0.17891137009099545}
[can] backend=detectnet_native no detections
[map] motion direction=left speed=0.15 effective_seconds=0.047191619873046875 pose={'x_m': 0.0, 'y_m': 0.30398298025131215, 'heading_rad': -0.18603910308638838}
[can] backend=detectnet_native no detections
[map] motion direction=left speed=0.15 effective_seconds=0.047307729721069336 pose={'x_m': 0.0, 'y_m': 0.30398298025131215, 'heading_rad': -0.19318437309358716}
[can] backend=detectnet_native no detections
[map] motion direction=left speed=0.15 effective_seconds=0.047249555587768555 pose={'x_m': 0.0, 'y_m': 0.30398298025131215, 'heading_rad': -0.20032085658973742}
[can] backend=detectnet_native no detections
[map] motion direction=left speed=0.15 effective_seconds=0.04724287986755371 pose={'x_m': 0.0, 'y_m': 0.30398298025131215, 'heading_rad': -0.2074563317977347}
[can] backend=detectnet_native no detections
[map] motion direction=left speed=0.15 effective_seconds=0.04766106605529785 pose={'x_m': 0.0, 'y_m': 0.30398298025131215, 'heading_rad': -0.2146549690564652}
[can] backend=detectnet_native no detections
[map] motion direction=left speed=0.15 effective_seconds=0.04710960388183594 pose={'x_m': 0.0, 'y_m': 0.30398298025131215, 'heading_rad': -0.2217703145116916}
[can] backend=detectnet_native no detections
[map] motion direction=left speed=0.15 effective_seconds=0.04713296890258789 pose={'x_m': 0.0, 'y_m': 0.30398298025131215, 'heading_rad': -0.22888918897545407}
[can] backend=detectnet_native no detections
[map] motion direction=left speed=0.15 effective_seconds=0.04708385467529297 pose={'x_m': 0.0, 'y_m': 0.30398298025131215, 'heading_rad': -0.23600064531923293}
[can] backend=detectnet_native no detections
[map] motion direction=left speed=0.15 effective_seconds=0.0471653938293457 pose={'x_m': 0.0, 'y_m': 0.30398298025131215, 'heading_rad': -0.24312441718259592}
[can] backend=detectnet_native no detections
[map] motion direction=left speed=0.15 effective_seconds=0.0469813346862793 pose={'x_m': 0.0, 'y_m': 0.30398298025131215, 'heading_rad': -0.2502203891011665}
[can] backend=detectnet_native no detections
[map] motion direction=left speed=0.15 effective_seconds=0.04717588424682617 pose={'x_m': 0.0, 'y_m': 0.30398298025131215, 'heading_rad': -0.25734574541734156}
[can] backend=detectnet_native no detections
[map] motion direction=left speed=0.15 effective_seconds=0.04722952842712402 pose={'x_m': 0.0, 'y_m': 0.30398298025131215, 'heading_rad': -0.26447920404903247}
[can] backend=detectnet_native no detections
[map] motion direction=left speed=0.15 effective_seconds=0.047057390213012695 pose={'x_m': 0.0, 'y_m': 0.30398298025131215, 'heading_rad': -0.2715866632504902}
[can] backend=detectnet_native no detections
[map] motion direction=left speed=0.15 effective_seconds=0.04674983024597168 pose={'x_m': 0.0, 'y_m': 0.30398298025131215, 'heading_rad': -0.2786476691763231}
[can] backend=detectnet_native no detections
[map] motion direction=left speed=0.15 effective_seconds=0.04705190658569336 pose={'x_m': 0.0, 'y_m': 0.30398298025131215, 'heading_rad': -0.2857543001410834}
[can] backend=detectnet_native no detections
[map] motion direction=left speed=0.15 effective_seconds=0.04721879959106445 pose={'x_m': 0.0, 'y_m': 0.30398298025131215, 'heading_rad': -0.29288613830967103}
[can] backend=detectnet_native no detections
[map] motion direction=left speed=0.15 effective_seconds=0.04755830764770508 pose={'x_m': 0.0, 'y_m': 0.30398298025131215, 'heading_rad': -0.30006925513290206}
[can] backend=detectnet_native no detections
[map] motion direction=left speed=0.15 effective_seconds=0.047159671783447266 pose={'x_m': 0.0, 'y_m': 0.30398298025131215, 'heading_rad': -0.30719216274927685}
[can] backend=detectnet_native no detections
[map] motion direction=left speed=0.15 effective_seconds=0.04738426208496094 pose={'x_m': 0.0, 'y_m': 0.30398298025131215, 'heading_rad': -0.31434899205994515}
[can] backend=detectnet_native no detections
[map] motion direction=left speed=0.15 effective_seconds=0.04721784591674805 pose={'x_m': 0.0, 'y_m': 0.30398298025131215, 'heading_rad': -0.32148068618736847}
[can] backend=detectnet_native no detections
[map] motion direction=left speed=0.15 effective_seconds=0.04718184471130371 pose={'x_m': 0.0, 'y_m': 0.30398298025131215, 'heading_rad': -0.3286069427608229}
[can] backend=detectnet_native no detections
[map] motion direction=left speed=0.15 effective_seconds=0.04686903953552246 pose={'x_m': 0.0, 'y_m': 0.30398298025131215, 'heading_rad': -0.33568595383224675}
[can] backend=detectnet_native no detections
[map] motion direction=left speed=0.15 effective_seconds=0.04722452163696289 pose={'x_m': 0.0, 'y_m': 0.30398298025131215, 'heading_rad': -0.34281865624782304}
[can] backend=detectnet_native no detections
[map] motion direction=left speed=0.15 effective_seconds=0.047168731689453125 pose={'x_m': 0.0, 'y_m': 0.30398298025131215, 'heading_rad': -0.34994293225526274}
[can] backend=detectnet_native no detections
[map] motion direction=left speed=0.15 effective_seconds=0.047490835189819336 pose={'x_m': 0.0, 'y_m': 0.30398298025131215, 'heading_rad': -0.35711585816608915}
[can] backend=detectnet_native no detections
[map] motion direction=left speed=0.15 effective_seconds=0.04736328125 pose={'x_m': 0.0, 'y_m': 0.30398298025131215, 'heading_rad': -0.3642695185711333}
[can] backend=detectnet_native no detections
[map] motion direction=left speed=0.15 effective_seconds=0.04699230194091797 pose={'x_m': 0.0, 'y_m': 0.30398298025131215, 'heading_rad': -0.37136714696309836}
[can] backend=detectnet_native no detections
[map] motion direction=left speed=0.15 effective_seconds=0.047197818756103516 pose={'x_m': 0.0, 'y_m': 0.30398298025131215, 'heading_rad': -0.3784958162260623}
[can] backend=detectnet_native no detections
[map] motion direction=left speed=0.15 effective_seconds=0.04753279685974121 pose={'x_m': 0.0, 'y_m': 0.30398298025131215, 'heading_rad': -0.385675079948137}
[can] backend=detectnet_native no detections
[map] motion direction=left speed=0.15 effective_seconds=0.04689764976501465 pose={'x_m': 0.0, 'y_m': 0.30398298025131215, 'heading_rad': -0.3927584122545027}
[can] backend=detectnet_native no detections
[map] motion direction=left speed=0.15 effective_seconds=0.0467381477355957 pose={'x_m': 0.0, 'y_m': 0.30398298025131215, 'heading_rad': -0.3998176536760676}
[can] backend=detectnet_native no detections
[map] motion direction=left speed=0.15 effective_seconds=0.047112226486206055 pose={'x_m': 0.0, 'y_m': 0.30398298025131215, 'heading_rad': -0.4069333952444971}
[can] backend=detectnet_native no detections
[map] motion direction=left speed=0.15 effective_seconds=0.04703497886657715 pose={'x_m': 0.0, 'y_m': 0.30398298025131215, 'heading_rad': -0.41403746947858355}
[can] backend=detectnet_native no detections
[map] motion direction=left speed=0.15 effective_seconds=0.0472102165222168 pose={'x_m': 0.0, 'y_m': 0.30398298025131215, 'heading_rad': -0.4211680112766887}
[can] backend=detectnet_native no detections
[map] motion direction=left speed=0.15 effective_seconds=0.0473330020904541 pose={'x_m': 0.0, 'y_m': 0.30398298025131215, 'heading_rad': -0.4283170983747526}
[can] backend=detectnet_native no detections
[map] motion direction=left speed=0.15 effective_seconds=0.047286272048950195 pose={'x_m': 0.0, 'y_m': 0.30398298025131215, 'heading_rad': -0.4354591274557449}
[can] backend=detectnet_native no detections
[map] motion direction=left speed=0.15 effective_seconds=0.04723525047302246 pose={'x_m': 0.0, 'y_m': 0.30398298025131215, 'heading_rad': -0.44259345033442443}
[can] backend=detectnet_native no detections
[map] motion direction=left speed=0.15 effective_seconds=0.0468597412109375 pose={'x_m': 0.0, 'y_m': 0.30398298025131215, 'heading_rad': -0.44967105700449217}
[can] backend=detectnet_native no detections
[map] motion direction=left speed=0.15 effective_seconds=0.046849966049194336 pose={'x_m': 0.0, 'y_m': 0.30398298025131215, 'heading_rad': -0.4567471872526214}
[can] backend=detectnet_native no detections
[map] motion direction=left speed=0.15 effective_seconds=0.04700970649719238 pose={'x_m': 0.0, 'y_m': 0.30398298025131215, 'heading_rad': -0.4638474443958427}
[can] backend=detectnet_native no detections
[map] motion direction=left speed=0.15 effective_seconds=0.04734611511230469 pose={'x_m': 0.0, 'y_m': 0.30398298025131215, 'heading_rad': -0.4709985120599218}
[can] backend=detectnet_native no detections
[map] motion direction=left speed=0.15 effective_seconds=0.04708123207092285 pose={'x_m': 0.0, 'y_m': 0.30398298025131215, 'heading_rad': -0.47810957229049755}
[can] backend=detectnet_native no detections
[map] motion direction=left speed=0.15 effective_seconds=0.04742097854614258 pose={'x_m': 0.0, 'y_m': 0.30398298025131215, 'heading_rad': -0.48527194718600786}
[can] backend=detectnet_native no detections
[map] motion direction=left speed=0.15 effective_seconds=0.04732108116149902 pose={'x_m': 0.0, 'y_m': 0.30398298025131215, 'heading_rad': -0.4924192337695126}
[can] backend=detectnet_native no detections
[map] motion direction=left speed=0.15 effective_seconds=0.047280311584472656 pose={'x_m': 0.0, 'y_m': 0.30398298025131215, 'heading_rad': -0.49956036259322545}
[can] backend=detectnet_native no detections
[map] motion direction=left speed=0.15 effective_seconds=0.04692649841308594 pose={'x_m': 0.0, 'y_m': 0.30398298025131215, 'heading_rad': -0.5066480521448242}
[can] backend=detectnet_native no detections
[map] motion direction=left speed=0.15 effective_seconds=0.047394752502441406 pose={'x_m': 0.0, 'y_m': 0.30398298025131215, 'heading_rad': -0.5138064659083046}
[can] backend=detectnet_native no detections
[map] motion direction=left speed=0.15 effective_seconds=0.04711031913757324 pose={'x_m': 0.0, 'y_m': 0.30398298025131215, 'heading_rad': -0.5209219193944046}
[can] backend=detectnet_native no detections
[map] motion direction=left speed=0.15 effective_seconds=0.04734683036804199 pose={'x_m': 0.0, 'y_m': 0.30398298025131215, 'heading_rad': -0.5280730950893568}
[can] backend=detectnet_native no detections
[map] motion direction=left speed=0.15 effective_seconds=0.04740715026855469 pose={'x_m': 0.0, 'y_m': 0.30398298025131215, 'heading_rad': -0.5352333813879784}
[can] backend=detectnet_native no detections
[map] motion direction=left speed=0.15 effective_seconds=0.047260284423828125 pose={'x_m': 0.0, 'y_m': 0.30398298025131215, 'heading_rad': -0.5423714853472319}
[can] backend=detectnet_native no detections
[map] motion direction=left speed=0.15 effective_seconds=0.047162771224975586 pose={'x_m': 0.0, 'y_m': 0.30398298025131215, 'heading_rad': -0.5494948610973918}
[can] backend=detectnet_native no detections
[map] motion direction=left speed=0.15 effective_seconds=0.0472407341003418 pose={'x_m': 0.0, 'y_m': 0.30398298025131215, 'heading_rad': -0.5566300122127683}
[can] backend=detectnet_native no detections
[map] motion direction=left speed=0.15 effective_seconds=0.046941518783569336 pose={'x_m': 0.0, 'y_m': 0.30398298025131215, 'heading_rad': -0.5637199704127114}
[can] backend=detectnet_native no detections
[map] motion direction=left speed=0.15 effective_seconds=0.046651363372802734 pose={'x_m': 0.0, 'y_m': 0.30398298025131215, 'heading_rad': -0.5707661040882863}
[can] backend=detectnet_native no detections
[map] motion direction=left speed=0.15 effective_seconds=0.04688620567321777 pose={'x_m': 0.0, 'y_m': 0.30398298025131215, 'heading_rad': -0.5778477079006752}
[can] backend=detectnet_native no detections
[map] motion direction=left speed=0.15 effective_seconds=0.05056476593017578 pose={'x_m': 0.0, 'y_m': 0.30398298025131215, 'heading_rad': -0.5854849144957108}
[can] backend=detectnet_native no detections
[map] motion direction=left speed=0.15 effective_seconds=0.04737091064453125 pose={'x_m': 0.0, 'y_m': 0.30398298025131215, 'heading_rad': -0.5926397272300727}
[can] backend=detectnet_native no detections
[map] motion direction=left speed=0.15 effective_seconds=0.04713940620422363 pose={'x_m': 0.0, 'y_m': 0.30398298025131215, 'heading_rad': -0.599759573971697}
[can] backend=detectnet_native no detections
[map] motion direction=left speed=0.15 effective_seconds=0.047255754470825195 pose={'x_m': 0.0, 'y_m': 0.30398298025131215, 'heading_rad': -0.6068969937354183}
[can] backend=detectnet_native no detections
[map] motion direction=left speed=0.15 effective_seconds=0.04709053039550781 pose={'x_m': 0.0, 'y_m': 0.30398298025131215, 'heading_rad': -0.6140094583673501}
[can] backend=detectnet_native no detections
[map] motion direction=left speed=0.15 effective_seconds=0.04716324806213379 pose={'x_m': 0.0, 'y_m': 0.30398298025131215, 'heading_rad': -0.6211329061380928}
[can] backend=detectnet_native no detections
[map] motion direction=left speed=0.15 effective_seconds=0.04692506790161133 pose={'x_m': 0.0, 'y_m': 0.30398298025131215, 'heading_rad': -0.6282203796279444}
[can] backend=detectnet_native no detections
[map] motion direction=left speed=0.15 effective_seconds=0.047296762466430664 pose={'x_m': 0.0, 'y_m': 0.30398298025131215, 'heading_rad': -0.6353639931617487}
[can] backend=detectnet_native no detections
[map] motion direction=left speed=0.15 effective_seconds=0.04736208915710449 pose={'x_m': 0.0, 'y_m': 0.30398298025131215, 'heading_rad': -0.642517473515337}
[can] backend=detectnet_native no detections
[map] motion direction=left speed=0.15 effective_seconds=0.047016143798828125 pose={'x_m': 0.0, 'y_m': 0.30398298025131215, 'heading_rad': -0.64961870293642}
[can] backend=detectnet_native no detections
[map] motion direction=left speed=0.15 effective_seconds=0.0473480224609375 pose={'x_m': 0.0, 'y_m': 0.30398298025131215, 'heading_rad': -0.6567700586828282}
[can] backend=detectnet_native no detections
[map] motion direction=left speed=0.15 effective_seconds=0.04729652404785156 pose={'x_m': 0.0, 'y_m': 0.30398298025131215, 'heading_rad': -0.6639136362063414}
[can] backend=detectnet_native no detections
[map] motion direction=left speed=0.15 effective_seconds=0.04729104042053223 pose={'x_m': 0.0, 'y_m': 0.30398298025131215, 'heading_rad': -0.6710563854931575}
[can] backend=detectnet_native no detections
[map] motion direction=left speed=0.15 effective_seconds=0.04698014259338379 pose={'x_m': 0.0, 'y_m': 0.30398298025131215, 'heading_rad': -0.6781521773602721}
[can] backend=detectnet_native no detections
[map] motion direction=left speed=0.15 effective_seconds=0.04662275314331055 pose={'x_m': 0.0, 'y_m': 0.30398298025131215, 'heading_rad': -0.6851939898009052}
[can] backend=detectnet_native no detections
[map] motion direction=left speed=0.15 effective_seconds=0.04718017578125 pose={'x_m': 0.0, 'y_m': 0.30398298025131215, 'heading_rad': -0.6923199943023217}
[can] backend=detectnet_native no detections
[map] motion direction=left speed=0.15 effective_seconds=0.04704999923706055 pose={'x_m': 0.0, 'y_m': 0.30398298025131215, 'heading_rad': -0.6994263371847529}
[can] backend=detectnet_native no detections
[map] motion direction=left speed=0.15 effective_seconds=0.04731607437133789 pose={'x_m': 0.0, 'y_m': 0.30398298025131215, 'heading_rad': -0.706572867552143}
[can] backend=detectnet_native no detections
[map] motion direction=left speed=0.15 effective_seconds=0.04704713821411133 pose={'x_m': 0.0, 'y_m': 0.30398298025131215, 'heading_rad': -0.7136787783110798}
[can] backend=detectnet_native no detections
[map] motion direction=left speed=0.15 effective_seconds=0.047136545181274414 pose={'x_m': 0.0, 'y_m': 0.30398298025131215, 'heading_rad': -0.7207981929292098}
[can] backend=detectnet_native no detections
[map] motion direction=left speed=0.15 effective_seconds=0.04758858680725098 pose={'x_m': 0.0, 'y_m': 0.30398298025131215, 'heading_rad': -0.7279858830594206}
[can] backend=detectnet_native no detections
[map] motion direction=left speed=0.15 effective_seconds=0.04921579360961914 pose={'x_m': 0.0, 'y_m': 0.30398298025131215, 'heading_rad': -0.7354193434269485}
[can] backend=detectnet_native no detections
[map] motion direction=left speed=0.15 effective_seconds=0.04661059379577637 pose={'x_m': 0.0, 'y_m': 0.30398298025131215, 'heading_rad': -0.7424593193427311}
[can] backend=detectnet_native no detections
[map] motion direction=left speed=0.15 effective_seconds=0.047393798828125 pose={'x_m': 0.0, 'y_m': 0.30398298025131215, 'heading_rad': -0.7496175890650463}
[can] backend=detectnet_native no detections
[map] motion direction=left speed=0.15 effective_seconds=0.047254323959350586 pose={'x_m': 0.0, 'y_m': 0.30398298025131215, 'heading_rad': -0.75675479276702}
[can] backend=detectnet_native no detections
[map] motion direction=left speed=0.15 effective_seconds=0.04716801643371582 pose={'x_m': 0.0, 'y_m': 0.30398298025131215, 'heading_rad': -0.7638789607435861}
[can] backend=detectnet_native no detections
[map] motion direction=left speed=0.15 effective_seconds=0.04727745056152344 pose={'x_m': 0.0, 'y_m': 0.30398298025131215, 'heading_rad': -0.7710196574438046}
[can] backend=detectnet_native no detections
[map] motion direction=left speed=0.15 effective_seconds=0.04758930206298828 pose={'x_m': 0.0, 'y_m': 0.30398298025131215, 'heading_rad': -0.778207455604889}
[can] backend=detectnet_native no detections
[map] motion direction=left speed=0.15 effective_seconds=0.0474092960357666 pose={'x_m': 0.0, 'y_m': 0.30398298025131215, 'heading_rad': -0.7853680659961313}
[can] backend=detectnet_native no detections
[map] motion direction=left speed=0.15 effective_seconds=0.047016143798828125 pose={'x_m': 0.0, 'y_m': 0.30398298025131215, 'heading_rad': -0.7924692954172143}
[can] backend=detectnet_native no detections
[map] motion direction=left speed=0.15 effective_seconds=0.04707956314086914 pose={'x_m': 0.0, 'y_m': 0.30398298025131215, 'heading_rad': -0.7995801035757522}
[can] backend=detectnet_native no detections
[map] motion direction=left speed=0.15 effective_seconds=0.04674196243286133 pose={'x_m': 0.0, 'y_m': 0.30398298025131215, 'heading_rad': -0.8066399211619761}
[can] backend=detectnet_native no detections
[map] motion direction=left speed=0.15 effective_seconds=0.047165632247924805 pose={'x_m': 0.0, 'y_m': 0.30398298025131215, 'heading_rad': -0.8137637290356303}
[can] backend=detectnet_native no detections
[map] motion direction=left speed=0.15 effective_seconds=0.04723715782165527 pose={'x_m': 0.0, 'y_m': 0.30398298025131215, 'heading_rad': -0.8208983399966394}
[can] backend=detectnet_native no detections
[map] motion direction=left speed=0.15 effective_seconds=0.047489166259765625 pose={'x_m': 0.0, 'y_m': 0.30398298025131215, 'heading_rad': -0.8280710138354275}
[can] backend=detectnet_native no detections
[map] motion direction=left speed=0.15 effective_seconds=0.04735398292541504 pose={'x_m': 0.0, 'y_m': 0.30398298025131215, 'heading_rad': -0.8352232698391155}
[can] backend=detectnet_native no detections
[map] motion direction=left speed=0.15 effective_seconds=0.046990394592285156 pose={'x_m': 0.0, 'y_m': 0.30398298025131215, 'heading_rad': -0.842320610148751}
[can] backend=detectnet_native no detections
[map] motion direction=left speed=0.15 effective_seconds=0.04673433303833008 pose={'x_m': 0.0, 'y_m': 0.30398298025131215, 'heading_rad': -0.8493792754056573}
[can] backend=detectnet_native no detections
[map] motion direction=left speed=0.15 effective_seconds=0.046651601791381836 pose={'x_m': 0.0, 'y_m': 0.30398298025131215, 'heading_rad': -0.8564254450915234}
[can] backend=detectnet_native no detections
[map] motion direction=left speed=0.15 effective_seconds=0.0474705696105957 pose={'x_m': 0.0, 'y_m': 0.30398298025131215, 'heading_rad': -0.8635953101275993}
[can] backend=detectnet_native no detections
[map] motion direction=left speed=0.15 effective_seconds=0.04704546928405762 pose={'x_m': 0.0, 'y_m': 0.30398298025131215, 'heading_rad': -0.8707009688144978}
[can] backend=detectnet_native no detections
[map] motion direction=left speed=0.15 effective_seconds=0.047419071197509766 pose={'x_m': 0.0, 'y_m': 0.30398298025131215, 'heading_rad': -0.8778630556276785}
[can] backend=detectnet_native no detections
[map] motion direction=left speed=0.15 effective_seconds=0.047328948974609375 pose={'x_m': 0.0, 'y_m': 0.30398298025131215, 'heading_rad': -0.8850115305507922}
[can] backend=detectnet_native no detections
[map] motion direction=left speed=0.15 effective_seconds=0.04721355438232422 pose={'x_m': 0.0, 'y_m': 0.30398298025131215, 'heading_rad': -0.892142576492974}
[can] backend=detectnet_native no detections
[map] motion direction=left speed=0.15 effective_seconds=0.04765796661376953 pose={'x_m': 0.0, 'y_m': 0.30398298025131215, 'heading_rad': -0.899340745617919}
[can] backend=detectnet_native no detections
[map] motion direction=left speed=0.15 effective_seconds=0.047019243240356445 pose={'x_m': 0.0, 'y_m': 0.30398298025131215, 'heading_rad': -0.9064424431727875}
[can] backend=detectnet_native no detections
[map] motion direction=left speed=0.15 effective_seconds=0.046529531478881836 pose={'x_m': 0.0, 'y_m': 0.30398298025131215, 'heading_rad': -0.9134701755895684}
[can] backend=detectnet_native no detections
[map] motion direction=left speed=0.15 effective_seconds=0.046959877014160156 pose={'x_m': 0.0, 'y_m': 0.30398298025131215, 'heading_rad': -0.9205629065819325}
[can] backend=detectnet_native no detections
[map] motion direction=left speed=0.15 effective_seconds=0.047124385833740234 pose={'x_m': 0.0, 'y_m': 0.30398298025131215, 'heading_rad': -0.9276804846752125}
[can] backend=detectnet_native no detections
[map] motion direction=left speed=0.15 effective_seconds=0.047159671783447266 pose={'x_m': 0.0, 'y_m': 0.30398298025131215, 'heading_rad': -0.9348033922915873}
[can] backend=detectnet_native no detections
[map] motion direction=left speed=0.15 effective_seconds=0.04735136032104492 pose={'x_m': 0.0, 'y_m': 0.30398298025131215, 'heading_rad': -0.9419552521820722}
[can] backend=detectnet_native no detections
[map] motion direction=left speed=0.15 effective_seconds=0.04737091064453125 pose={'x_m': 0.0, 'y_m': 0.30398298025131215, 'heading_rad': -0.9491100649164341}
[can] backend=detectnet_native no detections
[map] motion direction=left speed=0.15 effective_seconds=0.04691648483276367 pose={'x_m': 0.0, 'y_m': 0.30398298025131215, 'heading_rad': -0.9561962420358032}
[can] backend=detectnet_native no detections
[map] motion direction=left speed=0.15 effective_seconds=0.0489506721496582 pose={'x_m': 0.0, 'y_m': 0.30398298025131215, 'heading_rad': -0.963589658959537}
[can] backend=detectnet_native no detections
[map] motion direction=left speed=0.15 effective_seconds=0.046872854232788086 pose={'x_m': 0.0, 'y_m': 0.30398298025131215, 'heading_rad': -0.9706692461956199}
[can] backend=detectnet_native no detections
[map] motion direction=left speed=0.15 effective_seconds=0.04703092575073242 pose={'x_m': 0.0, 'y_m': 0.30398298025131215, 'heading_rad': -0.9777727082547565}
[can] backend=detectnet_native no detections
[map] motion direction=left speed=0.15 effective_seconds=0.04754233360290527 pose={'x_m': 0.0, 'y_m': 0.30398298025131215, 'heading_rad': -0.984953412388478}
[can] backend=detectnet_native no detections
[map] motion direction=left speed=0.15 effective_seconds=0.04733610153198242 pose={'x_m': 0.0, 'y_m': 0.30398298025131215, 'heading_rad': -0.9921029676203275}
[can] backend=detectnet_native no detections
[map] motion direction=left speed=0.15 effective_seconds=0.04737281799316406 pose={'x_m': 0.0, 'y_m': 0.30398298025131215, 'heading_rad': -0.9992580684370189}
[can] backend=detectnet_native no detections
[map] motion direction=left speed=0.15 effective_seconds=0.04712843894958496 pose={'x_m': 0.0, 'y_m': 0.30398298025131215, 'heading_rad': -1.0063762587052487}
[can] backend=detectnet_native no detections
[map] motion direction=left speed=0.15 effective_seconds=0.04716777801513672 pose={'x_m': 0.0, 'y_m': 0.30398298025131215, 'heading_rad': -1.0135003906715236}
[can] backend=detectnet_native no detections
[map] motion direction=left speed=0.15 effective_seconds=0.04685091972351074 pose={'x_m': 0.0, 'y_m': 0.30398298025131215, 'heading_rad': -1.0205766649608177}
[can] backend=detectnet_native no detections
[map] motion direction=left speed=0.15 effective_seconds=0.0467524528503418 pose={'x_m': 0.0, 'y_m': 0.30398298025131215, 'heading_rad': -1.0276380669998533}
[can] backend=detectnet_native no detections
[map] motion direction=left speed=0.15 effective_seconds=0.04733085632324219 pose={'x_m': 0.0, 'y_m': 0.30398298025131215, 'heading_rad': -1.034786830005297}
[can] backend=detectnet_native no detections
[map] motion direction=left speed=0.15 effective_seconds=0.04735970497131348 pose={'x_m': 0.0, 'y_m': 0.30398298025131215, 'heading_rad': -1.0419399502559732}
[can] backend=detectnet_native no detections
[map] motion direction=left speed=0.15 effective_seconds=0.047386884689331055 pose={'x_m': 0.0, 'y_m': 0.30398298025131215, 'heading_rad': -1.0490971756798446}
[can] backend=detectnet_native no detections
[map] motion direction=left speed=0.15 effective_seconds=0.04724740982055664 pose={'x_m': 0.0, 'y_m': 0.30398298025131215, 'heading_rad': -1.0562333350833741}
[can] backend=detectnet_native no detections
[map] motion direction=left speed=0.15 effective_seconds=0.04715156555175781 pose={'x_m': 0.0, 'y_m': 0.30398298025131215, 'heading_rad': -1.0633550183498484}
[can] backend=detectnet_native no detections
[map] motion direction=left speed=0.15 effective_seconds=0.04753541946411133 pose={'x_m': 0.0, 'y_m': 0.30398298025131215, 'heading_rad': -1.0705346781851262}
[can] backend=detectnet_native no detections
[map] motion direction=left speed=0.15 effective_seconds=0.047107696533203125 pose={'x_m': 0.0, 'y_m': 0.30398298025131215, 'heading_rad': -1.0776497355580235}
[can] backend=detectnet_native no detections
[map] motion direction=left speed=0.15 effective_seconds=0.04653334617614746 pose={'x_m': 0.0, 'y_m': 0.30398298025131215, 'heading_rad': -1.084678044139463}
[can] backend=detectnet_native no detections
[map] motion direction=left speed=0.15 effective_seconds=0.047231435775756836 pose={'x_m': 0.0, 'y_m': 0.30398298025131215, 'heading_rad': -1.0918117908534835}
[can] backend=detectnet_native no detections
[map] motion direction=left speed=0.15 effective_seconds=0.04739809036254883 pose={'x_m': 0.0, 'y_m': 0.30398298025131215, 'heading_rad': -1.09897070876104}
[can] backend=detectnet_native no detections
[map] motion direction=left speed=0.15 effective_seconds=0.04719734191894531 pose={'x_m': 0.0, 'y_m': 0.30398298025131215, 'heading_rad': -1.1060993060034212}
[can] backend=detectnet_native no detections
[map] motion direction=left speed=0.15 effective_seconds=0.04724454879760742 pose={'x_m': 0.0, 'y_m': 0.30398298025131215, 'heading_rad': -1.1132350332834564}
[can] backend=detectnet_native no detections
[map] motion direction=left speed=0.15 effective_seconds=0.04739832878112793 pose={'x_m': 0.0, 'y_m': 0.30398298025131215, 'heading_rad': -1.1203939872013042}
[can] backend=detectnet_native no detections
[map] motion direction=left speed=0.15 effective_seconds=0.04727578163146973 pose={'x_m': 0.0, 'y_m': 0.30398298025131215, 'heading_rad': -1.1275344318294844}
[can] backend=detectnet_native no detections
[map] motion direction=left speed=0.15 effective_seconds=0.04853248596191406 pose={'x_m': 0.0, 'y_m': 0.30398298025131215, 'heading_rad': -1.134864686702485}
[can] backend=detectnet_native no detections
[map] motion direction=left speed=0.15 effective_seconds=0.04916071891784668 pose={'x_m': 0.0, 'y_m': 0.30398298025131215, 'heading_rad': -1.1422898286927499}
[can] backend=detectnet_native no detections
[map] motion direction=left speed=0.15 effective_seconds=0.047281503677368164 pose={'x_m': 0.0, 'y_m': 0.30398298025131215, 'heading_rad': -1.1494311375679185}
[can] backend=detectnet_native no detections
[map] motion direction=left speed=0.15 effective_seconds=0.04718279838562012 pose={'x_m': 0.0, 'y_m': 0.30398298025131215, 'heading_rad': -1.156557538182538}
[can] backend=detectnet_native no detections
[map] motion direction=left speed=0.15 effective_seconds=0.04742884635925293 pose={'x_m': 0.0, 'y_m': 0.30398298025131215, 'heading_rad': -1.163721101417657}
[can] backend=detectnet_native no detections
[map] motion direction=left speed=0.15 effective_seconds=0.04746222496032715 pose={'x_m': 0.0, 'y_m': 0.30398298025131215, 'heading_rad': -1.1708897060935415}
[can] backend=detectnet_native no detections
[map] motion direction=left speed=0.15 effective_seconds=0.047231435775756836 pose={'x_m': 0.0, 'y_m': 0.30398298025131215, 'heading_rad': -1.178023452807562}
[can] backend=detectnet_native no detections
[map] motion direction=left speed=0.15 effective_seconds=0.04720759391784668 pose={'x_m': 0.0, 'y_m': 0.30398298025131215, 'heading_rad': -1.1851535984924642}
[can] backend=detectnet_native no detections
[map] motion direction=left speed=0.15 effective_seconds=0.04696774482727051 pose={'x_m': 0.0, 'y_m': 0.30398298025131215, 'heading_rad': -1.1922475178244374}
[can] backend=detectnet_native no detections
[map] motion direction=left speed=0.15 effective_seconds=0.046712636947631836 pose={'x_m': 0.0, 'y_m': 0.30398298025131215, 'heading_rad': -1.199302906144846}
[can] backend=detectnet_native no detections
[map] motion direction=left speed=0.15 effective_seconds=0.04725289344787598 pose={'x_m': 0.0, 'y_m': 0.30398298025131215, 'heading_rad': -1.2064398937850727}
[can] backend=detectnet_native no detections
[map] motion direction=left speed=0.15 effective_seconds=0.04694724082946777 pose={'x_m': 0.0, 'y_m': 0.30398298025131215, 'heading_rad': -1.2135307162320041}
[can] backend=detectnet_native no detections
[map] motion direction=left speed=0.15 effective_seconds=0.04722452163696289 pose={'x_m': 0.0, 'y_m': 0.30398298025131215, 'heading_rad': -1.2206634186475804}
[can] backend=detectnet_native no detections
[map] motion direction=left speed=0.15 effective_seconds=0.04715681076049805 pose={'x_m': 0.0, 'y_m': 0.30398298025131215, 'heading_rad': -1.227785894140461}
[can] backend=detectnet_native no detections
[map] motion direction=left speed=0.15 effective_seconds=0.04727339744567871 pose={'x_m': 0.0, 'y_m': 0.30398298025131215, 'heading_rad': -1.2349259786657294}
[can] backend=detectnet_native no detections
[map] motion direction=left speed=0.15 effective_seconds=0.048110246658325195 pose={'x_m': 0.0, 'y_m': 0.30398298025131215, 'heading_rad': -1.2421924593130467}
[can] backend=detectnet_native no detections
[map] motion direction=left speed=0.15 effective_seconds=0.04863739013671875 pose={'x_m': 0.0, 'y_m': 0.30398298025131215, 'heading_rad': -1.2495385587141672}
[can] backend=detectnet_native no detections
[map] motion direction=left speed=0.15 effective_seconds=0.04705190658569336 pose={'x_m': 0.0, 'y_m': 0.30398298025131215, 'heading_rad': -1.2566451896789277}
[can] backend=detectnet_native no detections
[map] motion direction=left speed=0.15 effective_seconds=0.04716348648071289 pose={'x_m': 0.0, 'y_m': 0.30398298025131215, 'heading_rad': -1.2637686734599614}
[can] backend=detectnet_native no detections
[map] motion direction=left speed=0.15 effective_seconds=0.04744768142700195 pose={'x_m': 0.0, 'y_m': 0.30398298025131215, 'heading_rad': -1.2709350815080838}
[can] backend=detectnet_native no detections
[map] motion direction=left speed=0.15 effective_seconds=0.047281742095947266 pose={'x_m': 0.0, 'y_m': 0.30398298025131215, 'heading_rad': -1.2780764263935436}
[can] backend=detectnet_native no detections
[map] motion direction=left speed=0.15 effective_seconds=0.04744315147399902 pose={'x_m': 0.0, 'y_m': 0.30398298025131215, 'heading_rad': -1.2852421502461335}
[can] backend=detectnet_native no detections
[map] motion direction=left speed=0.15 effective_seconds=0.04734063148498535 pose={'x_m': 0.0, 'y_m': 0.30398298025131215, 'heading_rad': -1.2923923896735152}
[can] backend=detectnet_native no detections
[map] motion direction=left speed=0.15 effective_seconds=0.04716944694519043 pose={'x_m': 0.0, 'y_m': 0.30398298025131215, 'heading_rad': -1.2995167737118283}
[can] backend=detectnet_native no detections
[map] motion direction=left speed=0.15 effective_seconds=0.047059059143066406 pose={'x_m': 0.0, 'y_m': 0.30398298025131215, 'heading_rad': -1.3066244849853241}
[can] backend=detectnet_native no detections
[map] motion direction=left speed=0.15 effective_seconds=0.04699897766113281 pose={'x_m': 0.0, 'y_m': 0.30398298025131215, 'heading_rad': -1.3137231216654421}
[can] backend=detectnet_native no detections
[map] motion direction=left speed=0.15 effective_seconds=0.04724383354187012 pose={'x_m': 0.0, 'y_m': 0.30398298025131215, 'heading_rad': -1.320858740914604}
[can] backend=detectnet_native no detections
[map] motion direction=left speed=0.15 effective_seconds=0.04733085632324219 pose={'x_m': 0.0, 'y_m': 0.30398298025131215, 'heading_rad': -1.3280075039200474}
[can] backend=detectnet_native no detections
[map] motion direction=left speed=0.15 effective_seconds=0.04718470573425293 pose={'x_m': 0.0, 'y_m': 0.30398298025131215, 'heading_rad': -1.3351341926169962}
[can] backend=detectnet_native no detections
[map] motion direction=left speed=0.15 effective_seconds=0.04747796058654785 pose={'x_m': 0.0, 'y_m': 0.30398298025131215, 'heading_rad': -1.3423051739720988}
[can] backend=detectnet_native no detections
[map] motion direction=left speed=0.15 effective_seconds=0.04742288589477539 pose={'x_m': 0.0, 'y_m': 0.30398298025131215, 'heading_rad': -1.3494678369499384}
[can] backend=detectnet_native no detections
[map] motion direction=left speed=0.15 effective_seconds=0.047449350357055664 pose={'x_m': 0.0, 'y_m': 0.30398298025131215, 'heading_rad': -1.3566344970700992}
[can] backend=detectnet_native no detections
[map] motion direction=left speed=0.15 effective_seconds=0.04694676399230957 pose={'x_m': 0.0, 'y_m': 0.30398298025131215, 'heading_rad': -1.3637252474964483}
[can] backend=detectnet_native no detections
[map] motion direction=left speed=0.15 effective_seconds=0.04725027084350586 pose={'x_m': 0.0, 'y_m': 0.30398298025131215, 'heading_rad': -1.3708618390234721}
[can] backend=detectnet_native no detections
[map] motion direction=left speed=0.15 effective_seconds=0.04733443260192871 pose={'x_m': 0.0, 'y_m': 0.30398298025131215, 'heading_rad': -1.3780111421832832}
[can] backend=detectnet_native no detections
[map] motion direction=left speed=0.15 effective_seconds=0.04721188545227051 pose={'x_m': 0.0, 'y_m': 0.30398298025131215, 'heading_rad': -1.3851419360534267}
[can] backend=detectnet_native no detections
[map] motion direction=left speed=0.15 effective_seconds=0.050600528717041016 pose={'x_m': 0.0, 'y_m': 0.30398298025131215, 'heading_rad': -1.3927845441921396}
[can] backend=detectnet_native no detections
[map] motion direction=left speed=0.15 effective_seconds=0.04740285873413086 pose={'x_m': 0.0, 'y_m': 0.30398298025131215, 'heading_rad': -1.3999441823055199}
[can] backend=detectnet_native no detections
[map] motion direction=left speed=0.15 effective_seconds=0.04755258560180664 pose={'x_m': 0.0, 'y_m': 0.30398298025131215, 'heading_rad': -1.4071264348817625}
[can] backend=detectnet_native no detections
[map] motion direction=left speed=0.15 effective_seconds=0.04732775688171387 pose={'x_m': 0.0, 'y_m': 0.30398298025131215, 'heading_rad': -1.4142747297534204}
[can] backend=detectnet_native no detections
[map] motion direction=left speed=0.15 effective_seconds=0.047220706939697266 pose={'x_m': 0.0, 'y_m': 0.30398298025131215, 'heading_rad': -1.4214068560043376}
[can] backend=detectnet_native no detections
[map] motion direction=left speed=0.15 effective_seconds=0.04693961143493652 pose={'x_m': 0.0, 'y_m': 0.30398298025131215, 'heading_rad': -1.4284965261219513}
[can] backend=detectnet_native no detections
[map] motion direction=left speed=0.15 effective_seconds=0.047454833984375 pose={'x_m': 0.0, 'y_m': 0.30398298025131215, 'heading_rad': -1.4356640144788093}
[can] backend=detectnet_native no detections
[map] motion direction=left speed=0.15 effective_seconds=0.04783892631530762 pose={'x_m': 0.0, 'y_m': 0.30398298025131215, 'heading_rad': -1.4428895154147614}
[can] backend=detectnet_native no detections
[map] motion direction=left speed=0.15 effective_seconds=0.04723310470581055 pose={'x_m': 0.0, 'y_m': 0.30398298025131215, 'heading_rad': -1.4500235142008202}
[can] backend=detectnet_native no detections
[map] motion direction=left speed=0.15 effective_seconds=0.04739069938659668 pose={'x_m': 0.0, 'y_m': 0.30398298025131215, 'heading_rad': -1.4571813157893503}
[can] backend=detectnet_native no detections
[map] motion direction=left speed=0.15 effective_seconds=0.04710841178894043 pose={'x_m': 0.0, 'y_m': 0.30398298025131215, 'heading_rad': -1.464296481193121}
[can] backend=detectnet_native no detections
[map] motion direction=left speed=0.15 effective_seconds=0.04784965515136719 pose={'x_m': 0.0, 'y_m': 0.30398298025131215, 'heading_rad': -1.4715236025921763}
[can] backend=detectnet_native no detections
[map] motion direction=left speed=0.15 effective_seconds=0.046770334243774414 pose={'x_m': 0.0, 'y_m': 0.30398298025131215, 'heading_rad': -1.4785877054030507}
[can] backend=detectnet_native no detections
[map] motion direction=left speed=0.15 effective_seconds=0.04681086540222168 pose={'x_m': 0.0, 'y_m': 0.30398298025131215, 'heading_rad': -1.4856579299634263}
[can] backend=detectnet_native no detections
[map] motion direction=left speed=0.15 effective_seconds=0.04734230041503906 pose={'x_m': 0.0, 'y_m': 0.30398298025131215, 'heading_rad': -1.4928084214628463}
[can] backend=detectnet_native no detections
[map] motion direction=left speed=0.15 effective_seconds=0.04703712463378906 pose={'x_m': 0.0, 'y_m': 0.30398298025131215, 'heading_rad': -1.4999128197895535}
[can] backend=detectnet_native no detections
[map] motion direction=left speed=0.15 effective_seconds=0.047110557556152344 pose={'x_m': 0.0, 'y_m': 0.30398298025131215, 'heading_rad': -1.5070283092859447}
[can] backend=detectnet_native no detections
[map] motion direction=left speed=0.15 effective_seconds=0.046891212463378906 pose={'x_m': 0.0, 'y_m': 0.30398298025131215, 'heading_rad': -1.5141106693144484}
[can] backend=detectnet_native no detections
[map] motion direction=left speed=0.15 effective_seconds=0.04731917381286621 pose={'x_m': 0.0, 'y_m': 0.30398298025131215, 'heading_rad': -1.5212576678156238}
[can] backend=detectnet_native no detections
[map] motion direction=left speed=0.15 effective_seconds=0.04756665229797363 pose={'x_m': 0.0, 'y_m': 0.30398298025131215, 'heading_rad': -1.5284420449990461}
[can] backend=detectnet_native no detections
[map] motion direction=left speed=0.15 effective_seconds=0.04682588577270508 pose={'x_m': 0.0, 'y_m': 0.30398298025131215, 'heading_rad': -1.535514538207766}
[can] backend=detectnet_native no detections
[map] motion direction=left speed=0.15 effective_seconds=0.046945810317993164 pose={'x_m': 0.0, 'y_m': 0.30398298025131215, 'heading_rad': -1.5426051445929505}
[can] backend=detectnet_native no detections
[map] motion direction=left speed=0.15 effective_seconds=0.049431800842285156 pose={'x_m': 0.0, 'y_m': 0.30398298025131215, 'heading_rad': -1.5500712302842894}
[can] backend=detectnet_native no detections
[map] motion direction=left speed=0.15 effective_seconds=0.04734492301940918 pose={'x_m': 0.0, 'y_m': 0.30398298025131215, 'heading_rad': -1.5572221178969126}
[can] backend=detectnet_native no detections
[map] motion direction=left speed=0.15 effective_seconds=0.04716086387634277 pose={'x_m': 0.0, 'y_m': 0.30398298025131215, 'heading_rad': -1.564345205564743}
[can] backend=detectnet_native no detections
[map] motion direction=left speed=0.15 effective_seconds=0.04731035232543945 pose={'x_m': 0.0, 'y_m': 0.30398298025131215, 'heading_rad': -1.5714908716851448}
[map] motion direction=left speed=0.15 effective_seconds=0.017393112182617188 pose={'x_m': 0.0, 'y_m': 0.30398298025131215, 'heading_rad': -1.5741178944474514}
[base] continuous stop label=search_can_routine_2_step_1 elapsed=0.017s
[base] stop
[can] backend=detectnet_native no detections
[base] continuous start label=search_can_routine_2_step_2 direction=forward requested_speed=0.6 effective_speed=0.6
[can] backend=detectnet_native no detections
[map] motion direction=forward speed=0.6 effective_seconds=0.0470273494720459 pose={'x_m': -0.004879060592722709, 'y_m': 0.3039667740618725, 'heading_rad': -1.5741178944474514}
[can] backend=detectnet_native no detections
[map] motion direction=forward speed=0.6 effective_seconds=0.0466156005859375 pose={'x_m': -0.009715402474166503, 'y_m': 0.30395070976604427, 'heading_rad': -1.5741178944474514}
[can] backend=detectnet_native no detections
[map] motion direction=forward speed=0.6 effective_seconds=0.04705500602722168 pose={'x_m': -0.014597332418660118, 'y_m': 0.30393449404582357, 'heading_rad': -1.5741178944474514}
[can] backend=detectnet_native no detections
[map] motion direction=forward speed=0.6 effective_seconds=0.04726767539978027 pose={'x_m': -0.019501326688840352, 'y_m': 0.30391820503718286, 'heading_rad': -1.5741178944474514}
[can] backend=detectnet_native no detections
[map] motion direction=forward speed=0.6 effective_seconds=0.047453880310058594 pose={'x_m': -0.02442463961189194, 'y_m': 0.3039018518600937, 'heading_rad': -1.5741178944474514}
[can] backend=detectnet_native no detections
[map] motion direction=forward speed=0.6 effective_seconds=0.047293901443481445 pose={'x_m': -0.02933135481909631, 'y_m': 0.30388555381364335, 'heading_rad': -1.5741178944474514}
[can] backend=detectnet_native no detections
[map] motion direction=forward speed=0.6 effective_seconds=0.04744839668273926 pose={'x_m': -0.034254098818951945, 'y_m': 0.303869202526278, 'heading_rad': -1.5741178944474514}
[can] backend=detectnet_native no detections
[map] motion direction=forward speed=0.6 effective_seconds=0.04736065864562988 pose={'x_m': -0.039167740047672296, 'y_m': 0.303852881474494, 'heading_rad': -1.5741178944474514}
[can] backend=detectnet_native no detections
[map] motion direction=forward speed=0.6 effective_seconds=0.047834157943725586 pose={'x_m': -0.04413050655757384, 'y_m': 0.30383639724916506, 'heading_rad': -1.5741178944474514}
[can] backend=detectnet_native no detections
[map] motion direction=forward speed=0.6 effective_seconds=0.04684638977050781 pose={'x_m': -0.04899079268483002, 'y_m': 0.303820253420612, 'heading_rad': -1.5741178944474514}
[can] backend=detectnet_native no detections
[map] motion direction=forward speed=0.6 effective_seconds=0.04717826843261719 pose={'x_m': -0.053885511033337066, 'y_m': 0.303803995222686, 'heading_rad': -1.5741178944474514}
[can] backend=detectnet_native no detections
[map] motion direction=forward speed=0.6 effective_seconds=0.04735732078552246 pose={'x_m': -0.058798805960981616, 'y_m': 0.3037876753211687, 'heading_rad': -1.5741178944474514}
[can] backend=detectnet_native no detections
[map] motion direction=forward speed=0.6 effective_seconds=0.04717850685119629 pose={'x_m': -0.0636935490452798, 'y_m': 0.30377141704108074, 'heading_rad': -1.5741178944474514}
[can] backend=detectnet_native no detections
[map] motion direction=forward speed=0.6 effective_seconds=0.047499895095825195 pose={'x_m': -0.06862163597601918, 'y_m': 0.30375504800674374, 'heading_rad': -1.5741178944474514}
[can] backend=detectnet_native no detections
[map] motion direction=forward speed=0.6 effective_seconds=0.04733753204345703 pose={'x_m': -0.07353287783300007, 'y_m': 0.30373873492466463, 'heading_rad': -1.5741178944474514}
[can] backend=detectnet_native no detections
[map] motion direction=forward speed=0.6 effective_seconds=0.04712963104248047 pose={'x_m': -0.0784225500801169, 'y_m': 0.3037224934877674, 'heading_rad': -1.5741178944474514}
[can] backend=detectnet_native no detections
[map] motion direction=forward speed=0.6 effective_seconds=0.04673886299133301 pose={'x_m': -0.08327168036557414, 'y_m': 0.30370638671423383, 'heading_rad': -1.5741178944474514}
[can] backend=detectnet_native no detections
[map] motion direction=forward speed=0.6 effective_seconds=0.04713916778564453 pose={'x_m': -0.08816234204433612, 'y_m': 0.30369014199086036, 'heading_rad': -1.5741178944474514}
[can] backend=detectnet_native no detections
[map] motion direction=forward speed=0.6 effective_seconds=0.04728579521179199 pose={'x_m': -0.09306821623464212, 'y_m': 0.3036738467379148, 'heading_rad': -1.5741178944474514}
[can] backend=detectnet_native detections=1 best_confidence=0.200
[can] backend=detectnet_native confidence=0.200 class_id=1 center=(230.5,116.9) error_x=0.220 bbox=[221.875, 99.84375, 239.0625, 133.9453125]
[map] motion direction=forward speed=0.6 effective_seconds=0.06397318840026855 pose={'x_m': -0.0997053979176139, 'y_m': 0.3036518008088563, 'heading_rad': -1.5741178944474514}
[base] continuous stop label=search_can_routine_2_step_2 elapsed=0.064s
[base] stop
[fsm] SEARCHING --TARGET_FOUND--> ALIGNING
[can] backend=detectnet_native no detections
[base] stop
[can] backend=detectnet_native no detections
[base] stop
[can] backend=detectnet_native no detections
[base] stop
[can] backend=detectnet_native no detections
[base] stop
[can] backend=detectnet_native no detections
[base] stop
[can] backend=detectnet_native no detections
[base] stop
[can] backend=detectnet_native no detections
[base] stop
[can] backend=detectnet_native detections=1 best_confidence=0.217
[can] backend=detectnet_native confidence=0.217 class_id=1 center=(233.1,116.2) error_x=0.229 bbox=[223.4375, 97.03125, 242.8125, 135.46875]
[base] continuous start label=align_can direction=right requested_speed=0.15 effective_speed=0.15
[visual-turn] label=align_can direction=right speed=0.15
[can] backend=detectnet_native no detections
[visual-turn] label=align_can target temporarily missing; holding motion frame=1/2
[can] backend=detectnet_native no detections
[visual-turn] label=align_can target temporarily missing; holding motion frame=2/2
[can] backend=detectnet_native detections=1 best_confidence=0.256
[can] backend=detectnet_native confidence=0.256 class_id=1 center=(230.9,117.2) error_x=0.222 bbox=[221.40625, 98.4375, 240.46875, 135.9375]
[can] backend=detectnet_native no detections
[visual-turn] label=align_can target temporarily missing; holding motion frame=1/2
[can] backend=detectnet_native no detections
[visual-turn] label=align_can target temporarily missing; holding motion frame=2/2
[can] backend=detectnet_native no detections
[map] motion direction=right speed=0.15 effective_seconds=0.6981122493743896 pose={'x_m': -0.0997053979176139, 'y_m': 0.3036518008088563, 'heading_rad': -1.4522743214465752}
[base] continuous stop label=align_can elapsed=0.698s
[base] stop
[can] backend=detectnet_native no detections
[base] stop
[can] backend=detectnet_native detections=1 best_confidence=0.206
[can] backend=detectnet_native confidence=0.206 class_id=1 center=(219.1,118.0) error_x=0.185 bbox=[210.3125, 100.6640625, 227.8125, 135.3515625]
[base] continuous start label=align_can direction=right requested_speed=0.15 effective_speed=0.15
[visual-turn] label=align_can direction=right speed=0.15
[can] backend=detectnet_native no detections
[visual-turn] label=align_can target temporarily missing; holding motion frame=1/2
[can] backend=detectnet_native no detections
[visual-turn] label=align_can target temporarily missing; holding motion frame=2/2
[can] backend=detectnet_native no detections
[map] motion direction=right speed=0.15 effective_seconds=0.3615121841430664 pose={'x_m': -0.0997053979176139, 'y_m': 0.3036518008088563, 'heading_rad': -1.3891785424528456}
[base] continuous stop label=align_can elapsed=0.362s
[base] stop
[can] backend=detectnet_native no detections
[base] stop
[can] backend=detectnet_native no detections
[base] stop
[can] backend=detectnet_native no detections
[base] stop
[can] backend=detectnet_native no detections
[base] stop
[can] backend=detectnet_native no detections
[base] stop
[fsm] ALIGNING --TARGET_MISSING--> SEARCHING reason=alignment target lost
[can] backend=detectnet_native no detections
[base] continuous start label=search_can_routine_2_step_0 direction=forward requested_speed=0.6 effective_speed=0.6
[can] backend=detectnet_native no detections
[map] motion direction=forward speed=0.6 effective_seconds=0.04726076126098633 pose={'x_m': -0.10452805615071897, 'y_m': 0.30453744040545355, 'heading_rad': -1.3891785424528456}
[can] backend=detectnet_native no detections
[map] motion direction=forward speed=0.6 effective_seconds=0.047333717346191406 pose={'x_m': -0.10935815908542389, 'y_m': 0.3054244471573007, 'heading_rad': -1.3891785424528456}
[can] backend=detectnet_native no detections
[map] motion direction=forward speed=0.6 effective_seconds=0.04740762710571289 pose={'x_m': -0.11419580403808943, 'y_m': 0.30631283893570815, 'heading_rad': -1.3891785424528456}
[can] backend=detectnet_native no detections
[map] motion direction=forward speed=0.6 effective_seconds=0.047775983810424805 pose={'x_m': -0.11907103743510711, 'y_m': 0.30720813350777915, 'heading_rad': -1.3891785424528456}
[can] backend=detectnet_native no detections
[map] motion direction=forward speed=0.6 effective_seconds=0.0475163459777832 pose={'x_m': -0.12391977645290182, 'y_m': 0.30809856261557855, 'heading_rad': -1.3891785424528456}
[can] backend=detectnet_native no detections
[map] motion direction=forward speed=0.6 effective_seconds=0.04740500450134277 pose={'x_m': -0.1287571537855752, 'y_m': 0.30898690524788225, 'heading_rad': -1.3891785424528456}
[can] backend=detectnet_native no detections
[map] motion direction=forward speed=0.6 effective_seconds=0.048403024673461914 pose={'x_m': -0.1336963726898072, 'y_m': 0.30989395020657784, 'heading_rad': -1.3891785424528456}
[can] backend=detectnet_native no detections
[map] motion direction=forward speed=0.6 effective_seconds=0.04706573486328125 pose={'x_m': -0.1384991297271323, 'y_m': 0.3107759351201869, 'heading_rad': -1.3891785424528456}
[can] backend=detectnet_native no detections
[map] motion direction=forward speed=0.6 effective_seconds=0.04700446128845215 pose={'x_m': -0.14329563418827715, 'y_m': 0.3116567718020992, 'heading_rad': -1.3891785424528456}
[can] backend=detectnet_native no detections
[map] motion direction=forward speed=0.6 effective_seconds=0.04747819900512695 pose={'x_m': -0.14814048055164059, 'y_m': 0.3125464860574804, 'heading_rad': -1.3891785424528456}
[can] backend=detectnet_native no detections
[map] motion direction=forward speed=0.6 effective_seconds=0.04768562316894531 pose={'x_m': -0.15300649322347415, 'y_m': 0.3134400873228857, 'heading_rad': -1.3891785424528456}
[can] backend=detectnet_native no detections
[map] motion direction=forward speed=0.6 effective_seconds=0.04732251167297363 pose={'x_m': -0.15783545269093988, 'y_m': 0.314326884086835, 'heading_rad': -1.3891785424528456}
[can] backend=detectnet_native no detections
[map] motion direction=forward speed=0.6 effective_seconds=0.04740023612976074 pose={'x_m': -0.16267234344180936, 'y_m': 0.31521513736258644, 'heading_rad': -1.3891785424528456}
[can] backend=detectnet_native no detections
[map] motion direction=forward speed=0.6 effective_seconds=0.04721665382385254 pose={'x_m': -0.16749050079322825, 'y_m': 0.31609995041107514, 'heading_rad': -1.3891785424528456}
[can] backend=detectnet_native no detections
[map] motion direction=forward speed=0.6 effective_seconds=0.04719233512878418 pose={'x_m': -0.1723061765774472, 'y_m': 0.3169843077411472, 'heading_rad': -1.3891785424528456}
[can] backend=detectnet_native no detections
[map] motion direction=forward speed=0.6 effective_seconds=0.046817779541015625 pose={'x_m': -0.17708363136096894, 'y_m': 0.31786164611403783, 'heading_rad': -1.3891785424528456}
[can] backend=detectnet_native detections=1 best_confidence=0.201
[can] backend=detectnet_native confidence=0.201 class_id=1 center=(214.4,114.2) error_x=0.170 bbox=[205.46875, 94.3359375, 223.28125, 134.0625]
[map] motion direction=forward speed=0.6 effective_seconds=0.06484127044677734 pose={'x_m': -0.18370026804691422, 'y_m': 0.3190767343832305, 'heading_rad': -1.3891785424528456}
[base] continuous stop label=search_can_routine_2_step_0 elapsed=0.065s
[base] stop
[fsm] SEARCHING --TARGET_FOUND--> ALIGNING
[can] backend=detectnet_native no detections
[base] stop
[can] backend=detectnet_native detections=1 best_confidence=0.231
[can] backend=detectnet_native confidence=0.231 class_id=1 center=(217.2,115.4) error_x=0.179 bbox=[208.59375, 96.62109375, 225.78125, 134.1796875]
[base] continuous start label=align_can direction=right requested_speed=0.15 effective_speed=0.15
[visual-turn] label=align_can direction=right speed=0.15
[can] backend=detectnet_native no detections
[visual-turn] label=align_can target temporarily missing; holding motion frame=1/2
[can] backend=detectnet_native no detections
[visual-turn] label=align_can target temporarily missing; holding motion frame=2/2
[can] backend=detectnet_native no detections
[map] motion direction=right speed=0.15 effective_seconds=0.3603494167327881 pose={'x_m': -0.18370026804691422, 'y_m': 0.3190767343832305, 'heading_rad': -1.3262857046565584}
[base] continuous stop label=align_can elapsed=0.360s
[base] stop
[can] backend=detectnet_native no detections
[base] stop
[can] backend=detectnet_native no detections
[base] stop
[can] backend=detectnet_native no detections
[base] stop
[can] backend=detectnet_native no detections
[base] stop
[can] backend=detectnet_native no detections
[base] stop
[fsm] ALIGNING --TARGET_MISSING--> SEARCHING reason=alignment target lost
[can] backend=detectnet_native no detections
[base] continuous start label=search_can_routine_2_step_0 direction=forward requested_speed=0.6 effective_speed=0.6
[can] backend=detectnet_native no detections
[map] motion direction=forward speed=0.6 effective_seconds=0.04721832275390625 pose={'x_m': -0.1884534556832319, 'y_m': 0.3202626678391306, 'heading_rad': -1.3262857046565584}
[can] backend=detectnet_native no detections
[map] motion direction=forward speed=0.6 effective_seconds=0.047208309173583984 pose={'x_m': -0.1932056353119922, 'y_m': 0.32144834979435843, 'heading_rad': -1.3262857046565584}
[can] backend=detectnet_native no detections
[map] motion direction=forward speed=0.6 effective_seconds=0.04718518257141113 pose={'x_m': -0.19795548692329853, 'y_m': 0.3226334509027955, 'heading_rad': -1.3262857046565584}
[can] backend=detectnet_native no detections
[map] motion direction=forward speed=0.6 effective_seconds=0.047276973724365234 pose={'x_m': -0.20271457860388092, 'y_m': 0.32382085743406197, 'heading_rad': -1.3262857046565584}
[can] backend=detectnet_native no detections
[map] motion direction=forward speed=0.6 effective_seconds=0.04746270179748535 pose={'x_m': -0.20749236642463484, 'y_m': 0.3250129287039885, 'heading_rad': -1.3262857046565584}
[can] backend=detectnet_native no detections
[map] motion direction=forward speed=0.6 effective_seconds=0.04767656326293945 pose={'x_m': -0.21229168240679294, 'y_m': 0.32621037130970204, 'heading_rad': -1.3262857046565584}
[can] backend=detectnet_native no detections
[map] motion direction=forward speed=0.6 effective_seconds=0.04716014862060547 pose={'x_m': -0.2170390139992058, 'y_m': 0.3273948436664583, 'heading_rad': -1.3262857046565584}
[can] backend=detectnet_native no detections
[map] motion direction=forward speed=0.6 effective_seconds=0.04763603210449219 pose={'x_m': -0.2218342499507745, 'y_m': 0.32859126829326013, 'heading_rad': -1.3262857046565584}
[can] backend=detectnet_native no detections
[map] motion direction=forward speed=0.6 effective_seconds=0.04705214500427246 pose={'x_m': -0.22657070946167554, 'y_m': 0.3297730280356223, 'heading_rad': -1.3262857046565584}
[can] backend=detectnet_native no detections
[map] motion direction=forward speed=0.6 effective_seconds=0.04689908027648926 pose={'x_m': -0.23129176085705655, 'y_m': 0.330950943410565, 'heading_rad': -1.3262857046565584}
[can] backend=detectnet_native no detections
[map] motion direction=forward speed=0.6 effective_seconds=0.04745769500732422 pose={'x_m': -0.23606904467403178, 'y_m': 0.33214288893015537, 'heading_rad': -1.3262857046565584}
[can] backend=detectnet_native no detections
[map] motion direction=forward speed=0.6 effective_seconds=0.047187089920043945 pose={'x_m': -0.24081908828677762, 'y_m': 0.33332803794348237, 'heading_rad': -1.3262857046565584}
[can] backend=detectnet_native detections=1 best_confidence=0.219
[can] backend=detectnet_native confidence=0.219 class_id=1 center=(215.6,115.3) error_x=0.174 bbox=[207.1875, 96.2109375, 224.0625, 134.296875]
[map] motion direction=forward speed=0.6 effective_seconds=0.06703352928161621 pose={'x_m': -0.24756695487790423, 'y_m': 0.33501164931308686, 'heading_rad': -1.3262857046565584}
[base] continuous stop label=search_can_routine_2_step_0 elapsed=0.067s
[base] stop
[fsm] SEARCHING --TARGET_FOUND--> ALIGNING
[can] backend=detectnet_native detections=1 best_confidence=0.240
[can] backend=detectnet_native confidence=0.240 class_id=1 center=(215.2,117.5) error_x=0.172 bbox=[206.25, 96.6796875, 224.0625, 138.28125]
[base] continuous start label=align_can direction=right requested_speed=0.15 effective_speed=0.15
[visual-turn] label=align_can direction=right speed=0.15
[can] backend=detectnet_native detections=1 best_confidence=0.201
[can] backend=detectnet_native confidence=0.201 class_id=1 center=(215.2,116.3) error_x=0.172 bbox=[206.25, 95.625, 224.0625, 136.9921875]
[can] backend=detectnet_native no detections
[visual-turn] label=align_can target temporarily missing; holding motion frame=1/2
[can] backend=detectnet_native no detections
[visual-turn] label=align_can target temporarily missing; holding motion frame=2/2
[can] backend=detectnet_native no detections
[map] motion direction=right speed=0.15 effective_seconds=0.40548014640808105 pose={'x_m': -0.24756695487790423, 'y_m': 0.33501164931308686, 'heading_rad': -1.255516068593657}
[base] continuous stop label=align_can elapsed=0.405s
[base] stop
[can] backend=detectnet_native no detections
[base] stop
[can] backend=detectnet_native no detections
[base] stop
[can] backend=detectnet_native no detections
[base] stop
[can] backend=detectnet_native no detections
[base] stop
[can] backend=detectnet_native no detections
[base] stop
[fsm] ALIGNING --TARGET_MISSING--> SEARCHING reason=alignment target lost
[can] backend=detectnet_native no detections
[base] continuous start label=search_can_routine_2_step_0 direction=forward requested_speed=0.6 effective_speed=0.6
[can] backend=detectnet_native no detections
[map] motion direction=forward speed=0.6 effective_seconds=0.04657936096191406 pose={'x_m': -0.25216136194125593, 'y_m': 0.3365101587663747, 'heading_rad': -1.255516068593657}
[can] backend=detectnet_native no detections
[map] motion direction=forward speed=0.6 effective_seconds=0.04712080955505371 pose={'x_m': -0.2568091753886668, 'y_m': 0.3380260872185181, 'heading_rad': -1.255516068593657}
[can] backend=detectnet_native no detections
[map] motion direction=forward speed=0.6 effective_seconds=0.04741263389587402 pose={'x_m': -0.26148577325443456, 'y_m': 0.33955140398180167, 'heading_rad': -1.255516068593657}
[can] backend=detectnet_native no detections
[map] motion direction=forward speed=0.6 effective_seconds=0.04744577407836914 pose={'x_m': -0.2661656399389536, 'y_m': 0.341077786901334, 'heading_rad': -1.255516068593657}
[can] backend=detectnet_native no detections
[map] motion direction=forward speed=0.6 effective_seconds=0.047410011291503906 pose={'x_m': -0.270841979121223, 'y_m': 0.34260301929254033, 'heading_rad': -1.255516068593657}
[can] backend=detectnet_native no detections
[map] motion direction=forward speed=0.6 effective_seconds=0.047278404235839844 pose={'x_m': -0.2755053370952138, 'y_m': 0.34412401773950696, 'heading_rad': -1.255516068593657}
[can] backend=detectnet_native no detections
[map] motion direction=forward speed=0.6 effective_seconds=0.047652244567871094 pose={'x_m': -0.28020556922605394, 'y_m': 0.34565704304257466, 'heading_rad': -1.255516068593657}
[can] backend=detectnet_native no detections
[map] motion direction=forward speed=0.6 effective_seconds=0.047438859939575195 pose={'x_m': -0.28488475392680473, 'y_m': 0.3471832035266306, 'heading_rad': -1.255516068593657}
[can] backend=detectnet_native no detections
[map] motion direction=forward speed=0.6 effective_seconds=0.047174692153930664 pose={'x_m': -0.2895378821442717, 'y_m': 0.3487008654414519, 'heading_rad': -1.255516068593657}
[can] backend=detectnet_native no detections
[map] motion direction=forward speed=0.6 effective_seconds=0.04693174362182617 pose={'x_m': -0.2941670468631229, 'y_m': 0.35021071143384525, 'heading_rad': -1.255516068593657}
[can] backend=detectnet_native no detections
[map] motion direction=forward speed=0.6 effective_seconds=0.04709267616271973 pose={'x_m': -0.2988120853420974, 'y_m': 0.35172573480370556, 'heading_rad': -1.255516068593657}
[can] backend=detectnet_native no detections
[map] motion direction=forward speed=0.6 effective_seconds=0.047344207763671875 pose={'x_m': -0.30348193392022754, 'y_m': 0.35324885022279207, 'heading_rad': -1.255516068593657}
[can] backend=detectnet_native no detections
[map] motion direction=forward speed=0.6 effective_seconds=0.04711413383483887 pose={'x_m': -0.3081290889005518, 'y_m': 0.354764563909648, 'heading_rad': -1.255516068593657}
[can] backend=detectnet_native no detections
[map] motion direction=forward speed=0.6 effective_seconds=0.04767918586730957 pose={'x_m': -0.31283197841641996, 'y_m': 0.3562984559440546, 'heading_rad': -1.255516068593657}
[can] backend=detectnet_native no detections
[map] motion direction=forward speed=0.6 effective_seconds=0.047454833984375 pose={'x_m': -0.3175127387348422, 'y_m': 0.35782513033076285, 'heading_rad': -1.255516068593657}
[can] backend=detectnet_native detections=1 best_confidence=0.256
[can] backend=detectnet_native confidence=0.256 class_id=1 center=(215.6,119.0) error_x=0.174 bbox=[204.84375, 93.92578125, 226.40625, 144.140625]
[map] motion direction=forward speed=0.6 effective_seconds=0.0656290054321289 pose={'x_m': -0.3239861286631554, 'y_m': 0.35993648787236454, 'heading_rad': -1.255516068593657}
[base] continuous stop label=search_can_routine_2_step_0 elapsed=0.066s
[base] stop
[fsm] SEARCHING --TARGET_FOUND--> ALIGNING
[can] backend=detectnet_native no detections
[base] stop
[can] backend=detectnet_native detections=1 best_confidence=0.202
[can] backend=detectnet_native confidence=0.202 class_id=1 center=(218.3,116.2) error_x=0.182 bbox=[206.875, 89.8828125, 229.6875, 142.5]
[base] continuous start label=align_can direction=right requested_speed=0.15 effective_speed=0.15
[visual-turn] label=align_can direction=right speed=0.15
[can] backend=detectnet_native no detections
[visual-turn] label=align_can target temporarily missing; holding motion frame=1/2
[can] backend=detectnet_native no detections
[visual-turn] label=align_can target temporarily missing; holding motion frame=2/2
[can] backend=detectnet_native no detections
[map] motion direction=right speed=0.15 effective_seconds=0.35782837867736816 pose={'x_m': -0.3239861286631554, 'y_m': 0.35993648787236454, 'heading_rad': -1.1930632349437216}
[base] continuous stop label=align_can elapsed=0.358s
[base] stop
[can] backend=detectnet_native no detections
[base] stop
[can] backend=detectnet_native no detections
[base] stop
[can] backend=detectnet_native no detections
[base] stop
[can] backend=detectnet_native no detections
[base] stop
[can] backend=detectnet_native no detections
[base] stop
[fsm] ALIGNING --TARGET_MISSING--> SEARCHING reason=alignment target lost
[can] backend=detectnet_native no detections
[base] continuous start label=search_can_routine_2_step_0 direction=forward requested_speed=0.6 effective_speed=0.6
[can] backend=detectnet_native no detections
[map] motion direction=forward speed=0.6 effective_seconds=0.046793222427368164 pose={'x_m': -0.3284986773215664, 'y_m': 0.3617270064663376, 'heading_rad': -1.1930632349437216}
[can] backend=detectnet_native detections=1 best_confidence=0.233
[can] backend=detectnet_native confidence=0.233 class_id=1 center=(213.6,118.3) error_x=0.167 bbox=[203.4375, 93.10546875, 223.75, 143.5546875]
[map] motion direction=forward speed=0.6 effective_seconds=0.06515836715698242 pose={'x_m': -0.33478228608039645, 'y_m': 0.3642202578795864, 'heading_rad': -1.1930632349437216}
[base] continuous stop label=search_can_routine_2_step_0 elapsed=0.065s
[base] stop
[fsm] SEARCHING --TARGET_FOUND--> ALIGNING
[can] backend=detectnet_native no detections
[base] stop
[can] backend=detectnet_native detections=1 best_confidence=0.311
[can] backend=detectnet_native confidence=0.311 class_id=1 center=(215.0,122.0) error_x=0.172 bbox=[202.5, 93.515625, 227.5, 150.46875]
[base] continuous start label=align_can direction=right requested_speed=0.15 effective_speed=0.15
[visual-turn] label=align_can direction=right speed=0.15
[can] backend=detectnet_native detections=1 best_confidence=0.285
[can] backend=detectnet_native confidence=0.285 class_id=1 center=(213.4,120.3) error_x=0.167 bbox=[202.96875, 94.62890625, 223.90625, 145.8984375]
[can] backend=detectnet_native detections=1 best_confidence=0.256
[can] backend=detectnet_native confidence=0.256 class_id=1 center=(213.4,119.2) error_x=0.167 bbox=[203.59375, 94.21875, 223.28125, 144.140625]
[can] backend=detectnet_native detections=1 best_confidence=0.277
[can] backend=detectnet_native confidence=0.277 class_id=1 center=(213.1,120.0) error_x=0.166 bbox=[202.1875, 93.92578125, 224.0625, 146.015625]
[can] backend=detectnet_native detections=1 best_confidence=0.224
[can] backend=detectnet_native confidence=0.224 class_id=1 center=(213.0,119.4) error_x=0.166 bbox=[202.34375, 93.33984375, 223.59375, 145.4296875]
[can] backend=detectnet_native no detections
[visual-turn] label=align_can target temporarily missing; holding motion frame=1/2
[can] backend=detectnet_native no detections
[visual-turn] label=align_can target temporarily missing; holding motion frame=2/2
[can] backend=detectnet_native no detections
[map] motion direction=right speed=0.15 effective_seconds=0.5501556396484375 pose={'x_m': -0.33478228608039645, 'y_m': 0.3642202578795864, 'heading_rad': -1.0970429618409083}
[base] continuous stop label=align_can elapsed=0.550s
[base] stop
[can] backend=detectnet_native no detections
[base] stop
[can] backend=detectnet_native no detections
[base] stop
[can] backend=detectnet_native no detections
[base] stop
[can] backend=detectnet_native no detections
[base] stop
[can] backend=detectnet_native no detections
[base] stop
[fsm] ALIGNING --TARGET_MISSING--> SEARCHING reason=alignment target lost
[can] backend=detectnet_native no detections
[base] continuous start label=search_can_routine_2_step_0 direction=forward requested_speed=0.6 effective_speed=0.6
[can] backend=detectnet_native no detections
[map] motion direction=forward speed=0.6 effective_seconds=0.046541452407836914 pose={'x_m': -0.33907914187959887, 'y_m': 0.3664232420225409, 'heading_rad': -1.0970429618409083}
[can] backend=detectnet_native no detections
[map] motion direction=forward speed=0.6 effective_seconds=0.046868085861206055 pose={'x_m': -0.34340615352430487, 'y_m': 0.36864168697045746, 'heading_rad': -1.0970429618409083}
[can] backend=detectnet_native no detections
[map] motion direction=forward speed=0.6 effective_seconds=0.04714250564575195 pose={'x_m': -0.3477585004815471, 'y_m': 0.37087312125159405, 'heading_rad': -1.0970429618409083}
[can] backend=detectnet_native no detections
[map] motion direction=forward speed=0.6 effective_seconds=0.04767799377441406 pose={'x_m': -0.35216028541616234, 'y_m': 0.3731299022246612, 'heading_rad': -1.0970429618409083}
[can] backend=detectnet_native no detections
[map] motion direction=forward speed=0.6 effective_seconds=0.0471343994140625 pose={'x_m': -0.3565118839801585, 'y_m': 0.3753609528069885, 'heading_rad': -1.0970429618409083}
[can] backend=detectnet_native no detections
[map] motion direction=forward speed=0.6 effective_seconds=0.04729127883911133 pose={'x_m': -0.36087796615462275, 'y_m': 0.37759942908980126, 'heading_rad': -1.0970429618409083}
[can] backend=detectnet_native no detections
[map] motion direction=forward speed=0.6 effective_seconds=0.04738283157348633 pose={'x_m': -0.36525250077045446, 'y_m': 0.37984223891210706, 'heading_rad': -1.0970429618409083}
[can] backend=detectnet_native no detections
[map] motion direction=forward speed=0.6 effective_seconds=0.047247886657714844 pose={'x_m': -0.3696145768398956, 'y_m': 0.38207866127776424, 'heading_rad': -1.0970429618409083}
[can] backend=detectnet_native no detections
[map] motion direction=forward speed=0.6 effective_seconds=0.046942710876464844 pose={'x_m': -0.3739484781047787, 'y_m': 0.38430063851177804, 'heading_rad': -1.0970429618409083}
[can] backend=detectnet_native detections=1 best_confidence=0.202
[can] backend=detectnet_native confidence=0.202 class_id=1 center=(201.2,124.6) error_x=0.129 bbox=[188.28125, 97.08984375, 214.21875, 152.109375]
[map] motion direction=forward speed=0.6 effective_seconds=0.06591010093688965 pose={'x_m': -0.3800335095076449, 'y_m': 0.3874204145332081, 'heading_rad': -1.0970429618409083}
[base] continuous stop label=search_can_routine_2_step_0 elapsed=0.066s
[base] stop
[fsm] SEARCHING --TARGET_FOUND--> ALIGNING
[can] backend=detectnet_native detections=1 best_confidence=0.327
[can] backend=detectnet_native confidence=0.327 class_id=1 center=(201.8,122.6) error_x=0.131 bbox=[188.4375, 92.87109375, 215.15625, 152.34375]
[base] stop
[fsm] ALIGNING --TARGET_ALIGNED--> APPROACHING
[can] backend=detectnet_native detections=1 best_confidence=0.257
[can] backend=detectnet_native confidence=0.257 class_id=1 center=(201.2,123.9) error_x=0.129 bbox=[186.25, 95.21484375, 216.25, 152.578125]
[approach] target=can mode=bbox_height bbox=0.239/0.36 bbox_ok=False depth_raw=n/a/2.05 depth_ok=False error_x=0.129
[base] continuous start label=approach_can_steer direction=right requested_speed=0.15 effective_speed=0.15
[visual-turn] label=approach_can_steer direction=right speed=0.15
[can] backend=detectnet_native detections=1 best_confidence=0.339
[can] backend=detectnet_native confidence=0.339 class_id=1 center=(202.3,126.2) error_x=0.132 bbox=[188.28125, 98.49609375, 216.40625, 153.8671875]
[approach] target=can mode=bbox_height bbox=0.231/0.36 bbox_ok=False depth_raw=n/a/2.05 depth_ok=False error_x=0.132
[can] backend=detectnet_native detections=1 best_confidence=0.272
[can] backend=detectnet_native confidence=0.272 class_id=1 center=(205.8,125.2) error_x=0.143 bbox=[190.3125, 96.2109375, 221.25, 154.21875]
[approach] target=can mode=bbox_height bbox=0.242/0.36 bbox_ok=False depth_raw=n/a/2.05 depth_ok=False error_x=0.143
[can] backend=detectnet_native detections=1 best_confidence=0.234
[can] backend=detectnet_native confidence=0.234 class_id=1 center=(204.9,124.4) error_x=0.140 bbox=[189.53125, 94.3359375, 220.3125, 154.453125]
[approach] target=can mode=bbox_height bbox=0.250/0.36 bbox_ok=False depth_raw=n/a/2.05 depth_ok=False error_x=0.140
[can] backend=detectnet_native detections=1 best_confidence=0.331
[can] backend=detectnet_native confidence=0.331 class_id=1 center=(204.8,124.0) error_x=0.140 bbox=[188.75, 95.390625, 220.78125, 152.578125]
[approach] target=can mode=bbox_height bbox=0.238/0.36 bbox_ok=False depth_raw=n/a/2.05 depth_ok=False error_x=0.140
[can] backend=detectnet_native detections=1 best_confidence=0.218
[can] backend=detectnet_native confidence=0.218 class_id=1 center=(201.7,125.4) error_x=0.130 bbox=[187.5, 97.91015625, 215.9375, 152.8125]
[approach] target=can mode=bbox_height bbox=0.229/0.36 bbox_ok=False depth_raw=n/a/2.05 depth_ok=False error_x=0.130
[can] backend=detectnet_native detections=1 best_confidence=0.245
[can] backend=detectnet_native confidence=0.245 class_id=1 center=(201.4,124.0) error_x=0.129 bbox=[187.8125, 96.2109375, 215.0, 151.7578125]
[approach] target=can mode=bbox_height bbox=0.231/0.36 bbox_ok=False depth_raw=n/a/2.05 depth_ok=False error_x=0.129
[can] backend=detectnet_native detections=1 best_confidence=0.204
[can] backend=detectnet_native confidence=0.204 class_id=1 center=(200.8,125.1) error_x=0.127 bbox=[187.8125, 97.67578125, 213.75, 152.578125]
[approach] target=can mode=bbox_height bbox=0.229/0.36 bbox_ok=False depth_raw=n/a/2.05 depth_ok=False error_x=0.127
[can] backend=detectnet_native detections=1 best_confidence=0.331
[can] backend=detectnet_native confidence=0.331 class_id=1 center=(199.1,119.8) error_x=0.122 bbox=[185.9375, 88.7109375, 212.34375, 150.9375]
[approach] target=can mode=bbox_height bbox=0.259/0.36 bbox_ok=False depth_raw=n/a/2.05 depth_ok=False error_x=0.122
[can] backend=detectnet_native detections=1 best_confidence=0.389
[can] backend=detectnet_native confidence=0.389 class_id=1 center=(199.0,120.9) error_x=0.122 bbox=[186.40625, 89.8828125, 211.5625, 151.875]
[approach] target=can mode=bbox_height bbox=0.258/0.36 bbox_ok=False depth_raw=n/a/2.05 depth_ok=False error_x=0.122
[can] backend=detectnet_native no detections
[map] motion direction=right speed=0.15 effective_seconds=0.49472856521606445 pose={'x_m': -0.3800335095076449, 'y_m': 0.3874204145332081, 'heading_rad': -1.0106965381740247}
[base] continuous stop label=approach_can_steer elapsed=0.495s
[base] stop
[can] backend=detectnet_native detections=1 best_confidence=0.372
[can] backend=detectnet_native confidence=0.372 class_id=1 center=(194.5,122.6) error_x=0.108 bbox=[180.9375, 93.6328125, 208.125, 151.5234375]
[approach] target=can mode=bbox_height bbox=0.241/0.36 bbox_ok=False depth_raw=n/a/2.05 depth_ok=False error_x=0.108
[base] continuous start label=approach_can_forward direction=forward requested_speed=0.6 effective_speed=0.6
[can] backend=detectnet_native detections=1 best_confidence=0.242
[can] backend=detectnet_native confidence=0.242 class_id=1 center=(194.8,123.4) error_x=0.109 bbox=[182.03125, 95.390625, 207.65625, 151.40625]
[approach] target=can mode=bbox_height bbox=0.233/0.36 bbox_ok=False depth_raw=n/a/2.05 depth_ok=False error_x=0.109
[can] backend=detectnet_native detections=1 best_confidence=0.217
[can] backend=detectnet_native confidence=0.217 class_id=1 center=(194.7,123.2) error_x=0.108 bbox=[180.15625, 93.515625, 209.21875, 152.8125]
[approach] target=can mode=bbox_height bbox=0.247/0.36 bbox_ok=False depth_raw=n/a/2.05 depth_ok=False error_x=0.108
[can] backend=detectnet_native detections=1 best_confidence=0.404
[can] backend=detectnet_native confidence=0.404 class_id=1 center=(193.4,123.2) error_x=0.104 bbox=[179.375, 94.1015625, 207.5, 152.2265625]
[approach] target=can mode=bbox_height bbox=0.242/0.36 bbox_ok=False depth_raw=n/a/2.05 depth_ok=False error_x=0.104
[can] backend=detectnet_native detections=1 best_confidence=0.413
[can] backend=detectnet_native confidence=0.413 class_id=1 center=(193.0,122.9) error_x=0.103 bbox=[179.21875, 94.5703125, 206.71875, 151.2890625]
[approach] target=can mode=bbox_height bbox=0.236/0.36 bbox_ok=False depth_raw=n/a/2.05 depth_ok=False error_x=0.103
[can] backend=detectnet_native no detections
[map] motion direction=forward speed=0.6 effective_seconds=0.25560760498046875 pose={'x_m': -0.4025007068652395, 'y_m': 0.4015093368783491, 'heading_rad': -1.0106965381740247}
[base] continuous stop label=approach_can_forward elapsed=0.256s
[base] stop
[can] backend=detectnet_native detections=1 best_confidence=0.345
[can] backend=detectnet_native confidence=0.345 class_id=1 center=(196.6,123.8) error_x=0.114 bbox=[182.65625, 95.33203125, 210.46875, 152.34375]
[approach] target=can mode=bbox_height bbox=0.238/0.36 bbox_ok=False depth_raw=n/a/2.05 depth_ok=False error_x=0.114
[base] continuous start label=approach_can_forward direction=forward requested_speed=0.6 effective_speed=0.6
[can] backend=detectnet_native detections=1 best_confidence=0.217
[can] backend=detectnet_native confidence=0.217 class_id=1 center=(195.9,126.2) error_x=0.112 bbox=[182.1875, 96.4453125, 209.6875, 155.9765625]
[approach] target=can mode=bbox_height bbox=0.248/0.36 bbox_ok=False depth_raw=n/a/2.05 depth_ok=False error_x=0.112
[can] backend=detectnet_native detections=1 best_confidence=0.575
[can] backend=detectnet_native confidence=0.575 class_id=1 center=(195.2,124.8) error_x=0.110 bbox=[180.46875, 93.75, 209.84375, 155.859375]
[approach] target=can mode=bbox_height bbox=0.259/0.36 bbox_ok=False depth_raw=n/a/2.05 depth_ok=False error_x=0.110
[can] backend=detectnet_native detections=1 best_confidence=0.416
[can] backend=detectnet_native confidence=0.416 class_id=1 center=(195.9,124.9) error_x=0.112 bbox=[182.1875, 93.046875, 209.6875, 156.6796875]
[approach] target=can mode=bbox_height bbox=0.265/0.36 bbox_ok=False depth_raw=n/a/2.05 depth_ok=False error_x=0.112
[can] backend=detectnet_native detections=1 best_confidence=0.384
[can] backend=detectnet_native confidence=0.384 class_id=1 center=(196.6,124.2) error_x=0.114 bbox=[182.03125, 93.6328125, 211.09375, 154.8046875]
[approach] target=can mode=bbox_height bbox=0.255/0.36 bbox_ok=False depth_raw=n/a/2.05 depth_ok=False error_x=0.114
[can] backend=detectnet_native detections=1 best_confidence=0.501
[can] backend=detectnet_native confidence=0.501 class_id=1 center=(196.7,122.5) error_x=0.115 bbox=[182.03125, 89.23828125, 211.40625, 155.859375]
[approach] target=can mode=bbox_height bbox=0.278/0.36 bbox_ok=False depth_raw=n/a/2.05 depth_ok=False error_x=0.115
[can] backend=detectnet_native detections=1 best_confidence=0.608
[can] backend=detectnet_native confidence=0.608 class_id=1 center=(197.5,122.0) error_x=0.117 bbox=[183.28125, 88.359375, 211.71875, 155.625]
[approach] target=can mode=bbox_height bbox=0.280/0.36 bbox_ok=False depth_raw=n/a/2.05 depth_ok=False error_x=0.117
[can] backend=detectnet_native detections=1 best_confidence=0.560
[can] backend=detectnet_native confidence=0.560 class_id=1 center=(197.3,123.2) error_x=0.117 bbox=[182.34375, 88.9453125, 212.34375, 157.5]
[approach] target=can mode=bbox_height bbox=0.286/0.36 bbox_ok=False depth_raw=n/a/2.05 depth_ok=False error_x=0.117
[can] backend=detectnet_native detections=1 best_confidence=0.590
[can] backend=detectnet_native confidence=0.590 class_id=1 center=(198.6,121.8) error_x=0.121 bbox=[184.0625, 88.30078125, 213.125, 155.390625]
[approach] target=can mode=bbox_height bbox=0.280/0.36 bbox_ok=False depth_raw=n/a/2.05 depth_ok=False error_x=0.121
[map] motion direction=forward speed=0.6 effective_seconds=0.4000208377838135 pose={'x_m': -0.43766142561742993, 'y_m': 0.42355822122357445, 'heading_rad': -1.0106965381740247}
[base] continuous stop label=approach_can_forward elapsed=0.400s
[base] stop
[base] continuous start label=approach_can_steer direction=right requested_speed=0.15 effective_speed=0.15
[visual-turn] label=approach_can_steer direction=right speed=0.15
[can] backend=detectnet_native detections=1 best_confidence=0.523
[can] backend=detectnet_native confidence=0.523 class_id=1 center=(200.0,122.4) error_x=0.125 bbox=[185.46875, 88.9453125, 214.53125, 155.859375]
[approach] target=can mode=bbox_height bbox=0.279/0.36 bbox_ok=False depth_raw=n/a/2.05 depth_ok=False error_x=0.125
[can] backend=detectnet_native detections=1 best_confidence=0.528
[can] backend=detectnet_native confidence=0.528 class_id=1 center=(199.9,122.7) error_x=0.125 bbox=[185.78125, 89.12109375, 214.0625, 156.328125]
[approach] target=can mode=bbox_height bbox=0.280/0.36 bbox_ok=False depth_raw=n/a/2.05 depth_ok=False error_x=0.125
[can] backend=detectnet_native detections=1 best_confidence=0.598
[can] backend=detectnet_native confidence=0.598 class_id=1 center=(200.5,121.7) error_x=0.127 bbox=[186.25, 88.0078125, 214.84375, 155.390625]
[approach] target=can mode=bbox_height bbox=0.281/0.36 bbox_ok=False depth_raw=n/a/2.05 depth_ok=False error_x=0.127
[can] backend=detectnet_native detections=1 best_confidence=0.713
[can] backend=detectnet_native confidence=0.713 class_id=1 center=(200.0,122.1) error_x=0.125 bbox=[184.375, 88.125, 215.625, 156.09375]
[approach] target=can mode=bbox_height bbox=0.283/0.36 bbox_ok=False depth_raw=n/a/2.05 depth_ok=False error_x=0.125
[can] backend=detectnet_native detections=1 best_confidence=0.687
[can] backend=detectnet_native confidence=0.687 class_id=1 center=(200.0,123.1) error_x=0.125 bbox=[185.78125, 89.53125, 214.21875, 156.6796875]
[approach] target=can mode=bbox_height bbox=0.280/0.36 bbox_ok=False depth_raw=n/a/2.05 depth_ok=False error_x=0.125
[can] backend=detectnet_native detections=1 best_confidence=0.725
[can] backend=detectnet_native confidence=0.725 class_id=1 center=(199.5,125.7) error_x=0.123 bbox=[183.90625, 88.7109375, 215.0, 162.65625]
[approach] target=can mode=bbox_height bbox=0.308/0.36 bbox_ok=False depth_raw=n/a/2.05 depth_ok=False error_x=0.123
[can] backend=detectnet_native detections=1 best_confidence=0.821
[can] backend=detectnet_native confidence=0.821 class_id=1 center=(199.1,125.9) error_x=0.122 bbox=[183.75, 90.41015625, 214.375, 161.484375]
[approach] target=can mode=bbox_height bbox=0.296/0.36 bbox_ok=False depth_raw=n/a/2.05 depth_ok=False error_x=0.122
[can] backend=detectnet_native detections=1 best_confidence=0.579
[can] backend=detectnet_native confidence=0.579 class_id=1 center=(198.0,123.6) error_x=0.119 bbox=[184.0625, 88.76953125, 211.875, 158.4375]
[approach] target=can mode=bbox_height bbox=0.290/0.36 bbox_ok=False depth_raw=n/a/2.05 depth_ok=False error_x=0.119
[map] motion direction=right speed=0.15 effective_seconds=0.3973731994628906 pose={'x_m': -0.43766142561742993, 'y_m': 0.42355822122357445, 'heading_rad': -0.9413418312759041}
[base] continuous stop label=approach_can_steer elapsed=0.397s
[base] stop
[base] continuous start label=approach_can_forward direction=forward requested_speed=0.6 effective_speed=0.6
[can] backend=detectnet_native detections=1 best_confidence=0.442
[can] backend=detectnet_native confidence=0.442 class_id=1 center=(196.7,122.7) error_x=0.115 bbox=[180.46875, 86.66015625, 212.96875, 158.671875]
[approach] target=can mode=bbox_height bbox=0.300/0.36 bbox_ok=False depth_raw=n/a/2.05 depth_ok=False error_x=0.115
[can] backend=detectnet_native detections=1 best_confidence=0.664
[can] backend=detectnet_native confidence=0.664 class_id=1 center=(193.9,122.9) error_x=0.106 bbox=[178.90625, 88.2421875, 208.90625, 157.5]
[approach] target=can mode=bbox_height bbox=0.289/0.36 bbox_ok=False depth_raw=n/a/2.05 depth_ok=False error_x=0.106
[can] backend=detectnet_native detections=1 best_confidence=0.626
[can] backend=detectnet_native confidence=0.626 class_id=1 center=(192.9,122.8) error_x=0.103 bbox=[177.96875, 88.828125, 207.8125, 156.796875]
[approach] target=can mode=bbox_height bbox=0.283/0.36 bbox_ok=False depth_raw=n/a/2.05 depth_ok=False error_x=0.103
[can] backend=detectnet_native detections=1 best_confidence=0.864
[can] backend=detectnet_native confidence=0.864 class_id=1 center=(192.0,124.4) error_x=0.100 bbox=[176.09375, 89.4140625, 207.8125, 159.375]
[approach] target=can mode=bbox_height bbox=0.292/0.36 bbox_ok=False depth_raw=n/a/2.05 depth_ok=False error_x=0.100
[can] backend=detectnet_native detections=1 best_confidence=0.648
[can] backend=detectnet_native confidence=0.648 class_id=1 center=(192.7,125.2) error_x=0.102 bbox=[176.71875, 89.296875, 208.59375, 161.1328125]
[approach] target=can mode=bbox_height bbox=0.299/0.36 bbox_ok=False depth_raw=n/a/2.05 depth_ok=False error_x=0.102
[can] backend=detectnet_native detections=1 best_confidence=0.747
[can] backend=detectnet_native confidence=0.747 class_id=1 center=(194.2,129.6) error_x=0.107 bbox=[178.4375, 94.6875, 210.0, 164.53125]
[approach] target=can mode=bbox_height bbox=0.291/0.36 bbox_ok=False depth_raw=n/a/2.05 depth_ok=False error_x=0.107
[can] backend=detectnet_native detections=1 best_confidence=0.831
[can] backend=detectnet_native confidence=0.831 class_id=1 center=(194.8,127.3) error_x=0.109 bbox=[178.90625, 90.0, 210.78125, 164.53125]
[approach] target=can mode=bbox_height bbox=0.311/0.36 bbox_ok=False depth_raw=n/a/2.05 depth_ok=False error_x=0.109
[can] backend=detectnet_native detections=1 best_confidence=0.799
[can] backend=detectnet_native confidence=0.799 class_id=1 center=(194.7,127.8) error_x=0.108 bbox=[179.0625, 91.11328125, 210.3125, 164.53125]
[approach] target=can mode=bbox_height bbox=0.306/0.36 bbox_ok=False depth_raw=n/a/2.05 depth_ok=False error_x=0.108
[can] backend=detectnet_native detections=1 best_confidence=0.870
[can] backend=detectnet_native confidence=0.870 class_id=1 center=(195.5,127.7) error_x=0.111 bbox=[180.0, 91.0546875, 210.9375, 164.296875]
[approach] target=can mode=bbox_height bbox=0.305/0.36 bbox_ok=False depth_raw=n/a/2.05 depth_ok=False error_x=0.111
[can] backend=detectnet_native detections=1 best_confidence=0.610
[can] backend=detectnet_native confidence=0.610 class_id=1 center=(195.2,128.7) error_x=0.110 bbox=[178.90625, 91.46484375, 211.40625, 165.9375]
[approach] target=can mode=bbox_height bbox=0.310/0.36 bbox_ok=False depth_raw=n/a/2.05 depth_ok=False error_x=0.110
[can] backend=detectnet_native detections=1 best_confidence=0.911
[can] backend=detectnet_native confidence=0.911 class_id=1 center=(197.2,128.7) error_x=0.116 bbox=[180.46875, 91.171875, 213.90625, 166.171875]
[approach] target=can mode=bbox_height bbox=0.312/0.36 bbox_ok=False depth_raw=n/a/2.05 depth_ok=False error_x=0.116
[can] backend=detectnet_native detections=1 best_confidence=0.894
[can] backend=detectnet_native confidence=0.894 class_id=1 center=(198.2,130.9) error_x=0.119 bbox=[181.71875, 92.87109375, 214.6875, 168.8671875]
[approach] target=can mode=bbox_height bbox=0.317/0.36 bbox_ok=False depth_raw=n/a/2.05 depth_ok=False error_x=0.119
[can] backend=detectnet_native detections=1 best_confidence=0.758
[can] backend=detectnet_native confidence=0.758 class_id=1 center=(199.1,130.9) error_x=0.122 bbox=[180.9375, 91.7578125, 217.1875, 170.0390625]
[approach] target=can mode=bbox_height bbox=0.326/0.36 bbox_ok=False depth_raw=n/a/2.05 depth_ok=False error_x=0.122
[map] motion direction=forward speed=0.6 effective_seconds=0.6389288902282715 pose={'x_m': -0.49124595400073595, 'y_m': 0.4625827380925365, 'heading_rad': -0.9413418312759041}
[base] continuous stop label=approach_can_forward elapsed=0.639s
[base] stop
[base] continuous start label=approach_can_steer direction=right requested_speed=0.15 effective_speed=0.15
[visual-turn] label=approach_can_steer direction=right speed=0.15
[can] backend=detectnet_native detections=1 best_confidence=0.987
[can] backend=detectnet_native confidence=0.987 class_id=1 center=(199.7,133.7) error_x=0.124 bbox=[179.84375, 94.3359375, 219.53125, 172.96875]
[approach] target=can mode=bbox_height bbox=0.328/0.36 bbox_ok=False depth_raw=n/a/2.05 depth_ok=False error_x=0.124
[can] backend=detectnet_native detections=1 best_confidence=0.971
[can] backend=detectnet_native confidence=0.971 class_id=1 center=(200.2,131.7) error_x=0.125 bbox=[180.625, 92.34375, 219.6875, 171.09375]
[approach] target=can mode=bbox_height bbox=0.328/0.36 bbox_ok=False depth_raw=n/a/2.05 depth_ok=False error_x=0.125
[can] backend=detectnet_native detections=1 best_confidence=0.980
[can] backend=detectnet_native confidence=0.980 class_id=1 center=(200.3,132.0) error_x=0.126 bbox=[181.09375, 91.40625, 219.53125, 172.5]
[approach] target=can mode=bbox_height bbox=0.338/0.36 bbox_ok=False depth_raw=n/a/2.05 depth_ok=False error_x=0.126
[can] backend=detectnet_native detections=1 best_confidence=0.991
[can] backend=detectnet_native confidence=0.991 class_id=1 center=(200.3,132.4) error_x=0.126 bbox=[180.625, 91.9921875, 220.0, 172.734375]
[approach] target=can mode=bbox_height bbox=0.336/0.36 bbox_ok=False depth_raw=n/a/2.05 depth_ok=False error_x=0.126
[can] backend=detectnet_native detections=1 best_confidence=0.993
[can] backend=detectnet_native confidence=0.993 class_id=1 center=(200.9,133.2) error_x=0.128 bbox=[181.09375, 92.9296875, 220.78125, 173.4375]
[approach] target=can mode=bbox_height bbox=0.335/0.36 bbox_ok=False depth_raw=n/a/2.05 depth_ok=False error_x=0.128
[can] backend=detectnet_native detections=1 best_confidence=0.982
[can] backend=detectnet_native confidence=0.982 class_id=1 center=(200.5,132.8) error_x=0.126 bbox=[180.78125, 91.11328125, 220.15625, 174.4921875]
[approach] target=can mode=bbox_height bbox=0.347/0.36 bbox_ok=False depth_raw=n/a/2.05 depth_ok=False error_x=0.126
[can] backend=detectnet_native detections=1 best_confidence=0.965
[can] backend=detectnet_native confidence=0.965 class_id=1 center=(197.5,133.8) error_x=0.117 bbox=[177.65625, 92.4609375, 217.34375, 175.078125]
[approach] target=can mode=bbox_height bbox=0.344/0.36 bbox_ok=False depth_raw=n/a/2.05 depth_ok=False error_x=0.117
[map] motion direction=right speed=0.15 effective_seconds=0.35631322860717773 pose={'x_m': -0.49124595400073595, 'y_m': 0.4625827380925365, 'heading_rad': -0.879153441199835}
[base] continuous stop label=approach_can_steer elapsed=0.356s
[base] stop
[base] continuous start label=approach_can_forward direction=forward requested_speed=0.6 effective_speed=0.6
[can] backend=detectnet_native detections=1 best_confidence=0.883
[can] backend=detectnet_native confidence=0.883 class_id=1 center=(194.7,134.0) error_x=0.108 bbox=[176.25, 93.3984375, 213.125, 174.609375]
[approach] target=can mode=bbox_height bbox=0.338/0.36 bbox_ok=False depth_raw=n/a/2.05 depth_ok=False error_x=0.108
[can] backend=detectnet_native detections=1 best_confidence=0.950
[can] backend=detectnet_native confidence=0.950 class_id=1 center=(192.7,132.0) error_x=0.102 bbox=[174.0625, 91.2890625, 211.25, 172.734375]
[approach] target=can mode=bbox_height bbox=0.339/0.36 bbox_ok=False depth_raw=n/a/2.05 depth_ok=False error_x=0.102
[can] backend=detectnet_native detections=1 best_confidence=0.983
[can] backend=detectnet_native confidence=0.983 class_id=1 center=(192.3,132.3) error_x=0.101 bbox=[173.28125, 92.16796875, 211.40625, 172.5]
[approach] target=can mode=bbox_height bbox=0.335/0.36 bbox_ok=False depth_raw=n/a/2.05 depth_ok=False error_x=0.101
[can] backend=detectnet_native detections=1 best_confidence=0.906
[can] backend=detectnet_native confidence=0.906 class_id=1 center=(192.4,132.9) error_x=0.101 bbox=[173.125, 91.23046875, 211.71875, 174.609375]
[approach] target=can mode=bbox_height bbox=0.347/0.36 bbox_ok=False depth_raw=n/a/2.05 depth_ok=False error_x=0.101
[can] backend=detectnet_native detections=1 best_confidence=0.931
[can] backend=detectnet_native confidence=0.931 class_id=1 center=(192.4,132.1) error_x=0.101 bbox=[172.03125, 90.3515625, 212.8125, 173.90625]
[approach] target=can mode=bbox_height bbox=0.348/0.36 bbox_ok=False depth_raw=n/a/2.05 depth_ok=False error_x=0.101
[can] backend=detectnet_native detections=1 best_confidence=0.837
[can] backend=detectnet_native confidence=0.837 class_id=1 center=(192.5,131.9) error_x=0.102 bbox=[172.8125, 89.53125, 212.1875, 174.2578125]
[approach] target=can mode=bbox_height bbox=0.353/0.36 bbox_ok=False depth_raw=n/a/2.05 depth_ok=False error_x=0.102
[can] backend=detectnet_native detections=1 best_confidence=0.912
[can] backend=detectnet_native confidence=0.912 class_id=1 center=(192.8,132.6) error_x=0.103 bbox=[172.65625, 87.5390625, 212.96875, 177.65625]
[approach] target=can mode=bbox_height bbox=0.375/0.36 bbox_ok=True depth_raw=n/a/2.05 depth_ok=False error_x=0.103
[map] motion direction=forward speed=0.6 effective_seconds=0.34845399856567383 pose={'x_m': -0.5190902749200316, 'y_m': 0.4856406715852435, 'heading_rad': -0.879153441199835}
[base] continuous stop label=approach_can_forward elapsed=0.348s
[base] stop
[fsm] APPROACHING --TARGET_REACHED--> FINAL_VERIFY
[can] backend=detectnet_native detections=1 best_confidence=0.985
[can] backend=detectnet_native confidence=0.985 class_id=1 center=(194.0,133.5) error_x=0.106 bbox=[172.1875, 87.1875, 215.78125, 179.8828125]
[base] continuous start label=align_can direction=right requested_speed=0.15 effective_speed=0.15
[visual-turn] label=align_can direction=right speed=0.15
[can] backend=detectnet_native detections=1 best_confidence=0.984
[can] backend=detectnet_native confidence=0.984 class_id=1 center=(194.7,135.2) error_x=0.108 bbox=[171.5625, 87.890625, 217.8125, 182.578125]
[can] backend=detectnet_native detections=1 best_confidence=0.981
[can] backend=detectnet_native confidence=0.981 class_id=1 center=(195.2,135.9) error_x=0.110 bbox=[172.34375, 90.5859375, 217.96875, 181.171875]
[can] backend=detectnet_native detections=1 best_confidence=0.956
[can] backend=detectnet_native confidence=0.956 class_id=1 center=(196.7,135.3) error_x=0.115 bbox=[174.21875, 88.53515625, 219.21875, 182.109375]
[can] backend=detectnet_native detections=1 best_confidence=0.963
[can] backend=detectnet_native confidence=0.963 class_id=1 center=(196.9,134.5) error_x=0.115 bbox=[175.46875, 89.1796875, 218.28125, 179.8828125]
[can] backend=detectnet_native detections=1 best_confidence=0.792
[can] backend=detectnet_native confidence=0.792 class_id=1 center=(195.5,131.8) error_x=0.111 bbox=[174.0625, 86.77734375, 217.03125, 176.8359375]
[can] backend=detectnet_native detections=1 best_confidence=0.975
[can] backend=detectnet_native confidence=0.975 class_id=1 center=(194.8,133.2) error_x=0.109 bbox=[173.4375, 86.3671875, 216.25, 180.0]
[can] backend=detectnet_native detections=1 best_confidence=0.832
[can] backend=detectnet_native confidence=0.832 class_id=1 center=(192.2,133.1) error_x=0.101 bbox=[171.40625, 88.59375, 212.96875, 177.65625]
[can] backend=detectnet_native detections=1 best_confidence=0.843
[can] backend=detectnet_native confidence=0.843 class_id=1 center=(192.3,133.2) error_x=0.101 bbox=[171.25, 89.4140625, 213.28125, 177.0703125]
[can] backend=detectnet_native detections=1 best_confidence=0.550
[can] backend=detectnet_native confidence=0.550 class_id=1 center=(191.9,132.7) error_x=0.100 bbox=[171.25, 87.94921875, 212.5, 177.421875]
[can] backend=detectnet_native detections=1 best_confidence=0.313
[can] backend=detectnet_native confidence=0.313 class_id=1 center=(189.2,133.2) error_x=0.091 bbox=[171.5625, 95.0390625, 206.875, 171.4453125]
[can] backend=detectnet_native detections=1 best_confidence=0.200
[can] backend=detectnet_native confidence=0.200 class_id=1 center=(185.0,132.2) error_x=0.078 bbox=[168.28125, 94.5703125, 201.71875, 169.8046875]
[can] backend=detectnet_native detections=1 best_confidence=0.959
[can] backend=detectnet_native confidence=0.959 class_id=1 center=(183.8,135.2) error_x=0.074 bbox=[162.5, 88.4765625, 205.0, 181.875]
[can] backend=detectnet_native detections=1 best_confidence=0.954
[can] backend=detectnet_native confidence=0.954 class_id=1 center=(180.8,135.5) error_x=0.065 bbox=[158.4375, 89.35546875, 203.125, 181.640625]
[can] backend=detectnet_native detections=1 best_confidence=0.985
[can] backend=detectnet_native confidence=0.985 class_id=1 center=(180.5,136.8) error_x=0.064 bbox=[158.203125, 90.29296875, 202.8125, 183.3984375]
[can] backend=detectnet_native detections=1 best_confidence=0.863
[can] backend=detectnet_native confidence=0.863 class_id=1 center=(178.5,135.2) error_x=0.058 bbox=[157.8125, 91.2890625, 199.21875, 179.1796875]
[can] backend=detectnet_native detections=1 best_confidence=0.896
[can] backend=detectnet_native confidence=0.896 class_id=1 center=(177.5,134.5) error_x=0.055 bbox=[155.9375, 88.53515625, 199.0625, 180.46875]
[can] backend=detectnet_native detections=1 best_confidence=0.913
[can] backend=detectnet_native confidence=0.913 class_id=1 center=(177.3,134.5) error_x=0.054 bbox=[156.09375, 89.765625, 198.4375, 179.296875]
[can] backend=detectnet_native detections=1 best_confidence=0.584
[can] backend=detectnet_native confidence=0.584 class_id=1 center=(174.8,133.9) error_x=0.046 bbox=[153.75, 89.0625, 195.9375, 178.7109375]
[can] backend=detectnet_native detections=1 best_confidence=0.743
[can] backend=detectnet_native confidence=0.743 class_id=1 center=(173.9,135.2) error_x=0.043 bbox=[151.40625, 88.59375, 196.40625, 181.875]
[can] backend=detectnet_native detections=1 best_confidence=0.250
[can] backend=detectnet_native confidence=0.250 class_id=1 center=(173.6,133.1) error_x=0.042 bbox=[155.46875, 93.8671875, 191.71875, 172.3828125]
[can] backend=detectnet_native detections=1 best_confidence=0.531
[can] backend=detectnet_native confidence=0.531 class_id=1 center=(168.3,135.8) error_x=0.026 bbox=[148.203125, 94.453125, 188.4375, 177.1875]
[map] motion direction=right speed=0.15 effective_seconds=1.0267019271850586 pose={'x_m': -0.5190902749200316, 'y_m': 0.4856406715852435, 'heading_rad': -0.6999601505403197}
[base] continuous stop label=align_can elapsed=1.027s
[base] stop
[can] backend=detectnet_native detections=1 best_confidence=0.824
[can] backend=detectnet_native confidence=0.824 class_id=1 center=(168.5,133.0) error_x=0.027 bbox=[146.5625, 85.72265625, 190.46875, 180.3515625]
[base] stop
[fsm] FINAL_VERIFY --TARGET_STABLE--> FINALIZING
[arm] pose arm_down
[arm] arm_down servo=5 angle=0 speed=85
[arm] arm_down servo=4 angle=0 speed=85
[arm] arm_down servo=3 angle=45 speed=85
[arm] arm_down servo=2 angle=105 speed=85
[arm] arm_down servo=1 angle=-16 speed=85
[arm-position] arm_down waiting for motion to settle servos=[1, 2, 3, 4, 5] stability_delta=3 min_wait=0.5 timeout=10.0 stable_samples=2
[arm-position] arm_down waiting positions={1: 441, 2: 613, 3: 641, 4: 500, 5: 510} movement={} read_errors=[]
[arm-position] arm_down waiting positions={1: 441, 2: 626, 3: 655, 4: 499, 5: 510} movement={1: 0, 2: 13, 3: 14, 4: 1, 5: 0} read_errors=[]
[arm-position] arm_down waiting positions={1: 441, 2: 639, 3: 667, 4: 499, 5: 510} movement={1: 0, 2: 13, 3: 12, 4: 0, 5: 0} read_errors=[]
[arm-position] arm_down waiting positions={1: 441, 2: 654, 3: 680, 4: 500, 5: 510} movement={1: 0, 2: 15, 3: 13, 4: 1, 5: 0} read_errors=[]
[arm-position] arm_down waiting positions={1: 441, 2: 666, 3: 693, 4: 499, 5: 510} movement={1: 0, 2: 12, 3: 13, 4: 1, 5: 0} read_errors=[]
[arm-position] arm_down waiting positions={1: 441, 2: 681, 3: 706, 4: 500, 5: 510} movement={1: 0, 2: 15, 3: 13, 4: 1, 5: 0} read_errors=[]
[arm-position] arm_down waiting positions={1: 441, 2: 693, 3: 717, 4: 500, 5: 510} movement={1: 0, 2: 12, 3: 11, 4: 0, 5: 0} read_errors=[]
[arm-position] arm_down waiting positions={1: 441, 2: 708, 3: 718, 4: 500, 5: 510} movement={1: 0, 2: 15, 3: 1, 4: 0, 5: 0} read_errors=[]
[arm-position] arm_down waiting positions={1: 441, 2: 721, 3: 718, 4: 500, 5: 510} movement={1: 0, 2: 13, 3: 0, 4: 0, 5: 0} read_errors=[]
[arm-position] arm_down waiting positions={1: 441, 2: 733, 3: 718, 4: 499, 5: 510} movement={1: 0, 2: 12, 3: 0, 4: 1, 5: 0} read_errors=[]
[arm-position] arm_down waiting positions={1: 441, 2: 746, 3: 718, 4: 499, 5: 510} movement={1: 0, 2: 13, 3: 0, 4: 0, 5: 0} read_errors=[]
[arm-position] arm_down waiting positions={1: 441, 2: 762, 3: 718, 4: 499, 5: 510} movement={1: 0, 2: 16, 3: 0, 4: 0, 5: 0} read_errors=[]
[arm-position] arm_down waiting positions={1: 441, 2: 773, 3: 718, 4: 499, 5: 510} movement={1: 0, 2: 11, 3: 0, 4: 0, 5: 0} read_errors=[]
[arm-position] arm_down waiting positions={1: 441, 2: 787, 3: 717, 4: 499, 5: 510} movement={1: 0, 2: 14, 3: 1, 4: 0, 5: 0} read_errors=[]
[arm-position] arm_down waiting positions={1: 441, 2: 799, 3: 718, 4: 500, 5: 510} movement={1: 0, 2: 12, 3: 1, 4: 1, 5: 0} read_errors=[]
[arm-position] arm_down waiting positions={1: 441, 2: 812, 3: 717, 4: 499, 5: 510} movement={1: 0, 2: 13, 3: 1, 4: 1, 5: 0} read_errors=[]
[arm-position] arm_down waiting positions={1: 441, 2: 827, 3: 718, 4: 499, 5: 510} movement={1: 0, 2: 15, 3: 1, 4: 0, 5: 0} read_errors=[]
[arm-position] arm_down waiting positions={1: 441, 2: 840, 3: 717, 4: 499, 5: 510} movement={1: 0, 2: 13, 3: 1, 4: 0, 5: 0} read_errors=[]
[arm-position] arm_down waiting positions={1: 441, 2: 853, 3: 717, 4: 499, 5: 510} movement={1: 0, 2: 13, 3: 0, 4: 0, 5: 0} read_errors=[]
[arm-position] arm_down waiting positions={1: 441, 2: 866, 3: 717, 4: 500, 5: 510} movement={1: 0, 2: 13, 3: 0, 4: 1, 5: 0} read_errors=[]
[arm-position] arm_down waiting positions={1: 441, 2: 880, 3: 717, 4: 500, 5: 510} movement={1: 0, 2: 14, 3: 0, 4: 0, 5: 0} read_errors=[]
[arm-position] arm_down waiting positions={1: 441, 2: 891, 3: 717, 4: 499, 5: 510} movement={1: 0, 2: 11, 3: 0, 4: 1, 5: 0} read_errors=[]
[arm-position] arm_down waiting positions={1: 441, 2: 906, 3: 718, 4: 499, 5: 510} movement={1: 0, 2: 15, 3: 1, 4: 0, 5: 0} read_errors=[]
[arm-position] arm_down waiting positions={1: 441, 2: 919, 3: 718, 4: 499, 5: 510} movement={1: 0, 2: 13, 3: 0, 4: 0, 5: 0} read_errors=[]
[arm-position] arm_down waiting positions={1: 441, 2: 933, 3: 718, 4: 499, 5: 510} movement={1: 0, 2: 14, 3: 0, 4: 0, 5: 0} read_errors=[]
[arm-position] arm_down waiting positions={1: 441, 2: 945, 3: 717, 4: 499, 5: 510} movement={1: 0, 2: 12, 3: 1, 4: 0, 5: 0} read_errors=[]
[arm-position] arm_down waiting positions={1: 441, 2: 958, 3: 717, 4: 499, 5: 510} movement={1: 0, 2: 13, 3: 0, 4: 0, 5: 0} read_errors=[]
[arm-position] arm_down waiting positions={1: 441, 2: 971, 3: 718, 4: 499, 5: 510} movement={1: 0, 2: 13, 3: 1, 4: 0, 5: 0} read_errors=[]
[arm-position] arm_down waiting positions={1: 441, 2: 985, 3: 718, 4: 499, 5: 510} movement={1: 0, 2: 14, 3: 0, 4: 0, 5: 0} read_errors=[]
[arm-position] arm_down waiting positions={1: 441, 2: 998, 3: 718, 4: 499, 5: 510} movement={1: 0, 2: 13, 3: 0, 4: 0, 5: 0} read_errors=[]
[arm-position] arm_down waiting positions={1: 441, 2: 1003, 3: 718, 4: 499, 5: 510} movement={1: 0, 2: 5, 3: 0, 4: 0, 5: 0} read_errors=[]
[arm-position] arm_down settled positions={1: 441, 2: 1003, 3: 718, 4: 499, 5: 510} movement={1: 0, 2: 0, 3: 0, 4: 0, 5: 0} elapsed=4.95s
[base] pickup_push direction=forward requested_speed=0.2 effective_speed=0.2 seconds=3.8
[map] motion direction=forward speed=0.2 effective_seconds=3.8 pose={'x_m': -0.5986473951300507, 'y_m': 0.5801018520981323, 'heading_rad': -0.6999601505403197}
[arm] pose grab
[arm] grab servo=5 angle=0 speed=85
[arm] grab servo=4 angle=-55 speed=85
[arm] grab servo=3 angle=45 speed=85
[arm] grab servo=2 angle=105 speed=85
[arm] grab servo=1 angle=-16 speed=85
[arm] pose carry
[arm] carry servo=5 angle=0 speed=85
[arm] carry servo=4 angle=-55 speed=85
[arm] carry servo=3 angle=45 speed=85
[arm] carry servo=2 angle=60 speed=85
[arm] carry servo=1 angle=-16 speed=85
[mission] completed_pickups=1
[fsm] FINALIZING --FINALIZED--> PLANNING
[fsm] PLANNING --MAP_TARGET_AVAILABLE--> MAP_NAVIGATING
[can] backend=detectnet_native detections=1 best_confidence=0.700
[depth] map_can_0_depth mean=2.912 min=2.616 max=3.331
[map] can added id=1 position={'x_m': -0.6747276267249739, 'y_m': 0.8612126376189092}
[tag] cv2=4.1.1
[tag] has pupil_apriltags=True
[tag] has aruco=False
[tag] has ArucoDetector=False
[tag] has DICT_APRILTAG_36h11=False
[tag] calibration loaded /workspace/robot_code/temp_car/calibration_320.yaml
[tag] detector loaded backend=pupil_apriltags family=tag36h11 dictionary=DICT_APRILTAG_36h11
[tag] no detections
[map] navigate label=bin_docking distance_m=1.616 heading_error_rad=-2.855
[base] continuous start label=map_turn_bin_docking direction=left requested_speed=0.15 effective_speed=0.15
[can] backend=detectnet_native detections=1 best_confidence=0.864
[depth] map_can_0_depth mean=2.933 min=2.652 max=3.219
[map] can merged id=1 position={'x_m': -0.6749949982484338, 'y_m': 0.8622005554710248} observations=2
[tag] no detections
[map] motion direction=left speed=0.15 effective_seconds=0.12206792831420898 pose={'x_m': -0.5986473951300507, 'y_m': 0.5801018520981323, 'heading_rad': -0.718397059522573}
[map] navigate label=bin_docking distance_m=1.616 heading_error_rad=-2.836
[can] backend=detectnet_native detections=1 best_confidence=0.867
[depth] map_can_0_depth mean=2.875 min=2.547 max=3.204
[map] can merged id=1 position={'x_m': -0.6761846687814832, 'y_m': 0.860209389761445} observations=3
[tag] no detections
[map] motion direction=left speed=0.15 effective_seconds=0.1092379093170166 pose={'x_m': -0.5986473951300507, 'y_m': 0.5801018520981323, 'heading_rad': -0.7348961467054513}
[map] navigate label=bin_docking distance_m=1.616 heading_error_rad=-2.820
[can] backend=detectnet_native detections=1 best_confidence=0.890
[depth] map_can_0_depth mean=2.959 min=2.772 max=3.223
[map] can merged id=1 position={'x_m': -0.6781724268202227, 'y_m': 0.8609972719129726} observations=4
[tag] no detections
[map] motion direction=left speed=0.15 effective_seconds=0.10408616065979004 pose={'x_m': -0.5986473951300507, 'y_m': 0.5801018520981323, 'heading_rad': -0.75061712351647}
[map] navigate label=bin_docking distance_m=1.616 heading_error_rad=-2.804
[can] backend=detectnet_native detections=1 best_confidence=0.864
[depth] map_can_0_depth mean=3.041 min=2.818 max=3.341
[map] can added id=2 position={'x_m': -0.6881088604871286, 'y_m': 0.8707428470359795}
[tag] no detections
[map] motion direction=left speed=0.15 effective_seconds=0.0995628833770752 pose={'x_m': -0.5986473951300507, 'y_m': 0.5801018520981323, 'heading_rad': -0.7656549130831842}
[map] navigate label=bin_docking distance_m=1.616 heading_error_rad=-2.789
[can] backend=detectnet_native detections=1 best_confidence=0.516
[depth] map_can_0_depth mean=2.974 min=2.813 max=3.141
[map] can merged id=2 position={'x_m': -0.6887579287510853, 'y_m': 0.8670088757888478} observations=2
[tag] no detections
[map] motion direction=left speed=0.15 effective_seconds=0.09490442276000977 pose={'x_m': -0.5986473951300507, 'y_m': 0.5801018520981323, 'heading_rad': -0.7799890975704944}
[map] navigate label=bin_docking distance_m=1.616 heading_error_rad=-2.775
[can] backend=detectnet_native detections=1 best_confidence=0.243
[depth] map_can_0_depth mean=3.040 min=2.849 max=3.186
[map] can merged id=2 position={'x_m': -0.689834052960907, 'y_m': 0.867796066593547} observations=3
[tag] no detections
[map] motion direction=left speed=0.15 effective_seconds=0.0894155502319336 pose={'x_m': -0.5986473951300507, 'y_m': 0.5801018520981323, 'heading_rad': -0.7934942531342131}
[map] navigate label=bin_docking distance_m=1.616 heading_error_rad=-2.761
[can] backend=detectnet_native no detections
[tag] no detections
[map] motion direction=left speed=0.15 effective_seconds=0.06328654289245605 pose={'x_m': -0.5986473951300507, 'y_m': 0.5801018520981323, 'heading_rad': -0.8030529328564269}
[map] navigate label=bin_docking distance_m=1.616 heading_error_rad=-2.752
[can] backend=detectnet_native no detections
[tag] no detections
[map] motion direction=left speed=0.15 effective_seconds=0.06508517265319824 pose={'x_m': -0.5986473951300507, 'y_m': 0.5801018520981323, 'heading_rad': -0.8128832742153174}
[map] navigate label=bin_docking distance_m=1.616 heading_error_rad=-2.742
[can] backend=detectnet_native no detections
[tag] no detections
[map] motion direction=left speed=0.15 effective_seconds=0.0645449161529541 pose={'x_m': -0.5986473951300507, 'y_m': 0.5801018520981323, 'heading_rad': -0.8226320162543894}
[map] navigate label=bin_docking distance_m=1.616 heading_error_rad=-2.732
[can] backend=detectnet_native no detections
[tag] no detections
[map] motion direction=left speed=0.15 effective_seconds=0.06364083290100098 pose={'x_m': -0.5986473951300507, 'y_m': 0.5801018520981323, 'heading_rad': -0.8322442072692997}
[map] navigate label=bin_docking distance_m=1.616 heading_error_rad=-2.722
[can] backend=detectnet_native no detections
[tag] no detections
[map] motion direction=left speed=0.15 effective_seconds=0.07284283638000488 pose={'x_m': -0.5986473951300507, 'y_m': 0.5801018520981323, 'heading_rad': -0.8432462514826691}
[map] navigate label=bin_docking distance_m=1.616 heading_error_rad=-2.711
[can] backend=detectnet_native no detections
[tag] no detections
[map] motion direction=left speed=0.15 effective_seconds=0.06243419647216797 pose={'x_m': -0.5986473951300507, 'y_m': 0.5801018520981323, 'heading_rad': -0.8526761944139074}
[map] navigate label=bin_docking distance_m=1.616 heading_error_rad=-2.702
[can] backend=detectnet_native no detections
[tag] no detections
[map] motion direction=left speed=0.15 effective_seconds=0.06416606903076172 pose={'x_m': -0.5986473951300507, 'y_m': 0.5801018520981323, 'heading_rad': -0.8623677161002914}
[map] navigate label=bin_docking distance_m=1.616 heading_error_rad=-2.692
[can] backend=detectnet_native no detections
[tag] no detections
[map] motion direction=left speed=0.15 effective_seconds=0.06309127807617188 pose={'x_m': -0.5986473951300507, 'y_m': 0.5801018520981323, 'heading_rad': -0.8718969033940271}
[map] navigate label=bin_docking distance_m=1.616 heading_error_rad=-2.683
[can] backend=detectnet_native no detections
[tag] no detections
[map] motion direction=left speed=0.15 effective_seconds=0.06058502197265625 pose={'x_m': -0.5986473951300507, 'y_m': 0.5801018520981323, 'heading_rad': -0.8810475505068585}
[map] navigate label=bin_docking distance_m=1.616 heading_error_rad=-2.674
[can] backend=detectnet_native no detections
[tag] no detections
[map] motion direction=left speed=0.15 effective_seconds=0.06352591514587402 pose={'x_m': -0.5986473951300507, 'y_m': 0.5801018520981323, 'heading_rad': -0.8906423845614189}
[map] navigate label=bin_docking distance_m=1.616 heading_error_rad=-2.664
[can] backend=detectnet_native no detections
[tag] no detections
[map] motion direction=left speed=0.15 effective_seconds=0.06472015380859375 pose={'x_m': -0.5986473951300507, 'y_m': 0.5801018520981323, 'heading_rad': -0.9004175941645096}
[map] navigate label=bin_docking distance_m=1.616 heading_error_rad=-2.654
[can] backend=detectnet_native no detections
[tag] no detections
[map] motion direction=left speed=0.15 effective_seconds=0.06395101547241211 pose={'x_m': -0.5986473951300507, 'y_m': 0.5801018520981323, 'heading_rad': -0.9100766345682478}
[map] navigate label=bin_docking distance_m=1.616 heading_error_rad=-2.645
[can] backend=detectnet_native no detections
[tag] no detections
[map] motion direction=left speed=0.15 effective_seconds=0.06629371643066406 pose={'x_m': -0.5986473951300507, 'y_m': 0.5801018520981323, 'heading_rad': -0.9200895120931398}
[map] navigate label=bin_docking distance_m=1.616 heading_error_rad=-2.635
[can] backend=detectnet_native no detections
[tag] no detections
[map] motion direction=left speed=0.15 effective_seconds=0.06559872627258301 pose={'x_m': -0.5986473951300507, 'y_m': 0.5801018520981323, 'heading_rad': -0.9299974196192364}
[map] navigate label=bin_docking distance_m=1.616 heading_error_rad=-2.625
[can] backend=detectnet_native no detections
[tag] no detections
[map] motion direction=left speed=0.15 effective_seconds=0.06392669677734375 pose={'x_m': -0.5986473951300507, 'y_m': 0.5801018520981323, 'heading_rad': -0.9396527869732738}
[map] navigate label=bin_docking distance_m=1.616 heading_error_rad=-2.615
[can] backend=detectnet_native no detections
[tag] no detections
[map] motion direction=left speed=0.15 effective_seconds=0.06361603736877441 pose={'x_m': -0.5986473951300507, 'y_m': 0.5801018520981323, 'heading_rad': -0.9492612329179009}
[map] navigate label=bin_docking distance_m=1.616 heading_error_rad=-2.605
[can] backend=detectnet_native no detections
[tag] no detections
[map] motion direction=left speed=0.15 effective_seconds=0.06575608253479004 pose={'x_m': -0.5986473951300507, 'y_m': 0.5801018520981323, 'heading_rad': -0.9591929072361776}
[map] navigate label=bin_docking distance_m=1.616 heading_error_rad=-2.595
[can] backend=detectnet_native no detections
[tag] no detections
[map] motion direction=left speed=0.15 effective_seconds=0.06359720230102539 pose={'x_m': -0.5986473951300507, 'y_m': 0.5801018520981323, 'heading_rad': -0.9687985083678017}
[map] navigate label=bin_docking distance_m=1.616 heading_error_rad=-2.586
[can] backend=detectnet_native no detections
[tag] no detections
[map] motion direction=left speed=0.15 effective_seconds=0.06458520889282227 pose={'x_m': -0.5986473951300507, 'y_m': 0.5801018520981323, 'heading_rad': -0.9785533361460836}
[map] navigate label=bin_docking distance_m=1.616 heading_error_rad=-2.576
[can] backend=detectnet_native no detections
[tag] no detections
[map] motion direction=left speed=0.15 effective_seconds=0.06277346611022949 pose={'x_m': -0.5986473951300507, 'y_m': 0.5801018520981323, 'heading_rad': -0.9880345217216737}
[map] navigate label=bin_docking distance_m=1.616 heading_error_rad=-2.567
[can] backend=detectnet_native no detections
[tag] no detections
[map] motion direction=left speed=0.15 effective_seconds=0.06472086906433105 pose={'x_m': -0.5986473951300507, 'y_m': 0.5801018520981323, 'heading_rad': -0.9978098393556385}
[map] navigate label=bin_docking distance_m=1.616 heading_error_rad=-2.557
[can] backend=detectnet_native no detections
[tag] no detections
[map] motion direction=left speed=0.15 effective_seconds=0.06354999542236328 pose={'x_m': -0.5986473951300507, 'y_m': 0.5801018520981323, 'heading_rad': -1.007408310449608}
[map] navigate label=bin_docking distance_m=1.616 heading_error_rad=-2.547
[can] backend=detectnet_native no detections
[tag] no detections
[map] motion direction=left speed=0.15 effective_seconds=0.06469035148620605 pose={'x_m': -0.5986473951300507, 'y_m': 0.5801018520981323, 'heading_rad': -1.0171790187663015}
[map] navigate label=bin_docking distance_m=1.616 heading_error_rad=-2.537
[can] backend=detectnet_native no detections
[tag] no detections
[map] motion direction=left speed=0.15 effective_seconds=0.06339097023010254 pose={'x_m': -0.5986473951300507, 'y_m': 0.5801018520981323, 'heading_rad': -1.026753470996053}
[map] navigate label=bin_docking distance_m=1.616 heading_error_rad=-2.528
[can] backend=detectnet_native no detections
[tag] no detections
[map] motion direction=left speed=0.15 effective_seconds=0.06366324424743652 pose={'x_m': -0.5986473951300507, 'y_m': 0.5801018520981323, 'heading_rad': -1.0363690469783347}
[map] navigate label=bin_docking distance_m=1.616 heading_error_rad=-2.518
[can] backend=detectnet_native no detections
[tag] no detections
[map] motion direction=left speed=0.15 effective_seconds=0.06412410736083984 pose={'x_m': -0.5986473951300507, 'y_m': 0.5801018520981323, 'heading_rad': -1.0460542308534708}
[map] navigate label=bin_docking distance_m=1.616 heading_error_rad=-2.509
[can] backend=detectnet_native no detections
[tag] no detections
[map] motion direction=left speed=0.15 effective_seconds=0.0643918514251709 pose={'x_m': -0.5986473951300507, 'y_m': 0.5801018520981323, 'heading_rad': -1.0557798542856043}
[map] navigate label=bin_docking distance_m=1.616 heading_error_rad=-2.499
[can] backend=detectnet_native no detections
[tag] no detections
[map] motion direction=left speed=0.15 effective_seconds=0.06476330757141113 pose={'x_m': -0.5986473951300507, 'y_m': 0.5801018520981323, 'heading_rad': -1.0655615817513993}
[map] navigate label=bin_docking distance_m=1.616 heading_error_rad=-2.489
[can] backend=detectnet_native no detections
[tag] no detections
[map] motion direction=left speed=0.15 effective_seconds=0.06400203704833984 pose={'x_m': -0.5986473951300507, 'y_m': 0.5801018520981323, 'heading_rad': -1.0752283283574502}
[map] navigate label=bin_docking distance_m=1.616 heading_error_rad=-2.479
[can] backend=detectnet_native no detections
[tag] no detections
[map] motion direction=left speed=0.15 effective_seconds=0.06289100646972656 pose={'x_m': -0.5986473951300507, 'y_m': 0.5801018520981323, 'heading_rad': -1.0847272670065933}
[map] navigate label=bin_docking distance_m=1.616 heading_error_rad=-2.470
[can] backend=detectnet_native no detections
[tag] no detections
[map] motion direction=left speed=0.15 effective_seconds=0.06204652786254883 pose={'x_m': -0.5986473951300507, 'y_m': 0.5801018520981323, 'heading_rad': -1.0940986572043698}
[map] navigate label=bin_docking distance_m=1.616 heading_error_rad=-2.461
[can] backend=detectnet_native no detections
[tag] no detections
[map] motion direction=left speed=0.15 effective_seconds=0.0614621639251709 pose={'x_m': -0.5986473951300507, 'y_m': 0.5801018520981323, 'heading_rad': -1.1033817861784594}
[map] navigate label=bin_docking distance_m=1.616 heading_error_rad=-2.451
[can] backend=detectnet_native no detections
[tag] no detections
[map] motion direction=left speed=0.15 effective_seconds=0.06438565254211426 pose={'x_m': -0.5986473951300507, 'y_m': 0.5801018520981323, 'heading_rad': -1.1131064733430218}
[map] navigate label=bin_docking distance_m=1.616 heading_error_rad=-2.442
[can] backend=detectnet_native no detections
[tag] no detections
[map] motion direction=left speed=0.15 effective_seconds=0.06319069862365723 pose={'x_m': -0.5986473951300507, 'y_m': 0.5801018520981323, 'heading_rad': -1.1226506769281803}
[map] navigate label=bin_docking distance_m=1.616 heading_error_rad=-2.432
[can] backend=detectnet_native no detections
[tag] no detections
[map] motion direction=left speed=0.15 effective_seconds=0.06589746475219727 pose={'x_m': -0.5986473951300507, 'y_m': 0.5801018520981323, 'heading_rad': -1.132603705349128}
[map] navigate label=bin_docking distance_m=1.616 heading_error_rad=-2.422
[can] backend=detectnet_native no detections
[tag] no detections
[map] motion direction=left speed=0.15 effective_seconds=0.06344842910766602 pose={'x_m': -0.5986473951300507, 'y_m': 0.5801018520981323, 'heading_rad': -1.1421868360590544}
[map] navigate label=bin_docking distance_m=1.616 heading_error_rad=-2.412
[can] backend=detectnet_native no detections
[tag] no detections
[map] motion direction=left speed=0.15 effective_seconds=0.06426405906677246 pose={'x_m': -0.5986473951300507, 'y_m': 0.5801018520981323, 'heading_rad': -1.1518931579751144}
[map] navigate label=bin_docking distance_m=1.616 heading_error_rad=-2.403
[can] backend=detectnet_native no detections
[tag] no detections
[map] motion direction=left speed=0.15 effective_seconds=0.06351351737976074 pose={'x_m': -0.5986473951300507, 'y_m': 0.5801018520981323, 'heading_rad': -1.1614861194945334}
[map] navigate label=bin_docking distance_m=1.616 heading_error_rad=-2.393
[can] backend=detectnet_native no detections
[tag] no detections
[map] motion direction=left speed=0.15 effective_seconds=0.06449747085571289 pose={'x_m': -0.5986473951300507, 'y_m': 0.5801018520981323, 'heading_rad': -1.1712276954856604}
[map] navigate label=bin_docking distance_m=1.616 heading_error_rad=-2.383
[can] backend=detectnet_native no detections
[tag] no detections
[map] motion direction=left speed=0.15 effective_seconds=0.06409192085266113 pose={'x_m': -0.5986473951300507, 'y_m': 0.5801018520981323, 'heading_rad': -1.180908017971487}
[map] navigate label=bin_docking distance_m=1.616 heading_error_rad=-2.374
[can] backend=detectnet_native no detections
[tag] no detections
[map] motion direction=left speed=0.15 effective_seconds=0.06379055976867676 pose={'x_m': -0.5986473951300507, 'y_m': 0.5801018520981323, 'heading_rad': -1.1905428234492597}
[map] navigate label=bin_docking distance_m=1.616 heading_error_rad=-2.364
[can] backend=detectnet_native no detections
[tag] no detections
[map] motion direction=left speed=0.15 effective_seconds=0.06481027603149414 pose={'x_m': -0.5986473951300507, 'y_m': 0.5801018520981323, 'heading_rad': -1.2003316449424175}
[map] navigate label=bin_docking distance_m=1.616 heading_error_rad=-2.354
[can] backend=detectnet_native no detections
[tag] no detections
[map] motion direction=left speed=0.15 effective_seconds=0.06293010711669922 pose={'x_m': -0.5986473951300507, 'y_m': 0.5801018520981323, 'heading_rad': -1.2098364892793143}
[map] navigate label=bin_docking distance_m=1.616 heading_error_rad=-2.345
[can] backend=detectnet_native no detections
[tag] no detections
[map] motion direction=left speed=0.15 effective_seconds=0.06486630439758301 pose={'x_m': -0.5986473951300507, 'y_m': 0.5801018520981323, 'heading_rad': -1.2196337731909}
[map] navigate label=bin_docking distance_m=1.616 heading_error_rad=-2.335
[can] backend=detectnet_native no detections
[tag] no detections
[map] motion direction=left speed=0.15 effective_seconds=0.06172323226928711 pose={'x_m': -0.5986473951300507, 'y_m': 0.5801018520981323, 'heading_rad': -1.2289563334338336}
[map] navigate label=bin_docking distance_m=1.616 heading_error_rad=-2.326
[can] backend=detectnet_native no detections
[tag] no detections
[map] motion direction=left speed=0.15 effective_seconds=0.06591200828552246 pose={'x_m': -0.5986473951300507, 'y_m': 0.5801018520981323, 'heading_rad': -1.2389115584825432}
[map] navigate label=bin_docking distance_m=1.616 heading_error_rad=-2.316
[can] backend=detectnet_native no detections
[tag] no detections
[map] motion direction=left speed=0.15 effective_seconds=0.06170487403869629 pose={'x_m': -0.5986473951300507, 'y_m': 0.5801018520981323, 'heading_rad': -1.2482313459330558}
[map] navigate label=bin_docking distance_m=1.616 heading_error_rad=-2.306
[can] backend=detectnet_native no detections
[tag] no detections
[map] motion direction=left speed=0.15 effective_seconds=0.06328082084655762 pose={'x_m': -0.5986473951300507, 'y_m': 0.5801018520981323, 'heading_rad': -1.2577891614082815}
[map] navigate label=bin_docking distance_m=1.616 heading_error_rad=-2.297
[can] backend=detectnet_native no detections
[tag] no detections
[map] motion direction=left speed=0.15 effective_seconds=0.06453967094421387 pose={'x_m': -0.5986473951300507, 'y_m': 0.5801018520981323, 'heading_rad': -1.2675371112209477}
[map] navigate label=bin_docking distance_m=1.616 heading_error_rad=-2.287
[can] backend=detectnet_native no detections
[tag] no detections
[map] motion direction=left speed=0.15 effective_seconds=0.06615471839904785 pose={'x_m': -0.5986473951300507, 'y_m': 0.5801018520981323, 'heading_rad': -1.2775289947460806}
[map] navigate label=bin_docking distance_m=1.616 heading_error_rad=-2.277
[can] backend=detectnet_native no detections
[tag] no detections
[map] motion direction=left speed=0.15 effective_seconds=0.06490898132324219 pose={'x_m': -0.5986473951300507, 'y_m': 0.5801018520981323, 'heading_rad': -1.2873327244997876}
[map] navigate label=bin_docking distance_m=1.616 heading_error_rad=-2.267
[can] backend=detectnet_native no detections
[tag] no detections
[map] motion direction=left speed=0.15 effective_seconds=0.06369781494140625 pose={'x_m': -0.5986473951300507, 'y_m': 0.5801018520981323, 'heading_rad': -1.2969535219742905}
[map] navigate label=bin_docking distance_m=1.616 heading_error_rad=-2.258
[can] backend=detectnet_native no detections
[tag] no detections
[map] motion direction=left speed=0.15 effective_seconds=0.06096315383911133 pose={'x_m': -0.5986473951300507, 'y_m': 0.5801018520981323, 'heading_rad': -1.306161281408936}
[map] navigate label=bin_docking distance_m=1.616 heading_error_rad=-2.248
[can] backend=detectnet_native no detections
[tag] no detections
[map] motion direction=left speed=0.15 effective_seconds=0.06156730651855469 pose={'x_m': -0.5986473951300507, 'y_m': 0.5801018520981323, 'heading_rad': -1.3154602909214368}
[map] navigate label=bin_docking distance_m=1.616 heading_error_rad=-2.239
[can] backend=detectnet_native no detections
[tag] no detections
[map] motion direction=left speed=0.15 effective_seconds=0.06445550918579102 pose={'x_m': -0.5986473951300507, 'y_m': 0.5801018520981323, 'heading_rad': -1.3251955291013158}
[map] navigate label=bin_docking distance_m=1.616 heading_error_rad=-2.229
[can] backend=detectnet_native no detections
[tag] no detections
[map] motion direction=left speed=0.15 effective_seconds=0.06232857704162598 pose={'x_m': -0.5986473951300507, 'y_m': 0.5801018520981323, 'heading_rad': -1.3346095194735605}
[map] navigate label=bin_docking distance_m=1.616 heading_error_rad=-2.220
[can] backend=detectnet_native no detections
[tag] no detections
[map] motion direction=left speed=0.15 effective_seconds=0.06367349624633789 pose={'x_m': -0.5986473951300507, 'y_m': 0.5801018520981323, 'heading_rad': -1.3442266438983628}
[map] navigate label=bin_docking distance_m=1.616 heading_error_rad=-2.210
[can] backend=detectnet_native no detections
[tag] no detections
[map] motion direction=left speed=0.15 effective_seconds=0.06296396255493164 pose={'x_m': -0.5986473951300507, 'y_m': 0.5801018520981323, 'heading_rad': -1.3537366016966075}
[map] navigate label=bin_docking distance_m=1.616 heading_error_rad=-2.201
[can] backend=detectnet_native no detections
[tag] no detections
[map] motion direction=left speed=0.15 effective_seconds=0.06246757507324219 pose={'x_m': -0.5986473951300507, 'y_m': 0.5801018520981323, 'heading_rad': -1.3631715860686113}
[map] navigate label=bin_docking distance_m=1.616 heading_error_rad=-2.191
[can] backend=detectnet_native no detections
[tag] no detections
[map] motion direction=left speed=0.15 effective_seconds=0.06501317024230957 pose={'x_m': -0.5986473951300507, 'y_m': 0.5801018520981323, 'heading_rad': -1.372991052319565}
[map] navigate label=bin_docking distance_m=1.616 heading_error_rad=-2.182
[can] backend=detectnet_native no detections
[tag] no detections
[map] motion direction=left speed=0.15 effective_seconds=0.06545519828796387 pose={'x_m': -0.5986473951300507, 'y_m': 0.5801018520981323, 'heading_rad': -1.38287728165037}
[map] navigate label=bin_docking distance_m=1.616 heading_error_rad=-2.172
[can] backend=detectnet_native no detections
[tag] no detections
[map] motion direction=left speed=0.15 effective_seconds=0.0617372989654541 pose={'x_m': -0.5986473951300507, 'y_m': 0.5801018520981323, 'heading_rad': -1.3922019665004834}
[map] navigate label=bin_docking distance_m=1.616 heading_error_rad=-2.162
[can] backend=detectnet_native no detections
[tag] no detections
[map] motion direction=left speed=0.15 effective_seconds=0.06408858299255371 pose={'x_m': -0.5986473951300507, 'y_m': 0.5801018520981323, 'heading_rad': -1.4018817848422334}
[map] navigate label=bin_docking distance_m=1.616 heading_error_rad=-2.153
[can] backend=detectnet_native no detections
[tag] no detections
[map] motion direction=left speed=0.15 effective_seconds=0.06661176681518555 pose={'x_m': -0.5986473951300507, 'y_m': 0.5801018520981323, 'heading_rad': -1.411942700095562}
[map] navigate label=bin_docking distance_m=1.616 heading_error_rad=-2.143
[can] backend=detectnet_native no detections
[tag] no detections
[map] motion direction=left speed=0.15 effective_seconds=0.06024312973022461 pose={'x_m': -0.5986473951300507, 'y_m': 0.5801018520981323, 'heading_rad': -1.421041708450838}
[map] navigate label=bin_docking distance_m=1.616 heading_error_rad=-2.134
[can] backend=detectnet_native no detections
[tag] no detections
[map] motion direction=left speed=0.15 effective_seconds=0.06328511238098145 pose={'x_m': -0.5986473951300507, 'y_m': 0.5801018520981323, 'heading_rad': -1.4306001721113049}
[map] navigate label=bin_docking distance_m=1.616 heading_error_rad=-2.124
[can] backend=detectnet_native no detections
[tag] no detections
[map] motion direction=left speed=0.15 effective_seconds=0.06339192390441895 pose={'x_m': -0.5986473951300507, 'y_m': 0.5801018520981323, 'heading_rad': -1.4401747683822212}
[map] navigate label=bin_docking distance_m=1.616 heading_error_rad=-2.114
[can] backend=detectnet_native no detections
[tag] no detections
[map] motion direction=left speed=0.15 effective_seconds=0.062482595443725586 pose={'x_m': -0.5986473951300507, 'y_m': 0.5801018520981323, 'heading_rad': -1.4496120214025696}
[map] navigate label=bin_docking distance_m=1.616 heading_error_rad=-2.105
[can] backend=detectnet_native no detections
[tag] no detections
[map] motion direction=left speed=0.15 effective_seconds=0.0627295970916748 pose={'x_m': -0.5986473951300507, 'y_m': 0.5801018520981323, 'heading_rad': -1.4590865810845823}
[map] navigate label=bin_docking distance_m=1.616 heading_error_rad=-2.096
[can] backend=detectnet_native no detections
[tag] no detections
[map] motion direction=left speed=0.15 effective_seconds=0.07295370101928711 pose={'x_m': -0.5986473951300507, 'y_m': 0.5801018520981323, 'heading_rad': -1.4701053700833513}
[map] navigate label=bin_docking distance_m=1.616 heading_error_rad=-2.085
[can] backend=detectnet_native no detections
[tag] no detections
[map] motion direction=left speed=0.15 effective_seconds=0.06357026100158691 pose={'x_m': -0.5986473951300507, 'y_m': 0.5801018520981323, 'heading_rad': -1.4797069020520717}
[map] navigate label=bin_docking distance_m=1.616 heading_error_rad=-2.075
[can] backend=detectnet_native no detections
[tag] no detections
[map] motion direction=left speed=0.15 effective_seconds=0.0641627311706543 pose={'x_m': -0.5986473951300507, 'y_m': 0.5801018520981323, 'heading_rad': -1.4893979195943792}
[map] navigate label=bin_docking distance_m=1.616 heading_error_rad=-2.065
[can] backend=detectnet_native no detections
[tag] no detections
[map] motion direction=left speed=0.15 effective_seconds=0.06442904472351074 pose={'x_m': -0.5986473951300507, 'y_m': 0.5801018520981323, 'heading_rad': -1.499129160631937}
[map] navigate label=bin_docking distance_m=1.616 heading_error_rad=-2.055
[can] backend=detectnet_native no detections
[tag] no detections
[map] motion direction=left speed=0.15 effective_seconds=0.0652303695678711 pose={'x_m': -0.5986473951300507, 'y_m': 0.5801018520981323, 'heading_rad': -1.5089814322581574}
[map] navigate label=bin_docking distance_m=1.616 heading_error_rad=-2.046
[can] backend=detectnet_native no detections
[tag] no detections
[map] motion direction=left speed=0.15 effective_seconds=0.06464648246765137 pose={'x_m': -0.5986473951300507, 'y_m': 0.5801018520981323, 'heading_rad': -1.5187455146812732}
[map] navigate label=bin_docking distance_m=1.616 heading_error_rad=-2.036
[can] backend=detectnet_native no detections
[tag] no detections
[map] motion direction=left speed=0.15 effective_seconds=0.06215476989746094 pose={'x_m': -0.5986473951300507, 'y_m': 0.5801018520981323, 'heading_rad': -1.5281332535512462}
[map] navigate label=bin_docking distance_m=1.616 heading_error_rad=-2.026
[can] backend=detectnet_native no detections
[tag] no detections
[map] motion direction=left speed=0.15 effective_seconds=0.06557750701904297 pose={'x_m': -0.5986473951300507, 'y_m': 0.5801018520981323, 'heading_rad': -1.5380379561614275}
[map] navigate label=bin_docking distance_m=1.616 heading_error_rad=-2.017
[can] backend=detectnet_native no detections
[tag] no detections
[map] motion direction=left speed=0.15 effective_seconds=0.06293606758117676 pose={'x_m': -0.5986473951300507, 'y_m': 0.5801018520981323, 'heading_rad': -1.5475437007556039}
[map] navigate label=bin_docking distance_m=1.616 heading_error_rad=-2.007
[can] backend=detectnet_native no detections
[tag] no detections
[map] motion direction=left speed=0.15 effective_seconds=0.06194138526916504 pose={'x_m': -0.5986473951300507, 'y_m': 0.5801018520981323, 'heading_rad': -1.556899210414969}
[map] navigate label=bin_docking distance_m=1.616 heading_error_rad=-1.998
[can] backend=detectnet_native no detections
[tag] no detections
[map] motion direction=left speed=0.15 effective_seconds=0.06134796142578125 pose={'x_m': -0.5986473951300507, 'y_m': 0.5801018520981323, 'heading_rad': -1.5661650904595823}
[map] navigate label=bin_docking distance_m=1.616 heading_error_rad=-1.988
[can] backend=detectnet_native no detections
[tag] no detections
[map] motion direction=left speed=0.15 effective_seconds=0.0610506534576416 pose={'x_m': -0.5986473951300507, 'y_m': 0.5801018520981323, 'heading_rad': -1.5753860656710916}
[map] navigate label=bin_docking distance_m=1.616 heading_error_rad=-1.979
[can] backend=detectnet_native no detections
[tag] no detections
[map] motion direction=left speed=0.15 effective_seconds=0.0717170238494873 pose={'x_m': -0.5986473951300507, 'y_m': 0.5801018520981323, 'heading_rad': -1.5862180692894998}
[map] navigate label=bin_docking distance_m=1.616 heading_error_rad=-1.968
[can] backend=detectnet_native no detections
[tag] no detections
[map] motion direction=left speed=0.15 effective_seconds=0.061866044998168945 pose={'x_m': -0.5986473951300507, 'y_m': 0.5801018520981323, 'heading_rad': -1.5955621996968516}
[map] navigate label=bin_docking distance_m=1.616 heading_error_rad=-1.959
[can] backend=detectnet_native no detections
[tag] no detections
[map] motion direction=left speed=0.15 effective_seconds=0.06397700309753418 pose={'x_m': -0.5986473951300507, 'y_m': 0.5801018520981323, 'heading_rad': -1.6052251652223284}
[map] navigate label=bin_docking distance_m=1.616 heading_error_rad=-1.949
[can] backend=detectnet_native no detections
[tag] no detections
[map] motion direction=left speed=0.15 effective_seconds=0.06128835678100586 pose={'x_m': -0.5986473951300507, 'y_m': 0.5801018520981323, 'heading_rad': -1.6144820426941462}
[map] navigate label=bin_docking distance_m=1.616 heading_error_rad=-1.940
[can] backend=detectnet_native no detections
[tag] no detections
[map] motion direction=left speed=0.15 effective_seconds=0.0632781982421875 pose={'x_m': -0.5986473951300507, 'y_m': 0.5801018520981323, 'heading_rad': -1.6240394620561687}
[map] navigate label=bin_docking distance_m=1.616 heading_error_rad=-1.931
[can] backend=detectnet_native no detections
[tag] no detections
[map] motion direction=left speed=0.15 effective_seconds=0.06336474418640137 pose={'x_m': -0.5986473951300507, 'y_m': 0.5801018520981323, 'heading_rad': -1.6336099531538901}
[map] navigate label=bin_docking distance_m=1.616 heading_error_rad=-1.921
[can] backend=detectnet_native no detections
[tag] no detections
[map] motion direction=left speed=0.15 effective_seconds=0.06551551818847656 pose={'x_m': -0.5986473951300507, 'y_m': 0.5801018520981323, 'heading_rad': -1.6435052930883642}
[map] navigate label=bin_docking distance_m=1.616 heading_error_rad=-1.911
[can] backend=detectnet_native no detections
[tag] no detections
[map] motion direction=left speed=0.15 effective_seconds=0.061014652252197266 pose={'x_m': -0.5986473951300507, 'y_m': 0.5801018520981323, 'heading_rad': -1.6527208307459051}
[map] navigate label=bin_docking distance_m=1.616 heading_error_rad=-1.902
[can] backend=detectnet_native no detections
[tag] no detections
[map] motion direction=left speed=0.15 effective_seconds=0.06175351142883301 pose={'x_m': -0.5986473951300507, 'y_m': 0.5801018520981323, 'heading_rad': -1.662047964295819}
[map] navigate label=bin_docking distance_m=1.616 heading_error_rad=-1.893
[can] backend=detectnet_native no detections
[tag] no detections
[map] motion direction=left speed=0.15 effective_seconds=0.06278753280639648 pose={'x_m': -0.5986473951300507, 'y_m': 0.5801018520981323, 'heading_rad': -1.671531274478589}
[map] navigate label=bin_docking distance_m=1.616 heading_error_rad=-1.883
[can] backend=detectnet_native no detections
[tag] no detections
[map] motion direction=left speed=0.15 effective_seconds=0.06168770790100098 pose={'x_m': -0.5986473951300507, 'y_m': 0.5801018520981323, 'heading_rad': -1.6808484691881367}
[map] navigate label=bin_docking distance_m=1.616 heading_error_rad=-1.874
[can] backend=detectnet_native no detections
[tag] no detections
[map] motion direction=left speed=0.15 effective_seconds=0.06536507606506348 pose={'x_m': -0.5986473951300507, 'y_m': 0.5801018520981323, 'heading_rad': -1.6907210866288749}
[map] navigate label=bin_docking distance_m=1.616 heading_error_rad=-1.864
[can] backend=detectnet_native no detections
[tag] no detections
[map] motion direction=left speed=0.15 effective_seconds=0.06723356246948242 pose={'x_m': -0.5986473951300507, 'y_m': 0.5801018520981323, 'heading_rad': -1.700875916721606}
[map] navigate label=bin_docking distance_m=1.616 heading_error_rad=-1.854
[can] backend=detectnet_native no detections
[tag] no detections
[map] motion direction=left speed=0.15 effective_seconds=0.06324315071105957 pose={'x_m': -0.5986473951300507, 'y_m': 0.5801018520981323, 'heading_rad': -1.710428042570825}
[map] navigate label=bin_docking distance_m=1.616 heading_error_rad=-1.844
[can] backend=detectnet_native no detections
[tag] no detections
[map] motion direction=left speed=0.15 effective_seconds=0.06414198875427246 pose={'x_m': -0.5986473951300507, 'y_m': 0.5801018520981323, 'heading_rad': -1.7201159272177997}
[map] navigate label=bin_docking distance_m=1.616 heading_error_rad=-1.835
[can] backend=detectnet_native no detections
[tag] no detections
[map] motion direction=left speed=0.15 effective_seconds=0.061737060546875 pose={'x_m': -0.5986473951300507, 'y_m': 0.5801018520981323, 'heading_rad': -1.729440576057622}
[map] navigate label=bin_docking distance_m=1.616 heading_error_rad=-1.825
[can] backend=detectnet_native no detections
[tag] no detections
[map] motion direction=left speed=0.15 effective_seconds=0.06249070167541504 pose={'x_m': -0.5986473951300507, 'y_m': 0.5801018520981323, 'heading_rad': -1.7388790534278704}
[map] navigate label=bin_docking distance_m=1.616 heading_error_rad=-1.816
[can] backend=detectnet_native no detections
[tag] no detections
[map] motion direction=left speed=0.15 effective_seconds=0.0618433952331543 pose={'x_m': -0.5986473951300507, 'y_m': 0.5801018520981323, 'heading_rad': -1.7482197628575598}
[map] navigate label=bin_docking distance_m=1.616 heading_error_rad=-1.806
[can] backend=detectnet_native no detections
[tag] no detections
[map] motion direction=left speed=0.15 effective_seconds=0.06017327308654785 pose={'x_m': -0.5986473951300507, 'y_m': 0.5801018520981323, 'heading_rad': -1.7573082201975196}
[map] navigate label=bin_docking distance_m=1.616 heading_error_rad=-1.797
[can] backend=detectnet_native no detections
[tag] no detections
[map] motion direction=left speed=0.15 effective_seconds=0.06324148178100586 pose={'x_m': -0.5986473951300507, 'y_m': 0.5801018520981323, 'heading_rad': -1.7668600939747001}
[map] navigate label=bin_docking distance_m=1.616 heading_error_rad=-1.788
[can] backend=detectnet_native no detections
[tag] no detections
[map] motion direction=left speed=0.15 effective_seconds=0.062188148498535156 pose={'x_m': -0.5986473951300507, 'y_m': 0.5801018520981323, 'heading_rad': -1.7762528742854387}
[map] navigate label=bin_docking distance_m=1.616 heading_error_rad=-1.778
[can] backend=detectnet_native no detections
[tag] no detections
[map] motion direction=left speed=0.15 effective_seconds=0.06284379959106445 pose={'x_m': -0.5986473951300507, 'y_m': 0.5801018520981323, 'heading_rad': -1.7857446828969277}
[map] navigate label=bin_docking distance_m=1.616 heading_error_rad=-1.769
[can] backend=detectnet_native no detections
[tag] no detections
[map] motion direction=left speed=0.15 effective_seconds=0.06042814254760742 pose={'x_m': -0.5986473951300507, 'y_m': 0.5801018520981323, 'heading_rad': -1.794871635238161}
[map] navigate label=bin_docking distance_m=1.616 heading_error_rad=-1.760
[can] backend=detectnet_native no detections
[tag] no detections
[map] motion direction=left speed=0.15 effective_seconds=0.06258726119995117 pose={'x_m': -0.5986473951300507, 'y_m': 0.5801018520981323, 'heading_rad': -1.8043246967763382}
[map] navigate label=bin_docking distance_m=1.616 heading_error_rad=-1.750
[can] backend=detectnet_native no detections
[tag] no detections
[map] motion direction=left speed=0.15 effective_seconds=0.06175541877746582 pose={'x_m': -0.5986473951300507, 'y_m': 0.5801018520981323, 'heading_rad': -1.8136521184085814}
[map] navigate label=bin_docking distance_m=1.616 heading_error_rad=-1.741
[can] backend=detectnet_native no detections
[tag] no detections
[map] motion direction=left speed=0.15 effective_seconds=0.0590672492980957 pose={'x_m': -0.5986473951300507, 'y_m': 0.5801018520981323, 'heading_rad': -1.822573524007748}
[map] navigate label=bin_docking distance_m=1.616 heading_error_rad=-1.732
[can] backend=detectnet_native no detections
[tag] no detections
[map] motion direction=left speed=0.15 effective_seconds=0.06293225288391113 pose={'x_m': -0.5986473951300507, 'y_m': 0.5801018520981323, 'heading_rad': -1.8320786924372656}
[map] navigate label=bin_docking distance_m=1.616 heading_error_rad=-1.723
[can] backend=detectnet_native no detections
[tag] no detections
[map] motion direction=left speed=0.15 effective_seconds=0.0621790885925293 pose={'x_m': -0.5986473951300507, 'y_m': 0.5801018520981323, 'heading_rad': -1.8414701043569393}
[map] navigate label=bin_docking distance_m=1.616 heading_error_rad=-1.713
[can] backend=detectnet_native no detections
[tag] no detections
[map] motion direction=left speed=0.15 effective_seconds=0.06153750419616699 pose={'x_m': -0.5986473951300507, 'y_m': 0.5801018520981323, 'heading_rad': -1.8507646125830421}
[map] navigate label=bin_docking distance_m=1.616 heading_error_rad=-1.704
[can] backend=detectnet_native no detections
[tag] no detections
[map] motion direction=left speed=0.15 effective_seconds=0.061142683029174805 pose={'x_m': -0.5986473951300507, 'y_m': 0.5801018520981323, 'heading_rad': -1.859999487766948}
[map] navigate label=bin_docking distance_m=1.616 heading_error_rad=-1.695
[can] backend=detectnet_native no detections
[tag] no detections
[map] motion direction=left speed=0.15 effective_seconds=0.06225156784057617 pose={'x_m': -0.5986473951300507, 'y_m': 0.5801018520981323, 'heading_rad': -1.8694018468151408}
[map] navigate label=bin_docking distance_m=1.616 heading_error_rad=-1.685
[can] backend=detectnet_native no detections
[tag] no detections
[map] motion direction=left speed=0.15 effective_seconds=0.05772900581359863 pose={'x_m': -0.5986473951300507, 'y_m': 0.5801018520981323, 'heading_rad': -1.8781211266499032}
[map] navigate label=bin_docking distance_m=1.616 heading_error_rad=-1.677
[can] backend=detectnet_native no detections
[tag] no detections
[map] motion direction=left speed=0.15 effective_seconds=0.06201601028442383 pose={'x_m': -0.5986473951300507, 'y_m': 0.5801018520981323, 'heading_rad': -1.8874879075304083}
[map] navigate label=bin_docking distance_m=1.616 heading_error_rad=-1.667
[can] backend=detectnet_native no detections
[tag] no detections
[map] motion direction=left speed=0.15 effective_seconds=0.062203407287597656 pose={'x_m': -0.5986473951300507, 'y_m': 0.5801018520981323, 'heading_rad': -1.8968829924997825}
[map] navigate label=bin_docking distance_m=1.616 heading_error_rad=-1.658
[can] backend=detectnet_native no detections
[tag] no detections
[map] motion direction=left speed=0.15 effective_seconds=0.06184697151184082 pose={'x_m': -0.5986473951300507, 'y_m': 0.5801018520981323, 'heading_rad': -1.9062242420838398}
[map] navigate label=bin_docking distance_m=1.616 heading_error_rad=-1.648
[can] backend=detectnet_native no detections
[tag] no detections
[map] motion direction=left speed=0.15 effective_seconds=0.06296634674072266 pose={'x_m': -0.5986473951300507, 'y_m': 0.5801018520981323, 'heading_rad': -1.9157345599849962}
[map] navigate label=bin_docking distance_m=1.616 heading_error_rad=-1.639
[can] backend=detectnet_native no detections
[tag] no detections
[map] motion direction=left speed=0.15 effective_seconds=0.06133675575256348 pose={'x_m': -0.5986473951300507, 'y_m': 0.5801018520981323, 'heading_rad': -1.924998747545924}
[map] navigate label=bin_docking distance_m=1.616 heading_error_rad=-1.630
[can] backend=detectnet_native no detections
[tag] no detections
[map] motion direction=left speed=0.15 effective_seconds=0.05997204780578613 pose={'x_m': -0.5986473951300507, 'y_m': 0.5801018520981323, 'heading_rad': -1.9340568122001263}
[map] navigate label=bin_docking distance_m=1.616 heading_error_rad=-1.621
[can] backend=detectnet_native no detections
[tag] no detections
[map] motion direction=left speed=0.15 effective_seconds=0.06085920333862305 pose={'x_m': -0.5986473951300507, 'y_m': 0.5801018520981323, 'heading_rad': -1.9432488711478166}
[map] navigate label=bin_docking distance_m=1.616 heading_error_rad=-1.611
[can] backend=detectnet_native no detections
[tag] no detections
[map] motion direction=left speed=0.15 effective_seconds=0.061159372329711914 pose={'x_m': -0.5986473951300507, 'y_m': 0.5801018520981323, 'heading_rad': -1.952486267052105}
[map] navigate label=bin_docking distance_m=1.616 heading_error_rad=-1.602
[can] backend=detectnet_native no detections
[tag] no detections
[map] motion direction=left speed=0.15 effective_seconds=0.06365060806274414 pose={'x_m': -0.5986473951300507, 'y_m': 0.5801018520981323, 'heading_rad': -1.9620999344889538}
[map] navigate label=bin_docking distance_m=1.616 heading_error_rad=-1.593
[can] backend=detectnet_native no detections
[tag] no detections
[map] motion direction=left speed=0.15 effective_seconds=0.06302762031555176 pose={'x_m': -0.5986473951300507, 'y_m': 0.5801018520981323, 'heading_rad': -1.971619507034944}
[map] navigate label=bin_docking distance_m=1.616 heading_error_rad=-1.583
[can] backend=detectnet_native no detections
[tag] no detections
[map] motion direction=left speed=0.15 effective_seconds=0.06277990341186523 pose={'x_m': -0.5986473951300507, 'y_m': 0.5801018520981323, 'heading_rad': -1.9811016648883963}
[map] navigate label=bin_docking distance_m=1.616 heading_error_rad=-1.574
[can] backend=detectnet_native no detections
[tag] no detections
[map] motion direction=left speed=0.15 effective_seconds=0.05814766883850098 pose={'x_m': -0.5986473951300507, 'y_m': 0.5801018520981323, 'heading_rad': -1.989884178794474}
[map] navigate label=bin_docking distance_m=1.616 heading_error_rad=-1.565
[can] backend=detectnet_native no detections
[tag] no detections
[map] motion direction=left speed=0.15 effective_seconds=0.05873537063598633 pose={'x_m': -0.5986473951300507, 'y_m': 0.5801018520981323, 'heading_rad': -1.9987554580683156}
[map] navigate label=bin_docking distance_m=1.616 heading_error_rad=-1.556
[can] backend=detectnet_native no detections
[tag] no detections
[map] motion direction=left speed=0.15 effective_seconds=0.06112241744995117 pose={'x_m': -0.5986473951300507, 'y_m': 0.5801018520981323, 'heading_rad': -2.0079872723774708}
[map] navigate label=bin_docking distance_m=1.616 heading_error_rad=-1.547
[can] backend=detectnet_native no detections
[tag] no detections
[map] motion direction=left speed=0.15 effective_seconds=0.061625003814697266 pose={'x_m': -0.5986473951300507, 'y_m': 0.5801018520981323, 'heading_rad': -2.0172949963804374}
[map] navigate label=bin_docking distance_m=1.616 heading_error_rad=-1.537
[can] backend=detectnet_native no detections
[tag] no detections
[map] motion direction=left speed=0.15 effective_seconds=0.06268715858459473 pose={'x_m': -0.5986473951300507, 'y_m': 0.5801018520981323, 'heading_rad': -2.02676314623062}
[map] navigate label=bin_docking distance_m=1.616 heading_error_rad=-1.528
[can] backend=detectnet_native no detections
[tag] no detections
[map] motion direction=left speed=0.15 effective_seconds=0.06165289878845215 pose={'x_m': -0.5986473951300507, 'y_m': 0.5801018520981323, 'heading_rad': -2.036075083437655}
[map] navigate label=bin_docking distance_m=1.616 heading_error_rad=-1.519
[can] backend=detectnet_native no detections
[tag] no detections
[map] motion direction=left speed=0.15 effective_seconds=0.05926227569580078 pose={'x_m': -0.5986473951300507, 'y_m': 0.5801018520981323, 'heading_rad': -2.0450259454550084}
[map] navigate label=bin_docking distance_m=1.616 heading_error_rad=-1.510
[can] backend=detectnet_native no detections
[tag] no detections
[map] motion direction=left speed=0.15 effective_seconds=0.06026196479797363 pose={'x_m': -0.5986473951300507, 'y_m': 0.5801018520981323, 'heading_rad': -2.0541277986232878}
[map] navigate label=bin_docking distance_m=1.616 heading_error_rad=-1.501
[can] backend=detectnet_native no detections
[tag] no detections
[map] motion direction=left speed=0.15 effective_seconds=0.060797691345214844 pose={'x_m': -0.5986473951300507, 'y_m': 0.5801018520981323, 'heading_rad': -2.063310566915853}
[map] navigate label=bin_docking distance_m=1.616 heading_error_rad=-1.491
[can] backend=detectnet_native no detections
[tag] no detections
[map] motion direction=left speed=0.15 effective_seconds=0.05948233604431152 pose={'x_m': -0.5986473951300507, 'y_m': 0.5801018520981323, 'heading_rad': -2.0722946664319672}
[map] navigate label=bin_docking distance_m=1.616 heading_error_rad=-1.482
[can] backend=detectnet_native no detections
[tag] no detections
[map] motion direction=left speed=0.15 effective_seconds=0.06043672561645508 pose={'x_m': -0.5986473951300507, 'y_m': 0.5801018520981323, 'heading_rad': -2.081422915143683}
[map] navigate label=bin_docking distance_m=1.616 heading_error_rad=-1.473
[can] backend=detectnet_native no detections
[tag] no detections
[map] motion direction=left speed=0.15 effective_seconds=0.05863690376281738 pose={'x_m': -0.5986473951300507, 'y_m': 0.5801018520981323, 'heading_rad': -2.090279322167266}
[map] navigate label=bin_docking distance_m=1.616 heading_error_rad=-1.464
[can] backend=detectnet_native no detections
[tag] no detections
[map] motion direction=left speed=0.15 effective_seconds=0.06217694282531738 pose={'x_m': -0.5986473951300507, 'y_m': 0.5801018520981323, 'heading_rad': -2.099670409994319}
[map] navigate label=bin_docking distance_m=1.616 heading_error_rad=-1.455
[can] backend=detectnet_native no detections
[tag] no detections
[map] motion direction=left speed=0.15 effective_seconds=0.059918880462646484 pose={'x_m': -0.5986473951300507, 'y_m': 0.5801018520981323, 'heading_rad': -2.1087204443535876}
[map] navigate label=bin_docking distance_m=1.616 heading_error_rad=-1.446
[can] backend=detectnet_native no detections
[tag] no detections
[map] motion direction=left speed=0.15 effective_seconds=0.06572818756103516 pose={'x_m': -0.5986473951300507, 'y_m': 0.5801018520981323, 'heading_rad': -2.118647905467796}
[map] navigate label=bin_docking distance_m=1.616 heading_error_rad=-1.436
[can] backend=detectnet_native no detections
[tag] no detections
[map] motion direction=left speed=0.15 effective_seconds=0.05953073501586914 pose={'x_m': -0.5986473951300507, 'y_m': 0.5801018520981323, 'heading_rad': -2.1276393150730204}
[map] navigate label=bin_docking distance_m=1.616 heading_error_rad=-1.427
[can] backend=detectnet_native no detections
[tag] no detections
[map] motion direction=left speed=0.15 effective_seconds=0.06057310104370117 pose={'x_m': -0.5986473951300507, 'y_m': 0.5801018520981323, 'heading_rad': -2.1367881616712925}
[map] navigate label=bin_docking distance_m=1.616 heading_error_rad=-1.418
[can] backend=detectnet_native no detections
[tag] no detections
[map] motion direction=left speed=0.15 effective_seconds=0.06074094772338867 pose={'x_m': -0.5986473951300507, 'y_m': 0.5801018520981323, 'heading_rad': -2.1459623595145567}
[map] navigate label=bin_docking distance_m=1.616 heading_error_rad=-1.409
[can] backend=detectnet_native no detections
[tag] no detections
[map] motion direction=left speed=0.15 effective_seconds=0.06521296501159668 pose={'x_m': -0.5986473951300507, 'y_m': 0.5801018520981323, 'heading_rad': -2.1558120023895206}
[map] navigate label=bin_docking distance_m=1.616 heading_error_rad=-1.399
[can] backend=detectnet_native no detections
[tag] no detections
[map] motion direction=left speed=0.15 effective_seconds=0.060132503509521484 pose={'x_m': -0.5986473951300507, 'y_m': 0.5801018520981323, 'heading_rad': -2.1648943019696882}
[map] navigate label=bin_docking distance_m=1.616 heading_error_rad=-1.390
[can] backend=detectnet_native no detections
[tag] no detections
[map] motion direction=left speed=0.15 effective_seconds=0.060462236404418945 pose={'x_m': -0.5986473951300507, 'y_m': 0.5801018520981323, 'heading_rad': -2.1740264037825607}
[map] navigate label=bin_docking distance_m=1.616 heading_error_rad=-1.381
[can] backend=detectnet_native no detections
[tag] no detections
[map] motion direction=left speed=0.15 effective_seconds=0.06394338607788086 pose={'x_m': -0.5986473951300507, 'y_m': 0.5801018520981323, 'heading_rad': -2.1836842918569808}
[map] navigate label=bin_docking distance_m=1.616 heading_error_rad=-1.371
[can] backend=detectnet_native no detections
[tag] no detections
[map] motion direction=left speed=0.15 effective_seconds=0.062459707260131836 pose={'x_m': -0.5986473951300507, 'y_m': 0.5801018520981323, 'heading_rad': -2.1931180878893755}
[map] navigate label=bin_docking distance_m=1.616 heading_error_rad=-1.362
[can] backend=detectnet_native no detections
[tag] no detections
[map] motion direction=left speed=0.15 effective_seconds=0.06266069412231445 pose={'x_m': -0.5986473951300507, 'y_m': 0.5801018520981323, 'heading_rad': -2.202582240597237}
[map] navigate label=bin_docking distance_m=1.616 heading_error_rad=-1.352
[can] backend=detectnet_native no detections
[tag] no detections
[map] motion direction=left speed=0.15 effective_seconds=0.06802058219909668 pose={'x_m': -0.5986473951300507, 'y_m': 0.5801018520981323, 'heading_rad': -2.21285594066116}
[map] navigate label=bin_docking distance_m=1.616 heading_error_rad=-1.342
[can] backend=detectnet_native no detections
[tag] no detections
[map] motion direction=left speed=0.15 effective_seconds=0.0584874153137207 pose={'x_m': -0.5986473951300507, 'y_m': 0.5801018520981323, 'heading_rad': -2.221689769232172}
[map] navigate label=bin_docking distance_m=1.616 heading_error_rad=-1.333
[can] backend=detectnet_native no detections
[tag] no detections
[map] motion direction=left speed=0.15 effective_seconds=0.061980485916137695 pose={'x_m': -0.5986473951300507, 'y_m': 0.5801018520981323, 'heading_rad': -2.2310511845792913}
[map] navigate label=bin_docking distance_m=1.616 heading_error_rad=-1.324
[can] backend=detectnet_native no detections
[tag] no detections
[map] motion direction=left speed=0.15 effective_seconds=0.06058359146118164 pose={'x_m': -0.5986473951300507, 'y_m': 0.5801018520981323, 'heading_rad': -2.2402016156303755}
[map] navigate label=bin_docking distance_m=1.616 heading_error_rad=-1.314
[can] backend=detectnet_native no detections
[tag] no detections
[map] motion direction=left speed=0.15 effective_seconds=0.06075096130371094 pose={'x_m': -0.5986473951300507, 'y_m': 0.5801018520981323, 'heading_rad': -2.249377325905869}
[map] navigate label=bin_docking distance_m=1.616 heading_error_rad=-1.305
[can] backend=detectnet_native no detections
[tag] no detections
[map] motion direction=left speed=0.15 effective_seconds=0.062232255935668945 pose={'x_m': -0.5986473951300507, 'y_m': 0.5801018520981323, 'heading_rad': -2.2587767681204762}
[map] navigate label=bin_docking distance_m=1.616 heading_error_rad=-1.296
[can] backend=detectnet_native no detections
[tag] no detections
[map] motion direction=left speed=0.15 effective_seconds=0.06664657592773438 pose={'x_m': -0.5986473951300507, 'y_m': 0.5801018520981323, 'heading_rad': -2.2688429408763175}
[map] navigate label=bin_docking distance_m=1.616 heading_error_rad=-1.286
[can] backend=detectnet_native no detections
[tag] no detections
[map] motion direction=left speed=0.15 effective_seconds=0.06058049201965332 pose={'x_m': -0.5986473951300507, 'y_m': 0.5801018520981323, 'heading_rad': -2.277992903793616}
[map] navigate label=bin_docking distance_m=1.616 heading_error_rad=-1.277
[can] backend=detectnet_native no detections
[tag] no detections
[map] motion direction=left speed=0.15 effective_seconds=0.06155586242675781 pose={'x_m': -0.5986473951300507, 'y_m': 0.5801018520981323, 'heading_rad': -2.2872901848121403}
[map] navigate label=bin_docking distance_m=1.616 heading_error_rad=-1.267
[can] backend=detectnet_native no detections
[tag] no detections
[map] motion direction=left speed=0.15 effective_seconds=0.06041359901428223 pose={'x_m': -0.5986473951300507, 'y_m': 0.5801018520981323, 'heading_rad': -2.2964149405256116}
[map] navigate label=bin_docking distance_m=1.616 heading_error_rad=-1.258
[can] backend=detectnet_native no detections
[tag] no detections
[map] motion direction=left speed=0.15 effective_seconds=0.06085348129272461 pose={'x_m': -0.5986473951300507, 'y_m': 0.5801018520981323, 'heading_rad': -2.3056061352263133}
[map] navigate label=bin_docking distance_m=1.616 heading_error_rad=-1.249
[can] backend=detectnet_native no detections
[tag] no detections
[map] motion direction=left speed=0.15 effective_seconds=0.06256270408630371 pose={'x_m': -0.5986473951300507, 'y_m': 0.5801018520981323, 'heading_rad': -2.3150554877044986}
[map] navigate label=bin_docking distance_m=1.616 heading_error_rad=-1.240
[can] backend=detectnet_native no detections
[tag] no detections
[map] motion direction=left speed=0.15 effective_seconds=0.06409883499145508 pose={'x_m': -0.5986473951300507, 'y_m': 0.5801018520981323, 'heading_rad': -2.3247368544887697}
[map] navigate label=bin_docking distance_m=1.616 heading_error_rad=-1.230
[can] backend=detectnet_native no detections
[tag] no detections
[map] motion direction=left speed=0.15 effective_seconds=0.06383156776428223 pose={'x_m': -0.5986473951300507, 'y_m': 0.5801018520981323, 'heading_rad': -2.3343778537366253}
[map] navigate label=bin_docking distance_m=1.616 heading_error_rad=-1.220
[can] backend=detectnet_native no detections
[tag] no detections
[map] motion direction=left speed=0.15 effective_seconds=0.061965227127075195 pose={'x_m': -0.5986473951300507, 'y_m': 0.5801018520981323, 'heading_rad': -2.343736964425109}
[map] navigate label=bin_docking distance_m=1.616 heading_error_rad=-1.211
[can] backend=detectnet_native no detections
[tag] no detections
[map] motion direction=left speed=0.15 effective_seconds=0.06285619735717773 pose={'x_m': -0.5986473951300507, 'y_m': 0.5801018520981323, 'heading_rad': -2.3532306455717396}
[map] navigate label=bin_docking distance_m=1.616 heading_error_rad=-1.201
[can] backend=detectnet_native no detections
[tag] no detections
[map] motion direction=left speed=0.15 effective_seconds=0.059601545333862305 pose={'x_m': -0.5986473951300507, 'y_m': 0.5801018520981323, 'heading_rad': -2.362232750233445}
[map] navigate label=bin_docking distance_m=1.616 heading_error_rad=-1.192
[can] backend=detectnet_native no detections
[tag] no detections
[map] motion direction=left speed=0.15 effective_seconds=0.059812068939208984 pose={'x_m': -0.5986473951300507, 'y_m': 0.5801018520981323, 'heading_rad': -2.371266651982264}
[map] navigate label=bin_docking distance_m=1.616 heading_error_rad=-1.183
[can] backend=detectnet_native no detections
[tag] no detections
[map] motion direction=left speed=0.15 effective_seconds=0.06083369255065918 pose={'x_m': -0.5986473951300507, 'y_m': 0.5801018520981323, 'heading_rad': -2.380454857828798}
[map] navigate label=bin_docking distance_m=1.616 heading_error_rad=-1.174
[can] backend=detectnet_native no detections
[tag] no detections
[map] motion direction=left speed=0.15 effective_seconds=0.06077980995178223 pose={'x_m': -0.5986473951300507, 'y_m': 0.5801018520981323, 'heading_rad': -2.3896349253495246}
[map] navigate label=bin_docking distance_m=1.616 heading_error_rad=-1.165
[can] backend=detectnet_native no detections
[tag] no detections
[map] motion direction=left speed=0.15 effective_seconds=0.06318831443786621 pose={'x_m': -0.5986473951300507, 'y_m': 0.5801018520981323, 'heading_rad': -2.3991787688317716}
[map] navigate label=bin_docking distance_m=1.616 heading_error_rad=-1.155
[can] backend=detectnet_native no detections
[tag] no detections
[map] motion direction=left speed=0.15 effective_seconds=0.06321144104003906 pose={'x_m': -0.5986473951300507, 'y_m': 0.5801018520981323, 'heading_rad': -2.408726105312263}
[map] navigate label=bin_docking distance_m=1.616 heading_error_rad=-1.146
[can] backend=detectnet_native no detections
[tag] no detections
[map] motion direction=left speed=0.15 effective_seconds=0.06155729293823242 pose={'x_m': -0.5986473951300507, 'y_m': 0.5801018520981323, 'heading_rad': -2.4180236023925343}
[map] navigate label=bin_docking distance_m=1.616 heading_error_rad=-1.137
[can] backend=detectnet_native no detections
[tag] no detections
[map] motion direction=left speed=0.15 effective_seconds=0.06057929992675781 pose={'x_m': -0.5986473951300507, 'y_m': 0.5801018520981323, 'heading_rad': -2.427173385258377}
[map] navigate label=bin_docking distance_m=1.616 heading_error_rad=-1.127
[can] backend=detectnet_native no detections
[tag] no detections
[map] motion direction=left speed=0.15 effective_seconds=0.0614018440246582 pose={'x_m': -0.5986473951300507, 'y_m': 0.5801018520981323, 'heading_rad': -2.4364474036287973}
[map] navigate label=bin_docking distance_m=1.616 heading_error_rad=-1.118
[can] backend=detectnet_native no detections
[tag] no detections
[map] motion direction=left speed=0.15 effective_seconds=0.06213855743408203 pose={'x_m': -0.5986473951300507, 'y_m': 0.5801018520981323, 'heading_rad': -2.44583269379897}
[map] navigate label=bin_docking distance_m=1.616 heading_error_rad=-1.109
[can] backend=detectnet_native no detections
[tag] no detections
[map] motion direction=left speed=0.15 effective_seconds=0.06237363815307617 pose={'x_m': -0.5986473951300507, 'y_m': 0.5801018520981323, 'heading_rad': -2.4552534901162484}
[map] navigate label=bin_docking distance_m=1.616 heading_error_rad=-1.099
[can] backend=detectnet_native no detections
[tag] no detections
[map] motion direction=left speed=0.15 effective_seconds=0.06163787841796875 pose={'x_m': -0.5986473951300507, 'y_m': 0.5801018520981323, 'heading_rad': -2.464563158674939}
[map] navigate label=bin_docking distance_m=1.616 heading_error_rad=-1.090
[can] backend=detectnet_native no detections
[tag] no detections
[map] motion direction=left speed=0.15 effective_seconds=0.06183195114135742 pose={'x_m': -0.5986473951300507, 'y_m': 0.5801018520981323, 'heading_rad': -2.4739021396106518}
[map] navigate label=bin_docking distance_m=1.616 heading_error_rad=-1.081
[can] backend=detectnet_native no detections
[tag] no detections
[map] motion direction=left speed=0.15 effective_seconds=0.06054878234863281 pose={'x_m': -0.5986473951300507, 'y_m': 0.5801018520981323, 'heading_rad': -2.483047313159223}
[map] navigate label=bin_docking distance_m=1.616 heading_error_rad=-1.072
[can] backend=detectnet_native no detections
[tag] no detections
[map] motion direction=left speed=0.15 effective_seconds=0.05988025665283203 pose={'x_m': -0.5986473951300507, 'y_m': 0.5801018520981323, 'heading_rad': -2.49209151385132}
[map] navigate label=bin_docking distance_m=1.616 heading_error_rad=-1.063
[can] backend=detectnet_native no detections
[tag] no detections
[map] motion direction=left speed=0.15 effective_seconds=0.06487417221069336 pose={'x_m': -0.5986473951300507, 'y_m': 0.5801018520981323, 'heading_rad': -2.5018899861025146}
[map] navigate label=bin_docking distance_m=1.616 heading_error_rad=-1.053
[can] backend=detectnet_native no detections
[tag] no detections
[map] motion direction=left speed=0.15 effective_seconds=0.061162471771240234 pose={'x_m': -0.5986473951300507, 'y_m': 0.5801018520981323, 'heading_rad': -2.5111278501405883}
[map] navigate label=bin_docking distance_m=1.616 heading_error_rad=-1.044
[can] backend=detectnet_native no detections
[tag] no detections
[map] motion direction=left speed=0.15 effective_seconds=0.06301093101501465 pose={'x_m': -0.5986473951300507, 'y_m': 0.5801018520981323, 'heading_rad': -2.520644901966196}
[map] navigate label=bin_docking distance_m=1.616 heading_error_rad=-1.034
[can] backend=detectnet_native no detections
[tag] no detections
[map] motion direction=left speed=0.15 effective_seconds=0.06321382522583008 pose={'x_m': -0.5986473951300507, 'y_m': 0.5801018520981323, 'heading_rad': -2.530192598549599}
[map] navigate label=bin_docking distance_m=1.616 heading_error_rad=-1.024
[can] backend=detectnet_native no detections
[tag] no detections
[map] motion direction=left speed=0.15 effective_seconds=0.061936378479003906 pose={'x_m': -0.5986473951300507, 'y_m': 0.5801018520981323, 'heading_rad': -2.5395473519928498}
[map] navigate label=bin_docking distance_m=1.616 heading_error_rad=-1.015
[can] backend=detectnet_native no detections
[tag] no detections
[map] motion direction=left speed=0.15 effective_seconds=0.06167483329772949 pose={'x_m': -0.5986473951300507, 'y_m': 0.5801018520981323, 'heading_rad': -2.5488626021466736}
[map] navigate label=bin_docking distance_m=1.616 heading_error_rad=-1.006
[can] backend=detectnet_native no detections
[tag] no detections
[map] motion direction=left speed=0.15 effective_seconds=0.06339454650878906 pose={'x_m': -0.5986473951300507, 'y_m': 0.5801018520981323, 'heading_rad': -2.5584375945307927}
[map] navigate label=bin_docking distance_m=1.616 heading_error_rad=-0.996
[can] backend=detectnet_native no detections
[tag] no detections
[map] motion direction=left speed=0.15 effective_seconds=0.06266474723815918 pose={'x_m': -0.5986473951300507, 'y_m': 0.5801018520981323, 'heading_rad': -2.567902359413604}
[map] navigate label=bin_docking distance_m=1.616 heading_error_rad=-0.987
[can] backend=detectnet_native no detections
[tag] no detections
[map] motion direction=left speed=0.15 effective_seconds=0.061311960220336914 pose={'x_m': -0.5986473951300507, 'y_m': 0.5801018520981323, 'heading_rad': -2.5771628019042487}
[map] navigate label=bin_docking distance_m=1.616 heading_error_rad=-0.977
[can] backend=detectnet_native no detections
[tag] no detections
[map] motion direction=left speed=0.15 effective_seconds=0.06435132026672363 pose={'x_m': -0.5986473951300507, 'y_m': 0.5801018520981323, 'heading_rad': -2.586882303586881}
[map] navigate label=bin_docking distance_m=1.616 heading_error_rad=-0.968
[can] backend=detectnet_native no detections
[tag] no detections
[map] motion direction=left speed=0.15 effective_seconds=0.061781883239746094 pose={'x_m': -0.5986473951300507, 'y_m': 0.5801018520981323, 'heading_rad': -2.5962137223614454}
[map] navigate label=bin_docking distance_m=1.616 heading_error_rad=-0.958
[can] backend=detectnet_native no detections
[tag] no detections
[map] motion direction=left speed=0.15 effective_seconds=0.06271648406982422 pose={'x_m': -0.5986473951300507, 'y_m': 0.5801018520981323, 'heading_rad': -2.6056863014774434}
[map] navigate label=bin_docking distance_m=1.616 heading_error_rad=-0.949
[can] backend=detectnet_native no detections
[tag] no detections
[map] motion direction=left speed=0.15 effective_seconds=0.05712580680847168 pose={'x_m': -0.5986473951300507, 'y_m': 0.5801018520981323, 'heading_rad': -2.614314475275515}
[map] navigate label=bin_docking distance_m=1.616 heading_error_rad=-0.940
[can] backend=detectnet_native no detections
[tag] no detections
[map] motion direction=left speed=0.15 effective_seconds=0.05953073501586914 pose={'x_m': -0.5986473951300507, 'y_m': 0.5801018520981323, 'heading_rad': -2.6233058848807396}
[map] navigate label=bin_docking distance_m=1.616 heading_error_rad=-0.931
[can] backend=detectnet_native no detections
[tag] no detections
[map] motion direction=left speed=0.15 effective_seconds=0.06023073196411133 pose={'x_m': -0.5986473951300507, 'y_m': 0.5801018520981323, 'heading_rad': -2.6324030207008744}
[map] navigate label=bin_docking distance_m=1.616 heading_error_rad=-0.922
[can] backend=detectnet_native no detections
[tag] no detections
[map] motion direction=left speed=0.15 effective_seconds=0.06382274627685547 pose={'x_m': -0.5986473951300507, 'y_m': 0.5801018520981323, 'heading_rad': -2.6420426875679563}
[map] navigate label=bin_docking distance_m=1.616 heading_error_rad=-0.913
[can] backend=detectnet_native no detections
[tag] no detections
[map] motion direction=left speed=0.15 effective_seconds=0.06044292449951172 pose={'x_m': -0.5986473951300507, 'y_m': 0.5801018520981323, 'heading_rad': -2.651171872547243}
[map] navigate label=bin_docking distance_m=1.616 heading_error_rad=-0.903
[can] backend=detectnet_native no detections
[tag] no detections
[map] motion direction=left speed=0.15 effective_seconds=0.061321258544921875 pose={'x_m': -0.5986473951300507, 'y_m': 0.5801018520981323, 'heading_rad': -2.660433719439244}
[map] navigate label=bin_docking distance_m=1.616 heading_error_rad=-0.894
[can] backend=detectnet_native no detections
[tag] no detections
[map] motion direction=left speed=0.15 effective_seconds=0.0604705810546875 pose={'x_m': -0.5986473951300507, 'y_m': 0.5801018520981323, 'heading_rad': -2.669567081612308}
[map] navigate label=bin_docking distance_m=1.616 heading_error_rad=-0.885
[can] backend=detectnet_native no detections
[tag] no detections
[map] motion direction=left speed=0.15 effective_seconds=0.0606992244720459 pose={'x_m': -0.5986473951300507, 'y_m': 0.5801018520981323, 'heading_rad': -2.678734977654615}
[map] navigate label=bin_docking distance_m=1.616 heading_error_rad=-0.876
[can] backend=detectnet_native no detections
[tag] no detections
[map] motion direction=left speed=0.15 effective_seconds=0.061208248138427734 pose={'x_m': -0.5986473951300507, 'y_m': 0.5801018520981323, 'heading_rad': -2.6879797556685956}
[map] navigate label=bin_docking distance_m=1.616 heading_error_rad=-0.867
[can] backend=detectnet_native no detections
[tag] no detections
[map] motion direction=left speed=0.15 effective_seconds=0.06485915184020996 pose={'x_m': -0.5986473951300507, 'y_m': 0.5801018520981323, 'heading_rad': -2.697775959271446}
[map] navigate label=bin_docking distance_m=1.616 heading_error_rad=-0.857
[can] backend=detectnet_native no detections
[tag] no detections
[map] motion direction=left speed=0.15 effective_seconds=0.0601198673248291 pose={'x_m': -0.5986473951300507, 'y_m': 0.5801018520981323, 'heading_rad': -2.706856350306181}
[map] navigate label=bin_docking distance_m=1.616 heading_error_rad=-0.848
[can] backend=detectnet_native no detections
[tag] no detections
[map] motion direction=left speed=0.15 effective_seconds=0.06187629699707031 pose={'x_m': -0.5986473951300507, 'y_m': 0.5801018520981323, 'heading_rad': -2.7162020291560536}
[map] navigate label=bin_docking distance_m=1.616 heading_error_rad=-0.838
[can] backend=detectnet_native no detections
[tag] no detections
[map] motion direction=left speed=0.15 effective_seconds=0.06043815612792969 pose={'x_m': -0.5986473951300507, 'y_m': 0.5801018520981323, 'heading_rad': -2.7253304939295164}
[map] navigate label=bin_docking distance_m=1.616 heading_error_rad=-0.829
[can] backend=detectnet_native no detections
[tag] no detections
[map] motion direction=left speed=0.15 effective_seconds=0.060565948486328125 pose={'x_m': -0.5986473951300507, 'y_m': 0.5801018520981323, 'heading_rad': -2.7344782602190527}
[map] navigate label=bin_docking distance_m=1.616 heading_error_rad=-0.820
[can] backend=detectnet_native no detections
[tag] no detections
[map] motion direction=left speed=0.15 effective_seconds=0.06123065948486328 pose={'x_m': -0.5986473951300507, 'y_m': 0.5801018520981323, 'heading_rad': -2.7437264232004046}
[map] navigate label=bin_docking distance_m=1.616 heading_error_rad=-0.811
[can] backend=detectnet_native no detections
[tag] no detections
[map] motion direction=left speed=0.15 effective_seconds=0.06351733207702637 pose={'x_m': -0.5986473951300507, 'y_m': 0.5801018520981323, 'heading_rad': -2.7533199608844825}
[map] navigate label=bin_docking distance_m=1.616 heading_error_rad=-0.801
[can] backend=detectnet_native no detections
[tag] no detections
[map] motion direction=left speed=0.15 effective_seconds=0.06292724609375 pose={'x_m': -0.5986473951300507, 'y_m': 0.5801018520981323, 'heading_rad': -2.762824373097885}
[map] navigate label=bin_docking distance_m=1.616 heading_error_rad=-0.792
[can] backend=detectnet_native no detections
[tag] no detections
[map] motion direction=left speed=0.15 effective_seconds=0.06363797187805176 pose={'x_m': -0.5986473951300507, 'y_m': 0.5801018520981323, 'heading_rad': -2.772436131989301}
[map] navigate label=bin_docking distance_m=1.616 heading_error_rad=-0.782
[can] backend=detectnet_native no detections
[tag] no detections
[map] motion direction=left speed=0.15 effective_seconds=0.06647086143493652 pose={'x_m': -0.5986473951300507, 'y_m': 0.5801018520981323, 'heading_rad': -2.7824757651605414}
[map] navigate label=bin_docking distance_m=1.616 heading_error_rad=-0.772
[can] backend=detectnet_native no detections
[tag] no detections
[map] motion direction=left speed=0.15 effective_seconds=0.06159210205078125 pose={'x_m': -0.5986473951300507, 'y_m': 0.5801018520981323, 'heading_rad': -2.791778519743325}
[map] navigate label=bin_docking distance_m=1.616 heading_error_rad=-0.763
[can] backend=detectnet_native no detections
[tag] no detections
[map] motion direction=left speed=0.15 effective_seconds=0.05919194221496582 pose={'x_m': -0.5986473951300507, 'y_m': 0.5801018520981323, 'heading_rad': -2.80071875872478}
[map] navigate label=bin_docking distance_m=1.616 heading_error_rad=-0.754
[can] backend=detectnet_native no detections
[tag] no detections
[map] motion direction=left speed=0.15 effective_seconds=0.05883932113647461 pose={'x_m': -0.5986473951300507, 'y_m': 0.5801018520981323, 'heading_rad': -2.809605738485577}
[map] navigate label=bin_docking distance_m=1.616 heading_error_rad=-0.745
[can] backend=detectnet_native no detections
[tag] no detections
[map] motion direction=left speed=0.15 effective_seconds=0.059975385665893555 pose={'x_m': -0.5986473951300507, 'y_m': 0.5801018520981323, 'heading_rad': -2.8186643072838558}
[map] navigate label=bin_docking distance_m=1.616 heading_error_rad=-0.736
[can] backend=detectnet_native no detections
[tag] no detections
[map] motion direction=left speed=0.15 effective_seconds=0.06418466567993164 pose={'x_m': -0.5986473951300507, 'y_m': 0.5801018520981323, 'heading_rad': -2.828358637772952}
[map] navigate label=bin_docking distance_m=1.616 heading_error_rad=-0.726
[can] backend=detectnet_native no detections
[tag] no detections
[map] motion direction=left speed=0.15 effective_seconds=0.06578969955444336 pose={'x_m': -0.5986473951300507, 'y_m': 0.5801018520981323, 'heading_rad': -2.838295389542285}
[map] navigate label=bin_docking distance_m=1.616 heading_error_rad=-0.716
[can] backend=detectnet_native no detections
[tag] no detections
[map] motion direction=left speed=0.15 effective_seconds=0.06288433074951172 pose={'x_m': -0.5986473951300507, 'y_m': 0.5801018520981323, 'heading_rad': -2.847793319903275}
[map] navigate label=bin_docking distance_m=1.616 heading_error_rad=-0.707
[can] backend=detectnet_native no detections
[tag] no detections
[map] motion direction=left speed=0.15 effective_seconds=0.06092715263366699 pose={'x_m': -0.5986473951300507, 'y_m': 0.5801018520981323, 'heading_rad': -2.8569956417839517}
[map] navigate label=bin_docking distance_m=1.616 heading_error_rad=-0.698
[can] backend=detectnet_native no detections
[tag] no detections
[map] motion direction=left speed=0.15 effective_seconds=0.0608217716217041 pose={'x_m': -0.5986473951300507, 'y_m': 0.5801018520981323, 'heading_rad': -2.8661820471159265}
[map] navigate label=bin_docking distance_m=1.616 heading_error_rad=-0.688
[can] backend=detectnet_native no detections
[tag] no detections
[map] motion direction=left speed=0.15 effective_seconds=0.05939364433288574 pose={'x_m': -0.5986473951300507, 'y_m': 0.5801018520981323, 'heading_rad': -2.8751527508037213}
[map] navigate label=bin_docking distance_m=1.616 heading_error_rad=-0.679
[can] backend=detectnet_native no detections
[tag] no detections
[map] motion direction=left speed=0.15 effective_seconds=0.06080150604248047 pose={'x_m': -0.5986473951300507, 'y_m': 0.5801018520981323, 'heading_rad': -2.8843360952609456}
[map] navigate label=bin_docking distance_m=1.616 heading_error_rad=-0.670
[can] backend=detectnet_native no detections
[tag] no detections
[map] motion direction=left speed=0.15 effective_seconds=0.060973405838012695 pose={'x_m': -0.5986473951300507, 'y_m': 0.5801018520981323, 'heading_rad': -2.8935454031381123}
[map] navigate label=bin_docking distance_m=1.616 heading_error_rad=-0.661
[can] backend=detectnet_native no detections
[tag] no detections
[map] motion direction=left speed=0.15 effective_seconds=0.06070852279663086 pose={'x_m': -0.5986473951300507, 'y_m': 0.5801018520981323, 'heading_rad': -2.9027147035817755}
[map] navigate label=bin_docking distance_m=1.616 heading_error_rad=-0.652
[can] backend=detectnet_native no detections
[tag] no detections
[map] motion direction=left speed=0.15 effective_seconds=0.058837890625 pose={'x_m': -0.5986473951300507, 'y_m': 0.5801018520981323, 'heading_rad': -2.9116014672808253}
[map] navigate label=bin_docking distance_m=1.616 heading_error_rad=-0.643
[can] backend=detectnet_native no detections
[tag] no detections
[map] motion direction=left speed=0.15 effective_seconds=0.06115436553955078 pose={'x_m': -0.5986473951300507, 'y_m': 0.5801018520981323, 'heading_rad': -2.920838106968999}
[map] navigate label=bin_docking distance_m=1.616 heading_error_rad=-0.634
[can] backend=detectnet_native no detections
[tag] no detections
[map] motion direction=left speed=0.15 effective_seconds=0.05890297889709473 pose={'x_m': -0.5986473951300507, 'y_m': 0.5801018520981323, 'heading_rad': -2.9297347014775412}
[map] navigate label=bin_docking distance_m=1.616 heading_error_rad=-0.625
[can] backend=detectnet_native no detections
[tag] no detections
[map] motion direction=left speed=0.15 effective_seconds=0.06294584274291992 pose={'x_m': -0.5986473951300507, 'y_m': 0.5801018520981323, 'heading_rad': -2.939241922493656}
[map] navigate label=bin_docking distance_m=1.616 heading_error_rad=-0.615
[can] backend=detectnet_native no detections
[tag] no detections
[map] motion direction=left speed=0.15 effective_seconds=0.059337615966796875 pose={'x_m': -0.5986473951300507, 'y_m': 0.5801018520981323, 'heading_rad': -2.948204163763023}
[map] navigate label=bin_docking distance_m=1.616 heading_error_rad=-0.606
[can] backend=detectnet_native no detections
[tag] no detections
[map] motion direction=left speed=0.15 effective_seconds=0.06270813941955566 pose={'x_m': -0.5986473951300507, 'y_m': 0.5801018520981323, 'heading_rad': -2.9576754825188294}
[map] navigate label=bin_docking distance_m=1.616 heading_error_rad=-0.597
[can] backend=detectnet_native no detections
[tag] no detections
[map] motion direction=left speed=0.15 effective_seconds=0.059763193130493164 pose={'x_m': -0.5986473951300507, 'y_m': 0.5801018520981323, 'heading_rad': -2.966702002157956}
[map] navigate label=bin_docking distance_m=1.616 heading_error_rad=-0.588
[can] backend=detectnet_native no detections
[tag] no detections
[map] motion direction=left speed=0.15 effective_seconds=0.06002473831176758 pose={'x_m': -0.5986473951300507, 'y_m': 0.5801018520981323, 'heading_rad': -2.9757680250865097}
[map] navigate label=bin_docking distance_m=1.616 heading_error_rad=-0.579
[can] backend=detectnet_native no detections
[tag] no detections
[map] motion direction=left speed=0.15 effective_seconds=0.06031227111816406 pose={'x_m': -0.5986473951300507, 'y_m': 0.5801018520981323, 'heading_rad': -2.9848774764262287}
[map] navigate label=bin_docking distance_m=1.616 heading_error_rad=-0.570
[can] backend=detectnet_native no detections
[tag] no detections
[map] motion direction=left speed=0.15 effective_seconds=0.06075239181518555 pose={'x_m': -0.5986473951300507, 'y_m': 0.5801018520981323, 'heading_rad': -2.9940534027634693}
[map] navigate label=bin_docking distance_m=1.616 heading_error_rad=-0.561
[can] backend=detectnet_native no detections
[tag] no detections
[map] motion direction=left speed=0.15 effective_seconds=0.06548357009887695 pose={'x_m': -0.5986473951300507, 'y_m': 0.5801018520981323, 'heading_rad': -3.003943917318925}
[map] navigate label=bin_docking distance_m=1.616 heading_error_rad=-0.551
[can] backend=detectnet_native no detections
[tag] no detections
[map] motion direction=left speed=0.15 effective_seconds=0.061231136322021484 pose={'x_m': -0.5986473951300507, 'y_m': 0.5801018520981323, 'heading_rad': -3.013192152320859}
[map] navigate label=bin_docking distance_m=1.616 heading_error_rad=-0.541
[can] backend=detectnet_native no detections
[tag] no detections
[map] motion direction=left speed=0.15 effective_seconds=0.058988094329833984 pose={'x_m': -0.5986473951300507, 'y_m': 0.5801018520981323, 'heading_rad': -3.0221016025033536}
[map] navigate label=bin_docking distance_m=1.616 heading_error_rad=-0.533
[can] backend=detectnet_native no detections
[tag] no detections
[map] motion direction=left speed=0.15 effective_seconds=0.060317039489746094 pose={'x_m': -0.5986473951300507, 'y_m': 0.5801018520981323, 'heading_rad': -3.031211774048896}
[map] navigate label=bin_docking distance_m=1.616 heading_error_rad=-0.523
[can] backend=detectnet_native no detections
[tag] no detections
[map] motion direction=left speed=0.15 effective_seconds=0.060906171798706055 pose={'x_m': -0.5986473951300507, 'y_m': 0.5801018520981323, 'heading_rad': -3.040410927023949}
[map] navigate label=bin_docking distance_m=1.616 heading_error_rad=-0.514
[can] backend=detectnet_native no detections
[tag] no detections
[map] motion direction=left speed=0.15 effective_seconds=0.06231188774108887 pose={'x_m': -0.5986473951300507, 'y_m': 0.5801018520981323, 'heading_rad': -3.049822396675811}
[map] navigate label=bin_docking distance_m=1.616 heading_error_rad=-0.505
[can] backend=detectnet_native no detections
[tag] no detections
[map] motion direction=left speed=0.15 effective_seconds=0.06236386299133301 pose={'x_m': -0.5986473951300507, 'y_m': 0.5801018520981323, 'heading_rad': -3.059241716571151}
[map] navigate label=bin_docking distance_m=1.616 heading_error_rad=-0.495
[can] backend=detectnet_native no detections
[tag] no detections
[map] motion direction=left speed=0.15 effective_seconds=0.06303215026855469 pose={'x_m': -0.5986473951300507, 'y_m': 0.5801018520981323, 'heading_rad': -3.068761973312674}
[map] navigate label=bin_docking distance_m=1.616 heading_error_rad=-0.486
[can] backend=detectnet_native no detections
[tag] no detections
[map] motion direction=left speed=0.15 effective_seconds=0.059988975524902344 pose={'x_m': -0.5986473951300507, 'y_m': 0.5801018520981323, 'heading_rad': -3.07782259469755}
[map] navigate label=bin_docking distance_m=1.616 heading_error_rad=-0.477
[can] backend=detectnet_native no detections
[tag] no detections
[map] motion direction=left speed=0.15 effective_seconds=0.05963706970214844 pose={'x_m': -0.5986473951300507, 'y_m': 0.5801018520981323, 'heading_rad': -3.086830064892642}
[map] navigate label=bin_docking distance_m=1.616 heading_error_rad=-0.468
[can] backend=detectnet_native no detections
[tag] no detections
[map] motion direction=left speed=0.15 effective_seconds=0.05906319618225098 pose={'x_m': -0.5986473951300507, 'y_m': 0.5801018520981323, 'heading_rad': -3.0957508583168583}
[map] navigate label=bin_docking distance_m=1.616 heading_error_rad=-0.459
[can] backend=detectnet_native no detections
[tag] no detections
[map] motion direction=left speed=0.15 effective_seconds=0.06007742881774902 pose={'x_m': -0.5986473951300507, 'y_m': 0.5801018520981323, 'heading_rad': -3.104824839519763}
[map] navigate label=bin_docking distance_m=1.616 heading_error_rad=-0.450
[can] backend=detectnet_native no detections
[tag] no detections
[map] motion direction=left speed=0.15 effective_seconds=0.06201052665710449 pose={'x_m': -0.5986473951300507, 'y_m': 0.5801018520981323, 'heading_rad': -3.114190792163571}
[map] navigate label=bin_docking distance_m=1.616 heading_error_rad=-0.440
[can] backend=detectnet_native no detections
[tag] no detections
[map] motion direction=left speed=0.15 effective_seconds=0.06436371803283691 pose={'x_m': -0.5986473951300507, 'y_m': 0.5801018520981323, 'heading_rad': -3.123912166381345}
[map] navigate label=bin_docking distance_m=1.616 heading_error_rad=-0.431
[can] backend=detectnet_native no detections
[tag] no detections
[map] motion direction=left speed=0.15 effective_seconds=0.06000351905822754 pose={'x_m': -0.5986473951300507, 'y_m': 0.5801018520981323, 'heading_rad': -3.132974984393983}
[map] navigate label=bin_docking distance_m=1.616 heading_error_rad=-0.422
[can] backend=detectnet_native no detections
[tag] no detections
[map] motion direction=left speed=0.15 effective_seconds=0.0601344108581543 pose={'x_m': -0.5986473951300507, 'y_m': 0.5801018520981323, 'heading_rad': 3.1411277351231064}
[map] navigate label=bin_docking distance_m=1.616 heading_error_rad=-0.413
[can] backend=detectnet_native no detections
[tag] no detections
[map] motion direction=left speed=0.15 effective_seconds=0.059369802474975586 pose={'x_m': -0.5986473951300507, 'y_m': 0.5801018520981323, 'heading_rad': 3.13216063246443}
[map] navigate label=bin_docking distance_m=1.616 heading_error_rad=-0.404
[can] backend=detectnet_native no detections
[tag] no detections
[map] motion direction=left speed=0.15 effective_seconds=0.05955791473388672 pose={'x_m': -0.5986473951300507, 'y_m': 0.5801018520981323, 'heading_rad': 3.1231651176860105}
[map] navigate label=bin_docking distance_m=1.616 heading_error_rad=-0.395
[can] backend=detectnet_native no detections
[tag] no detections
[map] motion direction=left speed=0.15 effective_seconds=0.061270713806152344 pose={'x_m': -0.5986473951300507, 'y_m': 0.5801018520981323, 'heading_rad': 3.1139109049757403}
[map] navigate label=bin_docking distance_m=1.616 heading_error_rad=-0.385
[can] backend=detectnet_native no detections
[tag] no detections
[map] motion direction=left speed=0.15 effective_seconds=0.06066608428955078 pose={'x_m': -0.5986473951300507, 'y_m': 0.5801018520981323, 'heading_rad': 3.1047480143639072}
[map] navigate label=bin_docking distance_m=1.616 heading_error_rad=-0.376
[can] backend=detectnet_native no detections
[tag] no detections
[map] motion direction=left speed=0.15 effective_seconds=0.056897878646850586 pose={'x_m': -0.5986473951300507, 'y_m': 0.5801018520981323, 'heading_rad': 3.0961542664042057}
[map] navigate label=bin_docking distance_m=1.616 heading_error_rad=-0.368
[can] backend=detectnet_native no detections
[tag] no detections
[map] motion direction=left speed=0.15 effective_seconds=0.06016206741333008 pose={'x_m': -0.5986473951300507, 'y_m': 0.5801018520981323, 'heading_rad': 3.0870675015479314}
[map] navigate label=bin_docking distance_m=1.616 heading_error_rad=-0.359
[can] backend=detectnet_native no detections
[tag] no detections
[map] motion direction=left speed=0.15 effective_seconds=0.061490774154663086 pose={'x_m': -0.5986473951300507, 'y_m': 0.5801018520981323, 'heading_rad': 3.0777800513389}
[map] navigate label=bin_docking distance_m=1.616 heading_error_rad=-0.349
[can] backend=detectnet_native no detections
[tag] no detections
[map] motion direction=left speed=0.15 effective_seconds=0.05936026573181152 pose={'x_m': -0.5986473951300507, 'y_m': 0.5801018520981323, 'heading_rad': 3.0688143890918713}
[map] navigate label=bin_docking distance_m=1.616 heading_error_rad=-0.340
[can] backend=detectnet_native no detections
[tag] no detections
[map] motion direction=left speed=0.15 effective_seconds=0.06150341033935547 pose={'x_m': -0.5986473951300507, 'y_m': 0.5801018520981323, 'heading_rad': 3.059525030337408}
[map] navigate label=bin_docking distance_m=1.616 heading_error_rad=-0.331
[can] backend=detectnet_native no detections
[tag] no detections
[map] motion direction=left speed=0.15 effective_seconds=0.059174299240112305 pose={'x_m': -0.5986473951300507, 'y_m': 0.5801018520981323, 'heading_rad': 3.0505874561175013}
[map] navigate label=bin_docking distance_m=1.616 heading_error_rad=-0.322
[can] backend=detectnet_native no detections
[tag] no detections
[map] motion direction=left speed=0.15 effective_seconds=0.05763673782348633 pose={'x_m': -0.5986473951300507, 'y_m': 0.5801018520981323, 'heading_rad': 3.0418821122654265}
[map] navigate label=bin_docking distance_m=1.616 heading_error_rad=-0.313
[can] backend=detectnet_native no detections
[tag] no detections
[map] motion direction=left speed=0.15 effective_seconds=0.061804771423339844 pose={'x_m': -0.5986473951300507, 'y_m': 0.5801018520981323, 'heading_rad': 3.032547236502909}
[map] navigate label=bin_docking distance_m=1.616 heading_error_rad=-0.304
[can] backend=detectnet_native no detections
[tag] no detections
[map] motion direction=left speed=0.15 effective_seconds=0.060362815856933594 pose={'x_m': -0.5986473951300507, 'y_m': 0.5801018520981323, 'heading_rad': 3.0234301509814596}
[map] navigate label=bin_docking distance_m=1.616 heading_error_rad=-0.295
[can] backend=detectnet_native no detections
[tag] no detections
[map] motion direction=left speed=0.15 effective_seconds=0.06254959106445312 pose={'x_m': -0.5986473951300507, 'y_m': 0.5801018520981323, 'heading_rad': 3.0139827790692895}
[map] navigate label=bin_docking distance_m=1.616 heading_error_rad=-0.285
[can] backend=detectnet_native no detections
[tag] no detections
[map] motion direction=left speed=0.15 effective_seconds=0.06038856506347656 pose={'x_m': -0.5986473951300507, 'y_m': 0.5801018520981323, 'heading_rad': 3.004861804436392}
[map] navigate label=bin_docking distance_m=1.616 heading_error_rad=-0.276
[can] backend=detectnet_native no detections
[tag] no detections
[map] motion direction=left speed=0.15 effective_seconds=0.058991432189941406 pose={'x_m': -0.5986473951300507, 'y_m': 0.5801018520981323, 'heading_rad': 2.9959518501098215}
[map] navigate label=bin_docking distance_m=1.616 heading_error_rad=-0.267
[can] backend=detectnet_native no detections
[tag] no detections
[map] motion direction=left speed=0.15 effective_seconds=0.060044288635253906 pose={'x_m': -0.5986473951300507, 'y_m': 0.5801018520981323, 'heading_rad': 2.9868828743373914}
[map] navigate label=bin_docking distance_m=1.616 heading_error_rad=-0.258
[can] backend=detectnet_native no detections
[tag] no detections
[map] motion direction=left speed=0.15 effective_seconds=0.059755563735961914 pose={'x_m': -0.5986473951300507, 'y_m': 0.5801018520981323, 'heading_rad': 2.977857507027583}
[map] navigate label=bin_docking distance_m=1.616 heading_error_rad=-0.249
[can] backend=detectnet_native no detections
[tag] no detections
[map] motion direction=left speed=0.15 effective_seconds=0.0597233772277832 pose={'x_m': -0.5986473951300507, 'y_m': 0.5801018520981323, 'heading_rad': 2.968837001107083}
[map] navigate label=bin_docking distance_m=1.616 heading_error_rad=-0.240
[can] backend=detectnet_native no detections
[tag] no detections
[map] motion direction=left speed=0.15 effective_seconds=0.061437368392944336 pose={'x_m': -0.5986473951300507, 'y_m': 0.5801018520981323, 'heading_rad': 2.959557617203277}
[map] navigate label=bin_docking distance_m=1.616 heading_error_rad=-0.231
[can] backend=detectnet_native no detections
[tag] no detections
[map] motion direction=left speed=0.15 effective_seconds=0.061777353286743164 pose={'x_m': -0.5986473951300507, 'y_m': 0.5801018520981323, 'heading_rad': 2.9502268826242446}
[map] navigate label=bin_docking distance_m=1.616 heading_error_rad=-0.222
[can] backend=detectnet_native no detections
[tag] no detections
[map] motion direction=left speed=0.15 effective_seconds=0.0616910457611084 pose={'x_m': -0.5986473951300507, 'y_m': 0.5801018520981323, 'heading_rad': 2.9409091837706205}
[map] navigate label=bin_docking distance_m=1.616 heading_error_rad=-0.212
[can] backend=detectnet_native no detections
[tag] no detections
[map] motion direction=left speed=0.15 effective_seconds=0.07282733917236328 pose={'x_m': -0.5986473951300507, 'y_m': 0.5801018520981323, 'heading_rad': 2.9299094802261774}
[map] navigate label=bin_docking distance_m=1.616 heading_error_rad=-0.201
[can] backend=detectnet_native no detections
[tag] no detections
[map] motion direction=left speed=0.15 effective_seconds=0.06136798858642578 pose={'x_m': -0.5986473951300507, 'y_m': 0.5801018520981323, 'heading_rad': 2.9206405753171047}
[map] navigate label=bin_docking distance_m=1.616 heading_error_rad=-0.192
[can] backend=detectnet_native no detections
[tag] no detections
[map] motion direction=left speed=0.15 effective_seconds=0.05915522575378418 pose={'x_m': -0.5986473951300507, 'y_m': 0.5801018520981323, 'heading_rad': 2.9117058819204917}
[map] navigate label=bin_docking distance_m=1.616 heading_error_rad=-0.183
[can] backend=detectnet_native no detections
[tag] no detections
[map] motion direction=left speed=0.15 effective_seconds=0.061270952224731445 pose={'x_m': -0.5986473951300507, 'y_m': 0.5801018520981323, 'heading_rad': 2.902451633199931}
[map] navigate label=bin_docking distance_m=1.616 heading_error_rad=-0.174
[can] backend=detectnet_native no detections
[tag] no detections
[map] motion direction=left speed=0.15 effective_seconds=0.06043839454650879 pose={'x_m': -0.5986473951300507, 'y_m': 0.5801018520981323, 'heading_rad': 2.8933231324161763}
[map] navigate label=bin_docking distance_m=1.616 heading_error_rad=-0.165
[can] backend=detectnet_native no detections
[tag] no detections
[map] motion direction=left speed=0.15 effective_seconds=0.05960702896118164 pose={'x_m': -0.5986473951300507, 'y_m': 0.5801018520981323, 'heading_rad': 2.8843201995177736}
[map] navigate label=bin_docking distance_m=1.616 heading_error_rad=-0.156
[can] backend=detectnet_native no detections
[tag] no detections
[map] motion direction=left speed=0.15 effective_seconds=0.06029939651489258 pose={'x_m': -0.5986473951300507, 'y_m': 0.5801018520981323, 'heading_rad': 2.875212692733779}
[map] navigate label=bin_docking distance_m=1.616 heading_error_rad=-0.147
[can] backend=detectnet_native no detections
[tag] no detections
[map] motion direction=left speed=0.15 effective_seconds=0.05981087684631348 pose={'x_m': -0.5986473951300507, 'y_m': 0.5801018520981323, 'heading_rad': 2.8661789710364154}
[map] navigate label=bin_docking distance_m=1.616 heading_error_rad=-0.138
[can] backend=detectnet_native no detections
[tag] no detections
[map] motion direction=left speed=0.15 effective_seconds=0.06218099594116211 pose={'x_m': -0.5986473951300507, 'y_m': 0.5801018520981323, 'heading_rad': 2.8567872710344124}
[map] navigate label=bin_docking distance_m=1.616 heading_error_rad=-0.128
[can] backend=detectnet_native no detections
[tag] no detections
[map] motion direction=left speed=0.15 effective_seconds=0.0621185302734375 pose={'x_m': -0.5986473951300507, 'y_m': 0.5801018520981323, 'heading_rad': 2.8474050057286995}
[map] navigate label=bin_docking distance_m=1.616 heading_error_rad=-0.119
[map] motion direction=left speed=0.15 effective_seconds=0.01699519157409668 pose={'x_m': -0.5986473951300507, 'y_m': 0.5801018520981323, 'heading_rad': 2.844838084142376}
[base] continuous stop label=map_turn_bin_docking elapsed=0.017s
[base] stop
[base] continuous start label=map_forward_bin_docking direction=forward requested_speed=0.2 effective_speed=0.2
[can] backend=detectnet_native no detections
[tag] no detections
[map] motion direction=forward speed=0.2 effective_seconds=0.05930924415588379 pose={'x_m': -0.5980837443447022, 'y_m': 0.5782585538390597, 'heading_rad': 2.844838084142376}
[map] navigate label=bin_docking distance_m=1.614 heading_error_rad=-0.116
[can] backend=detectnet_native no detections
[tag] no detections
[map] motion direction=forward speed=0.2 effective_seconds=0.061025142669677734 pose={'x_m': -0.5975037863620754, 'y_m': 0.5763619264103401, 'heading_rad': 2.844838084142376}
[map] navigate label=bin_docking distance_m=1.612 heading_error_rad=-0.117
[can] backend=detectnet_native no detections
[tag] no detections
[map] motion direction=forward speed=0.2 effective_seconds=0.05854177474975586 pose={'x_m': -0.5969474292918914, 'y_m': 0.5745424806727478, 'heading_rad': 2.844838084142376}
[map] navigate label=bin_docking distance_m=1.610 heading_error_rad=-0.117
[can] backend=detectnet_native no detections
[tag] no detections
[map] motion direction=forward speed=0.2 effective_seconds=0.06130051612854004 pose={'x_m': -0.5963648542726026, 'y_m': 0.5726372947903751, 'heading_rad': 2.844838084142376}
[map] navigate label=bin_docking distance_m=1.608 heading_error_rad=-0.117
[can] backend=detectnet_native no detections
[tag] no detections
[map] motion direction=forward speed=0.2 effective_seconds=0.061920166015625 pose={'x_m': -0.595776390354366, 'y_m': 0.5707128505348035, 'heading_rad': 2.844838084142376}
[map] navigate label=bin_docking distance_m=1.606 heading_error_rad=-0.117
[can] backend=detectnet_native no detections
[tag] no detections
[map] motion direction=forward speed=0.2 effective_seconds=0.06322550773620605 pose={'x_m': -0.5951755210026018, 'y_m': 0.5687478369859406, 'heading_rad': 2.844838084142376}
[map] navigate label=bin_docking distance_m=1.604 heading_error_rad=-0.117
[can] backend=detectnet_native no detections
[tag] no detections
[map] motion direction=forward speed=0.2 effective_seconds=0.061176300048828125 pose={'x_m': -0.5945941264821016, 'y_m': 0.5668465116701075, 'heading_rad': 2.844838084142376}
[map] navigate label=bin_docking distance_m=1.602 heading_error_rad=-0.117
[can] backend=detectnet_native no detections
[tag] no detections
[map] motion direction=forward speed=0.2 effective_seconds=0.06143999099731445 pose={'x_m': -0.5940102259507373, 'y_m': 0.5649369909865337, 'heading_rad': 2.844838084142376}
[map] navigate label=bin_docking distance_m=1.600 heading_error_rad=-0.117
[can] backend=detectnet_native no detections
[tag] no detections
[map] motion direction=forward speed=0.2 effective_seconds=0.06986117362976074 pose={'x_m': -0.5933462939458328, 'y_m': 0.5627657446393363, 'heading_rad': 2.844838084142376}
[map] navigate label=bin_docking distance_m=1.598 heading_error_rad=-0.118
[can] backend=detectnet_native no detections
[tag] no detections
[map] motion direction=forward speed=0.2 effective_seconds=0.05913543701171875 pose={'x_m': -0.5927842949524554, 'y_m': 0.5609278482094526, 'heading_rad': 2.844838084142376}
[map] navigate label=bin_docking distance_m=1.596 heading_error_rad=-0.118
[can] backend=detectnet_native no detections
[tag] no detections
[map] motion direction=forward speed=0.2 effective_seconds=0.06446647644042969 pose={'x_m': -0.5921716319419676, 'y_m': 0.5589242660447759, 'heading_rad': 2.844838084142376}
[map] navigate label=bin_docking distance_m=1.594 heading_error_rad=-0.118
[can] backend=detectnet_native no detections
[tag] no detections
[map] motion direction=forward speed=0.2 effective_seconds=0.06197333335876465 pose={'x_m': -0.5915826627430596, 'y_m': 0.5569981693778062, 'heading_rad': 2.844838084142376}
[map] navigate label=bin_docking distance_m=1.592 heading_error_rad=-0.118
[can] backend=detectnet_native no detections
[tag] no detections
[map] motion direction=forward speed=0.2 effective_seconds=0.061003923416137695 pose={'x_m': -0.5910029064195348, 'y_m': 0.5551022014316626, 'heading_rad': 2.844838084142376}
[map] navigate label=bin_docking distance_m=1.590 heading_error_rad=-0.118
[can] backend=detectnet_native no detections
[tag] no detections
[map] motion direction=forward speed=0.2 effective_seconds=0.061165809631347656 pose={'x_m': -0.5904216115956693, 'y_m': 0.5532012021521592, 'heading_rad': 2.844838084142376}
[map] navigate label=bin_docking distance_m=1.588 heading_error_rad=-0.118
[can] backend=detectnet_native no detections
[tag] no detections
[map] motion direction=forward speed=0.2 effective_seconds=0.06230807304382324 pose={'x_m': -0.5898294611677799, 'y_m': 0.5512647019623071, 'heading_rad': 2.844838084142376}
[map] navigate label=bin_docking distance_m=1.586 heading_error_rad=-0.118
[can] backend=detectnet_native no detections
[tag] no detections
[map] motion direction=forward speed=0.2 effective_seconds=0.05968117713928223 pose={'x_m': -0.5892622756835633, 'y_m': 0.5494098442333653, 'heading_rad': 2.844838084142376}
[map] navigate label=bin_docking distance_m=1.584 heading_error_rad=-0.119
[can] backend=detectnet_native no detections
[tag] no detections
[map] motion direction=forward speed=0.2 effective_seconds=0.05950808525085449 pose={'x_m': -0.5886967351938198, 'y_m': 0.5475603661038626, 'heading_rad': 2.844838084142376}
[map] navigate label=bin_docking distance_m=1.582 heading_error_rad=-0.119
[can] backend=detectnet_native no detections
[tag] no detections
[map] motion direction=forward speed=0.2 effective_seconds=0.0623934268951416 pose={'x_m': -0.5881037735978568, 'y_m': 0.5456212131638739, 'heading_rad': 2.844838084142376}
[map] navigate label=bin_docking distance_m=1.580 heading_error_rad=-0.119
[can] backend=detectnet_native no detections
[tag] no detections
[map] motion direction=forward speed=0.2 effective_seconds=0.0619964599609375 pose={'x_m': -0.5875145846131858, 'y_m': 0.5436943977349957, 'heading_rad': 2.844838084142376}
[map] navigate label=bin_docking distance_m=1.578 heading_error_rad=-0.119
[can] backend=detectnet_native no detections
[tag] no detections
[map] motion direction=forward speed=0.2 effective_seconds=0.06324315071105957 pose={'x_m': -0.5869135475898086, 'y_m': 0.5417288358523057, 'heading_rad': 2.844838084142376}
[map] navigate label=bin_docking distance_m=1.576 heading_error_rad=-0.119
[can] backend=detectnet_native no detections
[tag] no detections
[map] motion direction=forward speed=0.2 effective_seconds=0.06026148796081543 pose={'x_m': -0.5863408470690246, 'y_m': 0.5398559423864011, 'heading_rad': 2.844838084142376}
[map] navigate label=bin_docking distance_m=1.574 heading_error_rad=-0.119
[can] backend=detectnet_native no detections
[tag] no detections
[map] motion direction=forward speed=0.2 effective_seconds=0.0582427978515625 pose={'x_m': -0.5857873313529307, 'y_m': 0.5380457886842037, 'heading_rad': 2.844838084142376}
[map] navigate label=bin_docking distance_m=1.572 heading_error_rad=-0.120
[can] backend=detectnet_native no detections
[tag] no detections
[map] motion direction=forward speed=0.2 effective_seconds=0.05828738212585449 pose={'x_m': -0.5852333919261392, 'y_m': 0.5362342493276053, 'heading_rad': 2.844838084142376}
[map] navigate label=bin_docking distance_m=1.570 heading_error_rad=-0.120
[can] backend=detectnet_native no detections
[tag] no detections
[map] motion direction=forward speed=0.2 effective_seconds=0.06018996238708496 pose={'x_m': -0.5846613711551375, 'y_m': 0.5343635788366756, 'heading_rad': 2.844838084142376}
[map] navigate label=bin_docking distance_m=1.569 heading_error_rad=-0.120
[can] backend=detectnet_native no detections
[tag] no detections
[map] motion direction=forward speed=0.2 effective_seconds=0.060753822326660156 pose={'x_m': -0.5840839916900183, 'y_m': 0.5324753838930274, 'heading_rad': 2.844838084142376}
[map] navigate label=bin_docking distance_m=1.567 heading_error_rad=-0.120
[can] backend=detectnet_native no detections
[tag] no detections
[map] motion direction=forward speed=0.2 effective_seconds=0.05974125862121582 pose={'x_m': -0.5835162352159845, 'y_m': 0.5306186588651066, 'heading_rad': 2.844838084142376}
[map] navigate label=bin_docking distance_m=1.565 heading_error_rad=-0.120
[map] motion direction=forward speed=0.2 effective_seconds=0.01747274398803711 pose={'x_m': -0.5833501814074894, 'y_m': 0.530075615718414, 'heading_rad': 2.844838084142376}
[base] continuous stop label=map_forward_bin_docking elapsed=0.017s
[base] stop
[base] continuous start label=map_turn_bin_docking direction=left requested_speed=0.15 effective_speed=0.15
[can] backend=detectnet_native no detections
[tag] no detections
[map] motion direction=left speed=0.15 effective_seconds=0.0626072883605957 pose={'x_m': -0.5833501814074894, 'y_m': 0.530075615718414, 'heading_rad': 2.8353819977397396}
[map] navigate label=bin_docking distance_m=1.564 heading_error_rad=-0.111
[map] motion direction=left speed=0.15 effective_seconds=0.019870519638061523 pose={'x_m': -0.5833501814074894, 'y_m': 0.530075615718414, 'heading_rad': 2.8323807920417607}
[base] continuous stop label=map_turn_bin_docking elapsed=0.020s
[base] stop
[base] continuous start label=map_forward_bin_docking direction=forward requested_speed=0.2 effective_speed=0.2
[can] backend=detectnet_native no detections
[tag] no detections
[map] motion direction=forward speed=0.2 effective_seconds=0.059128522872924805 pose={'x_m': -0.5827653997805847, 'y_m': 0.5282450767497814, 'heading_rad': 2.8323807920417607}
[map] navigate label=bin_docking distance_m=1.562 heading_error_rad=-0.108
[can] backend=detectnet_native no detections
[tag] no detections
[map] motion direction=forward speed=0.2 effective_seconds=0.061879873275756836 pose={'x_m': -0.5821534072732694, 'y_m': 0.5263293596998433, 'heading_rad': 2.8323807920417607}
[map] navigate label=bin_docking distance_m=1.560 heading_error_rad=-0.108
[can] backend=detectnet_native no detections
[tag] no detections
[map] motion direction=forward speed=0.2 effective_seconds=0.06480956077575684 pose={'x_m': -0.5815124401300367, 'y_m': 0.5243229434936588, 'heading_rad': 2.8323807920417607}
[map] navigate label=bin_docking distance_m=1.558 heading_error_rad=-0.108
[can] backend=detectnet_native no detections
[tag] no detections
[map] motion direction=forward speed=0.2 effective_seconds=0.06028938293457031 pose={'x_m': -0.5809161775866052, 'y_m': 0.5224564658700975, 'heading_rad': 2.8323807920417607}
[map] navigate label=bin_docking distance_m=1.556 heading_error_rad=-0.108
[can] backend=detectnet_native no detections
[tag] no detections
[map] motion direction=forward speed=0.2 effective_seconds=0.06084585189819336 pose={'x_m': -0.580314411560082, 'y_m': 0.5205727607212531, 'heading_rad': 2.8323807920417607}
[map] navigate label=bin_docking distance_m=1.554 heading_error_rad=-0.108
[can] backend=detectnet_native no detections
[tag] no detections
[map] motion direction=forward speed=0.2 effective_seconds=0.0593104362487793 pose={'x_m': -0.5797278308082421, 'y_m': 0.5187365899609363, 'heading_rad': 2.8323807920417607}
[map] navigate label=bin_docking distance_m=1.552 heading_error_rad=-0.109
[can] backend=detectnet_native no detections
[tag] no detections
[map] motion direction=forward speed=0.2 effective_seconds=0.05945253372192383 pose={'x_m': -0.5791398447111054, 'y_m': 0.5168960200553459, 'heading_rad': 2.8323807920417607}
[map] navigate label=bin_docking distance_m=1.550 heading_error_rad=-0.109
[can] backend=detectnet_native no detections
[tag] no detections
[map] motion direction=forward speed=0.2 effective_seconds=0.062233924865722656 pose={'x_m': -0.5785243506303577, 'y_m': 0.5149693420478046, 'heading_rad': 2.8323807920417607}
[map] navigate label=bin_docking distance_m=1.548 heading_error_rad=-0.109
[can] backend=detectnet_native no detections
[tag] no detections
[map] motion direction=forward speed=0.2 effective_seconds=0.06096839904785156 pose={'x_m': -0.5779213726114141, 'y_m': 0.5130818430052175, 'heading_rad': 2.8323807920417607}
[map] navigate label=bin_docking distance_m=1.546 heading_error_rad=-0.109
[can] backend=detectnet_native no detections
[tag] no detections
[map] motion direction=forward speed=0.2 effective_seconds=0.0636141300201416 pose={'x_m': -0.5772922282891848, 'y_m': 0.5111124357158152, 'heading_rad': 2.8323807920417607}
[map] navigate label=bin_docking distance_m=1.544 heading_error_rad=-0.109
[can] backend=detectnet_native no detections
[tag] no detections
[map] motion direction=forward speed=0.2 effective_seconds=0.06293320655822754 pose={'x_m': -0.5766698183061629, 'y_m': 0.5091641088943686, 'heading_rad': 2.8323807920417607}
[map] navigate label=bin_docking distance_m=1.542 heading_error_rad=-0.109
[can] backend=detectnet_native no detections
[tag] no detections
[map] motion direction=forward speed=0.2 effective_seconds=0.057268381118774414 pose={'x_m': -0.5761034334980593, 'y_m': 0.5073911573945701, 'heading_rad': 2.8323807920417607}
[map] navigate label=bin_docking distance_m=1.540 heading_error_rad=-0.109
[can] backend=detectnet_native no detections
[tag] no detections
[map] motion direction=forward speed=0.2 effective_seconds=0.05939602851867676 pose={'x_m': -0.5755160062378946, 'y_m': 0.5055523368135263, 'heading_rad': 2.8323807920417607}
[map] navigate label=bin_docking distance_m=1.538 heading_error_rad=-0.110
[can] backend=detectnet_native no detections
[tag] no detections
[map] motion direction=forward speed=0.2 effective_seconds=0.06026864051818848 pose={'x_m': -0.574919948837149, 'y_m': 0.5036865013470772, 'heading_rad': 2.8323807920417607}
[map] navigate label=bin_docking distance_m=1.537 heading_error_rad=-0.110
[can] backend=detectnet_native no detections
[tag] no detections
[map] motion direction=forward speed=0.2 effective_seconds=0.0637669563293457 pose={'x_m': -0.5742892930613371, 'y_m': 0.5017123627621708, 'heading_rad': 2.8323807920417607}
[map] navigate label=bin_docking distance_m=1.534 heading_error_rad=-0.110
[can] backend=detectnet_native no detections
[tag] no detections
[map] motion direction=forward speed=0.2 effective_seconds=0.06158018112182617 pose={'x_m': -0.5736802645121394, 'y_m': 0.499805923775335, 'heading_rad': 2.8323807920417607}
[map] navigate label=bin_docking distance_m=1.532 heading_error_rad=-0.110
[can] backend=detectnet_native no detections
[tag] no detections
[map] motion direction=forward speed=0.2 effective_seconds=0.061310529708862305 pose={'x_m': -0.5730739028178587, 'y_m': 0.49790783283095646, 'heading_rad': 2.8323807920417607}
[map] navigate label=bin_docking distance_m=1.530 heading_error_rad=-0.110
[can] backend=detectnet_native no detections
[tag] no detections
[map] motion direction=forward speed=0.2 effective_seconds=0.06420516967773438 pose={'x_m': -0.5724389131080612, 'y_m': 0.4959201277544175, 'heading_rad': 2.8323807920417607}
[map] navigate label=bin_docking distance_m=1.528 heading_error_rad=-0.110
[can] backend=detectnet_native no detections
[tag] no detections
[map] motion direction=forward speed=0.2 effective_seconds=0.057566165924072266 pose={'x_m': -0.5718695832055353, 'y_m': 0.49413795724044657, 'heading_rad': 2.8323807920417607}
[map] navigate label=bin_docking distance_m=1.527 heading_error_rad=-0.110
[can] backend=detectnet_native no detections
[tag] no detections
[map] motion direction=forward speed=0.2 effective_seconds=0.058739662170410156 pose={'x_m': -0.5712886474145015, 'y_m': 0.4923194568723867, 'heading_rad': 2.8323807920417607}
[map] navigate label=bin_docking distance_m=1.525 heading_error_rad=-0.110
[can] backend=detectnet_native no detections
[tag] no detections
[map] motion direction=forward speed=0.2 effective_seconds=0.0615694522857666 pose={'x_m': -0.5706797249735895, 'y_m': 0.4904133500357813, 'heading_rad': 2.8323807920417607}
[map] navigate label=bin_docking distance_m=1.523 heading_error_rad=-0.111
[can] backend=detectnet_native no detections
[tag] no detections
[map] motion direction=forward speed=0.2 effective_seconds=0.061936378479003906 pose={'x_m': -0.5700671736293021, 'y_m': 0.4884958836612964, 'heading_rad': 2.8323807920417607}
[map] navigate label=bin_docking distance_m=1.521 heading_error_rad=-0.111
[can] backend=detectnet_native no detections
[tag] no detections
[map] motion direction=forward speed=0.2 effective_seconds=0.06299901008605957 pose={'x_m': -0.5694441128487938, 'y_m': 0.48654551965177006, 'heading_rad': 2.8323807920417607}
[map] navigate label=bin_docking distance_m=1.519 heading_error_rad=-0.111
[can] backend=detectnet_native no detections
[tag] no detections
[map] motion direction=forward speed=0.2 effective_seconds=0.06225705146789551 pose={'x_m': -0.568828390045741, 'y_m': 0.4846181256759545, 'heading_rad': 2.8323807920417607}
[map] navigate label=bin_docking distance_m=1.517 heading_error_rad=-0.111
[can] backend=detectnet_native no detections
[tag] no detections
[map] motion direction=forward speed=0.2 effective_seconds=0.05936932563781738 pose={'x_m': -0.5682412268773099, 'y_m': 0.4827801317799286, 'heading_rad': 2.8323807920417607}
[map] navigate label=bin_docking distance_m=1.515 heading_error_rad=-0.111
[can] backend=detectnet_native no detections
[tag] no detections
[map] motion direction=forward speed=0.2 effective_seconds=0.06009340286254883 pose={'x_m': -0.5676469025785663, 'y_m': 0.4809197214339092, 'heading_rad': 2.8323807920417607}
[map] navigate label=bin_docking distance_m=1.513 heading_error_rad=-0.111
[can] backend=detectnet_native no detections
[tag] no detections
[map] motion direction=forward speed=0.2 effective_seconds=0.06167435646057129 pose={'x_m': -0.5670369426344151, 'y_m': 0.47901036690616217, 'heading_rad': 2.8323807920417607}
[map] navigate label=bin_docking distance_m=1.511 heading_error_rad=-0.112
[can] backend=detectnet_native no detections
[tag] no detections
[map] motion direction=forward speed=0.2 effective_seconds=0.06224775314331055 pose={'x_m': -0.5664213117918767, 'y_m': 0.47708326079387964, 'heading_rad': 2.8323807920417607}
[map] navigate label=bin_docking distance_m=1.509 heading_error_rad=-0.112
[can] backend=detectnet_native no detections
[tag] no detections
[map] motion direction=forward speed=0.2 effective_seconds=0.0625007152557373 pose={'x_m': -0.5658031791517547, 'y_m': 0.475148323317276, 'heading_rad': 2.8323807920417607}
[map] navigate label=bin_docking distance_m=1.507 heading_error_rad=-0.112
[can] backend=detectnet_native no detections
[tag] no detections
[map] motion direction=forward speed=0.2 effective_seconds=0.0622713565826416 pose={'x_m': -0.5651873148709875, 'y_m': 0.4732204864744866, 'heading_rad': 2.8323807920417607}
[map] navigate label=bin_docking distance_m=1.505 heading_error_rad=-0.112
[can] backend=detectnet_native no detections
[tag] no detections
[map] motion direction=forward speed=0.2 effective_seconds=0.06040692329406738 pose={'x_m': -0.5645898898523357, 'y_m': 0.47135036996062346, 'heading_rad': 2.8323807920417607}
[map] navigate label=bin_docking distance_m=1.503 heading_error_rad=-0.112
[can] backend=detectnet_native no detections
[tag] no detections
[map] motion direction=forward speed=0.2 effective_seconds=0.05882096290588379 pose={'x_m': -0.5640081499962915, 'y_m': 0.46952935263192885, 'heading_rad': 2.8323807920417607}
[map] navigate label=bin_docking distance_m=1.501 heading_error_rad=-0.112
[can] backend=detectnet_native no detections
[tag] no detections
[map] motion direction=forward speed=0.2 effective_seconds=0.06295442581176758 pose={'x_m': -0.5633855301546598, 'y_m': 0.4675803688911377, 'heading_rad': 2.8323807920417607}
[map] navigate label=bin_docking distance_m=1.499 heading_error_rad=-0.112
[can] backend=detectnet_native no detections
[tag] no detections
[map] motion direction=forward speed=0.2 effective_seconds=0.0638270378112793 pose={'x_m': -0.5627542801724472, 'y_m': 0.4656043702649411, 'heading_rad': 2.8323807920417607}
[map] navigate label=bin_docking distance_m=1.497 heading_error_rad=-0.113
[can] backend=detectnet_native no detections
[tag] no detections
[map] motion direction=forward speed=0.2 effective_seconds=0.0630030632019043 pose={'x_m': -0.5621311793065864, 'y_m': 0.4636538807764388, 'heading_rad': 2.8323807920417607}
[map] navigate label=bin_docking distance_m=1.495 heading_error_rad=-0.113
[can] backend=detectnet_native no detections
[tag] no detections
[map] motion direction=forward speed=0.2 effective_seconds=0.0631711483001709 pose={'x_m': -0.561506416077581, 'y_m': 0.4616981876009937, 'heading_rad': 2.8323807920417607}
[map] navigate label=bin_docking distance_m=1.493 heading_error_rad=-0.113
[can] backend=detectnet_native no detections
[tag] no detections
[map] motion direction=forward speed=0.2 effective_seconds=0.05753374099731445 pose={'x_m': -0.5609374068578745, 'y_m': 0.45991702091883013, 'heading_rad': 2.8323807920417607}
[map] navigate label=bin_docking distance_m=1.491 heading_error_rad=-0.113
[can] backend=detectnet_native no detections
[tag] no detections
[map] motion direction=forward speed=0.2 effective_seconds=0.06105446815490723 pose={'x_m': -0.5603335776146824, 'y_m': 0.45802685729328363, 'heading_rad': 2.8323807920417607}
[map] navigate label=bin_docking distance_m=1.489 heading_error_rad=-0.113
[can] backend=detectnet_native no detections
[tag] no detections
[map] motion direction=forward speed=0.2 effective_seconds=0.06073355674743652 pose={'x_m': -0.5597329221882176, 'y_m': 0.45614662865018407, 'heading_rad': 2.8323807920417607}
[map] navigate label=bin_docking distance_m=1.487 heading_error_rad=-0.113
[can] backend=detectnet_native no detections
[tag] no detections
[map] motion direction=forward speed=0.2 effective_seconds=0.06611084938049316 pose={'x_m': -0.5590790852888947, 'y_m': 0.4540999263116109, 'heading_rad': 2.8323807920417607}
[map] navigate label=bin_docking distance_m=1.485 heading_error_rad=-0.113
[can] backend=detectnet_native no detections
[tag] no detections
[map] motion direction=forward speed=0.2 effective_seconds=0.06251788139343262 pose={'x_m': -0.5584607828755154, 'y_m': 0.4521644573946386, 'heading_rad': 2.8323807920417607}
[map] navigate label=bin_docking distance_m=1.483 heading_error_rad=-0.114
[can] backend=detectnet_native no detections
[tag] no detections
[map] motion direction=forward speed=0.2 effective_seconds=0.06237626075744629 pose={'x_m': -0.557843881091509, 'y_m': 0.4502333728607076, 'heading_rad': 2.8323807920417607}
[map] navigate label=bin_docking distance_m=1.481 heading_error_rad=-0.114
[can] backend=detectnet_native no detections
[tag] no detections
[map] motion direction=forward speed=0.2 effective_seconds=0.060851335525512695 pose={'x_m': -0.5572420608318619, 'y_m': 0.4483494979461899, 'heading_rad': 2.8323807920417607}
[map] navigate label=bin_docking distance_m=1.479 heading_error_rad=-0.114
[can] backend=detectnet_native no detections
[tag] no detections
[map] motion direction=forward speed=0.2 effective_seconds=0.0618438720703125 pose={'x_m': -0.5566304243767946, 'y_m': 0.44643489544480264, 'heading_rad': 2.8323807920417607}
[map] navigate label=bin_docking distance_m=1.477 heading_error_rad=-0.114
[can] backend=detectnet_native no detections
[tag] backend=pupil_apriltags id=0 center=(160.7,119.6) error_x=0.002 yaw_deg=1.39 height=9.5px height_norm=0.040 margin=19.68 distance=1.4574881843187657
[map] motion direction=forward speed=0.2 effective_seconds=0.10892629623413086 pose={'x_m': -0.5555531423201906, 'y_m': 0.44306268487235323, 'heading_rad': 2.8323807920417607}
[base] continuous stop label=map_forward_bin_docking elapsed=0.109s
[base] stop
[fsm] MAP_NAVIGATING --TARGET_FOUND--> ALIGNING
[can] backend=detectnet_native no detections
[tag] no detections
[base] stop
[can] backend=detectnet_native no detections
[tag] no detections
[base] stop
[can] backend=detectnet_native no detections
[tag] no detections
[base] stop
[can] backend=detectnet_native no detections
[tag] no detections
[base] stop
[can] backend=detectnet_native no detections
[tag] no detections
[base] stop
[can] backend=detectnet_native no detections
[tag] no detections
[base] stop
[can] backend=detectnet_native no detections
[tag] no detections
[base] stop
[can] backend=detectnet_native no detections
[tag] no detections
[base] stop
[fsm] ALIGNING --TARGET_MISSING--> SEARCHING reason=alignment target lost
[can] backend=detectnet_native no detections
[tag] no detections
[base] continuous start label=search_bin_routine_2_step_0 direction=forward requested_speed=0.6 effective_speed=0.6
[can] backend=detectnet_native no detections
[tag] no detections
[map] motion direction=forward speed=0.6 effective_seconds=0.06210160255432129 pose={'x_m': -0.5535924735053137, 'y_m': 0.4369252131990172, 'heading_rad': 2.8323807920417607}
[can] backend=detectnet_native no detections
[tag] no detections
[map] motion direction=forward speed=0.6 effective_seconds=0.060857295989990234 pose={'x_m': -0.5516710898775573, 'y_m': 0.4309107157482039, 'heading_rad': 2.8323807920417607}
[can] backend=detectnet_native no detections
[tag] backend=pupil_apriltags id=0 center=(161.8,119.5) error_x=0.006 yaw_deg=0.9 height=9.4px height_norm=0.039 margin=17.38 distance=1.4520277558654882
[map] motion direction=forward speed=0.6 effective_seconds=0.08743429183959961 pose={'x_m': -0.548910618612572, 'y_m': 0.42226962651102457, 'heading_rad': 2.8323807920417607}
[base] continuous stop label=search_bin_routine_2_step_0 elapsed=0.087s
[base] stop
[fsm] SEARCHING --TARGET_FOUND--> ALIGNING
[can] backend=detectnet_native no detections
[tag] no detections
[base] stop
[can] backend=detectnet_native no detections
[tag] backend=pupil_apriltags id=0 center=(162.8,119.5) error_x=0.009 yaw_deg=27.31 height=9.4px height_norm=0.039 margin=22.24 distance=1.313249091938055
[base] stop
[fsm] ALIGNING --TARGET_ALIGNED--> APPROACHING
[can] backend=detectnet_native no detections
[tag] no detections
[base] stop
[can] backend=detectnet_native no detections
[tag] no detections
[base] stop
[can] backend=detectnet_native no detections
[tag] no detections
[base] stop
[can] backend=detectnet_native no detections
[tag] no detections
[base] stop
[can] backend=detectnet_native no detections
[tag] no detections
[base] stop
[fsm] APPROACHING --TARGET_MISSING--> SEARCHING reason=approach target lost
[can] backend=detectnet_native no detections
[tag] no detections
[base] continuous start label=search_bin_routine_2_step_0 direction=forward requested_speed=0.6 effective_speed=0.6
[can] backend=detectnet_native no detections
[tag] no detections
[map] motion direction=forward speed=0.6 effective_seconds=0.061263084411621094 pose={'x_m': -0.5469764234522463, 'y_m': 0.4162150251846156, 'heading_rad': 2.8323807920417607}
[can] backend=detectnet_native no detections
[tag] no detections
[map] motion direction=forward speed=0.6 effective_seconds=0.06212115287780762 pose={'x_m': -0.5450151373954948, 'y_m': 0.41007562136216164, 'heading_rad': 2.8323807920417607}
[can] backend=detectnet_native no detections
[tag] no detections
[map] motion direction=forward speed=0.6 effective_seconds=0.060765743255615234 pose={'x_m': -0.5430966442662735, 'y_m': 0.40407017202429113, 'heading_rad': 2.8323807920417607}
[can] backend=detectnet_native no detections
[tag] backend=pupil_apriltags id=0 center=(163.8,119.5) error_x=0.012 yaw_deg=27.69 height=9.5px height_norm=0.039 margin=22.03 distance=1.3170250975607538
[map] motion direction=forward speed=0.6 effective_seconds=0.08383703231811523 pose={'x_m': -0.5404497455062267, 'y_m': 0.3957845982248243, 'heading_rad': 2.8323807920417607}
[base] continuous stop label=search_bin_routine_2_step_0 elapsed=0.084s
[base] stop
[fsm] SEARCHING --TARGET_FOUND--> ALIGNING
[can] backend=detectnet_native detections=1 best_confidence=0.234
[depth] map_can_0_depth mean=3.745 min=3.238 max=4.057
[map] can added id=3 position={'x_m': -0.42469997298887735, 'y_m': 0.03958952602956356}
[tag] backend=pupil_apriltags id=0 center=(165.9,119.3) error_x=0.018 yaw_deg=-29.58 height=10.1px height_norm=0.042 margin=17.84 distance=1.2405572467437804
[base] stop
[fsm] ALIGNING --TARGET_ALIGNED--> APPROACHING
[can] backend=detectnet_native detections=1 best_confidence=0.352
[depth] map_can_0_depth mean=4.160 min=3.686 max=4.581
[map] can added id=4 position={'x_m': -0.41233073993687896, 'y_m': -2.28383510774699e-05}
[tag] backend=pupil_apriltags id=0 center=(165.8,120.0) error_x=0.018 yaw_deg=-35.06 height=10.5px height_norm=0.044 margin=19.89 distance=1.1697166021886154
[approach] target=bin mode=bbox_height bbox=0.044/0.17 bbox_ok=False depth_raw=n/a/0.17 depth_ok=False error_x=0.018
[base] continuous start label=approach_bin_forward direction=forward requested_speed=0.6 effective_speed=0.6
[can] backend=detectnet_native detections=1 best_confidence=0.275
[depth] map_can_0_depth mean=3.896 min=3.415 max=4.252
[map] can added id=5 position={'x_m': -0.4218948598021989, 'y_m': 0.024672839205108266}
[tag] no detections
[map] motion direction=forward speed=0.6 effective_seconds=0.10562992095947266 pose={'x_m': -0.5371148027120857, 'y_m': 0.3853452436658433, 'heading_rad': 2.8323807920417607}
[base] continuous stop label=approach_bin_forward elapsed=0.106s
[base] stop
[can] backend=detectnet_native detections=1 best_confidence=0.248
[depth] map_can_0_depth mean=4.061 min=3.657 max=4.342
[map] can merged id=4 position={'x_m': -0.41360459031500857, 'y_m': -0.000959580076129396} observations=2
[tag] no detections
[base] stop
[can] backend=detectnet_native detections=1 best_confidence=0.263
[depth] map_can_0_depth mean=4.100 min=3.553 max=4.569
[map] can merged id=4 position={'x_m': -0.41277098807737955, 'y_m': -0.002239973095735759} observations=3
[tag] backend=pupil_apriltags id=0 center=(168.0,120.1) error_x=0.025 yaw_deg=-36.09 height=10.3px height_norm=0.043 margin=21.51 distance=1.1952271295021493
[approach] target=bin mode=bbox_height bbox=0.043/0.17 bbox_ok=False depth_raw=n/a/0.17 depth_ok=False error_x=0.025
[base] continuous start label=approach_bin_forward direction=forward requested_speed=0.6 effective_speed=0.6
[can] backend=detectnet_native detections=1 best_confidence=0.217
[depth] map_can_0_depth mean=4.053 min=3.623 max=4.383
[map] can merged id=4 position={'x_m': -0.41300201886668814, 'y_m': -0.0018435603470778467} observations=4
[tag] backend=pupil_apriltags id=0 center=(168.0,120.0) error_x=0.025 yaw_deg=-38.24 height=10.5px height_norm=0.044 margin=23.54 distance=1.1756697283422324
[approach] target=bin mode=bbox_height bbox=0.044/0.17 bbox_ok=False depth_raw=n/a/0.17 depth_ok=False error_x=0.025
[can] backend=detectnet_native detections=1 best_confidence=0.237
[depth] map_can_0_depth mean=4.014 min=3.566 max=4.341
[map] can merged id=4 position={'x_m': -0.4132365419990207, 'y_m': -0.0008339809714899338} observations=5
[tag] no detections
[map] motion direction=forward speed=0.6 effective_seconds=0.19465136528015137 pose={'x_m': -0.5309692791510122, 'y_m': 0.3661079423492128, 'heading_rad': 2.8323807920417607}
[base] continuous stop label=approach_bin_forward elapsed=0.195s
[base] stop
[can] backend=detectnet_native detections=1 best_confidence=0.602
[depth] map_can_0_depth mean=3.820 min=3.562 max=4.051
[map] can merged id=4 position={'x_m': -0.41375729858559446, 'y_m': -0.0004058974997019534} observations=6
[tag] backend=pupil_apriltags id=0 center=(169.4,120.8) error_x=0.029 yaw_deg=-20.48 height=10.4px height_norm=0.043 margin=16.70 distance=1.2213065314568894
[approach] target=bin mode=bbox_height bbox=0.043/0.17 bbox_ok=False depth_raw=n/a/0.17 depth_ok=False error_x=0.029
[base] continuous start label=approach_bin_forward direction=forward requested_speed=0.6 effective_speed=0.6
[can] backend=detectnet_native detections=1 best_confidence=0.519
[depth] map_can_0_depth mean=3.901 min=3.620 max=4.171
[map] can merged id=4 position={'x_m': -0.4139830863864901, 'y_m': -0.0012772388048202402} observations=7
[tag] no detections
[map] motion direction=forward speed=0.6 effective_seconds=0.10452866554260254 pose={'x_m': -0.5276691051400307, 'y_m': 0.3557774243362812, 'heading_rad': 2.8323807920417607}
[base] continuous stop label=approach_bin_forward elapsed=0.105s
[base] stop
[can] backend=detectnet_native detections=1 best_confidence=0.560
[depth] map_can_0_depth mean=3.741 min=3.572 max=3.911
[map] can merged id=4 position={'x_m': -0.413815385056138, 'y_m': -0.0011434617391565122} observations=8
[tag] no detections
[base] stop
[can] backend=detectnet_native detections=1 best_confidence=0.298
[depth] map_can_0_depth mean=3.773 min=3.524 max=3.955
[map] can merged id=4 position={'x_m': -0.4140366527427762, 'y_m': -0.001519441810326964} observations=9
[tag] no detections
[base] stop
[can] backend=detectnet_native detections=1 best_confidence=0.264
[depth] map_can_0_depth mean=3.680 min=3.479 max=3.861
[map] can merged id=4 position={'x_m': -0.4144108431717398, 'y_m': -0.0009153809642005684} observations=10
[tag] no detections
[base] stop
[can] backend=detectnet_native detections=1 best_confidence=0.298
[depth] map_can_0_depth mean=3.778 min=3.498 max=3.990
[map] can merged id=4 position={'x_m': -0.4144939476621616, 'y_m': -0.0012811615232487881} observations=11
[tag] no detections
[base] stop
[fsm] APPROACHING --TARGET_MISSING--> SEARCHING reason=approach target lost
[can] backend=detectnet_native detections=1 best_confidence=0.372
[depth] map_can_0_depth mean=3.779 min=3.554 max=3.947
[map] can merged id=4 position={'x_m': -0.4145079252666992, 'y_m': -0.0015739459163605963} observations=12
[tag] no detections
[base] continuous start label=search_bin_routine_2_step_0 direction=forward requested_speed=0.6 effective_speed=0.6
[can] backend=detectnet_native detections=1 best_confidence=0.328
[depth] map_can_0_depth mean=3.706 min=3.456 max=3.914
[map] can merged id=4 position={'x_m': -0.41475697292772284, 'y_m': -0.0013084781693855118} observations=13
[tag] no detections
[map] motion direction=forward speed=0.6 effective_seconds=0.09023451805114746 pose={'x_m': -0.5248202252675094, 'y_m': 0.3468595900821391, 'heading_rad': 2.8323807920417607}
[can] backend=detectnet_native detections=1 best_confidence=0.288
[depth] map_can_0_depth mean=3.866 min=3.653 max=4.119
[map] can added id=6 position={'x_m': -0.40996920261499764, 'y_m': -0.022238382516204247}
[tag] no detections
[map] motion direction=forward speed=0.6 effective_seconds=0.09029722213745117 pose={'x_m': -0.5219693657045851, 'y_m': 0.33793555881314297, 'heading_rad': 2.8323807920417607}
[can] backend=detectnet_native detections=1 best_confidence=0.342
[depth] map_can_0_depth mean=3.758 min=3.585 max=3.930
[map] can merged id=6 position={'x_m': -0.41062456513558276, 'y_m': -0.021710986718461556} observations=2
[tag] no detections
[map] motion direction=forward speed=0.6 effective_seconds=0.08869028091430664 pose={'x_m': -0.5191692404128224, 'y_m': 0.329170340776529, 'heading_rad': 2.8323807920417607}
[can] backend=detectnet_native detections=1 best_confidence=0.490
[depth] map_can_0_depth mean=3.804 min=3.535 max=3.998
[map] can added id=7 position={'x_m': -0.4067996960027851, 'y_m': -0.034244123949917216}
[tag] backend=pupil_apriltags id=0 center=(171.4,121.4) error_x=0.036 yaw_deg=-30.37 height=11.3px height_norm=0.047 margin=17.22 distance=1.1104053834450467
[map] motion direction=forward speed=0.6 effective_seconds=0.10868549346923828 pose={'x_m': -0.515737827230075, 'y_m': 0.3184290054480806, 'heading_rad': 2.8323807920417607}
[base] continuous stop label=search_bin_routine_2_step_0 elapsed=0.109s
[base] stop
[fsm] SEARCHING --TARGET_FOUND--> ALIGNING
[can] backend=detectnet_native detections=1 best_confidence=0.414
[depth] map_can_0_depth mean=3.860 min=3.676 max=4.013
[map] can added id=8 position={'x_m': -0.4005455996196795, 'y_m': -0.049938884126912386}
[tag] no detections
[base] stop
[can] backend=detectnet_native detections=1 best_confidence=0.480
[depth] map_can_0_depth mean=3.868 min=3.637 max=4.073
[map] can merged id=8 position={'x_m': -0.4018344902704802, 'y_m': -0.0507875052750493} observations=2
[tag] no detections
[base] stop
[can] backend=detectnet_native detections=1 best_confidence=0.438
[depth] map_can_0_depth mean=3.794 min=3.563 max=4.012
[map] can merged id=8 position={'x_m': -0.40366988141748134, 'y_m': -0.04889388729062052} observations=3
[tag] no detections
[base] stop
[can] backend=detectnet_native detections=1 best_confidence=0.395
[depth] map_can_0_depth mean=3.800 min=3.598 max=4.003
[map] can merged id=8 position={'x_m': -0.4042630274812492, 'y_m': -0.04801557182652255} observations=4
[tag] no detections
[base] stop
[can] backend=detectnet_native detections=1 best_confidence=0.447
[depth] map_can_0_depth mean=3.787 min=3.579 max=3.992
[map] can merged id=8 position={'x_m': -0.4045831810425572, 'y_m': -0.04720465396157114} observations=5
[tag] no detections
[base] stop
[can] backend=detectnet_native detections=1 best_confidence=0.452
[depth] map_can_0_depth mean=3.738 min=3.534 max=3.964
[map] can merged id=7 position={'x_m': -0.4077887509579985, 'y_m': -0.037014622114376006} observations=2
[tag] backend=pupil_apriltags id=0 center=(172.8,121.7) error_x=0.040 yaw_deg=-27.37 height=11.4px height_norm=0.047 margin=17.10 distance=1.0701905430021237
[base] stop
[fsm] ALIGNING --TARGET_ALIGNED--> APPROACHING
[can] backend=detectnet_native detections=1 best_confidence=0.409
[depth] map_can_0_depth mean=3.790 min=3.586 max=4.020
[map] can merged id=8 position={'x_m': -0.40483521990486465, 'y_m': -0.04673152631183894} observations=6
[tag] no detections
[base] stop
[can] backend=detectnet_native detections=1 best_confidence=0.518
[depth] map_can_0_depth mean=3.818 min=3.568 max=4.083
[map] can merged id=8 position={'x_m': -0.40458778668834355, 'y_m': -0.046675366382838215} observations=7
[tag] no detections
[base] stop
[can] backend=detectnet_native detections=1 best_confidence=0.507
[depth] map_can_0_depth mean=3.689 min=3.518 max=3.846
[map] can merged id=7 position={'x_m': -0.4074922119116142, 'y_m': -0.036024824701963075} observations=3
[tag] backend=pupil_apriltags id=0 center=(172.8,121.6) error_x=0.040 yaw_deg=-27.54 height=11.3px height_norm=0.047 margin=17.10 distance=1.0734680890347745
[approach] target=bin mode=bbox_height bbox=0.047/0.17 bbox_ok=False depth_raw=n/a/0.17 depth_ok=False error_x=0.040
[base] continuous start label=approach_bin_forward direction=forward requested_speed=0.6 effective_speed=0.6
[can] backend=detectnet_native detections=1 best_confidence=0.454
[depth] map_can_0_depth mean=3.787 min=3.546 max=4.035
[map] can merged id=8 position={'x_m': -0.404809518564993, 'y_m': -0.046360240734613783} observations=8
[tag] no detections
[map] motion direction=forward speed=0.6 effective_seconds=0.10294699668884277 pose={'x_m': -0.512487589592222, 'y_m': 0.3082548030113543, 'heading_rad': 2.8323807920417607}
[base] continuous stop label=approach_bin_forward elapsed=0.103s
[base] stop
[can] backend=detectnet_native detections=1 best_confidence=0.357
[depth] map_can_0_depth mean=3.711 min=3.567 max=3.893
[map] can merged id=8 position={'x_m': -0.40480908012506506, 'y_m': -0.04642081534938283} observations=9
[tag] backend=pupil_apriltags id=0 center=(173.3,121.5) error_x=0.041 yaw_deg=-32.65 height=11.5px height_norm=0.048 margin=22.08 distance=1.0782027561443224
[approach] target=bin mode=bbox_height bbox=0.048/0.17 bbox_ok=False depth_raw=n/a/0.17 depth_ok=False error_x=0.041
[base] continuous start label=approach_bin_forward direction=forward requested_speed=0.6 effective_speed=0.6
[can] backend=detectnet_native detections=1 best_confidence=0.270
[depth] map_can_0_depth mean=3.807 min=3.627 max=3.989
[map] can added id=9 position={'x_m': -0.4031385666771053, 'y_m': -0.0564292572249398}
[tag] backend=pupil_apriltags id=0 center=(173.4,121.5) error_x=0.042 yaw_deg=-31.97 height=11.4px height_norm=0.048 margin=19.71 distance=1.0778739776068236
[approach] target=bin mode=bbox_height bbox=0.048/0.17 bbox_ok=False depth_raw=n/a/0.17 depth_ok=False error_x=0.042
[can] backend=detectnet_native detections=1 best_confidence=0.388
[depth] map_can_0_depth mean=3.797 min=3.679 max=3.910
[map] can merged id=9 position={'x_m': -0.4026312988730614, 'y_m': -0.055754913174743265} observations=2
[tag] no detections
[map] motion direction=forward speed=0.6 effective_seconds=0.19518065452575684 pose={'x_m': -0.5063253553364929, 'y_m': 0.288965192291773, 'heading_rad': 2.8323807920417607}
[base] continuous stop label=approach_bin_forward elapsed=0.195s
[base] stop
[can] backend=detectnet_native detections=1 best_confidence=0.503
[depth] map_can_0_depth mean=3.718 min=3.561 max=3.841
[map] can added id=10 position={'x_m': -0.39972045444584237, 'y_m': -0.06722902144553727}
[tag] backend=pupil_apriltags id=0 center=(173.6,122.2) error_x=0.043 yaw_deg=-34.3 height=12.3px height_norm=0.051 margin=16.56 distance=1.0162102404112214
[approach] target=bin mode=bbox_height bbox=0.051/0.17 bbox_ok=False depth_raw=n/a/0.17 depth_ok=False error_x=0.043
[base] continuous start label=approach_bin_forward direction=forward requested_speed=0.6 effective_speed=0.6
[can] backend=detectnet_native detections=1 best_confidence=0.321
[depth] map_can_0_depth mean=3.752 min=3.604 max=3.893
[map] can merged id=10 position={'x_m': -0.39815617967080774, 'y_m': -0.06852473802951067} observations=2
[tag] backend=pupil_apriltags id=0 center=(174.0,122.9) error_x=0.044 yaw_deg=-29.5 height=12.4px height_norm=0.051 margin=17.62 distance=1.014964649681027
[approach] target=bin mode=bbox_height bbox=0.051/0.17 bbox_ok=False depth_raw=n/a/0.17 depth_ok=False error_x=0.044
[can] backend=detectnet_native detections=1 best_confidence=0.400
[depth] map_can_0_depth mean=3.795 min=3.633 max=3.935
[map] can merged id=10 position={'x_m': -0.39783186754527805, 'y_m': -0.07052384676877554} observations=3
[tag] backend=pupil_apriltags id=0 center=(174.0,122.9) error_x=0.044 yaw_deg=-29.86 height=12.3px height_norm=0.051 margin=16.92 distance=1.0102214723226057
[approach] target=bin mode=bbox_height bbox=0.051/0.17 bbox_ok=False depth_raw=n/a/0.17 depth_ok=False error_x=0.044
[can] backend=detectnet_native detections=1 best_confidence=0.228
[depth] map_can_0_depth mean=3.877 min=3.676 max=4.162
[map] can added id=11 position={'x_m': -0.39668151205401786, 'y_m': -0.08291421632755896}
[tag] backend=pupil_apriltags id=0 center=(174.9,123.3) error_x=0.047 yaw_deg=-26.17 height=12.0px height_norm=0.050 margin=23.14 distance=1.0452570947095947
[approach] target=bin mode=bbox_height bbox=0.050/0.17 bbox_ok=False depth_raw=n/a/0.17 depth_ok=False error_x=0.047
[can] backend=detectnet_native detections=1 best_confidence=0.324
[depth] map_can_0_depth mean=3.791 min=3.634 max=4.034
[map] can merged id=10 position={'x_m': -0.39777984341221384, 'y_m': -0.07145152921223953} observations=4
[tag] backend=pupil_apriltags id=0 center=(175.0,123.4) error_x=0.047 yaw_deg=-26.03 height=11.9px height_norm=0.050 margin=24.10 distance=1.0369568250014816
[approach] target=bin mode=bbox_height bbox=0.050/0.17 bbox_ok=False depth_raw=n/a/0.17 depth_ok=False error_x=0.047
[can] backend=detectnet_native detections=1 best_confidence=0.339
[depth] map_can_0_depth mean=3.735 min=3.570 max=3.922
[map] can merged id=10 position={'x_m': -0.3979985073395641, 'y_m': -0.07090680994673271} observations=5
[tag] backend=pupil_apriltags id=0 center=(175.5,124.0) error_x=0.048 yaw_deg=-31.68 height=12.6px height_norm=0.052 margin=23.52 distance=0.9858680905939965
[approach] target=bin mode=bbox_height bbox=0.052/0.17 bbox_ok=False depth_raw=n/a/0.17 depth_ok=False error_x=0.048
[can] backend=detectnet_native detections=1 best_confidence=0.428
[depth] map_can_0_depth mean=3.559 min=3.423 max=3.715
[map] can merged id=9 position={'x_m': -0.40340284891901645, 'y_m': -0.054552991434961874} observations=3
[tag] backend=pupil_apriltags id=0 center=(176.4,123.9) error_x=0.051 yaw_deg=-22.6 height=12.5px height_norm=0.052 margin=19.44 distance=1.0102394912701025
[approach] target=bin mode=bbox_height bbox=0.052/0.17 bbox_ok=False depth_raw=n/a/0.17 depth_ok=False error_x=0.051
[can] backend=detectnet_native detections=1 best_confidence=0.284
[depth] map_can_0_depth mean=3.673 min=3.487 max=3.849
[map] can merged id=10 position={'x_m': -0.39847097413278765, 'y_m': -0.06956495416760314} observations=6
[tag] no detections
[map] motion direction=forward speed=0.6 effective_seconds=0.6387872695922852 pose={'x_m': -0.48615759432365274, 'y_m': 0.22583415201014845, 'heading_rad': 2.8323807920417607}
[base] continuous stop label=approach_bin_forward elapsed=0.639s
[base] stop
[can] backend=detectnet_native detections=1 best_confidence=0.342
[depth] map_can_0_depth mean=3.603 min=3.417 max=3.754
[map] can added id=12 position={'x_m': -0.3863874304007197, 'y_m': -0.12037396119310084}
[tag] backend=pupil_apriltags id=0 center=(179.4,124.5) error_x=0.061 yaw_deg=-29.24 height=13.5px height_norm=0.056 margin=22.92 distance=0.9251412435183058
[approach] target=bin mode=bbox_height bbox=0.056/0.17 bbox_ok=False depth_raw=n/a/0.17 depth_ok=False error_x=0.061
[base] continuous start label=approach_bin_forward direction=forward requested_speed=0.6 effective_speed=0.6
[can] backend=detectnet_native detections=1 best_confidence=0.421
[depth] map_can_0_depth mean=3.614 min=3.436 max=3.776
[map] can merged id=12 position={'x_m': -0.3855311393853158, 'y_m': -0.12067631488357258} observations=2
[tag] no detections
[map] motion direction=forward speed=0.6 effective_seconds=0.10365653038024902 pose={'x_m': -0.48288495532215325, 'y_m': 0.21558982669811508, 'heading_rad': 2.8323807920417607}
[base] continuous stop label=approach_bin_forward elapsed=0.104s
[base] stop
[can] backend=detectnet_native detections=1 best_confidence=0.376
[depth] map_can_0_depth mean=3.508 min=3.304 max=3.654
[map] can merged id=12 position={'x_m': -0.38513894670342297, 'y_m': -0.120828696883531} observations=3
[tag] backend=pupil_apriltags id=0 center=(180.7,124.7) error_x=0.065 yaw_deg=-27.16 height=13.5px height_norm=0.056 margin=23.96 distance=0.915928647395228
[approach] target=bin mode=bbox_height bbox=0.056/0.17 bbox_ok=False depth_raw=n/a/0.17 depth_ok=False error_x=0.065
[base] continuous start label=approach_bin_forward direction=forward requested_speed=0.6 effective_speed=0.6
[can] backend=detectnet_native detections=1 best_confidence=0.266
[depth] map_can_0_depth mean=3.533 min=3.347 max=3.687
[map] can merged id=12 position={'x_m': -0.3858541259595659, 'y_m': -0.12181120749420854} observations=4
[tag] no detections
[map] motion direction=forward speed=0.6 effective_seconds=0.10289311408996582 pose={'x_m': -0.4796364188631255, 'y_m': 0.2054209494528603, 'heading_rad': 2.8323807920417607}
[base] continuous stop label=approach_bin_forward elapsed=0.103s
[base] stop
[can] backend=detectnet_native detections=1 best_confidence=0.337
[depth] map_can_0_depth mean=3.426 min=3.247 max=3.549
[map] can merged id=12 position={'x_m': -0.38605603196521826, 'y_m': -0.12233183217647678} observations=5
[tag] backend=pupil_apriltags id=0 center=(181.1,124.7) error_x=0.066 yaw_deg=-30.01 height=13.8px height_norm=0.057 margin=19.60 distance=0.9065915009672989
[approach] target=bin mode=bbox_height bbox=0.057/0.17 bbox_ok=False depth_raw=n/a/0.17 depth_ok=False error_x=0.066
[base] continuous start label=approach_bin_forward direction=forward requested_speed=0.6 effective_speed=0.6
[can] backend=detectnet_native detections=1 best_confidence=0.285
[depth] map_can_0_depth mean=3.537 min=3.378 max=3.661
[map] can added id=13 position={'x_m': -0.3841181229736237, 'y_m': -0.13517756680923684}
[tag] no detections
[map] motion direction=forward speed=0.6 effective_seconds=0.10262537002563477 pose={'x_m': -0.47639633560684475, 'y_m': 0.1952785332254045, 'heading_rad': 2.8323807920417607}
[base] continuous stop label=approach_bin_forward elapsed=0.103s
[base] stop
[can] backend=detectnet_native detections=1 best_confidence=0.277
[depth] map_can_0_depth mean=3.477 min=3.236 max=3.706
[map] can merged id=13 position={'x_m': -0.38288709358404327, 'y_m': -0.13721565566711613} observations=2
[tag] backend=pupil_apriltags id=0 center=(182.8,125.8) error_x=0.071 yaw_deg=-26.56 height=13.9px height_norm=0.058 margin=24.15 distance=0.8910989672658041
[approach] target=bin mode=bbox_height bbox=0.058/0.17 bbox_ok=False depth_raw=n/a/0.17 depth_ok=False error_x=0.071
[base] continuous start label=approach_bin_forward direction=forward requested_speed=0.6 effective_speed=0.6
[can] backend=detectnet_native detections=1 best_confidence=0.342
[depth] map_can_0_depth mean=3.489 min=3.328 max=3.659
[map] can merged id=13 position={'x_m': -0.3828945168899455, 'y_m': -0.13843869873400902} observations=3
[tag] no detections
[map] motion direction=forward speed=0.6 effective_seconds=0.10384464263916016 pose={'x_m': -0.4731177575341366, 'y_m': 0.18501561686880888, 'heading_rad': 2.8323807920417607}
[base] continuous stop label=approach_bin_forward elapsed=0.104s
[base] stop
[can] backend=detectnet_native detections=1 best_confidence=0.305
[depth] map_can_0_depth mean=3.482 min=3.302 max=3.647
[map] can added id=14 position={'x_m': -0.38046691323771875, 'y_m': -0.15063305643587346}
[tag] backend=pupil_apriltags id=0 center=(184.2,126.9) error_x=0.076 yaw_deg=-26.2 height=14.6px height_norm=0.061 margin=25.63 distance=0.8687206212177339
[approach] target=bin mode=bbox_height bbox=0.061/0.17 bbox_ok=False depth_raw=n/a/0.17 depth_ok=False error_x=0.076
[base] continuous start label=approach_bin_forward direction=forward requested_speed=0.6 effective_speed=0.6
[can] backend=detectnet_native detections=1 best_confidence=0.239
[depth] map_can_0_depth mean=3.526 min=3.269 max=3.683
[map] can merged id=14 position={'x_m': -0.3788403822930232, 'y_m': -0.15246011071333437} observations=2
[tag] backend=pupil_apriltags id=0 center=(184.7,126.3) error_x=0.077 yaw_deg=-28.27 height=14.8px height_norm=0.061 margin=26.50 distance=0.8499996619937437
[approach] target=bin mode=bbox_height bbox=0.061/0.17 bbox_ok=False depth_raw=n/a/0.17 depth_ok=False error_x=0.077
[can] backend=detectnet_native detections=1 best_confidence=0.234
[depth] map_can_0_depth mean=3.502 min=3.307 max=3.621
[map] can merged id=14 position={'x_m': -0.3800409803320675, 'y_m': -0.1527184139298069} observations=3
[tag] backend=pupil_apriltags id=0 center=(184.6,126.4) error_x=0.077 yaw_deg=-28.12 height=14.9px height_norm=0.062 margin=28.14 distance=0.849287180842959
[approach] target=bin mode=bbox_height bbox=0.062/0.17 bbox_ok=False depth_raw=n/a/0.17 depth_ok=False error_x=0.077
[can] backend=detectnet_native no detections
[tag] backend=pupil_apriltags id=0 center=(186.0,127.0) error_x=0.081 yaw_deg=-28.73 height=14.3px height_norm=0.059 margin=29.72 distance=0.8639616055945059
[approach] target=bin mode=bbox_height bbox=0.059/0.17 bbox_ok=False depth_raw=n/a/0.17 depth_ok=False error_x=0.081
[can] backend=detectnet_native no detections
[tag] backend=pupil_apriltags id=0 center=(186.2,126.5) error_x=0.082 yaw_deg=-29.35 height=15.2px height_norm=0.063 margin=22.52 distance=0.8241464592175316
[approach] target=bin mode=bbox_height bbox=0.063/0.17 bbox_ok=False depth_raw=n/a/0.17 depth_ok=False error_x=0.082
[can] backend=detectnet_native no detections
[tag] backend=pupil_apriltags id=0 center=(186.9,127.3) error_x=0.084 yaw_deg=-27.64 height=14.8px height_norm=0.062 margin=25.80 distance=0.8419591408928125
[approach] target=bin mode=bbox_height bbox=0.062/0.17 bbox_ok=False depth_raw=n/a/0.17 depth_ok=False error_x=0.084
[can] backend=detectnet_native no detections
[tag] backend=pupil_apriltags id=0 center=(188.4,127.4) error_x=0.089 yaw_deg=-27.8 height=15.3px height_norm=0.064 margin=29.33 distance=0.8102712454644604
[approach] target=bin mode=bbox_height bbox=0.064/0.17 bbox_ok=False depth_raw=n/a/0.17 depth_ok=False error_x=0.089
[can] backend=detectnet_native no detections
[tag] backend=pupil_apriltags id=0 center=(189.2,128.2) error_x=0.091 yaw_deg=-31.51 height=16.1px height_norm=0.067 margin=30.69 distance=0.7751909000518107
[approach] target=bin mode=bbox_height bbox=0.067/0.17 bbox_ok=False depth_raw=n/a/0.17 depth_ok=False error_x=0.091
[can] backend=detectnet_native detections=1 best_confidence=0.277
[depth] map_can_0_depth mean=3.455 min=3.342 max=3.559
[map] can added id=15 position={'x_m': -0.39004101162100346, 'y_m': -0.15029881166856865}
[tag] backend=pupil_apriltags id=0 center=(190.5,128.6) error_x=0.095 yaw_deg=-28.84 height=15.7px height_norm=0.065 margin=28.32 distance=0.7951675231256471
[approach] target=bin mode=bbox_height bbox=0.065/0.17 bbox_ok=False depth_raw=n/a/0.17 depth_ok=False error_x=0.095
[can] backend=detectnet_native no detections
[tag] backend=pupil_apriltags id=0 center=(191.6,129.6) error_x=0.099 yaw_deg=-28.05 height=16.4px height_norm=0.068 margin=31.65 distance=0.7767407060642885
[approach] target=bin mode=bbox_height bbox=0.068/0.17 bbox_ok=False depth_raw=n/a/0.17 depth_ok=False error_x=0.099
[can] backend=detectnet_native detections=1 best_confidence=0.257
[depth] map_can_0_depth mean=3.306 min=3.008 max=3.442
[map] can added id=16 position={'x_m': -0.39381317386714465, 'y_m': -0.13595232003631388}
[tag] backend=pupil_apriltags id=0 center=(192.9,130.0) error_x=0.103 yaw_deg=-29.07 height=16.2px height_norm=0.068 margin=31.12 distance=0.7540789210183849
[approach] target=bin mode=bbox_height bbox=0.068/0.17 bbox_ok=False depth_raw=n/a/0.17 depth_ok=False error_x=0.103
[map] motion direction=forward speed=0.6 effective_seconds=0.7660877704620361 pose={'x_m': -0.4489308712184477, 'y_m': 0.10930352898207366, 'heading_rad': 2.8323807920417607}
[base] continuous stop label=approach_bin_forward elapsed=0.766s
[base] stop
[base] continuous start label=approach_bin_steer direction=right requested_speed=0.15 effective_speed=0.15
[visual-turn] label=approach_bin_steer direction=right speed=0.15
[can] backend=detectnet_native no detections
[tag] backend=pupil_apriltags id=0 center=(194.4,130.5) error_x=0.107 yaw_deg=-30.18 height=17.4px height_norm=0.072 margin=29.50 distance=0.7155225303659026
[approach] target=bin mode=bbox_height bbox=0.072/0.17 bbox_ok=False depth_raw=n/a/0.17 depth_ok=False error_x=0.107
[can] backend=detectnet_native no detections
[tag] backend=pupil_apriltags id=0 center=(195.9,130.6) error_x=0.112 yaw_deg=-28.88 height=17.3px height_norm=0.072 margin=28.42 distance=0.724935035161852
[approach] target=bin mode=bbox_height bbox=0.072/0.17 bbox_ok=False depth_raw=n/a/0.17 depth_ok=False error_x=0.112
[can] backend=detectnet_native no detections
[tag] backend=pupil_apriltags id=0 center=(196.5,130.9) error_x=0.114 yaw_deg=-27.78 height=17.3px height_norm=0.072 margin=33.36 distance=0.7228739380512981
[approach] target=bin mode=bbox_height bbox=0.072/0.17 bbox_ok=False depth_raw=n/a/0.17 depth_ok=False error_x=0.114
[can] backend=detectnet_native no detections
[tag] backend=pupil_apriltags id=0 center=(196.4,131.2) error_x=0.114 yaw_deg=-28.29 height=17.5px height_norm=0.073 margin=33.64 distance=0.7236545977329865
[approach] target=bin mode=bbox_height bbox=0.073/0.17 bbox_ok=False depth_raw=n/a/0.17 depth_ok=False error_x=0.114
[can] backend=detectnet_native no detections
[tag] backend=pupil_apriltags id=0 center=(196.0,131.1) error_x=0.112 yaw_deg=-28.32 height=17.3px height_norm=0.072 margin=32.62 distance=0.7328978915036388
[approach] target=bin mode=bbox_height bbox=0.072/0.17 bbox_ok=False depth_raw=n/a/0.17 depth_ok=False error_x=0.112
[can] backend=detectnet_native no detections
[tag] backend=pupil_apriltags id=0 center=(193.1,130.6) error_x=0.104 yaw_deg=-31.33 height=17.3px height_norm=0.072 margin=18.66 distance=0.7146453114985688
[approach] target=bin mode=bbox_height bbox=0.072/0.17 bbox_ok=False depth_raw=n/a/0.17 depth_ok=False error_x=0.104
[can] backend=detectnet_native no detections
[tag] backend=pupil_apriltags id=0 center=(190.6,130.5) error_x=0.096 yaw_deg=-31.93 height=17.3px height_norm=0.072 margin=26.74 distance=0.7128550174354181
[approach] target=bin mode=bbox_height bbox=0.072/0.17 bbox_ok=False depth_raw=n/a/0.17 depth_ok=False error_x=0.096
[map] motion direction=right speed=0.15 effective_seconds=0.47718262672424316 pose={'x_m': -0.4489308712184477, 'y_m': 0.10930352898207366, 'heading_rad': 2.915664871738297}
[base] continuous stop label=approach_bin_steer elapsed=0.477s
[base] stop
[base] continuous start label=approach_bin_forward direction=forward requested_speed=0.6 effective_speed=0.6
[can] backend=detectnet_native no detections
[tag] backend=pupil_apriltags id=0 center=(186.7,130.5) error_x=0.084 yaw_deg=-31.72 height=17.4px height_norm=0.073 margin=26.75 distance=0.7107627973345069
[approach] target=bin mode=bbox_height bbox=0.073/0.17 bbox_ok=False depth_raw=n/a/0.17 depth_ok=False error_x=0.084
[can] backend=detectnet_native detections=1 best_confidence=0.203
[depth] map_can_0_depth mean=3.373 min=3.179 max=3.493
[map] can added id=17 position={'x_m': -0.3814685294204472, 'y_m': -0.22114897056061925}
[tag] backend=pupil_apriltags id=0 center=(184.1,131.0) error_x=0.075 yaw_deg=-31.14 height=17.4px height_norm=0.073 margin=27.25 distance=0.7174452836567861
[approach] target=bin mode=bbox_height bbox=0.073/0.17 bbox_ok=False depth_raw=n/a/0.17 depth_ok=False error_x=0.075
[can] backend=detectnet_native no detections
[tag] backend=pupil_apriltags id=0 center=(183.2,131.8) error_x=0.072 yaw_deg=-30.08 height=18.0px height_norm=0.075 margin=33.79 distance=0.7041648686873158
[approach] target=bin mode=bbox_height bbox=0.075/0.17 bbox_ok=False depth_raw=n/a/0.17 depth_ok=False error_x=0.072
[can] backend=detectnet_native no detections
[tag] backend=pupil_apriltags id=0 center=(182.5,131.7) error_x=0.070 yaw_deg=-30.85 height=17.8px height_norm=0.074 margin=33.04 distance=0.6996234379508286
[approach] target=bin mode=bbox_height bbox=0.074/0.17 bbox_ok=False depth_raw=n/a/0.17 depth_ok=False error_x=0.070
[can] backend=detectnet_native no detections
[tag] backend=pupil_apriltags id=0 center=(183.2,132.1) error_x=0.073 yaw_deg=-31.12 height=18.5px height_norm=0.077 margin=33.55 distance=0.6775140255136121
[approach] target=bin mode=bbox_height bbox=0.077/0.17 bbox_ok=False depth_raw=n/a/0.17 depth_ok=False error_x=0.073
[can] backend=detectnet_native no detections
[tag] backend=pupil_apriltags id=0 center=(183.9,133.0) error_x=0.075 yaw_deg=-29.2 height=18.3px height_norm=0.076 margin=34.59 distance=0.680961394850097
[approach] target=bin mode=bbox_height bbox=0.076/0.17 bbox_ok=False depth_raw=n/a/0.17 depth_ok=False error_x=0.075
[can] backend=detectnet_native no detections
[tag] backend=pupil_apriltags id=0 center=(184.3,132.5) error_x=0.076 yaw_deg=-31.26 height=19.2px height_norm=0.080 margin=31.22 distance=0.6607406546610417
[approach] target=bin mode=bbox_height bbox=0.080/0.17 bbox_ok=False depth_raw=n/a/0.17 depth_ok=False error_x=0.076
[can] backend=detectnet_native no detections
[tag] backend=pupil_apriltags id=0 center=(185.1,133.5) error_x=0.078 yaw_deg=-30.92 height=19.3px height_norm=0.081 margin=33.02 distance=0.6569286400150823
[approach] target=bin mode=bbox_height bbox=0.081/0.17 bbox_ok=False depth_raw=n/a/0.17 depth_ok=False error_x=0.078
[can] backend=detectnet_native no detections
[tag] backend=pupil_apriltags id=0 center=(186.5,133.8) error_x=0.083 yaw_deg=-31.24 height=19.8px height_norm=0.083 margin=34.22 distance=0.6258499232060605
[approach] target=bin mode=bbox_height bbox=0.083/0.17 bbox_ok=False depth_raw=n/a/0.17 depth_ok=False error_x=0.083
[can] backend=detectnet_native no detections
[tag] backend=pupil_apriltags id=0 center=(187.9,135.1) error_x=0.087 yaw_deg=-32.14 height=20.5px height_norm=0.085 margin=33.27 distance=0.6194791868482847
[approach] target=bin mode=bbox_height bbox=0.085/0.17 bbox_ok=False depth_raw=n/a/0.17 depth_ok=False error_x=0.087
[can] backend=detectnet_native no detections
[tag] backend=pupil_apriltags id=0 center=(188.7,135.1) error_x=0.090 yaw_deg=-32.53 height=20.5px height_norm=0.085 margin=31.99 distance=0.6152822084219993
[approach] target=bin mode=bbox_height bbox=0.085/0.17 bbox_ok=False depth_raw=n/a/0.17 depth_ok=False error_x=0.090
[can] backend=detectnet_native no detections
[tag] backend=pupil_apriltags id=0 center=(189.6,135.5) error_x=0.093 yaw_deg=-34.46 height=21.4px height_norm=0.089 margin=31.14 distance=0.5878878923082155
[approach] target=bin mode=bbox_height bbox=0.089/0.17 bbox_ok=False depth_raw=n/a/0.17 depth_ok=False error_x=0.093
[can] backend=detectnet_native no detections
[tag] backend=pupil_apriltags id=0 center=(191.0,136.3) error_x=0.097 yaw_deg=-31.94 height=21.3px height_norm=0.089 margin=35.01 distance=0.5878122830475352
[approach] target=bin mode=bbox_height bbox=0.089/0.17 bbox_ok=False depth_raw=n/a/0.17 depth_ok=False error_x=0.097
[can] backend=detectnet_native no detections
[tag] backend=pupil_apriltags id=0 center=(192.1,137.0) error_x=0.100 yaw_deg=-33.03 height=22.5px height_norm=0.094 margin=34.71 distance=0.572994441574913
[approach] target=bin mode=bbox_height bbox=0.094/0.17 bbox_ok=False depth_raw=n/a/0.17 depth_ok=False error_x=0.100
[map] motion direction=forward speed=0.6 effective_seconds=0.9608821868896484 pose={'x_m': -0.42659890625806957, 'y_m': 0.012145493418213263, 'heading_rad': 2.915664871738297}
[base] continuous stop label=approach_bin_forward elapsed=0.961s
[base] stop
[base] continuous start label=approach_bin_steer direction=right requested_speed=0.15 effective_speed=0.15
[visual-turn] label=approach_bin_steer direction=right speed=0.15
[can] backend=detectnet_native no detections
[tag] backend=pupil_apriltags id=0 center=(194.4,138.5) error_x=0.108 yaw_deg=-33.76 height=23.3px height_norm=0.097 margin=30.80 distance=0.5460669501804574
[approach] target=bin mode=bbox_height bbox=0.097/0.17 bbox_ok=False depth_raw=n/a/0.17 depth_ok=False error_x=0.108
[can] backend=detectnet_native no detections
[tag] backend=pupil_apriltags id=0 center=(195.7,138.7) error_x=0.112 yaw_deg=-32.39 height=23.6px height_norm=0.098 margin=35.66 distance=0.5446794028091688
[approach] target=bin mode=bbox_height bbox=0.098/0.17 bbox_ok=False depth_raw=n/a/0.17 depth_ok=False error_x=0.112
[can] backend=detectnet_native no detections
[tag] backend=pupil_apriltags id=0 center=(195.6,138.6) error_x=0.111 yaw_deg=-32.4 height=23.7px height_norm=0.099 margin=35.53 distance=0.5421121022528387
[approach] target=bin mode=bbox_height bbox=0.099/0.17 bbox_ok=False depth_raw=n/a/0.17 depth_ok=False error_x=0.111
[can] backend=detectnet_native no detections
[tag] backend=pupil_apriltags id=0 center=(195.1,138.7) error_x=0.110 yaw_deg=-33.32 height=23.8px height_norm=0.099 margin=35.38 distance=0.536626233328199
[approach] target=bin mode=bbox_height bbox=0.099/0.17 bbox_ok=False depth_raw=n/a/0.17 depth_ok=False error_x=0.110
[can] backend=detectnet_native no detections
[tag] backend=pupil_apriltags id=0 center=(193.3,138.7) error_x=0.104 yaw_deg=-33.24 height=23.7px height_norm=0.099 margin=33.74 distance=0.5407379726752406
[approach] target=bin mode=bbox_height bbox=0.099/0.17 bbox_ok=False depth_raw=n/a/0.17 depth_ok=False error_x=0.104
[can] backend=detectnet_native no detections
[tag] backend=pupil_apriltags id=0 center=(191.0,138.8) error_x=0.097 yaw_deg=-34.45 height=23.8px height_norm=0.099 margin=33.96 distance=0.5344047470553218
[approach] target=bin mode=bbox_height bbox=0.099/0.17 bbox_ok=False depth_raw=n/a/0.17 depth_ok=False error_x=0.097
[map] motion direction=right speed=0.15 effective_seconds=0.4050760269165039 pose={'x_m': -0.42659890625806957, 'y_m': 0.012145493418213263, 'heading_rad': 2.9863639756442035}
[base] continuous stop label=approach_bin_steer elapsed=0.405s
[base] stop
[base] continuous start label=approach_bin_forward direction=forward requested_speed=0.6 effective_speed=0.6
[can] backend=detectnet_native no detections
[tag] backend=pupil_apriltags id=0 center=(186.9,138.8) error_x=0.084 yaw_deg=-34.61 height=24.1px height_norm=0.100 margin=31.88 distance=0.5348080793310219
[approach] target=bin mode=bbox_height bbox=0.100/0.17 bbox_ok=False depth_raw=n/a/0.17 depth_ok=False error_x=0.084
[can] backend=detectnet_native no detections
[tag] backend=pupil_apriltags id=0 center=(184.5,139.1) error_x=0.077 yaw_deg=-34.24 height=24.3px height_norm=0.101 margin=34.46 distance=0.5346440331900846
[approach] target=bin mode=bbox_height bbox=0.101/0.17 bbox_ok=False depth_raw=n/a/0.17 depth_ok=False error_x=0.077
[can] backend=detectnet_native no detections
[tag] backend=pupil_apriltags id=0 center=(183.4,139.0) error_x=0.073 yaw_deg=-34.94 height=24.6px height_norm=0.103 margin=35.99 distance=0.5232129960027844
[approach] target=bin mode=bbox_height bbox=0.103/0.17 bbox_ok=False depth_raw=n/a/0.17 depth_ok=False error_x=0.073
[can] backend=detectnet_native no detections
[tag] backend=pupil_apriltags id=0 center=(183.1,140.1) error_x=0.072 yaw_deg=-34.43 height=24.8px height_norm=0.103 margin=34.67 distance=0.5163105371949664
[approach] target=bin mode=bbox_height bbox=0.103/0.17 bbox_ok=False depth_raw=n/a/0.17 depth_ok=False error_x=0.072
[can] backend=detectnet_native no detections
[tag] backend=pupil_apriltags id=0 center=(184.1,141.5) error_x=0.075 yaw_deg=-35.0 height=25.4px height_norm=0.106 margin=35.85 distance=0.5041706208017334
[approach] target=bin mode=bbox_height bbox=0.106/0.17 bbox_ok=False depth_raw=n/a/0.17 depth_ok=False error_x=0.075
[can] backend=detectnet_native no detections
[tag] backend=pupil_apriltags id=0 center=(185.1,142.0) error_x=0.078 yaw_deg=-34.7 height=26.7px height_norm=0.111 margin=35.20 distance=0.4921337932989619
[approach] target=bin mode=bbox_height bbox=0.111/0.17 bbox_ok=False depth_raw=n/a/0.17 depth_ok=False error_x=0.078
[can] backend=detectnet_native no detections
[tag] backend=pupil_apriltags id=0 center=(185.3,143.1) error_x=0.079 yaw_deg=-34.12 height=26.9px height_norm=0.112 margin=35.07 distance=0.48601712103655886
[approach] target=bin mode=bbox_height bbox=0.112/0.17 bbox_ok=False depth_raw=n/a/0.17 depth_ok=False error_x=0.079
[can] backend=detectnet_native no detections
[tag] backend=pupil_apriltags id=0 center=(185.5,144.5) error_x=0.080 yaw_deg=-34.53 height=27.4px height_norm=0.114 margin=34.93 distance=0.47477553921401533
[approach] target=bin mode=bbox_height bbox=0.114/0.17 bbox_ok=False depth_raw=n/a/0.17 depth_ok=False error_x=0.080
[can] backend=detectnet_native no detections
[tag] backend=pupil_apriltags id=0 center=(186.3,145.5) error_x=0.082 yaw_deg=-34.76 height=28.6px height_norm=0.119 margin=35.85 distance=0.4576153844740661
[approach] target=bin mode=bbox_height bbox=0.119/0.17 bbox_ok=False depth_raw=n/a/0.17 depth_ok=False error_x=0.082
[can] backend=detectnet_native no detections
[tag] backend=pupil_apriltags id=0 center=(187.3,146.7) error_x=0.085 yaw_deg=-35.95 height=30.1px height_norm=0.125 margin=36.07 distance=0.43715356956739293
[approach] target=bin mode=bbox_height bbox=0.125/0.17 bbox_ok=False depth_raw=n/a/0.17 depth_ok=False error_x=0.085
[can] backend=detectnet_native no detections
[tag] backend=pupil_apriltags id=0 center=(188.8,148.2) error_x=0.090 yaw_deg=-35.17 height=30.4px height_norm=0.127 margin=36.37 distance=0.4319926428928598
[approach] target=bin mode=bbox_height bbox=0.127/0.17 bbox_ok=False depth_raw=n/a/0.17 depth_ok=False error_x=0.090
[can] backend=detectnet_native no detections
[tag] backend=pupil_apriltags id=0 center=(190.1,149.5) error_x=0.094 yaw_deg=-36.54 height=31.8px height_norm=0.132 margin=35.41 distance=0.41534207255629024
[approach] target=bin mode=bbox_height bbox=0.132/0.17 bbox_ok=False depth_raw=n/a/0.17 depth_ok=False error_x=0.094
[can] backend=detectnet_native no detections
[tag] backend=pupil_apriltags id=0 center=(191.6,151.0) error_x=0.099 yaw_deg=-36.07 height=32.6px height_norm=0.136 margin=35.59 distance=0.40733556696187057
[approach] target=bin mode=bbox_height bbox=0.136/0.17 bbox_ok=False depth_raw=n/a/0.17 depth_ok=False error_x=0.099
[can] backend=detectnet_native no detections
[tag] backend=pupil_apriltags id=0 center=(192.5,152.5) error_x=0.102 yaw_deg=-36.62 height=33.9px height_norm=0.141 margin=35.27 distance=0.39509572761450473
[approach] target=bin mode=bbox_height bbox=0.141/0.17 bbox_ok=False depth_raw=n/a/0.17 depth_ok=False error_x=0.102
[map] motion direction=forward speed=0.6 effective_seconds=0.9270570278167725 pose={'x_m': -0.41172856315419937, 'y_m': -0.08288019823813067, 'heading_rad': 2.9863639756442035}
[base] continuous stop label=approach_bin_forward elapsed=0.927s
[base] stop
[base] continuous start label=approach_bin_steer direction=right requested_speed=0.15 effective_speed=0.15
[visual-turn] label=approach_bin_steer direction=right speed=0.15
[can] backend=detectnet_native no detections
[tag] backend=pupil_apriltags id=0 center=(195.5,155.0) error_x=0.111 yaw_deg=-37.27 height=35.0px height_norm=0.146 margin=35.10 distance=0.3801474839758549
[approach] target=bin mode=bbox_height bbox=0.146/0.17 bbox_ok=False depth_raw=n/a/0.17 depth_ok=False error_x=0.111
[can] backend=detectnet_native no detections
[tag] backend=pupil_apriltags id=0 center=(196.7,155.6) error_x=0.115 yaw_deg=-37.04 height=36.0px height_norm=0.150 margin=35.84 distance=0.3708725045812238
[approach] target=bin mode=bbox_height bbox=0.150/0.17 bbox_ok=False depth_raw=n/a/0.17 depth_ok=False error_x=0.115
[can] backend=detectnet_native no detections
[tag] backend=pupil_apriltags id=0 center=(196.5,156.1) error_x=0.114 yaw_deg=-37.38 height=36.6px height_norm=0.152 margin=35.87 distance=0.3668341347770017
[approach] target=bin mode=bbox_height bbox=0.152/0.17 bbox_ok=False depth_raw=n/a/0.17 depth_ok=False error_x=0.114
[can] backend=detectnet_native no detections
[tag] backend=pupil_apriltags id=0 center=(195.6,156.2) error_x=0.111 yaw_deg=-37.83 height=36.9px height_norm=0.154 margin=36.11 distance=0.3640929904679208
[approach] target=bin mode=bbox_height bbox=0.154/0.17 bbox_ok=False depth_raw=n/a/0.17 depth_ok=False error_x=0.111
[can] backend=detectnet_native no detections
[tag] backend=pupil_apriltags id=0 center=(193.4,156.1) error_x=0.104 yaw_deg=-37.87 height=36.8px height_norm=0.153 margin=35.64 distance=0.3647018551622269
[approach] target=bin mode=bbox_height bbox=0.153/0.17 bbox_ok=False depth_raw=n/a/0.17 depth_ok=False error_x=0.104
[can] backend=detectnet_native no detections
[tag] backend=pupil_apriltags id=0 center=(192.8,156.0) error_x=0.102 yaw_deg=-37.32 height=36.7px height_norm=0.153 margin=36.32 distance=0.3670309253682634
[approach] target=bin mode=bbox_height bbox=0.153/0.17 bbox_ok=False depth_raw=n/a/0.17 depth_ok=False error_x=0.102
[can] backend=detectnet_native no detections
[tag] backend=pupil_apriltags id=0 center=(190.8,156.1) error_x=0.096 yaw_deg=-37.87 height=36.8px height_norm=0.153 margin=35.59 distance=0.3659182261872561
[approach] target=bin mode=bbox_height bbox=0.153/0.17 bbox_ok=False depth_raw=n/a/0.17 depth_ok=False error_x=0.096
[map] motion direction=right speed=0.15 effective_seconds=0.4736521244049072 pose={'x_m': -0.41172856315419937, 'y_m': -0.08288019823813067, 'heading_rad': 3.069031866443523}
[base] continuous stop label=approach_bin_steer elapsed=0.474s
[base] stop
[base] continuous start label=approach_bin_forward direction=forward requested_speed=0.6 effective_speed=0.6
[can] backend=detectnet_native no detections
[tag] backend=pupil_apriltags id=0 center=(186.6,156.1) error_x=0.083 yaw_deg=-38.31 height=36.8px height_norm=0.153 margin=35.40 distance=0.3658201523602006
[approach] target=bin mode=bbox_height bbox=0.153/0.17 bbox_ok=False depth_raw=n/a/0.17 depth_ok=False error_x=0.083
[can] backend=detectnet_native no detections
[tag] backend=pupil_apriltags id=0 center=(184.1,156.3) error_x=0.075 yaw_deg=-38.3 height=37.1px height_norm=0.155 margin=35.96 distance=0.36483931022238963
[approach] target=bin mode=bbox_height bbox=0.155/0.17 bbox_ok=False depth_raw=n/a/0.17 depth_ok=False error_x=0.075
[can] backend=detectnet_native no detections
[tag] backend=pupil_apriltags id=0 center=(182.6,157.0) error_x=0.071 yaw_deg=-37.7 height=37.9px height_norm=0.158 margin=35.92 distance=0.35899616679545715
[approach] target=bin mode=bbox_height bbox=0.158/0.17 bbox_ok=False depth_raw=n/a/0.17 depth_ok=False error_x=0.071
[can] backend=detectnet_native no detections
[tag] backend=pupil_apriltags id=0 center=(182.6,158.9) error_x=0.071 yaw_deg=-37.74 height=39.2px height_norm=0.163 margin=36.14 distance=0.34973579029335855
[approach] target=bin mode=bbox_height bbox=0.163/0.17 bbox_ok=False depth_raw=n/a/0.17 depth_ok=False error_x=0.071
[can] backend=detectnet_native no detections
[tag] backend=pupil_apriltags id=0 center=(183.5,160.2) error_x=0.074 yaw_deg=-37.91 height=40.3px height_norm=0.168 margin=35.80 distance=0.3386839377001462
[approach] target=bin mode=bbox_height bbox=0.168/0.17 bbox_ok=False depth_raw=n/a/0.17 depth_ok=False error_x=0.074
[can] backend=detectnet_native no detections
[tag] backend=pupil_apriltags id=0 center=(184.4,162.6) error_x=0.076 yaw_deg=-38.98 height=42.4px height_norm=0.177 margin=35.66 distance=0.32481577733893735
[approach] target=bin mode=bbox_height bbox=0.177/0.17 bbox_ok=True depth_raw=n/a/0.17 depth_ok=False error_x=0.076
[map] motion direction=forward speed=0.6 effective_seconds=0.40620994567871094 pose={'x_m': -0.40867322363119246, 'y_m': -0.12491358252069165, 'heading_rad': 3.069031866443523}
[base] continuous stop label=approach_bin_forward elapsed=0.406s
[base] stop
[fsm] APPROACHING --TARGET_REACHED--> FINAL_VERIFY
[can] backend=detectnet_native no detections
[tag] backend=pupil_apriltags id=0 center=(186.8,165.7) error_x=0.084 yaw_deg=-39.19 height=44.9px height_norm=0.187 margin=35.94 distance=0.3081839733176691
[base] continuous start label=align_bin direction=right requested_speed=0.15 effective_speed=0.15
[visual-turn] label=align_bin direction=right speed=0.15
[can] backend=detectnet_native no detections
[tag] backend=pupil_apriltags id=0 center=(188.9,168.2) error_x=0.090 yaw_deg=-39.24 height=46.7px height_norm=0.195 margin=35.90 distance=0.2975868250264142
[can] backend=detectnet_native no detections
[tag] backend=pupil_apriltags id=0 center=(189.9,169.5) error_x=0.093 yaw_deg=-39.44 height=47.9px height_norm=0.199 margin=36.59 distance=0.29149625509876553
[can] backend=detectnet_native no detections
[tag] backend=pupil_apriltags id=0 center=(189.9,169.4) error_x=0.093 yaw_deg=-39.57 height=47.9px height_norm=0.199 margin=36.11 distance=0.291258357588694
[can] backend=detectnet_native no detections
[tag] backend=pupil_apriltags id=0 center=(189.6,169.0) error_x=0.093 yaw_deg=-39.42 height=47.4px height_norm=0.197 margin=36.20 distance=0.2936096836085777
[can] backend=detectnet_native no detections
[tag] backend=pupil_apriltags id=0 center=(187.7,169.1) error_x=0.087 yaw_deg=-39.82 height=47.3px height_norm=0.197 margin=35.86 distance=0.293644999062193
[can] backend=detectnet_native no detections
[tag] backend=pupil_apriltags id=0 center=(184.3,169.2) error_x=0.076 yaw_deg=-39.87 height=47.6px height_norm=0.198 margin=35.58 distance=0.2932783921608548
[map] motion direction=right speed=0.15 effective_seconds=0.4075963497161865 pose={'x_m': -0.40867322363119246, 'y_m': -0.12491358252069165, 'heading_rad': 3.1401708496601053}
[base] continuous stop label=align_bin elapsed=0.408s
[base] stop
[can] backend=detectnet_native no detections
[tag] backend=pupil_apriltags id=0 center=(179.6,169.1) error_x=0.061 yaw_deg=-39.82 height=47.5px height_norm=0.198 margin=35.79 distance=0.2942901541990491
[base] stop
[fsm] FINAL_VERIFY --SIDE_DOCK_REQUIRED--> BIN_SIDE_DOCKING
[base] stop
[exp2] phase=side_view_pose base_direction=left reference_base_angle_deg=90.00 servo1_fixed=70
[arm] pose side_view_grabbing
[arm] side_view_grabbing servo=5 angle=0 speed=85
[arm] side_view_grabbing servo=4 angle=-55 speed=85
[arm] side_view_grabbing servo=3 angle=45 speed=85
[arm] side_view_grabbing servo=2 angle=60 speed=85
[arm] side_view_grabbing servo=1 angle=70 speed=85
[arm-position] side_view_grabbing waiting for motion to settle servos=[1, 2, 3, 4, 5] stability_delta=3 min_wait=0.5 timeout=10.0 stable_samples=2
[arm-position] side_view_grabbing waiting positions={1: 509, 2: 802, 3: 717, 4: 273, 5: 510} movement={} read_errors=[]
[arm-position] side_view_grabbing waiting positions={1: 522, 2: 802, 3: 717, 4: 273, 5: 510} movement={1: 13, 2: 0, 3: 0, 4: 0, 5: 0} read_errors=[]
[arm-position] side_view_grabbing waiting positions={1: 534, 2: 802, 3: 718, 4: 273, 5: 510} movement={1: 12, 2: 0, 3: 1, 4: 0, 5: 0} read_errors=[]
[arm-position] side_view_grabbing waiting positions={1: 547, 2: 802, 3: 717, 4: 273, 5: 510} movement={1: 13, 2: 0, 3: 1, 4: 0, 5: 0} read_errors=[]
[arm-position] side_view_grabbing waiting positions={1: 560, 2: 802, 3: 717, 4: 274, 5: 510} movement={1: 13, 2: 0, 3: 0, 4: 1, 5: 0} read_errors=[]
[arm-position] side_view_grabbing waiting positions={1: 573, 2: 802, 3: 717, 4: 273, 5: 510} movement={1: 13, 2: 0, 3: 0, 4: 1, 5: 0} read_errors=[]
[arm-position] side_view_grabbing waiting positions={1: 588, 2: 802, 3: 717, 4: 273, 5: 510} movement={1: 15, 2: 0, 3: 0, 4: 0, 5: 0} read_errors=[]
[arm-position] side_view_grabbing waiting positions={1: 601, 2: 802, 3: 717, 4: 273, 5: 510} movement={1: 13, 2: 0, 3: 0, 4: 0, 5: 0} read_errors=[]
[arm-position] side_view_grabbing waiting positions={1: 613, 2: 803, 3: 717, 4: 273, 5: 510} movement={1: 12, 2: 1, 3: 0, 4: 0, 5: 0} read_errors=[]
[arm-position] side_view_grabbing waiting positions={1: 626, 2: 802, 3: 717, 4: 273, 5: 510} movement={1: 13, 2: 1, 3: 0, 4: 0, 5: 0} read_errors=[]
[arm-position] side_view_grabbing waiting positions={1: 639, 2: 802, 3: 717, 4: 273, 5: 510} movement={1: 13, 2: 0, 3: 0, 4: 0, 5: 0} read_errors=[]
[arm-position] side_view_grabbing waiting positions={1: 653, 2: 802, 3: 717, 4: 273, 5: 510} movement={1: 14, 2: 0, 3: 0, 4: 0, 5: 0} read_errors=[]
[arm-position] side_view_grabbing waiting positions={1: 665, 2: 802, 3: 717, 4: 273, 5: 510} movement={1: 12, 2: 0, 3: 0, 4: 0, 5: 0} read_errors=[]
[arm-position] side_view_grabbing waiting positions={1: 679, 2: 802, 3: 717, 4: 273, 5: 510} movement={1: 14, 2: 0, 3: 0, 4: 0, 5: 0} read_errors=[]
[arm-position] side_view_grabbing waiting positions={1: 693, 2: 802, 3: 717, 4: 273, 5: 510} movement={1: 14, 2: 0, 3: 0, 4: 0, 5: 0} read_errors=[]
[arm-position] side_view_grabbing waiting positions={1: 704, 2: 803, 3: 717, 4: 273, 5: 510} movement={1: 11, 2: 1, 3: 0, 4: 0, 5: 0} read_errors=[]
[arm-position] side_view_grabbing waiting positions={1: 717, 2: 803, 3: 717, 4: 273, 5: 510} movement={1: 13, 2: 0, 3: 0, 4: 0, 5: 0} read_errors=[]
[arm-position] side_view_grabbing waiting positions={1: 731, 2: 802, 3: 717, 4: 273, 5: 510} movement={1: 14, 2: 1, 3: 0, 4: 0, 5: 0} read_errors=[]
[arm-position] side_view_grabbing waiting positions={1: 745, 2: 802, 3: 717, 4: 273, 5: 510} movement={1: 14, 2: 0, 3: 0, 4: 0, 5: 0} read_errors=[]
[arm-position] side_view_grabbing waiting positions={1: 756, 2: 802, 3: 717, 4: 273, 5: 510} movement={1: 11, 2: 0, 3: 0, 4: 0, 5: 0} read_errors=[]
[arm-position] side_view_grabbing waiting positions={1: 770, 2: 802, 3: 717, 4: 273, 5: 510} movement={1: 14, 2: 0, 3: 0, 4: 0, 5: 0} read_errors=[]
[arm-position] side_view_grabbing waiting positions={1: 783, 2: 802, 3: 717, 4: 273, 5: 510} movement={1: 13, 2: 0, 3: 0, 4: 0, 5: 0} read_errors=[]
[arm-position] side_view_grabbing waiting positions={1: 796, 2: 802, 3: 717, 4: 273, 5: 510} movement={1: 13, 2: 0, 3: 0, 4: 0, 5: 0} read_errors=[]
[arm-position] side_view_grabbing waiting positions={1: 809, 2: 802, 3: 717, 4: 273, 5: 510} movement={1: 13, 2: 0, 3: 0, 4: 0, 5: 0} read_errors=[]
[arm-position] side_view_grabbing waiting positions={1: 823, 2: 802, 3: 717, 4: 273, 5: 510} movement={1: 14, 2: 0, 3: 0, 4: 0, 5: 0} read_errors=[]
[arm-position] side_view_grabbing waiting positions={1: 835, 2: 802, 3: 717, 4: 273, 5: 510} movement={1: 12, 2: 0, 3: 0, 4: 0, 5: 0} read_errors=[]
[arm-position] side_view_grabbing settled positions={1: 837, 2: 802, 3: 717, 4: 273, 5: 510} movement={1: 0, 2: 0, 3: 0, 4: 0, 5: 0} elapsed=4.17s
[base] exp2_side_entry_turn direction=left requested_speed=0.15 effective_speed=0.15 seconds=10.4
[map] motion direction=left speed=0.15 effective_seconds=10.4 pose={'x_m': -0.40867322363119246, 'y_m': -0.12491358252069165, 'heading_rad': 1.5693745228651057}
[exp2] side entry direction=left angle_deg=90.00 speed=0.15 seconds=10.400
[exp2] phase=camera_settle seconds=0.40 discard_frames=3
[base] stop
[base] stop
[base] stop
[base] stop
[base] stop
[base] stop
[base] stop
[base] stop
[base] stop
[base] stop
[base] stop
[base] stop
[base] stop
[base] stop
[base] stop
[base] stop
[base] stop
[base] stop
[base] stop
[exp2] phase=geometry_alignment_ready
[tag] backend=pupil_apriltags id=0 center=(170.0,161.2) error_x=0.031 yaw_deg=-54.35 height=49.8px height_norm=0.207 margin=37.45 distance=0.29693566995347737
[exp2] phase=pulse_coarse_yaw center_error=0.031 raw_yaw_deg=-54.35 calibrated_yaw_deg=-54.35 target_yaw_deg=0.00 yaw_source=calibrated_pnp corner_error_deg=36.40 height_norm=0.207
[exp2] coarse yaw center guard error=0.031 limit=0.012
[base] stop
[base] exp2_center_align direction=backward requested_speed=0.2 effective_speed=0.2 seconds=0.3
[map] motion direction=backward speed=0.2 effective_seconds=0.3 pose={'x_m': -0.41842321377625286, 'y_m': -0.12492744510433651, 'heading_rad': 1.5693745228651057}
[exp2] pulse center correction direction=backward seconds=0.300; stage=coarse_yaw
[base] stop
[base] stop
[base] stop
[base] stop
[base] stop
[base] stop
[base] stop
[base] stop
[base] stop
[tag] backend=pupil_apriltags id=0 center=(161.6,161.0) error_x=0.005 yaw_deg=-51.88 height=49.4px height_norm=0.206 margin=36.67 distance=0.2994622921759542
[exp2] phase=pulse_coarse_yaw center_error=0.005 raw_yaw_deg=-51.88 calibrated_yaw_deg=-51.88 target_yaw_deg=0.00 yaw_source=calibrated_pnp corner_error_deg=33.47 height_norm=0.206
[base] stop
[base] exp2_yaw_align direction=left requested_speed=0.15 effective_speed=0.15 seconds=0.4
[map] motion direction=left speed=0.15 effective_seconds=0.4 pose={'x_m': -0.41842321377625286, 'y_m': -0.12492744510433651, 'heading_rad': 1.5089592795268363}
[exp2] pulse yaw correction direction=left seconds=0.400
[exp2] pulse stage=coarse_yaw axis=yaw
[base] stop
[base] stop
[base] stop
[base] stop
[base] stop
[base] stop
[base] stop
[base] stop
[base] stop
[tag] backend=pupil_apriltags id=0 center=(173.9,160.7) error_x=0.044 yaw_deg=-52.21 height=49.1px height_norm=0.205 margin=37.63 distance=0.29807685716724147
[exp2] phase=pulse_coarse_yaw center_error=0.044 raw_yaw_deg=-52.21 calibrated_yaw_deg=-52.21 target_yaw_deg=0.00 yaw_source=calibrated_pnp corner_error_deg=34.76 height_norm=0.205
[exp2] coarse yaw center guard error=0.044 limit=0.012
[base] stop
[base] exp2_center_align direction=backward requested_speed=0.2 effective_speed=0.2 seconds=0.3
[map] motion direction=backward speed=0.2 effective_seconds=0.3 pose={'x_m': -0.42815457859099953, 'y_m': -0.12552997215129008, 'heading_rad': 1.5089592795268363}
[exp2] pulse center correction direction=backward seconds=0.300; stage=coarse_yaw
[base] stop
[base] stop
[base] stop
[base] stop
[base] stop
[base] stop
[base] stop
[base] stop
[base] stop
[tag] backend=pupil_apriltags id=0 center=(165.5,160.9) error_x=0.017 yaw_deg=-49.77 height=48.7px height_norm=0.203 margin=37.46 distance=0.30024211698750997
[exp2] phase=pulse_coarse_yaw center_error=0.017 raw_yaw_deg=-49.77 calibrated_yaw_deg=-49.77 target_yaw_deg=0.00 yaw_source=calibrated_pnp corner_error_deg=30.98 height_norm=0.203
[exp2] coarse yaw center guard error=0.017 limit=0.012
[base] stop
[base] exp2_center_align direction=backward requested_speed=0.2 effective_speed=0.2 seconds=0.3
[map] motion direction=backward speed=0.2 effective_seconds=0.3 pose={'x_m': -0.4378859434057462, 'y_m': -0.12613249919824365, 'heading_rad': 1.5089592795268363}
[exp2] pulse center correction direction=backward seconds=0.300; stage=coarse_yaw
[base] stop
[base] stop
[base] stop
[base] stop
[base] stop
[base] stop
[base] stop
[base] stop
[base] stop
[tag] backend=pupil_apriltags id=0 center=(156.4,160.9) error_x=-0.011 yaw_deg=-48.15 height=48.7px height_norm=0.203 margin=37.01 distance=0.299569790765603
[exp2] phase=pulse_coarse_yaw center_error=-0.011 raw_yaw_deg=-48.15 calibrated_yaw_deg=-48.15 target_yaw_deg=0.00 yaw_source=calibrated_pnp corner_error_deg=29.21 height_norm=0.203
[base] stop
[base] exp2_yaw_align direction=left requested_speed=0.15 effective_speed=0.15 seconds=0.4
[map] motion direction=left speed=0.15 effective_seconds=0.4 pose={'x_m': -0.4378859434057462, 'y_m': -0.12613249919824365, 'heading_rad': 1.4485440361885669}
[exp2] pulse yaw correction direction=left seconds=0.400
[exp2] pulse stage=coarse_yaw axis=yaw
[base] stop
[base] stop
[base] stop
[base] stop
[base] stop
[base] stop
[base] stop
[base] stop
[base] stop
[tag] backend=pupil_apriltags id=0 center=(168.7,160.1) error_x=0.027 yaw_deg=-47.59 height=47.4px height_norm=0.197 margin=37.21 distance=0.30585326687316505
[exp2] phase=pulse_coarse_yaw center_error=0.027 raw_yaw_deg=-47.59 calibrated_yaw_deg=-47.59 target_yaw_deg=0.00 yaw_source=calibrated_pnp corner_error_deg=29.17 height_norm=0.197
[exp2] coarse yaw center guard error=0.027 limit=0.012
[base] stop
[base] exp2_center_align direction=backward requested_speed=0.2 effective_speed=0.2 seconds=0.3
[map] motion direction=backward speed=0.2 effective_seconds=0.3 pose={'x_m': -0.4475631741953039, 'y_m': -0.12732149215265362, 'heading_rad': 1.4485440361885669}
[exp2] pulse center correction direction=backward seconds=0.300; stage=coarse_yaw
[base] stop
[base] stop
[base] stop
[base] stop
[base] stop
[base] stop
[base] stop
[base] stop
[base] stop
[tag] backend=pupil_apriltags id=0 center=(160.4,160.3) error_x=0.001 yaw_deg=-45.46 height=47.7px height_norm=0.199 margin=36.93 distance=0.30318766667188524
[exp2] phase=pulse_coarse_yaw center_error=0.001 raw_yaw_deg=-45.46 calibrated_yaw_deg=-45.46 target_yaw_deg=0.00 yaw_source=calibrated_pnp corner_error_deg=27.59 height_norm=0.199
[base] stop
[base] exp2_yaw_align direction=left requested_speed=0.15 effective_speed=0.15 seconds=0.4
[map] motion direction=left speed=0.15 effective_seconds=0.4 pose={'x_m': -0.4475631741953039, 'y_m': -0.12732149215265362, 'heading_rad': 1.3881287928502974}
[exp2] pulse yaw correction direction=left seconds=0.400
[exp2] pulse stage=coarse_yaw axis=yaw
[base] stop
[base] stop
[base] stop
[base] stop
[base] stop
[base] stop
[base] stop
[base] stop
[base] stop
[tag] backend=pupil_apriltags id=0 center=(171.6,159.6) error_x=0.036 yaw_deg=-46.19 height=47.1px height_norm=0.196 margin=36.78 distance=0.30467671499344084
[exp2] phase=pulse_coarse_yaw center_error=0.036 raw_yaw_deg=-46.19 calibrated_yaw_deg=-46.19 target_yaw_deg=0.00 yaw_source=calibrated_pnp corner_error_deg=28.52 height_norm=0.196
[exp2] coarse yaw center guard error=0.036 limit=0.012
[base] stop
[base] exp2_center_align direction=backward requested_speed=0.2 effective_speed=0.2 seconds=0.3
[map] motion direction=backward speed=0.2 effective_seconds=0.3 pose={'x_m': -0.4571509597939846, 'y_m': -0.1290926125081716, 'heading_rad': 1.3881287928502974}
[exp2] pulse center correction direction=backward seconds=0.300; stage=coarse_yaw
[base] stop
[base] stop
[base] stop
[base] stop
[base] stop
[base] stop
[base] stop
[base] stop
[base] stop
[tag] backend=pupil_apriltags id=0 center=(163.2,159.4) error_x=0.010 yaw_deg=-43.34 height=46.6px height_norm=0.194 margin=36.36 distance=0.30767552615398946
[exp2] phase=pulse_coarse_yaw center_error=0.010 raw_yaw_deg=-43.34 calibrated_yaw_deg=-43.34 target_yaw_deg=0.00 yaw_source=calibrated_pnp corner_error_deg=25.88 height_norm=0.194
[base] stop
[base] exp2_yaw_align direction=left requested_speed=0.15 effective_speed=0.15 seconds=0.4
[map] motion direction=left speed=0.15 effective_seconds=0.4 pose={'x_m': -0.4571509597939846, 'y_m': -0.1290926125081716, 'heading_rad': 1.327713549512028}
[exp2] pulse yaw correction direction=left seconds=0.400
[exp2] pulse stage=coarse_yaw axis=yaw
[base] stop
[base] stop
[base] stop
[base] stop
[base] stop
[base] stop
[base] stop
[base] stop
[base] stop
[tag] backend=pupil_apriltags id=0 center=(176.4,158.6) error_x=0.051 yaw_deg=-43.56 height=45.9px height_norm=0.191 margin=37.06 distance=0.30861293738946904
[exp2] phase=pulse_coarse_yaw center_error=0.051 raw_yaw_deg=-43.56 calibrated_yaw_deg=-43.56 target_yaw_deg=0.00 yaw_source=calibrated_pnp corner_error_deg=27.39 height_norm=0.191
[exp2] coarse yaw center guard error=0.051 limit=0.012
[base] stop
[base] exp2_center_align direction=backward requested_speed=0.2 effective_speed=0.2 seconds=0.3
[map] motion direction=backward speed=0.2 effective_seconds=0.3 pose={'x_m': -0.4666143154119019, 'y_m': -0.1314393976386924, 'heading_rad': 1.327713549512028}
[exp2] pulse center correction direction=backward seconds=0.300; stage=coarse_yaw
[base] stop
[base] stop
[base] stop
[base] stop
[base] stop
[base] stop
[base] stop
[base] stop
[base] stop
[tag] backend=pupil_apriltags id=0 center=(167.9,159.0) error_x=0.025 yaw_deg=-41.76 height=45.7px height_norm=0.190 margin=36.79 distance=0.3094019488271219
[exp2] phase=pulse_coarse_yaw center_error=0.025 raw_yaw_deg=-41.76 calibrated_yaw_deg=-41.76 target_yaw_deg=0.00 yaw_source=calibrated_pnp corner_error_deg=24.94 height_norm=0.190
[exp2] coarse yaw center guard error=0.025 limit=0.012
[base] stop
[base] exp2_center_align direction=backward requested_speed=0.2 effective_speed=0.2 seconds=0.3
[map] motion direction=backward speed=0.2 effective_seconds=0.3 pose={'x_m': -0.4760776710298192, 'y_m': -0.13378618276921317, 'heading_rad': 1.327713549512028}
[exp2] pulse center correction direction=backward seconds=0.300; stage=coarse_yaw
[base] stop
[base] stop
[base] stop
[base] stop
[base] stop
[base] stop
[base] stop
[base] stop
[base] stop
[tag] backend=pupil_apriltags id=0 center=(158.9,159.4) error_x=-0.003 yaw_deg=-40.02 height=45.6px height_norm=0.190 margin=36.39 distance=0.3080171973932635
[exp2] phase=pulse_coarse_yaw center_error=-0.003 raw_yaw_deg=-40.02 calibrated_yaw_deg=-40.02 target_yaw_deg=0.00 yaw_source=calibrated_pnp corner_error_deg=24.10 height_norm=0.190
[base] stop
[base] exp2_yaw_align direction=left requested_speed=0.15 effective_speed=0.15 seconds=0.4
[map] motion direction=left speed=0.15 effective_seconds=0.4 pose={'x_m': -0.4760776710298192, 'y_m': -0.13378618276921317, 'heading_rad': 1.2672983061737586}
[exp2] pulse yaw correction direction=left seconds=0.400
[exp2] pulse stage=coarse_yaw axis=yaw
[base] stop
[base] stop
[base] stop
[base] stop
[base] stop
[base] stop
[base] stop
[base] stop
[base] stop
[tag] backend=pupil_apriltags id=0 center=(169.9,157.8) error_x=0.031 yaw_deg=-40.06 height=44.8px height_norm=0.187 margin=36.85 distance=0.3127112050485893
[exp2] phase=pulse_coarse_yaw center_error=0.031 raw_yaw_deg=-40.06 calibrated_yaw_deg=-40.06 target_yaw_deg=0.00 yaw_source=calibrated_pnp corner_error_deg=23.39 height_norm=0.187
[exp2] coarse yaw center guard error=0.031 limit=0.012
[base] stop
[base] exp2_center_align direction=backward requested_speed=0.2 effective_speed=0.2 seconds=0.3
[map] motion direction=backward speed=0.2 effective_seconds=0.3 pose={'x_m': -0.4853820659085923, 'y_m': -0.13670006951029642, 'heading_rad': 1.2672983061737586}
[exp2] pulse center correction direction=backward seconds=0.300; stage=coarse_yaw
[base] stop
[base] stop
[base] stop
[base] stop
[base] stop
[base] stop
[base] stop
[base] stop
[base] stop
[tag] backend=pupil_apriltags id=0 center=(160.9,158.1) error_x=0.003 yaw_deg=-38.17 height=45.1px height_norm=0.188 margin=36.54 distance=0.3103570695812892
[exp2] phase=pulse_coarse_yaw center_error=0.003 raw_yaw_deg=-38.17 calibrated_yaw_deg=-38.17 target_yaw_deg=0.00 yaw_source=calibrated_pnp corner_error_deg=21.40 height_norm=0.188
[base] stop
[base] exp2_yaw_align direction=left requested_speed=0.15 effective_speed=0.15 seconds=0.4
[map] motion direction=left speed=0.15 effective_seconds=0.4 pose={'x_m': -0.4853820659085923, 'y_m': -0.13670006951029642, 'heading_rad': 1.2068830628354892}
[exp2] pulse yaw correction direction=left seconds=0.400
[exp2] pulse stage=coarse_yaw axis=yaw
[base] stop
[base] stop
[base] stop
[base] stop
[base] stop
[base] stop
[base] stop
[base] stop
[base] stop
[tag] backend=pupil_apriltags id=0 center=(171.7,157.2) error_x=0.036 yaw_deg=-37.4 height=43.7px height_norm=0.182 margin=36.80 distance=0.31622458178494933
[exp2] phase=pulse_coarse_yaw center_error=0.036 raw_yaw_deg=-37.4 calibrated_yaw_deg=-37.4 target_yaw_deg=0.00 yaw_source=calibrated_pnp corner_error_deg=22.85 height_norm=0.182
[exp2] coarse yaw center guard error=0.036 limit=0.012
[base] stop
[base] exp2_center_align direction=backward requested_speed=0.2 effective_speed=0.2 seconds=0.3
[map] motion direction=backward speed=0.2 effective_seconds=0.3 pose={'x_m': -0.4944935493203389, 'y_m': -0.14017042540522515, 'heading_rad': 1.2068830628354892}
[exp2] pulse center correction direction=backward seconds=0.300; stage=coarse_yaw
[base] stop
[base] stop
[base] stop
[base] stop
[base] stop
[base] stop
[base] stop
[base] stop
[base] stop
[tag] backend=pupil_apriltags id=0 center=(164.1,157.2) error_x=0.013 yaw_deg=-36.6 height=43.5px height_norm=0.181 margin=36.00 distance=0.31643701564991605
[exp2] phase=pulse_coarse_yaw center_error=0.013 raw_yaw_deg=-36.6 calibrated_yaw_deg=-36.6 target_yaw_deg=0.00 yaw_source=calibrated_pnp corner_error_deg=21.54 height_norm=0.181
[exp2] coarse yaw center guard error=0.013 limit=0.012
[base] stop
[base] exp2_center_align direction=backward requested_speed=0.2 effective_speed=0.2 seconds=0.3
[map] motion direction=backward speed=0.2 effective_seconds=0.3 pose={'x_m': -0.5036050327320855, 'y_m': -0.14364078130015387, 'heading_rad': 1.2068830628354892}
[exp2] pulse center correction direction=backward seconds=0.300; stage=coarse_yaw
[base] stop
[base] stop
[base] stop
[base] stop
[base] stop
[base] stop
[base] stop
[base] stop
[base] stop
[tag] backend=pupil_apriltags id=0 center=(156.1,157.4) error_x=-0.012 yaw_deg=-35.0 height=43.2px height_norm=0.180 margin=36.34 distance=0.3185736147701012
[exp2] phase=pulse_coarse_yaw center_error=-0.012 raw_yaw_deg=-35.0 calibrated_yaw_deg=-35.0 target_yaw_deg=0.00 yaw_source=calibrated_pnp corner_error_deg=20.02 height_norm=0.180
[exp2] coarse yaw center guard error=-0.012 limit=0.012
[base] stop
[base] exp2_center_align direction=forward requested_speed=0.2 effective_speed=0.2 seconds=0.3
[map] motion direction=forward speed=0.2 effective_seconds=0.3 pose={'x_m': -0.49449354932033884, 'y_m': -0.14017042540522515, 'heading_rad': 1.2068830628354892}
[exp2] pulse center correction direction=forward seconds=0.300; stage=coarse_yaw
[base] stop
[base] stop
[base] stop
[base] stop
[base] stop
[base] stop
[base] stop
[base] stop
[base] stop
[tag] backend=pupil_apriltags id=0 center=(163.0,157.4) error_x=0.009 yaw_deg=-36.21 height=43.4px height_norm=0.181 margin=36.51 distance=0.31735429247450725
[exp2] phase=pulse_coarse_yaw center_error=0.009 raw_yaw_deg=-36.21 calibrated_yaw_deg=-36.21 target_yaw_deg=0.00 yaw_source=calibrated_pnp corner_error_deg=20.30 height_norm=0.181
[base] stop
[base] exp2_yaw_align direction=left requested_speed=0.15 effective_speed=0.15 seconds=0.4
[map] motion direction=left speed=0.15 effective_seconds=0.4 pose={'x_m': -0.49449354932033884, 'y_m': -0.14017042540522515, 'heading_rad': 1.1464678194972198}
[exp2] pulse yaw correction direction=left seconds=0.400
[exp2] pulse stage=coarse_yaw axis=yaw
[base] stop
[base] stop
[base] stop
[base] stop
[base] stop
[base] stop
[base] stop
[base] stop
[base] stop
[tag] backend=pupil_apriltags id=0 center=(174.4,156.6) error_x=0.045 yaw_deg=-35.78 height=42.6px height_norm=0.177 margin=36.29 distance=0.3226792070609773
[exp2] phase=pulse_coarse_yaw center_error=0.045 raw_yaw_deg=-35.78 calibrated_yaw_deg=-35.78 target_yaw_deg=0.00 yaw_source=calibrated_pnp corner_error_deg=21.18 height_norm=0.177
[exp2] coarse yaw center guard error=0.045 limit=0.012
[base] stop
[base] exp2_center_align direction=backward requested_speed=0.2 effective_speed=0.2 seconds=0.3
[map] motion direction=backward speed=0.2 effective_seconds=0.3 pose={'x_m': -0.5033788744501991, 'y_m': -0.14418458750168717, 'heading_rad': 1.1464678194972198}
[exp2] pulse center correction direction=backward seconds=0.300; stage=coarse_yaw
[base] stop
[base] stop
[base] stop
[base] stop
[base] stop
[base] stop
[base] stop
[base] stop
[base] stop
[tag] backend=pupil_apriltags id=0 center=(166.2,156.8) error_x=0.019 yaw_deg=-33.73 height=42.5px height_norm=0.177 margin=35.82 distance=0.3210404184735859
[exp2] phase=pulse_coarse_yaw center_error=0.019 raw_yaw_deg=-33.73 calibrated_yaw_deg=-33.73 target_yaw_deg=0.00 yaw_source=calibrated_pnp corner_error_deg=19.59 height_norm=0.177
[exp2] coarse yaw center guard error=0.019 limit=0.012
[base] stop
[base] exp2_center_align direction=backward requested_speed=0.2 effective_speed=0.2 seconds=0.3
[map] motion direction=backward speed=0.2 effective_seconds=0.3 pose={'x_m': -0.5122641995800594, 'y_m': -0.1481987495981492, 'heading_rad': 1.1464678194972198}
[exp2] pulse center correction direction=backward seconds=0.300; stage=coarse_yaw
[base] stop
[base] stop
[base] stop
[base] stop
[base] stop
[base] stop
[base] stop
[base] stop
[base] stop
[tag] backend=pupil_apriltags id=0 center=(158.5,157.0) error_x=-0.005 yaw_deg=-33.47 height=42.5px height_norm=0.177 margin=35.82 distance=0.31949412910795
[exp2] phase=pulse_coarse_yaw center_error=-0.005 raw_yaw_deg=-33.47 calibrated_yaw_deg=-33.47 target_yaw_deg=0.00 yaw_source=calibrated_pnp corner_error_deg=19.92 height_norm=0.177
[base] stop
[base] exp2_yaw_align direction=left requested_speed=0.15 effective_speed=0.15 seconds=0.4
[map] motion direction=left speed=0.15 effective_seconds=0.4 pose={'x_m': -0.5122641995800594, 'y_m': -0.1481987495981492, 'heading_rad': 1.0860525761589503}
[exp2] pulse yaw correction direction=left seconds=0.400
[exp2] pulse stage=coarse_yaw axis=yaw
[base] stop
[base] stop
[base] stop
[base] stop
[base] stop
[base] stop
[base] stop
[base] stop
[base] stop
[tag] backend=pupil_apriltags id=0 center=(170.1,156.3) error_x=0.032 yaw_deg=-32.74 height=41.7px height_norm=0.174 margin=36.21 distance=0.3246783543945159
[exp2] phase=pulse_coarse_yaw center_error=0.032 raw_yaw_deg=-32.74 calibrated_yaw_deg=-32.74 target_yaw_deg=0.00 yaw_source=calibrated_pnp corner_error_deg=18.89 height_norm=0.174
[exp2] coarse yaw center guard error=0.032 limit=0.012
[base] stop
[base] exp2_center_align direction=backward requested_speed=0.2 effective_speed=0.2 seconds=0.3
[map] motion direction=backward speed=0.2 effective_seconds=0.3 pose={'x_m': -0.5208909448402183, 'y_m': -0.15274207065397688, 'heading_rad': 1.0860525761589503}
[exp2] pulse center correction direction=backward seconds=0.300; stage=coarse_yaw
[base] stop
[base] stop
[base] stop
[base] stop
[base] stop
[base] stop
[base] stop
[base] stop
[base] stop
[tag] backend=pupil_apriltags id=0 center=(162.5,156.3) error_x=0.008 yaw_deg=-30.78 height=41.5px height_norm=0.173 margin=35.72 distance=0.32462386277360744
[exp2] phase=pulse_coarse_yaw center_error=0.008 raw_yaw_deg=-30.78 calibrated_yaw_deg=-30.78 target_yaw_deg=0.00 yaw_source=calibrated_pnp corner_error_deg=16.83 height_norm=0.173
[base] stop
[base] exp2_yaw_align direction=left requested_speed=0.15 effective_speed=0.15 seconds=0.4
[map] motion direction=left speed=0.15 effective_seconds=0.4 pose={'x_m': -0.5208909448402183, 'y_m': -0.15274207065397688, 'heading_rad': 1.025637332820681}
[exp2] pulse yaw correction direction=left seconds=0.400
[exp2] pulse stage=coarse_yaw axis=yaw
[base] stop
[base] stop
[base] stop
[base] stop
[base] stop
[base] stop
[base] stop
[base] stop
[base] stop
[tag] backend=pupil_apriltags id=0 center=(173.4,155.8) error_x=0.042 yaw_deg=-30.4 height=40.8px height_norm=0.170 margin=36.69 distance=0.328003914689046
[exp2] phase=pulse_coarse_yaw center_error=0.042 raw_yaw_deg=-30.4 calibrated_yaw_deg=-30.4 target_yaw_deg=0.00 yaw_source=calibrated_pnp corner_error_deg=18.68 height_norm=0.170
[exp2] coarse yaw center guard error=0.042 limit=0.012
[base] stop
[base] exp2_center_align direction=backward requested_speed=0.2 effective_speed=0.2 seconds=0.3
[map] motion direction=backward speed=0.2 effective_seconds=0.3 pose={'x_m': -0.5292276321727627, 'y_m': -0.1577979725833454, 'heading_rad': 1.025637332820681}
[exp2] pulse center correction direction=backward seconds=0.300; stage=coarse_yaw
[base] stop
[base] stop
[base] stop
[base] stop
[base] stop
[base] stop
[base] stop
[base] stop
[base] stop
[tag] backend=pupil_apriltags id=0 center=(165.7,155.9) error_x=0.018 yaw_deg=-29.17 height=40.8px height_norm=0.170 margin=36.18 distance=0.32767547258936996
[exp2] phase=pulse_coarse_yaw center_error=0.018 raw_yaw_deg=-29.17 calibrated_yaw_deg=-29.17 target_yaw_deg=0.00 yaw_source=calibrated_pnp corner_error_deg=16.80 height_norm=0.170
[exp2] coarse yaw center guard error=0.018 limit=0.012
[base] stop
[base] exp2_center_align direction=backward requested_speed=0.2 effective_speed=0.2 seconds=0.3
[map] motion direction=backward speed=0.2 effective_seconds=0.3 pose={'x_m': -0.5375643195053071, 'y_m': -0.16285387451271394, 'heading_rad': 1.025637332820681}
[exp2] pulse center correction direction=backward seconds=0.300; stage=coarse_yaw
[base] stop
[base] stop
[base] stop
[base] stop
[base] stop
[base] stop
[base] stop
[base] stop
[base] stop
[tag] backend=pupil_apriltags id=0 center=(157.9,156.0) error_x=-0.007 yaw_deg=-27.57 height=40.7px height_norm=0.169 margin=36.21 distance=0.3268392908818651
[exp2] phase=pulse_coarse_yaw center_error=-0.007 raw_yaw_deg=-27.57 calibrated_yaw_deg=-27.57 target_yaw_deg=0.00 yaw_source=calibrated_pnp corner_error_deg=15.99 height_norm=0.169
[base] stop
[base] exp2_yaw_align direction=left requested_speed=0.15 effective_speed=0.15 seconds=0.4
[map] motion direction=left speed=0.15 effective_seconds=0.4 pose={'x_m': -0.5375643195053071, 'y_m': -0.16285387451271394, 'heading_rad': 0.9652220894824115}
[exp2] pulse yaw correction direction=left seconds=0.400
[exp2] pulse stage=coarse_yaw axis=yaw
[base] stop
[base] stop
[base] stop
[base] stop
[base] stop
[base] stop
[base] stop
[base] stop
[base] stop
[tag] backend=pupil_apriltags id=0 center=(169.6,155.5) error_x=0.030 yaw_deg=-28.07 height=40.0px height_norm=0.167 margin=35.90 distance=0.3306569425867179
[exp2] phase=pulse_coarse_yaw center_error=0.030 raw_yaw_deg=-28.07 calibrated_yaw_deg=-28.07 target_yaw_deg=0.00 yaw_source=calibrated_pnp corner_error_deg=16.42 height_norm=0.167
[exp2] coarse yaw center guard error=0.030 limit=0.012
[base] stop
[base] exp2_center_align direction=backward requested_speed=0.2 effective_speed=0.2 seconds=0.3
[map] motion direction=backward speed=0.2 effective_seconds=0.3 pose={'x_m': -0.5455805292422465, 'y_m': -0.1684039088777786, 'heading_rad': 0.9652220894824115}
[exp2] pulse center correction direction=backward seconds=0.300; stage=coarse_yaw
[base] stop
[base] stop
[base] stop
[base] stop
[base] stop
[base] stop
[base] stop
[base] stop
[base] stop
[tag] backend=pupil_apriltags id=0 center=(162.3,155.6) error_x=0.007 yaw_deg=-26.33 height=40.1px height_norm=0.167 margin=35.51 distance=0.3261154396732206
[exp2] phase=pulse_coarse_yaw center_error=0.007 raw_yaw_deg=-26.33 calibrated_yaw_deg=-26.33 target_yaw_deg=0.00 yaw_source=calibrated_pnp corner_error_deg=15.50 height_norm=0.167
[base] stop
[base] exp2_yaw_align direction=left requested_speed=0.15 effective_speed=0.15 seconds=0.4
[map] motion direction=left speed=0.15 effective_seconds=0.4 pose={'x_m': -0.5455805292422465, 'y_m': -0.1684039088777786, 'heading_rad': 0.9048068461441421}
[exp2] pulse yaw correction direction=left seconds=0.400
[exp2] pulse stage=coarse_yaw axis=yaw
[base] stop
[base] stop
[base] stop
[base] stop
[base] stop
[base] stop
[base] stop
[base] stop
[base] stop
[tag] backend=pupil_apriltags id=0 center=(173.6,154.8) error_x=0.042 yaw_deg=-26.18 height=39.3px height_norm=0.164 margin=35.47 distance=0.3282460020749203
[exp2] phase=pulse_coarse_yaw center_error=0.042 raw_yaw_deg=-26.18 calibrated_yaw_deg=-26.18 target_yaw_deg=0.00 yaw_source=calibrated_pnp corner_error_deg=16.07 height_norm=0.164
[exp2] coarse yaw center guard error=0.042 limit=0.012
[base] stop
[base] exp2_center_align direction=backward requested_speed=0.2 effective_speed=0.2 seconds=0.3
[map] motion direction=backward speed=0.2 effective_seconds=0.3 pose={'x_m': -0.5532470111035817, 'y_m': -0.17442782420502378, 'heading_rad': 0.9048068461441421}
[exp2] pulse center correction direction=backward seconds=0.300; stage=coarse_yaw
[base] stop
[base] stop
[base] stop
[base] stop
[base] stop
[base] stop
[base] stop
[base] stop
[base] stop
[tag] backend=pupil_apriltags id=0 center=(166.7,154.7) error_x=0.021 yaw_deg=-22.9 height=39.1px height_norm=0.163 margin=35.56 distance=0.330215530011086
[exp2] phase=pulse_coarse_yaw center_error=0.021 raw_yaw_deg=-22.9 calibrated_yaw_deg=-22.9 target_yaw_deg=0.00 yaw_source=calibrated_pnp corner_error_deg=14.45 height_norm=0.163
[exp2] coarse yaw center guard error=0.021 limit=0.012
[base] stop
[base] exp2_center_align direction=backward requested_speed=0.2 effective_speed=0.2 seconds=0.3
[map] motion direction=backward speed=0.2 effective_seconds=0.3 pose={'x_m': -0.5609134929649168, 'y_m': -0.18045173953226898, 'heading_rad': 0.9048068461441421}
[exp2] pulse center correction direction=backward seconds=0.300; stage=coarse_yaw
[base] stop
[base] stop
[base] stop
[base] stop
[base] stop
[base] stop
[base] stop
[base] stop
[base] stop
[tag] backend=pupil_apriltags id=0 center=(158.5,154.9) error_x=-0.005 yaw_deg=-21.23 height=38.8px height_norm=0.162 margin=35.20 distance=0.3345042511951265
[exp2] phase=pulse_coarse_yaw center_error=-0.005 raw_yaw_deg=-21.23 calibrated_yaw_deg=-21.23 target_yaw_deg=0.00 yaw_source=calibrated_pnp corner_error_deg=12.53 height_norm=0.162
[base] stop
[base] exp2_yaw_align direction=left requested_speed=0.15 effective_speed=0.15 seconds=0.4
[map] motion direction=left speed=0.15 effective_seconds=0.4 pose={'x_m': -0.5609134929649168, 'y_m': -0.18045173953226898, 'heading_rad': 0.8443916028058727}
[exp2] pulse yaw correction direction=left seconds=0.400
[exp2] pulse stage=coarse_yaw axis=yaw
[base] stop
[base] stop
[base] stop
[base] stop
[base] stop
[base] stop
[base] stop
[base] stop
[base] stop
[tag] backend=pupil_apriltags id=0 center=(167.6,154.1) error_x=0.024 yaw_deg=-20.82 height=38.5px height_norm=0.160 margin=35.60 distance=0.33256767858830666
[exp2] phase=pulse_coarse_yaw center_error=0.024 raw_yaw_deg=-20.82 calibrated_yaw_deg=-20.82 target_yaw_deg=0.00 yaw_source=calibrated_pnp corner_error_deg=12.81 height_norm=0.160
[exp2] coarse yaw center guard error=0.024 limit=0.012
[base] stop
[base] exp2_center_align direction=backward requested_speed=0.2 effective_speed=0.2 seconds=0.3
[map] motion direction=backward speed=0.2 effective_seconds=0.3 pose={'x_m': -0.5682022727897398, 'y_m': -0.18692755520793894, 'heading_rad': 0.8443916028058727}
[exp2] pulse center correction direction=backward seconds=0.300; stage=coarse_yaw
[base] stop
[base] stop
[base] stop
[base] stop
[base] stop
[base] stop
[base] stop
[base] stop
[base] stop
[tag] backend=pupil_apriltags id=0 center=(160.6,154.1) error_x=0.002 yaw_deg=-19.65 height=38.1px height_norm=0.159 margin=35.46 distance=0.33527209974834304
[exp2] phase=pulse_coarse_yaw center_error=0.002 raw_yaw_deg=-19.65 calibrated_yaw_deg=-19.65 target_yaw_deg=0.00 yaw_source=calibrated_pnp corner_error_deg=11.44 height_norm=0.159
[exp2] pulse stage coarse_yaw->center
[exp2] pulse stage center->final_yaw
[base] stop
[base] exp2_yaw_align direction=left requested_speed=0.15 effective_speed=0.15 seconds=0.4
[map] motion direction=left speed=0.15 effective_seconds=0.4 pose={'x_m': -0.5682022727897398, 'y_m': -0.18692755520793894, 'heading_rad': 0.7839763594676032}
[exp2] pulse yaw correction direction=left seconds=0.400
[exp2] pulse stage=final_yaw axis=yaw
[base] stop
[base] stop
[base] stop
[base] stop
[base] stop
[base] stop
[base] stop
[base] stop
[base] stop
[tag] backend=pupil_apriltags id=0 center=(171.1,153.5) error_x=0.035 yaw_deg=-20.25 height=37.4px height_norm=0.156 margin=35.90 distance=0.33531115130634465
[exp2] phase=pulse_final_yaw center_error=0.035 raw_yaw_deg=-20.25 calibrated_yaw_deg=-20.25 target_yaw_deg=0.00 yaw_source=calibrated_pnp corner_error_deg=12.66 height_norm=0.156
[base] stop
[base] exp2_yaw_align direction=left requested_speed=0.15 effective_speed=0.15 seconds=0.4
[map] motion direction=left speed=0.15 effective_seconds=0.4 pose={'x_m': -0.5682022727897398, 'y_m': -0.18692755520793894, 'heading_rad': 0.7235611161293338}
[exp2] pulse yaw correction direction=left seconds=0.400
[exp2] pulse stage=final_yaw axis=yaw
[base] stop
[base] stop
[base] stop
[base] stop
[base] stop
[base] stop
[base] stop
[base] stop
[base] stop
[tag] backend=pupil_apriltags id=0 center=(183.2,153.0) error_x=0.073 yaw_deg=-20.21 height=36.7px height_norm=0.153 margin=35.45 distance=0.3397805061875921
[exp2] phase=pulse_final_yaw center_error=0.073 raw_yaw_deg=-20.21 calibrated_yaw_deg=-20.21 target_yaw_deg=0.00 yaw_source=calibrated_pnp corner_error_deg=12.83 height_norm=0.153
[base] stop
[base] exp2_yaw_align direction=left requested_speed=0.15 effective_speed=0.15 seconds=0.4
[map] motion direction=left speed=0.15 effective_seconds=0.4 pose={'x_m': -0.5682022727897398, 'y_m': -0.18692755520793894, 'heading_rad': 0.6631458727910644}
[exp2] pulse yaw correction direction=left seconds=0.400
[exp2] pulse stage=final_yaw axis=yaw
[base] stop
[base] stop
[base] stop
[base] stop
[base] stop
[base] stop
[base] stop
[base] stop
[base] stop
[tag] backend=pupil_apriltags id=0 center=(196.3,152.5) error_x=0.113 yaw_deg=-19.57 height=35.9px height_norm=0.150 margin=35.87 distance=0.34580486357202034
[exp2] phase=pulse_final_yaw center_error=0.113 raw_yaw_deg=-19.57 calibrated_yaw_deg=-19.57 target_yaw_deg=0.00 yaw_source=calibrated_pnp corner_error_deg=13.11 height_norm=0.150
[base] stop
[base] exp2_yaw_align direction=left requested_speed=0.15 effective_speed=0.15 seconds=0.4
[map] motion direction=left speed=0.15 effective_seconds=0.4 pose={'x_m': -0.5682022727897398, 'y_m': -0.18692755520793894, 'heading_rad': 0.602730629452795}
[exp2] pulse yaw correction direction=left seconds=0.400
[exp2] pulse stage=final_yaw axis=yaw
[base] stop
[base] stop
[base] stop
[base] stop
[base] stop
[base] stop
[base] stop
[base] stop
[base] stop
[tag] backend=pupil_apriltags id=0 center=(208.7,151.9) error_x=0.152 yaw_deg=-20.46 height=35.4px height_norm=0.148 margin=35.57 distance=0.3500411479487018
[exp2] phase=pulse_final_yaw center_error=0.152 raw_yaw_deg=-20.46 calibrated_yaw_deg=-20.46 target_yaw_deg=0.00 yaw_source=calibrated_pnp corner_error_deg=13.43 height_norm=0.148
[base] stop
[base] exp2_yaw_align direction=left requested_speed=0.15 effective_speed=0.15 seconds=0.4
[map] motion direction=left speed=0.15 effective_seconds=0.4 pose={'x_m': -0.5682022727897398, 'y_m': -0.18692755520793894, 'heading_rad': 0.5423153861145256}
[exp2] pulse yaw correction direction=left seconds=0.400
[exp2] pulse stage=final_yaw axis=yaw
[base] stop
[base] stop
[base] stop
[base] stop
[base] stop
[base] stop
[base] stop
[base] stop
[base] stop
[tag] backend=pupil_apriltags id=0 center=(220.8,151.9) error_x=0.190 yaw_deg=-21.41 height=35.0px height_norm=0.146 margin=35.03 distance=0.3556030038881488
[exp2] phase=pulse_final_yaw center_error=0.190 raw_yaw_deg=-21.41 calibrated_yaw_deg=-21.41 target_yaw_deg=0.00 yaw_source=calibrated_pnp corner_error_deg=15.03 height_norm=0.146
[base] stop
[base] exp2_yaw_align direction=left requested_speed=0.15 effective_speed=0.15 seconds=0.4
[map] motion direction=left speed=0.15 effective_seconds=0.4 pose={'x_m': -0.5682022727897398, 'y_m': -0.18692755520793894, 'heading_rad': 0.48190014277625615}
[exp2] pulse yaw correction direction=left seconds=0.400
[exp2] pulse stage=final_yaw axis=yaw
[base] stop
[base] stop
[base] stop
[base] stop
[base] stop
[base] stop
[base] stop
[base] stop
[base] stop
[tag] backend=pupil_apriltags id=0 center=(232.5,151.6) error_x=0.227 yaw_deg=-21.87 height=34.2px height_norm=0.143 margin=34.72 distance=0.36472157389652327
[exp2] phase=pulse_final_yaw center_error=0.227 raw_yaw_deg=-21.87 calibrated_yaw_deg=-21.87 target_yaw_deg=0.00 yaw_source=calibrated_pnp corner_error_deg=15.66 height_norm=0.143
[base] stop
[base] exp2_yaw_align direction=left requested_speed=0.15 effective_speed=0.15 seconds=0.4
[map] motion direction=left speed=0.15 effective_seconds=0.4 pose={'x_m': -0.5682022727897398, 'y_m': -0.18692755520793894, 'heading_rad': 0.4214848994379867}
[exp2] pulse yaw correction direction=left seconds=0.400
[exp2] pulse stage=final_yaw axis=yaw
[base] stop
[base] stop
[base] stop
[base] stop
[base] stop
[base] stop
[base] stop
[base] stop
[base] stop
[tag] backend=pupil_apriltags id=0 center=(243.3,151.6) error_x=0.260 yaw_deg=-22.47 height=33.8px height_norm=0.141 margin=34.61 distance=0.3734604647381646
[exp2] phase=pulse_final_yaw center_error=0.260 raw_yaw_deg=-22.47 calibrated_yaw_deg=-22.47 target_yaw_deg=0.00 yaw_source=calibrated_pnp corner_error_deg=14.66 height_norm=0.141
[base] stop
[base] exp2_yaw_align direction=left requested_speed=0.15 effective_speed=0.15 seconds=0.4
[map] motion direction=left speed=0.15 effective_seconds=0.4 pose={'x_m': -0.5682022727897398, 'y_m': -0.18692755520793894, 'heading_rad': 0.3610696560997173}
[exp2] pulse yaw correction direction=left seconds=0.400
[exp2] pulse stage=final_yaw axis=yaw
[base] stop
[base] stop
[base] stop
[base] stop
[base] stop
[base] stop
[base] stop
[base] stop
[base] stop
[tag] backend=pupil_apriltags id=0 center=(254.0,151.9) error_x=0.294 yaw_deg=-23.26 height=32.8px height_norm=0.137 margin=33.18 distance=0.38318961091080367
[exp2] phase=pulse_final_yaw center_error=0.294 raw_yaw_deg=-23.26 calibrated_yaw_deg=-23.26 target_yaw_deg=0.00 yaw_source=calibrated_pnp corner_error_deg=14.92 height_norm=0.137
[base] stop
[base] exp2_yaw_align direction=left requested_speed=0.15 effective_speed=0.15 seconds=0.4
[map] motion direction=left speed=0.15 effective_seconds=0.4 pose={'x_m': -0.5682022727897398, 'y_m': -0.18692755520793894, 'heading_rad': 0.3006544127614479}
[exp2] pulse yaw correction direction=left seconds=0.400
[exp2] pulse stage=final_yaw axis=yaw
[base] stop
[base] stop
[base] stop
[base] stop
[base] stop
[base] stop
[base] stop
[base] stop
[base] stop
[tag] backend=pupil_apriltags id=0 center=(265.7,152.0) error_x=0.330 yaw_deg=-24.62 height=32.6px height_norm=0.136 margin=32.66 distance=0.3934701511542801
[exp2] phase=pulse_final_yaw center_error=0.330 raw_yaw_deg=-24.62 calibrated_yaw_deg=-24.62 target_yaw_deg=0.00 yaw_source=calibrated_pnp corner_error_deg=13.89 height_norm=0.136
[base] stop
[base] exp2_yaw_align direction=left requested_speed=0.15 effective_speed=0.15 seconds=0.4
[map] motion direction=left speed=0.15 effective_seconds=0.4 pose={'x_m': -0.5682022727897398, 'y_m': -0.18692755520793894, 'heading_rad': 0.24023916942317847}
[exp2] pulse yaw correction direction=left seconds=0.400
[exp2] pulse stage=final_yaw axis=yaw
[base] stop
[base] stop
[base] stop
[base] stop
[base] stop
[base] stop
[base] stop
[base] stop
[base] stop
[tag] backend=pupil_apriltags id=0 center=(277.7,153.0) error_x=0.368 yaw_deg=-25.89 height=32.4px height_norm=0.135 margin=31.59 distance=0.40320569294110137
[exp2] phase=pulse_final_yaw center_error=0.368 raw_yaw_deg=-25.89 calibrated_yaw_deg=-25.89 target_yaw_deg=0.00 yaw_source=calibrated_pnp corner_error_deg=16.07 height_norm=0.135
[base] stop
[base] exp2_yaw_align direction=left requested_speed=0.15 effective_speed=0.15 seconds=0.4
[map] motion direction=left speed=0.15 effective_seconds=0.4 pose={'x_m': -0.5682022727897398, 'y_m': -0.18692755520793894, 'heading_rad': 0.17982392608490905}
[exp2] pulse yaw correction direction=left seconds=0.400
[exp2] pulse stage=final_yaw axis=yaw
[base] stop
[base] stop
[base] stop
[base] stop
[base] stop
[base] stop
[base] stop
[base] stop
[base] stop
[tag] backend=pupil_apriltags id=0 center=(288.8,154.0) error_x=0.403 yaw_deg=-27.74 height=32.6px height_norm=0.136 margin=29.56 distance=0.4116032979475141
[exp2] phase=pulse_final_yaw center_error=0.403 raw_yaw_deg=-27.74 calibrated_yaw_deg=-27.74 target_yaw_deg=0.00 yaw_source=calibrated_pnp corner_error_deg=17.43 height_norm=0.136
[base] stop
[base] exp2_yaw_align direction=left requested_speed=0.15 effective_speed=0.15 seconds=0.4
[map] motion direction=left speed=0.15 effective_seconds=0.4 pose={'x_m': -0.5682022727897398, 'y_m': -0.18692755520793894, 'heading_rad': 0.11940868274663963}
[exp2] pulse yaw correction direction=left seconds=0.400
[exp2] pulse stage=final_yaw axis=yaw
[base] stop
[base] stop
[base] stop
[base] stop
[base] stop
[base] stop
[base] stop
[base] stop
[base] stop
[tag] backend=pupil_apriltags id=0 center=(299.5,155.0) error_x=0.436 yaw_deg=-29.98 height=32.2px height_norm=0.134 margin=28.04 distance=0.4211793572208032
[exp2] phase=pulse_final_yaw center_error=0.436 raw_yaw_deg=-29.98 calibrated_yaw_deg=-29.98 target_yaw_deg=0.00 yaw_source=calibrated_pnp corner_error_deg=14.80 height_norm=0.134
[base] stop
[base] exp2_yaw_align direction=left requested_speed=0.15 effective_speed=0.15 seconds=0.4
[map] motion direction=left speed=0.15 effective_seconds=0.4 pose={'x_m': -0.5682022727897398, 'y_m': -0.18692755520793894, 'heading_rad': 0.05899343940837021}
[exp2] pulse yaw correction direction=left seconds=0.400
[exp2] pulse stage=final_yaw axis=yaw
[base] stop
[base] stop
[base] stop
[base] stop
[base] stop
[base] stop
[base] stop
[base] stop
[base] stop
[tag] no detections
[base] stop
[tag] no detections
[base] stop
[tag] no detections
[base] stop
[fsm] stop requested; ending run without mission failure
[media] shutdown result={'stopped': True, 'stopping': False, 'last_recording': '/workspace/robot_code/temp_car/diagnostic_outputs/full_demo_1788754155959.avi', 'last_events': '/workspace/robot_code/temp_car/diagnostic_outputs/full_demo_1788754155959.events.csv'}
[fsm] stop_all owner=Thread-8
[base] stop
[arm] pose safe_home
[arm] safe_home servo=5 angle=0 speed=85
[arm] safe_home servo=4 angle=0 speed=85
[arm] safe_home servo=3 angle=0 speed=85
[arm] safe_home servo=2 angle=0 speed=85
[arm] safe_home servo=1 angle=-16 speed=85
[camera] stopped
[depth] stop
[result] False
[integration] STOPPED elapsed=147.2s
