
>>> run_full_background log=/workspace/robot_code/temp_car/logs/integration_run_full_20260904_000905.log
[fsm] IDLE --START--> INITIALIZING
[depth] loading network fcn-mobilenet
[camera] starting JetBot Camera 320x240
[warmup] frame 1/2 processed
[warmup] frame 2/2 processed
[depth] started enabled=True
[arm] pose safe_home
[arm] TTLServo connected
[arm] safe_home servo=5 angle=0 speed=85
[arm] safe_home servo=4 angle=0 speed=85
[arm] safe_home servo=3 angle=0 speed=85
[arm] safe_home servo=2 angle=0 speed=85
[arm] safe_home servo=1 angle=-16 speed=85
[base] stop
[fsm] INITIALIZING --INITIALIZED--> PLANNING
[fsm] PLANNING --TARGET_REQUIRED--> SEARCHING
[can] loading native detectNet model=/workspace/robot_code/temp_car/assets/models/detectnet_native_can/can_ssd_mobilenet_v1.onnx
[can] native detectNet loaded threshold=0.200 clustering=0.300
[can] backend=detectnet_native no detections
[base] Robot connected
[base] continuous start label=search_can_routine_2_step_0 direction=forward requested_speed=0.6 effective_speed=0.6
[can] backend=detectnet_native no detections
[map] motion direction=forward speed=0.6 effective_seconds=0.06644368171691895 pose={'x_m': 0.0, 'y_m': 0.00689353197813034, 'heading_rad': 0.0}
[can] backend=detectnet_native no detections
[map] motion direction=forward speed=0.6 effective_seconds=0.06665563583374023 pose={'x_m': 0.0, 'y_m': 0.013809054195880889, 'heading_rad': 0.0}
[can] backend=detectnet_native no detections
[map] motion direction=forward speed=0.6 effective_seconds=0.06382870674133301 pose={'x_m': 0.0, 'y_m': 0.020431282520294188, 'heading_rad': 0.0}
[can] backend=detectnet_native no detections
[map] motion direction=forward speed=0.6 effective_seconds=0.060643911361694336 pose={'x_m': 0.0, 'y_m': 0.026723088324069975, 'heading_rad': 0.0}
[can] backend=detectnet_native no detections
[map] motion direction=forward speed=0.6 effective_seconds=0.06008148193359375 pose={'x_m': 0.0, 'y_m': 0.03295654207468032, 'heading_rad': 0.0}
[can] backend=detectnet_native no detections
[map] motion direction=forward speed=0.6 effective_seconds=0.05852079391479492 pose={'x_m': 0.0, 'y_m': 0.0390280744433403, 'heading_rad': 0.0}
[can] backend=detectnet_native no detections
[map] motion direction=forward speed=0.6 effective_seconds=0.04773759841918945 pose={'x_m': 0.0, 'y_m': 0.043980850279331206, 'heading_rad': 0.0}
[can] backend=detectnet_native no detections
[map] motion direction=forward speed=0.6 effective_seconds=0.05280303955078125 pose={'x_m': 0.0, 'y_m': 0.04945916563272476, 'heading_rad': 0.0}
[can] backend=detectnet_native no detections
[map] motion direction=forward speed=0.6 effective_seconds=0.05622529983520508 pose={'x_m': 0.0, 'y_m': 0.05529254049062729, 'heading_rad': 0.0}
[can] backend=detectnet_native no detections
[map] motion direction=forward speed=0.6 effective_seconds=0.050180673599243164 pose={'x_m': 0.0, 'y_m': 0.060498785376548764, 'heading_rad': 0.0}
[can] backend=detectnet_native no detections
[map] motion direction=forward speed=0.6 effective_seconds=0.04994320869445801 pose={'x_m': 0.0, 'y_m': 0.06568039327859879, 'heading_rad': 0.0}
[can] backend=detectnet_native no detections
[map] motion direction=forward speed=0.6 effective_seconds=0.04807472229003906 pose={'x_m': 0.0, 'y_m': 0.07066814571619034, 'heading_rad': 0.0}
[can] backend=detectnet_native no detections
[map] motion direction=forward speed=0.6 effective_seconds=0.0475618839263916 pose={'x_m': 0.0, 'y_m': 0.07560269117355348, 'heading_rad': 0.0}
[can] backend=detectnet_native no detections
[map] motion direction=forward speed=0.6 effective_seconds=0.047913312911987305 pose={'x_m': 0.0, 'y_m': 0.08057369738817216, 'heading_rad': 0.0}
[can] backend=detectnet_native no detections
[map] motion direction=forward speed=0.6 effective_seconds=0.048017024993896484 pose={'x_m': 0.0, 'y_m': 0.08555546373128892, 'heading_rad': 0.0}
[can] backend=detectnet_native no detections
[map] motion direction=forward speed=0.6 effective_seconds=0.04614710807800293 pose={'x_m': 0.0, 'y_m': 0.09034322619438172, 'heading_rad': 0.0}
[can] backend=detectnet_native no detections
[map] motion direction=forward speed=0.6 effective_seconds=0.0467071533203125 pose={'x_m': 0.0, 'y_m': 0.09518909335136413, 'heading_rad': 0.0}
[can] backend=detectnet_native no detections
[map] motion direction=forward speed=0.6 effective_seconds=0.04634881019592285 pose={'x_m': 0.0, 'y_m': 0.09999778240919113, 'heading_rad': 0.0}
[can] backend=detectnet_native no detections
[map] motion direction=forward speed=0.6 effective_seconds=0.046083927154541016 pose={'x_m': 0.0, 'y_m': 0.10477898985147477, 'heading_rad': 0.0}
[can] backend=detectnet_native no detections
[map] motion direction=forward speed=0.6 effective_seconds=0.04637575149536133 pose={'x_m': 0.0, 'y_m': 0.10959047406911851, 'heading_rad': 0.0}
[can] backend=detectnet_native no detections
[map] motion direction=forward speed=0.6 effective_seconds=0.04610013961791992 pose={'x_m': 0.0, 'y_m': 0.1143733635544777, 'heading_rad': 0.0}
[can] backend=detectnet_native no detections
[map] motion direction=forward speed=0.6 effective_seconds=0.045955657958984375 pose={'x_m': 0.0, 'y_m': 0.11914126306772234, 'heading_rad': 0.0}
[can] backend=detectnet_native no detections
[map] motion direction=forward speed=0.6 effective_seconds=0.046346187591552734 pose={'x_m': 0.0, 'y_m': 0.12394968003034594, 'heading_rad': 0.0}
[can] backend=detectnet_native no detections
[map] motion direction=forward speed=0.6 effective_seconds=0.04644656181335449 pose={'x_m': 0.0, 'y_m': 0.12876851081848148, 'heading_rad': 0.0}
[can] backend=detectnet_native no detections
[map] motion direction=forward speed=0.6 effective_seconds=0.04663538932800293 pose={'x_m': 0.0, 'y_m': 0.1336069324612618, 'heading_rad': 0.0}
[can] backend=detectnet_native no detections
[map] motion direction=forward speed=0.6 effective_seconds=0.04598212242126465 pose={'x_m': 0.0, 'y_m': 0.138377577662468, 'heading_rad': 0.0}
[can] backend=detectnet_native no detections
[map] motion direction=forward speed=0.6 effective_seconds=0.04637408256530762 pose={'x_m': 0.0, 'y_m': 0.14318888872861865, 'heading_rad': 0.0}
[can] backend=detectnet_native no detections
[map] motion direction=forward speed=0.6 effective_seconds=0.0459291934967041 pose={'x_m': 0.0, 'y_m': 0.1479540425539017, 'heading_rad': 0.0}
[can] backend=detectnet_native no detections
[map] motion direction=forward speed=0.6 effective_seconds=0.04597020149230957 pose={'x_m': 0.0, 'y_m': 0.15272345095872883, 'heading_rad': 0.0}
[map] motion direction=forward speed=0.6 effective_seconds=0.017063379287719727 pose={'x_m': 0.0, 'y_m': 0.15449377655982974, 'heading_rad': 0.0}
[base] continuous stop label=search_can_routine_2_step_0 elapsed=0.017s
[base] stop
[can] backend=detectnet_native no detections
[base] continuous start label=search_can_routine_2_step_1 direction=left requested_speed=0.15 effective_speed=0.15
[can] backend=detectnet_native no detections
[map] motion direction=left speed=0.15 effective_seconds=0.04607820510864258 pose={'x_m': 0.0, 'y_m': 0.15449377655982974, 'heading_rad': -0.007953788497798264}
[can] backend=detectnet_native no detections
[map] motion direction=left speed=0.15 effective_seconds=0.046407461166381836 pose={'x_m': 0.0, 'y_m': 0.15449377655982974, 'heading_rad': -0.015964411523736288}
[can] backend=detectnet_native no detections
[map] motion direction=left speed=0.15 effective_seconds=0.04628181457519531 pose={'x_m': 0.0, 'y_m': 0.15449377655982974, 'heading_rad': -0.023953346065727743}
[can] backend=detectnet_native no detections
[map] motion direction=left speed=0.15 effective_seconds=0.04652214050292969 pose={'x_m': 0.0, 'y_m': 0.15449377655982974, 'heading_rad': -0.03198376446316109}
[can] backend=detectnet_native no detections
[map] motion direction=left speed=0.15 effective_seconds=0.04640555381774902 pose={'x_m': 0.0, 'y_m': 0.15449377655982974, 'heading_rad': -0.039994058252150744}
[can] backend=detectnet_native no detections
[map] motion direction=left speed=0.15 effective_seconds=0.04617476463317871 pose={'x_m': 0.0, 'y_m': 0.15449377655982974, 'heading_rad': -0.04796451437043858}
[can] backend=detectnet_native no detections
[map] motion direction=left speed=0.15 effective_seconds=0.04603934288024902 pose={'x_m': 0.0, 'y_m': 0.15449377655982974, 'heading_rad': -0.05591159466542228}
[can] backend=detectnet_native no detections
[map] motion direction=left speed=0.15 effective_seconds=0.04639601707458496 pose={'x_m': 0.0, 'y_m': 0.15449377655982974, 'heading_rad': -0.0639202422696723}
[can] backend=detectnet_native no detections
[map] motion direction=left speed=0.15 effective_seconds=0.046457529067993164 pose={'x_m': 0.0, 'y_m': 0.15449377655982974, 'heading_rad': -0.07193950776549363}
[can] backend=detectnet_native no detections
[map] motion direction=left speed=0.15 effective_seconds=0.04653120040893555 pose={'x_m': 0.0, 'y_m': 0.15449377655982974, 'heading_rad': -0.07997149003842985}
[can] backend=detectnet_native no detections
[map] motion direction=left speed=0.15 effective_seconds=0.04640555381774902 pose={'x_m': 0.0, 'y_m': 0.15449377655982974, 'heading_rad': -0.08798178382741995}
[can] backend=detectnet_native no detections
[map] motion direction=left speed=0.15 effective_seconds=0.04662656784057617 pose={'x_m': 0.0, 'y_m': 0.15449377655982974, 'heading_rad': -0.0960302279477534}
[can] backend=detectnet_native no detections
[map] motion direction=left speed=0.15 effective_seconds=0.046529293060302734 pose={'x_m': 0.0, 'y_m': 0.15449377655982974, 'heading_rad': -0.1040618809837417}
[can] backend=detectnet_native no detections
[map] motion direction=left speed=0.15 effective_seconds=0.049404144287109375 pose={'x_m': 0.0, 'y_m': 0.15449377655982974, 'heading_rad': -0.11258977640952628}
[can] backend=detectnet_native no detections
[map] motion direction=left speed=0.15 effective_seconds=0.04548454284667969 pose={'x_m': 0.0, 'y_m': 0.15449377655982974, 'heading_rad': -0.12044108990727498}
[can] backend=detectnet_native no detections
[map] motion direction=left speed=0.15 effective_seconds=0.04590797424316406 pose={'x_m': 0.0, 'y_m': 0.15449377655982974, 'heading_rad': -0.12836549400746833}
[can] backend=detectnet_native no detections
[map] motion direction=left speed=0.15 effective_seconds=0.046174049377441406 pose={'x_m': 0.0, 'y_m': 0.15449377655982974, 'heading_rad': -0.13633582666190103}
[can] backend=detectnet_native no detections
[map] motion direction=left speed=0.15 effective_seconds=0.046740055084228516 pose={'x_m': 0.0, 'y_m': 0.15449377655982974, 'heading_rad': -0.14440386038063746}
[can] backend=detectnet_native no detections
[map] motion direction=left speed=0.15 effective_seconds=0.04615473747253418 pose={'x_m': 0.0, 'y_m': 0.15449377655982974, 'heading_rad': -0.15237085951097207}
[can] backend=detectnet_native no detections
[map] motion direction=left speed=0.15 effective_seconds=0.0462346076965332 pose={'x_m': 0.0, 'y_m': 0.15449377655982974, 'heading_rad': -0.1603516454385021}
[can] backend=detectnet_native no detections
[map] motion direction=left speed=0.15 effective_seconds=0.047083377838134766 pose={'x_m': 0.0, 'y_m': 0.15449377655982974, 'heading_rad': -0.16847894180786938}
[can] backend=detectnet_native no detections
[map] motion direction=left speed=0.15 effective_seconds=0.04632687568664551 pose={'x_m': 0.0, 'y_m': 0.15449377655982974, 'heading_rad': -0.17647565457275638}
[can] backend=detectnet_native no detections
[map] motion direction=left speed=0.15 effective_seconds=0.04586315155029297 pose={'x_m': 0.0, 'y_m': 0.15449377655982974, 'heading_rad': -0.184392321604673}
[can] backend=detectnet_native no detections
[map] motion direction=left speed=0.15 effective_seconds=0.049715518951416016 pose={'x_m': 0.0, 'y_m': 0.15449377655982974, 'heading_rad': -0.19297396496221042}
[can] backend=detectnet_native no detections
[map] motion direction=left speed=0.15 effective_seconds=0.04650425910949707 pose={'x_m': 0.0, 'y_m': 0.15449377655982974, 'heading_rad': -0.20100129676325684}
[can] backend=detectnet_native no detections
[map] motion direction=left speed=0.15 effective_seconds=0.046254873275756836 pose={'x_m': 0.0, 'y_m': 0.15449377655982974, 'heading_rad': -0.2089855808333585}
[can] backend=detectnet_native no detections
[map] motion direction=left speed=0.15 effective_seconds=0.04632163047790527 pose={'x_m': 0.0, 'y_m': 0.15449377655982974, 'heading_rad': -0.21698138819663848}
[can] backend=detectnet_native no detections
[map] motion direction=left speed=0.15 effective_seconds=0.046730756759643555 pose={'x_m': 0.0, 'y_m': 0.15449377655982974, 'heading_rad': -0.22504781688525366}
[can] backend=detectnet_native no detections
[map] motion direction=left speed=0.15 effective_seconds=0.046361446380615234 pose={'x_m': 0.0, 'y_m': 0.15449377655982974, 'heading_rad': -0.23305049706982217}
[can] backend=detectnet_native no detections
[map] motion direction=left speed=0.15 effective_seconds=0.04647088050842285 pose={'x_m': 0.0, 'y_m': 0.15449377655982974, 'heading_rad': -0.24107206722427943}
[can] backend=detectnet_native no detections
[map] motion direction=left speed=0.15 effective_seconds=0.04570770263671875 pose={'x_m': 0.0, 'y_m': 0.15449377655982974, 'heading_rad': -0.24896190144493824}
[can] backend=detectnet_native no detections
[map] motion direction=left speed=0.15 effective_seconds=0.04649615287780762 pose={'x_m': 0.0, 'y_m': 0.15449377655982974, 'heading_rad': -0.25698783398895575}
[can] backend=detectnet_native no detections
[map] motion direction=left speed=0.15 effective_seconds=0.04594731330871582 pose={'x_m': 0.0, 'y_m': 0.15449377655982974, 'heading_rad': -0.26491902860120087}
[can] backend=detectnet_native no detections
[map] motion direction=left speed=0.15 effective_seconds=0.04610586166381836 pose={'x_m': 0.0, 'y_m': 0.15449377655982974, 'heading_rad': -0.27287759103474407}
[can] backend=detectnet_native no detections
[map] motion direction=left speed=0.15 effective_seconds=0.046326637268066406 pose={'x_m': 0.0, 'y_m': 0.15449377655982974, 'heading_rad': -0.2808742626450127}
[can] backend=detectnet_native no detections
[map] motion direction=left speed=0.15 effective_seconds=0.04635906219482422 pose={'x_m': 0.0, 'y_m': 0.15449377655982974, 'heading_rad': -0.2888765312833961}
[can] backend=detectnet_native no detections
[map] motion direction=left speed=0.15 effective_seconds=0.04639935493469238 pose={'x_m': 0.0, 'y_m': 0.15449377655982974, 'heading_rad': -0.2968857550523052}
[can] backend=detectnet_native no detections
[map] motion direction=left speed=0.15 effective_seconds=0.045989036560058594 pose={'x_m': 0.0, 'y_m': 0.15449377655982974, 'heading_rad': -0.30482415172278676}
[can] backend=detectnet_native no detections
[map] motion direction=left speed=0.15 effective_seconds=0.0463716983795166 pose={'x_m': 0.0, 'y_m': 0.15449377655982974, 'heading_rad': -0.3128286015559505}
[can] backend=detectnet_native no detections
[map] motion direction=left speed=0.15 effective_seconds=0.0461573600769043 pose={'x_m': 0.0, 'y_m': 0.15449377655982974, 'heading_rad': -0.3207960533870886}
[can] backend=detectnet_native no detections
[map] motion direction=left speed=0.15 effective_seconds=0.04622387886047363 pose={'x_m': 0.0, 'y_m': 0.15449377655982974, 'heading_rad': -0.32877498735678623}
[can] backend=detectnet_native no detections
[map] motion direction=left speed=0.15 effective_seconds=0.04644942283630371 pose={'x_m': 0.0, 'y_m': 0.15449377655982974, 'heading_rad': -0.3367928535955791}
[can] backend=detectnet_native no detections
[map] motion direction=left speed=0.15 effective_seconds=0.04621577262878418 pose={'x_m': 0.0, 'y_m': 0.15449377655982974, 'heading_rad': -0.34477038830824824}
[can] backend=detectnet_native no detections
[map] motion direction=left speed=0.15 effective_seconds=0.04641556739807129 pose={'x_m': 0.0, 'y_m': 0.15449377655982974, 'heading_rad': -0.35278241059121473}
[can] backend=detectnet_native no detections
[map] motion direction=left speed=0.15 effective_seconds=0.046231746673583984 pose={'x_m': 0.0, 'y_m': 0.15449377655982974, 'heading_rad': -0.3607627026633229}
[can] backend=detectnet_native no detections
[map] motion direction=left speed=0.15 effective_seconds=0.04663872718811035 pose={'x_m': 0.0, 'y_m': 0.15449377655982974, 'heading_rad': -0.3688132456691995}
[can] backend=detectnet_native no detections
[map] motion direction=left speed=0.15 effective_seconds=0.04606771469116211 pose={'x_m': 0.0, 'y_m': 0.15449377655982974, 'heading_rad': -0.3767652233637837}
[can] backend=detectnet_native no detections
[map] motion direction=left speed=0.15 effective_seconds=0.04599618911743164 pose={'x_m': 0.0, 'y_m': 0.15449377655982974, 'heading_rad': -0.3847048546728198}
[can] backend=detectnet_native no detections
[map] motion direction=left speed=0.15 effective_seconds=0.04614830017089844 pose={'x_m': 0.0, 'y_m': 0.15449377655982974, 'heading_rad': -0.392670742628455}
[can] backend=detectnet_native no detections
[map] motion direction=left speed=0.15 effective_seconds=0.04639720916748047 pose={'x_m': 0.0, 'y_m': 0.15449377655982974, 'heading_rad': -0.40067959600579783}
[can] backend=detectnet_native no detections
[map] motion direction=left speed=0.15 effective_seconds=0.04667258262634277 pose={'x_m': 0.0, 'y_m': 0.15449377655982974, 'heading_rad': -0.4087359829675008}
[can] backend=detectnet_native no detections
[map] motion direction=left speed=0.15 effective_seconds=0.04606366157531738 pose={'x_m': 0.0, 'y_m': 0.15449377655982974, 'heading_rad': -0.4166872610335708}
[can] backend=detectnet_native no detections
[map] motion direction=left speed=0.15 effective_seconds=0.04642224311828613 pose={'x_m': 0.0, 'y_m': 0.15449377655982974, 'heading_rad': -0.424700435645855}
[can] backend=detectnet_native no detections
[map] motion direction=left speed=0.15 effective_seconds=0.04638504981994629 pose={'x_m': 0.0, 'y_m': 0.15449377655982974, 'heading_rad': -0.4327071901376547}
[can] backend=detectnet_native no detections
[map] motion direction=left speed=0.15 effective_seconds=0.0464174747467041 pose={'x_m': 0.0, 'y_m': 0.15449377655982974, 'heading_rad': -0.4407195416575691}
[can] backend=detectnet_native no detections
[map] motion direction=left speed=0.15 effective_seconds=0.04544878005981445 pose={'x_m': 0.0, 'y_m': 0.15449377655982974, 'heading_rad': -0.44856468196254395}
[can] backend=detectnet_native no detections
[map] motion direction=left speed=0.15 effective_seconds=0.04620242118835449 pose={'x_m': 0.0, 'y_m': 0.15449377655982974, 'heading_rad': -0.4565399120165772}
[can] backend=detectnet_native no detections
[map] motion direction=left speed=0.15 effective_seconds=0.04655265808105469 pose={'x_m': 0.0, 'y_m': 0.15449377655982974, 'heading_rad': -0.4645755982051778}
[can] backend=detectnet_native no detections
[map] motion direction=left speed=0.15 effective_seconds=0.04625964164733887 pose={'x_m': 0.0, 'y_m': 0.15449377655982974, 'heading_rad': -0.4725607053676497}
[can] backend=detectnet_native no detections
[map] motion direction=left speed=0.15 effective_seconds=0.04650759696960449 pose={'x_m': 0.0, 'y_m': 0.15449377655982974, 'heading_rad': -0.4805886133333548}
[can] backend=detectnet_native no detections
[map] motion direction=left speed=0.15 effective_seconds=0.046311140060424805 pose={'x_m': 0.0, 'y_m': 0.15449377655982974, 'heading_rad': -0.48858260989342117}
[can] backend=detectnet_native no detections
[map] motion direction=left speed=0.15 effective_seconds=0.04666733741760254 pose={'x_m': 0.0, 'y_m': 0.15449377655982974, 'heading_rad': -0.4966380914535171}
[can] backend=detectnet_native no detections
[map] motion direction=left speed=0.15 effective_seconds=0.04616570472717285 pose={'x_m': 0.0, 'y_m': 0.15449377655982974, 'heading_rad': -0.5046069836963021}
[can] backend=detectnet_native no detections
[map] motion direction=left speed=0.15 effective_seconds=0.045781612396240234 pose={'x_m': 0.0, 'y_m': 0.15449377655982974, 'heading_rad': -0.5125095758486942}
[can] backend=detectnet_native no detections
[map] motion direction=left speed=0.15 effective_seconds=0.04622507095336914 pose={'x_m': 0.0, 'y_m': 0.15449377655982974, 'heading_rad': -0.5204887155914841}
[can] backend=detectnet_native no detections
[map] motion direction=left speed=0.15 effective_seconds=0.046360015869140625 pose={'x_m': 0.0, 'y_m': 0.15449377655982974, 'heading_rad': -0.5284911488483415}
[can] backend=detectnet_native no detections
[map] motion direction=left speed=0.15 effective_seconds=0.04637503623962402 pose={'x_m': 0.0, 'y_m': 0.15449377655982974, 'heading_rad': -0.5364961748461643}
[can] backend=detectnet_native no detections
[map] motion direction=left speed=0.15 effective_seconds=0.0461726188659668 pose={'x_m': 0.0, 'y_m': 0.15449377655982974, 'heading_rad': -0.5444662605728858}
[can] backend=detectnet_native no detections
[map] motion direction=left speed=0.15 effective_seconds=0.04636669158935547 pose={'x_m': 0.0, 'y_m': 0.15449377655982974, 'heading_rad': -0.5524698461590614}
[can] backend=detectnet_native no detections
[map] motion direction=left speed=0.15 effective_seconds=0.04642462730407715 pose={'x_m': 0.0, 'y_m': 0.15449377655982974, 'heading_rad': -0.5604834323175307}
[can] backend=detectnet_native no detections
[map] motion direction=left speed=0.15 effective_seconds=0.04610443115234375 pose={'x_m': 0.0, 'y_m': 0.15449377655982974, 'heading_rad': -0.5684417478233632}
[can] backend=detectnet_native no detections
[map] motion direction=left speed=0.15 effective_seconds=0.04563164710998535 pose={'x_m': 0.0, 'y_m': 0.15449377655982974, 'heading_rad': -0.5763184537207229}
[can] backend=detectnet_native no detections
[map] motion direction=left speed=0.15 effective_seconds=0.046039581298828125 pose={'x_m': 0.0, 'y_m': 0.15449377655982974, 'heading_rad': -0.584265575170325}
[can] backend=detectnet_native no detections
[map] motion direction=left speed=0.15 effective_seconds=0.04638957977294922 pose={'x_m': 0.0, 'y_m': 0.15449377655982974, 'heading_rad': -0.5922731115998756}
[can] backend=detectnet_native no detections
[map] motion direction=left speed=0.15 effective_seconds=0.046178579330444336 pose={'x_m': 0.0, 'y_m': 0.15449377655982974, 'heading_rad': -0.6002442261920597}
[can] backend=detectnet_native no detections
[map] motion direction=left speed=0.15 effective_seconds=0.04643511772155762 pose={'x_m': 0.0, 'y_m': 0.15449377655982974, 'heading_rad': -0.6082596231537427}
[can] backend=detectnet_native no detections
[map] motion direction=left speed=0.15 effective_seconds=0.046328067779541016 pose={'x_m': 0.0, 'y_m': 0.15449377655982974, 'heading_rad': -0.6162565416917221}
[can] backend=detectnet_native no detections
[map] motion direction=left speed=0.15 effective_seconds=0.04635429382324219 pose={'x_m': 0.0, 'y_m': 0.15449377655982974, 'heading_rad': -0.6242579872377361}
[can] backend=detectnet_native no detections
[map] motion direction=left speed=0.15 effective_seconds=0.04607534408569336 pose={'x_m': 0.0, 'y_m': 0.15449377655982974, 'heading_rad': -0.632211281880112}
[can] backend=detectnet_native no detections
[map] motion direction=left speed=0.15 effective_seconds=0.04597330093383789 pose={'x_m': 0.0, 'y_m': 0.15449377655982974, 'heading_rad': -0.640146962345773}
[can] backend=detectnet_native no detections
[map] motion direction=left speed=0.15 effective_seconds=0.04600262641906738 pose={'x_m': 0.0, 'y_m': 0.15449377655982974, 'heading_rad': -0.6480877048295084}
[can] backend=detectnet_native no detections
[map] motion direction=left speed=0.15 effective_seconds=0.04898715019226074 pose={'x_m': 0.0, 'y_m': 0.15449377655982974, 'heading_rad': -0.6565436208275477}
[can] backend=detectnet_native no detections
[map] motion direction=left speed=0.15 effective_seconds=0.04603266716003418 pose={'x_m': 0.0, 'y_m': 0.15449377655982974, 'heading_rad': -0.6644895487932132}
[can] backend=detectnet_native no detections
[map] motion direction=left speed=0.15 effective_seconds=0.04644465446472168 pose={'x_m': 0.0, 'y_m': 0.15449377655982974, 'heading_rad': -0.6725065919396362}
[can] backend=detectnet_native no detections
[map] motion direction=left speed=0.15 effective_seconds=0.04634547233581543 pose={'x_m': 0.0, 'y_m': 0.15449377655982974, 'heading_rad': -0.6805065147647658}
[can] backend=detectnet_native no detections
[map] motion direction=left speed=0.15 effective_seconds=0.046364545822143555 pose={'x_m': 0.0, 'y_m': 0.15449377655982974, 'heading_rad': -0.6885097299593745}
[can] backend=detectnet_native no detections
[map] motion direction=left speed=0.15 effective_seconds=0.046509504318237305 pose={'x_m': 0.0, 'y_m': 0.15449377655982974, 'heading_rad': -0.6965379671620275}
[can] backend=detectnet_native no detections
[map] motion direction=left speed=0.15 effective_seconds=0.04609346389770508 pose={'x_m': 0.0, 'y_m': 0.15449377655982974, 'heading_rad': -0.7044943895554092}
[can] backend=detectnet_native no detections
[map] motion direction=left speed=0.15 effective_seconds=0.045699357986450195 pose={'x_m': 0.0, 'y_m': 0.15449377655982974, 'heading_rad': -0.7123827833644207}
[can] backend=detectnet_native no detections
[map] motion direction=left speed=0.15 effective_seconds=0.04644346237182617 pose={'x_m': 0.0, 'y_m': 0.15449377655982974, 'heading_rad': -0.720399620737751}
[can] backend=detectnet_native no detections
[map] motion direction=left speed=0.15 effective_seconds=0.04635024070739746 pose={'x_m': 0.0, 'y_m': 0.15449377655982974, 'heading_rad': -0.7284003666552503}
[can] backend=detectnet_native no detections
[map] motion direction=left speed=0.15 effective_seconds=0.0459895133972168 pose={'x_m': 0.0, 'y_m': 0.15449377655982974, 'heading_rad': -0.7363388456349687}
[can] backend=detectnet_native no detections
[map] motion direction=left speed=0.15 effective_seconds=0.046708106994628906 pose={'x_m': 0.0, 'y_m': 0.15449377655982974, 'heading_rad': -0.7444013646348271}
[can] backend=detectnet_native no detections
[map] motion direction=left speed=0.15 effective_seconds=0.046640872955322266 pose={'x_m': 0.0, 'y_m': 0.15449377655982974, 'heading_rad': -0.75245227803227}
[can] backend=detectnet_native no detections
[map] motion direction=left speed=0.15 effective_seconds=0.046682119369506836 pose={'x_m': 0.0, 'y_m': 0.15449377655982974, 'heading_rad': -0.7605103111787126}
[can] backend=detectnet_native no detections
[map] motion direction=left speed=0.15 effective_seconds=0.046312808990478516 pose={'x_m': 0.0, 'y_m': 0.15449377655982974, 'heading_rad': -0.7685045958211085}
[can] backend=detectnet_native no detections
[map] motion direction=left speed=0.15 effective_seconds=0.045693397521972656 pose={'x_m': 0.0, 'y_m': 0.15449377655982974, 'heading_rad': -0.7763919607646579}
[can] backend=detectnet_native no detections
[map] motion direction=left speed=0.15 effective_seconds=0.04912996292114258 pose={'x_m': 0.0, 'y_m': 0.15449377655982974, 'heading_rad': -0.7848725283791751}
[can] backend=detectnet_native no detections
[map] motion direction=left speed=0.15 effective_seconds=0.046137094497680664 pose={'x_m': 0.0, 'y_m': 0.15449377655982974, 'heading_rad': -0.7928364820677412}
[can] backend=detectnet_native no detections
[map] motion direction=left speed=0.15 effective_seconds=0.04619860649108887 pose={'x_m': 0.0, 'y_m': 0.15449377655982974, 'heading_rad': -0.8008110536478785}
[can] backend=detectnet_native no detections
[map] motion direction=left speed=0.15 effective_seconds=0.04619288444519043 pose={'x_m': 0.0, 'y_m': 0.15449377655982974, 'heading_rad': -0.8087846375171721}
[can] backend=detectnet_native no detections
[map] motion direction=left speed=0.15 effective_seconds=0.04610395431518555 pose={'x_m': 0.0, 'y_m': 0.15449377655982974, 'heading_rad': -0.8167428707137674}
[can] backend=detectnet_native no detections
[map] motion direction=left speed=0.15 effective_seconds=0.04621171951293945 pose={'x_m': 0.0, 'y_m': 0.15449377655982974, 'heading_rad': -0.8247197057979219}
[can] backend=detectnet_native no detections
[map] motion direction=left speed=0.15 effective_seconds=0.04642152786254883 pose={'x_m': 0.0, 'y_m': 0.15449377655982974, 'heading_rad': -0.832732756946351}
[can] backend=detectnet_native no detections
[map] motion direction=left speed=0.15 effective_seconds=0.046007394790649414 pose={'x_m': 0.0, 'y_m': 0.15449377655982974, 'heading_rad': -0.8406743225224567}
[can] backend=detectnet_native no detections
[map] motion direction=left speed=0.15 effective_seconds=0.0462338924407959 pose={'x_m': 0.0, 'y_m': 0.15449377655982974, 'heading_rad': -0.8486549849861311}
[can] backend=detectnet_native no detections
[map] motion direction=left speed=0.15 effective_seconds=0.04750800132751465 pose={'x_m': 0.0, 'y_m': 0.15449377655982974, 'heading_rad': -0.8568555777310358}
[can] backend=detectnet_native no detections
[map] motion direction=left speed=0.15 effective_seconds=0.046236515045166016 pose={'x_m': 0.0, 'y_m': 0.15449377655982974, 'heading_rad': -0.8648366928955138}
[can] backend=detectnet_native no detections
[map] motion direction=left speed=0.15 effective_seconds=0.04623889923095703 pose={'x_m': 0.0, 'y_m': 0.15449377655982974, 'heading_rad': -0.8728182196061764}
[can] backend=detectnet_native no detections
[map] motion direction=left speed=0.15 effective_seconds=0.0464167594909668 pose={'x_m': 0.0, 'y_m': 0.15449377655982974, 'heading_rad': -0.8808304476622357}
[can] backend=detectnet_native no detections
[map] motion direction=left speed=0.15 effective_seconds=0.0463252067565918 pose={'x_m': 0.0, 'y_m': 0.15449377655982974, 'heading_rad': -0.8888268723447932}
[can] backend=detectnet_native no detections
[map] motion direction=left speed=0.15 effective_seconds=0.04626727104187012 pose={'x_m': 0.0, 'y_m': 0.15449377655982974, 'heading_rad': -0.8968132964550568}
[can] backend=detectnet_native no detections
[map] motion direction=left speed=0.15 effective_seconds=0.045900821685791016 pose={'x_m': 0.0, 'y_m': 0.15449377655982974, 'heading_rad': -0.9047364659166957}
[can] backend=detectnet_native no detections
[map] motion direction=left speed=0.15 effective_seconds=0.04634213447570801 pose={'x_m': 0.0, 'y_m': 0.15449377655982974, 'heading_rad': -0.9127358125771661}
[can] backend=detectnet_native no detections
[map] motion direction=left speed=0.15 effective_seconds=0.046289920806884766 pose={'x_m': 0.0, 'y_m': 0.15449377655982974, 'heading_rad': -0.9207261463761864}
[can] backend=detectnet_native no detections
[map] motion direction=left speed=0.15 effective_seconds=0.04631614685058594 pose={'x_m': 0.0, 'y_m': 0.15449377655982974, 'heading_rad': -0.928721007183241}
[can] backend=detectnet_native no detections
[map] motion direction=left speed=0.15 effective_seconds=0.04622602462768555 pose={'x_m': 0.0, 'y_m': 0.15449377655982974, 'heading_rad': -0.936700311544505}
[can] backend=detectnet_native no detections
[map] motion direction=left speed=0.15 effective_seconds=0.047298431396484375 pose={'x_m': 0.0, 'y_m': 0.15449377655982974, 'heading_rad': -0.9448647293797539}
[can] backend=detectnet_native no detections
[map] motion direction=left speed=0.15 effective_seconds=0.04643654823303223 pose={'x_m': 0.0, 'y_m': 0.15449377655982974, 'heading_rad': -0.952880373269148}
[can] backend=detectnet_native no detections
[map] motion direction=left speed=0.15 effective_seconds=0.04622793197631836 pose={'x_m': 0.0, 'y_m': 0.15449377655982974, 'heading_rad': -0.9608600068673603}
[can] backend=detectnet_native no detections
[map] motion direction=left speed=0.15 effective_seconds=0.045984506607055664 pose={'x_m': 0.0, 'y_m': 0.15449377655982974, 'heading_rad': -0.9687976216000904}
[can] backend=detectnet_native no detections
[map] motion direction=left speed=0.15 effective_seconds=0.04639887809753418 pose={'x_m': 0.0, 'y_m': 0.15449377655982974, 'heading_rad': -0.9768067630597623}
[can] backend=detectnet_native no detections
[map] motion direction=left speed=0.15 effective_seconds=0.04644203186035156 pose={'x_m': 0.0, 'y_m': 0.15449377655982974, 'heading_rad': -0.9848233535053819}
[can] backend=detectnet_native no detections
[map] motion direction=left speed=0.15 effective_seconds=0.046540021896362305 pose={'x_m': 0.0, 'y_m': 0.15449377655982974, 'heading_rad': -0.9928568584992021}
[can] backend=detectnet_native no detections
[map] motion direction=left speed=0.15 effective_seconds=0.04622983932495117 pose={'x_m': 0.0, 'y_m': 0.15449377655982974, 'heading_rad': -1.000836821334362}
[can] backend=detectnet_native no detections
[map] motion direction=left speed=0.15 effective_seconds=0.04669666290283203 pose={'x_m': 0.0, 'y_m': 0.15449377655982974, 'heading_rad': -1.0088973649125323}
[can] backend=detectnet_native no detections
[map] motion direction=left speed=0.15 effective_seconds=0.04620814323425293 pose={'x_m': 0.0, 'y_m': 0.15449377655982974, 'heading_rad': -1.0168735826774093}
[can] backend=detectnet_native no detections
[map] motion direction=left speed=0.15 effective_seconds=0.04619479179382324 pose={'x_m': 0.0, 'y_m': 0.15449377655982974, 'heading_rad': -1.0248474957836509}
[can] backend=detectnet_native no detections
[map] motion direction=left speed=0.15 effective_seconds=0.045911312103271484 pose={'x_m': 0.0, 'y_m': 0.15449377655982974, 'heading_rad': -1.0327724760485033}
[can] backend=detectnet_native no detections
[map] motion direction=left speed=0.15 effective_seconds=0.04592084884643555 pose={'x_m': 0.0, 'y_m': 0.15449377655982974, 'heading_rad': -1.0406991024980954}
[can] backend=detectnet_native no detections
[map] motion direction=left speed=0.15 effective_seconds=0.046270132064819336 pose={'x_m': 0.0, 'y_m': 0.15449377655982974, 'heading_rad': -1.048686020463781}
[can] backend=detectnet_native no detections
[map] motion direction=left speed=0.15 effective_seconds=0.046385765075683594 pose={'x_m': 0.0, 'y_m': 0.15449377655982974, 'heading_rad': -1.0566928984194357}
[can] backend=detectnet_native no detections
[map] motion direction=left speed=0.15 effective_seconds=0.0466160774230957 pose={'x_m': 0.0, 'y_m': 0.15449377655982974, 'heading_rad': -1.0647395317365556}
[can] backend=detectnet_native no detections
[map] motion direction=left speed=0.15 effective_seconds=0.04618263244628906 pose={'x_m': 0.0, 'y_m': 0.15449377655982974, 'heading_rad': -1.072711345957254}
[can] backend=detectnet_native no detections
[map] motion direction=left speed=0.15 effective_seconds=0.04619312286376953 pose={'x_m': 0.0, 'y_m': 0.15449377655982974, 'heading_rad': -1.080684970981166}
[can] backend=detectnet_native no detections
[map] motion direction=left speed=0.15 effective_seconds=0.05170488357543945 pose={'x_m': 0.0, 'y_m': 0.15449377655982974, 'heading_rad': -1.0896100084754146}
[can] backend=detectnet_native no detections
[map] motion direction=left speed=0.15 effective_seconds=0.04615211486816406 pose={'x_m': 0.0, 'y_m': 0.15449377655982974, 'heading_rad': -1.0975765549049457}
[can] backend=detectnet_native no detections
[map] motion direction=left speed=0.15 effective_seconds=0.046744585037231445 pose={'x_m': 0.0, 'y_m': 0.15449377655982974, 'heading_rad': -1.1056453705614335}
[can] backend=detectnet_native no detections
[map] motion direction=left speed=0.15 effective_seconds=0.046474456787109375 pose={'x_m': 0.0, 'y_m': 0.15449377655982974, 'heading_rad': -1.1136675580351678}
[can] backend=detectnet_native no detections
[map] motion direction=left speed=0.15 effective_seconds=0.045922040939331055 pose={'x_m': 0.0, 'y_m': 0.15449377655982974, 'heading_rad': -1.1215943902578527}
[can] backend=detectnet_native no detections
[map] motion direction=left speed=0.15 effective_seconds=0.04669976234436035 pose={'x_m': 0.0, 'y_m': 0.15449377655982974, 'heading_rad': -1.1296554688460638}
[can] backend=detectnet_native no detections
[map] motion direction=left speed=0.15 effective_seconds=0.04653310775756836 pose={'x_m': 0.0, 'y_m': 0.15449377655982974, 'heading_rad': -1.1376877803559475}
[can] backend=detectnet_native no detections
[map] motion direction=left speed=0.15 effective_seconds=0.0463411808013916 pose={'x_m': 0.0, 'y_m': 0.15449377655982974, 'heading_rad': -1.1456869623979442}
[can] backend=detectnet_native no detections
[map] motion direction=left speed=0.15 effective_seconds=0.04651999473571777 pose={'x_m': 0.0, 'y_m': 0.15449377655982974, 'heading_rad': -1.153717010403811}
[can] backend=detectnet_native no detections
[map] motion direction=left speed=0.15 effective_seconds=0.045702457427978516 pose={'x_m': 0.0, 'y_m': 0.15449377655982974, 'heading_rad': -1.161605939222863}
[can] backend=detectnet_native no detections
[map] motion direction=left speed=0.15 effective_seconds=0.04614448547363281 pose={'x_m': 0.0, 'y_m': 0.15449377655982974, 'heading_rad': -1.1695711687046024}
[can] backend=detectnet_native no detections
[map] motion direction=left speed=0.15 effective_seconds=0.04638314247131348 pose={'x_m': 0.0, 'y_m': 0.15449377655982974, 'heading_rad': -1.177577593959454}
[can] backend=detectnet_native no detections
[map] motion direction=left speed=0.15 effective_seconds=0.04677629470825195 pose={'x_m': 0.0, 'y_m': 0.15449377655982974, 'heading_rad': -1.1856518831802014}
[can] backend=detectnet_native no detections
[map] motion direction=left speed=0.15 effective_seconds=0.04650545120239258 pose={'x_m': 0.0, 'y_m': 0.15449377655982974, 'heading_rad': -1.1936794207543402}
[can] backend=detectnet_native no detections
[map] motion direction=left speed=0.15 effective_seconds=0.04626893997192383 pose={'x_m': 0.0, 'y_m': 0.15449377655982974, 'heading_rad': -1.2016661329469331}
[can] backend=detectnet_native no detections
[map] motion direction=left speed=0.15 effective_seconds=0.046327829360961914 pose={'x_m': 0.0, 'y_m': 0.15449377655982974, 'heading_rad': -1.209663010330294}
[can] backend=detectnet_native no detections
[map] motion direction=left speed=0.15 effective_seconds=0.04654240608215332 pose={'x_m': 0.0, 'y_m': 0.15449377655982974, 'heading_rad': -1.2176969268702993}
[can] backend=detectnet_native no detections
[map] motion direction=left speed=0.15 effective_seconds=0.048091888427734375 pose={'x_m': 0.0, 'y_m': 0.15449377655982974, 'heading_rad': -1.2259983072758949}
[can] backend=detectnet_native no detections
[map] motion direction=left speed=0.15 effective_seconds=0.046143531799316406 pose={'x_m': 0.0, 'y_m': 0.15449377655982974, 'heading_rad': -1.2339633721391603}
[can] backend=detectnet_native no detections
[map] motion direction=left speed=0.15 effective_seconds=0.04615330696105957 pose={'x_m': 0.0, 'y_m': 0.15449377655982974, 'heading_rad': -1.241930124341784}
[can] backend=detectnet_native no detections
[map] motion direction=left speed=0.15 effective_seconds=0.046369075775146484 pose={'x_m': 0.0, 'y_m': 0.15449377655982974, 'heading_rad': -1.2499341214741444}
[can] backend=detectnet_native no detections
[map] motion direction=left speed=0.15 effective_seconds=0.04735875129699707 pose={'x_m': 0.0, 'y_m': 0.15449377655982974, 'heading_rad': -1.258108951427872}
[can] backend=detectnet_native no detections
[map] motion direction=left speed=0.15 effective_seconds=0.04645419120788574 pose={'x_m': 0.0, 'y_m': 0.15449377655982974, 'heading_rad': -1.2661276407590347}
[can] backend=detectnet_native no detections
[map] motion direction=left speed=0.15 effective_seconds=0.04643702507019043 pose={'x_m': 0.0, 'y_m': 0.15449377655982974, 'heading_rad': -1.2741433669576658}
[can] backend=detectnet_native no detections
[map] motion direction=left speed=0.15 effective_seconds=0.04643106460571289 pose={'x_m': 0.0, 'y_m': 0.15449377655982974, 'heading_rad': -1.2821580642908346}
[can] backend=detectnet_native no detections
[map] motion direction=left speed=0.15 effective_seconds=0.04596066474914551 pose={'x_m': 0.0, 'y_m': 0.15449377655982974, 'heading_rad': -1.2900915635617152}
[can] backend=detectnet_native no detections
[map] motion direction=left speed=0.15 effective_seconds=0.046250104904174805 pose={'x_m': 0.0, 'y_m': 0.15449377655982974, 'heading_rad': -1.2980750245394472}
[can] backend=detectnet_native no detections
[map] motion direction=left speed=0.15 effective_seconds=0.049341678619384766 pose={'x_m': 0.0, 'y_m': 0.15449377655982974, 'heading_rad': -1.3065921374551868}
[can] backend=detectnet_native no detections
[map] motion direction=left speed=0.15 effective_seconds=0.04646754264831543 pose={'x_m': 0.0, 'y_m': 0.15449377655982974, 'heading_rad': -1.314613131444985}
[can] backend=detectnet_native no detections
[map] motion direction=left speed=0.15 effective_seconds=0.04605817794799805 pose={'x_m': 0.0, 'y_m': 0.15449377655982974, 'heading_rad': -1.3225634629548295}
[can] backend=detectnet_native no detections
[map] motion direction=left speed=0.15 effective_seconds=0.046295881271362305 pose={'x_m': 0.0, 'y_m': 0.15449377655982974, 'heading_rad': -1.3305548256193123}
[can] backend=detectnet_native no detections
[map] motion direction=left speed=0.15 effective_seconds=0.04636502265930176 pose={'x_m': 0.0, 'y_m': 0.15449377655982974, 'heading_rad': -1.3385581231231582}
[can] backend=detectnet_native no detections
[map] motion direction=left speed=0.15 effective_seconds=0.046604156494140625 pose={'x_m': 0.0, 'y_m': 0.15449377655982974, 'heading_rad': -1.3466026987093533}
[can] backend=detectnet_native no detections
[map] motion direction=left speed=0.15 effective_seconds=0.04628705978393555 pose={'x_m': 0.0, 'y_m': 0.15449377655982974, 'heading_rad': -1.3545925386529518}
[can] backend=detectnet_native no detections
[map] motion direction=left speed=0.15 effective_seconds=0.046095848083496094 pose={'x_m': 0.0, 'y_m': 0.15449377655982974, 'heading_rad': -1.3625493725925184}
[can] backend=detectnet_native no detections
[map] motion direction=left speed=0.15 effective_seconds=0.04632711410522461 pose={'x_m': 0.0, 'y_m': 0.15449377655982974, 'heading_rad': -1.3705461265120238}
[can] backend=detectnet_native no detections
[map] motion direction=left speed=0.15 effective_seconds=0.04622292518615723 pose={'x_m': 0.0, 'y_m': 0.15449377655982974, 'heading_rad': -1.3785248958632474}
[can] backend=detectnet_native no detections
[map] motion direction=left speed=0.15 effective_seconds=0.050214529037475586 pose={'x_m': 0.0, 'y_m': 0.15449377655982974, 'heading_rad': -1.3871926758372923}
[can] backend=detectnet_native no detections
[map] motion direction=left speed=0.15 effective_seconds=0.04625749588012695 pose={'x_m': 0.0, 'y_m': 0.15449377655982974, 'heading_rad': -1.3951774126081977}
[can] backend=detectnet_native no detections
[map] motion direction=left speed=0.15 effective_seconds=0.04630255699157715 pose={'x_m': 0.0, 'y_m': 0.15449377655982974, 'heading_rad': -1.4031699276019984}
[can] backend=detectnet_native no detections
[map] motion direction=left speed=0.15 effective_seconds=0.04634666442871094 pose={'x_m': 0.0, 'y_m': 0.15449377655982974, 'heading_rad': -1.4111700562002203}
[can] backend=detectnet_native no detections
[map] motion direction=left speed=0.15 effective_seconds=0.046186208724975586 pose={'x_m': 0.0, 'y_m': 0.15449377655982974, 'heading_rad': -1.419142487740196}
[can] backend=detectnet_native no detections
[map] motion direction=left speed=0.15 effective_seconds=0.04652142524719238 pose={'x_m': 0.0, 'y_m': 0.15449377655982974, 'heading_rad': -1.4271727826737737}
[can] backend=detectnet_native no detections
[map] motion direction=left speed=0.15 effective_seconds=0.04636573791503906 pose={'x_m': 0.0, 'y_m': 0.15449377655982974, 'heading_rad': -1.435176203641475}
[can] backend=detectnet_native no detections
[map] motion direction=left speed=0.15 effective_seconds=0.04643583297729492 pose={'x_m': 0.0, 'y_m': 0.15449377655982974, 'heading_rad': -1.4431917240670136}
[can] backend=detectnet_native no detections
[map] motion direction=left speed=0.15 effective_seconds=0.04621720314025879 pose={'x_m': 0.0, 'y_m': 0.15449377655982974, 'heading_rad': -1.4511695057073934}
[can] backend=detectnet_native no detections
[map] motion direction=left speed=0.15 effective_seconds=0.04637956619262695 pose={'x_m': 0.0, 'y_m': 0.15449377655982974, 'heading_rad': -1.4591753136429675}
[can] backend=detectnet_native no detections
[map] motion direction=left speed=0.15 effective_seconds=0.04677391052246094 pose={'x_m': 0.0, 'y_m': 0.15449377655982974, 'heading_rad': -1.46724919131753}
[can] backend=detectnet_native no detections
[map] motion direction=left speed=0.15 effective_seconds=0.0462954044342041 pose={'x_m': 0.0, 'y_m': 0.15449377655982974, 'heading_rad': -1.4752404716727758}
[can] backend=detectnet_native no detections
[map] motion direction=left speed=0.15 effective_seconds=0.04612874984741211 pose={'x_m': 0.0, 'y_m': 0.15449377655982974, 'heading_rad': -1.4832029849496946}
[can] backend=detectnet_native no detections
[map] motion direction=left speed=0.15 effective_seconds=0.04564070701599121 pose={'x_m': 0.0, 'y_m': 0.15449377655982974, 'heading_rad': -1.4910812547225567}
[can] backend=detectnet_native no detections
[map] motion direction=left speed=0.15 effective_seconds=0.046196699142456055 pose={'x_m': 0.0, 'y_m': 0.15449377655982974, 'heading_rad': -1.4990554970657461}
[can] backend=detectnet_native no detections
[map] motion direction=left speed=0.15 effective_seconds=0.04594278335571289 pose={'x_m': 0.0, 'y_m': 0.15449377655982974, 'heading_rad': -1.5069859097402398}
[can] backend=detectnet_native no detections
[map] motion direction=left speed=0.15 effective_seconds=0.046538352966308594 pose={'x_m': 0.0, 'y_m': 0.15449377655982974, 'heading_rad': -1.5150191266517308}
[can] backend=detectnet_native no detections
[map] motion direction=left speed=0.15 effective_seconds=0.04658913612365723 pose={'x_m': 0.0, 'y_m': 0.15449377655982974, 'heading_rad': -1.5230611094969608}
[can] backend=detectnet_native no detections
[map] motion direction=left speed=0.15 effective_seconds=0.046217918395996094 pose={'x_m': 0.0, 'y_m': 0.15449377655982974, 'heading_rad': -1.5310390146011963}
[can] backend=detectnet_native no detections
[map] motion direction=left speed=0.15 effective_seconds=0.04613161087036133 pose={'x_m': 0.0, 'y_m': 0.15449377655982974, 'heading_rad': -1.539002021733537}
[can] backend=detectnet_native no detections
[map] motion direction=left speed=0.15 effective_seconds=0.04590129852294922 pose={'x_m': 0.0, 'y_m': 0.15449377655982974, 'heading_rad': -1.5469252735044128}
[can] backend=detectnet_native no detections
[map] motion direction=left speed=0.15 effective_seconds=0.04581117630004883 pose={'x_m': 0.0, 'y_m': 0.15449377655982974, 'heading_rad': -1.554832968829498}
[can] backend=detectnet_native no detections
[map] motion direction=left speed=0.15 effective_seconds=0.046121835708618164 pose={'x_m': 0.0, 'y_m': 0.15449377655982974, 'heading_rad': -1.5627942886224804}
[can] backend=detectnet_native no detections
[map] motion direction=left speed=0.15 effective_seconds=0.046633005142211914 pose={'x_m': 0.0, 'y_m': 0.15449377655982974, 'heading_rad': -1.5708438439175132}
[map] motion direction=left speed=0.15 effective_seconds=0.018603086471557617 pose={'x_m': 0.0, 'y_m': 0.15449377655982974, 'heading_rad': -1.574055015334719}
[base] continuous stop label=search_can_routine_2_step_1 elapsed=0.019s
[base] stop
[can] backend=detectnet_native no detections
[base] continuous start label=search_can_routine_2_step_2 direction=forward requested_speed=0.6 effective_speed=0.6
[can] backend=detectnet_native no detections
[map] motion direction=forward speed=0.6 effective_seconds=0.04592728614807129 pose={'x_m': -0.0047649306382297274, 'y_m': 0.1544782490800035, 'heading_rad': -1.574055015334719}
[can] backend=detectnet_native no detections
[map] motion direction=forward speed=0.6 effective_seconds=0.04681992530822754 pose={'x_m': -0.009622472097603973, 'y_m': 0.15446241980928746, 'heading_rad': -1.574055015334719}
[can] backend=detectnet_native no detections
[map] motion direction=forward speed=0.6 effective_seconds=0.04656100273132324 pose={'x_m': -0.01445315048225521, 'y_m': 0.15444667807727505, 'heading_rad': -1.574055015334719}
[can] backend=detectnet_native no detections
[map] motion direction=forward speed=0.6 effective_seconds=0.04634237289428711 pose={'x_m': -0.019261146141748987, 'y_m': 0.1544310102614608, 'heading_rad': -1.574055015334719}
[can] backend=detectnet_native no detections
[map] motion direction=forward speed=0.6 effective_seconds=0.046456336975097656 pose={'x_m': -0.02408096551184829, 'y_m': 0.15441530391571992, 'heading_rad': -1.574055015334719}
[can] backend=detectnet_native no detections
[map] motion direction=forward speed=0.6 effective_seconds=0.04638051986694336 pose={'x_m': -0.028892918898741404, 'y_m': 0.15439962320285908, 'heading_rad': -1.574055015334719}
[can] backend=detectnet_native no detections
[map] motion direction=forward speed=0.6 effective_seconds=0.04631781578063965 pose={'x_m': -0.03369836677122186, 'y_m': 0.15438396368951854, 'heading_rad': -1.574055015334719}
[can] backend=detectnet_native no detections
[map] motion direction=forward speed=0.6 effective_seconds=0.04640674591064453 pose={'x_m': -0.03851304109570202, 'y_m': 0.1543682741099382, 'heading_rad': -1.574055015334719}
[can] backend=detectnet_native no detections
[map] motion direction=forward speed=0.6 effective_seconds=0.04639863967895508 pose={'x_m': -0.043326874403109825, 'y_m': 0.15435258727098025, 'heading_rad': -1.574055015334719}
[can] backend=detectnet_native no detections
[map] motion direction=forward speed=0.6 effective_seconds=0.04661846160888672 pose={'x_m': -0.04816351411465632, 'y_m': 0.15433682611279143, 'heading_rad': -1.574055015334719}
[can] backend=detectnet_native no detections
[map] motion direction=forward speed=0.6 effective_seconds=0.04786372184753418 pose={'x_m': -0.05312934888999496, 'y_m': 0.15432064394663858, 'heading_rad': -1.574055015334719}
[can] backend=detectnet_native no detections
[map] motion direction=forward speed=0.6 effective_seconds=0.04596114158630371 pose={'x_m': -0.057897792011291596, 'y_m': 0.1543051050206835, 'heading_rad': -1.574055015334719}
[can] backend=detectnet_native no detections
[map] motion direction=forward speed=0.6 effective_seconds=0.04644155502319336 pose={'x_m': -0.06271607776202365, 'y_m': 0.15428940367254818, 'heading_rad': -1.574055015334719}
[can] backend=detectnet_native no detections
[map] motion direction=forward speed=0.6 effective_seconds=0.04661250114440918 pose={'x_m': -0.067552099078664, 'y_m': 0.15427364452952289, 'heading_rad': -1.574055015334719}
[can] backend=detectnet_native no detections
[map] motion direction=forward speed=0.6 effective_seconds=0.04636716842651367 pose={'x_m': -0.07236266726096735, 'y_m': 0.15425796833062835, 'heading_rad': -1.574055015334719}
[can] backend=detectnet_native no detections
[map] motion direction=forward speed=0.6 effective_seconds=0.04623746871948242 pose={'x_m': -0.07715977917011295, 'y_m': 0.15424233598169215, 'heading_rad': -1.574055015334719}
[can] backend=detectnet_native no detections
[map] motion direction=forward speed=0.6 effective_seconds=0.04662775993347168 pose={'x_m': -0.08199738357771302, 'y_m': 0.15422657167984824, 'heading_rad': -1.574055015334719}
[can] backend=detectnet_native no detections
[map] motion direction=forward speed=0.6 effective_seconds=0.04655718803405762 pose={'x_m': -0.08682766618962433, 'y_m': 0.15421083123754048, 'heading_rad': -1.574055015334719}
[can] backend=detectnet_native no detections
[map] motion direction=forward speed=0.6 effective_seconds=0.04878044128417969 pose={'x_m': -0.09188861010152832, 'y_m': 0.15419433913923722, 'heading_rad': -1.574055015334719}
[can] backend=detectnet_native no detections
[map] motion direction=forward speed=0.6 effective_seconds=0.04620623588562012 pose={'x_m': -0.09668248162136571, 'y_m': 0.1541787173497579, 'heading_rad': -1.574055015334719}
[can] backend=detectnet_native no detections
[map] motion direction=forward speed=0.6 effective_seconds=0.046018362045288086 pose={'x_m': -0.10145686133376136, 'y_m': 0.15416315907823297, 'heading_rad': -1.574055015334719}
[can] backend=detectnet_native no detections
[map] motion direction=forward speed=0.6 effective_seconds=0.04692482948303223 pose={'x_m': -0.10632528654348379, 'y_m': 0.15414729434063887, 'heading_rad': -1.574055015334719}
[can] backend=detectnet_native no detections
[map] motion direction=forward speed=0.6 effective_seconds=0.04662156105041504 pose={'x_m': -0.11116224782038148, 'y_m': 0.154131532134565, 'heading_rad': -1.574055015334719}
[can] backend=detectnet_native no detections
[map] motion direction=forward speed=0.6 effective_seconds=0.046534061431884766 pose={'x_m': -0.11599013106005693, 'y_m': 0.15411579951109172, 'heading_rad': -1.574055015334719}
[can] backend=detectnet_native no detections
[map] motion direction=forward speed=0.6 effective_seconds=0.046367645263671875 pose={'x_m': -0.12080074871395277, 'y_m': 0.15410012315098412, 'heading_rad': -1.574055015334719}
[can] backend=detectnet_native no detections
[map] motion direction=forward speed=0.6 effective_seconds=0.04642367362976074 pose={'x_m': -0.12561717927996638, 'y_m': 0.15408442784833937, 'heading_rad': -1.574055015334719}
[can] backend=detectnet_native no detections
[map] motion direction=forward speed=0.6 effective_seconds=0.04639625549316406 pose={'x_m': -0.13043076522941172, 'y_m': 0.15406874181544683, 'heading_rad': -1.574055015334719}
[can] backend=detectnet_native no detections
[map] motion direction=forward speed=0.6 effective_seconds=0.04657149314880371 pose={'x_m': -0.13526253198909777, 'y_m': 0.1540529965367466, 'heading_rad': -1.574055015334719}
[can] backend=detectnet_native no detections
[map] motion direction=forward speed=0.6 effective_seconds=0.04650592803955078 pose={'x_m': -0.14008749640481621, 'y_m': 0.15403727342484516, 'heading_rad': -1.574055015334719}
[can] backend=detectnet_native no detections
[map] motion direction=forward speed=0.6 effective_seconds=0.04687070846557617 pose={'x_m': -0.14495030658879082, 'y_m': 0.1540214269849359, 'heading_rad': -1.574055015334719}
[can] backend=detectnet_native no detections
[map] motion direction=forward speed=0.6 effective_seconds=0.04641318321228027 pose={'x_m': -0.1497656487797696, 'y_m': 0.15400573522897895, 'heading_rad': -1.574055015334719}
[can] backend=detectnet_native no detections
[map] motion direction=forward speed=0.6 effective_seconds=0.04612898826599121 pose={'x_m': -0.15455150590162334, 'y_m': 0.15399013955601895, 'heading_rad': -1.574055015334719}
[can] backend=detectnet_native no detections
[map] motion direction=forward speed=0.6 effective_seconds=0.046335458755493164 pose={'x_m': -0.159358784223026, 'y_m': 0.15397447407779438, 'heading_rad': -1.574055015334719}
[can] backend=detectnet_native no detections
[map] motion direction=forward speed=0.6 effective_seconds=0.04651284217834473 pose={'x_m': -0.16418446597683556, 'y_m': 0.15395874862830325, 'heading_rad': -1.574055015334719}
[can] backend=detectnet_native no detections
[map] motion direction=forward speed=0.6 effective_seconds=0.04640388488769531 pose={'x_m': -0.16899884347176078, 'y_m': 0.1539430600160014, 'heading_rad': -1.574055015334719}
[can] backend=detectnet_native no detections
[map] motion direction=forward speed=0.6 effective_seconds=0.04633903503417969 pose={'x_m': -0.17380649283010713, 'y_m': 0.1539273933286787, 'heading_rad': -1.574055015334719}
[can] backend=detectnet_native no detections
[map] motion direction=forward speed=0.6 effective_seconds=0.04787397384643555 pose={'x_m': -0.17877339124468433, 'y_m': 0.1539112076964446, 'heading_rad': -1.574055015334719}
[can] backend=detectnet_native no detections
[map] motion direction=forward speed=0.6 effective_seconds=0.04639291763305664 pose={'x_m': -0.18358663089298224, 'y_m': 0.15389552279204363, 'heading_rad': -1.574055015334719}
[can] backend=detectnet_native no detections
[map] motion direction=forward speed=0.6 effective_seconds=0.04655933380126953 pose={'x_m': -0.18841713612705976, 'y_m': 0.15387978162427698, 'heading_rad': -1.574055015334719}
[can] backend=detectnet_native no detections
[map] motion direction=forward speed=0.6 effective_seconds=0.04628133773803711 pose={'x_m': -0.1932187994227146, 'y_m': 0.15386413444373723, 'heading_rad': -1.574055015334719}
[can] backend=detectnet_native no detections
[map] motion direction=forward speed=0.6 effective_seconds=0.046532392501831055 pose={'x_m': -0.19804650951181635, 'y_m': 0.15384840238450972, 'heading_rad': -1.574055015334719}
[can] backend=detectnet_native no detections
[map] motion direction=forward speed=0.6 effective_seconds=0.04693269729614258 pose={'x_m': -0.2029157510028149, 'y_m': 0.15383253498689978, 'heading_rad': -1.574055015334719}
[can] backend=detectnet_native no detections
[map] motion direction=forward speed=0.6 effective_seconds=0.04639911651611328 pose={'x_m': -0.2077296337818152, 'y_m': 0.15381684798672873, 'heading_rad': -1.574055015334719}
[can] backend=detectnet_native no detections
[map] motion direction=forward speed=0.6 effective_seconds=0.046572208404541016 pose={'x_m': -0.21256147474888998, 'y_m': 0.15380110246620887, 'heading_rad': -1.574055015334719}
[can] backend=detectnet_native no detections
[map] motion direction=forward speed=0.6 effective_seconds=0.047514915466308594 pose={'x_m': -0.21749112105432092, 'y_m': 0.15378503822742562, 'heading_rad': -1.574055015334719}
[can] backend=detectnet_native no detections
[map] motion direction=forward speed=0.6 effective_seconds=0.046339988708496094 pose={'x_m': -0.22229886935585225, 'y_m': 0.15376937121767678, 'heading_rad': -1.574055015334719}
[can] backend=detectnet_native no detections
[map] motion direction=forward speed=0.6 effective_seconds=0.04700207710266113 pose={'x_m': -0.22717530896355834, 'y_m': 0.15375348036356337, 'heading_rad': -1.574055015334719}
[can] backend=detectnet_native no detections
[map] motion direction=forward speed=0.6 effective_seconds=0.04643392562866211 pose={'x_m': -0.23199280316881052, 'y_m': 0.15373778159483734, 'heading_rad': -1.574055015334719}
[can] backend=detectnet_native no detections
[map] motion direction=forward speed=0.6 effective_seconds=0.046680450439453125 pose={'x_m': -0.23683587418738095, 'y_m': 0.15372199947894782, 'heading_rad': -1.574055015334719}
[can] backend=detectnet_native no detections
[map] motion direction=forward speed=0.6 effective_seconds=0.046326637268066406 pose={'x_m': -0.2416422372843225, 'y_m': 0.15370633698316527, 'heading_rad': -1.574055015334719}
[can] backend=detectnet_native no detections
[map] motion direction=forward speed=0.6 effective_seconds=0.04660940170288086 pose={'x_m': -0.24647793703561163, 'y_m': 0.153690578888025, 'heading_rad': -1.574055015334719}
[can] backend=detectnet_native no detections
[map] motion direction=forward speed=0.6 effective_seconds=0.04606938362121582 pose={'x_m': -0.25125761020840387, 'y_m': 0.15367500336670029, 'heading_rad': -1.574055015334719}
[can] backend=detectnet_native no detections
[map] motion direction=forward speed=0.6 effective_seconds=0.04630088806152344 pose={'x_m': -0.2560613018393509, 'y_m': 0.1536593495764242, 'heading_rad': -1.574055015334719}
[can] backend=detectnet_native no detections
[map] motion direction=forward speed=0.6 effective_seconds=0.046221017837524414 pose={'x_m': -0.2608567069785555, 'y_m': 0.15364372278933933, 'heading_rad': -1.574055015334719}
[can] backend=detectnet_native no detections
[map] motion direction=forward speed=0.6 effective_seconds=0.04662036895751953 pose={'x_m': -0.265693544576472, 'y_m': 0.1536279609862982, 'heading_rad': -1.574055015334719}
[can] backend=detectnet_native no detections
[map] motion direction=forward speed=0.6 effective_seconds=0.04648756980895996 pose={'x_m': -0.2705166043358795, 'y_m': 0.1536122440811004, 'heading_rad': -1.574055015334719}
[can] backend=detectnet_native no detections
[map] motion direction=forward speed=0.6 effective_seconds=0.046639442443847656 pose={'x_m': -0.2753554207974956, 'y_m': 0.15359647582953598, 'heading_rad': -1.574055015334719}
[can] backend=detectnet_native no detections
[map] motion direction=forward speed=0.6 effective_seconds=0.046669721603393555 pose={'x_m': -0.2801973787052349, 'y_m': 0.15358069734094082, 'heading_rad': -1.574055015334719}
[can] backend=detectnet_native no detections
[map] motion direction=forward speed=0.6 effective_seconds=0.04597592353820801 pose={'x_m': -0.2849673554458988, 'y_m': 0.1535651534173802, 'heading_rad': -1.574055015334719}
[can] backend=detectnet_native no detections
[map] motion direction=forward speed=0.6 effective_seconds=0.046488046646118164 pose={'x_m': -0.2897904646768988, 'y_m': 0.15354943635096935, 'heading_rad': -1.574055015334719}
[can] backend=detectnet_native no detections
[map] motion direction=forward speed=0.6 effective_seconds=0.04619145393371582 pose={'x_m': -0.2945828025773689, 'y_m': 0.1535338195590956, 'heading_rad': -1.574055015334719}
[can] backend=detectnet_native no detections
[map] motion direction=forward speed=0.6 effective_seconds=0.046640634536743164 pose={'x_m': -0.2994217427179663, 'y_m': 0.15351805090449844, 'heading_rad': -1.574055015334719}
[can] backend=detectnet_native no detections
[map] motion direction=forward speed=0.6 effective_seconds=0.04635787010192871 pose={'x_m': -0.30423134620421605, 'y_m': 0.15350237784925902, 'heading_rad': -1.574055015334719}
[map] motion direction=forward speed=0.6 effective_seconds=0.01758861541748047 pose={'x_m': -0.306056155364866, 'y_m': 0.15349643134351107, 'heading_rad': -1.574055015334719}
[base] continuous stop label=search_can_routine_2_step_2 elapsed=0.018s
[base] stop
[can] backend=detectnet_native no detections
[base] continuous start label=search_can_routine_2_step_3 direction=left requested_speed=0.15 effective_speed=0.15
[can] backend=detectnet_native no detections
[map] motion direction=left speed=0.15 effective_seconds=0.04602503776550293 pose={'x_m': -0.306056155364866, 'y_m': 0.15349643134351107, 'heading_rad': -1.581999626352593}
[can] backend=detectnet_native no detections
[map] motion direction=left speed=0.15 effective_seconds=0.04637002944946289 pose={'x_m': -0.306056155364866, 'y_m': 0.15349643134351107, 'heading_rad': -1.5900037881034275}
[can] backend=detectnet_native no detections
[map] motion direction=left speed=0.15 effective_seconds=0.04657340049743652 pose={'x_m': -0.306056155364866, 'y_m': 0.15349643134351107, 'heading_rad': -1.598043054743837}
[can] backend=detectnet_native no detections
[map] motion direction=left speed=0.15 effective_seconds=0.04606318473815918 pose={'x_m': -0.306056155364866, 'y_m': 0.15349643134351107, 'heading_rad': -1.60599425050067}
[can] backend=detectnet_native no detections
[map] motion direction=left speed=0.15 effective_seconds=0.04619288444519043 pose={'x_m': -0.306056155364866, 'y_m': 0.15349643134351107, 'heading_rad': -1.6139678343699635}
[can] backend=detectnet_native no detections
[map] motion direction=left speed=0.15 effective_seconds=0.047393798828125 pose={'x_m': -0.306056155364866, 'y_m': 0.15349643134351107, 'heading_rad': -1.6221487140526096}
[can] backend=detectnet_native no detections
[map] motion direction=left speed=0.15 effective_seconds=0.04628491401672363 pose={'x_m': -0.306056155364866, 'y_m': 0.15349643134351107, 'heading_rad': -1.6301381836046418}
[can] backend=detectnet_native detections=1 best_confidence=0.214
[can] backend=detectnet_native confidence=0.214 class_id=1 center=(125.6,124.1) error_x=-0.107 bbox=[116.09375, 106.171875, 135.15625, 142.03125]
[map] motion direction=left speed=0.15 effective_seconds=0.06410098075866699 pose={'x_m': -0.306056155364866, 'y_m': 0.15349643134351107, 'heading_rad': -1.641202973178232}
[base] continuous stop label=search_can_routine_2_step_3 elapsed=0.064s
[base] stop
[fsm] SEARCHING --TARGET_FOUND--> ALIGNING
[can] backend=detectnet_native detections=1 best_confidence=0.217
[can] backend=detectnet_native confidence=0.217 class_id=1 center=(128.0,125.4) error_x=-0.100 bbox=[119.0625, 107.75390625, 137.03125, 142.96875]
[base] stop
[fsm] ALIGNING --TARGET_ALIGNED--> APPROACHING
[can] backend=detectnet_native detections=1 best_confidence=0.251
[can] backend=detectnet_native confidence=0.251 class_id=1 center=(129.3,125.2) error_x=-0.096 bbox=[120.0, 106.640625, 138.59375, 143.671875]
[base] continuous start label=exp1_can_approach direction=forward requested_speed=0.6 effective_speed=0.6
[exp1] continuous displacement speed=0.6 duration_seconds=2.4 remaining=2.400
[can] backend=detectnet_native detections=1 best_confidence=0.256
[can] backend=detectnet_native confidence=0.256 class_id=1 center=(129.5,125.7) error_x=-0.095 bbox=[119.765625, 106.40625, 139.140625, 145.078125]
[can] backend=detectnet_native detections=1 best_confidence=0.294
[can] backend=detectnet_native confidence=0.294 class_id=1 center=(129.4,124.9) error_x=-0.096 bbox=[119.6875, 106.34765625, 139.0625, 143.4375]
[can] backend=detectnet_native detections=1 best_confidence=0.283
[can] backend=detectnet_native confidence=0.283 class_id=1 center=(129.6,125.2) error_x=-0.095 bbox=[120.15625, 106.40625, 139.0625, 143.90625]
[can] backend=detectnet_native detections=1 best_confidence=0.225
[can] backend=detectnet_native confidence=0.225 class_id=1 center=(129.2,126.0) error_x=-0.096 bbox=[119.609375, 107.2265625, 138.828125, 144.7265625]
[can] backend=detectnet_native detections=1 best_confidence=0.269
[can] backend=detectnet_native confidence=0.269 class_id=1 center=(129.2,124.3) error_x=-0.096 bbox=[119.84375, 105.703125, 138.59375, 142.96875]
[can] backend=detectnet_native detections=1 best_confidence=0.204
[can] backend=detectnet_native confidence=0.204 class_id=1 center=(128.7,126.4) error_x=-0.098 bbox=[118.90625, 107.6953125, 138.4375, 145.1953125]
[can] backend=detectnet_native detections=1 best_confidence=0.228
[can] backend=detectnet_native confidence=0.228 class_id=1 center=(129.1,126.1) error_x=-0.097 bbox=[119.296875, 107.109375, 138.828125, 145.078125]
[can] backend=detectnet_native detections=1 best_confidence=0.239
[can] backend=detectnet_native confidence=0.239 class_id=1 center=(128.0,126.3) error_x=-0.100 bbox=[118.4375, 106.875, 137.65625, 145.78125]
[can] backend=detectnet_native detections=1 best_confidence=0.224
[can] backend=detectnet_native confidence=0.224 class_id=1 center=(127.9,124.5) error_x=-0.100 bbox=[118.671875, 105.46875, 137.109375, 143.4375]
[can] backend=detectnet_native detections=1 best_confidence=0.221
[can] backend=detectnet_native confidence=0.221 class_id=1 center=(128.4,124.2) error_x=-0.099 bbox=[119.609375, 103.88671875, 137.109375, 144.4921875]
[can] backend=detectnet_native detections=1 best_confidence=0.208
[can] backend=detectnet_native confidence=0.208 class_id=1 center=(128.4,123.5) error_x=-0.099 bbox=[119.21875, 103.9453125, 137.65625, 143.0859375]
[can] backend=detectnet_native detections=1 best_confidence=0.201
[can] backend=detectnet_native confidence=0.201 class_id=1 center=(128.3,124.8) error_x=-0.099 bbox=[118.90625, 106.34765625, 137.65625, 143.203125]
[can] backend=detectnet_native no detections
[map] motion direction=forward speed=0.6 effective_seconds=0.6297340393066406 pose={'x_m': -0.37122919312881797, 'y_m': 0.14890021918752452, 'heading_rad': -1.641202973178232}
[base] continuous stop label=exp1_can_approach elapsed=0.630s
[base] stop
[can] backend=detectnet_native no detections
[base] stop
[can] backend=detectnet_native no detections
[base] stop
[can] backend=detectnet_native no detections
[base] stop
[fsm] APPROACHING --TARGET_MISSING--> SEARCHING reason=exp1 approach target lost
[can] backend=detectnet_native detections=1 best_confidence=0.205
[can] backend=detectnet_native confidence=0.205 class_id=1 center=(128.8,126.8) error_x=-0.098 bbox=[119.375, 103.828125, 138.125, 149.765625]
[base] stop
[fsm] SEARCHING --TARGET_FOUND--> ALIGNING
[can] backend=detectnet_native no detections
[base] stop
[can] backend=detectnet_native detections=1 best_confidence=0.209
[can] backend=detectnet_native confidence=0.209 class_id=1 center=(129.6,128.9) error_x=-0.095 bbox=[119.84375, 106.7578125, 139.375, 151.0546875]
[base] stop
[fsm] ALIGNING --TARGET_ALIGNED--> APPROACHING
[can] backend=detectnet_native detections=1 best_confidence=0.206
[can] backend=detectnet_native confidence=0.206 class_id=1 center=(130.6,128.5) error_x=-0.092 bbox=[120.859375, 106.69921875, 140.390625, 150.234375]
[base] continuous start label=exp1_can_approach direction=forward requested_speed=0.6 effective_speed=0.6
[exp1] continuous displacement speed=0.6 duration_seconds=2.4 remaining=2.400
[can] backend=detectnet_native detections=1 best_confidence=0.222
[can] backend=detectnet_native confidence=0.222 class_id=1 center=(130.5,128.9) error_x=-0.092 bbox=[120.78125, 106.640625, 140.3125, 151.171875]
[can] backend=detectnet_native no detections
[map] motion direction=forward speed=0.6 effective_seconds=0.10935378074645996 pose={'x_m': -0.3825465392422136, 'y_m': 0.14810208355406987, 'heading_rad': -1.641202973178232}
[base] continuous stop label=exp1_can_approach elapsed=0.109s
[base] stop
[can] backend=detectnet_native detections=1 best_confidence=0.224
[can] backend=detectnet_native confidence=0.224 class_id=1 center=(130.2,130.5) error_x=-0.093 bbox=[120.390625, 108.92578125, 139.921875, 152.109375]
[base] continuous start label=exp1_can_approach direction=forward requested_speed=0.6 effective_speed=0.6
[exp1] continuous displacement speed=0.6 duration_seconds=2.4 remaining=2.308
[can] backend=detectnet_native no detections
[map] motion direction=forward speed=0.6 effective_seconds=0.06265497207641602 pose={'x_m': -0.38903088756445386, 'y_m': 0.1476447864630508, 'heading_rad': -1.641202973178232}
[base] continuous stop label=exp1_can_approach elapsed=0.063s
[base] stop
[can] backend=detectnet_native no detections
[base] stop
[can] backend=detectnet_native detections=1 best_confidence=0.263
[can] backend=detectnet_native confidence=0.263 class_id=1 center=(129.2,129.2) error_x=-0.096 bbox=[117.65625, 105.05859375, 140.78125, 153.28125]
[base] continuous start label=exp1_can_approach direction=forward requested_speed=0.6 effective_speed=0.6
[exp1] continuous displacement speed=0.6 duration_seconds=2.4 remaining=2.262
[can] backend=detectnet_native detections=1 best_confidence=0.205
[can] backend=detectnet_native confidence=0.205 class_id=1 center=(130.2,128.9) error_x=-0.093 bbox=[120.0, 105.5859375, 140.3125, 152.2265625]
[can] backend=detectnet_native no detections
[map] motion direction=forward speed=0.6 effective_seconds=0.11060118675231934 pose={'x_m': -0.40047733141380226, 'y_m': 0.14683754644220445, 'heading_rad': -1.641202973178232}
[base] continuous stop label=exp1_can_approach elapsed=0.111s
[base] stop
[can] backend=detectnet_native no detections
[base] stop
[can] backend=detectnet_native detections=1 best_confidence=0.234
[can] backend=detectnet_native confidence=0.234 class_id=1 center=(129.1,130.3) error_x=-0.096 bbox=[118.828125, 108.515625, 139.453125, 152.109375]
[base] continuous start label=exp1_can_approach direction=forward requested_speed=0.6 effective_speed=0.6
[exp1] continuous displacement speed=0.6 duration_seconds=2.4 remaining=2.170
[can] backend=detectnet_native detections=1 best_confidence=0.528
[can] backend=detectnet_native confidence=0.528 class_id=1 center=(126.7,128.6) error_x=-0.104 bbox=[115.703125, 102.3046875, 137.734375, 154.8046875]
[can] backend=detectnet_native detections=1 best_confidence=0.465
[can] backend=detectnet_native confidence=0.465 class_id=1 center=(127.0,128.9) error_x=-0.103 bbox=[116.25, 104.296875, 137.65625, 153.515625]
[can] backend=detectnet_native detections=1 best_confidence=0.405
[can] backend=detectnet_native confidence=0.405 class_id=1 center=(128.2,130.5) error_x=-0.099 bbox=[116.953125, 105.5859375, 139.53125, 155.390625]
[can] backend=detectnet_native detections=1 best_confidence=0.353
[can] backend=detectnet_native confidence=0.353 class_id=1 center=(128.1,130.1) error_x=-0.100 bbox=[116.953125, 104.53125, 139.21875, 155.625]
[can] backend=detectnet_native detections=1 best_confidence=0.410
[can] backend=detectnet_native confidence=0.410 class_id=1 center=(127.6,129.4) error_x=-0.101 bbox=[116.09375, 103.7109375, 139.0625, 155.0390625]
[can] backend=detectnet_native detections=1 best_confidence=0.342
[can] backend=detectnet_native confidence=0.342 class_id=1 center=(127.3,129.3) error_x=-0.102 bbox=[115.546875, 102.36328125, 139.140625, 156.328125]
[can] backend=detectnet_native detections=1 best_confidence=0.436
[can] backend=detectnet_native confidence=0.436 class_id=1 center=(126.9,130.5) error_x=-0.104 bbox=[115.234375, 103.0078125, 138.515625, 158.0859375]
[can] backend=detectnet_native detections=1 best_confidence=0.564
[can] backend=detectnet_native confidence=0.564 class_id=1 center=(125.5,130.6) error_x=-0.108 bbox=[113.59375, 102.24609375, 137.421875, 158.90625]
[can] backend=detectnet_native detections=1 best_confidence=0.546
[can] backend=detectnet_native confidence=0.546 class_id=1 center=(125.2,131.5) error_x=-0.109 bbox=[113.125, 103.9453125, 137.34375, 159.0234375]
[can] backend=detectnet_native detections=1 best_confidence=0.606
[can] backend=detectnet_native confidence=0.606 class_id=1 center=(125.0,130.1) error_x=-0.109 bbox=[113.046875, 102.0703125, 136.953125, 158.0859375]
[can] backend=detectnet_native detections=1 best_confidence=0.764
[can] backend=detectnet_native confidence=0.764 class_id=1 center=(124.8,130.3) error_x=-0.110 bbox=[110.859375, 100.546875, 138.75, 159.9609375]
[can] backend=detectnet_native detections=1 best_confidence=0.639
[can] backend=detectnet_native confidence=0.639 class_id=1 center=(125.0,130.9) error_x=-0.109 bbox=[111.5625, 101.19140625, 138.4375, 160.6640625]
[can] backend=detectnet_native detections=1 best_confidence=0.679
[can] backend=detectnet_native confidence=0.679 class_id=1 center=(124.5,131.5) error_x=-0.111 bbox=[111.328125, 101.484375, 137.734375, 161.6015625]
[can] backend=detectnet_native detections=1 best_confidence=0.766
[can] backend=detectnet_native confidence=0.766 class_id=1 center=(125.2,130.9) error_x=-0.109 bbox=[111.09375, 101.015625, 139.21875, 160.78125]
[can] backend=detectnet_native detections=1 best_confidence=0.797
[can] backend=detectnet_native confidence=0.797 class_id=1 center=(124.4,131.7) error_x=-0.111 bbox=[109.765625, 101.3671875, 138.984375, 162.0703125]
[can] backend=detectnet_native detections=1 best_confidence=0.885
[can] backend=detectnet_native confidence=0.885 class_id=1 center=(124.4,132.1) error_x=-0.111 bbox=[110.625, 100.78125, 138.125, 163.359375]
[can] backend=detectnet_native detections=1 best_confidence=0.913
[can] backend=detectnet_native confidence=0.913 class_id=1 center=(124.1,130.2) error_x=-0.112 bbox=[109.609375, 98.26171875, 138.515625, 162.0703125]
[can] backend=detectnet_native detections=1 best_confidence=0.897
[can] backend=detectnet_native confidence=0.897 class_id=1 center=(123.7,131.0) error_x=-0.114 bbox=[108.75, 98.3203125, 138.59375, 163.7109375]
[can] backend=detectnet_native detections=1 best_confidence=0.914
[can] backend=detectnet_native confidence=0.914 class_id=1 center=(122.9,131.4) error_x=-0.116 bbox=[107.890625, 98.0859375, 137.8125, 164.6484375]
[can] backend=detectnet_native detections=1 best_confidence=0.945
[can] backend=detectnet_native confidence=0.945 class_id=1 center=(123.5,132.3) error_x=-0.114 bbox=[109.375, 100.25390625, 137.578125, 164.296875]
[can] backend=detectnet_native detections=1 best_confidence=0.962
[can] backend=detectnet_native confidence=0.962 class_id=1 center=(124.2,131.4) error_x=-0.112 bbox=[107.8125, 98.203125, 140.625, 164.53125]
[can] backend=detectnet_native detections=1 best_confidence=0.970
[can] backend=detectnet_native confidence=0.970 class_id=1 center=(123.7,132.8) error_x=-0.114 bbox=[107.8125, 100.4296875, 139.53125, 165.1171875]
[can] backend=detectnet_native detections=1 best_confidence=0.961
[can] backend=detectnet_native confidence=0.961 class_id=1 center=(122.4,131.9) error_x=-0.117 bbox=[107.5, 99.375, 137.34375, 164.4140625]
[can] backend=detectnet_native detections=1 best_confidence=0.980
[can] backend=detectnet_native confidence=0.980 class_id=1 center=(122.5,132.6) error_x=-0.117 bbox=[106.796875, 99.7265625, 138.125, 165.46875]
[can] backend=detectnet_native detections=1 best_confidence=0.981
[can] backend=detectnet_native confidence=0.981 class_id=1 center=(123.6,133.4) error_x=-0.114 bbox=[106.796875, 99.78515625, 140.46875, 167.109375]
[can] backend=detectnet_native detections=1 best_confidence=0.997
[can] backend=detectnet_native confidence=0.997 class_id=1 center=(123.0,132.5) error_x=-0.116 bbox=[104.921875, 96.328125, 141.015625, 168.75]
[can] backend=detectnet_native detections=1 best_confidence=0.995
[can] backend=detectnet_native confidence=0.995 class_id=1 center=(123.4,133.4) error_x=-0.114 bbox=[105.46875, 97.8515625, 141.40625, 168.984375]
[can] backend=detectnet_native detections=1 best_confidence=0.995
[can] backend=detectnet_native confidence=0.995 class_id=1 center=(123.6,133.7) error_x=-0.114 bbox=[105.625, 97.6171875, 141.5625, 169.8046875]
[can] backend=detectnet_native detections=1 best_confidence=0.994
[can] backend=detectnet_native confidence=0.994 class_id=1 center=(122.4,134.5) error_x=-0.117 bbox=[103.90625, 97.03125, 140.9375, 171.9140625]
[can] backend=detectnet_native detections=1 best_confidence=0.988
[can] backend=detectnet_native confidence=0.988 class_id=1 center=(121.5,133.6) error_x=-0.120 bbox=[103.828125, 97.08984375, 139.21875, 170.15625]
[map] motion direction=forward speed=0.6 effective_seconds=1.408733606338501 pose={'x_m': -0.5462713377634272, 'y_m': 0.13655568438321714, 'heading_rad': -1.641202973178232}
[base] continuous stop label=exp1_can_approach elapsed=1.409s
[base] stop
[base] continuous start label=exp1_can_steer direction=left requested_speed=0.15 effective_speed=0.15
[visual-turn] label=exp1_can_steer direction=left speed=0.15
[exp1] visual steering direction=left error_x=-0.120
[can] backend=detectnet_native detections=1 best_confidence=0.978
[can] backend=detectnet_native confidence=0.978 class_id=1 center=(120.5,133.6) error_x=-0.124 bbox=[101.5625, 96.5625, 139.375, 170.625]
[exp1] visual steering direction=left error_x=-0.124
[can] backend=detectnet_native detections=1 best_confidence=0.963
[can] backend=detectnet_native confidence=0.963 class_id=1 center=(119.7,132.4) error_x=-0.126 bbox=[100.0, 91.7578125, 139.375, 172.96875]
[exp1] visual steering direction=left error_x=-0.126
[can] backend=detectnet_native detections=1 best_confidence=0.963
[can] backend=detectnet_native confidence=0.963 class_id=1 center=(119.8,133.2) error_x=-0.125 bbox=[99.84375, 93.1640625, 139.84375, 173.203125]
[exp1] visual steering direction=left error_x=-0.125
[can] backend=detectnet_native detections=1 best_confidence=0.979
[can] backend=detectnet_native confidence=0.979 class_id=1 center=(119.9,133.8) error_x=-0.125 bbox=[99.453125, 93.22265625, 140.390625, 174.375]
[exp1] visual steering direction=left error_x=-0.125
[can] backend=detectnet_native detections=1 best_confidence=0.991
[can] backend=detectnet_native confidence=0.991 class_id=1 center=(120.1,134.4) error_x=-0.125 bbox=[100.234375, 96.15234375, 139.921875, 172.734375]
[exp1] visual steering direction=left error_x=-0.125
[can] backend=detectnet_native detections=1 best_confidence=0.994
[can] backend=detectnet_native confidence=0.994 class_id=1 center=(120.7,134.6) error_x=-0.123 bbox=[101.5625, 94.453125, 139.921875, 174.84375]
[exp1] visual steering direction=left error_x=-0.123
[can] backend=detectnet_native detections=1 best_confidence=1.000
[can] backend=detectnet_native confidence=1.000 class_id=1 center=(124.7,134.7) error_x=-0.110 bbox=[105.859375, 94.98046875, 143.59375, 174.4921875]
[map] motion direction=left speed=0.15 effective_seconds=0.3487553596496582 pose={'x_m': -0.5462713377634272, 'y_m': 0.13655568438321714, 'heading_rad': -1.7014033729461169}
[base] continuous stop label=exp1_can_steer elapsed=0.349s
[base] stop
[base] continuous start label=exp1_can_approach direction=forward requested_speed=0.6 effective_speed=0.6
[exp1] continuous displacement speed=0.6 duration_seconds=2.4 remaining=0.777
[can] backend=detectnet_native detections=1 best_confidence=1.000
[can] backend=detectnet_native confidence=1.000 class_id=1 center=(126.8,133.2) error_x=-0.104 bbox=[107.734375, 92.8125, 145.859375, 173.671875]
[can] backend=detectnet_native detections=1 best_confidence=1.000
[can] backend=detectnet_native confidence=1.000 class_id=1 center=(127.0,132.0) error_x=-0.103 bbox=[106.875, 90.52734375, 147.1875, 173.4375]
[can] backend=detectnet_native detections=1 best_confidence=1.000
[can] backend=detectnet_native confidence=1.000 class_id=1 center=(127.7,133.5) error_x=-0.101 bbox=[108.515625, 93.515625, 146.953125, 173.4375]
[can] backend=detectnet_native detections=1 best_confidence=1.000
[can] backend=detectnet_native confidence=1.000 class_id=1 center=(127.3,135.2) error_x=-0.102 bbox=[108.359375, 94.21875, 146.25, 176.1328125]
[can] backend=detectnet_native detections=1 best_confidence=1.000
[can] backend=detectnet_native confidence=1.000 class_id=1 center=(127.2,133.6) error_x=-0.103 bbox=[107.578125, 92.05078125, 146.796875, 175.078125]
[can] backend=detectnet_native detections=1 best_confidence=1.000
[can] backend=detectnet_native confidence=1.000 class_id=1 center=(127.0,133.7) error_x=-0.103 bbox=[106.328125, 90.41015625, 147.65625, 177.0703125]
[can] backend=detectnet_native detections=1 best_confidence=1.000
[can] backend=detectnet_native confidence=1.000 class_id=1 center=(126.9,135.4) error_x=-0.103 bbox=[106.171875, 91.2890625, 147.65625, 179.4140625]
[can] backend=detectnet_native detections=1 best_confidence=1.000
[can] backend=detectnet_native confidence=1.000 class_id=1 center=(127.6,136.1) error_x=-0.101 bbox=[106.328125, 91.46484375, 148.828125, 180.703125]
[can] backend=detectnet_native detections=1 best_confidence=1.000
[can] backend=detectnet_native confidence=1.000 class_id=1 center=(127.4,136.2) error_x=-0.102 bbox=[105.78125, 92.87109375, 149.0625, 179.53125]
[can] backend=detectnet_native detections=1 best_confidence=1.000
[can] backend=detectnet_native confidence=1.000 class_id=1 center=(127.2,137.8) error_x=-0.103 bbox=[105.703125, 92.6953125, 148.671875, 182.8125]
[can] backend=detectnet_native detections=1 best_confidence=1.000
[can] backend=detectnet_native confidence=1.000 class_id=1 center=(126.9,137.8) error_x=-0.104 bbox=[105.625, 92.578125, 148.125, 183.046875]
[can] backend=detectnet_native detections=1 best_confidence=1.000
[can] backend=detectnet_native confidence=1.000 class_id=1 center=(126.4,138.0) error_x=-0.105 bbox=[105.234375, 92.109375, 147.65625, 183.984375]
[can] backend=detectnet_native detections=1 best_confidence=1.000
[can] backend=detectnet_native confidence=1.000 class_id=1 center=(126.6,137.3) error_x=-0.104 bbox=[104.84375, 89.8828125, 148.4375, 184.8046875]
[can] backend=detectnet_native detections=1 best_confidence=1.000
[can] backend=detectnet_native confidence=1.000 class_id=1 center=(126.4,138.8) error_x=-0.105 bbox=[103.125, 88.7109375, 149.6875, 188.7890625]
[can] backend=detectnet_native detections=1 best_confidence=1.000
[can] backend=detectnet_native confidence=1.000 class_id=1 center=(125.5,138.6) error_x=-0.108 bbox=[101.5625, 87.421875, 149.375, 189.84375]
[can] backend=detectnet_native detections=1 best_confidence=0.999
[can] backend=detectnet_native confidence=0.999 class_id=1 center=(124.5,140.4) error_x=-0.111 bbox=[101.40625, 91.7578125, 147.65625, 189.0234375]
[can] backend=detectnet_native detections=1 best_confidence=0.997
[can] backend=detectnet_native confidence=0.997 class_id=1 center=(125.5,138.7) error_x=-0.108 bbox=[100.0, 86.6015625, 151.015625, 190.78125]
[can] backend=detectnet_native detections=1 best_confidence=0.996
[can] backend=detectnet_native confidence=0.996 class_id=1 center=(126.0,141.3) error_x=-0.106 bbox=[100.390625, 88.125, 151.5625, 194.4140625]
[map] motion direction=forward speed=0.6 effective_seconds=0.8525874614715576 pose={'x_m': -0.6339739090862612, 'y_m': 0.1250355316307189, 'heading_rad': -1.7014033729461169}
[base] continuous stop label=exp1_can_approach elapsed=0.853s
[base] stop
[exp1] continuous can approach complete active_seconds=2.431
[fsm] APPROACHING --TARGET_REACHED--> FINAL_VERIFY
[can] backend=detectnet_native detections=1 best_confidence=0.996
[can] backend=detectnet_native confidence=0.996 class_id=1 center=(121.9,135.4) error_x=-0.119 bbox=[94.296875, 76.9921875, 149.53125, 193.7109375]
[base] continuous start label=align_can direction=left requested_speed=0.15 effective_speed=0.15
[visual-turn] label=align_can direction=left speed=0.15
[can] backend=detectnet_native detections=1 best_confidence=0.972
[can] backend=detectnet_native confidence=0.972 class_id=1 center=(120.9,139.1) error_x=-0.122 bbox=[91.71875, 82.44140625, 150.078125, 195.703125]
[can] backend=detectnet_native detections=1 best_confidence=0.981
[can] backend=detectnet_native confidence=0.981 class_id=1 center=(122.7,139.2) error_x=-0.117 bbox=[95.234375, 81.9140625, 150.15625, 196.5234375]
[can] backend=detectnet_native detections=1 best_confidence=0.980
[can] backend=detectnet_native confidence=0.980 class_id=1 center=(123.3,138.8) error_x=-0.115 bbox=[95.703125, 78.3984375, 150.9375, 199.21875]
[can] backend=detectnet_native detections=1 best_confidence=0.987
[can] backend=detectnet_native confidence=0.987 class_id=1 center=(124.5,139.8) error_x=-0.111 bbox=[96.5625, 83.0859375, 152.34375, 196.5234375]
[can] backend=detectnet_native detections=1 best_confidence=0.973
[can] backend=detectnet_native confidence=0.973 class_id=1 center=(124.7,139.5) error_x=-0.110 bbox=[97.03125, 81.2109375, 152.34375, 197.6953125]
[can] backend=detectnet_native detections=1 best_confidence=0.993
[can] backend=detectnet_native confidence=0.993 class_id=1 center=(126.3,142.8) error_x=-0.105 bbox=[98.671875, 86.07421875, 153.90625, 199.453125]
[can] backend=detectnet_native detections=1 best_confidence=0.989
[can] backend=detectnet_native confidence=0.989 class_id=1 center=(129.1,143.7) error_x=-0.096 bbox=[103.203125, 86.953125, 155.078125, 200.390625]
[can] backend=detectnet_native detections=1 best_confidence=0.994
[can] backend=detectnet_native confidence=0.994 class_id=1 center=(128.7,140.1) error_x=-0.098 bbox=[99.84375, 81.85546875, 157.578125, 198.28125]
[can] backend=detectnet_native detections=1 best_confidence=0.994
[can] backend=detectnet_native confidence=0.994 class_id=1 center=(128.6,140.4) error_x=-0.098 bbox=[99.921875, 82.20703125, 157.1875, 198.6328125]
[can] backend=detectnet_native detections=1 best_confidence=0.847
[can] backend=detectnet_native confidence=0.847 class_id=1 center=(131.1,140.0) error_x=-0.090 bbox=[102.890625, 82.55859375, 159.296875, 197.34375]
[can] backend=detectnet_native detections=1 best_confidence=0.841
[can] backend=detectnet_native confidence=0.841 class_id=1 center=(132.0,140.4) error_x=-0.088 bbox=[103.59375, 83.3203125, 160.3125, 197.578125]
[can] backend=detectnet_native detections=1 best_confidence=0.721
[can] backend=detectnet_native confidence=0.721 class_id=1 center=(139.7,140.6) error_x=-0.063 bbox=[112.109375, 85.3125, 167.34375, 195.9375]
[can] backend=detectnet_native detections=1 best_confidence=0.964
[can] backend=detectnet_native confidence=0.964 class_id=1 center=(139.7,139.7) error_x=-0.063 bbox=[112.890625, 83.0859375, 166.5625, 196.40625]
[can] backend=detectnet_native detections=1 best_confidence=0.981
[can] backend=detectnet_native confidence=0.981 class_id=1 center=(140.2,140.5) error_x=-0.062 bbox=[112.5, 83.61328125, 167.96875, 197.4609375]
[can] backend=detectnet_native detections=1 best_confidence=0.987
[can] backend=detectnet_native confidence=0.987 class_id=1 center=(143.6,142.2) error_x=-0.051 bbox=[115.3125, 85.6640625, 171.875, 198.75]
[can] backend=detectnet_native detections=1 best_confidence=0.988
[can] backend=detectnet_native confidence=0.988 class_id=1 center=(144.2,141.7) error_x=-0.049 bbox=[115.234375, 85.01953125, 173.125, 198.28125]
[can] backend=detectnet_native detections=1 best_confidence=0.997
[can] backend=detectnet_native confidence=0.997 class_id=1 center=(148.4,140.9) error_x=-0.036 bbox=[119.0625, 78.6328125, 177.65625, 203.203125]
[map] motion direction=left speed=0.15 effective_seconds=0.810492992401123 pose={'x_m': -0.6339739090862612, 'y_m': 0.1250355316307189, 'heading_rad': -1.841306605402905}
[base] continuous stop label=align_can elapsed=0.810s
[base] stop
[can] backend=detectnet_native detections=1 best_confidence=0.992
[can] backend=detectnet_native confidence=0.992 class_id=1 center=(148.7,141.8) error_x=-0.035 bbox=[119.0625, 83.671875, 178.28125, 199.921875]
[base] stop
[fsm] FINAL_VERIFY --TARGET_STABLE--> FINALIZING
[arm] pose arm_down
[arm] arm_down servo=5 angle=0 speed=85
[arm] arm_down servo=4 angle=0 speed=85
[arm] arm_down servo=3 angle=45 speed=85
[arm] arm_down servo=2 angle=105 speed=85
[arm] arm_down servo=1 angle=-16 speed=85
[arm-position] arm_down waiting for motion to settle servos=[1, 2, 3, 4, 5] stability_delta=3 min_wait=0.5 timeout=10.0 stable_samples=2
[arm-position] arm_down waiting positions={1: 440, 2: 613, 3: 641, 4: 497, 5: 509} movement={} read_errors=[]
[arm-position] arm_down waiting positions={1: 440, 2: 626, 3: 655, 4: 497, 5: 509} movement={1: 0, 2: 13, 3: 14, 4: 0, 5: 0} read_errors=[]
[arm-position] arm_down waiting positions={1: 440, 2: 640, 3: 666, 4: 497, 5: 509} movement={1: 0, 2: 14, 3: 11, 4: 0, 5: 0} read_errors=[]
[arm-position] arm_down waiting positions={1: 440, 2: 654, 3: 679, 4: 497, 5: 509} movement={1: 0, 2: 14, 3: 13, 4: 0, 5: 0} read_errors=[]
[arm-position] arm_down waiting positions={1: 440, 2: 668, 3: 693, 4: 497, 5: 509} movement={1: 0, 2: 14, 3: 14, 4: 0, 5: 0} read_errors=[]
[arm-position] arm_down waiting positions={1: 440, 2: 680, 3: 706, 4: 497, 5: 509} movement={1: 0, 2: 12, 3: 13, 4: 0, 5: 0} read_errors=[]
[arm-position] arm_down waiting positions={1: 440, 2: 694, 3: 716, 4: 497, 5: 509} movement={1: 0, 2: 14, 3: 10, 4: 0, 5: 0} read_errors=[]
[arm-position] arm_down waiting positions={1: 440, 2: 708, 3: 717, 4: 497, 5: 509} movement={1: 0, 2: 14, 3: 1, 4: 0, 5: 0} read_errors=[]
[arm-position] arm_down waiting positions={1: 440, 2: 722, 3: 718, 4: 497, 5: 509} movement={1: 0, 2: 14, 3: 1, 4: 0, 5: 0} read_errors=[]
[arm-position] arm_down waiting positions={1: 440, 2: 733, 3: 718, 4: 497, 5: 509} movement={1: 0, 2: 11, 3: 0, 4: 0, 5: 0} read_errors=[]
[arm-position] arm_down waiting positions={1: 440, 2: 746, 3: 718, 4: 497, 5: 509} movement={1: 0, 2: 13, 3: 0, 4: 0, 5: 0} read_errors=[]
[arm-position] arm_down waiting positions={1: 440, 2: 761, 3: 718, 4: 497, 5: 509} movement={1: 0, 2: 15, 3: 0, 4: 0, 5: 0} read_errors=[]
[arm-position] arm_down waiting positions={1: 440, 2: 774, 3: 718, 4: 497, 5: 509} movement={1: 0, 2: 13, 3: 0, 4: 0, 5: 0} read_errors=[]
[arm-position] arm_down waiting positions={1: 440, 2: 787, 3: 718, 4: 497, 5: 509} movement={1: 0, 2: 13, 3: 0, 4: 0, 5: 0} read_errors=[]
[arm-position] arm_down waiting positions={1: 440, 2: 801, 3: 718, 4: 497, 5: 509} movement={1: 0, 2: 14, 3: 0, 4: 0, 5: 0} read_errors=[]
[arm-position] arm_down waiting positions={1: 440, 2: 812, 3: 718, 4: 497, 5: 509} movement={1: 0, 2: 11, 3: 0, 4: 0, 5: 0} read_errors=[]
[arm-position] arm_down waiting positions={1: 440, 2: 827, 3: 718, 4: 497, 5: 509} movement={1: 0, 2: 15, 3: 0, 4: 0, 5: 0} read_errors=[]
[arm-position] arm_down waiting positions={1: 440, 2: 839, 3: 718, 4: 497, 5: 509} movement={1: 0, 2: 12, 3: 0, 4: 0, 5: 0} read_errors=[]
[arm-position] arm_down waiting positions={1: 440, 2: 855, 3: 718, 4: 497, 5: 509} movement={1: 0, 2: 16, 3: 0, 4: 0, 5: 0} read_errors=[]
[arm-position] arm_down waiting positions={1: 440, 2: 867, 3: 718, 4: 497, 5: 509} movement={1: 0, 2: 12, 3: 0, 4: 0, 5: 0} read_errors=[]
[arm-position] arm_down waiting positions={1: 440, 2: 881, 3: 718, 4: 497, 5: 509} movement={1: 0, 2: 14, 3: 0, 4: 0, 5: 0} read_errors=[]
[arm-position] arm_down waiting positions={1: 440, 2: 892, 3: 718, 4: 497, 5: 509} movement={1: 0, 2: 11, 3: 0, 4: 0, 5: 0} read_errors=[]
[arm-position] arm_down waiting positions={1: 440, 2: 906, 3: 718, 4: 497, 5: 509} movement={1: 0, 2: 14, 3: 0, 4: 0, 5: 0} read_errors=[]
[arm-position] arm_down waiting positions={1: 440, 2: 920, 3: 718, 4: 497, 5: 509} movement={1: 0, 2: 14, 3: 0, 4: 0, 5: 0} read_errors=[]
[arm-position] arm_down waiting positions={1: 440, 2: 934, 3: 718, 4: 497, 5: 509} movement={1: 0, 2: 14, 3: 0, 4: 0, 5: 0} read_errors=[]
[arm-position] arm_down waiting positions={1: 440, 2: 946, 3: 718, 4: 497, 5: 509} movement={1: 0, 2: 12, 3: 0, 4: 0, 5: 0} read_errors=[]
[arm-position] arm_down waiting positions={1: 440, 2: 959, 3: 718, 4: 497, 5: 509} movement={1: 0, 2: 13, 3: 0, 4: 0, 5: 0} read_errors=[]
[arm-position] arm_down waiting positions={1: 440, 2: 972, 3: 718, 4: 497, 5: 509} movement={1: 0, 2: 13, 3: 0, 4: 0, 5: 0} read_errors=[]
[arm-position] arm_down waiting positions={1: 440, 2: 985, 3: 718, 4: 497, 5: 509} movement={1: 0, 2: 13, 3: 0, 4: 0, 5: 0} read_errors=[]
[arm-position] arm_down waiting positions={1: 440, 2: 998, 3: 718, 4: 497, 5: 509} movement={1: 0, 2: 13, 3: 0, 4: 0, 5: 0} read_errors=[]
[arm-position] arm_down waiting positions={1: 440, 2: 1004, 3: 718, 4: 497, 5: 509} movement={1: 0, 2: 6, 3: 0, 4: 0, 5: 0} read_errors=[]
[arm-position] arm_down settled positions={1: 440, 2: 1005, 3: 718, 4: 497, 5: 509} movement={1: 0, 2: 1, 3: 0, 4: 0, 5: 0} elapsed=4.94s
[base] pickup_push direction=forward requested_speed=0.2 effective_speed=0.2 seconds=3.85
[map] motion direction=forward speed=0.2 effective_seconds=3.85 pose={'x_m': -0.7545486963629786, 'y_m': 0.09159922952994326, 'heading_rad': -1.841306605402905}
[arm] pose grab
[arm] grab servo=5 angle=0 speed=85
[arm] grab servo=4 angle=-40 speed=85
[arm] grab servo=3 angle=45 speed=85
[arm] grab servo=2 angle=105 speed=85
[arm] grab servo=1 angle=-16 speed=85
[arm] pose carry
[arm] carry servo=5 angle=0 speed=85
[arm] carry servo=4 angle=-40 speed=85
[arm] carry servo=3 angle=45 speed=85
[arm] carry servo=2 angle=60 speed=85
[arm] carry servo=1 angle=-16 speed=85
[mission] completed_pickups=1
[fsm] FINALIZING --FINALIZED--> PLANNING
[fsm] PLANNING --MAP_TARGET_AVAILABLE--> MAP_NAVIGATING
[can] backend=detectnet_native detections=1 best_confidence=0.261
[depth] map_can_0_depth mean=2.975 min=2.764 max=3.342
[map] can rejected reason=out_of_bounds position={'x_m': -3.712639930377125, 'y_m': -0.22119875590996968}
[tag] cv2=4.1.1
[tag] has pupil_apriltags=True
[tag] has aruco=False
[tag] has ArucoDetector=False
[tag] has DICT_APRILTAG_36h11=False
[tag] calibration not loaded; pose distance disabled
[tag] detector loaded backend=pupil_apriltags family=tag36h11 dictionary=DICT_APRILTAG_36h11
[tag] no detections
[map] navigate label=bin_docking distance_m=0.810 heading_error_rad=-2.758
[base] continuous start label=map_turn_bin_docking direction=left requested_speed=0.15 effective_speed=0.15
[can] backend=detectnet_native detections=1 best_confidence=0.326
[depth] map_can_0_depth mean=2.926 min=2.697 max=3.129
[map] can rejected reason=out_of_bounds position={'x_m': -3.664914935259833, 'y_m': -0.21314291024881826}
[tag] no detections
[map] motion direction=left speed=0.15 effective_seconds=0.1031961441040039 pose={'x_m': -0.7545486963629786, 'y_m': 0.09159922952994326, 'heading_rad': -1.859119805853232}
[map] navigate label=bin_docking distance_m=0.810 heading_error_rad=-2.740
[can] backend=detectnet_native detections=1 best_confidence=0.354
[depth] map_can_0_depth mean=2.962 min=2.794 max=3.176
[map] can rejected reason=out_of_bounds position={'x_m': -3.695773679745592, 'y_m': -0.26181520370610945}
[tag] no detections
[map] motion direction=left speed=0.15 effective_seconds=0.09340524673461914 pose={'x_m': -0.7545486963629786, 'y_m': 0.09159922952994326, 'heading_rad': -1.8752429507404982}
[map] navigate label=bin_docking distance_m=0.810 heading_error_rad=-2.724
[can] backend=detectnet_native detections=1 best_confidence=0.332
[depth] map_can_0_depth mean=2.903 min=2.697 max=3.100
[map] can rejected reason=out_of_bounds position={'x_m': -3.633851064140021, 'y_m': -0.2820849262734972}
[tag] no detections
[map] motion direction=left speed=0.15 effective_seconds=0.08850836753845215 pose={'x_m': -0.7545486963629786, 'y_m': 0.09159922952994326, 'heading_rad': -1.8905208209185227}
[map] navigate label=bin_docking distance_m=0.810 heading_error_rad=-2.709
[can] backend=detectnet_native detections=1 best_confidence=0.361
[depth] map_can_0_depth mean=2.683 min=2.044 max=3.132
[map] can rejected reason=out_of_bounds position={'x_m': -3.4129621920154087, 'y_m': -0.2698496289946816}
[tag] no detections
[map] motion direction=left speed=0.15 effective_seconds=0.08936905860900879 pose={'x_m': -0.7545486963629786, 'y_m': 0.09159922952994326, 'heading_rad': -1.9059472592693092}
[map] navigate label=bin_docking distance_m=0.810 heading_error_rad=-2.693
[can] backend=detectnet_native no detections
[tag] no detections
[map] motion direction=left speed=0.15 effective_seconds=0.05977988243103027 pose={'x_m': -0.7545486963629786, 'y_m': 0.09159922952994326, 'heading_rad': -1.91626616253732}
[map] navigate label=bin_docking distance_m=0.810 heading_error_rad=-2.683
[can] backend=detectnet_native detections=1 best_confidence=0.249
[depth] map_can_0_depth mean=2.832 min=2.331 max=3.107
[map] can rejected reason=out_of_bounds position={'x_m': -3.565768605481259, 'y_m': -0.24730353182247367}
[tag] no detections
[map] motion direction=left speed=0.15 effective_seconds=0.08546972274780273 pose={'x_m': -0.7545486963629786, 'y_m': 0.09159922952994326, 'heading_rad': -1.9310195171026427}
[map] navigate label=bin_docking distance_m=0.810 heading_error_rad=-2.668
[can] backend=detectnet_native detections=1 best_confidence=0.299
[depth] map_can_0_depth mean=2.936 min=2.714 max=3.136
[map] can rejected reason=out_of_bounds position={'x_m': -3.664647274406131, 'y_m': -0.2983170597927776}
[tag] no detections
[map] motion direction=left speed=0.15 effective_seconds=0.08354926109313965 pose={'x_m': -0.7545486963629786, 'y_m': 0.09159922952994326, 'heading_rad': -1.9454413712159988}
[map] navigate label=bin_docking distance_m=0.810 heading_error_rad=-2.654
[can] backend=detectnet_native detections=1 best_confidence=0.303
[depth] map_can_0_depth mean=3.001 min=2.798 max=3.255
[map] can rejected reason=out_of_bounds position={'x_m': -3.723940205929755, 'y_m': -0.3452872833778088}
[tag] no detections
[map] motion direction=left speed=0.15 effective_seconds=0.08792853355407715 pose={'x_m': -0.7545486963629786, 'y_m': 0.09159922952994326, 'heading_rad': -1.9606191533618467}
[map] navigate label=bin_docking distance_m=0.810 heading_error_rad=-2.638
[can] backend=detectnet_native detections=1 best_confidence=0.370
[depth] map_can_0_depth mean=2.952 min=2.721 max=3.261
[map] can rejected reason=out_of_bounds position={'x_m': -3.669948401808841, 'y_m': -0.3688939848886986}
[tag] no detections
[map] motion direction=left speed=0.15 effective_seconds=0.08582139015197754 pose={'x_m': -0.7545486963629786, 'y_m': 0.09159922952994326, 'heading_rad': -1.9754332109894475}
[map] navigate label=bin_docking distance_m=0.810 heading_error_rad=-2.624
[can] backend=detectnet_native no detections
[tag] no detections
[map] motion direction=left speed=0.15 effective_seconds=0.060681819915771484 pose={'x_m': -0.7545486963629786, 'y_m': 0.09159922952994326, 'heading_rad': -1.98590780217922}
[map] navigate label=bin_docking distance_m=0.810 heading_error_rad=-2.613
[can] backend=detectnet_native no detections
[tag] no detections
[map] motion direction=left speed=0.15 effective_seconds=0.06019425392150879 pose={'x_m': -0.7545486963629786, 'y_m': 0.09159922952994326, 'heading_rad': -1.996298232174173}
[map] navigate label=bin_docking distance_m=0.810 heading_error_rad=-2.603
[can] backend=detectnet_native detections=1 best_confidence=0.276
[depth] map_can_0_depth mean=2.853 min=2.639 max=3.058
[map] can rejected reason=out_of_bounds position={'x_m': -3.57780935580743, 'y_m': -0.3215168542163696}
[tag] no detections
[map] motion direction=left speed=0.15 effective_seconds=0.08307766914367676 pose={'x_m': -0.7545486963629786, 'y_m': 0.09159922952994326, 'heading_rad': -2.0106386824521483}
[map] navigate label=bin_docking distance_m=0.810 heading_error_rad=-2.588
[can] backend=detectnet_native detections=1 best_confidence=0.346
[depth] map_can_0_depth mean=2.949 min=2.759 max=3.187
[map] can rejected reason=out_of_bounds position={'x_m': -3.6675205244237823, 'y_m': -0.36671379476684773}
[tag] no detections
[map] motion direction=left speed=0.15 effective_seconds=0.08699393272399902 pose={'x_m': -0.7545486963629786, 'y_m': 0.09159922952994326, 'heading_rad': -2.025655138493501}
[map] navigate label=bin_docking distance_m=0.810 heading_error_rad=-2.573
[can] backend=detectnet_native detections=1 best_confidence=0.230
[depth] map_can_0_depth mean=2.948 min=2.755 max=3.111
[map] can rejected reason=out_of_bounds position={'x_m': -3.6619090084540735, 'y_m': -0.39538278032221746}
[tag] no detections
[map] motion direction=left speed=0.15 effective_seconds=0.08559250831604004 pose={'x_m': -0.7545486963629786, 'y_m': 0.09159922952994326, 'heading_rad': -2.040429687687348}
[map] navigate label=bin_docking distance_m=0.810 heading_error_rad=-2.559
[can] backend=detectnet_native no detections
[tag] no detections
[map] motion direction=left speed=0.15 effective_seconds=0.05892062187194824 pose={'x_m': -0.7545486963629786, 'y_m': 0.09159922952994326, 'heading_rad': -2.0506002697103076}
[map] navigate label=bin_docking distance_m=0.810 heading_error_rad=-2.548
[can] backend=detectnet_native detections=1 best_confidence=0.213
[depth] map_can_0_depth mean=2.887 min=2.708 max=3.074
[map] can rejected reason=out_of_bounds position={'x_m': -3.611970370795391, 'y_m': -0.32382703274890606}
[tag] no detections
[map] motion direction=left speed=0.15 effective_seconds=0.08878922462463379 pose={'x_m': -0.7545486963629786, 'y_m': 0.09159922952994326, 'heading_rad': -2.0659266200289177}
[map] navigate label=bin_docking distance_m=0.810 heading_error_rad=-2.533
[can] backend=detectnet_native detections=1 best_confidence=0.390
[depth] map_can_0_depth mean=2.874 min=2.725 max=3.033
[map] can rejected reason=out_of_bounds position={'x_m': -3.5923848091134296, 'y_m': -0.36251832202413853}
[tag] no detections
[map] motion direction=left speed=0.15 effective_seconds=0.08349275588989258 pose={'x_m': -0.7545486963629786, 'y_m': 0.09159922952994326, 'heading_rad': -2.0803387204976906}
[map] navigate label=bin_docking distance_m=0.810 heading_error_rad=-2.519
[can] backend=detectnet_native detections=1 best_confidence=0.389
[depth] map_can_0_depth mean=2.840 min=2.691 max=3.032
[map] can rejected reason=out_of_bounds position={'x_m': -3.5546322807165636, 'y_m': -0.3832218887261321}
[tag] no detections
[map] motion direction=left speed=0.15 effective_seconds=0.0871577262878418 pose={'x_m': -0.7545486963629786, 'y_m': 0.09159922952994326, 'heading_rad': -2.0953834497619486}
[map] navigate label=bin_docking distance_m=0.810 heading_error_rad=-2.504
[can] backend=detectnet_native no detections
[tag] no detections
[map] motion direction=left speed=0.15 effective_seconds=0.06300902366638184 pose={'x_m': -0.7545486963629786, 'y_m': 0.09159922952994326, 'heading_rad': -2.106259751182838}
[map] navigate label=bin_docking distance_m=0.810 heading_error_rad=-2.493
[can] backend=detectnet_native no detections
[tag] no detections
[map] motion direction=left speed=0.15 effective_seconds=0.06085634231567383 pose={'x_m': -0.7545486963629786, 'y_m': 0.09159922952994326, 'heading_rad': -2.1167644675533475}
[map] navigate label=bin_docking distance_m=0.810 heading_error_rad=-2.482
[can] backend=detectnet_native detections=1 best_confidence=0.251
[depth] map_can_0_depth mean=2.893 min=2.681 max=3.157
[map] can rejected reason=out_of_bounds position={'x_m': -3.5933646356322204, 'y_m': -0.4651548484850231}
[tag] no detections
[map] motion direction=left speed=0.15 effective_seconds=0.0850074291229248 pose={'x_m': -0.7545486963629786, 'y_m': 0.09159922952994326, 'heading_rad': -2.131438023313411}
[map] navigate label=bin_docking distance_m=0.810 heading_error_rad=-2.468
[can] backend=detectnet_native no detections
[tag] no detections
[map] motion direction=left speed=0.15 effective_seconds=0.06286144256591797 pose={'x_m': -0.7545486963629786, 'y_m': 0.09159922952994326, 'heading_rad': -2.1422888500254524}
[map] navigate label=bin_docking distance_m=0.810 heading_error_rad=-2.457
[can] backend=detectnet_native no detections
[tag] no detections
[map] motion direction=left speed=0.15 effective_seconds=0.061767578125 pose={'x_m': -0.7545486963629786, 'y_m': 0.09159922952994326, 'heading_rad': -2.152950859347845}
[map] navigate label=bin_docking distance_m=0.810 heading_error_rad=-2.446
[can] backend=detectnet_native no detections
[tag] no detections
[map] motion direction=left speed=0.15 effective_seconds=0.06212139129638672 pose={'x_m': -0.7545486963629786, 'y_m': 0.09159922952994326, 'heading_rad': -2.1636739421240825}
[map] navigate label=bin_docking distance_m=0.810 heading_error_rad=-2.435
[can] backend=detectnet_native no detections
[tag] no detections
[map] motion direction=left speed=0.15 effective_seconds=0.06149458885192871 pose={'x_m': -0.7545486963629786, 'y_m': 0.09159922952994326, 'heading_rad': -2.1742888294083}
[map] navigate label=bin_docking distance_m=0.810 heading_error_rad=-2.425
[can] backend=detectnet_native no detections
[tag] no detections
[map] motion direction=left speed=0.15 effective_seconds=0.060773372650146484 pose={'x_m': -0.7545486963629786, 'y_m': 0.09159922952994326, 'heading_rad': -2.184779223971574}
[map] navigate label=bin_docking distance_m=0.810 heading_error_rad=-2.414
[can] backend=detectnet_native no detections
[tag] no detections
[map] motion direction=left speed=0.15 effective_seconds=0.05910968780517578 pose={'x_m': -0.7545486963629786, 'y_m': 0.09159922952994326, 'heading_rad': -2.1949824416069994}
[map] navigate label=bin_docking distance_m=0.810 heading_error_rad=-2.404
[can] backend=detectnet_native no detections
[tag] no detections
[map] motion direction=left speed=0.15 effective_seconds=0.06134605407714844 pose={'x_m': -0.7545486963629786, 'y_m': 0.09159922952994326, 'heading_rad': -2.2055716895638953}
[map] navigate label=bin_docking distance_m=0.810 heading_error_rad=-2.393
[can] backend=detectnet_native no detections
[tag] no detections
[map] motion direction=left speed=0.15 effective_seconds=0.06119251251220703 pose={'x_m': -0.7545486963629786, 'y_m': 0.09159922952994326, 'heading_rad': -2.2161344339464812}
[map] navigate label=bin_docking distance_m=0.810 heading_error_rad=-2.383
[can] backend=detectnet_native no detections
[tag] no detections
[map] motion direction=left speed=0.15 effective_seconds=0.06184864044189453 pose={'x_m': -0.7545486963629786, 'y_m': 0.09159922952994326, 'heading_rad': -2.2268104358391616}
[map] navigate label=bin_docking distance_m=0.810 heading_error_rad=-2.372
[can] backend=detectnet_native no detections
[tag] no detections
[map] motion direction=left speed=0.15 effective_seconds=0.062392234802246094 pose={'x_m': -0.7545486963629786, 'y_m': 0.09159922952994326, 'heading_rad': -2.237580270262008}
[map] navigate label=bin_docking distance_m=0.810 heading_error_rad=-2.361
[can] backend=detectnet_native no detections
[tag] no detections
[map] motion direction=left speed=0.15 effective_seconds=0.06174278259277344 pose={'x_m': -0.7545486963629786, 'y_m': 0.09159922952994326, 'heading_rad': -2.2482379995040773}
[map] navigate label=bin_docking distance_m=0.810 heading_error_rad=-2.351
[can] backend=detectnet_native no detections
[tag] no detections
[map] motion direction=left speed=0.15 effective_seconds=0.05984210968017578 pose={'x_m': -0.7545486963629786, 'y_m': 0.09159922952994326, 'heading_rad': -2.258567644127515}
[map] navigate label=bin_docking distance_m=0.810 heading_error_rad=-2.340
[can] backend=detectnet_native no detections
[tag] no detections
[map] motion direction=left speed=0.15 effective_seconds=0.06162428855895996 pose={'x_m': -0.7545486963629786, 'y_m': 0.09159922952994326, 'heading_rad': -2.269204919524193}
[map] navigate label=bin_docking distance_m=0.810 heading_error_rad=-2.330
[can] backend=detectnet_native no detections
[tag] no detections
[map] motion direction=left speed=0.15 effective_seconds=0.05994009971618652 pose={'x_m': -0.7545486963629786, 'y_m': 0.09159922952994326, 'heading_rad': -2.2795514786958315}
[map] navigate label=bin_docking distance_m=0.810 heading_error_rad=-2.319
[can] backend=detectnet_native no detections
[tag] no detections
[map] motion direction=left speed=0.15 effective_seconds=0.06099128723144531 pose={'x_m': -0.7545486963629786, 'y_m': 0.09159922952994326, 'heading_rad': -2.290079488580409}
[map] navigate label=bin_docking distance_m=0.810 heading_error_rad=-2.309
[can] backend=detectnet_native no detections
[tag] no detections
[map] motion direction=left speed=0.15 effective_seconds=0.06167769432067871 pose={'x_m': -0.7545486963629786, 'y_m': 0.09159922952994326, 'heading_rad': -2.3007259826116297}
[map] navigate label=bin_docking distance_m=0.810 heading_error_rad=-2.298
[can] backend=detectnet_native no detections
[tag] no detections
[map] motion direction=left speed=0.15 effective_seconds=0.0606691837310791 pose={'x_m': -0.7545486963629786, 'y_m': 0.09159922952994326, 'heading_rad': -2.311198392606622}
[map] navigate label=bin_docking distance_m=0.810 heading_error_rad=-2.288
[can] backend=detectnet_native no detections
[tag] no detections
[map] motion direction=left speed=0.15 effective_seconds=0.05898332595825195 pose={'x_m': -0.7545486963629786, 'y_m': 0.09159922952994326, 'heading_rad': -2.3213797982942457}
[map] navigate label=bin_docking distance_m=0.810 heading_error_rad=-2.278
[can] backend=detectnet_native no detections
[tag] no detections
[map] motion direction=left speed=0.15 effective_seconds=0.06278276443481445 pose={'x_m': -0.7545486963629786, 'y_m': 0.09159922952994326, 'heading_rad': -2.3322170439821845}
[map] navigate label=bin_docking distance_m=0.810 heading_error_rad=-2.267
[can] backend=detectnet_native no detections
[tag] no detections
[map] motion direction=left speed=0.15 effective_seconds=0.059569597244262695 pose={'x_m': -0.7545486963629786, 'y_m': 0.09159922952994326, 'heading_rad': -2.342499648876684}
[map] navigate label=bin_docking distance_m=0.810 heading_error_rad=-2.257
[can] backend=detectnet_native no detections
[tag] no detections
[map] motion direction=left speed=0.15 effective_seconds=0.06049990653991699 pose={'x_m': -0.7545486963629786, 'y_m': 0.09159922952994326, 'heading_rad': -2.3529428390925458}
[map] navigate label=bin_docking distance_m=0.810 heading_error_rad=-2.246
[can] backend=detectnet_native no detections
[tag] no detections
[map] motion direction=left speed=0.15 effective_seconds=0.061623573303222656 pose={'x_m': -0.7545486963629786, 'y_m': 0.09159922952994326, 'heading_rad': -2.363579991025368}
[map] navigate label=bin_docking distance_m=0.810 heading_error_rad=-2.235
[can] backend=detectnet_native no detections
[tag] no detections
[map] motion direction=left speed=0.15 effective_seconds=0.06078028678894043 pose={'x_m': -0.7545486963629786, 'y_m': 0.09159922952994326, 'heading_rad': -2.3740715790725786}
[map] navigate label=bin_docking distance_m=0.810 heading_error_rad=-2.225
[can] backend=detectnet_native no detections
[tag] no detections
[map] motion direction=left speed=0.15 effective_seconds=0.058802127838134766 pose={'x_m': -0.7545486963629786, 'y_m': 0.09159922952994326, 'heading_rad': -2.384221707250147}
[map] navigate label=bin_docking distance_m=0.810 heading_error_rad=-2.215
[can] backend=detectnet_native no detections
[tag] no detections
[map] motion direction=left speed=0.15 effective_seconds=0.0605473518371582 pose={'x_m': -0.7545486963629786, 'y_m': 0.09159922952994326, 'heading_rad': -2.394673087235089}
[map] navigate label=bin_docking distance_m=0.810 heading_error_rad=-2.204
[can] backend=detectnet_native no detections
[tag] no detections
[map] motion direction=left speed=0.15 effective_seconds=0.0618290901184082 pose={'x_m': -0.7545486963629786, 'y_m': 0.09159922952994326, 'heading_rad': -2.405345714449053}
[map] navigate label=bin_docking distance_m=0.810 heading_error_rad=-2.194
[can] backend=detectnet_native no detections
[tag] no detections
[map] motion direction=left speed=0.15 effective_seconds=0.06212902069091797 pose={'x_m': -0.7545486963629786, 'y_m': 0.09159922952994326, 'heading_rad': -2.416070114173082}
[map] navigate label=bin_docking distance_m=0.810 heading_error_rad=-2.183
[can] backend=detectnet_native no detections
[tag] no detections
[map] motion direction=left speed=0.15 effective_seconds=0.05991220474243164 pose={'x_m': -0.7545486963629786, 'y_m': 0.09159922952994326, 'heading_rad': -2.426411858254357}
[map] navigate label=bin_docking distance_m=0.810 heading_error_rad=-2.173
[can] backend=detectnet_native no detections
[tag] no detections
[map] motion direction=left speed=0.15 effective_seconds=0.05841779708862305 pose={'x_m': -0.7545486963629786, 'y_m': 0.09159922952994326, 'heading_rad': -2.4364956451869135}
[map] navigate label=bin_docking distance_m=0.810 heading_error_rad=-2.163
[can] backend=detectnet_native no detections
[tag] no detections
[map] motion direction=left speed=0.15 effective_seconds=0.05716300010681152 pose={'x_m': -0.7545486963629786, 'y_m': 0.09159922952994326, 'heading_rad': -2.446362835362338}
[map] navigate label=bin_docking distance_m=0.810 heading_error_rad=-2.153
[can] backend=detectnet_native no detections
[tag] no detections
[map] motion direction=left speed=0.15 effective_seconds=0.06361103057861328 pose={'x_m': -0.7545486963629786, 'y_m': 0.09159922952994326, 'heading_rad': -2.4573430521949238}
[map] navigate label=bin_docking distance_m=0.810 heading_error_rad=-2.142
[can] backend=detectnet_native no detections
[tag] no detections
[map] motion direction=left speed=0.15 effective_seconds=0.05937671661376953 pose={'x_m': -0.7545486963629786, 'y_m': 0.09159922952994326, 'heading_rad': -2.467592363003062}
[map] navigate label=bin_docking distance_m=0.810 heading_error_rad=-2.131
[can] backend=detectnet_native no detections
[tag] no detections
[map] motion direction=left speed=0.15 effective_seconds=0.05939531326293945 pose={'x_m': -0.7545486963629786, 'y_m': 0.09159922952994326, 'heading_rad': -2.477844883871443}
[map] navigate label=bin_docking distance_m=0.810 heading_error_rad=-2.121
[can] backend=detectnet_native no detections
[tag] no detections
[map] motion direction=left speed=0.15 effective_seconds=0.060050249099731445 pose={'x_m': -0.7545486963629786, 'y_m': 0.09159922952994326, 'heading_rad': -2.4882104564768257}
[map] navigate label=bin_docking distance_m=0.810 heading_error_rad=-2.111
[can] backend=detectnet_native no detections
[tag] no detections
[map] motion direction=left speed=0.15 effective_seconds=0.05948162078857422 pose={'x_m': -0.7545486963629786, 'y_m': 0.09159922952994326, 'heading_rad': -2.498477875317101}
[map] navigate label=bin_docking distance_m=0.810 heading_error_rad=-2.101
[can] backend=detectnet_native no detections
[tag] no detections
[map] motion direction=left speed=0.15 effective_seconds=0.06019997596740723 pose={'x_m': -0.7545486963629786, 'y_m': 0.09159922952994326, 'heading_rad': -2.5088692930228977}
[map] navigate label=bin_docking distance_m=0.810 heading_error_rad=-2.090
[can] backend=detectnet_native no detections
[tag] no detections
[map] motion direction=left speed=0.15 effective_seconds=0.061434030532836914 pose={'x_m': -0.7545486963629786, 'y_m': 0.09159922952994326, 'heading_rad': -2.519473727034018}
[map] navigate label=bin_docking distance_m=0.810 heading_error_rad=-2.080
[can] backend=detectnet_native no detections
[tag] no detections
[map] motion direction=left speed=0.15 effective_seconds=0.05691218376159668 pose={'x_m': -0.7545486963629786, 'y_m': 0.09159922952994326, 'heading_rad': -2.529297622550787}
[map] navigate label=bin_docking distance_m=0.810 heading_error_rad=-2.070
[can] backend=detectnet_native no detections
[tag] no detections
[map] motion direction=left speed=0.15 effective_seconds=0.05949044227600098 pose={'x_m': -0.7545486963629786, 'y_m': 0.09159922952994326, 'heading_rad': -2.5395665641119467}
[map] navigate label=bin_docking distance_m=0.810 heading_error_rad=-2.059
[can] backend=detectnet_native no detections
[tag] no detections
[map] motion direction=left speed=0.15 effective_seconds=0.06320643424987793 pose={'x_m': -0.7545486963629786, 'y_m': 0.09159922952994326, 'heading_rad': -2.5504769415569486}
[map] navigate label=bin_docking distance_m=0.810 heading_error_rad=-2.049
[can] backend=detectnet_native no detections
[tag] no detections
[map] motion direction=left speed=0.15 effective_seconds=0.06211686134338379 pose={'x_m': -0.7545486963629786, 'y_m': 0.09159922952994326, 'heading_rad': -2.5611992423954346}
[map] navigate label=bin_docking distance_m=0.810 heading_error_rad=-2.038
[can] backend=detectnet_native no detections
[tag] no detections
[map] motion direction=left speed=0.15 effective_seconds=0.06411385536193848 pose={'x_m': -0.7545486963629786, 'y_m': 0.09159922952994326, 'heading_rad': -2.5722662543184236}
[map] navigate label=bin_docking distance_m=0.810 heading_error_rad=-2.027
[can] backend=detectnet_native no detections
[tag] no detections
[map] motion direction=left speed=0.15 effective_seconds=0.06100606918334961 pose={'x_m': -0.7545486963629786, 'y_m': 0.09159922952994326, 'heading_rad': -2.5827968157893473}
[map] navigate label=bin_docking distance_m=0.810 heading_error_rad=-2.016
[can] backend=detectnet_native no detections
[tag] no detections
[map] motion direction=left speed=0.15 effective_seconds=0.06223630905151367 pose={'x_m': -0.7545486963629786, 'y_m': 0.09159922952994326, 'heading_rad': -2.5935397350916984}
[map] navigate label=bin_docking distance_m=0.810 heading_error_rad=-2.005
[can] backend=detectnet_native no detections
[tag] no detections
[map] motion direction=left speed=0.15 effective_seconds=0.056778669357299805 pose={'x_m': -0.7545486963629786, 'y_m': 0.09159922952994326, 'heading_rad': -2.603340584022111}
[map] navigate label=bin_docking distance_m=0.810 heading_error_rad=-1.996
[can] backend=detectnet_native no detections
[tag] no detections
[map] motion direction=left speed=0.15 effective_seconds=0.061475515365600586 pose={'x_m': -0.7545486963629786, 'y_m': 0.09159922952994326, 'heading_rad': -2.6139521789368487}
[map] navigate label=bin_docking distance_m=0.810 heading_error_rad=-1.985
[can] backend=detectnet_native no detections
[tag] no detections
[map] motion direction=left speed=0.15 effective_seconds=0.059896230697631836 pose={'x_m': -0.7545486963629786, 'y_m': 0.09159922952994326, 'heading_rad': -2.6242911656586845}
[map] navigate label=bin_docking distance_m=0.810 heading_error_rad=-1.975
[can] backend=detectnet_native no detections
[tag] no detections
[map] motion direction=left speed=0.15 effective_seconds=0.0627281665802002 pose={'x_m': -0.7545486963629786, 'y_m': 0.09159922952994326, 'heading_rad': -2.635118986938988}
[map] navigate label=bin_docking distance_m=0.810 heading_error_rad=-1.964
[can] backend=detectnet_native no detections
[tag] no detections
[map] motion direction=left speed=0.15 effective_seconds=0.05901336669921875 pose={'x_m': -0.7545486963629786, 'y_m': 0.09159922952994326, 'heading_rad': -2.645305578108542}
[map] navigate label=bin_docking distance_m=0.810 heading_error_rad=-1.954
[can] backend=detectnet_native no detections
[tag] no detections
[map] motion direction=left speed=0.15 effective_seconds=0.06670928001403809 pose={'x_m': -0.7545486963629786, 'y_m': 0.09159922952994326, 'heading_rad': -2.656820599208453}
[map] navigate label=bin_docking distance_m=0.810 heading_error_rad=-1.942
[can] backend=detectnet_native no detections
[tag] no detections
[map] motion direction=left speed=0.15 effective_seconds=0.05814194679260254 pose={'x_m': -0.7545486963629786, 'y_m': 0.09159922952994326, 'heading_rad': -2.666856770247412}
[map] navigate label=bin_docking distance_m=0.810 heading_error_rad=-1.932
[can] backend=detectnet_native no detections
[tag] no detections
[map] motion direction=left speed=0.15 effective_seconds=0.06339335441589355 pose={'x_m': -0.7545486963629786, 'y_m': 0.09159922952994326, 'heading_rad': -2.677799412913313}
[map] navigate label=bin_docking distance_m=0.810 heading_error_rad=-1.921
[can] backend=detectnet_native no detections
[tag] no detections
[map] motion direction=left speed=0.15 effective_seconds=0.05866551399230957 pose={'x_m': -0.7545486963629786, 'y_m': 0.09159922952994326, 'heading_rad': -2.6879259594944847}
[map] navigate label=bin_docking distance_m=0.810 heading_error_rad=-1.911
[fsm] stop requested; ending run without mission failure
[media] shutdown result={'stopped': True, 'stopping': False, 'last_recording': '/workspace/robot_code/temp_car/diagnostic_outputs/full_demo_1788480546173.avi', 'last_events': '/workspace/robot_code/temp_car/diagnostic_outputs/full_demo_1788480546173.events.csv'}
[fsm] stop_all owner=Thread-53
[base] stop
[arm] pose safe_home
[arm] safe_home servo=5 angle=0 speed=85
[arm] safe_home servo=4 angle=0 speed=85
[arm] safe_home servo=3 angle=0 speed=85
[arm] safe_home servo=2 angle=0 speed=85
[arm] safe_home servo=1 angle=-16 speed=85
[camera] stopped
[depth] stop
[result] False
[integration] STOPPED elapsed=56.5s
