
>>> run_full_background log=/workspace/robot_code/temp_car/logs/integration_run_full_20260907_013743.log
[fsm] IDLE --START--> INITIALIZING
[depth] loading network fcn-mobilenet
[camera] starting JetBot Camera 320x240
[warmup] frame 1/2 processed
[warmup] frame 2/2 processed
[depth] started enabled=True
[arm] pose safe_home
Succeeded to open the port
Succeeded to change the baudrate
[arm] TTLServo connected
[arm] safe_home servo=5 angle=0 speed=85
[arm] safe_home servo=4 angle=0 speed=85
[arm] safe_home servo=3 angle=0 speed=85
[arm] safe_home servo=2 angle=0 speed=85
[arm] safe_home servo=1 angle=-16 speed=85
[base] stop
[fsm] INITIALIZING --INITIALIZED--> PLANNING
[fsm] PLANNING --TARGET_REQUIRED--> SEARCHING
[can] loading native detectNet model=/workspace/robot_code/temp_car/assets/models/detectnet_native_can/can_ssd_mobilenet_v1.onnx
[can] native detectNet loaded threshold=0.200 clustering=0.300
[can] backend=detectnet_native no detections
[base] Robot connected
[base] continuous start label=search_can_routine_2_step_0 direction=forward requested_speed=0.6 effective_speed=0.6
[can] backend=detectnet_native no detections
[map] motion direction=forward speed=0.6 effective_seconds=0.06092238426208496 pose={'x_m': 0.0, 'y_m': 0.006320697367191314, 'heading_rad': 0.0}
[can] backend=detectnet_native no detections
[map] motion direction=forward speed=0.6 effective_seconds=0.05685305595397949 pose={'x_m': 0.0, 'y_m': 0.012219201922416687, 'heading_rad': 0.0}
[can] backend=detectnet_native no detections
[map] motion direction=forward speed=0.6 effective_seconds=0.050809383392333984 pose={'x_m': 0.0, 'y_m': 0.017490675449371336, 'heading_rad': 0.0}
[can] backend=detectnet_native no detections
[map] motion direction=forward speed=0.6 effective_seconds=0.05151200294494629 pose={'x_m': 0.0, 'y_m': 0.022835045754909515, 'heading_rad': 0.0}
[can] backend=detectnet_native no detections
[map] motion direction=forward speed=0.6 effective_seconds=0.05051875114440918 pose={'x_m': 0.0, 'y_m': 0.02807636618614197, 'heading_rad': 0.0}
[can] backend=detectnet_native no detections
[map] motion direction=forward speed=0.6 effective_seconds=0.05017447471618652 pose={'x_m': 0.0, 'y_m': 0.03328196793794632, 'heading_rad': 0.0}
[can] backend=detectnet_native no detections
[map] motion direction=forward speed=0.6 effective_seconds=0.0482945442199707 pose={'x_m': 0.0, 'y_m': 0.03829252690076828, 'heading_rad': 0.0}
[can] backend=detectnet_native no detections
[map] motion direction=forward speed=0.6 effective_seconds=0.04750680923461914 pose={'x_m': 0.0, 'y_m': 0.04322135835886001, 'heading_rad': 0.0}
[can] backend=detectnet_native no detections
[map] motion direction=forward speed=0.6 effective_seconds=0.04726457595825195 pose={'x_m': 0.0, 'y_m': 0.04812505811452865, 'heading_rad': 0.0}
[can] backend=detectnet_native no detections
[map] motion direction=forward speed=0.6 effective_seconds=0.04866814613342285 pose={'x_m': 0.0, 'y_m': 0.05317437827587127, 'heading_rad': 0.0}
[can] backend=detectnet_native no detections
[map] motion direction=forward speed=0.6 effective_seconds=0.0476832389831543 pose={'x_m': 0.0, 'y_m': 0.05812151432037353, 'heading_rad': 0.0}
[can] backend=detectnet_native no detections
[map] motion direction=forward speed=0.6 effective_seconds=0.04732990264892578 pose={'x_m': 0.0, 'y_m': 0.06303199172019958, 'heading_rad': 0.0}
[can] backend=detectnet_native no detections
[map] motion direction=forward speed=0.6 effective_seconds=0.04718184471130371 pose={'x_m': 0.0, 'y_m': 0.06792710810899734, 'heading_rad': 0.0}
[can] backend=detectnet_native no detections
[map] motion direction=forward speed=0.6 effective_seconds=0.046732187271118164 pose={'x_m': 0.0, 'y_m': 0.07277557253837585, 'heading_rad': 0.0}
[can] backend=detectnet_native no detections
[map] motion direction=forward speed=0.6 effective_seconds=0.04513049125671387 pose={'x_m': 0.0, 'y_m': 0.07745786100625991, 'heading_rad': 0.0}
[can] backend=detectnet_native no detections
[map] motion direction=forward speed=0.6 effective_seconds=0.04535484313964844 pose={'x_m': 0.0, 'y_m': 0.08216342598199844, 'heading_rad': 0.0}
[can] backend=detectnet_native no detections
[map] motion direction=forward speed=0.6 effective_seconds=0.0454103946685791 pose={'x_m': 0.0, 'y_m': 0.08687475442886353, 'heading_rad': 0.0}
[can] backend=detectnet_native no detections
[map] motion direction=forward speed=0.6 effective_seconds=0.04586529731750488 pose={'x_m': 0.0, 'y_m': 0.09163327902555465, 'heading_rad': 0.0}
[can] backend=detectnet_native no detections
[map] motion direction=forward speed=0.6 effective_seconds=0.0453794002532959 pose={'x_m': 0.0, 'y_m': 0.0963413918018341, 'heading_rad': 0.0}
[can] backend=detectnet_native no detections
[map] motion direction=forward speed=0.6 effective_seconds=0.04644012451171875 pose={'x_m': 0.0, 'y_m': 0.10115955471992492, 'heading_rad': 0.0}
[can] backend=detectnet_native no detections
[map] motion direction=forward speed=0.6 effective_seconds=0.046090126037597656 pose={'x_m': 0.0, 'y_m': 0.10594140529632567, 'heading_rad': 0.0}
[can] backend=detectnet_native no detections
[map] motion direction=forward speed=0.6 effective_seconds=0.047326087951660156 pose={'x_m': 0.0, 'y_m': 0.11085148692131042, 'heading_rad': 0.0}
[can] backend=detectnet_native no detections
[map] motion direction=forward speed=0.6 effective_seconds=0.045436859130859375 pose={'x_m': 0.0, 'y_m': 0.11556556105613708, 'heading_rad': 0.0}
[can] backend=detectnet_native no detections
[map] motion direction=forward speed=0.6 effective_seconds=0.0453643798828125 pose={'x_m': 0.0, 'y_m': 0.12027211546897887, 'heading_rad': 0.0}
[can] backend=detectnet_native no detections
[map] motion direction=forward speed=0.6 effective_seconds=0.04557013511657715 pose={'x_m': 0.0, 'y_m': 0.12500001698732374, 'heading_rad': 0.0}
[can] backend=detectnet_native no detections
[map] motion direction=forward speed=0.6 effective_seconds=0.04565572738647461 pose={'x_m': 0.0, 'y_m': 0.12973679870367047, 'heading_rad': 0.0}
[can] backend=detectnet_native no detections
[map] motion direction=forward speed=0.6 effective_seconds=0.046309709548950195 pose={'x_m': 0.0, 'y_m': 0.13454143106937405, 'heading_rad': 0.0}
[can] backend=detectnet_native no detections
[map] motion direction=forward speed=0.6 effective_seconds=0.04558587074279785 pose={'x_m': 0.0, 'y_m': 0.13927096515893933, 'heading_rad': 0.0}
[can] backend=detectnet_native no detections
[map] motion direction=forward speed=0.6 effective_seconds=0.04621458053588867 pose={'x_m': 0.0, 'y_m': 0.14406572788953778, 'heading_rad': 0.0}
[can] backend=detectnet_native no detections
[map] motion direction=forward speed=0.6 effective_seconds=0.05121159553527832 pose={'x_m': 0.0, 'y_m': 0.1493789309263229, 'heading_rad': 0.0}
[can] backend=detectnet_native no detections
[map] motion direction=forward speed=0.6 effective_seconds=0.04578709602355957 pose={'x_m': 0.0, 'y_m': 0.1541293421387672, 'heading_rad': 0.0}
[can] backend=detectnet_native no detections
[map] motion direction=forward speed=0.6 effective_seconds=0.04638099670410156 pose={'x_m': 0.0, 'y_m': 0.15894137054681773, 'heading_rad': 0.0}
[can] backend=detectnet_native no detections
[map] motion direction=forward speed=0.6 effective_seconds=0.04539775848388672 pose={'x_m': 0.0, 'y_m': 0.16365138798952097, 'heading_rad': 0.0}
[can] backend=detectnet_native no detections
[map] motion direction=forward speed=0.6 effective_seconds=0.04567408561706543 pose={'x_m': 0.0, 'y_m': 0.1683900743722915, 'heading_rad': 0.0}
[can] backend=detectnet_native no detections
[map] motion direction=forward speed=0.6 effective_seconds=0.04645276069641113 pose={'x_m': 0.0, 'y_m': 0.17320954829454416, 'heading_rad': 0.0}
[can] backend=detectnet_native no detections
[map] motion direction=forward speed=0.6 effective_seconds=0.04603219032287598 pose={'x_m': 0.0, 'y_m': 0.17798538804054254, 'heading_rad': 0.0}
[can] backend=detectnet_native no detections
[map] motion direction=forward speed=0.6 effective_seconds=0.04549050331115723 pose={'x_m': 0.0, 'y_m': 0.1827050277590751, 'heading_rad': 0.0}
[can] backend=detectnet_native no detections
[map] motion direction=forward speed=0.6 effective_seconds=0.04583477973937988 pose={'x_m': 0.0, 'y_m': 0.18746038615703575, 'heading_rad': 0.0}
[can] backend=detectnet_native no detections
[map] motion direction=forward speed=0.6 effective_seconds=0.04610729217529297 pose={'x_m': 0.0, 'y_m': 0.1922440177202224, 'heading_rad': 0.0}
[can] backend=detectnet_native no detections
[map] motion direction=forward speed=0.6 effective_seconds=0.04610419273376465 pose={'x_m': 0.0, 'y_m': 0.19702732771635048, 'heading_rad': 0.0}
[can] backend=detectnet_native no detections
[map] motion direction=forward speed=0.6 effective_seconds=0.0453181266784668 pose={'x_m': 0.0, 'y_m': 0.20172908335924142, 'heading_rad': 0.0}
[can] backend=detectnet_native no detections
[map] motion direction=forward speed=0.6 effective_seconds=0.04546236991882324 pose={'x_m': 0.0, 'y_m': 0.20644580423831932, 'heading_rad': 0.0}
[can] backend=detectnet_native no detections
[map] motion direction=forward speed=0.6 effective_seconds=0.04644584655761719 pose={'x_m': 0.0, 'y_m': 0.2112645608186721, 'heading_rad': 0.0}
[can] backend=detectnet_native no detections
[map] motion direction=forward speed=0.6 effective_seconds=0.0456845760345459 pose={'x_m': 0.0, 'y_m': 0.21600433558225623, 'heading_rad': 0.0}
[can] backend=detectnet_native no detections
[map] motion direction=forward speed=0.6 effective_seconds=0.04550933837890625 pose={'x_m': 0.0, 'y_m': 0.22072592943906777, 'heading_rad': 0.0}
[can] backend=detectnet_native no detections
[map] motion direction=forward speed=0.6 effective_seconds=0.04575085639953613 pose={'x_m': 0.0, 'y_m': 0.22547258079051966, 'heading_rad': 0.0}
[can] backend=detectnet_native no detections
[map] motion direction=forward speed=0.6 effective_seconds=0.047757625579833984 pose={'x_m': 0.0, 'y_m': 0.23042743444442743, 'heading_rad': 0.0}
[can] backend=detectnet_native no detections
[map] motion direction=forward speed=0.6 effective_seconds=0.04675483703613281 pose={'x_m': 0.0, 'y_m': 0.23527824878692621, 'heading_rad': 0.0}
[can] backend=detectnet_native no detections
[map] motion direction=forward speed=0.6 effective_seconds=0.045618295669555664 pose={'x_m': 0.0, 'y_m': 0.2400111469626426, 'heading_rad': 0.0}
[can] backend=detectnet_native no detections
[map] motion direction=forward speed=0.6 effective_seconds=0.0472874641418457 pose={'x_m': 0.0, 'y_m': 0.2449172213673591, 'heading_rad': 0.0}
[can] backend=detectnet_native no detections
[map] motion direction=forward speed=0.6 effective_seconds=0.04564929008483887 pose={'x_m': 0.0, 'y_m': 0.24965333521366115, 'heading_rad': 0.0}
[can] backend=detectnet_native no detections
[map] motion direction=forward speed=0.6 effective_seconds=0.04626011848449707 pose={'x_m': 0.0, 'y_m': 0.2544528225064277, 'heading_rad': 0.0}
[can] backend=detectnet_native no detections
[map] motion direction=forward speed=0.6 effective_seconds=0.04723191261291504 pose={'x_m': 0.0, 'y_m': 0.25935313344001765, 'heading_rad': 0.0}
[can] backend=detectnet_native no detections
[map] motion direction=forward speed=0.6 effective_seconds=0.045545339584350586 pose={'x_m': 0.0, 'y_m': 0.26407846242189403, 'heading_rad': 0.0}
[can] backend=detectnet_native no detections
[map] motion direction=forward speed=0.6 effective_seconds=0.0471348762512207 pose={'x_m': 0.0, 'y_m': 0.2689687058329582, 'heading_rad': 0.0}
[can] backend=detectnet_native no detections
[map] motion direction=forward speed=0.6 effective_seconds=0.04671120643615723 pose={'x_m': 0.0, 'y_m': 0.2738149935007095, 'heading_rad': 0.0}
[can] backend=detectnet_native no detections
[map] motion direction=forward speed=0.6 effective_seconds=0.0471343994140625 pose={'x_m': 0.0, 'y_m': 0.27870518743991846, 'heading_rad': 0.0}
[can] backend=detectnet_native no detections
[map] motion direction=forward speed=0.6 effective_seconds=0.04726457595825195 pose={'x_m': 0.0, 'y_m': 0.2836088871955871, 'heading_rad': 0.0}
[can] backend=detectnet_native no detections
[map] motion direction=forward speed=0.6 effective_seconds=0.04566478729248047 pose={'x_m': 0.0, 'y_m': 0.28834660887718194, 'heading_rad': 0.0}
[can] backend=detectnet_native no detections
[map] motion direction=forward speed=0.6 effective_seconds=0.04568314552307129 pose={'x_m': 0.0, 'y_m': 0.2930862352252006, 'heading_rad': 0.0}
[can] backend=detectnet_native no detections
[map] motion direction=forward speed=0.6 effective_seconds=0.04748868942260742 pose={'x_m': 0.0, 'y_m': 0.29801318675279614, 'heading_rad': 0.0}
[can] backend=detectnet_native no detections
[map] motion direction=forward speed=0.6 effective_seconds=0.04564666748046875 pose={'x_m': 0.0, 'y_m': 0.3027490285038948, 'heading_rad': 0.0}
[map] motion direction=forward speed=0.6 effective_seconds=0.017153501510620117 pose={'x_m': 0.0, 'y_m': 0.3045287042856216, 'heading_rad': 0.0}
[base] continuous stop label=search_can_routine_2_step_0 elapsed=0.017s
[base] stop
[can] backend=detectnet_native no detections
[base] continuous start label=search_can_routine_2_step_1 direction=left requested_speed=0.15 effective_speed=0.15
[can] backend=detectnet_native no detections
[map] motion direction=left speed=0.15 effective_seconds=0.045519351959228516 pose={'x_m': 0.0, 'y_m': 0.3045287042856216, 'heading_rad': -0.0049653910316420635}
[can] backend=detectnet_native no detections
[map] motion direction=left speed=0.15 effective_seconds=0.04569506645202637 pose={'x_m': 0.0, 'y_m': 0.3045287042856216, 'heading_rad': -0.009949949541051328}
[can] backend=detectnet_native no detections
[map] motion direction=left speed=0.15 effective_seconds=0.04705452919006348 pose={'x_m': 0.0, 'y_m': 0.3045287042856216, 'heading_rad': -0.01508280243069171}
[can] backend=detectnet_native no detections
[map] motion direction=left speed=0.15 effective_seconds=0.04571843147277832 pose={'x_m': 0.0, 'y_m': 0.3045287042856216, 'heading_rad': -0.020069909668487984}
[can] backend=detectnet_native no detections
[map] motion direction=left speed=0.15 effective_seconds=0.04724311828613281 pose={'x_m': 0.0, 'y_m': 0.3045287042856216, 'heading_rad': -0.025223334437251665}
[can] backend=detectnet_native no detections
[map] motion direction=left speed=0.15 effective_seconds=0.04592323303222656 pose={'x_m': 0.0, 'y_m': 0.3045287042856216, 'heading_rad': -0.03023278205958313}
[can] backend=detectnet_native no detections
[map] motion direction=left speed=0.15 effective_seconds=0.050080060958862305 pose={'x_m': 0.0, 'y_m': 0.3045287042856216, 'heading_rad': -0.035695669267906016}
[can] backend=detectnet_native no detections
[map] motion direction=left speed=0.15 effective_seconds=0.04619789123535156 pose={'x_m': 0.0, 'y_m': 0.3045287042856216, 'heading_rad': -0.0407350774525006}
[can] backend=detectnet_native no detections
[map] motion direction=left speed=0.15 effective_seconds=0.04507112503051758 pose={'x_m': 0.0, 'y_m': 0.3045287042856216, 'heading_rad': -0.045651574511004434}
[can] backend=detectnet_native no detections
[map] motion direction=left speed=0.15 effective_seconds=0.04613232612609863 pose={'x_m': 0.0, 'y_m': 0.3045287042856216, 'heading_rad': -0.05068383065165616}
[can] backend=detectnet_native no detections
[map] motion direction=left speed=0.15 effective_seconds=0.04542207717895508 pose={'x_m': 0.0, 'y_m': 0.3045287042856216, 'heading_rad': -0.05563861065082998}
[can] backend=detectnet_native no detections
[map] motion direction=left speed=0.15 effective_seconds=0.046128034591674805 pose={'x_m': 0.0, 'y_m': 0.3045287042856216, 'heading_rad': -0.06067039865769619}
[can] backend=detectnet_native no detections
[map] motion direction=left speed=0.15 effective_seconds=0.04646563529968262 pose={'x_m': 0.0, 'y_m': 0.3045287042856216, 'heading_rad': -0.06573901318901143}
[can] backend=detectnet_native no detections
[map] motion direction=left speed=0.15 effective_seconds=0.0458989143371582 pose={'x_m': 0.0, 'y_m': 0.3045287042856216, 'heading_rad': -0.07074580805322572}
[can] backend=detectnet_native no detections
[map] motion direction=left speed=0.15 effective_seconds=0.04582691192626953 pose={'x_m': 0.0, 'y_m': 0.3045287042856216, 'heading_rad': -0.0757447486728191}
[can] backend=detectnet_native no detections
[map] motion direction=left speed=0.15 effective_seconds=0.045197486877441406 pose={'x_m': 0.0, 'y_m': 0.3045287042856216, 'heading_rad': -0.08067502967055873}
[can] backend=detectnet_native no detections
[map] motion direction=left speed=0.15 effective_seconds=0.0456089973449707 pose={'x_m': 0.0, 'y_m': 0.3045287042856216, 'heading_rad': -0.08565019949682817}
[can] backend=detectnet_native no detections
[map] motion direction=left speed=0.15 effective_seconds=0.046418190002441406 pose={'x_m': 0.0, 'y_m': 0.3045287042856216, 'heading_rad': -0.09071363854907188}
[can] backend=detectnet_native no detections
[map] motion direction=left speed=0.15 effective_seconds=0.04567360877990723 pose={'x_m': 0.0, 'y_m': 0.3045287042856216, 'heading_rad': -0.09569585638955447}
[can] backend=detectnet_native no detections
[map] motion direction=left speed=0.15 effective_seconds=0.04542207717895508 pose={'x_m': 0.0, 'y_m': 0.3045287042856216, 'heading_rad': -0.10065063638872829}
[can] backend=detectnet_native no detections
[map] motion direction=left speed=0.15 effective_seconds=0.04658794403076172 pose={'x_m': 0.0, 'y_m': 0.3045287042856216, 'heading_rad': -0.10573259273292646}
[can] backend=detectnet_native no detections
[map] motion direction=left speed=0.15 effective_seconds=0.04584836959838867 pose={'x_m': 0.0, 'y_m': 0.3045287042856216, 'heading_rad': -0.11073387402144652}
[can] backend=detectnet_native no detections
[map] motion direction=left speed=0.15 effective_seconds=0.04654407501220703 pose={'x_m': 0.0, 'y_m': 0.3045287042856216, 'heading_rad': -0.11581104499806072}
[can] backend=detectnet_native no detections
[map] motion direction=left speed=0.15 effective_seconds=0.04645085334777832 pose={'x_m': 0.0, 'y_m': 0.3045287042856216, 'heading_rad': -0.12087804706855954}
[can] backend=detectnet_native no detections
[map] motion direction=left speed=0.15 effective_seconds=0.04538393020629883 pose={'x_m': 0.0, 'y_m': 0.3045287042856216, 'heading_rad': -0.12582866587852992}
[can] backend=detectnet_native no detections
[map] motion direction=left speed=0.15 effective_seconds=0.046497344970703125 pose={'x_m': 0.0, 'y_m': 0.3045287042856216, 'heading_rad': -0.1309007393983701}
[can] backend=detectnet_native no detections
[map] motion direction=left speed=0.15 effective_seconds=0.04548311233520508 pose={'x_m': 0.0, 'y_m': 0.3045287042856216, 'heading_rad': -0.13586217730026906}
[can] backend=detectnet_native no detections
[map] motion direction=left speed=0.15 effective_seconds=0.04566240310668945 pose={'x_m': 0.0, 'y_m': 0.3045287042856216, 'heading_rad': -0.14084317279142322}
[can] backend=detectnet_native no detections
[map] motion direction=left speed=0.15 effective_seconds=0.04702448844909668 pose={'x_m': 0.0, 'y_m': 0.3045287042856216, 'heading_rad': -0.1459727487445659}
[can] backend=detectnet_native no detections
[map] motion direction=left speed=0.15 effective_seconds=0.04548931121826172 pose={'x_m': 0.0, 'y_m': 0.3045287042856216, 'heading_rad': -0.15093486283971025}
[can] backend=detectnet_native no detections
[map] motion direction=left speed=0.15 effective_seconds=0.047173500061035156 pose={'x_m': 0.0, 'y_m': 0.3045287042856216, 'heading_rad': -0.1560806934381782}
[can] backend=detectnet_native no detections
[map] motion direction=left speed=0.15 effective_seconds=0.04541420936584473 pose={'x_m': 0.0, 'y_m': 0.3045287042856216, 'heading_rad': -0.16103461519207896}
[can] backend=detectnet_native no detections
[map] motion direction=left speed=0.15 effective_seconds=0.046539306640625 pose={'x_m': 0.0, 'y_m': 0.3045287042856216, 'heading_rad': -0.16611126602004278}
[can] backend=detectnet_native no detections
[map] motion direction=left speed=0.15 effective_seconds=0.046990156173706055 pose={'x_m': 0.0, 'y_m': 0.3045287042856216, 'heading_rad': -0.17123709690290267}
[can] backend=detectnet_native no detections
[map] motion direction=left speed=0.15 effective_seconds=0.04583263397216797 pose={'x_m': 0.0, 'y_m': 0.3045287042856216, 'heading_rad': -0.1762366617008766}
[can] backend=detectnet_native no detections
[map] motion direction=left speed=0.15 effective_seconds=0.04572582244873047 pose={'x_m': 0.0, 'y_m': 0.3045287042856216, 'heading_rad': -0.18122457516908108}
[can] backend=detectnet_native no detections
[map] motion direction=left speed=0.15 effective_seconds=0.04727673530578613 pose={'x_m': 0.0, 'y_m': 0.3045287042856216, 'heading_rad': -0.18638166698583047}
[can] backend=detectnet_native no detections
[map] motion direction=left speed=0.15 effective_seconds=0.0470881462097168 pose={'x_m': 0.0, 'y_m': 0.3045287042856216, 'heading_rad': -0.19151818692345612}
[can] backend=detectnet_native no detections
[map] motion direction=left speed=0.15 effective_seconds=0.04717564582824707 pose={'x_m': 0.0, 'y_m': 0.3045287042856216, 'heading_rad': -0.19666425158881662}
[can] backend=detectnet_native no detections
[map] motion direction=left speed=0.15 effective_seconds=0.047267913818359375 pose={'x_m': 0.0, 'y_m': 0.3045287042856216, 'heading_rad': -0.20182038113056233}
[can] backend=detectnet_native no detections
[map] motion direction=left speed=0.15 effective_seconds=0.044870853424072266 pose={'x_m': 0.0, 'y_m': 0.3045287042856216, 'heading_rad': -0.20671503194574914}
[can] backend=detectnet_native no detections
[map] motion direction=left speed=0.15 effective_seconds=0.045270442962646484 pose={'x_m': 0.0, 'y_m': 0.3045287042856216, 'heading_rad': -0.21165327121783983}
[can] backend=detectnet_native no detections
[map] motion direction=left speed=0.15 effective_seconds=0.04583334922790527 pose={'x_m': 0.0, 'y_m': 0.3045287042856216, 'heading_rad': -0.21665291403811127}
[can] backend=detectnet_native no detections
[map] motion direction=left speed=0.15 effective_seconds=0.04545903205871582 pose={'x_m': 0.0, 'y_m': 0.3045287042856216, 'heading_rad': -0.2216117251893257}
[can] backend=detectnet_native no detections
[map] motion direction=left speed=0.15 effective_seconds=0.04570722579956055 pose={'x_m': 0.0, 'y_m': 0.3045287042856216, 'heading_rad': -0.22659761007779355}
[can] backend=detectnet_native no detections
[map] motion direction=left speed=0.15 effective_seconds=0.04709434509277344 pose={'x_m': 0.0, 'y_m': 0.3045287042856216, 'heading_rad': -0.2317348062086646}
[can] backend=detectnet_native no detections
[map] motion direction=left speed=0.15 effective_seconds=0.04711461067199707 pose={'x_m': 0.0, 'y_m': 0.3045287042856216, 'heading_rad': -0.23687421297129996}
[can] backend=detectnet_native no detections
[map] motion direction=left speed=0.15 effective_seconds=0.04635429382324219 pose={'x_m': 0.0, 'y_m': 0.3045287042856216, 'heading_rad': -0.24193068203162804}
[can] backend=detectnet_native no detections
[map] motion direction=left speed=0.15 effective_seconds=0.04680037498474121 pose={'x_m': 0.0, 'y_m': 0.3045287042856216, 'heading_rad': -0.24703581099820182}
[can] backend=detectnet_native no detections
[map] motion direction=left speed=0.15 effective_seconds=0.04577374458312988 pose={'x_m': 0.0, 'y_m': 0.3045287042856216, 'heading_rad': -0.25202895196034314}
[can] backend=detectnet_native no detections
[map] motion direction=left speed=0.15 effective_seconds=0.04535222053527832 pose={'x_m': 0.0, 'y_m': 0.3045287042856216, 'heading_rad': -0.2569761117817886}
[can] backend=detectnet_native no detections
[map] motion direction=left speed=0.15 effective_seconds=0.04643893241882324 pose={'x_m': 0.0, 'y_m': 0.3045287042856216, 'heading_rad': -0.26204181348066147}
[can] backend=detectnet_native no detections
[map] motion direction=left speed=0.15 effective_seconds=0.04546833038330078 pose={'x_m': 0.0, 'y_m': 0.3045287042856216, 'heading_rad': -0.267001638921744}
[can] backend=detectnet_native no detections
[map] motion direction=left speed=0.15 effective_seconds=0.04579448699951172 pose={'x_m': 0.0, 'y_m': 0.3045287042856216, 'heading_rad': -0.2719970425305145}
[can] backend=detectnet_native no detections
[map] motion direction=left speed=0.15 effective_seconds=0.046705007553100586 pose={'x_m': 0.0, 'y_m': 0.3045287042856216, 'heading_rad': -0.2770917685240799}
[can] backend=detectnet_native no detections
[map] motion direction=left speed=0.15 effective_seconds=0.04550886154174805 pose={'x_m': 0.0, 'y_m': 0.3045287042856216, 'heading_rad': -0.28205601522869106}
[can] backend=detectnet_native no detections
[map] motion direction=left speed=0.15 effective_seconds=0.04629087448120117 pose={'x_m': 0.0, 'y_m': 0.3045287042856216, 'heading_rad': -0.2871055663119688}
[can] backend=detectnet_native no detections
[map] motion direction=left speed=0.15 effective_seconds=0.04549813270568848 pose={'x_m': 0.0, 'y_m': 0.3045287042856216, 'heading_rad': -0.2920686426821164}
[can] backend=detectnet_native no detections
[map] motion direction=left speed=0.15 effective_seconds=0.04510021209716797 pose={'x_m': 0.0, 'y_m': 0.3045287042856216, 'heading_rad': -0.2969883126473878}
[can] backend=detectnet_native no detections
[map] motion direction=left speed=0.15 effective_seconds=0.046410560607910156 pose={'x_m': 0.0, 'y_m': 0.3045287042856216, 'heading_rad': -0.30205091946179063}
[can] backend=detectnet_native no detections
[map] motion direction=left speed=0.15 effective_seconds=0.04558300971984863 pose={'x_m': 0.0, 'y_m': 0.3045287042856216, 'heading_rad': -0.3070232544779157}
[can] backend=detectnet_native no detections
[map] motion direction=left speed=0.15 effective_seconds=0.04551959037780762 pose={'x_m': 0.0, 'y_m': 0.3045287042856216, 'heading_rad': -0.3119886715169904}
[can] backend=detectnet_native no detections
[map] motion direction=left speed=0.15 effective_seconds=0.046474456787109375 pose={'x_m': 0.0, 'y_m': 0.3045287042856216, 'heading_rad': -0.31705824832330887}
[can] backend=detectnet_native no detections
[map] motion direction=left speed=0.15 effective_seconds=0.0454096794128418 pose={'x_m': 0.0, 'y_m': 0.3045287042856216, 'heading_rad': -0.32201167593599145}
[can] backend=detectnet_native no detections
[map] motion direction=left speed=0.15 effective_seconds=0.04706001281738281 pose={'x_m': 0.0, 'y_m': 0.3045287042856216, 'heading_rad': -0.3271451269965797}
[can] backend=detectnet_native no detections
[map] motion direction=left speed=0.15 effective_seconds=0.044997453689575195 pose={'x_m': 0.0, 'y_m': 0.3045287042856216, 'heading_rad': -0.33205358775843496}
[can] backend=detectnet_native no detections
[map] motion direction=left speed=0.15 effective_seconds=0.046370744705200195 pose={'x_m': 0.0, 'y_m': 0.3045287042856216, 'heading_rad': -0.33711185133160715}
[can] backend=detectnet_native no detections
[map] motion direction=left speed=0.15 effective_seconds=0.046637535095214844 pose={'x_m': 0.0, 'y_m': 0.3045287042856216, 'heading_rad': -0.3421992172217694}
[can] backend=detectnet_native no detections
[map] motion direction=left speed=0.15 effective_seconds=0.0457763671875 pose={'x_m': 0.0, 'y_m': 0.3045287042856216, 'heading_rad': -0.3471926442656681}
[can] backend=detectnet_native no detections
[map] motion direction=left speed=0.15 effective_seconds=0.046327829360961914 pose={'x_m': 0.0, 'y_m': 0.3045287042856216, 'heading_rad': -0.35224622650098647}
[can] backend=detectnet_native no detections
[map] motion direction=left speed=0.15 effective_seconds=0.04556989669799805 pose={'x_m': 0.0, 'y_m': 0.3045287042856216, 'heading_rad': -0.35721713110832276}
[can] backend=detectnet_native no detections
[map] motion direction=left speed=0.15 effective_seconds=0.04550623893737793 pose={'x_m': 0.0, 'y_m': 0.3045287042856216, 'heading_rad': -0.3621810917311761}
[can] backend=detectnet_native no detections
[map] motion direction=left speed=0.15 effective_seconds=0.0475008487701416 pose={'x_m': 0.0, 'y_m': 0.3045287042856216, 'heading_rad': -0.36736263053449436}
[can] backend=detectnet_native no detections
[map] motion direction=left speed=0.15 effective_seconds=0.04489612579345703 pose={'x_m': 0.0, 'y_m': 0.3045287042856216, 'heading_rad': -0.3722600381375285}
[can] backend=detectnet_native no detections
[map] motion direction=left speed=0.15 effective_seconds=0.04715466499328613 pose={'x_m': 0.0, 'y_m': 0.3045287042856216, 'heading_rad': -0.3774038141488272}
[can] backend=detectnet_native no detections
[map] motion direction=left speed=0.15 effective_seconds=0.04718375205993652 pose={'x_m': 0.0, 'y_m': 0.3045287042856216, 'heading_rad': -0.3825507630668934}
[can] backend=detectnet_native no detections
[map] motion direction=left speed=0.15 effective_seconds=0.04777336120605469 pose={'x_m': 0.0, 'y_m': 0.3045287042856216, 'heading_rad': -0.38776202836558227}
[can] backend=detectnet_native detections=1 best_confidence=0.201
[can] backend=detectnet_native confidence=0.201 class_id=1 center=(21.9,131.5) error_x=-0.432 bbox=[11.339365005493164, 113.85281372070312, 32.40949630737305, 149.2213134765625]
[map] motion direction=left speed=0.15 effective_seconds=0.4809141159057617 pose={'x_m': 0.0, 'y_m': 0.3045287042856216, 'heading_rad': -0.4402216205022933}
[base] continuous stop label=search_can_routine_2_step_1 elapsed=0.481s
[base] stop
[fsm] SEARCHING --TARGET_FOUND--> ALIGNING
[can] backend=detectnet_native no detections
[base] stop
[can] backend=detectnet_native no detections
[base] stop
[can] backend=detectnet_native detections=1 best_confidence=0.262
[can] backend=detectnet_native confidence=0.262 class_id=1 center=(29.0,130.6) error_x=-0.409 bbox=[20.19611167907715, 117.03410339355469, 37.739078521728516, 144.18386840820312]
[base] continuous start label=align_can direction=left requested_speed=0.15 effective_speed=0.15
[visual-turn] label=align_can direction=left speed=0.15
[can] backend=detectnet_native no detections
[visual-turn] label=align_can target temporarily missing; holding motion frame=1/2
[can] backend=detectnet_native no detections
[visual-turn] label=align_can target temporarily missing; holding motion frame=2/2
[can] backend=detectnet_native no detections
[map] motion direction=left speed=0.15 effective_seconds=0.35332179069519043 pose={'x_m': 0.0, 'y_m': 0.3045287042856216, 'heading_rad': -0.47876304904400424}
[base] continuous stop label=align_can elapsed=0.353s
[base] stop
[can] backend=detectnet_native no detections
[base] stop
[can] backend=detectnet_native no detections
[base] stop
[can] backend=detectnet_native detections=1 best_confidence=0.202
[can] backend=detectnet_native confidence=0.202 class_id=1 center=(43.6,129.5) error_x=-0.364 bbox=[34.70856857299805, 113.31794738769531, 52.44446563720703, 145.67263793945312]
[base] continuous start label=align_can direction=left requested_speed=0.15 effective_speed=0.15
[visual-turn] label=align_can direction=left speed=0.15
[can] backend=detectnet_native no detections
[visual-turn] label=align_can target temporarily missing; holding motion frame=1/2
[can] backend=detectnet_native no detections
[visual-turn] label=align_can target temporarily missing; holding motion frame=2/2
[can] backend=detectnet_native no detections
[map] motion direction=left speed=0.15 effective_seconds=0.3545956611633301 pose={'x_m': 0.0, 'y_m': 0.3045287042856216, 'heading_rad': -0.5174434352976709}
[base] continuous stop label=align_can elapsed=0.355s
[base] stop
[can] backend=detectnet_native no detections
[base] stop
[can] backend=detectnet_native no detections
[base] stop
[can] backend=detectnet_native no detections
[base] stop
[can] backend=detectnet_native no detections
[base] stop
[can] backend=detectnet_native no detections
[base] stop
[fsm] ALIGNING --TARGET_MISSING--> SEARCHING reason=alignment target lost
[can] backend=detectnet_native no detections
[base] continuous start label=search_can_routine_2_step_0 direction=forward requested_speed=0.6 effective_speed=0.6
[can] backend=detectnet_native no detections
[map] motion direction=forward speed=0.6 effective_seconds=0.04504108428955078 pose={'x_m': -0.002311551802692836, 'y_m': 0.3085899570532139, 'heading_rad': -0.5174434352976709}
[can] backend=detectnet_native no detections
[map] motion direction=forward speed=0.6 effective_seconds=0.04530000686645508 pose={'x_m': -0.004636391761273603, 'y_m': 0.31267455628434343, 'heading_rad': -0.5174434352976709}
[can] backend=detectnet_native no detections
[map] motion direction=forward speed=0.6 effective_seconds=0.04691362380981445 pose={'x_m': -0.007044044094669765, 'y_m': 0.31690465170812504, 'heading_rad': -0.5174434352976709}
[can] backend=detectnet_native detections=1 best_confidence=0.217
[can] backend=detectnet_native confidence=0.217 class_id=1 center=(48.7,127.8) error_x=-0.348 bbox=[39.334373474121094, 109.3708267211914, 58.12584686279297, 146.20574951171875]
[map] motion direction=forward speed=0.6 effective_seconds=0.06463861465454102 pose={'x_m': -0.010361360020453, 'y_m': 0.3227329694939823, 'heading_rad': -0.5174434352976709}
[base] continuous stop label=search_can_routine_2_step_0 elapsed=0.065s
[base] stop
[fsm] SEARCHING --TARGET_FOUND--> ALIGNING
[can] backend=detectnet_native no detections
[base] stop
[can] backend=detectnet_native no detections
[base] stop
[can] backend=detectnet_native no detections
[base] stop
[can] backend=detectnet_native no detections
[base] stop
[can] backend=detectnet_native no detections
[base] stop
[can] backend=detectnet_native no detections
[base] stop
[can] backend=detectnet_native no detections
[base] stop
[can] backend=detectnet_native no detections
[base] stop
[fsm] ALIGNING --TARGET_MISSING--> SEARCHING reason=alignment target lost
[can] backend=detectnet_native no detections
[base] continuous start label=search_can_routine_2_step_0 direction=forward requested_speed=0.6 effective_speed=0.6
[can] backend=detectnet_native no detections
[map] motion direction=forward speed=0.6 effective_seconds=0.04519939422607422 pose={'x_m': -0.012681036441478789, 'y_m': 0.3268084967107354, 'heading_rad': -0.5174434352976709}
[can] backend=detectnet_native no detections
[map] motion direction=forward speed=0.6 effective_seconds=0.0466768741607666 pose={'x_m': -0.015076538554988472, 'y_m': 0.3310172449537689, 'heading_rad': -0.5174434352976709}
[can] backend=detectnet_native no detections
[map] motion direction=forward speed=0.6 effective_seconds=0.04528069496154785 pose={'x_m': -0.017400387408019587, 'y_m': 0.3351001028740821, 'heading_rad': -0.5174434352976709}
[can] backend=detectnet_native no detections
[map] motion direction=forward speed=0.6 effective_seconds=0.04594874382019043 pose={'x_m': -0.019758521171546084, 'y_m': 0.33924319725004115, 'heading_rad': -0.5174434352976709}
[can] backend=detectnet_native no detections
[map] motion direction=forward speed=0.6 effective_seconds=0.04633355140686035 pose={'x_m': -0.022136403630839727, 'y_m': 0.34342098885634015, 'heading_rad': -0.5174434352976709}
[can] backend=detectnet_native no detections
[map] motion direction=forward speed=0.6 effective_seconds=0.04552626609802246 pose={'x_m': -0.024472855430983705, 'y_m': 0.3475259893709843, 'heading_rad': -0.5174434352976709}
[can] backend=detectnet_native no detections
[map] motion direction=forward speed=0.6 effective_seconds=0.045563459396362305 pose={'x_m': -0.026811216027001088, 'y_m': 0.35163434352127465, 'heading_rad': -0.5174434352976709}
[can] backend=detectnet_native no detections
[map] motion direction=forward speed=0.6 effective_seconds=0.04590439796447754 pose={'x_m': -0.029167073918524678, 'y_m': 0.3557734393316555, 'heading_rad': -0.5174434352976709}
[can] backend=detectnet_native no detections
[map] motion direction=forward speed=0.6 effective_seconds=0.04584145545959473 pose={'x_m': -0.03151970154010866, 'y_m': 0.35990685975863507, 'heading_rad': -0.5174434352976709}
[can] backend=detectnet_native no detections
[map] motion direction=forward speed=0.6 effective_seconds=0.04674649238586426 pose={'x_m': -0.03391877652794549, 'y_m': 0.36412188531967304, 'heading_rad': -0.5174434352976709}
[can] backend=detectnet_native no detections
[map] motion direction=forward speed=0.6 effective_seconds=0.04533553123474121 pose={'x_m': -0.03624543963130278, 'y_m': 0.368209687702798, 'heading_rad': -0.5174434352976709}
[can] backend=detectnet_native no detections
[map] motion direction=forward speed=0.6 effective_seconds=0.04575824737548828 pose={'x_m': -0.038593796933913564, 'y_m': 0.3723356054449023, 'heading_rad': -0.5174434352976709}
[can] backend=detectnet_native no detections
[map] motion direction=forward speed=0.6 effective_seconds=0.04646944999694824 pose={'x_m': -0.04097865383966772, 'y_m': 0.3765256507199087, 'heading_rad': -0.5174434352976709}
[can] backend=detectnet_native no detections
[map] motion direction=forward speed=0.6 effective_seconds=0.04579281806945801 pose={'x_m': -0.0433287853435711, 'y_m': 0.3806546856233508, 'heading_rad': -0.5174434352976709}
[can] backend=detectnet_native detections=1 best_confidence=0.206
[can] backend=detectnet_native confidence=0.206 class_id=1 center=(44.6,129.8) error_x=-0.361 bbox=[36.05104064941406, 113.28317260742188, 53.05427169799805, 146.2244873046875]
[map] motion direction=forward speed=0.6 effective_seconds=0.06385278701782227 pose={'x_m': -0.04660577183859317, 'y_m': 0.3864121471073491, 'heading_rad': -0.5174434352976709}
[base] continuous stop label=search_can_routine_2_step_0 elapsed=0.064s
[base] stop
[fsm] SEARCHING --TARGET_FOUND--> ALIGNING
[can] backend=detectnet_native detections=1 best_confidence=0.244
[can] backend=detectnet_native confidence=0.244 class_id=1 center=(43.1,129.9) error_x=-0.365 bbox=[34.42863845825195, 114.18663024902344, 51.80791473388672, 145.7055206298828]
[base] continuous start label=align_can direction=left requested_speed=0.15 effective_speed=0.15
[visual-turn] label=align_can direction=left speed=0.15
[can] backend=detectnet_native no detections
[visual-turn] label=align_can target temporarily missing; holding motion frame=1/2
[can] backend=detectnet_native no detections
[visual-turn] label=align_can target temporarily missing; holding motion frame=2/2
[can] backend=detectnet_native detections=1 best_confidence=0.208
[can] backend=detectnet_native confidence=0.208 class_id=1 center=(43.4,130.1) error_x=-0.364 bbox=[34.11415481567383, 113.62844848632812, 52.6577033996582, 146.6083984375]
[can] backend=detectnet_native no detections
[visual-turn] label=align_can target temporarily missing; holding motion frame=1/2
[can] backend=detectnet_native no detections
[visual-turn] label=align_can target temporarily missing; holding motion frame=2/2
[can] backend=detectnet_native no detections
[map] motion direction=left speed=0.15 effective_seconds=0.6962299346923828 pose={'x_m': -0.04660577183859317, 'y_m': 0.3864121471073491, 'heading_rad': -0.593390339743471}
[base] continuous stop label=align_can elapsed=0.696s
[base] stop
[can] backend=detectnet_native no detections
[base] stop
[can] backend=detectnet_native no detections
[base] stop
[can] backend=detectnet_native no detections
[base] stop
[can] backend=detectnet_native no detections
[base] stop
[can] backend=detectnet_native no detections
[base] stop
[fsm] ALIGNING --TARGET_MISSING--> SEARCHING reason=alignment target lost
[can] backend=detectnet_native no detections
[base] continuous start label=search_can_routine_2_step_0 direction=forward requested_speed=0.6 effective_speed=0.6
[can] backend=detectnet_native no detections
[map] motion direction=forward speed=0.6 effective_seconds=0.046221256256103516 pose={'x_m': -0.04928727053426161, 'y_m': 0.39038781769608927, 'heading_rad': -0.593390339743471}
[can] backend=detectnet_native no detections
[map] motion direction=forward speed=0.6 effective_seconds=0.04674172401428223 pose={'x_m': -0.051998963857418326, 'y_m': 0.394408255747382, 'heading_rad': -0.593390339743471}
[can] backend=detectnet_native no detections
[map] motion direction=forward speed=0.6 effective_seconds=0.04555630683898926 pose={'x_m': -0.0546418859080731, 'y_m': 0.39832673144237074, 'heading_rad': -0.593390339743471}
[can] backend=detectnet_native no detections
[map] motion direction=forward speed=0.6 effective_seconds=0.04647970199584961 pose={'x_m': -0.057338378179645016, 'y_m': 0.4023246319575456, 'heading_rad': -0.593390339743471}
[can] backend=detectnet_native no detections
[map] motion direction=forward speed=0.6 effective_seconds=0.046135663986206055 pose={'x_m': -0.06001491129067383, 'y_m': 0.4062929404212026, 'heading_rad': -0.593390339743471}
[can] backend=detectnet_native no detections
[map] motion direction=forward speed=0.6 effective_seconds=0.04624795913696289 pose={'x_m': -0.06269795913809613, 'y_m': 0.4102709078289102, 'heading_rad': -0.593390339743471}
[can] backend=detectnet_native no detections
[map] motion direction=forward speed=0.6 effective_seconds=0.046602487564086914 pose={'x_m': -0.06540157474139341, 'y_m': 0.41427936960987277, 'heading_rad': -0.593390339743471}
[can] backend=detectnet_native no detections
[map] motion direction=forward speed=0.6 effective_seconds=0.04573655128479004 pose={'x_m': -0.06805495356638677, 'y_m': 0.4182133488328917, 'heading_rad': -0.593390339743471}
[can] backend=detectnet_native no detections
[map] motion direction=forward speed=0.6 effective_seconds=0.04580950736999512 pose={'x_m': -0.07071256489527908, 'y_m': 0.4221536032934466, 'heading_rad': -0.593390339743471}
[can] backend=detectnet_native no detections
[map] motion direction=forward speed=0.6 effective_seconds=0.04570317268371582 pose={'x_m': -0.07336400728058011, 'y_m': 0.42608471149275623, 'heading_rad': -0.593390339743471}
[can] backend=detectnet_native no detections
[map] motion direction=forward speed=0.6 effective_seconds=0.04718470573425293 pose={'x_m': -0.07610139992479649, 'y_m': 0.43014325213013355, 'heading_rad': -0.593390339743471}
[can] backend=detectnet_native no detections
[map] motion direction=forward speed=0.6 effective_seconds=0.0464935302734375 pose={'x_m': -0.07879869443566952, 'y_m': 0.43414234206941654, 'heading_rad': -0.593390339743471}
[can] backend=detectnet_native no detections
[map] motion direction=forward speed=0.6 effective_seconds=0.04523158073425293 pose={'x_m': -0.08142277769446031, 'y_m': 0.4380328868051765, 'heading_rad': -0.593390339743471}
[can] backend=detectnet_native no detections
[map] motion direction=forward speed=0.6 effective_seconds=0.04667472839355469 pose={'x_m': -0.08413058430652028, 'y_m': 0.4420475623017384, 'heading_rad': -0.593390339743471}
[can] backend=detectnet_native no detections
[map] motion direction=forward speed=0.6 effective_seconds=0.04699230194091797 pose={'x_m': -0.08685681475908157, 'y_m': 0.44608955353816293, 'heading_rad': -0.593390339743471}
[can] backend=detectnet_native no detections
[map] motion direction=forward speed=0.6 effective_seconds=0.045586347579956055 pose={'x_m': -0.08950147960545943, 'y_m': 0.4500106131544901, 'heading_rad': -0.593390339743471}
[can] backend=detectnet_native no detections
[map] motion direction=forward speed=0.6 effective_seconds=0.04706144332885742 pose={'x_m': -0.09223172125452626, 'y_m': 0.4540585515114553, 'heading_rad': -0.593390339743471}
[can] backend=detectnet_native no detections
[map] motion direction=forward speed=0.6 effective_seconds=0.045923471450805664 pose={'x_m': -0.09489594414179668, 'y_m': 0.45800860846724617, 'heading_rad': -0.593390339743471}
[can] backend=detectnet_native detections=1 best_confidence=0.204
[can] backend=detectnet_native confidence=0.204 class_id=1 center=(47.4,129.6) error_x=-0.352 bbox=[37.30451202392578, 109.18185424804688, 57.43334197998047, 150.03411865234375]
[map] motion direction=forward speed=0.6 effective_seconds=0.0629434585571289 pose={'x_m': -0.09854757145989913, 'y_m': 0.46342262091971204, 'heading_rad': -0.593390339743471}
[base] continuous stop label=search_can_routine_2_step_0 elapsed=0.063s
[base] stop
[fsm] SEARCHING --TARGET_FOUND--> ALIGNING
[can] backend=detectnet_native no detections
[base] stop
[can] backend=detectnet_native no detections
[base] stop
[can] backend=detectnet_native no detections
[base] stop
[can] backend=detectnet_native no detections
[base] stop
[can] backend=detectnet_native no detections
[base] stop
[can] backend=detectnet_native no detections
[base] stop
[can] backend=detectnet_native no detections
[base] stop
[can] backend=detectnet_native no detections
[base] stop
[fsm] ALIGNING --TARGET_MISSING--> SEARCHING reason=alignment target lost
[can] backend=detectnet_native no detections
[base] continuous start label=search_can_routine_2_step_0 direction=forward requested_speed=0.6 effective_speed=0.6
[can] backend=detectnet_native no detections
[map] motion direction=forward speed=0.6 effective_seconds=0.04622077941894531 pose={'x_m': -0.10122904249214339, 'y_m': 0.46739825049382777, 'heading_rad': -0.593390339743471}
[can] backend=detectnet_native no detections
[map] motion direction=forward speed=0.6 effective_seconds=0.045813798904418945 pose={'x_m': -0.10388690279185328, 'y_m': 0.47133887408600245, 'heading_rad': -0.593390339743471}
[can] backend=detectnet_native no detections
[map] motion direction=forward speed=0.6 effective_seconds=0.04617714881896973 pose={'x_m': -0.10656584262078542, 'y_m': 0.4753107508219839, 'heading_rad': -0.593390339743471}
[can] backend=detectnet_native no detections
[map] motion direction=forward speed=0.6 effective_seconds=0.04561662673950195 pose={'x_m': -0.10921226409459847, 'y_m': 0.4792344148669616, 'heading_rad': -0.593390339743471}
[can] backend=detectnet_native no detections
[map] motion direction=forward speed=0.6 effective_seconds=0.0457763671875 pose={'x_m': -0.11186795281551054, 'y_m': 0.4831718188111195, 'heading_rad': -0.593390339743471}
[can] backend=detectnet_native no detections
[map] motion direction=forward speed=0.6 effective_seconds=0.04671740531921387 pose={'x_m': -0.11457823530403427, 'y_m': 0.4871901651165669, 'heading_rad': -0.593390339743471}
[can] backend=detectnet_native no detections
[map] motion direction=forward speed=0.6 effective_seconds=0.045491933822631836 pose={'x_m': -0.11721742279242525, 'y_m': 0.4911031038372592, 'heading_rad': -0.593390339743471}
[can] backend=detectnet_native no detections
[map] motion direction=forward speed=0.6 effective_seconds=0.04686117172241211 pose={'x_m': -0.11993604580333811, 'y_m': 0.4951338160519687, 'heading_rad': -0.593390339743471}
[can] backend=detectnet_native no detections
[map] motion direction=forward speed=0.6 effective_seconds=0.04646420478820801 pose={'x_m': -0.1226316390136243, 'y_m': 0.49913038359184997, 'heading_rad': -0.593390339743471}
[can] backend=detectnet_native no detections
[map] motion direction=forward speed=0.6 effective_seconds=0.04736137390136719 pose={'x_m': -0.12537928095649795, 'y_m': 0.5032041201475743, 'heading_rad': -0.593390339743471}
[can] backend=detectnet_native no detections
[map] motion direction=forward speed=0.6 effective_seconds=0.04629063606262207 pose={'x_m': -0.128064804680384, 'y_m': 0.5071857583641673, 'heading_rad': -0.593390339743471}
[can] backend=detectnet_native no detections
[map] motion direction=forward speed=0.6 effective_seconds=0.04546618461608887 pose={'x_m': -0.1307024983438695, 'y_m': 0.511096482295141, 'heading_rad': -0.593390339743471}
[can] backend=detectnet_native no detections
[map] motion direction=forward speed=0.6 effective_seconds=0.04669785499572754 pose={'x_m': -0.133411646632002, 'y_m': 0.5151131470009873, 'heading_rad': -0.593390339743471}
[can] backend=detectnet_native detections=1 best_confidence=0.259
[can] backend=detectnet_native confidence=0.259 class_id=1 center=(30.8,128.6) error_x=-0.404 bbox=[19.979894638061523, 110.62357330322266, 41.67644500732422, 146.57713317871094]
[map] motion direction=forward speed=0.6 effective_seconds=0.06563997268676758 pose={'x_m': -0.13721971061382068, 'y_m': 0.5207590971545387, 'heading_rad': -0.593390339743471}
[base] continuous stop label=search_can_routine_2_step_0 elapsed=0.066s
[base] stop
[fsm] SEARCHING --TARGET_FOUND--> ALIGNING
[can] backend=detectnet_native no detections
[base] stop
[can] backend=detectnet_native no detections
[base] stop
[can] backend=detectnet_native no detections
[base] stop
[can] backend=detectnet_native no detections
[base] stop
[can] backend=detectnet_native no detections
[base] stop
[can] backend=detectnet_native no detections
[base] stop
[can] backend=detectnet_native no detections
[base] stop
[can] backend=detectnet_native no detections
[base] stop
[fsm] ALIGNING --TARGET_MISSING--> SEARCHING reason=alignment target lost
[can] backend=detectnet_native no detections
[base] continuous start label=search_can_routine_2_step_0 direction=forward requested_speed=0.6 effective_speed=0.6
[can] backend=detectnet_native no detections
[map] motion direction=forward speed=0.6 effective_seconds=0.04513287544250488 pose={'x_m': -0.139838067543807, 'y_m': 0.524641151863044, 'heading_rad': -0.593390339743471}
[can] backend=detectnet_native no detections
[map] motion direction=forward speed=0.6 effective_seconds=0.048964500427246094 pose={'x_m': -0.14267871391876094, 'y_m': 0.5288527795860627, 'heading_rad': -0.593390339743471}
[can] backend=detectnet_native no detections
[map] motion direction=forward speed=0.6 effective_seconds=0.04626274108886719 pose={'x_m': -0.1453626193323327, 'y_m': 0.5328320184471272, 'heading_rad': -0.593390339743471}
[can] backend=detectnet_native no detections
[map] motion direction=forward speed=0.6 effective_seconds=0.04647636413574219 pose={'x_m': -0.14805891795993537, 'y_m': 0.5368296318599312, 'heading_rad': -0.593390339743471}
[can] backend=detectnet_native no detections
[map] motion direction=forward speed=0.6 effective_seconds=0.046124935150146484 pose={'x_m': -0.1507348286439202, 'y_m': 0.5407970174945388, 'heading_rad': -0.593390339743471}
[can] backend=detectnet_native no detections
[map] motion direction=forward speed=0.6 effective_seconds=0.04526853561401367 pose={'x_m': -0.15336105581808465, 'y_m': 0.5446907408636912, 'heading_rad': -0.593390339743471}
[can] backend=detectnet_native no detections
[map] motion direction=forward speed=0.6 effective_seconds=0.045738935470581055 pose={'x_m': -0.15601457296019888, 'y_m': 0.5486249251598322, 'heading_rad': -0.593390339743471}
[can] backend=detectnet_native no detections
[map] motion direction=forward speed=0.6 effective_seconds=0.04679989814758301 pose={'x_m': -0.15872964122110508, 'y_m': 0.5526503669953039, 'heading_rad': -0.593390339743471}
[can] backend=detectnet_native no detections
[map] motion direction=forward speed=0.6 effective_seconds=0.04596686363220215 pose={'x_m': -0.16139638147997554, 'y_m': 0.5566041562819168, 'heading_rad': -0.593390339743471}
[can] backend=detectnet_native no detections
[map] motion direction=forward speed=0.6 effective_seconds=0.046724557876586914 pose={'x_m': -0.16410707891986193, 'y_m': 0.5606231178067305, 'heading_rad': -0.593390339743471}
[can] backend=detectnet_native no detections
[map] motion direction=forward speed=0.6 effective_seconds=0.0456695556640625 pose={'x_m': -0.16675657103375854, 'y_m': 0.5645513344750186, 'heading_rad': -0.593390339743471}
[can] backend=detectnet_native detections=1 best_confidence=0.258
[can] backend=detectnet_native confidence=0.258 class_id=1 center=(26.3,137.6) error_x=-0.418 bbox=[13.6644287109375, 114.24962615966797, 38.99066162109375, 160.97731018066406]
[map] motion direction=forward speed=0.6 effective_seconds=0.0633399486541748 pose={'x_m': -0.17043120048906346, 'y_m': 0.5699994505876883, 'heading_rad': -0.593390339743471}
[base] continuous stop label=search_can_routine_2_step_0 elapsed=0.063s
[base] stop
[fsm] SEARCHING --TARGET_FOUND--> ALIGNING
[can] backend=detectnet_native no detections
[base] stop
[can] backend=detectnet_native no detections
[base] stop
[can] backend=detectnet_native no detections
[base] stop
[can] backend=detectnet_native no detections
[base] stop
[can] backend=detectnet_native no detections
[base] stop
[can] backend=detectnet_native no detections
[base] stop
[can] backend=detectnet_native no detections
[base] stop
[can] backend=detectnet_native no detections
[base] stop
[fsm] ALIGNING --TARGET_MISSING--> SEARCHING reason=alignment target lost
[can] backend=detectnet_native no detections
[base] continuous start label=search_can_routine_2_step_0 direction=forward requested_speed=0.6 effective_speed=0.6
[can] backend=detectnet_native detections=1 best_confidence=0.232
[can] backend=detectnet_native confidence=0.232 class_id=1 center=(25.2,135.6) error_x=-0.421 bbox=[12.769500732421875, 110.37936401367188, 37.683616638183594, 160.8054656982422]
[map] motion direction=forward speed=0.6 effective_seconds=0.06505393981933594 pose={'x_m': -0.17420526612256962, 'y_m': 0.5755949937678296, 'heading_rad': -0.593390339743471}
[base] continuous stop label=search_can_routine_2_step_0 elapsed=0.065s
[base] stop
[fsm] SEARCHING --TARGET_FOUND--> ALIGNING
[can] backend=detectnet_native no detections
[base] stop
[can] backend=detectnet_native no detections
[base] stop
[can] backend=detectnet_native no detections
[base] stop
[can] backend=detectnet_native no detections
[base] stop
[can] backend=detectnet_native no detections
[base] stop
[can] backend=detectnet_native no detections
[base] stop
[can] backend=detectnet_native no detections
[base] stop
[can] backend=detectnet_native no detections
[base] stop
[fsm] ALIGNING --TARGET_MISSING--> SEARCHING reason=alignment target lost
[can] backend=detectnet_native no detections
[base] continuous start label=search_can_routine_2_step_0 direction=forward requested_speed=0.6 effective_speed=0.6
[can] backend=detectnet_native no detections
[map] motion direction=forward speed=0.6 effective_seconds=0.04517674446105957 pose={'x_m': -0.17682616808758017, 'y_m': 0.5794808218217814, 'heading_rad': -0.593390339743471}
[can] backend=detectnet_native detections=1 best_confidence=0.211
[can] backend=detectnet_native confidence=0.211 class_id=1 center=(23.8,139.3) error_x=-0.426 bbox=[12.22084903717041, 115.6371841430664, 35.36185836791992, 162.9341583251953]
[map] motion direction=forward speed=0.6 effective_seconds=0.06319046020507812 pose={'x_m': -0.18049212505940587, 'y_m': 0.584916079849696, 'heading_rad': -0.593390339743471}
[base] continuous stop label=search_can_routine_2_step_0 elapsed=0.063s
[base] stop
[fsm] SEARCHING --TARGET_FOUND--> ALIGNING
[can] backend=detectnet_native no detections
[base] stop
[can] backend=detectnet_native no detections
[base] stop
[can] backend=detectnet_native no detections
[base] stop
[can] backend=detectnet_native no detections
[base] stop
[can] backend=detectnet_native no detections
[base] stop
[can] backend=detectnet_native no detections
[base] stop
[can] backend=detectnet_native no detections
[base] stop
[can] backend=detectnet_native no detections
[base] stop
[fsm] ALIGNING --TARGET_MISSING--> SEARCHING reason=alignment target lost
[can] backend=detectnet_native no detections
[base] continuous start label=search_can_routine_2_step_0 direction=forward requested_speed=0.6 effective_speed=0.6
[can] backend=detectnet_native detections=1 best_confidence=0.529
[can] backend=detectnet_native confidence=0.529 class_id=1 center=(26.7,138.8) error_x=-0.416 bbox=[9.772621154785156, 112.82148742675781, 43.67354965209961, 164.84829711914062]
[map] motion direction=forward speed=0.6 effective_seconds=0.06207108497619629 pose={'x_m': -0.18409314214297803, 'y_m': 0.5902550560467885, 'heading_rad': -0.593390339743471}
[base] continuous stop label=search_can_routine_2_step_0 elapsed=0.062s
[base] stop
[fsm] SEARCHING --TARGET_FOUND--> ALIGNING
[can] backend=detectnet_native detections=1 best_confidence=0.252
[can] backend=detectnet_native confidence=0.252 class_id=1 center=(29.1,135.5) error_x=-0.409 bbox=[14.249090194702148, 108.69215393066406, 43.858455657958984, 162.29713439941406]
[base] continuous start label=align_can direction=left requested_speed=0.15 effective_speed=0.15
[visual-turn] label=align_can direction=left speed=0.15
[can] backend=detectnet_native detections=1 best_confidence=0.618
[can] backend=detectnet_native confidence=0.618 class_id=1 center=(28.2,136.5) error_x=-0.412 bbox=[14.02869701385498, 109.8509521484375, 42.42599105834961, 163.0491485595703]
[can] backend=detectnet_native detections=1 best_confidence=0.211
[can] backend=detectnet_native confidence=0.211 class_id=1 center=(28.8,134.7) error_x=-0.410 bbox=[14.874933242797852, 109.37578582763672, 42.77741241455078, 160.0784149169922]
[can] backend=detectnet_native no detections
[visual-turn] label=align_can target temporarily missing; holding motion frame=1/2
[can] backend=detectnet_native no detections
[visual-turn] label=align_can target temporarily missing; holding motion frame=2/2
[can] backend=detectnet_native no detections
[map] motion direction=left speed=0.15 effective_seconds=0.4481043815612793 pose={'x_m': -0.18409314214297803, 'y_m': 0.5902550560467885, 'heading_rad': -0.6422709450613322}
[base] continuous stop label=align_can elapsed=0.448s
[base] stop
[can] backend=detectnet_native no detections
[base] stop
[can] backend=detectnet_native no detections
[base] stop
[can] backend=detectnet_native no detections
[base] stop
[can] backend=detectnet_native no detections
[base] stop
[can] backend=detectnet_native no detections
[base] stop
[fsm] ALIGNING --TARGET_MISSING--> SEARCHING reason=alignment target lost
[can] backend=detectnet_native no detections
[base] continuous start label=search_can_routine_2_step_0 direction=forward requested_speed=0.6 effective_speed=0.6
[can] backend=detectnet_native no detections
[map] motion direction=forward speed=0.6 effective_seconds=0.0469510555267334 pose={'x_m': -0.18701104926794715, 'y_m': 0.5941555861094616, 'heading_rad': -0.6422709450613322}
[can] backend=detectnet_native no detections
[map] motion direction=forward speed=0.6 effective_seconds=0.04585909843444824 pose={'x_m': -0.18986109360806525, 'y_m': 0.597965400182519, 'heading_rad': -0.6422709450613322}
[can] backend=detectnet_native no detections
[map] motion direction=forward speed=0.6 effective_seconds=0.04546022415161133 pose={'x_m': -0.1926863487693502, 'y_m': 0.6017420771702866, 'heading_rad': -0.6422709450613322}
[can] backend=detectnet_native no detections
[map] motion direction=forward speed=0.6 effective_seconds=0.04546308517456055 pose={'x_m': -0.19551178173705835, 'y_m': 0.6055189918418699, 'heading_rad': -0.6422709450613322}
[can] backend=detectnet_native no detections
[map] motion direction=forward speed=0.6 effective_seconds=0.04582977294921875 pose={'x_m': -0.19836000356133873, 'y_m': 0.6093263696558174, 'heading_rad': -0.6422709450613322}
[can] backend=detectnet_native detections=1 best_confidence=0.284
[can] backend=detectnet_native confidence=0.284 class_id=1 center=(84.0,132.6) error_x=-0.237 bbox=[69.76222229003906, 101.23343658447266, 98.29276275634766, 163.86810302734375]
[map] motion direction=forward speed=0.6 effective_seconds=0.0679934024810791 pose={'x_m': -0.20258564729446987, 'y_m': 0.6149750245681627, 'heading_rad': -0.6422709450613322}
[base] continuous stop label=search_can_routine_2_step_0 elapsed=0.068s
[base] stop
[fsm] SEARCHING --TARGET_FOUND--> ALIGNING
[can] backend=detectnet_native detections=1 best_confidence=0.245
[can] backend=detectnet_native confidence=0.245 class_id=1 center=(84.4,131.0) error_x=-0.236 bbox=[70.59690856933594, 102.03287506103516, 98.13590240478516, 159.9540557861328]
[base] continuous start label=align_can direction=left requested_speed=0.15 effective_speed=0.15
[visual-turn] label=align_can direction=left speed=0.15
[can] backend=detectnet_native detections=1 best_confidence=0.609
[can] backend=detectnet_native confidence=0.609 class_id=1 center=(81.2,127.4) error_x=-0.246 bbox=[64.97660827636719, 96.2168197631836, 97.43938446044922, 158.59429931640625]
[can] backend=detectnet_native detections=1 best_confidence=0.575
[can] backend=detectnet_native confidence=0.575 class_id=1 center=(81.3,130.9) error_x=-0.246 bbox=[68.1968765258789, 98.86888885498047, 94.46514892578125, 162.97201538085938]
[can] backend=detectnet_native detections=1 best_confidence=0.498
[can] backend=detectnet_native confidence=0.498 class_id=1 center=(82.3,131.4) error_x=-0.243 bbox=[66.97329711914062, 98.41053771972656, 97.68408966064453, 164.4384765625]
[can] backend=detectnet_native detections=1 best_confidence=0.621
[can] backend=detectnet_native confidence=0.621 class_id=1 center=(82.7,130.8) error_x=-0.242 bbox=[67.92330932617188, 98.78829956054688, 97.38301086425781, 162.8022918701172]
[can] backend=detectnet_native detections=1 best_confidence=0.376
[can] backend=detectnet_native confidence=0.376 class_id=1 center=(84.2,131.5) error_x=-0.237 bbox=[68.70384979248047, 102.25096130371094, 99.73082733154297, 160.83245849609375]
[can] backend=detectnet_native detections=1 best_confidence=0.220
[can] backend=detectnet_native confidence=0.220 class_id=1 center=(85.2,130.0) error_x=-0.234 bbox=[71.64480590820312, 105.09571838378906, 98.67826843261719, 154.8759765625]
[can] backend=detectnet_native no detections
[visual-turn] label=align_can target temporarily missing; holding motion frame=1/2
[can] backend=detectnet_native no detections
[visual-turn] label=align_can target temporarily missing; holding motion frame=2/2
[can] backend=detectnet_native no detections
[map] motion direction=left speed=0.15 effective_seconds=0.6362874507904053 pose={'x_m': -0.20258564729446987, 'y_m': 0.6149750245681627, 'heading_rad': -0.7116791388451742}
[base] continuous stop label=align_can elapsed=0.636s
[base] stop
[can] backend=detectnet_native detections=1 best_confidence=0.343
[can] backend=detectnet_native confidence=0.343 class_id=1 center=(93.1,126.6) error_x=-0.209 bbox=[81.974609375, 100.9208755493164, 104.31624603271484, 152.24110412597656]
[base] continuous start label=align_can direction=left requested_speed=0.15 effective_speed=0.15
[visual-turn] label=align_can direction=left speed=0.15
[can] backend=detectnet_native detections=1 best_confidence=0.232
[can] backend=detectnet_native confidence=0.232 class_id=1 center=(93.1,129.5) error_x=-0.209 bbox=[81.4222640991211, 103.78711700439453, 104.7630386352539, 155.1474609375]
[can] backend=detectnet_native detections=1 best_confidence=0.327
[can] backend=detectnet_native confidence=0.327 class_id=1 center=(93.8,129.7) error_x=-0.207 bbox=[81.61878967285156, 103.66696166992188, 106.05106353759766, 155.79537963867188]
[can] backend=detectnet_native detections=1 best_confidence=0.408
[can] backend=detectnet_native confidence=0.408 class_id=1 center=(95.4,131.0) error_x=-0.202 bbox=[80.68124389648438, 99.2295150756836, 110.15939331054688, 162.74813842773438]
[can] backend=detectnet_native detections=1 best_confidence=0.279
[can] backend=detectnet_native confidence=0.279 class_id=1 center=(97.6,128.9) error_x=-0.195 bbox=[85.04014587402344, 101.38713836669922, 110.1220703125, 156.49681091308594]
[can] backend=detectnet_native detections=1 best_confidence=0.551
[can] backend=detectnet_native confidence=0.551 class_id=1 center=(99.3,129.8) error_x=-0.190 bbox=[85.14579010009766, 98.59255981445312, 113.38684844970703, 161.09718322753906]
[can] backend=detectnet_native detections=1 best_confidence=0.275
[can] backend=detectnet_native confidence=0.275 class_id=1 center=(99.7,129.6) error_x=-0.188 bbox=[84.86759185791016, 100.19529724121094, 114.49749755859375, 158.99415588378906]
[can] backend=detectnet_native no detections
[visual-turn] label=align_can target temporarily missing; holding motion frame=1/2
[can] backend=detectnet_native no detections
[visual-turn] label=align_can target temporarily missing; holding motion frame=2/2
[can] backend=detectnet_native no detections
[map] motion direction=left speed=0.15 effective_seconds=0.6412429809570312 pose={'x_m': -0.20258564729446987, 'y_m': 0.6149750245681627, 'heading_rad': -0.7816278971139505}
[base] continuous stop label=align_can elapsed=0.641s
[base] stop
[can] backend=detectnet_native detections=1 best_confidence=0.428
[can] backend=detectnet_native confidence=0.428 class_id=1 center=(110.7,128.2) error_x=-0.154 bbox=[96.32622528076172, 98.57353973388672, 125.10319519042969, 157.7775421142578]
[base] continuous start label=align_can direction=left requested_speed=0.15 effective_speed=0.15
[visual-turn] label=align_can direction=left speed=0.15
[can] backend=detectnet_native detections=1 best_confidence=0.582
[can] backend=detectnet_native confidence=0.582 class_id=1 center=(110.7,126.5) error_x=-0.154 bbox=[95.80882263183594, 96.13198852539062, 125.58055114746094, 156.77410888671875]
[can] backend=detectnet_native detections=1 best_confidence=0.258
[can] backend=detectnet_native confidence=0.258 class_id=1 center=(112.0,129.4) error_x=-0.150 bbox=[97.86331939697266, 99.80088806152344, 126.0506362915039, 159.02915954589844]
[can] backend=detectnet_native detections=1 best_confidence=0.322
[can] backend=detectnet_native confidence=0.322 class_id=1 center=(112.1,129.6) error_x=-0.150 bbox=[97.1230697631836, 99.34833526611328, 127.08146667480469, 159.84288024902344]
[map] motion direction=left speed=0.15 effective_seconds=0.15881872177124023 pose={'x_m': -0.20258564729446987, 'y_m': 0.6149750245681627, 'heading_rad': -0.7989523321684326}
[base] continuous stop label=align_can elapsed=0.159s
[base] stop
[fsm] ALIGNING --TARGET_ALIGNED--> APPROACHING
[can] backend=detectnet_native detections=1 best_confidence=0.203
[can] backend=detectnet_native confidence=0.203 class_id=1 center=(114.3,129.0) error_x=-0.143 bbox=[100.82553100585938, 100.64862060546875, 127.78515625, 157.36082458496094]
[approach] target=can mode=bbox_height bbox=0.236/0.36 bbox_ok=False depth_raw=n/a/2.05 depth_ok=False error_x=-0.143
[base] continuous start label=approach_can_steer direction=left requested_speed=0.15 effective_speed=0.15
[visual-turn] label=approach_can_steer direction=left speed=0.15
[can] backend=detectnet_native detections=1 best_confidence=0.395
[can] backend=detectnet_native confidence=0.395 class_id=1 center=(113.6,124.4) error_x=-0.145 bbox=[99.75128936767578, 93.9735107421875, 127.41771697998047, 154.8385772705078]
[approach] target=can mode=bbox_height bbox=0.254/0.36 bbox_ok=False depth_raw=n/a/2.05 depth_ok=False error_x=-0.145
[can] backend=detectnet_native detections=1 best_confidence=0.600
[can] backend=detectnet_native confidence=0.600 class_id=1 center=(113.4,124.4) error_x=-0.146 bbox=[98.60777282714844, 92.18852996826172, 128.20225524902344, 156.5445098876953]
[approach] target=can mode=bbox_height bbox=0.268/0.36 bbox_ok=False depth_raw=n/a/2.05 depth_ok=False error_x=-0.146
[can] backend=detectnet_native detections=1 best_confidence=0.298
[can] backend=detectnet_native confidence=0.298 class_id=1 center=(115.9,130.2) error_x=-0.138 bbox=[102.4105453491211, 103.58472442626953, 129.44400024414062, 156.82449340820312]
[approach] target=can mode=bbox_height bbox=0.222/0.36 bbox_ok=False depth_raw=n/a/2.05 depth_ok=False error_x=-0.138
[can] backend=detectnet_native detections=1 best_confidence=0.555
[can] backend=detectnet_native confidence=0.555 class_id=1 center=(116.7,127.5) error_x=-0.135 bbox=[102.47637939453125, 98.31719207763672, 130.89369201660156, 156.64205932617188]
[approach] target=can mode=bbox_height bbox=0.243/0.36 bbox_ok=False depth_raw=n/a/2.05 depth_ok=False error_x=-0.135
[can] backend=detectnet_native detections=1 best_confidence=0.432
[can] backend=detectnet_native confidence=0.432 class_id=1 center=(118.0,130.1) error_x=-0.131 bbox=[103.51419067382812, 101.83696746826172, 132.41506958007812, 158.33358764648438]
[approach] target=can mode=bbox_height bbox=0.235/0.36 bbox_ok=False depth_raw=n/a/2.05 depth_ok=False error_x=-0.131
[can] backend=detectnet_native detections=1 best_confidence=0.361
[can] backend=detectnet_native confidence=0.361 class_id=1 center=(117.7,129.1) error_x=-0.132 bbox=[101.51561737060547, 99.06629180908203, 133.97169494628906, 159.14205932617188]
[approach] target=can mode=bbox_height bbox=0.250/0.36 bbox_ok=False depth_raw=n/a/2.05 depth_ok=False error_x=-0.132
[can] backend=detectnet_native detections=1 best_confidence=0.235
[can] backend=detectnet_native confidence=0.235 class_id=1 center=(117.5,129.3) error_x=-0.133 bbox=[101.93980407714844, 101.32848358154297, 133.15859985351562, 157.23782348632812]
[approach] target=can mode=bbox_height bbox=0.233/0.36 bbox_ok=False depth_raw=n/a/2.05 depth_ok=False error_x=-0.133
[can] backend=detectnet_native detections=1 best_confidence=0.364
[can] backend=detectnet_native confidence=0.364 class_id=1 center=(117.2,128.1) error_x=-0.134 bbox=[102.02178192138672, 98.09383392333984, 132.45790100097656, 158.0992431640625]
[approach] target=can mode=bbox_height bbox=0.250/0.36 bbox_ok=False depth_raw=n/a/2.05 depth_ok=False error_x=-0.134
[can] backend=detectnet_native detections=1 best_confidence=0.261
[can] backend=detectnet_native confidence=0.261 class_id=1 center=(119.3,128.9) error_x=-0.127 bbox=[104.10774993896484, 98.98841857910156, 134.5438690185547, 158.88845825195312]
[approach] target=can mode=bbox_height bbox=0.250/0.36 bbox_ok=False depth_raw=n/a/2.05 depth_ok=False error_x=-0.127
[can] backend=detectnet_native no detections
[map] motion direction=left speed=0.15 effective_seconds=0.4844202995300293 pose={'x_m': -0.20258564729446987, 'y_m': 0.6149750245681627, 'heading_rad': -0.8517943896077869}
[base] continuous stop label=approach_can_steer elapsed=0.484s
[base] stop
[can] backend=detectnet_native detections=1 best_confidence=0.282
[can] backend=detectnet_native confidence=0.282 class_id=1 center=(125.6,129.2) error_x=-0.107 bbox=[111.7405776977539, 100.43982696533203, 139.49087524414062, 157.88783264160156]
[approach] target=can mode=bbox_height bbox=0.239/0.36 bbox_ok=False depth_raw=n/a/2.05 depth_ok=False error_x=-0.107
[base] continuous start label=approach_can_forward direction=forward requested_speed=0.6 effective_speed=0.6
[can] backend=detectnet_native no detections
[map] motion direction=forward speed=0.6 effective_seconds=0.062225341796875 pose={'x_m': -0.20744346051553508, 'y_m': 0.6192270860801546, 'heading_rad': -0.8517943896077869}
[base] continuous stop label=approach_can_forward elapsed=0.062s
[base] stop
[can] backend=detectnet_native no detections
[base] stop
[can] backend=detectnet_native detections=1 best_confidence=0.243
[can] backend=detectnet_native confidence=0.243 class_id=1 center=(126.2,127.1) error_x=-0.106 bbox=[113.46553802490234, 99.2289047241211, 139.0054168701172, 155.04539489746094]
[approach] target=can mode=bbox_height bbox=0.233/0.36 bbox_ok=False depth_raw=n/a/2.05 depth_ok=False error_x=-0.106
[base] continuous start label=approach_can_forward direction=forward requested_speed=0.6 effective_speed=0.6
[can] backend=detectnet_native detections=1 best_confidence=0.260
[can] backend=detectnet_native confidence=0.260 class_id=1 center=(127.3,129.3) error_x=-0.102 bbox=[113.51258850097656, 99.00601196289062, 141.1439208984375, 159.5295867919922]
[approach] target=can mode=bbox_height bbox=0.252/0.36 bbox_ok=False depth_raw=n/a/2.05 depth_ok=False error_x=-0.102
[can] backend=detectnet_native detections=1 best_confidence=0.328
[can] backend=detectnet_native confidence=0.328 class_id=1 center=(126.9,129.1) error_x=-0.104 bbox=[112.58102416992188, 99.20525360107422, 141.1451873779297, 159.07798767089844]
[approach] target=can mode=bbox_height bbox=0.249/0.36 bbox_ok=False depth_raw=n/a/2.05 depth_ok=False error_x=-0.104
[can] backend=detectnet_native detections=1 best_confidence=0.397
[can] backend=detectnet_native confidence=0.397 class_id=1 center=(127.1,128.6) error_x=-0.103 bbox=[113.70762634277344, 98.98281860351562, 140.5411834716797, 158.22154235839844]
[approach] target=can mode=bbox_height bbox=0.247/0.36 bbox_ok=False depth_raw=n/a/2.05 depth_ok=False error_x=-0.103
[can] backend=detectnet_native detections=1 best_confidence=0.495
[can] backend=detectnet_native confidence=0.495 class_id=1 center=(127.2,128.9) error_x=-0.102 bbox=[112.489501953125, 99.38619995117188, 141.9604034423828, 158.46829223632812]
[approach] target=can mode=bbox_height bbox=0.246/0.36 bbox_ok=False depth_raw=n/a/2.05 depth_ok=False error_x=-0.102
[can] backend=detectnet_native detections=1 best_confidence=0.212
[can] backend=detectnet_native confidence=0.212 class_id=1 center=(125.9,127.5) error_x=-0.107 bbox=[112.5478286743164, 100.20269012451172, 139.26638793945312, 154.7049102783203]
[approach] target=can mode=bbox_height bbox=0.227/0.36 bbox_ok=False depth_raw=n/a/2.05 depth_ok=False error_x=-0.107
[can] backend=detectnet_native detections=1 best_confidence=0.269
[can] backend=detectnet_native confidence=0.269 class_id=1 center=(126.2,129.5) error_x=-0.106 bbox=[111.2669448852539, 98.9141616821289, 141.2019500732422, 160.11053466796875]
[approach] target=can mode=bbox_height bbox=0.255/0.36 bbox_ok=False depth_raw=n/a/2.05 depth_ok=False error_x=-0.106
[can] backend=detectnet_native detections=1 best_confidence=0.680
[can] backend=detectnet_native confidence=0.680 class_id=1 center=(125.6,129.1) error_x=-0.108 bbox=[111.2933349609375, 97.84443664550781, 139.83724975585938, 160.27427673339844]
[approach] target=can mode=bbox_height bbox=0.260/0.36 bbox_ok=False depth_raw=n/a/2.05 depth_ok=False error_x=-0.108
[can] backend=detectnet_native detections=1 best_confidence=0.397
[can] backend=detectnet_native confidence=0.397 class_id=1 center=(126.4,130.4) error_x=-0.105 bbox=[111.33552551269531, 99.90061950683594, 141.52890014648438, 160.95513916015625]
[approach] target=can mode=bbox_height bbox=0.254/0.36 bbox_ok=False depth_raw=n/a/2.05 depth_ok=False error_x=-0.105
[can] backend=detectnet_native detections=1 best_confidence=0.558
[can] backend=detectnet_native confidence=0.558 class_id=1 center=(125.0,130.2) error_x=-0.109 bbox=[110.295166015625, 98.23876953125, 139.7430419921875, 162.2234649658203]
[approach] target=can mode=bbox_height bbox=0.267/0.36 bbox_ok=False depth_raw=n/a/2.05 depth_ok=False error_x=-0.109
[can] backend=detectnet_native detections=1 best_confidence=0.533
[can] backend=detectnet_native confidence=0.533 class_id=1 center=(125.1,131.1) error_x=-0.109 bbox=[109.12649536132812, 98.611328125, 141.110595703125, 163.5146942138672]
[approach] target=can mode=bbox_height bbox=0.270/0.36 bbox_ok=False depth_raw=n/a/2.05 depth_ok=False error_x=-0.109
[can] backend=detectnet_native detections=1 best_confidence=0.566
[can] backend=detectnet_native confidence=0.566 class_id=1 center=(125.1,130.2) error_x=-0.109 bbox=[109.97399139404297, 98.69123077392578, 140.14376831054688, 161.6775360107422]
[approach] target=can mode=bbox_height bbox=0.262/0.36 bbox_ok=False depth_raw=n/a/2.05 depth_ok=False error_x=-0.109
[can] backend=detectnet_native detections=1 best_confidence=0.681
[can] backend=detectnet_native confidence=0.681 class_id=1 center=(124.7,130.4) error_x=-0.110 bbox=[109.52659606933594, 97.9484634399414, 139.91693115234375, 162.86541748046875]
[approach] target=can mode=bbox_height bbox=0.270/0.36 bbox_ok=False depth_raw=n/a/2.05 depth_ok=False error_x=-0.110
[can] backend=detectnet_native detections=1 best_confidence=0.681
[can] backend=detectnet_native confidence=0.681 class_id=1 center=(124.2,130.5) error_x=-0.112 bbox=[109.37046813964844, 98.61032104492188, 139.03726196289062, 162.32688903808594]
[approach] target=can mode=bbox_height bbox=0.265/0.36 bbox_ok=False depth_raw=n/a/2.05 depth_ok=False error_x=-0.112
[can] backend=detectnet_native detections=1 best_confidence=0.710
[can] backend=detectnet_native confidence=0.710 class_id=1 center=(124.0,129.7) error_x=-0.113 bbox=[107.98741149902344, 95.22950744628906, 140.009033203125, 164.07347106933594]
[approach] target=can mode=bbox_height bbox=0.287/0.36 bbox_ok=False depth_raw=n/a/2.05 depth_ok=False error_x=-0.113
[can] backend=detectnet_native detections=1 best_confidence=0.446
[can] backend=detectnet_native confidence=0.446 class_id=1 center=(123.3,131.2) error_x=-0.115 bbox=[107.26170349121094, 97.4871826171875, 139.28958129882812, 165.0117950439453]
[approach] target=can mode=bbox_height bbox=0.281/0.36 bbox_ok=False depth_raw=n/a/2.05 depth_ok=False error_x=-0.115
[can] backend=detectnet_native detections=1 best_confidence=0.707
[can] backend=detectnet_native confidence=0.707 class_id=1 center=(123.4,130.3) error_x=-0.114 bbox=[107.40412902832031, 96.12860870361328, 139.36488342285156, 164.46636962890625]
[approach] target=can mode=bbox_height bbox=0.285/0.36 bbox_ok=False depth_raw=n/a/2.05 depth_ok=False error_x=-0.114
[can] backend=detectnet_native detections=1 best_confidence=0.696
[can] backend=detectnet_native confidence=0.696 class_id=1 center=(120.2,131.7) error_x=-0.124 bbox=[101.46434020996094, 94.80050659179688, 138.8735809326172, 168.51004028320312]
[approach] target=can mode=bbox_height bbox=0.307/0.36 bbox_ok=False depth_raw=n/a/2.05 depth_ok=False error_x=-0.124
[map] motion direction=forward speed=0.6 effective_seconds=0.8076455593109131 pose={'x_m': -0.2704948020214197, 'y_m': 0.6744161537318432, 'heading_rad': -0.8517943896077869}
[base] continuous stop label=approach_can_forward elapsed=0.808s
[base] stop
[base] continuous start label=approach_can_steer direction=left requested_speed=0.15 effective_speed=0.15
[visual-turn] label=approach_can_steer direction=left speed=0.15
[can] backend=detectnet_native detections=1 best_confidence=0.673
[can] backend=detectnet_native confidence=0.673 class_id=1 center=(119.9,132.0) error_x=-0.125 bbox=[100.92792510986328, 95.66433715820312, 138.78431701660156, 168.3839569091797]
[approach] target=can mode=bbox_height bbox=0.303/0.36 bbox_ok=False depth_raw=n/a/2.05 depth_ok=False error_x=-0.125
[can] backend=detectnet_native detections=1 best_confidence=0.617
[can] backend=detectnet_native confidence=0.617 class_id=1 center=(119.7,130.9) error_x=-0.126 bbox=[100.87059020996094, 94.20228576660156, 138.443115234375, 167.63412475585938]
[approach] target=can mode=bbox_height bbox=0.306/0.36 bbox_ok=False depth_raw=n/a/2.05 depth_ok=False error_x=-0.126
[can] backend=detectnet_native detections=1 best_confidence=0.762
[can] backend=detectnet_native confidence=0.762 class_id=1 center=(119.7,130.1) error_x=-0.126 bbox=[101.03057861328125, 92.2139663696289, 138.45875549316406, 167.9358367919922]
[approach] target=can mode=bbox_height bbox=0.316/0.36 bbox_ok=False depth_raw=n/a/2.05 depth_ok=False error_x=-0.126
[can] backend=detectnet_native detections=1 best_confidence=0.796
[can] backend=detectnet_native confidence=0.796 class_id=1 center=(122.0,130.7) error_x=-0.119 bbox=[104.2232437133789, 95.0927505493164, 139.7813262939453, 166.37649536132812]
[approach] target=can mode=bbox_height bbox=0.297/0.36 bbox_ok=False depth_raw=n/a/2.05 depth_ok=False error_x=-0.119
[map] motion direction=left speed=0.15 effective_seconds=0.203629732131958 pose={'x_m': -0.2704948020214197, 'y_m': 0.6744161537318432, 'heading_rad': -0.874006947611893}
[base] continuous stop label=approach_can_steer elapsed=0.204s
[base] stop
[base] continuous start label=approach_can_forward direction=forward requested_speed=0.6 effective_speed=0.6
[can] backend=detectnet_native detections=1 best_confidence=0.958
[can] backend=detectnet_native confidence=0.958 class_id=1 center=(123.9,129.4) error_x=-0.113 bbox=[106.56889343261719, 92.59312438964844, 141.23309326171875, 166.1693572998047]
[approach] target=can mode=bbox_height bbox=0.307/0.36 bbox_ok=False depth_raw=n/a/2.05 depth_ok=False error_x=-0.113
[can] backend=detectnet_native detections=1 best_confidence=0.971
[can] backend=detectnet_native confidence=0.971 class_id=1 center=(124.3,131.6) error_x=-0.112 bbox=[107.30406188964844, 95.08318328857422, 141.31109619140625, 168.184326171875]
[approach] target=can mode=bbox_height bbox=0.305/0.36 bbox_ok=False depth_raw=n/a/2.05 depth_ok=False error_x=-0.112
[can] backend=detectnet_native detections=1 best_confidence=0.980
[can] backend=detectnet_native confidence=0.980 class_id=1 center=(125.0,131.6) error_x=-0.109 bbox=[106.32556915283203, 93.79473876953125, 143.66403198242188, 169.4989013671875]
[approach] target=can mode=bbox_height bbox=0.315/0.36 bbox_ok=False depth_raw=n/a/2.05 depth_ok=False error_x=-0.109
[can] backend=detectnet_native detections=1 best_confidence=0.967
[can] backend=detectnet_native confidence=0.967 class_id=1 center=(125.3,130.3) error_x=-0.109 bbox=[107.8443832397461, 95.32720947265625, 142.65786743164062, 165.2720184326172]
[approach] target=can mode=bbox_height bbox=0.291/0.36 bbox_ok=False depth_raw=n/a/2.05 depth_ok=False error_x=-0.109
[can] backend=detectnet_native detections=1 best_confidence=0.968
[can] backend=detectnet_native confidence=0.968 class_id=1 center=(124.8,129.9) error_x=-0.110 bbox=[106.12904357910156, 92.31761169433594, 143.4274444580078, 167.43234252929688]
[approach] target=can mode=bbox_height bbox=0.313/0.36 bbox_ok=False depth_raw=n/a/2.05 depth_ok=False error_x=-0.110
[can] backend=detectnet_native detections=1 best_confidence=0.997
[can] backend=detectnet_native confidence=0.997 class_id=1 center=(125.2,132.5) error_x=-0.109 bbox=[105.79325866699219, 90.19551086425781, 144.58709716796875, 174.89663696289062]
[approach] target=can mode=bbox_height bbox=0.353/0.36 bbox_ok=False depth_raw=n/a/2.05 depth_ok=False error_x=-0.109
[can] backend=detectnet_native detections=1 best_confidence=0.996
[can] backend=detectnet_native confidence=0.996 class_id=1 center=(124.5,130.5) error_x=-0.111 bbox=[105.52389526367188, 89.12779235839844, 143.45506286621094, 171.8830108642578]
[approach] target=can mode=bbox_height bbox=0.345/0.36 bbox_ok=False depth_raw=n/a/2.05 depth_ok=False error_x=-0.111
[can] backend=detectnet_native detections=1 best_confidence=0.986
[can] backend=detectnet_native confidence=0.986 class_id=1 center=(124.9,131.4) error_x=-0.110 bbox=[106.27320861816406, 90.83544921875, 143.50819396972656, 171.88949584960938]
[approach] target=can mode=bbox_height bbox=0.338/0.36 bbox_ok=False depth_raw=n/a/2.05 depth_ok=False error_x=-0.110
[can] backend=detectnet_native detections=1 best_confidence=0.994
[can] backend=detectnet_native confidence=0.994 class_id=1 center=(125.0,132.0) error_x=-0.109 bbox=[106.22817993164062, 90.19087219238281, 143.71279907226562, 173.7793426513672]
[approach] target=can mode=bbox_height bbox=0.348/0.36 bbox_ok=False depth_raw=n/a/2.05 depth_ok=False error_x=-0.109
[can] backend=detectnet_native detections=1 best_confidence=0.992
[can] backend=detectnet_native confidence=0.992 class_id=1 center=(125.3,133.2) error_x=-0.108 bbox=[105.38436126708984, 89.88224029541016, 145.23692321777344, 176.4214630126953]
[approach] target=can mode=bbox_height bbox=0.361/0.36 bbox_ok=True depth_raw=n/a/2.05 depth_ok=False error_x=-0.108
[map] motion direction=forward speed=0.6 effective_seconds=0.47836971282958984 pose={'x_m': -0.30855703338820406, 'y_m': 0.7062671910779256, 'heading_rad': -0.874006947611893}
[base] continuous stop label=approach_can_forward elapsed=0.478s
[base] stop
[fsm] APPROACHING --TARGET_REACHED--> FINAL_VERIFY
[can] backend=detectnet_native detections=1 best_confidence=0.986
[can] backend=detectnet_native confidence=0.986 class_id=1 center=(125.0,134.4) error_x=-0.109 bbox=[106.17076873779297, 91.95942687988281, 143.8673095703125, 176.85528564453125]
[base] continuous start label=align_can direction=left requested_speed=0.15 effective_speed=0.15
[visual-turn] label=align_can direction=left speed=0.15
[can] backend=detectnet_native detections=1 best_confidence=0.993
[can] backend=detectnet_native confidence=0.993 class_id=1 center=(124.5,134.0) error_x=-0.111 bbox=[104.2422866821289, 90.10969543457031, 144.79010009765625, 177.8182830810547]
[can] backend=detectnet_native detections=1 best_confidence=0.984
[can] backend=detectnet_native confidence=0.984 class_id=1 center=(123.3,132.1) error_x=-0.115 bbox=[102.7475814819336, 89.27223205566406, 143.88858032226562, 174.8306121826172]
[can] backend=detectnet_native detections=1 best_confidence=0.899
[can] backend=detectnet_native confidence=0.899 class_id=1 center=(124.1,133.1) error_x=-0.112 bbox=[103.23414611816406, 91.34110260009766, 144.965576171875, 174.948974609375]
[can] backend=detectnet_native detections=1 best_confidence=0.988
[can] backend=detectnet_native confidence=0.988 class_id=1 center=(123.4,132.0) error_x=-0.114 bbox=[102.4852294921875, 87.95652770996094, 144.28091430664062, 176.0845489501953]
[can] backend=detectnet_native detections=1 best_confidence=0.991
[can] backend=detectnet_native confidence=0.991 class_id=1 center=(124.3,132.4) error_x=-0.111 bbox=[104.6854248046875, 89.3681640625, 143.97341918945312, 175.4765167236328]
[can] backend=detectnet_native detections=1 best_confidence=0.994
[can] backend=detectnet_native confidence=0.994 class_id=1 center=(125.9,135.1) error_x=-0.107 bbox=[105.74815368652344, 91.05131530761719, 145.99600219726562, 179.1378631591797]
[can] backend=detectnet_native detections=1 best_confidence=0.997
[can] backend=detectnet_native confidence=0.997 class_id=1 center=(126.2,134.6) error_x=-0.106 bbox=[104.65625, 89.5142822265625, 147.73973083496094, 179.6147003173828]
[can] backend=detectnet_native detections=1 best_confidence=0.999
[can] backend=detectnet_native confidence=0.999 class_id=1 center=(128.1,134.2) error_x=-0.100 bbox=[107.0848388671875, 88.77518463134766, 149.15325927734375, 179.63002014160156]
[can] backend=detectnet_native detections=1 best_confidence=0.999
[can] backend=detectnet_native confidence=0.999 class_id=1 center=(127.7,133.0) error_x=-0.101 bbox=[106.64244842529297, 87.53462982177734, 148.7998809814453, 178.46763610839844]
[can] backend=detectnet_native detections=1 best_confidence=1.000
[can] backend=detectnet_native confidence=1.000 class_id=1 center=(130.2,132.9) error_x=-0.093 bbox=[108.5479736328125, 86.8367919921875, 151.8766632080078, 179.013671875]
[can] backend=detectnet_native detections=1 best_confidence=0.999
[can] backend=detectnet_native confidence=0.999 class_id=1 center=(130.3,132.1) error_x=-0.093 bbox=[108.88127136230469, 86.43305969238281, 151.79888916015625, 177.81488037109375]
[can] backend=detectnet_native detections=1 best_confidence=1.000
[can] backend=detectnet_native confidence=1.000 class_id=1 center=(131.2,130.6) error_x=-0.090 bbox=[109.46587371826172, 83.1782455444336, 152.84063720703125, 178.09393310546875]
[can] backend=detectnet_native detections=1 best_confidence=0.997
[can] backend=detectnet_native confidence=0.997 class_id=1 center=(131.5,131.7) error_x=-0.089 bbox=[109.72447204589844, 86.2394027709961, 153.320068359375, 177.23797607421875]
[can] backend=detectnet_native detections=1 best_confidence=0.988
[can] backend=detectnet_native confidence=0.988 class_id=1 center=(131.5,133.3) error_x=-0.089 bbox=[109.72868347167969, 88.57032775878906, 153.17445373535156, 178.06298828125]
[can] backend=detectnet_native detections=1 best_confidence=0.963
[can] backend=detectnet_native confidence=0.963 class_id=1 center=(132.5,134.7) error_x=-0.086 bbox=[109.61363983154297, 89.860107421875, 155.40638732910156, 179.51083374023438]
[can] backend=detectnet_native detections=1 best_confidence=0.647
[can] backend=detectnet_native confidence=0.647 class_id=1 center=(136.7,131.1) error_x=-0.073 bbox=[113.81471252441406, 89.47782897949219, 159.58364868164062, 172.76463317871094]
[can] backend=detectnet_native detections=1 best_confidence=0.605
[can] backend=detectnet_native confidence=0.605 class_id=1 center=(137.8,132.3) error_x=-0.069 bbox=[114.78112030029297, 88.03711700439453, 160.80514526367188, 176.55172729492188]
[can] backend=detectnet_native detections=1 best_confidence=0.951
[can] backend=detectnet_native confidence=0.951 class_id=1 center=(141.7,134.6) error_x=-0.057 bbox=[121.78264617919922, 92.09809875488281, 161.54800415039062, 177.13648986816406]
[can] backend=detectnet_native detections=1 best_confidence=0.974
[can] backend=detectnet_native confidence=0.974 class_id=1 center=(142.1,132.8) error_x=-0.056 bbox=[121.27537536621094, 90.50879669189453, 162.84036254882812, 175.0113067626953]
[can] backend=detectnet_native detections=1 best_confidence=0.990
[can] backend=detectnet_native confidence=0.990 class_id=1 center=(141.9,134.9) error_x=-0.057 bbox=[120.96642303466797, 91.71951293945312, 162.83419799804688, 177.9932861328125]
[can] backend=detectnet_native detections=1 best_confidence=0.992
[can] backend=detectnet_native confidence=0.992 class_id=1 center=(143.3,133.6) error_x=-0.052 bbox=[123.10333251953125, 91.38607788085938, 163.55039978027344, 175.816162109375]
[can] backend=detectnet_native detections=1 best_confidence=0.986
[can] backend=detectnet_native confidence=0.986 class_id=1 center=(144.2,134.4) error_x=-0.049 bbox=[122.39834594726562, 90.3414077758789, 165.92831420898438, 178.4640350341797]
[can] backend=detectnet_native detections=1 best_confidence=0.999
[can] backend=detectnet_native confidence=0.999 class_id=1 center=(145.6,131.8) error_x=-0.045 bbox=[123.09503173828125, 86.81092071533203, 168.1459197998047, 176.85081481933594]
[can] backend=detectnet_native detections=1 best_confidence=0.998
[can] backend=detectnet_native confidence=0.998 class_id=1 center=(146.7,130.9) error_x=-0.041 bbox=[125.1686019897461, 84.99476623535156, 168.32705688476562, 176.7801971435547]
[can] backend=detectnet_native detections=1 best_confidence=0.998
[can] backend=detectnet_native confidence=0.998 class_id=1 center=(147.6,131.9) error_x=-0.039 bbox=[125.38404846191406, 86.46142578125, 169.734619140625, 177.41213989257812]
[can] backend=detectnet_native detections=1 best_confidence=0.995
[can] backend=detectnet_native confidence=0.995 class_id=1 center=(148.0,132.9) error_x=-0.038 bbox=[126.48418426513672, 88.49683380126953, 169.51309204101562, 177.2815704345703]
[can] backend=detectnet_native detections=1 best_confidence=0.999
[can] backend=detectnet_native confidence=0.999 class_id=1 center=(148.1,131.2) error_x=-0.037 bbox=[126.47549438476562, 86.47606658935547, 169.720947265625, 175.9464111328125]
[can] backend=detectnet_native detections=1 best_confidence=0.993
[can] backend=detectnet_native confidence=0.993 class_id=1 center=(150.8,131.7) error_x=-0.029 bbox=[129.64797973632812, 87.1382064819336, 172.02003479003906, 176.3438720703125]
[map] motion direction=left speed=0.15 effective_seconds=1.3137624263763428 pose={'x_m': -0.30855703338820406, 'y_m': 0.7062671910779256, 'heading_rad': -1.017316197169757}
[base] continuous stop label=align_can elapsed=1.314s
[base] stop
[can] backend=detectnet_native detections=1 best_confidence=0.974
[can] backend=detectnet_native confidence=0.974 class_id=1 center=(151.1,131.9) error_x=-0.028 bbox=[130.4145965576172, 88.35702514648438, 171.82969665527344, 175.4486541748047]
[base] stop
[fsm] FINAL_VERIFY --TARGET_STABLE--> FINALIZING
[arm] pose arm_down
[arm] arm_down servo=5 angle=0 speed=85
[arm] arm_down servo=4 angle=0 speed=85
[arm] arm_down servo=3 angle=45 speed=85
[arm] arm_down servo=2 angle=105 speed=85
[arm] arm_down servo=1 angle=-16 speed=85
[arm-position] arm_down waiting for motion to settle servos=[1, 2, 3, 4, 5] stability_delta=3 min_wait=0.5 timeout=10.0 stable_samples=2
[arm-position] arm_down waiting positions={1: 441, 2: 612, 3: 641, 4: 498, 5: 510} movement={} read_errors=[]
[arm-position] arm_down waiting positions={1: 441, 2: 625, 3: 654, 4: 498, 5: 510} movement={1: 0, 2: 13, 3: 13, 4: 0, 5: 0} read_errors=[]
[arm-position] arm_down waiting positions={1: 441, 2: 639, 3: 667, 4: 498, 5: 510} movement={1: 0, 2: 14, 3: 13, 4: 0, 5: 0} read_errors=[]
[arm-position] arm_down waiting positions={1: 441, 2: 653, 3: 680, 4: 498, 5: 510} movement={1: 0, 2: 14, 3: 13, 4: 0, 5: 0} read_errors=[]
[arm-position] arm_down waiting positions={1: 441, 2: 666, 3: 693, 4: 498, 5: 510} movement={1: 0, 2: 13, 3: 13, 4: 0, 5: 0} read_errors=[]
[arm-position] arm_down waiting positions={1: 441, 2: 680, 3: 706, 4: 498, 5: 510} movement={1: 0, 2: 14, 3: 13, 4: 0, 5: 0} read_errors=[]
[arm-position] arm_down waiting positions={1: 441, 2: 693, 3: 716, 4: 498, 5: 510} movement={1: 0, 2: 13, 3: 10, 4: 0, 5: 0} read_errors=[]
[arm-position] arm_down waiting positions={1: 441, 2: 706, 3: 717, 4: 498, 5: 510} movement={1: 0, 2: 13, 3: 1, 4: 0, 5: 0} read_errors=[]
[arm-position] arm_down waiting positions={1: 441, 2: 721, 3: 717, 4: 498, 5: 510} movement={1: 0, 2: 15, 3: 0, 4: 0, 5: 0} read_errors=[]
[arm-position] arm_down waiting positions={1: 441, 2: 732, 3: 717, 4: 498, 5: 510} movement={1: 0, 2: 11, 3: 0, 4: 0, 5: 0} read_errors=[]
[arm-position] arm_down waiting positions={1: 441, 2: 746, 3: 717, 4: 498, 5: 510} movement={1: 0, 2: 14, 3: 0, 4: 0, 5: 0} read_errors=[]
[arm-position] arm_down waiting positions={1: 441, 2: 761, 3: 717, 4: 498, 5: 510} movement={1: 0, 2: 15, 3: 0, 4: 0, 5: 0} read_errors=[]
[arm-position] arm_down waiting positions={1: 441, 2: 773, 3: 717, 4: 498, 5: 510} movement={1: 0, 2: 12, 3: 0, 4: 0, 5: 0} read_errors=[]
[arm-position] arm_down waiting positions={1: 441, 2: 785, 3: 717, 4: 498, 5: 510} movement={1: 0, 2: 12, 3: 0, 4: 0, 5: 0} read_errors=[]
[arm-position] arm_down waiting positions={1: 441, 2: 799, 3: 717, 4: 498, 5: 510} movement={1: 0, 2: 14, 3: 0, 4: 0, 5: 0} read_errors=[]
[arm-position] arm_down waiting positions={1: 441, 2: 810, 3: 717, 4: 498, 5: 510} movement={1: 0, 2: 11, 3: 0, 4: 0, 5: 0} read_errors=[]
[arm-position] arm_down waiting positions={1: 441, 2: 827, 3: 717, 4: 498, 5: 510} movement={1: 0, 2: 17, 3: 0, 4: 0, 5: 0} read_errors=[]
[arm-position] arm_down waiting positions={1: 441, 2: 839, 3: 717, 4: 498, 5: 510} movement={1: 0, 2: 12, 3: 0, 4: 0, 5: 0} read_errors=[]
[arm-position] arm_down waiting positions={1: 441, 2: 852, 3: 717, 4: 498, 5: 510} movement={1: 0, 2: 13, 3: 0, 4: 0, 5: 0} read_errors=[]
[arm-position] arm_down waiting positions={1: 441, 2: 865, 3: 717, 4: 498, 5: 510} movement={1: 0, 2: 13, 3: 0, 4: 0, 5: 0} read_errors=[]
[arm-position] arm_down waiting positions={1: 441, 2: 881, 3: 717, 4: 498, 5: 510} movement={1: 0, 2: 16, 3: 0, 4: 0, 5: 0} read_errors=[]
[arm-position] arm_down waiting positions={1: 441, 2: 891, 3: 717, 4: 498, 5: 510} movement={1: 0, 2: 10, 3: 0, 4: 0, 5: 0} read_errors=[]
[arm-position] arm_down waiting positions={1: 441, 2: 904, 3: 717, 4: 498, 5: 510} movement={1: 0, 2: 13, 3: 0, 4: 0, 5: 0} read_errors=[]
[arm-position] arm_down waiting positions={1: 441, 2: 919, 3: 717, 4: 498, 5: 510} movement={1: 0, 2: 15, 3: 0, 4: 0, 5: 0} read_errors=[]
[arm-position] arm_down waiting positions={1: 441, 2: 932, 3: 717, 4: 498, 5: 510} movement={1: 0, 2: 13, 3: 0, 4: 0, 5: 0} read_errors=[]
[arm-position] arm_down waiting positions={1: 441, 2: 945, 3: 717, 4: 498, 5: 510} movement={1: 0, 2: 13, 3: 0, 4: 0, 5: 0} read_errors=[]
[arm-position] arm_down waiting positions={1: 441, 2: 957, 3: 717, 4: 498, 5: 510} movement={1: 0, 2: 12, 3: 0, 4: 0, 5: 0} read_errors=[]
[arm-position] arm_down waiting positions={1: 441, 2: 971, 3: 717, 4: 498, 5: 510} movement={1: 0, 2: 14, 3: 0, 4: 0, 5: 0} read_errors=[]
[arm-position] arm_down waiting positions={1: 441, 2: 984, 3: 717, 4: 498, 5: 510} movement={1: 0, 2: 13, 3: 0, 4: 0, 5: 0} read_errors=[]
[arm-position] arm_down waiting positions={1: 441, 2: 997, 3: 717, 4: 498, 5: 510} movement={1: 0, 2: 13, 3: 0, 4: 0, 5: 0} read_errors=[]
[arm-position] arm_down waiting positions={1: 441, 2: 1004, 3: 717, 4: 498, 5: 510} movement={1: 0, 2: 7, 3: 0, 4: 0, 5: 0} read_errors=[]
[arm-position] arm_down settled positions={1: 441, 2: 1005, 3: 717, 4: 498, 5: 510} movement={1: 0, 2: 1, 3: 0, 4: 0, 5: 0} elapsed=4.94s
[base] pickup_push direction=forward requested_speed=0.2 effective_speed=0.2 seconds=3.8
[map] motion direction=forward speed=0.2 effective_seconds=3.8 pose={'x_m': -0.4136185258518697, 'y_m': 0.7711850838449211, 'heading_rad': -1.017316197169757}
[arm] pose grab
[arm] grab servo=5 angle=0 speed=85
[arm] grab servo=4 angle=-55 speed=85
[arm] grab servo=3 angle=45 speed=85
[arm] grab servo=2 angle=105 speed=85
[arm] grab servo=1 angle=-16 speed=85
[arm] pose carry
[arm] carry servo=5 angle=0 speed=85
[arm] carry servo=4 angle=-55 speed=85
[arm] carry servo=3 angle=45 speed=85
[arm] carry servo=2 angle=60 speed=85
[arm] carry servo=1 angle=-16 speed=85
[mission] completed_pickups=1
[fsm] FINALIZING --FINALIZED--> PLANNING
[fsm] PLANNING --MAP_TARGET_AVAILABLE--> MAP_NAVIGATING
[can] backend=detectnet_native detections=1 best_confidence=0.702
[depth] map_can_0_depth mean=2.336 min=2.132 max=2.652
[map] can added id=1 position={'x_m': -0.6101856418587106, 'y_m': 0.8974302672300393}
[tag] cv2=4.1.1
[tag] has pupil_apriltags=True
[tag] has aruco=False
[tag] has ArucoDetector=False
[tag] has DICT_APRILTAG_36h11=False
[tag] calibration loaded /workspace/robot_code/temp_car/calibration_320.yaml
[tag] detector loaded backend=pupil_apriltags family=tag36h11 dictionary=DICT_APRILTAG_36h11
[tag] no detections
[map] navigate label=bin_docking distance_m=1.734 heading_error_rad=-2.395
[base] continuous start label=map_turn_bin_docking direction=left requested_speed=0.15 effective_speed=0.15
[can] backend=detectnet_native detections=1 best_confidence=0.994
[depth] map_can_0_depth mean=2.665 min=2.231 max=2.942
[map] can added id=2 position={'x_m': -0.6406214006286418, 'y_m': 0.9107848873306192}
[tag] no detections
[map] motion direction=left speed=0.15 effective_seconds=0.1786952018737793 pose={'x_m': -0.4136185258518697, 'y_m': 0.7711850838449211, 'heading_rad': -1.0368088198585923}
[map] navigate label=bin_docking distance_m=1.734 heading_error_rad=-2.375
[can] backend=detectnet_native detections=1 best_confidence=0.954
[depth] map_can_0_depth mean=2.343 min=1.812 max=2.836
[map] can merged id=1 position={'x_m': -0.6119086617098828, 'y_m': 0.8953568037557178} observations=2
[tag] no detections
[map] motion direction=left speed=0.15 effective_seconds=0.10673856735229492 pose={'x_m': -0.4136185258518697, 'y_m': 0.7711850838449211, 'heading_rad': -1.0484521913533387}
[map] navigate label=bin_docking distance_m=1.734 heading_error_rad=-2.364
[can] backend=detectnet_native detections=1 best_confidence=0.958
[depth] map_can_0_depth mean=2.643 min=2.147 max=3.080
[map] can merged id=2 position={'x_m': -0.6400676042587441, 'y_m': 0.909621398626413} observations=2
[tag] no detections
[map] motion direction=left speed=0.15 effective_seconds=0.09329891204833984 pose={'x_m': -0.4136185258518697, 'y_m': 0.7711850838449211, 'heading_rad': -1.058629523876915}
[map] navigate label=bin_docking distance_m=1.734 heading_error_rad=-2.354
[can] backend=detectnet_native detections=1 best_confidence=0.884
[depth] map_can_0_depth mean=2.413 min=1.910 max=2.774
[map] can merged id=1 position={'x_m': -0.6146164397727639, 'y_m': 0.8956182544495724} observations=3
[tag] no detections
[map] motion direction=left speed=0.15 effective_seconds=0.08802294731140137 pose={'x_m': -0.4136185258518697, 'y_m': 0.7711850838449211, 'heading_rad': -1.0682313379262496}
[map] navigate label=bin_docking distance_m=1.734 heading_error_rad=-2.344
[can] backend=detectnet_native detections=1 best_confidence=0.931
[depth] map_can_0_depth mean=2.467 min=2.169 max=2.880
[map] can added id=3 position={'x_m': -0.6234303081094437, 'y_m': 0.9009041108678023}
[tag] no detections
[map] motion direction=left speed=0.15 effective_seconds=0.08453536033630371 pose={'x_m': -0.4136185258518697, 'y_m': 0.7711850838449211, 'heading_rad': -1.0774527152526772}
[map] navigate label=bin_docking distance_m=1.734 heading_error_rad=-2.335
[can] backend=detectnet_native detections=1 best_confidence=0.966
[depth] map_can_0_depth mean=2.279 min=1.877 max=2.705
[map] can merged id=1 position={'x_m': -0.6127845495900083, 'y_m': 0.8945553620134883} observations=4
[tag] no detections
[map] motion direction=left speed=0.15 effective_seconds=0.08633780479431152 pose={'x_m': -0.4136185258518697, 'y_m': 0.7711850838449211, 'heading_rad': -1.0868707087689584}
[map] navigate label=bin_docking distance_m=1.734 heading_error_rad=-2.325
[can] backend=detectnet_native detections=1 best_confidence=0.994
[depth] map_can_0_depth mean=2.639 min=2.302 max=3.026
[map] can merged id=2 position={'x_m': -0.6396940042023306, 'y_m': 0.9092524262681195} observations=3
[tag] no detections
[map] motion direction=left speed=0.15 effective_seconds=0.08466267585754395 pose={'x_m': -0.4136185258518697, 'y_m': 0.7711850838449211, 'heading_rad': -1.096105974064352}
[map] navigate label=bin_docking distance_m=1.734 heading_error_rad=-2.316
[can] backend=detectnet_native detections=1 best_confidence=0.998
[depth] map_can_0_depth mean=2.475 min=2.138 max=2.902
[map] can merged id=3 position={'x_m': -0.623519531461442, 'y_m': 0.9015738682838819} observations=2
[tag] no detections
[map] motion direction=left speed=0.15 effective_seconds=0.08632135391235352 pose={'x_m': -0.4136185258518697, 'y_m': 0.7711850838449211, 'heading_rad': -1.105522173067789}
[map] navigate label=bin_docking distance_m=1.734 heading_error_rad=-2.307
[can] backend=detectnet_native detections=1 best_confidence=0.998
[depth] map_can_0_depth mean=2.330 min=2.056 max=2.685
[map] can merged id=1 position={'x_m': -0.612260877126561, 'y_m': 0.8949262638512252} observations=5
[tag] no detections
[map] motion direction=left speed=0.15 effective_seconds=0.08667445182800293 pose={'x_m': -0.4136185258518697, 'y_m': 0.7711850838449211, 'heading_rad': -1.1149768890787888}
[map] navigate label=bin_docking distance_m=1.734 heading_error_rad=-2.297
[can] backend=detectnet_native detections=1 best_confidence=0.998
[depth] map_can_0_depth mean=2.482 min=2.219 max=2.977
[map] can merged id=3 position={'x_m': -0.623784042969517, 'y_m': 0.9018277871137755} observations=3
[tag] no detections
[map] motion direction=left speed=0.15 effective_seconds=0.08264732360839844 pose={'x_m': -0.4136185258518697, 'y_m': 0.7711850838449211, 'heading_rad': -1.1239923135470882}
[map] navigate label=bin_docking distance_m=1.734 heading_error_rad=-2.288
[can] backend=detectnet_native detections=1 best_confidence=0.997
[depth] map_can_0_depth mean=2.653 min=2.389 max=3.164
[map] can merged id=2 position={'x_m': -0.639539604936981, 'y_m': 0.9097006046718992} observations=4
[tag] no detections
[map] motion direction=left speed=0.15 effective_seconds=0.0815744400024414 pose={'x_m': -0.4136185258518697, 'y_m': 0.7711850838449211, 'heading_rad': -1.1328907045690464}
[map] navigate label=bin_docking distance_m=1.734 heading_error_rad=-2.279
[can] backend=detectnet_native detections=1 best_confidence=0.974
[depth] map_can_0_depth mean=2.514 min=2.146 max=2.968
[map] can merged id=3 position={'x_m': -0.6247474940618427, 'y_m': 0.9021455581920923} observations=4
[tag] no detections
[map] motion direction=left speed=0.15 effective_seconds=0.08415985107421875 pose={'x_m': -0.4136185258518697, 'y_m': 0.7711850838449211, 'heading_rad': -1.1420711201892546}
[map] navigate label=bin_docking distance_m=1.734 heading_error_rad=-2.270
[can] backend=detectnet_native detections=1 best_confidence=0.985
[depth] map_can_0_depth mean=2.431 min=2.125 max=2.944
[map] can merged id=3 position={'x_m': -0.6238222312567502, 'y_m': 0.9016192398935999} observations=5
[tag] no detections
[map] motion direction=left speed=0.15 effective_seconds=0.08497023582458496 pose={'x_m': -0.4136185258518697, 'y_m': 0.7711850838449211, 'heading_rad': -1.1513399350725992}
[map] navigate label=bin_docking distance_m=1.734 heading_error_rad=-2.261
[can] backend=detectnet_native detections=1 best_confidence=0.942
[depth] map_can_0_depth mean=2.444 min=2.032 max=2.869
[map] can merged id=3 position={'x_m': -0.623280623326251, 'y_m': 0.9015601395106526} observations=6
[tag] no detections
[map] motion direction=left speed=0.15 effective_seconds=0.08428215980529785 pose={'x_m': -0.4136185258518697, 'y_m': 0.7711850838449211, 'heading_rad': -1.1605336925056904}
[map] navigate label=bin_docking distance_m=1.734 heading_error_rad=-2.252
[can] backend=detectnet_native detections=1 best_confidence=0.899
[depth] map_can_0_depth mean=2.281 min=1.913 max=2.668
[map] can merged id=1 position={'x_m': -0.6112389653646901, 'y_m': 0.8946996912605488} observations=6
[tag] no detections
[map] motion direction=left speed=0.15 effective_seconds=0.08549857139587402 pose={'x_m': -0.4136185258518697, 'y_m': 0.7711850838449211, 'heading_rad': -1.1698601398595}
[map] navigate label=bin_docking distance_m=1.734 heading_error_rad=-2.242
[can] backend=detectnet_native detections=1 best_confidence=0.981
[depth] map_can_0_depth mean=2.554 min=2.283 max=2.945
[map] can merged id=3 position={'x_m': -0.6240603823286638, 'y_m': 0.9026140966415365} observations=7
[tag] no detections
[map] motion direction=left speed=0.15 effective_seconds=0.08620858192443848 pose={'x_m': -0.4136185258518697, 'y_m': 0.7711850838449211, 'heading_rad': -1.1792640373473553}
[map] navigate label=bin_docking distance_m=1.734 heading_error_rad=-2.233
[can] backend=detectnet_native detections=1 best_confidence=0.992
[depth] map_can_0_depth mean=2.308 min=2.005 max=2.764
[map] can merged id=1 position={'x_m': -0.61072067726048, 'y_m': 0.8949199865223942} observations=7
[tag] no detections
[map] motion direction=left speed=0.15 effective_seconds=0.08298420906066895 pose={'x_m': -0.4136185258518697, 'y_m': 0.7711850838449211, 'heading_rad': -1.1883162103178058}
[map] navigate label=bin_docking distance_m=1.734 heading_error_rad=-2.224
[can] backend=detectnet_native detections=1 best_confidence=0.997
[depth] map_can_0_depth mean=2.269 min=1.991 max=2.654
[map] can merged id=1 position={'x_m': -0.609965636562544, 'y_m': 0.8947441555926751} observations=8
[tag] no detections
[map] motion direction=left speed=0.15 effective_seconds=0.08302807807922363 pose={'x_m': -0.4136185258518697, 'y_m': 0.7711850838449211, 'heading_rad': -1.19737316865584}
[map] navigate label=bin_docking distance_m=1.734 heading_error_rad=-2.215
[can] backend=detectnet_native detections=1 best_confidence=0.997
[depth] map_can_0_depth mean=2.295 min=1.947 max=2.707
[map] can merged id=1 position={'x_m': -0.6095200904454008, 'y_m': 0.8949350338885164} observations=9
[tag] no detections
[map] motion direction=left speed=0.15 effective_seconds=0.08637833595275879 pose={'x_m': -0.4136185258518697, 'y_m': 0.7711850838449211, 'heading_rad': -1.2067955834356496}
[map] navigate label=bin_docking distance_m=1.734 heading_error_rad=-2.205
[can] backend=detectnet_native detections=1 best_confidence=0.995
[depth] map_can_0_depth mean=2.405 min=2.087 max=2.876
[map] can merged id=3 position={'x_m': -0.6230239840301497, 'y_m': 0.9024640818435282} observations=8
[tag] no detections
[map] motion direction=left speed=0.15 effective_seconds=0.08594799041748047 pose={'x_m': -0.4136185258518697, 'y_m': 0.7711850838449211, 'heading_rad': -1.21617105479976}
[map] navigate label=bin_docking distance_m=1.734 heading_error_rad=-2.196
[can] backend=detectnet_native detections=1 best_confidence=0.993
[depth] map_can_0_depth mean=2.280 min=1.918 max=2.759
[map] can merged id=1 position={'x_m': -0.6090689026998337, 'y_m': 0.8949513390988117} observations=10
[tag] no detections
[map] motion direction=left speed=0.15 effective_seconds=0.08604764938354492 pose={'x_m': -0.4136185258518697, 'y_m': 0.7711850838449211, 'heading_rad': -1.225557397270664}
[map] navigate label=bin_docking distance_m=1.734 heading_error_rad=-2.187
[can] backend=detectnet_native detections=1 best_confidence=0.996
[depth] map_can_0_depth mean=2.351 min=1.970 max=2.710
[map] can merged id=1 position={'x_m': -0.6092723220080121, 'y_m': 0.895264593923542} observations=11
[tag] no detections
[map] motion direction=left speed=0.15 effective_seconds=0.08502769470214844 pose={'x_m': -0.4136185258518697, 'y_m': 0.7711850838449211, 'heading_rad': -1.234832479945246}
[map] navigate label=bin_docking distance_m=1.734 heading_error_rad=-2.177
[can] backend=detectnet_native detections=1 best_confidence=0.932
[depth] map_can_0_depth mean=2.378 min=2.073 max=2.904
[map] can merged id=1 position={'x_m': -0.6096044138499455, 'y_m': 0.8956937991706039} observations=12
[tag] no detections
[map] motion direction=left speed=0.15 effective_seconds=0.08630490303039551 pose={'x_m': -0.4136185258518697, 'y_m': 0.7711850838449211, 'heading_rad': -1.2442468844358392}
[map] navigate label=bin_docking distance_m=1.734 heading_error_rad=-2.168
[can] backend=detectnet_native detections=1 best_confidence=0.783
[depth] map_can_0_depth mean=2.211 min=1.928 max=2.604
[map] can added id=4 position={'x_m': -0.59991605114238, 'y_m': 0.8902149944897773}
[tag] no detections
[map] motion direction=left speed=0.15 effective_seconds=0.08675718307495117 pose={'x_m': -0.4136185258518697, 'y_m': 0.7711850838449211, 'heading_rad': -1.2537106250259236}
[map] navigate label=bin_docking distance_m=1.734 heading_error_rad=-2.158
[can] backend=detectnet_native detections=1 best_confidence=0.814
[depth] map_can_0_depth mean=2.246 min=1.943 max=2.900
[map] can merged id=4 position={'x_m': -0.6009673642693283, 'y_m': 0.8918687616950114} observations=2
[tag] no detections
[map] motion direction=left speed=0.15 effective_seconds=0.08475756645202637 pose={'x_m': -0.4136185258518697, 'y_m': 0.7711850838449211, 'heading_rad': -1.2629562412794602}
[map] navigate label=bin_docking distance_m=1.734 heading_error_rad=-2.149
[can] backend=detectnet_native detections=1 best_confidence=0.858
[depth] map_can_0_depth mean=2.221 min=1.855 max=2.485
[map] can merged id=4 position={'x_m': -0.5997685513442398, 'y_m': 0.8932480116708535} observations=3
[tag] no detections
[map] motion direction=left speed=0.15 effective_seconds=0.08374190330505371 pose={'x_m': -0.4136185258518697, 'y_m': 0.7711850838449211, 'heading_rad': -1.2720910658704603}
[map] navigate label=bin_docking distance_m=1.734 heading_error_rad=-2.140
[can] backend=detectnet_native detections=1 best_confidence=0.981
[depth] map_can_0_depth mean=2.133 min=1.828 max=2.434
[map] can merged id=4 position={'x_m': -0.5977494536258414, 'y_m': 0.8920699987044787} observations=4
[tag] no detections
[map] motion direction=left speed=0.15 effective_seconds=0.08512568473815918 pose={'x_m': -0.4136185258518697, 'y_m': 0.7711850838449211, 'heading_rad': -1.2813768375998082}
[map] navigate label=bin_docking distance_m=1.734 heading_error_rad=-2.131
[can] backend=detectnet_native detections=1 best_confidence=0.979
[depth] map_can_0_depth mean=2.368 min=1.934 max=2.816
[map] can merged id=1 position={'x_m': -0.6097533778859935, 'y_m': 0.896120847595628} observations=13
[tag] no detections
[map] motion direction=left speed=0.15 effective_seconds=0.08401322364807129 pose={'x_m': -0.4136185258518697, 'y_m': 0.7711850838449211, 'heading_rad': -1.2905412586490164}
[map] navigate label=bin_docking distance_m=1.734 heading_error_rad=-2.122
[can] backend=detectnet_native detections=1 best_confidence=0.979
[depth] map_can_0_depth mean=2.311 min=1.801 max=2.746
[map] can merged id=1 position={'x_m': -0.6094779744824113, 'y_m': 0.8963603418646818} observations=14
[tag] no detections
[map] motion direction=left speed=0.15 effective_seconds=0.0851600170135498 pose={'x_m': -0.4136185258518697, 'y_m': 0.7711850838449211, 'heading_rad': -1.2998307754486471}
[map] navigate label=bin_docking distance_m=1.734 heading_error_rad=-2.112
[can] backend=detectnet_native detections=1 best_confidence=0.959
[depth] map_can_0_depth mean=2.303 min=1.820 max=2.654
[map] can merged id=1 position={'x_m': -0.60918275980824, 'y_m': 0.8965501372261493} observations=15
[tag] no detections
[map] motion direction=left speed=0.15 effective_seconds=0.08362984657287598 pose={'x_m': -0.4136185258518697, 'y_m': 0.7711850838449211, 'heading_rad': -1.3089533765463626}
[map] navigate label=bin_docking distance_m=1.734 heading_error_rad=-2.103
[can] backend=detectnet_native detections=1 best_confidence=0.990
[depth] map_can_0_depth mean=2.232 min=1.862 max=2.559
[map] can merged id=4 position={'x_m': -0.5980674764235566, 'y_m': 0.8926630898858718} observations=5
[tag] no detections
[map] motion direction=left speed=0.15 effective_seconds=0.08511900901794434 pose={'x_m': -0.4136185258518697, 'y_m': 0.7711850838449211, 'heading_rad': -1.3182384200675998}
[map] navigate label=bin_docking distance_m=1.734 heading_error_rad=-2.094
[can] backend=detectnet_native detections=1 best_confidence=0.964
[depth] map_can_0_depth mean=2.267 min=1.890 max=2.625
[map] can merged id=4 position={'x_m': -0.5986007592280802, 'y_m': 0.8936032657918144} observations=6
[tag] no detections
[map] motion direction=left speed=0.15 effective_seconds=0.08648133277893066 pose={'x_m': -0.4136185258518697, 'y_m': 0.7711850838449211, 'heading_rad': -1.3276720700582583}
[map] navigate label=bin_docking distance_m=1.734 heading_error_rad=-2.085
[can] backend=detectnet_native detections=1 best_confidence=0.983
[depth] map_can_0_depth mean=2.316 min=1.918 max=2.550
[map] can merged id=1 position={'x_m': -0.6090137211407595, 'y_m': 0.8967300575947049} observations=16
[tag] no detections
[map] motion direction=left speed=0.15 effective_seconds=0.08120131492614746 pose={'x_m': -0.4136185258518697, 'y_m': 0.7711850838449211, 'heading_rad': -1.3365297594483219}
[map] navigate label=bin_docking distance_m=1.734 heading_error_rad=-2.076
[can] backend=detectnet_native detections=1 best_confidence=0.646
[depth] map_can_0_depth mean=2.233 min=1.898 max=2.746
[map] can merged id=4 position={'x_m': -0.5987211309327901, 'y_m': 0.8937963389207381} observations=7
[tag] no detections
[map] motion direction=left speed=0.15 effective_seconds=0.08454442024230957 pose={'x_m': -0.4136185258518697, 'y_m': 0.7711850838449211, 'heading_rad': -1.3457521250571853}
[map] navigate label=bin_docking distance_m=1.734 heading_error_rad=-2.066
[can] backend=detectnet_native detections=1 best_confidence=0.900
[depth] map_can_0_depth mean=2.414 min=1.987 max=2.949
[map] can merged id=3 position={'x_m': -0.6222537861796859, 'y_m': 0.9024903465783836} observations=9
[tag] no detections
[map] motion direction=left speed=0.15 effective_seconds=0.08646297454833984 pose={'x_m': -0.4136185258518697, 'y_m': 0.7711850838449211, 'heading_rad': -1.3551837724755396}
[map] navigate label=bin_docking distance_m=1.734 heading_error_rad=-2.057
[can] backend=detectnet_native detections=1 best_confidence=0.623
[depth] map_can_0_depth mean=2.514 min=2.037 max=3.012
[map] can merged id=3 position={'x_m': -0.6224778778685038, 'y_m': 0.9030528458156211} observations=10
[tag] no detections
[map] motion direction=left speed=0.15 effective_seconds=0.08507633209228516 pose={'x_m': -0.4136185258518697, 'y_m': 0.7711850838449211, 'heading_rad': -1.3644641606663557}
[map] navigate label=bin_docking distance_m=1.734 heading_error_rad=-2.048
[can] backend=detectnet_native detections=1 best_confidence=0.788
[depth] map_can_0_depth mean=2.374 min=2.030 max=2.714
[map] can merged id=1 position={'x_m': -0.60916790918273, 'y_m': 0.8970465297129024} observations=17
[tag] no detections
[map] motion direction=left speed=0.15 effective_seconds=0.08612966537475586 pose={'x_m': -0.4136185258518697, 'y_m': 0.7711850838449211, 'heading_rad': -1.3738594496940466}
[map] navigate label=bin_docking distance_m=1.734 heading_error_rad=-2.038
[can] backend=detectnet_native detections=1 best_confidence=0.924
[depth] map_can_0_depth mean=2.346 min=2.021 max=2.804
[map] can merged id=1 position={'x_m': -0.6092083536382008, 'y_m': 0.8971940268044132} observations=18
[tag] no detections
[map] motion direction=left speed=0.15 effective_seconds=0.08324193954467773 pose={'x_m': -0.4136185258518697, 'y_m': 0.7711850838449211, 'heading_rad': -1.3829397366990515}
[map] navigate label=bin_docking distance_m=1.734 heading_error_rad=-2.029
[can] backend=detectnet_native detections=1 best_confidence=0.951
[depth] map_can_0_depth mean=2.391 min=2.054 max=2.986
[map] can merged id=1 position={'x_m': -0.6094417502524972, 'y_m': 0.8974533084371759} observations=19
[tag] no detections
[map] motion direction=left speed=0.15 effective_seconds=0.08544468879699707 pose={'x_m': -0.4136185258518697, 'y_m': 0.7711850838449211, 'heading_rad': -1.3922603063731116}
[map] navigate label=bin_docking distance_m=1.734 heading_error_rad=-2.020
[can] backend=detectnet_native detections=1 best_confidence=0.954
[depth] map_can_0_depth mean=2.369 min=1.958 max=2.999
[map] can merged id=1 position={'x_m': -0.6096390819209193, 'y_m': 0.897502624800042} observations=20
[tag] no detections
[map] motion direction=left speed=0.15 effective_seconds=0.08681035041809082 pose={'x_m': -0.4136185258518697, 'y_m': 0.7711850838449211, 'heading_rad': -1.401729846620648}
[map] navigate label=bin_docking distance_m=1.734 heading_error_rad=-2.010
[can] backend=detectnet_native detections=1 best_confidence=0.975
[depth] map_can_0_depth mean=2.517 min=2.164 max=3.000
[map] can merged id=3 position={'x_m': -0.6227669312156751, 'y_m': 0.903398105206406} observations=11
[tag] no detections
[map] motion direction=left speed=0.15 effective_seconds=0.0834815502166748 pose={'x_m': -0.4136185258518697, 'y_m': 0.7711850838449211, 'heading_rad': -1.410836271095336}
[map] navigate label=bin_docking distance_m=1.734 heading_error_rad=-2.001
[can] backend=detectnet_native detections=1 best_confidence=0.924
[depth] map_can_0_depth mean=2.484 min=2.072 max=2.971
[map] can merged id=3 position={'x_m': -0.6228780427823607, 'y_m': 0.9033742546166827} observations=12
[tag] no detections
[map] motion direction=left speed=0.15 effective_seconds=0.09726810455322266 pose={'x_m': -0.4136185258518697, 'y_m': 0.7711850838449211, 'heading_rad': -1.4214465753555106}
[map] navigate label=bin_docking distance_m=1.734 heading_error_rad=-1.991
[can] backend=detectnet_native detections=1 best_confidence=0.943
[depth] map_can_0_depth mean=2.534 min=2.291 max=2.808
[map] can merged id=3 position={'x_m': -0.6233568772838102, 'y_m': 0.9034678987215639} observations=13
[tag] no detections
[map] motion direction=left speed=0.15 effective_seconds=0.0838327407836914 pose={'x_m': -0.4136185258518697, 'y_m': 0.7711850838449211, 'heading_rad': -1.4305913087783009}
[map] navigate label=bin_docking distance_m=1.734 heading_error_rad=-1.982
[can] backend=detectnet_native detections=1 best_confidence=0.971
[depth] map_can_0_depth mean=2.612 min=2.267 max=2.892
[map] can merged id=2 position={'x_m': -0.6388037437837217, 'y_m': 0.9094308323283306} observations=5
[tag] no detections
[map] motion direction=left speed=0.15 effective_seconds=0.08356571197509766 pose={'x_m': -0.4136185258518697, 'y_m': 0.7711850838449211, 'heading_rad': -1.4397069138766685}
[map] navigate label=bin_docking distance_m=1.734 heading_error_rad=-1.972
[can] backend=detectnet_native detections=1 best_confidence=0.932
[depth] map_can_0_depth mean=2.651 min=2.210 max=3.011
[map] can merged id=2 position={'x_m': -0.6389286006081448, 'y_m': 0.9094968198923779} observations=6
[tag] no detections
[map] motion direction=left speed=0.15 effective_seconds=0.08932995796203613 pose={'x_m': -0.4136185258518697, 'y_m': 0.7711850838449211, 'heading_rad': -1.4494513006710794}
[map] navigate label=bin_docking distance_m=1.734 heading_error_rad=-1.963
[can] backend=detectnet_native detections=1 best_confidence=0.740
[depth] map_can_0_depth mean=2.579 min=2.253 max=2.957
[map] can merged id=2 position={'x_m': -0.6383238615462508, 'y_m': 0.9087136417415252} observations=7
[tag] no detections
[map] motion direction=left speed=0.15 effective_seconds=0.08762884140014648 pose={'x_m': -0.4136185258518697, 'y_m': 0.7711850838449211, 'heading_rad': -1.459010124434458}
[map] navigate label=bin_docking distance_m=1.734 heading_error_rad=-1.953
[can] backend=detectnet_native detections=1 best_confidence=0.375
[depth] map_can_0_depth mean=2.688 min=2.273 max=3.020
[map] can merged id=2 position={'x_m': -0.639248085238264, 'y_m': 0.9084648237473097} observations=8
[tag] no detections
[map] motion direction=left speed=0.15 effective_seconds=0.08262014389038086 pose={'x_m': -0.4136185258518697, 'y_m': 0.7711850838449211, 'heading_rad': -1.46802258405545}
[map] navigate label=bin_docking distance_m=1.734 heading_error_rad=-1.944
[can] backend=detectnet_native detections=1 best_confidence=0.631
[depth] map_can_0_depth mean=2.675 min=2.263 max=2.997
[map] can merged id=2 position={'x_m': -0.6399418559657797, 'y_m': 0.9080379269951039} observations=9
[tag] no detections
[map] motion direction=left speed=0.15 effective_seconds=0.08484959602355957 pose={'x_m': -0.4136185258518697, 'y_m': 0.7711850838449211, 'heading_rad': -1.4772782391779393}
[map] navigate label=bin_docking distance_m=1.734 heading_error_rad=-1.935
[can] backend=detectnet_native detections=1 best_confidence=0.579
[depth] map_can_0_depth mean=2.746 min=2.235 max=3.005
[map] can added id=5 position={'x_m': -0.6523663140942532, 'y_m': 0.9068288660111736}
[tag] no detections
[map] motion direction=left speed=0.15 effective_seconds=0.08388161659240723 pose={'x_m': -0.4136185258518697, 'y_m': 0.7711850838449211, 'heading_rad': -1.4864283041243962}
[map] navigate label=bin_docking distance_m=1.734 heading_error_rad=-1.926
[can] backend=detectnet_native no detections
[tag] no detections
[map] motion direction=left speed=0.15 effective_seconds=0.05705833435058594 pose={'x_m': -0.4136185258518697, 'y_m': 0.7711850838449211, 'heading_rad': -1.492652402875156}
[map] navigate label=bin_docking distance_m=1.734 heading_error_rad=-1.920
[can] backend=detectnet_native detections=1 best_confidence=0.353
[depth] map_can_0_depth mean=2.664 min=2.341 max=2.901
[map] can added id=6 position={'x_m': -0.6484726428899112, 'y_m': 0.8968799265415969}
[tag] no detections
[map] motion direction=left speed=0.15 effective_seconds=0.08947420120239258 pose={'x_m': -0.4136185258518697, 'y_m': 0.7711850838449211, 'heading_rad': -1.5024125241662418}
[map] navigate label=bin_docking distance_m=1.734 heading_error_rad=-1.910
[can] backend=detectnet_native no detections
[tag] no detections
[map] motion direction=left speed=0.15 effective_seconds=0.05942130088806152 pose={'x_m': -0.4136185258518697, 'y_m': 0.7711850838449211, 'heading_rad': -1.5088943825807104}
[map] navigate label=bin_docking distance_m=1.734 heading_error_rad=-1.903
[can] backend=detectnet_native no detections
[tag] no detections
[map] motion direction=left speed=0.15 effective_seconds=0.06086540222167969 pose={'x_m': -0.4136185258518697, 'y_m': 0.7711850838449211, 'heading_rad': -1.5155337680139545}
[map] navigate label=bin_docking distance_m=1.734 heading_error_rad=-1.897
[can] backend=detectnet_native no detections
[tag] no detections
[map] motion direction=left speed=0.15 effective_seconds=0.05936908721923828 pose={'x_m': -0.4136185258518697, 'y_m': 0.7711850838449211, 'heading_rad': -1.5220099308007011}
[map] navigate label=bin_docking distance_m=1.734 heading_error_rad=-1.890
[can] backend=detectnet_native no detections
[tag] no detections
[map] motion direction=left speed=0.15 effective_seconds=0.05868339538574219 pose={'x_m': -0.4136185258518697, 'y_m': 0.7711850838449211, 'heading_rad': -1.5284112962115193}
[map] navigate label=bin_docking distance_m=1.734 heading_error_rad=-1.884
[can] backend=detectnet_native no detections
[tag] no detections
[map] motion direction=left speed=0.15 effective_seconds=0.06167745590209961 pose={'x_m': -0.4136185258518697, 'y_m': 0.7711850838449211, 'heading_rad': -1.5351392629599274}
[map] navigate label=bin_docking distance_m=1.734 heading_error_rad=-1.877
[can] backend=detectnet_native no detections
[tag] no detections
[map] motion direction=left speed=0.15 effective_seconds=0.05994534492492676 pose={'x_m': -0.4136185258518697, 'y_m': 0.7711850838449211, 'heading_rad': -1.5416782857110756}
[map] navigate label=bin_docking distance_m=1.734 heading_error_rad=-1.871
[can] backend=detectnet_native no detections
[tag] no detections
[map] motion direction=left speed=0.15 effective_seconds=0.05829119682312012 pose={'x_m': -0.4136185258518697, 'y_m': 0.7711850838449211, 'heading_rad': -1.5480368688953978}
[map] navigate label=bin_docking distance_m=1.734 heading_error_rad=-1.864
[can] backend=detectnet_native no detections
[tag] no detections
[map] motion direction=left speed=0.15 effective_seconds=0.05876731872558594 pose={'x_m': -0.4136185258518697, 'y_m': 0.7711850838449211, 'heading_rad': -1.5544473889224633}
[map] navigate label=bin_docking distance_m=1.734 heading_error_rad=-1.858
[can] backend=detectnet_native no detections
[tag] no detections
[map] motion direction=left speed=0.15 effective_seconds=0.06296753883361816 pose={'x_m': -0.4136185258518697, 'y_m': 0.7711850838449211, 'heading_rad': -1.5613160818882388}
[map] navigate label=bin_docking distance_m=1.734 heading_error_rad=-1.851
[can] backend=detectnet_native no detections
[tag] no detections
[map] motion direction=left speed=0.15 effective_seconds=0.06047654151916504 pose={'x_m': -0.4136185258518697, 'y_m': 0.7711850838449211, 'heading_rad': -1.5679130491990423}
[map] navigate label=bin_docking distance_m=1.734 heading_error_rad=-1.844
[can] backend=detectnet_native no detections
[tag] no detections
[map] motion direction=left speed=0.15 effective_seconds=0.059195756912231445 pose={'x_m': -0.4136185258518697, 'y_m': 0.7711850838449211, 'heading_rad': -1.5743703045823467}
[map] navigate label=bin_docking distance_m=1.734 heading_error_rad=-1.838
[can] backend=detectnet_native no detections
[tag] no detections
[map] motion direction=left speed=0.15 effective_seconds=0.06179308891296387 pose={'x_m': -0.4136185258518697, 'y_m': 0.7711850838449211, 'heading_rad': -1.5811108849355273}
[map] navigate label=bin_docking distance_m=1.734 heading_error_rad=-1.831
[can] backend=detectnet_native no detections
[tag] no detections
[map] motion direction=left speed=0.15 effective_seconds=0.06011629104614258 pose={'x_m': -0.4136185258518697, 'y_m': 0.7711850838449211, 'heading_rad': -1.5876685550157925}
[map] navigate label=bin_docking distance_m=1.734 heading_error_rad=-1.825
[can] backend=detectnet_native no detections
[tag] no detections
[map] motion direction=left speed=0.15 effective_seconds=0.06048583984375 pose={'x_m': -0.4136185258518697, 'y_m': 0.7711850838449211, 'heading_rad': -1.5942665366164643}
[map] navigate label=bin_docking distance_m=1.734 heading_error_rad=-1.818
[can] backend=detectnet_native no detections
[tag] no detections
[map] motion direction=left speed=0.15 effective_seconds=0.058211565017700195 pose={'x_m': -0.4136185258518697, 'y_m': 0.7711850838449211, 'heading_rad': -1.6006164333183248}
[map] navigate label=bin_docking distance_m=1.734 heading_error_rad=-1.812
[can] backend=detectnet_native no detections
[tag] no detections
[map] motion direction=left speed=0.15 effective_seconds=0.06206941604614258 pose={'x_m': -0.4136185258518697, 'y_m': 0.7711850838449211, 'heading_rad': -1.6073871562857964}
[map] navigate label=bin_docking distance_m=1.734 heading_error_rad=-1.805
[can] backend=detectnet_native no detections
[tag] no detections
[map] motion direction=left speed=0.15 effective_seconds=0.06048893928527832 pose={'x_m': -0.4136185258518697, 'y_m': 0.7711850838449211, 'heading_rad': -1.613985475983091}
[map] navigate label=bin_docking distance_m=1.734 heading_error_rad=-1.798
[can] backend=detectnet_native no detections
[tag] no detections
[map] motion direction=left speed=0.15 effective_seconds=0.05936264991760254 pose={'x_m': -0.4136185258518697, 'y_m': 0.7711850838449211, 'heading_rad': -1.6204609365691596}
[map] navigate label=bin_docking distance_m=1.734 heading_error_rad=-1.792
[can] backend=detectnet_native no detections
[tag] no detections
[map] motion direction=left speed=0.15 effective_seconds=0.05848336219787598 pose={'x_m': -0.4136185258518697, 'y_m': 0.7711850838449211, 'heading_rad': -1.6268404817440933}
[map] navigate label=bin_docking distance_m=1.734 heading_error_rad=-1.785
[can] backend=detectnet_native no detections
[tag] no detections
[map] motion direction=left speed=0.15 effective_seconds=0.05800509452819824 pose={'x_m': -0.4136185258518697, 'y_m': 0.7711850838449211, 'heading_rad': -1.6331678560093914}
[map] navigate label=bin_docking distance_m=1.734 heading_error_rad=-1.779
[can] backend=detectnet_native no detections
[tag] no detections
[map] motion direction=left speed=0.15 effective_seconds=0.06101417541503906 pose={'x_m': -0.4136185258518697, 'y_m': 0.7711850838449211, 'heading_rad': -1.639823470080528}
[map] navigate label=bin_docking distance_m=1.734 heading_error_rad=-1.772
[can] backend=detectnet_native no detections
[tag] no detections
[map] motion direction=left speed=0.15 effective_seconds=0.05811667442321777 pose={'x_m': -0.4136185258518697, 'y_m': 0.7711850838449211, 'heading_rad': -1.6461630158242455}
[map] navigate label=bin_docking distance_m=1.734 heading_error_rad=-1.766
[can] backend=detectnet_native no detections
[tag] no detections
[map] motion direction=left speed=0.15 effective_seconds=0.056764841079711914 pose={'x_m': -0.4136185258518697, 'y_m': 0.7711850838449211, 'heading_rad': -1.652355099425573}
[map] navigate label=bin_docking distance_m=1.734 heading_error_rad=-1.760
[can] backend=detectnet_native no detections
[tag] no detections
[map] motion direction=left speed=0.15 effective_seconds=0.060259342193603516 pose={'x_m': -0.4136185258518697, 'y_m': 0.7711850838449211, 'heading_rad': -1.6589283739653504}
[map] navigate label=bin_docking distance_m=1.734 heading_error_rad=-1.753
[can] backend=detectnet_native no detections
[tag] no detections
[map] motion direction=left speed=0.15 effective_seconds=0.061470746994018555 pose={'x_m': -0.4136185258518697, 'y_m': 0.7711850838449211, 'heading_rad': -1.6656337922697635}
[map] navigate label=bin_docking distance_m=1.734 heading_error_rad=-1.747
[can] backend=detectnet_native no detections
[tag] no detections
[map] motion direction=left speed=0.15 effective_seconds=0.0593869686126709 pose={'x_m': -0.4136185258518697, 'y_m': 0.7711850838449211, 'heading_rad': -1.672111905613949}
[map] navigate label=bin_docking distance_m=1.734 heading_error_rad=-1.740
[can] backend=detectnet_native no detections
[tag] no detections
[map] motion direction=left speed=0.15 effective_seconds=0.06148481369018555 pose={'x_m': -0.4136185258518697, 'y_m': 0.7711850838449211, 'heading_rad': -1.6788188583568808}
[map] navigate label=bin_docking distance_m=1.734 heading_error_rad=-1.733
[can] backend=detectnet_native no detections
[tag] no detections
[map] motion direction=left speed=0.15 effective_seconds=0.05753350257873535 pose={'x_m': -0.4136185258518697, 'y_m': 0.7711850838449211, 'heading_rad': -1.6850947899206536}
[map] navigate label=bin_docking distance_m=1.734 heading_error_rad=-1.727
[can] backend=detectnet_native no detections
[tag] no detections
[map] motion direction=left speed=0.15 effective_seconds=0.05776619911193848 pose={'x_m': -0.4136185258518697, 'y_m': 0.7711850838449211, 'heading_rad': -1.6913961047385662}
[map] navigate label=bin_docking distance_m=1.734 heading_error_rad=-1.721
[can] backend=detectnet_native no detections
[tag] no detections
[map] motion direction=left speed=0.15 effective_seconds=0.05976057052612305 pose={'x_m': -0.4136185258518697, 'y_m': 0.7711850838449211, 'heading_rad': -1.6979149717295112}
[map] navigate label=bin_docking distance_m=1.734 heading_error_rad=-1.714
[can] backend=detectnet_native no detections
[tag] no detections
[map] motion direction=left speed=0.15 effective_seconds=0.06241035461425781 pose={'x_m': -0.4136185258518697, 'y_m': 0.7711850838449211, 'heading_rad': -1.704722885325487}
[map] navigate label=bin_docking distance_m=1.734 heading_error_rad=-1.707
[can] backend=detectnet_native no detections
[tag] no detections
[map] motion direction=left speed=0.15 effective_seconds=0.059648752212524414 pose={'x_m': -0.4136185258518697, 'y_m': 0.7711850838449211, 'heading_rad': -1.71122955483058}
[map] navigate label=bin_docking distance_m=1.734 heading_error_rad=-1.701
[can] backend=detectnet_native no detections
[tag] no detections
[map] motion direction=left speed=0.15 effective_seconds=0.05795407295227051 pose={'x_m': -0.4136185258518697, 'y_m': 0.7711850838449211, 'heading_rad': -1.7175513635053186}
[map] navigate label=bin_docking distance_m=1.734 heading_error_rad=-1.695
[can] backend=detectnet_native no detections
[tag] no detections
[map] motion direction=left speed=0.15 effective_seconds=0.05774855613708496 pose={'x_m': -0.4136185258518697, 'y_m': 0.7711850838449211, 'heading_rad': -1.7238507537732246}
[map] navigate label=bin_docking distance_m=1.734 heading_error_rad=-1.688
[can] backend=detectnet_native no detections
[tag] no detections
[map] motion direction=left speed=0.15 effective_seconds=0.05916595458984375 pose={'x_m': -0.4136185258518697, 'y_m': 0.7711850838449211, 'heading_rad': -1.730304758227464}
[map] navigate label=bin_docking distance_m=1.734 heading_error_rad=-1.682
[can] backend=detectnet_native no detections
[tag] no detections
[map] motion direction=left speed=0.15 effective_seconds=0.06167411804199219 pose={'x_m': -0.4136185258518697, 'y_m': 0.7711850838449211, 'heading_rad': -1.737032360871817}
[map] navigate label=bin_docking distance_m=1.734 heading_error_rad=-1.675
[can] backend=detectnet_native no detections
[tag] no detections
[map] motion direction=left speed=0.15 effective_seconds=0.05789995193481445 pose={'x_m': -0.4136185258518697, 'y_m': 0.7711850838449211, 'heading_rad': -1.7433482658593735}
[map] navigate label=bin_docking distance_m=1.734 heading_error_rad=-1.669
[can] backend=detectnet_native no detections
[tag] no detections
[map] motion direction=left speed=0.15 effective_seconds=0.06208157539367676 pose={'x_m': -0.4136185258518697, 'y_m': 0.7711850838449211, 'heading_rad': -1.7501203152059037}
[map] navigate label=bin_docking distance_m=1.734 heading_error_rad=-1.662
[can] backend=detectnet_native no detections
[tag] no detections
[map] motion direction=left speed=0.15 effective_seconds=0.059301137924194336 pose={'x_m': -0.4136185258518697, 'y_m': 0.7711850838449211, 'heading_rad': -1.7565890658743821}
[map] navigate label=bin_docking distance_m=1.734 heading_error_rad=-1.656
[can] backend=detectnet_native no detections
[tag] no detections
[map] motion direction=left speed=0.15 effective_seconds=0.05918550491333008 pose={'x_m': -0.4136185258518697, 'y_m': 0.7711850838449211, 'heading_rad': -1.763045202938088}
[map] navigate label=bin_docking distance_m=1.734 heading_error_rad=-1.649
[can] backend=detectnet_native no detections
[tag] no detections
[map] motion direction=left speed=0.15 effective_seconds=0.06057476997375488 pose={'x_m': -0.4136185258518697, 'y_m': 0.7711850838449211, 'heading_rad': -1.76965288531109}
[map] navigate label=bin_docking distance_m=1.734 heading_error_rad=-1.643
[can] backend=detectnet_native no detections
[tag] no detections
[map] motion direction=left speed=0.15 effective_seconds=0.059241294860839844 pose={'x_m': -0.4136185258518697, 'y_m': 0.7711850838449211, 'heading_rad': -1.7761151081140056}
[map] navigate label=bin_docking distance_m=1.734 heading_error_rad=-1.636
[can] backend=detectnet_native no detections
[tag] no detections
[map] motion direction=left speed=0.15 effective_seconds=0.06058859825134277 pose={'x_m': -0.4136185258518697, 'y_m': 0.7711850838449211, 'heading_rad': -1.7827242989180936}
[map] navigate label=bin_docking distance_m=1.734 heading_error_rad=-1.629
[can] backend=detectnet_native no detections
[tag] no detections
[map] motion direction=left speed=0.15 effective_seconds=0.06063961982727051 pose={'x_m': -0.4136185258518697, 'y_m': 0.7711850838449211, 'heading_rad': -1.7893390553127408}
[map] navigate label=bin_docking distance_m=1.734 heading_error_rad=-1.623
[can] backend=detectnet_native no detections
[tag] no detections
[map] motion direction=left speed=0.15 effective_seconds=0.0588984489440918 pose={'x_m': -0.4136185258518697, 'y_m': 0.7711850838449211, 'heading_rad': -1.7957638794276924}
[map] navigate label=bin_docking distance_m=1.734 heading_error_rad=-1.616
[can] backend=detectnet_native no detections
[tag] no detections
[map] motion direction=left speed=0.15 effective_seconds=0.05921220779418945 pose={'x_m': -0.4136185258518697, 'y_m': 0.7711850838449211, 'heading_rad': -1.8022229293238408}
[map] navigate label=bin_docking distance_m=1.734 heading_error_rad=-1.610
[can] backend=detectnet_native no detections
[tag] no detections
[map] motion direction=left speed=0.15 effective_seconds=0.05742502212524414 pose={'x_m': -0.4136185258518697, 'y_m': 0.7711850838449211, 'heading_rad': -1.808487027505817}
[map] navigate label=bin_docking distance_m=1.734 heading_error_rad=-1.604
[can] backend=detectnet_native detections=1 best_confidence=0.238
[depth] map_can_0_depth mean=4.999 min=3.489 max=5.528
[map] can added id=7 position={'x_m': -0.8769824770592907, 'y_m': 0.5835344901883363}
[tag] no detections
[map] motion direction=left speed=0.15 effective_seconds=0.08932971954345703 pose={'x_m': -0.4136185258518697, 'y_m': 0.7711850838449211, 'heading_rad': -1.8182313882927954}
[map] navigate label=bin_docking distance_m=1.734 heading_error_rad=-1.594
[can] backend=detectnet_native no detections
[tag] no detections
[map] motion direction=left speed=0.15 effective_seconds=0.05989813804626465 pose={'x_m': -0.4136185258518697, 'y_m': 0.7711850838449211, 'heading_rad': -1.8247652615723047}
[map] navigate label=bin_docking distance_m=1.734 heading_error_rad=-1.587
[can] backend=detectnet_native no detections
[tag] no detections
[map] motion direction=left speed=0.15 effective_seconds=0.06926655769348145 pose={'x_m': -0.4136185258518697, 'y_m': 0.7711850838449211, 'heading_rad': -1.8323210709052669}
[map] navigate label=bin_docking distance_m=1.734 heading_error_rad=-1.580
[can] backend=detectnet_native no detections
[tag] no detections
[map] motion direction=left speed=0.15 effective_seconds=0.05790281295776367 pose={'x_m': -0.4136185258518697, 'y_m': 0.7711850838449211, 'heading_rad': -1.8386372879820136}
[map] navigate label=bin_docking distance_m=1.734 heading_error_rad=-1.574
[can] backend=detectnet_native detections=1 best_confidence=0.301
[depth] map_can_0_depth mean=4.802 min=3.419 max=5.375
[map] can added id=8 position={'x_m': -0.8538815652886935, 'y_m': 0.5793646538685048}
[tag] no detections
[map] motion direction=left speed=0.15 effective_seconds=0.08573055267333984 pose={'x_m': -0.4136185258518697, 'y_m': 0.7711850838449211, 'heading_rad': -1.8479890405676656}
[map] navigate label=bin_docking distance_m=1.734 heading_error_rad=-1.564
[can] backend=detectnet_native no detections
[tag] no detections
[map] motion direction=left speed=0.15 effective_seconds=0.06062459945678711 pose={'x_m': -0.4136185258518697, 'y_m': 0.7711850838449211, 'heading_rad': -1.8546021584940642}
[map] navigate label=bin_docking distance_m=1.734 heading_error_rad=-1.558
[can] backend=detectnet_native no detections
[tag] no detections
[map] motion direction=left speed=0.15 effective_seconds=0.0603334903717041 pose={'x_m': -0.4136185258518697, 'y_m': 0.7711850838449211, 'heading_rad': -1.8611835213453554}
[map] navigate label=bin_docking distance_m=1.734 heading_error_rad=-1.551
[can] backend=detectnet_native no detections
[tag] no detections
[map] motion direction=left speed=0.15 effective_seconds=0.05814981460571289 pose={'x_m': -0.4136185258518697, 'y_m': 0.7711850838449211, 'heading_rad': -1.8675266821221932}
[map] navigate label=bin_docking distance_m=1.734 heading_error_rad=-1.545
[can] backend=detectnet_native no detections
[tag] no detections
[map] motion direction=left speed=0.15 effective_seconds=0.06638050079345703 pose={'x_m': -0.4136185258518697, 'y_m': 0.7711850838449211, 'heading_rad': -1.874767671484497}
[map] navigate label=bin_docking distance_m=1.734 heading_error_rad=-1.537
[can] backend=detectnet_native no detections
[tag] no detections
[map] motion direction=left speed=0.15 effective_seconds=0.057364463806152344 pose={'x_m': -0.4136185258518697, 'y_m': 0.7711850838449211, 'heading_rad': -1.8810251637786128}
[map] navigate label=bin_docking distance_m=1.734 heading_error_rad=-1.531
[can] backend=detectnet_native no detections
[tag] no detections
[map] motion direction=left speed=0.15 effective_seconds=0.061490774154663086 pose={'x_m': -0.4136185258518697, 'y_m': 0.7711850838449211, 'heading_rad': -1.8877327667073578}
[map] navigate label=bin_docking distance_m=1.734 heading_error_rad=-1.524
[can] backend=detectnet_native no detections
[tag] no detections
[map] motion direction=left speed=0.15 effective_seconds=0.058821916580200195 pose={'x_m': -0.4136185258518697, 'y_m': 0.7711850838449211, 'heading_rad': -1.8941492424364703}
[map] navigate label=bin_docking distance_m=1.734 heading_error_rad=-1.518
[can] backend=detectnet_native no detections
[tag] no detections
[map] motion direction=left speed=0.15 effective_seconds=0.06041431427001953 pose={'x_m': -0.4136185258518697, 'y_m': 0.7711850838449211, 'heading_rad': -1.9007394218073859}
[map] navigate label=bin_docking distance_m=1.734 heading_error_rad=-1.511
[can] backend=detectnet_native no detections
[tag] no detections
[map] motion direction=left speed=0.15 effective_seconds=0.05923604965209961 pose={'x_m': -0.4136185258518697, 'y_m': 0.7711850838449211, 'heading_rad': -1.9072010724467863}
[map] navigate label=bin_docking distance_m=1.734 heading_error_rad=-1.505
[can] backend=detectnet_native no detections
[tag] no detections
[map] motion direction=left speed=0.15 effective_seconds=0.06138324737548828 pose={'x_m': -0.4136185258518697, 'y_m': 0.7711850838449211, 'heading_rad': -1.9138969460234645}
[map] navigate label=bin_docking distance_m=1.734 heading_error_rad=-1.498
[can] backend=detectnet_native no detections
[tag] no detections
[map] motion direction=left speed=0.15 effective_seconds=0.058158159255981445 pose={'x_m': -0.4136185258518697, 'y_m': 0.7711850838449211, 'heading_rad': -1.9202410170604405}
[map] navigate label=bin_docking distance_m=1.734 heading_error_rad=-1.492
[can] backend=detectnet_native no detections
[tag] no detections
[map] motion direction=left speed=0.15 effective_seconds=0.05980396270751953 pose={'x_m': -0.4136185258518697, 'y_m': 0.7711850838449211, 'heading_rad': -1.9267646174041042}
[map] navigate label=bin_docking distance_m=1.734 heading_error_rad=-1.485
[can] backend=detectnet_native no detections
[tag] no detections
[map] motion direction=left speed=0.15 effective_seconds=0.05999946594238281 pose={'x_m': -0.4136185258518697, 'y_m': 0.7711850838449211, 'heading_rad': -1.9333095438424346}
[map] navigate label=bin_docking distance_m=1.734 heading_error_rad=-1.479
[can] backend=detectnet_native no detections
[tag] no detections
[map] motion direction=left speed=0.15 effective_seconds=0.05971121788024902 pose={'x_m': -0.4136185258518697, 'y_m': 0.7711850838449211, 'heading_rad': -1.9398230272948478}
[map] navigate label=bin_docking distance_m=1.734 heading_error_rad=-1.472
[can] backend=detectnet_native no detections
[tag] no detections
[map] motion direction=left speed=0.15 effective_seconds=0.05921149253845215 pose={'x_m': -0.4136185258518697, 'y_m': 0.7711850838449211, 'heading_rad': -1.9462819991686986}
[map] navigate label=bin_docking distance_m=1.734 heading_error_rad=-1.466
[can] backend=detectnet_native no detections
[tag] no detections
[map] motion direction=left speed=0.15 effective_seconds=0.05820441246032715 pose={'x_m': -0.4136185258518697, 'y_m': 0.7711850838449211, 'heading_rad': -1.9526311156475835}
[map] navigate label=bin_docking distance_m=1.734 heading_error_rad=-1.460
[can] backend=detectnet_native no detections
[tag] no detections
[map] motion direction=left speed=0.15 effective_seconds=0.06012892723083496 pose={'x_m': -0.4136185258518697, 'y_m': 0.7711850838449211, 'heading_rad': -1.9591901641217724}
[map] navigate label=bin_docking distance_m=1.734 heading_error_rad=-1.453
[can] backend=detectnet_native no detections
[tag] no detections
[map] motion direction=left speed=0.15 effective_seconds=0.06160736083984375 pose={'x_m': -0.4136185258518697, 'y_m': 0.7711850838449211, 'heading_rad': -1.9659104846850197}
[map] navigate label=bin_docking distance_m=1.734 heading_error_rad=-1.446
[can] backend=detectnet_native no detections
[tag] no detections
[map] motion direction=left speed=0.15 effective_seconds=0.05884361267089844 pose={'x_m': -0.4136185258518697, 'y_m': 0.7711850838449211, 'heading_rad': -1.9723293270904916}
[map] navigate label=bin_docking distance_m=1.734 heading_error_rad=-1.440
[can] backend=detectnet_native no detections
[tag] no detections
[map] motion direction=left speed=0.15 effective_seconds=0.05871939659118652 pose={'x_m': -0.4136185258518697, 'y_m': 0.7711850838449211, 'heading_rad': -1.9787346196236204}
[map] navigate label=bin_docking distance_m=1.734 heading_error_rad=-1.433
[can] backend=detectnet_native no detections
[tag] no detections
[map] motion direction=left speed=0.15 effective_seconds=0.061263322830200195 pose={'x_m': -0.4136185258518697, 'y_m': 0.7711850838449211, 'heading_rad': -1.9854174114617409}
[map] navigate label=bin_docking distance_m=1.734 heading_error_rad=-1.427
[can] backend=detectnet_native no detections
[tag] no detections
[map] motion direction=left speed=0.15 effective_seconds=0.06083488464355469 pose={'x_m': -0.4136185258518697, 'y_m': 0.7711850838449211, 'heading_rad': -1.9920534679436224}
[map] navigate label=bin_docking distance_m=1.734 heading_error_rad=-1.420
[can] backend=detectnet_native no detections
[tag] no detections
[map] motion direction=left speed=0.15 effective_seconds=0.05814933776855469 pose={'x_m': -0.4136185258518697, 'y_m': 0.7711850838449211, 'heading_rad': -1.9983965767055951}
[map] navigate label=bin_docking distance_m=1.734 heading_error_rad=-1.414
[can] backend=detectnet_native no detections
[tag] no detections
[map] motion direction=left speed=0.15 effective_seconds=0.0601801872253418 pose={'x_m': -0.4136185258518697, 'y_m': 0.7711850838449211, 'heading_rad': -2.004961216777776}
[map] navigate label=bin_docking distance_m=1.734 heading_error_rad=-1.407
[can] backend=detectnet_native no detections
[tag] no detections
[map] motion direction=left speed=0.15 effective_seconds=0.058660268783569336 pose={'x_m': -0.4136185258518697, 'y_m': 0.7711850838449211, 'heading_rad': -2.0113600594676395}
[map] navigate label=bin_docking distance_m=1.734 heading_error_rad=-1.401
[can] backend=detectnet_native no detections
[tag] no detections
[map] motion direction=left speed=0.15 effective_seconds=0.05906105041503906 pose={'x_m': -0.4136185258518697, 'y_m': 0.7711850838449211, 'heading_rad': -2.01780262065157}
[map] navigate label=bin_docking distance_m=1.734 heading_error_rad=-1.394
[can] backend=detectnet_native no detections
[tag] no detections
[map] motion direction=left speed=0.15 effective_seconds=0.06052350997924805 pose={'x_m': -0.4136185258518697, 'y_m': 0.7711850838449211, 'heading_rad': -2.02440471142658}
[map] navigate label=bin_docking distance_m=1.734 heading_error_rad=-1.388
[can] backend=detectnet_native no detections
[tag] no detections
[map] motion direction=left speed=0.15 effective_seconds=0.058045387268066406 pose={'x_m': -0.4136185258518697, 'y_m': 0.7711850838449211, 'heading_rad': -2.030736480947974}
[map] navigate label=bin_docking distance_m=1.734 heading_error_rad=-1.381
[can] backend=detectnet_native no detections
[tag] no detections
[map] motion direction=left speed=0.15 effective_seconds=0.0661935806274414 pose={'x_m': -0.4136185258518697, 'y_m': 0.7711850838449211, 'heading_rad': -2.037957080483182}
[map] navigate label=bin_docking distance_m=1.734 heading_error_rad=-1.374
[can] backend=detectnet_native no detections
[tag] no detections
[map] motion direction=left speed=0.15 effective_seconds=0.0594325065612793 pose={'x_m': -0.4136185258518697, 'y_m': 0.7711850838449211, 'heading_rad': -2.044440161246979}
[map] navigate label=bin_docking distance_m=1.734 heading_error_rad=-1.368
[can] backend=detectnet_native no detections
[tag] no detections
[map] motion direction=left speed=0.15 effective_seconds=0.06210446357727051 pose={'x_m': -0.4136185258518697, 'y_m': 0.7711850838449211, 'heading_rad': -2.051214707307031}
[map] navigate label=bin_docking distance_m=1.734 heading_error_rad=-1.361
[can] backend=detectnet_native no detections
[tag] no detections
[map] motion direction=left speed=0.15 effective_seconds=0.06397271156311035 pose={'x_m': -0.4136185258518697, 'y_m': 0.7711850838449211, 'heading_rad': -2.058193047608312}
[map] navigate label=bin_docking distance_m=1.734 heading_error_rad=-1.354
[can] backend=detectnet_native no detections
[tag] no detections
[map] motion direction=left speed=0.15 effective_seconds=0.0604250431060791 pose={'x_m': -0.4136185258518697, 'y_m': 0.7711850838449211, 'heading_rad': -2.0647843973136912}
[map] navigate label=bin_docking distance_m=1.734 heading_error_rad=-1.347
[can] backend=detectnet_native no detections
[tag] no detections
[map] motion direction=left speed=0.15 effective_seconds=0.05995583534240723 pose={'x_m': -0.4136185258518697, 'y_m': 0.7711850838449211, 'heading_rad': -2.0713245643918703}
[map] navigate label=bin_docking distance_m=1.734 heading_error_rad=-1.341
[can] backend=detectnet_native no detections
[tag] no detections
[map] motion direction=left speed=0.15 effective_seconds=0.06634378433227539 pose={'x_m': -0.4136185258518697, 'y_m': 0.7711850838449211, 'heading_rad': -2.078561548609566}
[map] navigate label=bin_docking distance_m=1.734 heading_error_rad=-1.334
[can] backend=detectnet_native no detections
[tag] no detections
[map] motion direction=left speed=0.15 effective_seconds=0.05970287322998047 pose={'x_m': -0.4136185258518697, 'y_m': 0.7711850838449211, 'heading_rad': -2.085074121801841}
[map] navigate label=bin_docking distance_m=1.734 heading_error_rad=-1.327
[can] backend=detectnet_native no detections
[tag] no detections
[map] motion direction=left speed=0.15 effective_seconds=0.06181502342224121 pose={'x_m': -0.4136185258518697, 'y_m': 0.7711850838449211, 'heading_rad': -2.0918170948388135}
[map] navigate label=bin_docking distance_m=1.734 heading_error_rad=-1.320
[can] backend=detectnet_native no detections
[tag] no detections
[map] motion direction=left speed=0.15 effective_seconds=0.06002020835876465 pose={'x_m': -0.4136185258518697, 'y_m': 0.7711850838449211, 'heading_rad': -2.098364283923773}
[map] navigate label=bin_docking distance_m=1.734 heading_error_rad=-1.314
[can] backend=detectnet_native no detections
[tag] no detections
[map] motion direction=left speed=0.15 effective_seconds=0.061010122299194336 pose={'x_m': -0.4136185258518697, 'y_m': 0.7711850838449211, 'heading_rad': -2.105019455868557}
[map] navigate label=bin_docking distance_m=1.734 heading_error_rad=-1.307
[can] backend=detectnet_native no detections
[tag] no detections
[map] motion direction=left speed=0.15 effective_seconds=0.06279969215393066 pose={'x_m': -0.4136185258518697, 'y_m': 0.7711850838449211, 'heading_rad': -2.1118698396018383}
[map] navigate label=bin_docking distance_m=1.734 heading_error_rad=-1.300
[can] backend=detectnet_native no detections
[tag] no detections
[map] motion direction=left speed=0.15 effective_seconds=0.0656130313873291 pose={'x_m': -0.4136185258518697, 'y_m': 0.7711850838449211, 'heading_rad': -2.1190271110388594}
[map] navigate label=bin_docking distance_m=1.734 heading_error_rad=-1.293
[can] backend=detectnet_native no detections
[tag] no detections
[map] motion direction=left speed=0.15 effective_seconds=0.06113147735595703 pose={'x_m': -0.4136185258518697, 'y_m': 0.7711850838449211, 'heading_rad': -2.1256955207667962}
[map] navigate label=bin_docking distance_m=1.734 heading_error_rad=-1.287
[can] backend=detectnet_native no detections
[tag] no detections
[map] motion direction=left speed=0.15 effective_seconds=0.058377742767333984 pose={'x_m': -0.4136185258518697, 'y_m': 0.7711850838449211, 'heading_rad': -2.1320635446491236}
[map] navigate label=bin_docking distance_m=1.734 heading_error_rad=-1.280
[can] backend=detectnet_native no detections
[tag] no detections
[map] motion direction=left speed=0.15 effective_seconds=0.05980539321899414 pose={'x_m': -0.4136185258518697, 'y_m': 0.7711850838449211, 'heading_rad': -2.1385873010373824}
[map] navigate label=bin_docking distance_m=1.734 heading_error_rad=-1.274
[can] backend=detectnet_native no detections
[tag] no detections
[map] motion direction=left speed=0.15 effective_seconds=0.06046175956726074 pose={'x_m': -0.4136185258518697, 'y_m': 0.7711850838449211, 'heading_rad': -2.1451826558873694}
[map] navigate label=bin_docking distance_m=1.734 heading_error_rad=-1.267
[can] backend=detectnet_native no detections
[tag] no detections
[map] motion direction=left speed=0.15 effective_seconds=0.06287360191345215 pose={'x_m': -0.4136185258518697, 'y_m': 0.7711850838449211, 'heading_rad': -2.152041101924732}
[map] navigate label=bin_docking distance_m=1.734 heading_error_rad=-1.260
[can] backend=detectnet_native no detections
[tag] no detections
[map] motion direction=left speed=0.15 effective_seconds=0.05964326858520508 pose={'x_m': -0.4136185258518697, 'y_m': 0.7711850838449211, 'heading_rad': -2.158547173258877}
[map] navigate label=bin_docking distance_m=1.734 heading_error_rad=-1.254
[can] backend=detectnet_native no detections
[tag] no detections
[map] motion direction=left speed=0.15 effective_seconds=0.05665421485900879 pose={'x_m': -0.4136185258518697, 'y_m': 0.7711850838449211, 'heading_rad': -2.164727189411515}
[map] navigate label=bin_docking distance_m=1.734 heading_error_rad=-1.247
[can] backend=detectnet_native no detections
[tag] no detections
[map] motion direction=left speed=0.15 effective_seconds=0.05982828140258789 pose={'x_m': -0.4136185258518697, 'y_m': 0.7711850838449211, 'heading_rad': -2.171253442513296}
[map] navigate label=bin_docking distance_m=1.734 heading_error_rad=-1.241
[can] backend=detectnet_native no detections
[tag] no detections
[map] motion direction=left speed=0.15 effective_seconds=0.05938267707824707 pose={'x_m': -0.4136185258518697, 'y_m': 0.7711850838449211, 'heading_rad': -2.1777310877236964}
[map] navigate label=bin_docking distance_m=1.734 heading_error_rad=-1.234
[can] backend=detectnet_native no detections
[tag] no detections
[map] motion direction=left speed=0.15 effective_seconds=0.06139349937438965 pose={'x_m': -0.4136185258518697, 'y_m': 0.7711850838449211, 'heading_rad': -2.184428079619973}
[map] navigate label=bin_docking distance_m=1.734 heading_error_rad=-1.228
[can] backend=detectnet_native no detections
[tag] no detections
[map] motion direction=left speed=0.15 effective_seconds=0.06152987480163574 pose={'x_m': -0.4136185258518697, 'y_m': 0.7711850838449211, 'heading_rad': -2.191139947767651}
[map] navigate label=bin_docking distance_m=1.734 heading_error_rad=-1.221
[can] backend=detectnet_native no detections
[tag] no detections
[map] motion direction=left speed=0.15 effective_seconds=0.05897259712219238 pose={'x_m': -0.4136185258518697, 'y_m': 0.7711850838449211, 'heading_rad': -2.1975728601941165}
[map] navigate label=bin_docking distance_m=1.734 heading_error_rad=-1.215
[can] backend=detectnet_native no detections
[tag] no detections
[map] motion direction=left speed=0.15 effective_seconds=0.06216835975646973 pose={'x_m': -0.4136185258518697, 'y_m': 0.7711850838449211, 'heading_rad': -2.204354376246084}
[map] navigate label=bin_docking distance_m=1.734 heading_error_rad=-1.208
[can] backend=detectnet_native no detections
[tag] no detections
[map] motion direction=left speed=0.15 effective_seconds=0.05911135673522949 pose={'x_m': -0.4136185258518697, 'y_m': 0.7711850838449211, 'heading_rad': -2.2108024249982763}
[map] navigate label=bin_docking distance_m=1.734 heading_error_rad=-1.201
[can] backend=detectnet_native no detections
[tag] no detections
[map] motion direction=left speed=0.15 effective_seconds=0.06059765815734863 pose={'x_m': -0.4136185258518697, 'y_m': 0.7711850838449211, 'heading_rad': -2.2174126040848}
[map] navigate label=bin_docking distance_m=1.734 heading_error_rad=-1.195
[can] backend=detectnet_native no detections
[tag] no detections
[map] motion direction=left speed=0.15 effective_seconds=0.05985689163208008 pose={'x_m': -0.4136185258518697, 'y_m': 0.7711850838449211, 'heading_rad': -2.223941978078483}
[map] navigate label=bin_docking distance_m=1.734 heading_error_rad=-1.188
[can] backend=detectnet_native no detections
[tag] no detections
[map] motion direction=left speed=0.15 effective_seconds=0.05779099464416504 pose={'x_m': -0.4136185258518697, 'y_m': 0.7711850838449211, 'heading_rad': -2.230245997669378}
[map] navigate label=bin_docking distance_m=1.734 heading_error_rad=-1.182
[can] backend=detectnet_native no detections
[tag] no detections
[map] motion direction=left speed=0.15 effective_seconds=0.059248924255371094 pose={'x_m': -0.4136185258518697, 'y_m': 0.7711850838449211, 'heading_rad': -2.2367090527101343}
[map] navigate label=bin_docking distance_m=1.734 heading_error_rad=-1.175
[can] backend=detectnet_native no detections
[tag] no detections
[map] motion direction=left speed=0.15 effective_seconds=0.06689643859863281 pose={'x_m': -0.4136185258518697, 'y_m': 0.7711850838449211, 'heading_rad': -2.244006322156412}
[map] navigate label=bin_docking distance_m=1.734 heading_error_rad=-1.168
[can] backend=detectnet_native no detections
[tag] no detections
[map] motion direction=left speed=0.15 effective_seconds=0.06018853187561035 pose={'x_m': -0.4136185258518697, 'y_m': 0.7711850838449211, 'heading_rad': -2.250571872488731}
[map] navigate label=bin_docking distance_m=1.734 heading_error_rad=-1.162
[can] backend=detectnet_native no detections
[tag] no detections
[map] motion direction=left speed=0.15 effective_seconds=0.0602724552154541 pose={'x_m': -0.4136185258518697, 'y_m': 0.7711850838449211, 'heading_rad': -2.257146577437297}
[map] navigate label=bin_docking distance_m=1.734 heading_error_rad=-1.155
[can] backend=detectnet_native no detections
[tag] no detections
[map] motion direction=left speed=0.15 effective_seconds=0.060361623764038086 pose={'x_m': -0.4136185258518697, 'y_m': 0.7711850838449211, 'heading_rad': -2.263731009165626}
[map] navigate label=bin_docking distance_m=1.734 heading_error_rad=-1.148
[can] backend=detectnet_native no detections
[tag] no detections
[map] motion direction=left speed=0.15 effective_seconds=0.05818033218383789 pose={'x_m': -0.4136185258518697, 'y_m': 0.7711850838449211, 'heading_rad': -2.2700774988938264}
[map] navigate label=bin_docking distance_m=1.734 heading_error_rad=-1.142
[can] backend=detectnet_native no detections
[tag] no detections
[map] motion direction=left speed=0.15 effective_seconds=0.058632612228393555 pose={'x_m': -0.4136185258518697, 'y_m': 0.7711850838449211, 'heading_rad': -2.276473324721518}
[map] navigate label=bin_docking distance_m=1.734 heading_error_rad=-1.136
[can] backend=detectnet_native no detections
[tag] no detections
[map] motion direction=left speed=0.15 effective_seconds=0.05877494812011719 pose={'x_m': -0.4136185258518697, 'y_m': 0.7711850838449211, 'heading_rad': -2.282884676986424}
[map] navigate label=bin_docking distance_m=1.734 heading_error_rad=-1.129
[can] backend=detectnet_native no detections
[tag] no detections
[map] motion direction=left speed=0.15 effective_seconds=0.05812501907348633 pose={'x_m': -0.4136185258518697, 'y_m': 0.7711850838449211, 'heading_rad': -2.2892251329902797}
[map] navigate label=bin_docking distance_m=1.734 heading_error_rad=-1.123
[can] backend=detectnet_native no detections
[tag] no detections
[map] motion direction=left speed=0.15 effective_seconds=0.059660911560058594 pose={'x_m': -0.4136185258518697, 'y_m': 0.7711850838449211, 'heading_rad': -2.2957331288744314}
[map] navigate label=bin_docking distance_m=1.734 heading_error_rad=-1.116
[can] backend=detectnet_native no detections
[tag] no detections
[map] motion direction=left speed=0.15 effective_seconds=0.06007575988769531 pose={'x_m': -0.4136185258518697, 'y_m': 0.7711850838449211, 'heading_rad': -2.302286377691168}
[map] navigate label=bin_docking distance_m=1.734 heading_error_rad=-1.110
[can] backend=detectnet_native no detections
[tag] no detections
[map] motion direction=left speed=0.15 effective_seconds=0.0615842342376709 pose={'x_m': -0.4136185258518697, 'y_m': 0.7711850838449211, 'heading_rad': -2.309004175533461}
[map] navigate label=bin_docking distance_m=1.734 heading_error_rad=-1.103
[can] backend=detectnet_native no detections
[tag] no detections
[map] motion direction=left speed=0.15 effective_seconds=0.06120419502258301 pose={'x_m': -0.4136185258518697, 'y_m': 0.7711850838449211, 'heading_rad': -2.315680517528316}
[map] navigate label=bin_docking distance_m=1.734 heading_error_rad=-1.097
[can] backend=detectnet_native no detections
[tag] no detections
[map] motion direction=left speed=0.15 effective_seconds=0.05989527702331543 pose={'x_m': -0.4136185258518697, 'y_m': 0.7711850838449211, 'heading_rad': -2.322214078718635}
[map] navigate label=bin_docking distance_m=1.734 heading_error_rad=-1.090
[can] backend=detectnet_native no detections
[tag] no detections
[map] motion direction=left speed=0.15 effective_seconds=0.0581057071685791 pose={'x_m': -0.4136185258518697, 'y_m': 0.7711850838449211, 'heading_rad': -2.3285524281204566}
[map] navigate label=bin_docking distance_m=1.734 heading_error_rad=-1.084
[can] backend=detectnet_native no detections
[tag] no detections
[map] motion direction=left speed=0.15 effective_seconds=0.05779242515563965 pose={'x_m': -0.4136185258518697, 'y_m': 0.7711850838449211, 'heading_rad': -2.3348566037559464}
[map] navigate label=bin_docking distance_m=1.734 heading_error_rad=-1.077
[can] backend=detectnet_native no detections
[tag] no detections
[map] motion direction=left speed=0.15 effective_seconds=0.06060385704040527 pose={'x_m': -0.4136185258518697, 'y_m': 0.7711850838449211, 'heading_rad': -2.341467459035716}
[map] navigate label=bin_docking distance_m=1.734 heading_error_rad=-1.071
[can] backend=detectnet_native no detections
[tag] no detections
[map] motion direction=left speed=0.15 effective_seconds=0.06266379356384277 pose={'x_m': -0.4136185258518697, 'y_m': 0.7711850838449211, 'heading_rad': -2.3483030185324605}
[map] navigate label=bin_docking distance_m=1.734 heading_error_rad=-1.064
[can] backend=detectnet_native no detections
[tag] no detections
[map] motion direction=left speed=0.15 effective_seconds=0.059125423431396484 pose={'x_m': -0.4136185258518697, 'y_m': 0.7711850838449211, 'heading_rad': -2.3547526017231712}
[map] navigate label=bin_docking distance_m=1.734 heading_error_rad=-1.057
[can] backend=detectnet_native detections=1 best_confidence=0.240
[depth] map_can_0_depth mean=3.984 min=3.420 max=4.370
[map] can added id=9 position={'x_m': -0.6130876143610695, 'y_m': 0.4263340780103694}
[tag] no detections
[map] motion direction=left speed=0.15 effective_seconds=0.08731961250305176 pose={'x_m': -0.4136185258518697, 'y_m': 0.7711850838449211, 'heading_rad': -2.364277693846571}
[map] navigate label=bin_docking distance_m=1.734 heading_error_rad=-1.048
[can] backend=detectnet_native no detections
[tag] no detections
[map] motion direction=left speed=0.15 effective_seconds=0.0566561222076416 pose={'x_m': -0.4136185258518697, 'y_m': 0.7711850838449211, 'heading_rad': -2.3704579180586687}
[map] navigate label=bin_docking distance_m=1.734 heading_error_rad=-1.042
[can] backend=detectnet_native no detections
[tag] no detections
[map] motion direction=left speed=0.15 effective_seconds=0.059334754943847656 pose={'x_m': -0.4136185258518697, 'y_m': 0.7711850838449211, 'heading_rad': -2.3769303357751324}
[map] navigate label=bin_docking distance_m=1.734 heading_error_rad=-1.035
[can] backend=detectnet_native no detections
[tag] no detections
[map] motion direction=left speed=0.15 effective_seconds=0.05861306190490723 pose={'x_m': -0.4136185258518697, 'y_m': 0.7711850838449211, 'heading_rad': -2.383324028993357}
[map] navigate label=bin_docking distance_m=1.734 heading_error_rad=-1.029
[can] backend=detectnet_native no detections
[tag] no detections
[map] motion direction=left speed=0.15 effective_seconds=0.05942940711975098 pose={'x_m': -0.4136185258518697, 'y_m': 0.7711850838449211, 'heading_rad': -2.389806771660531}
[map] navigate label=bin_docking distance_m=1.734 heading_error_rad=-1.022
[can] backend=detectnet_native no detections
[tag] no detections
[map] motion direction=left speed=0.15 effective_seconds=0.061571359634399414 pose={'x_m': -0.4136185258518697, 'y_m': 0.7711850838449211, 'heading_rad': -2.396523165101468}
[map] navigate label=bin_docking distance_m=1.734 heading_error_rad=-1.016
[can] backend=detectnet_native no detections
[tag] no detections
[map] motion direction=left speed=0.15 effective_seconds=0.05872964859008789 pose={'x_m': -0.4136185258518697, 'y_m': 0.7711850838449211, 'heading_rad': -2.402929575954195}
[map] navigate label=bin_docking distance_m=1.734 heading_error_rad=-1.009
[can] backend=detectnet_native no detections
[tag] no detections
[map] motion direction=left speed=0.15 effective_seconds=0.059403419494628906 pose={'x_m': -0.4136185258518697, 'y_m': 0.7711850838449211, 'heading_rad': -2.4094094838112246}
[map] navigate label=bin_docking distance_m=1.734 heading_error_rad=-1.003
[can] backend=detectnet_native no detections
[tag] no detections
[map] motion direction=left speed=0.15 effective_seconds=0.05930209159851074 pose={'x_m': -0.4136185258518697, 'y_m': 0.7711850838449211, 'heading_rad': -2.415878338509433}
[map] navigate label=bin_docking distance_m=1.734 heading_error_rad=-0.996
[can] backend=detectnet_native no detections
[tag] no detections
[map] motion direction=left speed=0.15 effective_seconds=0.060826778411865234 pose={'x_m': -0.4136185258518697, 'y_m': 0.7711850838449211, 'heading_rad': -2.422513510738609}
[map] navigate label=bin_docking distance_m=1.734 heading_error_rad=-0.990
[can] backend=detectnet_native no detections
[tag] no detections
[map] motion direction=left speed=0.15 effective_seconds=0.06200408935546875 pose={'x_m': -0.4136185258518697, 'y_m': 0.7711850838449211, 'heading_rad': -2.42927710766957}
[map] navigate label=bin_docking distance_m=1.734 heading_error_rad=-0.983
[can] backend=detectnet_native no detections
[tag] no detections
[map] motion direction=left speed=0.15 effective_seconds=0.05861306190490723 pose={'x_m': -0.4136185258518697, 'y_m': 0.7711850838449211, 'heading_rad': -2.4356708008877948}
[map] navigate label=bin_docking distance_m=1.734 heading_error_rad=-0.977
[can] backend=detectnet_native no detections
[tag] no detections
[map] motion direction=left speed=0.15 effective_seconds=0.06079578399658203 pose={'x_m': -0.4136185258518697, 'y_m': 0.7711850838449211, 'heading_rad': -2.442302592150743}
[map] navigate label=bin_docking distance_m=1.734 heading_error_rad=-0.970
[can] backend=detectnet_native no detections
[tag] no detections
[map] motion direction=left speed=0.15 effective_seconds=0.05722928047180176 pose={'x_m': -0.4136185258518697, 'y_m': 0.7711850838449211, 'heading_rad': -2.4485453382306197}
[map] navigate label=bin_docking distance_m=1.734 heading_error_rad=-0.964
[can] backend=detectnet_native no detections
[tag] no detections
[map] motion direction=left speed=0.15 effective_seconds=0.059899330139160156 pose={'x_m': -0.4136185258518697, 'y_m': 0.7711850838449211, 'heading_rad': -2.4550793415472913}
[map] navigate label=bin_docking distance_m=1.734 heading_error_rad=-0.957
[can] backend=detectnet_native no detections
[tag] no detections
[map] motion direction=left speed=0.15 effective_seconds=0.05933213233947754 pose={'x_m': -0.4136185258518697, 'y_m': 0.7711850838449211, 'heading_rad': -2.461551473181997}
[map] navigate label=bin_docking distance_m=1.734 heading_error_rad=-0.951
[can] backend=detectnet_native no detections
[tag] no detections
[map] motion direction=left speed=0.15 effective_seconds=0.06175827980041504 pose={'x_m': -0.4136185258518697, 'y_m': 0.7711850838449211, 'heading_rad': -2.46828825645003}
[map] navigate label=bin_docking distance_m=1.734 heading_error_rad=-0.944
[can] backend=detectnet_native no detections
[tag] no detections
[map] motion direction=left speed=0.15 effective_seconds=0.06005740165710449 pose={'x_m': -0.4136185258518697, 'y_m': 0.7711850838449211, 'heading_rad': -2.4748395026944627}
[map] navigate label=bin_docking distance_m=1.734 heading_error_rad=-0.937
[can] backend=detectnet_native no detections
[tag] no detections
[map] motion direction=left speed=0.15 effective_seconds=0.05912518501281738 pose={'x_m': -0.4136185258518697, 'y_m': 0.7711850838449211, 'heading_rad': -2.4812890598777413}
[map] navigate label=bin_docking distance_m=1.734 heading_error_rad=-0.931
[can] backend=detectnet_native no detections
[tag] no detections
[map] motion direction=left speed=0.15 effective_seconds=0.057707786560058594 pose={'x_m': -0.4136185258518697, 'y_m': 0.7711850838449211, 'heading_rad': -2.4875840028746863}
[map] navigate label=bin_docking distance_m=1.734 heading_error_rad=-0.925
[can] backend=detectnet_native no detections
[tag] no detections
[map] motion direction=left speed=0.15 effective_seconds=0.057811737060546875 pose={'x_m': -0.4136185258518697, 'y_m': 0.7711850838449211, 'heading_rad': -2.4938902851122102}
[map] navigate label=bin_docking distance_m=1.734 heading_error_rad=-0.918
[can] backend=detectnet_native no detections
[tag] no detections
[map] motion direction=left speed=0.15 effective_seconds=0.05832672119140625 pose={'x_m': -0.4136185258518697, 'y_m': 0.7711850838449211, 'heading_rad': -2.500252743403978}
[map] navigate label=bin_docking distance_m=1.734 heading_error_rad=-0.912
[can] backend=detectnet_native no detections
[tag] no detections
[map] motion direction=left speed=0.15 effective_seconds=0.06045794486999512 pose={'x_m': -0.4136185258518697, 'y_m': 0.7711850838449211, 'heading_rad': -2.506847682135045}
[map] navigate label=bin_docking distance_m=1.734 heading_error_rad=-0.905
[can] backend=detectnet_native no detections
[tag] no detections
[map] motion direction=left speed=0.15 effective_seconds=0.05722641944885254 pose={'x_m': -0.4136185258518697, 'y_m': 0.7711850838449211, 'heading_rad': -2.5130901161257317}
[map] navigate label=bin_docking distance_m=1.734 heading_error_rad=-0.899
[can] backend=detectnet_native no detections
[tag] no detections
[map] motion direction=left speed=0.15 effective_seconds=0.05984616279602051 pose={'x_m': -0.4136185258518697, 'y_m': 0.7711850838449211, 'heading_rad': -2.5196183197849513}
[map] navigate label=bin_docking distance_m=1.734 heading_error_rad=-0.893
[can] backend=detectnet_native no detections
[tag] no detections
[map] motion direction=left speed=0.15 effective_seconds=0.060620784759521484 pose={'x_m': -0.4136185258518697, 'y_m': 0.7711850838449211, 'heading_rad': -2.5262310215924297}
[map] navigate label=bin_docking distance_m=1.734 heading_error_rad=-0.886
[can] backend=detectnet_native no detections
[tag] no detections
[map] motion direction=left speed=0.15 effective_seconds=0.061537742614746094 pose={'x_m': -0.4136185258518697, 'y_m': 0.7711850838449211, 'heading_rad': -2.532943747985381}
[map] navigate label=bin_docking distance_m=1.734 heading_error_rad=-0.879
[can] backend=detectnet_native no detections
[tag] no detections
[map] motion direction=left speed=0.15 effective_seconds=0.05948495864868164 pose={'x_m': -0.4136185258518697, 'y_m': 0.7711850838449211, 'heading_rad': -2.5394325503843325}
[map] navigate label=bin_docking distance_m=1.734 heading_error_rad=-0.873
[can] backend=detectnet_native no detections
[tag] no detections
[map] motion direction=left speed=0.15 effective_seconds=0.05934429168701172 pose={'x_m': -0.4136185258518697, 'y_m': 0.7711850838449211, 'heading_rad': -2.545906008398097}
[map] navigate label=bin_docking distance_m=1.734 heading_error_rad=-0.866
[can] backend=detectnet_native no detections
[tag] no detections
[map] motion direction=left speed=0.15 effective_seconds=0.06055569648742676 pose={'x_m': -0.4136185258518697, 'y_m': 0.7711850838449211, 'heading_rad': -2.5525116101764973}
[map] navigate label=bin_docking distance_m=1.734 heading_error_rad=-0.860
[can] backend=detectnet_native no detections
[tag] no detections
[map] motion direction=left speed=0.15 effective_seconds=0.060334205627441406 pose={'x_m': -0.4136185258518697, 'y_m': 0.7711850838449211, 'heading_rad': -2.559093051050086}
[map] navigate label=bin_docking distance_m=1.734 heading_error_rad=-0.853
[can] backend=detectnet_native no detections
[tag] no detections
[map] motion direction=left speed=0.15 effective_seconds=0.06158638000488281 pose={'x_m': -0.4136185258518697, 'y_m': 0.7711850838449211, 'heading_rad': -2.5658110829592715}
[map] navigate label=bin_docking distance_m=1.734 heading_error_rad=-0.846
[can] backend=detectnet_native no detections
[tag] no detections
[map] motion direction=left speed=0.15 effective_seconds=0.05906486511230469 pose={'x_m': -0.4136185258518697, 'y_m': 0.7711850838449211, 'heading_rad': -2.5722540602621224}
[map] navigate label=bin_docking distance_m=1.734 heading_error_rad=-0.840
[can] backend=detectnet_native no detections
[tag] no detections
[map] motion direction=left speed=0.15 effective_seconds=0.059339046478271484 pose={'x_m': -0.4136185258518697, 'y_m': 0.7711850838449211, 'heading_rad': -2.5787269461123716}
[map] navigate label=bin_docking distance_m=1.734 heading_error_rad=-0.833
[can] backend=detectnet_native no detections
[tag] no detections
[map] motion direction=left speed=0.15 effective_seconds=0.05957603454589844 pose={'x_m': -0.4136185258518697, 'y_m': 0.7711850838449211, 'heading_rad': -2.585225683350546}
[map] navigate label=bin_docking distance_m=1.734 heading_error_rad=-0.827
[can] backend=detectnet_native no detections
[tag] no detections
[map] motion direction=left speed=0.15 effective_seconds=0.06084012985229492 pose={'x_m': -0.4136185258518697, 'y_m': 0.7711850838449211, 'heading_rad': -2.5918623119959427}
[map] navigate label=bin_docking distance_m=1.734 heading_error_rad=-0.820
[can] backend=detectnet_native no detections
[tag] no detections
[map] motion direction=left speed=0.15 effective_seconds=0.05858492851257324 pose={'x_m': -0.4136185258518697, 'y_m': 0.7711850838449211, 'heading_rad': -2.59825293633713}
[map] navigate label=bin_docking distance_m=1.734 heading_error_rad=-0.814
[can] backend=detectnet_native no detections
[tag] no detections
[map] motion direction=left speed=0.15 effective_seconds=0.05834698677062988 pose={'x_m': -0.4136185258518697, 'y_m': 0.7711850838449211, 'heading_rad': -2.604617605260662}
[map] navigate label=bin_docking distance_m=1.734 heading_error_rad=-0.808
[can] backend=detectnet_native no detections
[tag] no detections
[map] motion direction=left speed=0.15 effective_seconds=0.05986380577087402 pose={'x_m': -0.4136185258518697, 'y_m': 0.7711850838449211, 'heading_rad': -2.6111477334698883}
[map] navigate label=bin_docking distance_m=1.734 heading_error_rad=-0.801
[can] backend=detectnet_native no detections
[tag] no detections
[map] motion direction=left speed=0.15 effective_seconds=0.05787968635559082 pose={'x_m': -0.4136185258518697, 'y_m': 0.7711850838449211, 'heading_rad': -2.6174614278256807}
[map] navigate label=bin_docking distance_m=1.734 heading_error_rad=-0.795
[can] backend=detectnet_native no detections
[tag] no detections
[map] motion direction=left speed=0.15 effective_seconds=0.060274362564086914 pose={'x_m': -0.4136185258518697, 'y_m': 0.7711850838449211, 'heading_rad': -2.624036340833707}
[map] navigate label=bin_docking distance_m=1.734 heading_error_rad=-0.788
[can] backend=detectnet_native no detections
[tag] no detections
[map] motion direction=left speed=0.15 effective_seconds=0.057507991790771484 pose={'x_m': -0.4136185258518697, 'y_m': 0.7711850838449211, 'heading_rad': -2.6303094896022}
[map] navigate label=bin_docking distance_m=1.734 heading_error_rad=-0.782
[can] backend=detectnet_native no detections
[tag] no detections
[map] motion direction=left speed=0.15 effective_seconds=0.05773520469665527 pose={'x_m': -0.4136185258518697, 'y_m': 0.7711850838449211, 'heading_rad': -2.636607423453885}
[map] navigate label=bin_docking distance_m=1.734 heading_error_rad=-0.776
[can] backend=detectnet_native no detections
[tag] no detections
[map] motion direction=left speed=0.15 effective_seconds=0.0621190071105957 pose={'x_m': -0.4136185258518697, 'y_m': 0.7711850838449211, 'heading_rad': -2.6433835559673207}
[map] navigate label=bin_docking distance_m=1.734 heading_error_rad=-0.769
[can] backend=detectnet_native no detections
[tag] no detections
[map] motion direction=left speed=0.15 effective_seconds=0.05884742736816406 pose={'x_m': -0.4136185258518697, 'y_m': 0.7711850838449211, 'heading_rad': -2.649802814491713}
[map] navigate label=bin_docking distance_m=1.734 heading_error_rad=-0.762
[can] backend=detectnet_native no detections
[tag] no detections
[map] motion direction=left speed=0.15 effective_seconds=0.05941963195800781 pose={'x_m': -0.4136185258518697, 'y_m': 0.7711850838449211, 'heading_rad': -2.656284490854154}
[map] navigate label=bin_docking distance_m=1.734 heading_error_rad=-0.756
[can] backend=detectnet_native no detections
[tag] no detections
[map] motion direction=left speed=0.15 effective_seconds=0.05798673629760742 pose={'x_m': -0.4136185258518697, 'y_m': 0.7711850838449211, 'heading_rad': -2.662609862547148}
[map] navigate label=bin_docking distance_m=1.734 heading_error_rad=-0.750
[can] backend=detectnet_native no detections
[tag] no detections
[map] motion direction=left speed=0.15 effective_seconds=0.0601198673248291 pose={'x_m': -0.4136185258518697, 'y_m': 0.7711850838449211, 'heading_rad': -2.669167922738901}
[map] navigate label=bin_docking distance_m=1.734 heading_error_rad=-0.743
[can] backend=detectnet_native no detections
[tag] no detections
[map] motion direction=left speed=0.15 effective_seconds=0.05959916114807129 pose={'x_m': -0.4136185258518697, 'y_m': 0.7711850838449211, 'heading_rad': -2.6756691826980297}
[map] navigate label=bin_docking distance_m=1.734 heading_error_rad=-0.737
[can] backend=detectnet_native no detections
[tag] no detections
[map] motion direction=left speed=0.15 effective_seconds=0.06141924858093262 pose={'x_m': -0.4136185258518697, 'y_m': 0.7711850838449211, 'heading_rad': -2.6823689833970183}
[map] navigate label=bin_docking distance_m=1.734 heading_error_rad=-0.730
[can] backend=detectnet_native no detections
[tag] no detections
[map] motion direction=left speed=0.15 effective_seconds=0.05772733688354492 pose={'x_m': -0.4136185258518697, 'y_m': 0.7711850838449211, 'heading_rad': -2.68866605900343}
[map] navigate label=bin_docking distance_m=1.734 heading_error_rad=-0.724
[can] backend=detectnet_native no detections
[tag] no detections
[map] motion direction=left speed=0.15 effective_seconds=0.05984687805175781 pose={'x_m': -0.4136185258518697, 'y_m': 0.7711850838449211, 'heading_rad': -2.6951943406849477}
[map] navigate label=bin_docking distance_m=1.734 heading_error_rad=-0.717
[can] backend=detectnet_native no detections
[tag] no detections
[map] motion direction=left speed=0.15 effective_seconds=0.06020808219909668 pose={'x_m': -0.4136185258518697, 'y_m': 0.7711850838449211, 'heading_rad': -2.7017620236267335}
[map] navigate label=bin_docking distance_m=1.734 heading_error_rad=-0.710
[can] backend=detectnet_native no detections
[tag] no detections
[map] motion direction=left speed=0.15 effective_seconds=0.06115889549255371 pose={'x_m': -0.4136185258518697, 'y_m': 0.7711850838449211, 'heading_rad': -2.70843342420941}
[map] navigate label=bin_docking distance_m=1.734 heading_error_rad=-0.704
[can] backend=detectnet_native no detections
[tag] no detections
[map] motion direction=left speed=0.15 effective_seconds=0.05964255332946777 pose={'x_m': -0.4136185258518697, 'y_m': 0.7711850838449211, 'heading_rad': -2.7149394175212573}
[map] navigate label=bin_docking distance_m=1.734 heading_error_rad=-0.697
[can] backend=detectnet_native no detections
[tag] no detections
[map] motion direction=left speed=0.15 effective_seconds=0.0565185546875 pose={'x_m': -0.4136185258518697, 'y_m': 0.7711850838449211, 'heading_rad': -2.721104635444791}
[map] navigate label=bin_docking distance_m=1.734 heading_error_rad=-0.691
[can] backend=detectnet_native no detections
[tag] no detections
[map] motion direction=left speed=0.15 effective_seconds=0.05678510665893555 pose={'x_m': -0.4136185258518697, 'y_m': 0.7711850838449211, 'heading_rad': -2.7272989296778825}
[map] navigate label=bin_docking distance_m=1.734 heading_error_rad=-0.685
[can] backend=detectnet_native no detections
[tag] no detections
[map] motion direction=left speed=0.15 effective_seconds=0.05971193313598633 pose={'x_m': -0.4136185258518697, 'y_m': 0.7711850838449211, 'heading_rad': -2.733812491152593}
[map] navigate label=bin_docking distance_m=1.734 heading_error_rad=-0.678
[can] backend=detectnet_native no detections
[tag] no detections
[map] motion direction=left speed=0.15 effective_seconds=0.06172895431518555 pose={'x_m': -0.4136185258518697, 'y_m': 0.7711850838449211, 'heading_rad': -2.7405460755064257}
[map] navigate label=bin_docking distance_m=1.734 heading_error_rad=-0.672
[can] backend=detectnet_native no detections
[tag] no detections
[map] motion direction=left speed=0.15 effective_seconds=0.05713367462158203 pose={'x_m': -0.4136185258518697, 'y_m': 0.7711850838449211, 'heading_rad': -2.746778392605862}
[map] navigate label=bin_docking distance_m=1.734 heading_error_rad=-0.665
[can] backend=detectnet_native no detections
[tag] no detections
[map] motion direction=left speed=0.15 effective_seconds=0.05740666389465332 pose={'x_m': -0.4136185258518697, 'y_m': 0.7711850838449211, 'heading_rad': -2.753040488215534}
[map] navigate label=bin_docking distance_m=1.734 heading_error_rad=-0.659
[can] backend=detectnet_native no detections
[tag] no detections
[map] motion direction=left speed=0.15 effective_seconds=0.05719757080078125 pose={'x_m': -0.4136185258518697, 'y_m': 0.7711850838449211, 'heading_rad': -2.7592797753068856}
[map] navigate label=bin_docking distance_m=1.734 heading_error_rad=-0.653
[can] backend=detectnet_native no detections
[tag] no detections
[map] motion direction=left speed=0.15 effective_seconds=0.05997443199157715 pose={'x_m': -0.4136185258518697, 'y_m': 0.7711850838449211, 'heading_rad': -2.7658219709648013}
[map] navigate label=bin_docking distance_m=1.734 heading_error_rad=-0.646
[can] backend=detectnet_native no detections
[tag] no detections
[map] motion direction=left speed=0.15 effective_seconds=0.05901455879211426 pose={'x_m': -0.4136185258518697, 'y_m': 0.7711850838449211, 'heading_rad': -2.77225946069939}
[map] navigate label=bin_docking distance_m=1.734 heading_error_rad=-0.640
[can] backend=detectnet_native no detections
[tag] no detections
[map] motion direction=left speed=0.15 effective_seconds=0.05823779106140137 pose={'x_m': -0.4136185258518697, 'y_m': 0.7711850838449211, 'heading_rad': -2.778612218218828}
[map] navigate label=bin_docking distance_m=1.734 heading_error_rad=-0.634
[can] backend=detectnet_native no detections
[tag] no detections
[map] motion direction=left speed=0.15 effective_seconds=0.05801558494567871 pose={'x_m': -0.4136185258518697, 'y_m': 0.7711850838449211, 'heading_rad': -2.784940736811157}
[map] navigate label=bin_docking distance_m=1.734 heading_error_rad=-0.627
[can] backend=detectnet_native no detections
[tag] no detections
[map] motion direction=left speed=0.15 effective_seconds=0.05961942672729492 pose={'x_m': -0.4136185258518697, 'y_m': 0.7711850838449211, 'heading_rad': -2.79144420740205}
[map] navigate label=bin_docking distance_m=1.734 heading_error_rad=-0.621
[can] backend=detectnet_native no detections
[tag] no detections
[map] motion direction=left speed=0.15 effective_seconds=0.05898475646972656 pose={'x_m': -0.4136185258518697, 'y_m': 0.7711850838449211, 'heading_rad': -2.797878446207574}
[map] navigate label=bin_docking distance_m=1.734 heading_error_rad=-0.614
[can] backend=detectnet_native no detections
[tag] no detections
[map] motion direction=left speed=0.15 effective_seconds=0.059175729751586914 pose={'x_m': -0.4136185258518697, 'y_m': 0.7711850838449211, 'heading_rad': -2.8043335169665466}
[map] navigate label=bin_docking distance_m=1.734 heading_error_rad=-0.608
[can] backend=detectnet_native no detections
[tag] no detections
[map] motion direction=left speed=0.15 effective_seconds=0.05999922752380371 pose={'x_m': -0.4136185258518697, 'y_m': 0.7711850838449211, 'heading_rad': -2.8108784173974444}
[map] navigate label=bin_docking distance_m=1.734 heading_error_rad=-0.601
[can] backend=detectnet_native no detections
[tag] no detections
[map] motion direction=left speed=0.15 effective_seconds=0.059668540954589844 pose={'x_m': -0.4136185258518697, 'y_m': 0.7711850838449211, 'heading_rad': -2.8173872455194364}
[map] navigate label=bin_docking distance_m=1.734 heading_error_rad=-0.595
[can] backend=detectnet_native no detections
[tag] no detections
[map] motion direction=left speed=0.15 effective_seconds=0.05769801139831543 pose={'x_m': -0.4136185258518697, 'y_m': 0.7711850838449211, 'heading_rad': -2.823681122211648}
[map] navigate label=bin_docking distance_m=1.734 heading_error_rad=-0.589
[can] backend=detectnet_native no detections
[tag] no detections
[map] motion direction=left speed=0.15 effective_seconds=0.05920052528381348 pose={'x_m': -0.4136185258518697, 'y_m': 0.7711850838449211, 'heading_rad': -2.830138897743603}
[map] navigate label=bin_docking distance_m=1.734 heading_error_rad=-0.582
[can] backend=detectnet_native no detections
[tag] no detections
[map] motion direction=left speed=0.15 effective_seconds=0.057671546936035156 pose={'x_m': -0.4136185258518697, 'y_m': 0.7711850838449211, 'heading_rad': -2.8364298876108047}
[map] navigate label=bin_docking distance_m=1.734 heading_error_rad=-0.576
[can] backend=detectnet_native no detections
[tag] no detections
[map] motion direction=left speed=0.15 effective_seconds=0.06056332588195801 pose={'x_m': -0.4136185258518697, 'y_m': 0.7711850838449211, 'heading_rad': -2.8430363216270456}
[map] navigate label=bin_docking distance_m=1.734 heading_error_rad=-0.569
[can] backend=detectnet_native no detections
[tag] no detections
[map] motion direction=left speed=0.15 effective_seconds=0.06082773208618164 pose={'x_m': -0.4136185258518697, 'y_m': 0.7711850838449211, 'heading_rad': -2.8496715978859513}
[map] navigate label=bin_docking distance_m=1.734 heading_error_rad=-0.563
[can] backend=detectnet_native no detections
[tag] no detections
[map] motion direction=left speed=0.15 effective_seconds=0.057109832763671875 pose={'x_m': -0.4136185258518697, 'y_m': 0.7711850838449211, 'heading_rad': -2.8559013142421357}
[map] navigate label=bin_docking distance_m=1.734 heading_error_rad=-0.556
[can] backend=detectnet_native no detections
[tag] no detections
[map] motion direction=left speed=0.15 effective_seconds=0.06202888488769531 pose={'x_m': -0.4136185258518697, 'y_m': 0.7711850838449211, 'heading_rad': -2.8626676159460787}
[map] navigate label=bin_docking distance_m=1.734 heading_error_rad=-0.550
[can] backend=detectnet_native no detections
[tag] no detections
[map] motion direction=left speed=0.15 effective_seconds=0.056632041931152344 pose={'x_m': -0.4136185258518697, 'y_m': 0.7711850838449211, 'heading_rad': -2.868845213407492}
[map] navigate label=bin_docking distance_m=1.734 heading_error_rad=-0.543
[can] backend=detectnet_native no detections
[tag] no detections
[map] motion direction=left speed=0.15 effective_seconds=0.06040167808532715 pose={'x_m': -0.4136185258518697, 'y_m': 0.7711850838449211, 'heading_rad': -2.875434014384484}
[map] navigate label=bin_docking distance_m=1.734 heading_error_rad=-0.537
[can] backend=detectnet_native no detections
[tag] no detections
[map] motion direction=left speed=0.15 effective_seconds=0.057544708251953125 pose={'x_m': -0.4136185258518697, 'y_m': 0.7711850838449211, 'heading_rad': -2.8817111682975853}
[map] navigate label=bin_docking distance_m=1.734 heading_error_rad=-0.530
[can] backend=detectnet_native no detections
[tag] no detections
[map] motion direction=left speed=0.15 effective_seconds=0.0574650764465332 pose={'x_m': -0.4136185258518697, 'y_m': 0.7711850838449211, 'heading_rad': -2.887979635728225}
[map] navigate label=bin_docking distance_m=1.734 heading_error_rad=-0.524
[can] backend=detectnet_native no detections
[tag] no detections
[map] motion direction=left speed=0.15 effective_seconds=0.06033039093017578 pose={'x_m': -0.4136185258518697, 'y_m': 0.7711850838449211, 'heading_rad': -2.8945606604828935}
[map] navigate label=bin_docking distance_m=1.734 heading_error_rad=-0.518
[can] backend=detectnet_native no detections
[tag] no detections
[map] motion direction=left speed=0.15 effective_seconds=0.05914449691772461 pose={'x_m': -0.4136185258518697, 'y_m': 0.7711850838449211, 'heading_rad': -2.901012324268206}
[map] navigate label=bin_docking distance_m=1.734 heading_error_rad=-0.511
[can] backend=detectnet_native no detections
[tag] no detections
[map] motion direction=left speed=0.15 effective_seconds=0.06456971168518066 pose={'x_m': -0.4136185258518697, 'y_m': 0.7711850838449211, 'heading_rad': -2.908055787180518}
[map] navigate label=bin_docking distance_m=1.734 heading_error_rad=-0.504
[can] backend=detectnet_native no detections
[tag] no detections
[map] motion direction=left speed=0.15 effective_seconds=0.062381744384765625 pose={'x_m': -0.4136185258518697, 'y_m': 0.7711850838449211, 'heading_rad': -2.9148605798845915}
[map] navigate label=bin_docking distance_m=1.734 heading_error_rad=-0.497
[can] backend=detectnet_native no detections
[tag] no detections
[map] motion direction=left speed=0.15 effective_seconds=0.06080961227416992 pose={'x_m': -0.4136185258518697, 'y_m': 0.7711850838449211, 'heading_rad': -2.921493879578626}
[map] navigate label=bin_docking distance_m=1.734 heading_error_rad=-0.491
[can] backend=detectnet_native no detections
[tag] no detections
[map] motion direction=left speed=0.15 effective_seconds=0.05681872367858887 pose={'x_m': -0.4136185258518697, 'y_m': 0.7711850838449211, 'heading_rad': -2.9276918408597026}
[map] navigate label=bin_docking distance_m=1.734 heading_error_rad=-0.485
[can] backend=detectnet_native no detections
[tag] no detections
[map] motion direction=left speed=0.15 effective_seconds=0.05720877647399902 pose={'x_m': -0.4136185258518697, 'y_m': 0.7711850838449211, 'heading_rad': -2.933932350300383}
[map] navigate label=bin_docking distance_m=1.734 heading_error_rad=-0.478
[can] backend=detectnet_native no detections
[tag] no detections
[map] motion direction=left speed=0.15 effective_seconds=0.06133675575256348 pose={'x_m': -0.4136185258518697, 'y_m': 0.7711850838449211, 'heading_rad': -2.9406231524277198}
[map] navigate label=bin_docking distance_m=1.734 heading_error_rad=-0.472
[can] backend=detectnet_native no detections
[tag] no detections
[map] motion direction=left speed=0.15 effective_seconds=0.056661367416381836 pose={'x_m': -0.4136185258518697, 'y_m': 0.7711850838449211, 'heading_rad': -2.9468039488033333}
[map] navigate label=bin_docking distance_m=1.734 heading_error_rad=-0.465
[can] backend=detectnet_native no detections
[tag] no detections
[map] motion direction=left speed=0.15 effective_seconds=0.05786395072937012 pose={'x_m': -0.4136185258518697, 'y_m': 0.7711850838449211, 'heading_rad': -2.953115926668579}
[map] navigate label=bin_docking distance_m=1.734 heading_error_rad=-0.459
[can] backend=detectnet_native no detections
[tag] no detections
[map] motion direction=left speed=0.15 effective_seconds=0.05857110023498535 pose={'x_m': -0.4136185258518697, 'y_m': 0.7711850838449211, 'heading_rad': -2.95950504257868}
[map] navigate label=bin_docking distance_m=1.734 heading_error_rad=-0.453
[can] backend=detectnet_native no detections
[tag] no detections
[map] motion direction=left speed=0.15 effective_seconds=0.059404850006103516 pose={'x_m': -0.4136185258518697, 'y_m': 0.7711850838449211, 'heading_rad': -2.965985106480305}
[map] navigate label=bin_docking distance_m=1.734 heading_error_rad=-0.446
[can] backend=detectnet_native no detections
[tag] no detections
[map] motion direction=left speed=0.15 effective_seconds=0.05594801902770996 pose={'x_m': -0.4136185258518697, 'y_m': 0.7711850838449211, 'heading_rad': -2.972088088617818}
[map] navigate label=bin_docking distance_m=1.734 heading_error_rad=-0.440
[can] backend=detectnet_native no detections
[tag] no detections
[map] motion direction=left speed=0.15 effective_seconds=0.057633161544799805 pose={'x_m': -0.4136185258518697, 'y_m': 0.7711850838449211, 'heading_rad': -2.978374891288384}
[map] navigate label=bin_docking distance_m=1.734 heading_error_rad=-0.434
[can] backend=detectnet_native no detections
[tag] no detections
[map] motion direction=left speed=0.15 effective_seconds=0.0615537166595459 pose={'x_m': -0.4136185258518697, 'y_m': 0.7711850838449211, 'heading_rad': -2.9850893601793143}
[map] navigate label=bin_docking distance_m=1.734 heading_error_rad=-0.427
[can] backend=detectnet_native no detections
[tag] no detections
[map] motion direction=left speed=0.15 effective_seconds=0.06257486343383789 pose={'x_m': -0.4136185258518697, 'y_m': 0.7711850838449211, 'heading_rad': -2.991915218903729}
[map] navigate label=bin_docking distance_m=1.734 heading_error_rad=-0.420
[can] backend=detectnet_native no detections
[tag] no detections
[map] motion direction=left speed=0.15 effective_seconds=0.057188987731933594 pose={'x_m': -0.4136185258518697, 'y_m': 0.7711850838449211, 'heading_rad': -2.99815356972751}
[map] navigate label=bin_docking distance_m=1.734 heading_error_rad=-0.414
[can] backend=detectnet_native no detections
[tag] no detections
[map] motion direction=left speed=0.15 effective_seconds=0.05774402618408203 pose={'x_m': -0.4136185258518697, 'y_m': 0.7711850838449211, 'heading_rad': -3.004452465854198}
[map] navigate label=bin_docking distance_m=1.734 heading_error_rad=-0.408
[can] backend=detectnet_native no detections
[tag] no detections
[map] motion direction=left speed=0.15 effective_seconds=0.05984783172607422 pose={'x_m': -0.4136185258518697, 'y_m': 0.7711850838449211, 'heading_rad': -3.0109808515654453}
[map] navigate label=bin_docking distance_m=1.734 heading_error_rad=-0.401
[can] backend=detectnet_native no detections
[tag] no detections
[map] motion direction=left speed=0.15 effective_seconds=0.05859732627868652 pose={'x_m': -0.4136185258518697, 'y_m': 0.7711850838449211, 'heading_rad': -3.017372828293124}
[map] navigate label=bin_docking distance_m=1.734 heading_error_rad=-0.395
[can] backend=detectnet_native no detections
[tag] no detections
[map] motion direction=left speed=0.15 effective_seconds=0.0585637092590332 pose={'x_m': -0.4136185258518697, 'y_m': 0.7711850838449211, 'heading_rad': -3.0237611379728166}
[map] navigate label=bin_docking distance_m=1.734 heading_error_rad=-0.388
[can] backend=detectnet_native no detections
[tag] no detections
[map] motion direction=left speed=0.15 effective_seconds=0.057476043701171875 pose={'x_m': -0.4136185258518697, 'y_m': 0.7711850838449211, 'heading_rad': -3.030030801745352}
[map] navigate label=bin_docking distance_m=1.734 heading_error_rad=-0.382
[can] backend=detectnet_native no detections
[tag] no detections
[map] motion direction=left speed=0.15 effective_seconds=0.05810046195983887 pose={'x_m': -0.4136185258518697, 'y_m': 0.7711850838449211, 'heading_rad': -3.036368578983658}
[map] navigate label=bin_docking distance_m=1.734 heading_error_rad=-0.376
[can] backend=detectnet_native no detections
[tag] no detections
[map] motion direction=left speed=0.15 effective_seconds=0.06323051452636719 pose={'x_m': -0.4136185258518697, 'y_m': 0.7711850838449211, 'heading_rad': -3.0432659581475034}
[map] navigate label=bin_docking distance_m=1.734 heading_error_rad=-0.369
[can] backend=detectnet_native no detections
[tag] no detections
[map] motion direction=left speed=0.15 effective_seconds=0.06050229072570801 pose={'x_m': -0.4136185258518697, 'y_m': 0.7711850838449211, 'heading_rad': -3.049865734261019}
[map] navigate label=bin_docking distance_m=1.734 heading_error_rad=-0.362
[can] backend=detectnet_native no detections
[tag] no detections
[map] motion direction=left speed=0.15 effective_seconds=0.059493303298950195 pose={'x_m': -0.4136185258518697, 'y_m': 0.7711850838449211, 'heading_rad': -3.056355446920109}
[map] navigate label=bin_docking distance_m=1.734 heading_error_rad=-0.356
[can] backend=detectnet_native no detections
[tag] no detections
[map] motion direction=left speed=0.15 effective_seconds=0.05939674377441406 pose={'x_m': -0.4136185258518697, 'y_m': 0.7711850838449211, 'heading_rad': -3.062834626569028}
[map] navigate label=bin_docking distance_m=1.734 heading_error_rad=-0.349
[can] backend=detectnet_native no detections
[tag] no detections
[map] motion direction=left speed=0.15 effective_seconds=0.05934619903564453 pose={'x_m': -0.4136185258518697, 'y_m': 0.7711850838449211, 'heading_rad': -3.0693082926422526}
[map] navigate label=bin_docking distance_m=1.734 heading_error_rad=-0.343
[can] backend=detectnet_native no detections
[tag] no detections
[map] motion direction=left speed=0.15 effective_seconds=0.05980730056762695 pose={'x_m': -0.4136185258518697, 'y_m': 0.7711850838449211, 'heading_rad': -3.0758322570899717}
[map] navigate label=bin_docking distance_m=1.734 heading_error_rad=-0.336
[can] backend=detectnet_native no detections
[tag] no detections
[map] motion direction=left speed=0.15 effective_seconds=0.062123775482177734 pose={'x_m': -0.4136185258518697, 'y_m': 0.7711850838449211, 'heading_rad': -3.0826089097520577}
[map] navigate label=bin_docking distance_m=1.734 heading_error_rad=-0.330
[can] backend=detectnet_native no detections
[tag] no detections
[map] motion direction=left speed=0.15 effective_seconds=0.061794281005859375 pose={'x_m': -0.4136185258518697, 'y_m': 0.7711850838449211, 'heading_rad': -3.089349620142401}
[map] navigate label=bin_docking distance_m=1.734 heading_error_rad=-0.323
[can] backend=detectnet_native no detections
[tag] no detections
[map] motion direction=left speed=0.15 effective_seconds=0.058174848556518555 pose={'x_m': -0.4136185258518697, 'y_m': 0.7711850838449211, 'heading_rad': -3.0956955116996534}
[map] navigate label=bin_docking distance_m=1.734 heading_error_rad=-0.317
[can] backend=detectnet_native no detections
[tag] no detections
[map] motion direction=left speed=0.15 effective_seconds=0.0588531494140625 pose={'x_m': -0.4136185258518697, 'y_m': 0.7711850838449211, 'heading_rad': -3.1021153944024262}
[map] navigate label=bin_docking distance_m=1.734 heading_error_rad=-0.310
[can] backend=detectnet_native no detections
[tag] no detections
[map] motion direction=left speed=0.15 effective_seconds=0.06160926818847656 pose={'x_m': -0.4136185258518697, 'y_m': 0.7711850838449211, 'heading_rad': -3.1088359230251337}
[map] navigate label=bin_docking distance_m=1.734 heading_error_rad=-0.303
[can] backend=detectnet_native no detections
[tag] no detections
[map] motion direction=left speed=0.15 effective_seconds=0.061362266540527344 pose={'x_m': -0.4136185258518697, 'y_m': 0.7711850838449211, 'heading_rad': -3.11552950794775}
[map] navigate label=bin_docking distance_m=1.734 heading_error_rad=-0.297
[can] backend=detectnet_native no detections
[tag] no detections
[map] motion direction=left speed=0.15 effective_seconds=0.06272578239440918 pose={'x_m': -0.4136185258518697, 'y_m': 0.7711850838449211, 'heading_rad': -3.12237182937695}
[map] navigate label=bin_docking distance_m=1.734 heading_error_rad=-0.290
[can] backend=detectnet_native no detections
[tag] no detections
[map] motion direction=left speed=0.15 effective_seconds=0.05957961082458496 pose={'x_m': -0.4136185258518697, 'y_m': 0.7711850838449211, 'heading_rad': -3.128870956726612}
[map] navigate label=bin_docking distance_m=1.734 heading_error_rad=-0.283
[can] backend=detectnet_native no detections
[tag] no detections
[map] motion direction=left speed=0.15 effective_seconds=0.05839657783508301 pose={'x_m': -0.4136185258518697, 'y_m': 0.7711850838449211, 'heading_rad': -3.1352410351961084}
[map] navigate label=bin_docking distance_m=1.734 heading_error_rad=-0.277
[can] backend=detectnet_native no detections
[tag] no detections
[map] motion direction=left speed=0.15 effective_seconds=0.0581362247467041 pose={'x_m': -0.4136185258518697, 'y_m': 0.7711850838449211, 'heading_rad': -3.1415827135492926}
[map] navigate label=bin_docking distance_m=1.734 heading_error_rad=-0.271
[can] backend=detectnet_native no detections
[tag] no detections
[map] motion direction=left speed=0.15 effective_seconds=0.06399178504943848 pose={'x_m': -0.4136185258518697, 'y_m': 0.7711850838449211, 'heading_rad': 3.13462217273441}
[map] navigate label=bin_docking distance_m=1.734 heading_error_rad=-0.264
[can] backend=detectnet_native no detections
[tag] no detections
[map] motion direction=left speed=0.15 effective_seconds=0.06338381767272949 pose={'x_m': -0.4136185258518697, 'y_m': 0.7711850838449211, 'heading_rad': 3.1277080707914546}
[map] navigate label=bin_docking distance_m=1.734 heading_error_rad=-0.257
[can] backend=detectnet_native no detections
[tag] no detections
[map] motion direction=left speed=0.15 effective_seconds=0.05841469764709473 pose={'x_m': -0.4136185258518697, 'y_m': 0.7711850838449211, 'heading_rad': 3.1213360157570866}
[map] navigate label=bin_docking distance_m=1.734 heading_error_rad=-0.250
[can] backend=detectnet_native no detections
[tag] no detections
[map] motion direction=left speed=0.15 effective_seconds=0.06064271926879883 pose={'x_m': -0.4136185258518697, 'y_m': 0.7711850838449211, 'heading_rad': 3.1147209212658167}
[map] navigate label=bin_docking distance_m=1.734 heading_error_rad=-0.244
[can] backend=detectnet_native no detections
[tag] no detections
[map] motion direction=left speed=0.15 effective_seconds=0.05868077278137207 pose={'x_m': -0.4136185258518697, 'y_m': 0.7711850838449211, 'heading_rad': 3.1083198419367566}
[map] navigate label=bin_docking distance_m=1.734 heading_error_rad=-0.237
[can] backend=detectnet_native no detections
[tag] no detections
[map] motion direction=left speed=0.15 effective_seconds=0.061971187591552734 pose={'x_m': -0.4136185258518697, 'y_m': 0.7711850838449211, 'heading_rad': 3.101559834031484}
[map] navigate label=bin_docking distance_m=1.734 heading_error_rad=-0.231
[can] backend=detectnet_native no detections
[tag] no detections
[map] motion direction=left speed=0.15 effective_seconds=0.06262040138244629 pose={'x_m': -0.4136185258518697, 'y_m': 0.7711850838449211, 'heading_rad': 3.094729007887458}
[map] navigate label=bin_docking distance_m=1.734 heading_error_rad=-0.224
[can] backend=detectnet_native no detections
[tag] no detections
[map] motion direction=left speed=0.15 effective_seconds=0.06005549430847168 pose={'x_m': -0.4136185258518697, 'y_m': 0.7711850838449211, 'heading_rad': 3.0881779697024854}
[map] navigate label=bin_docking distance_m=1.734 heading_error_rad=-0.217
[can] backend=detectnet_native no detections
[tag] no detections
[map] motion direction=left speed=0.15 effective_seconds=0.058280229568481445 pose={'x_m': -0.4136185258518697, 'y_m': 0.7711850838449211, 'heading_rad': 3.0818205828600593}
[map] navigate label=bin_docking distance_m=1.734 heading_error_rad=-0.211
[can] backend=detectnet_native no detections
[tag] no detections
[map] motion direction=left speed=0.15 effective_seconds=0.05875253677368164 pose={'x_m': -0.4136185258518697, 'y_m': 0.7711850838449211, 'heading_rad': 3.07541167529381}
[map] navigate label=bin_docking distance_m=1.734 heading_error_rad=-0.204
[can] backend=detectnet_native no detections
[tag] no detections
[map] motion direction=left speed=0.15 effective_seconds=0.06341409683227539 pose={'x_m': -0.4136185258518697, 'y_m': 0.7711850838449211, 'heading_rad': 3.068494270406924}
[map] navigate label=bin_docking distance_m=1.734 heading_error_rad=-0.198
[can] backend=detectnet_native no detections
[tag] no detections
[map] motion direction=left speed=0.15 effective_seconds=0.05951952934265137 pose={'x_m': -0.4136185258518697, 'y_m': 0.7711850838449211, 'heading_rad': 3.062001696930257}
[map] navigate label=bin_docking distance_m=1.734 heading_error_rad=-0.191
[can] backend=detectnet_native no detections
[tag] no detections
[map] motion direction=left speed=0.15 effective_seconds=0.06052756309509277 pose={'x_m': -0.4136185258518697, 'y_m': 0.7711850838449211, 'heading_rad': 3.055399164028895}
[map] navigate label=bin_docking distance_m=1.734 heading_error_rad=-0.184
[can] backend=detectnet_native no detections
[tag] no detections
[map] motion direction=left speed=0.15 effective_seconds=0.06288933753967285 pose={'x_m': -0.4136185258518697, 'y_m': 0.7711850838449211, 'heading_rad': 3.048539001500986}
[map] navigate label=bin_docking distance_m=1.734 heading_error_rad=-0.178
[can] backend=detectnet_native no detections
[tag] no detections
[map] motion direction=left speed=0.15 effective_seconds=0.056308746337890625 pose={'x_m': -0.4136185258518697, 'y_m': 0.7711850838449211, 'heading_rad': 3.0423966701180696}
[map] navigate label=bin_docking distance_m=1.734 heading_error_rad=-0.171
[can] backend=detectnet_native no detections
[tag] no detections
[map] motion direction=left speed=0.15 effective_seconds=0.06107831001281738 pose={'x_m': -0.4136185258518697, 'y_m': 0.7711850838449211, 'heading_rad': 3.0357340600475844}
[map] navigate label=bin_docking distance_m=1.734 heading_error_rad=-0.165
[can] backend=detectnet_native no detections
[tag] no detections
[map] motion direction=left speed=0.15 effective_seconds=0.06026721000671387 pose={'x_m': -0.4136185258518697, 'y_m': 0.7711850838449211, 'heading_rad': 3.0291599272625334}
[map] navigate label=bin_docking distance_m=1.734 heading_error_rad=-0.158
[can] backend=detectnet_native no detections
[tag] no detections
[map] motion direction=left speed=0.15 effective_seconds=0.06123065948486328 pose={'x_m': -0.4136185258518697, 'y_m': 0.7711850838449211, 'heading_rad': 3.022480698442668}
[map] navigate label=bin_docking distance_m=1.734 heading_error_rad=-0.152
[can] backend=detectnet_native no detections
[tag] no detections
[map] motion direction=left speed=0.15 effective_seconds=0.06234240531921387 pose={'x_m': -0.4136185258518697, 'y_m': 0.7711850838449211, 'heading_rad': 3.0156801969649605}
[map] navigate label=bin_docking distance_m=1.734 heading_error_rad=-0.145
[can] backend=detectnet_native no detections
[tag] no detections
[map] motion direction=left speed=0.15 effective_seconds=0.06247210502624512 pose={'x_m': -0.4136185258518697, 'y_m': 0.7711850838449211, 'heading_rad': 3.0088655474439623}
[map] navigate label=bin_docking distance_m=1.734 heading_error_rad=-0.138
[can] backend=detectnet_native no detections
[tag] no detections
[map] motion direction=left speed=0.15 effective_seconds=0.06132698059082031 pose={'x_m': -0.4136185258518697, 'y_m': 0.7711850838449211, 'heading_rad': 3.002175811621359}
[map] navigate label=bin_docking distance_m=1.734 heading_error_rad=-0.131
[can] backend=detectnet_native no detections
[tag] no detections
[map] motion direction=left speed=0.15 effective_seconds=0.06047368049621582 pose={'x_m': -0.4136185258518697, 'y_m': 0.7711850838449211, 'heading_rad': 2.995579156399746}
[map] navigate label=bin_docking distance_m=1.734 heading_error_rad=-0.125
[can] backend=detectnet_native no detections
[tag] no detections
[map] motion direction=left speed=0.15 effective_seconds=0.05972480773925781 pose={'x_m': -0.4136185258518697, 'y_m': 0.7711850838449211, 'heading_rad': 2.9890641905236794}
[map] navigate label=bin_docking distance_m=1.734 heading_error_rad=-0.118
[map] motion direction=left speed=0.15 effective_seconds=0.01683354377746582 pose={'x_m': -0.4136185258518697, 'y_m': 0.7711850838449211, 'heading_rad': 2.9872279357505835}
[base] continuous stop label=map_turn_bin_docking elapsed=0.017s
[base] stop
[base] continuous start label=map_forward_bin_docking direction=forward requested_speed=0.2 effective_speed=0.2
[can] backend=detectnet_native no detections
[tag] no detections
[map] motion direction=forward speed=0.2 effective_seconds=0.06284213066101074 pose={'x_m': -0.4133045066742875, 'y_m': 0.7691669995812964, 'heading_rad': 2.9872279357505835}
[map] navigate label=bin_docking distance_m=1.732 heading_error_rad=-0.116
[can] backend=detectnet_native no detections
[tag] no detections
[map] motion direction=forward speed=0.2 effective_seconds=0.06104421615600586 pose={'x_m': -0.41299947159110634, 'y_m': 0.7672066527452817, 'heading_rad': 2.9872279357505835}
[map] navigate label=bin_docking distance_m=1.730 heading_error_rad=-0.117
[can] backend=detectnet_native no detections
[tag] no detections
[map] motion direction=forward speed=0.2 effective_seconds=0.06471467018127441 pose={'x_m': -0.4126760954214241, 'y_m': 0.7651284345794626, 'heading_rad': 2.9872279357505835}
[map] navigate label=bin_docking distance_m=1.728 heading_error_rad=-0.117
[can] backend=detectnet_native no detections
[tag] no detections
[map] motion direction=forward speed=0.2 effective_seconds=0.06113767623901367 pose={'x_m': -0.41237059332259446, 'y_m': 0.763165086407866, 'heading_rad': 2.9872279357505835}
[map] navigate label=bin_docking distance_m=1.726 heading_error_rad=-0.117
[can] backend=detectnet_native no detections
[tag] no detections
[map] motion direction=forward speed=0.2 effective_seconds=0.0628204345703125 pose={'x_m': -0.4120566825593592, 'y_m': 0.7611476988828585, 'heading_rad': 2.9872279357505835}
[map] navigate label=bin_docking distance_m=1.724 heading_error_rad=-0.117
[can] backend=detectnet_native no detections
[tag] no detections
[map] motion direction=forward speed=0.2 effective_seconds=0.060375213623046875 pose={'x_m': -0.41175499045043734, 'y_m': 0.7592088360969529, 'heading_rad': 2.9872279357505835}
[map] navigate label=bin_docking distance_m=1.722 heading_error_rad=-0.117
[can] backend=detectnet_native no detections
[tag] no detections
[map] motion direction=forward speed=0.2 effective_seconds=0.06256532669067383 pose={'x_m': -0.41144235444930377, 'y_m': 0.7571996409930492, 'heading_rad': 2.9872279357505835}
[map] navigate label=bin_docking distance_m=1.720 heading_error_rad=-0.117
[can] backend=detectnet_native no detections
[tag] no detections
[map] motion direction=forward speed=0.2 effective_seconds=0.05902886390686035 pose={'x_m': -0.41114738998672634, 'y_m': 0.7553040142837533, 'heading_rad': 2.9872279357505835}
[map] navigate label=bin_docking distance_m=1.718 heading_error_rad=-0.117
[can] backend=detectnet_native no detections
[tag] no detections
[map] motion direction=forward speed=0.2 effective_seconds=0.06495261192321777 pose={'x_m': -0.41082282483332677, 'y_m': 0.7532181549625496, 'heading_rad': 2.9872279357505835}
[map] navigate label=bin_docking distance_m=1.716 heading_error_rad=-0.117
[can] backend=detectnet_native no detections
[tag] no detections
[map] motion direction=forward speed=0.2 effective_seconds=0.06006193161010742 pose={'x_m': -0.41052269817992054, 'y_m': 0.751289352776018, 'heading_rad': 2.9872279357505835}
[map] navigate label=bin_docking distance_m=1.714 heading_error_rad=-0.118
[can] backend=detectnet_native no detections
[tag] no detections
[map] motion direction=forward speed=0.2 effective_seconds=0.05947232246398926 pose={'x_m': -0.4102255177757457, 'y_m': 0.7493794850356448, 'heading_rad': 2.9872279357505835}
[map] navigate label=bin_docking distance_m=1.712 heading_error_rad=-0.118
[can] backend=detectnet_native no detections
[tag] no detections
[map] motion direction=forward speed=0.2 effective_seconds=0.0600132942199707 pose={'x_m': -0.4099256341610953, 'y_m': 0.7474522447686508, 'heading_rad': 2.9872279357505835}
[map] navigate label=bin_docking distance_m=1.710 heading_error_rad=-0.118
[can] backend=detectnet_native no detections
[tag] no detections
[map] motion direction=forward speed=0.2 effective_seconds=0.06011509895324707 pose={'x_m': -0.40962524183297067, 'y_m': 0.7455217351896837, 'heading_rad': 2.9872279357505835}
[map] navigate label=bin_docking distance_m=1.709 heading_error_rad=-0.118
[can] backend=detectnet_native no detections
[tag] no detections
[map] motion direction=forward speed=0.2 effective_seconds=0.06457138061523438 pose={'x_m': -0.409302581674525, 'y_m': 0.7434481185613256, 'heading_rad': 2.9872279357505835}
[map] navigate label=bin_docking distance_m=1.706 heading_error_rad=-0.118
[can] backend=detectnet_native no detections
[tag] no detections
[map] motion direction=forward speed=0.2 effective_seconds=0.06340384483337402 pose={'x_m': -0.40898575563758605, 'y_m': 0.7414119956583363, 'heading_rad': 2.9872279357505835}
[map] navigate label=bin_docking distance_m=1.704 heading_error_rad=-0.118
[can] backend=detectnet_native no detections
[tag] no detections
[map] motion direction=forward speed=0.2 effective_seconds=0.0630042552947998 pose={'x_m': -0.40867092633081764, 'y_m': 0.7393887049962532, 'heading_rad': 2.9872279357505835}
[map] navigate label=bin_docking distance_m=1.702 heading_error_rad=-0.118
[can] backend=detectnet_native no detections
[tag] no detections
[map] motion direction=forward speed=0.2 effective_seconds=0.06346845626831055 pose={'x_m': -0.40835377743357065, 'y_m': 0.7373505071903488, 'heading_rad': 2.9872279357505835}
[map] navigate label=bin_docking distance_m=1.700 heading_error_rad=-0.119
[can] backend=detectnet_native no detections
[tag] no detections
[map] motion direction=forward speed=0.2 effective_seconds=0.059084415435791016 pose={'x_m': -0.4080585353826103, 'y_m': 0.735453096523934, 'heading_rad': 2.9872279357505835}
[map] navigate label=bin_docking distance_m=1.698 heading_error_rad=-0.119
[can] backend=detectnet_native no detections
[tag] no detections
[map] motion direction=forward speed=0.2 effective_seconds=0.06054830551147461 pose={'x_m': -0.40775597834164556, 'y_m': 0.7335086751420272, 'heading_rad': 2.9872279357505835}
[map] navigate label=bin_docking distance_m=1.696 heading_error_rad=-0.119
[can] backend=detectnet_native no detections
[tag] no detections
[map] motion direction=forward speed=0.2 effective_seconds=0.060300588607788086 pose={'x_m': -0.40745465913042267, 'y_m': 0.7315722088307062, 'heading_rad': 2.9872279357505835}
[map] navigate label=bin_docking distance_m=1.694 heading_error_rad=-0.119
[can] backend=detectnet_native no detections
[tag] no detections
[map] motion direction=forward speed=0.2 effective_seconds=0.06220126152038574 pose={'x_m': -0.4071438423458586, 'y_m': 0.7295747051539289, 'heading_rad': 2.9872279357505835}
[map] navigate label=bin_docking distance_m=1.692 heading_error_rad=-0.119
[can] backend=detectnet_native no detections
[tag] no detections
[map] motion direction=forward speed=0.2 effective_seconds=0.06276869773864746 pose={'x_m': -0.406830190109143, 'y_m': 0.7275589790825471, 'heading_rad': 2.9872279357505835}
[map] navigate label=bin_docking distance_m=1.690 heading_error_rad=-0.119
[can] backend=detectnet_native no detections
[tag] no detections
[map] motion direction=forward speed=0.2 effective_seconds=0.05855441093444824 pose={'x_m': -0.4065375964658015, 'y_m': 0.7256785887452103, 'heading_rad': 2.9872279357505835}
[map] navigate label=bin_docking distance_m=1.689 heading_error_rad=-0.119
[can] backend=detectnet_native no detections
[tag] no detections
[map] motion direction=forward speed=0.2 effective_seconds=0.05855894088745117 pose={'x_m': -0.40624498018649746, 'y_m': 0.7237980529349753, 'heading_rad': 2.9872279357505835}
[map] navigate label=bin_docking distance_m=1.687 heading_error_rad=-0.120
[can] backend=detectnet_native no detections
[tag] no detections
[map] motion direction=forward speed=0.2 effective_seconds=0.05878281593322754 pose={'x_m': -0.40595124521409665, 'y_m': 0.7219103277009868, 'heading_rad': 2.9872279357505835}
[map] navigate label=bin_docking distance_m=1.685 heading_error_rad=-0.120
[can] backend=detectnet_native no detections
[tag] no detections
[map] motion direction=forward speed=0.2 effective_seconds=0.05842232704162598 pose={'x_m': -0.4056593115877686, 'y_m': 0.7200341790471, 'heading_rad': 2.9872279357505835}
[map] navigate label=bin_docking distance_m=1.683 heading_error_rad=-0.120
[can] backend=detectnet_native no detections
[tag] no detections
[map] motion direction=forward speed=0.2 effective_seconds=0.060540199279785156 pose={'x_m': -0.4053567950532632, 'y_m': 0.7180900179851162, 'heading_rad': 2.9872279357505835}
[map] navigate label=bin_docking distance_m=1.681 heading_error_rad=-0.120
[can] backend=detectnet_native no detections
[tag] no detections
[map] motion direction=forward speed=0.2 effective_seconds=0.058084726333618164 pose={'x_m': -0.40506654840182865, 'y_m': 0.7162247108903721, 'heading_rad': 2.9872279357505835}
[map] navigate label=bin_docking distance_m=1.679 heading_error_rad=-0.120
[map] motion direction=forward speed=0.2 effective_seconds=0.017171144485473633 pose={'x_m': -0.40498074499871745, 'y_m': 0.7156732843854133, 'heading_rad': 2.9872279357505835}
[base] continuous stop label=map_forward_bin_docking elapsed=0.017s
[base] stop
[base] continuous start label=map_turn_bin_docking direction=left requested_speed=0.15 effective_speed=0.15
[can] backend=detectnet_native no detections
[tag] no detections
[map] motion direction=left speed=0.15 effective_seconds=0.05826687812805176 pose={'x_m': -0.40498074499871745, 'y_m': 0.7156732843854133, 'heading_rad': 2.980872005324379}
[map] navigate label=bin_docking distance_m=1.679 heading_error_rad=-0.114
[map] motion direction=left speed=0.15 effective_seconds=0.017514467239379883 pose={'x_m': -0.40498074499871745, 'y_m': 0.7156732843854133, 'heading_rad': 2.978961473324005}
[base] continuous stop label=map_turn_bin_docking elapsed=0.018s
[base] stop
[base] continuous start label=map_forward_bin_docking direction=forward requested_speed=0.2 effective_speed=0.2
[can] backend=detectnet_native no detections
[tag] no detections
[map] motion direction=forward speed=0.2 effective_seconds=0.058820247650146484 pose={'x_m': -0.4046712184555081, 'y_m': 0.7137868512925262, 'heading_rad': 2.978961473324005}
[map] navigate label=bin_docking distance_m=1.677 heading_error_rad=-0.112
[can] backend=detectnet_native no detections
[tag] no detections
[map] motion direction=forward speed=0.2 effective_seconds=0.06069183349609375 pose={'x_m': -0.40435184316938516, 'y_m': 0.7118403942858165, 'heading_rad': 2.978961473324005}
[map] navigate label=bin_docking distance_m=1.675 heading_error_rad=-0.112
[can] backend=detectnet_native no detections
[tag] no detections
[map] motion direction=forward speed=0.2 effective_seconds=0.059456586837768555 pose={'x_m': -0.4040389680535852, 'y_m': 0.7099335530622296, 'heading_rad': 2.978961473324005}
[map] navigate label=bin_docking distance_m=1.673 heading_error_rad=-0.112
[can] backend=detectnet_native no detections
[tag] no detections
[map] motion direction=forward speed=0.2 effective_seconds=0.06135153770446777 pose={'x_m': -0.40371612124241235, 'y_m': 0.7079659385816922, 'heading_rad': 2.978961473324005}
[map] navigate label=bin_docking distance_m=1.671 heading_error_rad=-0.112
[can] backend=detectnet_native no detections
[tag] no detections
[map] motion direction=forward speed=0.2 effective_seconds=0.06331944465637207 pose={'x_m': -0.40338291882308563, 'y_m': 0.705935211058519, 'heading_rad': 2.978961473324005}
[map] navigate label=bin_docking distance_m=1.669 heading_error_rad=-0.113
[can] backend=detectnet_native no detections
[tag] no detections
[map] motion direction=forward speed=0.2 effective_seconds=0.06336593627929688 pose={'x_m': -0.40304947175345723, 'y_m': 0.7039029924954483, 'heading_rad': 2.978961473324005}
[map] navigate label=bin_docking distance_m=1.667 heading_error_rad=-0.113
[can] backend=detectnet_native no detections
[tag] no detections
[map] motion direction=forward speed=0.2 effective_seconds=0.060054779052734375 pose={'x_m': -0.4027334488037757, 'y_m': 0.7019769665585136, 'heading_rad': 2.978961473324005}
[map] navigate label=bin_docking distance_m=1.665 heading_error_rad=-0.113
[can] backend=detectnet_native no detections
[tag] no detections
[map] motion direction=forward speed=0.2 effective_seconds=0.06026053428649902 pose={'x_m': -0.40241634311968216, 'y_m': 0.7000443418142377, 'heading_rad': 2.978961473324005}
[map] navigate label=bin_docking distance_m=1.663 heading_error_rad=-0.113
[can] backend=detectnet_native no detections
[tag] no detections
[map] motion direction=forward speed=0.2 effective_seconds=0.06124544143676758 pose={'x_m': -0.4020940546130439, 'y_m': 0.69808012996321, 'heading_rad': 2.978961473324005}
[map] navigate label=bin_docking distance_m=1.661 heading_error_rad=-0.113
[can] backend=detectnet_native no detections
[tag] no detections
[map] motion direction=forward speed=0.2 effective_seconds=0.06665825843811035 pose={'x_m': -0.4017432825382063, 'y_m': 0.6959423228363207, 'heading_rad': 2.978961473324005}
[map] navigate label=bin_docking distance_m=1.659 heading_error_rad=-0.113
[can] backend=detectnet_native no detections
[tag] no detections
[map] motion direction=forward speed=0.2 effective_seconds=0.058583736419677734 pose={'x_m': -0.4014350005749931, 'y_m': 0.6940634749310147, 'heading_rad': 2.978961473324005}
[map] navigate label=bin_docking distance_m=1.657 heading_error_rad=-0.113
[can] backend=detectnet_native no detections
[tag] no detections
[map] motion direction=forward speed=0.2 effective_seconds=0.058173418045043945 pose={'x_m': -0.40112887780751927, 'y_m': 0.692197786408599, 'heading_rad': 2.978961473324005}
[map] navigate label=bin_docking distance_m=1.655 heading_error_rad=-0.113
[can] backend=detectnet_native no detections
[tag] no detections
[map] motion direction=forward speed=0.2 effective_seconds=0.05861186981201172 pose={'x_m': -0.40082044779950815, 'y_m': 0.690318036232996, 'heading_rad': 2.978961473324005}
[map] navigate label=bin_docking distance_m=1.653 heading_error_rad=-0.114
[can] backend=detectnet_native no detections
[tag] no detections
[map] motion direction=forward speed=0.2 effective_seconds=0.06189155578613281 pose={'x_m': -0.40049475928098516, 'y_m': 0.6883331027505722, 'heading_rad': 2.978961473324005}
[map] navigate label=bin_docking distance_m=1.651 heading_error_rad=-0.114
[can] backend=detectnet_native no detections
[tag] no detections
[map] motion direction=forward speed=0.2 effective_seconds=0.06142997741699219 pose={'x_m': -0.4001714997008418, 'y_m': 0.6863629726181053, 'heading_rad': 2.978961473324005}
[map] navigate label=bin_docking distance_m=1.649 heading_error_rad=-0.114
[can] backend=detectnet_native no detections
[tag] no detections
[map] motion direction=forward speed=0.2 effective_seconds=0.06391215324401855 pose={'x_m': -0.399835178303823, 'y_m': 0.6843132362478286, 'heading_rad': 2.978961473324005}
[map] navigate label=bin_docking distance_m=1.647 heading_error_rad=-0.114
[can] backend=detectnet_native no detections
[tag] no detections
[map] motion direction=forward speed=0.2 effective_seconds=0.061110496520996094 pose={'x_m': -0.39951359991036806, 'y_m': 0.6823533522356829, 'heading_rad': 2.978961473324005}
[map] navigate label=bin_docking distance_m=1.645 heading_error_rad=-0.114
[can] backend=detectnet_native no detections
[tag] no detections
[map] motion direction=forward speed=0.2 effective_seconds=0.058171987533569336 pose={'x_m': -0.39920748467059586, 'y_m': 0.6804877095914179, 'heading_rad': 2.978961473324005}
[map] navigate label=bin_docking distance_m=1.643 heading_error_rad=-0.114
[can] backend=detectnet_native no detections
[tag] no detections
[map] motion direction=forward speed=0.2 effective_seconds=0.06230425834655762 pose={'x_m': -0.3988796244101641, 'y_m': 0.6784895402625194, 'heading_rad': 2.978961473324005}
[map] navigate label=bin_docking distance_m=1.641 heading_error_rad=-0.114
[can] backend=detectnet_native no detections
[tag] no detections
[map] motion direction=forward speed=0.2 effective_seconds=0.0617222785949707 pose={'x_m': -0.3985548266696626, 'y_m': 0.6765100356945942, 'heading_rad': 2.978961473324005}
[map] navigate label=bin_docking distance_m=1.639 heading_error_rad=-0.115
[can] backend=detectnet_native no detections
[tag] no detections
[map] motion direction=forward speed=0.2 effective_seconds=0.061124563217163086 pose={'x_m': -0.3982331742538087, 'y_m': 0.6745497005473, 'heading_rad': 2.978961473324005}
[map] navigate label=bin_docking distance_m=1.637 heading_error_rad=-0.115
[can] backend=detectnet_native no detections
[tag] no detections
[map] motion direction=forward speed=0.2 effective_seconds=0.05888009071350098 pose={'x_m': -0.39792333280174946, 'y_m': 0.6726613482184423, 'heading_rad': 2.978961473324005}
[map] navigate label=bin_docking distance_m=1.635 heading_error_rad=-0.115
[can] backend=detectnet_native no detections
[tag] no detections
[map] motion direction=forward speed=0.2 effective_seconds=0.06127572059631348 pose={'x_m': -0.3976008849587609, 'y_m': 0.6706961652798916, 'heading_rad': 2.978961473324005}
[map] navigate label=bin_docking distance_m=1.633 heading_error_rad=-0.115
[can] backend=detectnet_native no detections
[tag] no detections
[map] motion direction=forward speed=0.2 effective_seconds=0.06120181083679199 pose={'x_m': -0.39727882604702114, 'y_m': 0.66873335271246, 'heading_rad': 2.978961473324005}
[map] navigate label=bin_docking distance_m=1.631 heading_error_rad=-0.115
[can] backend=detectnet_native no detections
[tag] no detections
[map] motion direction=forward speed=0.2 effective_seconds=0.06095528602600098 pose={'x_m': -0.39695806440918874, 'y_m': 0.6667784464796644, 'heading_rad': 2.978961473324005}
[map] navigate label=bin_docking distance_m=1.629 heading_error_rad=-0.115
[can] backend=detectnet_native no detections
[tag] no detections
[map] motion direction=forward speed=0.2 effective_seconds=0.06347322463989258 pose={'x_m': -0.3966240527619411, 'y_m': 0.6647427870552918, 'heading_rad': 2.978961473324005}
[map] navigate label=bin_docking distance_m=1.627 heading_error_rad=-0.115
[can] backend=detectnet_native no detections
[tag] no detections
[map] motion direction=forward speed=0.2 effective_seconds=0.06200838088989258 pose={'x_m': -0.3962977494811216, 'y_m': 0.6627541068572281, 'heading_rad': 2.978961473324005}
[map] navigate label=bin_docking distance_m=1.625 heading_error_rad=-0.116
[can] backend=detectnet_native no detections
[tag] no detections
[map] motion direction=forward speed=0.2 effective_seconds=0.06063580513000488 pose={'x_m': -0.39597866902997764, 'y_m': 0.6608094467447538, 'heading_rad': 2.978961473324005}
[map] navigate label=bin_docking distance_m=1.623 heading_error_rad=-0.116
[can] backend=detectnet_native no detections
[tag] no detections
[map] motion direction=forward speed=0.2 effective_seconds=0.05998516082763672 pose={'x_m': -0.39566301242844015, 'y_m': 0.6588856535444861, 'heading_rad': 2.978961473324005}
[map] navigate label=bin_docking distance_m=1.621 heading_error_rad=-0.116
[can] backend=detectnet_native no detections
[tag] no detections
[map] motion direction=forward speed=0.2 effective_seconds=0.06514382362365723 pose={'x_m': -0.39532020968035236, 'y_m': 0.6567964160864632, 'heading_rad': 2.978961473324005}
[map] navigate label=bin_docking distance_m=1.619 heading_error_rad=-0.116
[can] backend=detectnet_native no detections
[tag] no detections
[map] motion direction=forward speed=0.2 effective_seconds=0.061095237731933594 pose={'x_m': -0.3949987115823811, 'y_m': 0.6548370214412582, 'heading_rad': 2.978961473324005}
[map] navigate label=bin_docking distance_m=1.617 heading_error_rad=-0.116
[can] backend=detectnet_native no detections
[tag] no detections
[map] motion direction=forward speed=0.2 effective_seconds=0.06203866004943848 pose={'x_m': -0.39467224896521125, 'y_m': 0.6528473701556716, 'heading_rad': 2.978961473324005}
[map] navigate label=bin_docking distance_m=1.615 heading_error_rad=-0.116
[can] backend=detectnet_native no detections
[tag] no detections
[map] motion direction=forward speed=0.2 effective_seconds=0.062177419662475586 pose={'x_m': -0.3943450561609872, 'y_m': 0.6508532686894678, 'heading_rad': 2.978961473324005}
[map] navigate label=bin_docking distance_m=1.613 heading_error_rad=-0.116
[can] backend=detectnet_native no detections
[tag] no detections
[map] motion direction=forward speed=0.2 effective_seconds=0.06238889694213867 pose={'x_m': -0.3940167505115447, 'y_m': 0.64885238490332, 'heading_rad': 2.978961473324005}
[map] navigate label=bin_docking distance_m=1.611 heading_error_rad=-0.117
[can] backend=detectnet_native no detections
[tag] no detections
[map] motion direction=forward speed=0.2 effective_seconds=0.06590437889099121 pose={'x_m': -0.393669945535445, 'y_m': 0.6467387555618456, 'heading_rad': 2.978961473324005}
[map] navigate label=bin_docking distance_m=1.609 heading_error_rad=-0.117
[can] backend=detectnet_native no detections
[tag] no detections
[map] motion direction=forward speed=0.2 effective_seconds=0.059187889099121094 pose={'x_m': -0.393358484372927, 'y_m': 0.6448405317842305, 'heading_rad': 2.978961473324005}
[map] navigate label=bin_docking distance_m=1.607 heading_error_rad=-0.117
[can] backend=detectnet_native no detections
[tag] no detections
[map] motion direction=forward speed=0.2 effective_seconds=0.06119275093078613 pose={'x_m': -0.39303647313663065, 'y_m': 0.64287800977842, 'heading_rad': 2.978961473324005}
[map] navigate label=bin_docking distance_m=1.605 heading_error_rad=-0.117
[can] backend=detectnet_native no detections
[tag] no detections
[map] motion direction=forward speed=0.2 effective_seconds=0.059575796127319336 pose={'x_m': -0.39272297071236484, 'y_m': 0.6409673453756088, 'heading_rad': 2.978961473324005}
[map] navigate label=bin_docking distance_m=1.603 heading_error_rad=-0.117
[can] backend=detectnet_native no detections
[tag] no detections
[map] motion direction=forward speed=0.2 effective_seconds=0.05945277214050293 pose={'x_m': -0.39241011567043577, 'y_m': 0.6390606264937572, 'heading_rad': 2.978961473324005}
[map] navigate label=bin_docking distance_m=1.601 heading_error_rad=-0.117
[can] backend=detectnet_native no detections
[tag] no detections
[map] motion direction=forward speed=0.2 effective_seconds=0.06075263023376465 pose={'x_m': -0.39209042045699527, 'y_m': 0.637112219665643, 'heading_rad': 2.978961473324005}
[map] navigate label=bin_docking distance_m=1.599 heading_error_rad=-0.117
[can] backend=detectnet_native no detections
[tag] no detections
[map] motion direction=forward speed=0.2 effective_seconds=0.0584716796875 pose={'x_m': -0.39178272816373994, 'y_m': 0.6352369655488079, 'heading_rad': 2.978961473324005}
[map] navigate label=bin_docking distance_m=1.598 heading_error_rad=-0.118
[can] backend=detectnet_native no detections
[tag] no detections
[map] motion direction=forward speed=0.2 effective_seconds=0.057164907455444336 pose={'x_m': -0.39148191242588704, 'y_m': 0.6334036211226304, 'heading_rad': 2.978961473324005}
[map] navigate label=bin_docking distance_m=1.596 heading_error_rad=-0.118
[can] backend=detectnet_native no detections
[tag] no detections
[map] motion direction=forward speed=0.2 effective_seconds=0.060355424880981445 pose={'x_m': -0.3911643074042547, 'y_m': 0.6314679531276919, 'heading_rad': 2.978961473324005}
[map] navigate label=bin_docking distance_m=1.594 heading_error_rad=-0.118
[can] backend=detectnet_native no detections
[tag] no detections
[map] motion direction=forward speed=0.2 effective_seconds=0.06049323081970215 pose={'x_m': -0.39084597721403586, 'y_m': 0.62952786553757, 'heading_rad': 2.978961473324005}
[map] navigate label=bin_docking distance_m=1.592 heading_error_rad=-0.118
[can] backend=detectnet_native no detections
[tag] no detections
[map] motion direction=forward speed=0.2 effective_seconds=0.060167551040649414 pose={'x_m': -0.3905293608305457, 'y_m': 0.6275982228730891, 'heading_rad': 2.978961473324005}
[map] navigate label=bin_docking distance_m=1.590 heading_error_rad=-0.118
[can] backend=detectnet_native no detections
[tag] no detections
[map] motion direction=forward speed=0.2 effective_seconds=0.05691933631896973 pose={'x_m': -0.3902298373481324, 'y_m': 0.6257727541961137, 'heading_rad': 2.978961473324005}
[map] navigate label=bin_docking distance_m=1.588 heading_error_rad=-0.118
[can] backend=detectnet_native no detections
[tag] no detections
[map] motion direction=forward speed=0.2 effective_seconds=0.05875730514526367 pose={'x_m': -0.38992064202379295, 'y_m': 0.623888339741857, 'heading_rad': 2.978961473324005}
[map] navigate label=bin_docking distance_m=1.586 heading_error_rad=-0.118
[can] backend=detectnet_native no detections
[tag] no detections
[map] motion direction=forward speed=0.2 effective_seconds=0.056081533432006836 pose={'x_m': -0.3896255272652775, 'y_m': 0.6220897403684704, 'heading_rad': 2.978961473324005}
[map] navigate label=bin_docking distance_m=1.584 heading_error_rad=-0.119
[can] backend=detectnet_native no detections
[tag] no detections
[map] motion direction=forward speed=0.2 effective_seconds=0.05981159210205078 pose={'x_m': -0.38931078402486624, 'y_m': 0.6201715137171534, 'heading_rad': 2.978961473324005}
[map] navigate label=bin_docking distance_m=1.582 heading_error_rad=-0.119
[can] backend=detectnet_native no detections
[tag] no detections
[map] motion direction=forward speed=0.2 effective_seconds=0.057642459869384766 pose={'x_m': -0.38900745528929925, 'y_m': 0.618322853635003, 'heading_rad': 2.978961473324005}
[map] navigate label=bin_docking distance_m=1.581 heading_error_rad=-0.119
[can] backend=detectnet_native no detections
[tag] no detections
[map] motion direction=forward speed=0.2 effective_seconds=0.05977296829223633 pose={'x_m': -0.388692915296831, 'y_m': 0.6164058656937547, 'heading_rad': 2.978961473324005}
[map] navigate label=bin_docking distance_m=1.579 heading_error_rad=-0.119
[can] backend=detectnet_native no detections
[tag] no detections
[map] motion direction=forward speed=0.2 effective_seconds=0.05963921546936035 pose={'x_m': -0.38837907914446135, 'y_m': 0.6144931673595961, 'heading_rad': 2.978961473324005}
[map] navigate label=bin_docking distance_m=1.577 heading_error_rad=-0.119
[can] backend=detectnet_native no detections
[tag] no detections
[map] motion direction=forward speed=0.2 effective_seconds=0.059976816177368164 pose={'x_m': -0.3880634664545165, 'y_m': 0.6125696417818742, 'heading_rad': 2.978961473324005}
[map] navigate label=bin_docking distance_m=1.575 heading_error_rad=-0.119
[can] backend=detectnet_native no detections
[tag] no detections
[map] motion direction=forward speed=0.2 effective_seconds=0.059752702713012695 pose={'x_m': -0.3877490331044874, 'y_m': 0.6106533037810941, 'heading_rad': 2.978961473324005}
[map] navigate label=bin_docking distance_m=1.573 heading_error_rad=-0.119
[can] backend=detectnet_native no detections
[tag] no detections
[map] motion direction=forward speed=0.2 effective_seconds=0.06076312065124512 pose={'x_m': -0.3874292826879019, 'y_m': 0.6087045605132082, 'heading_rad': 2.978961473324005}
[map] navigate label=bin_docking distance_m=1.571 heading_error_rad=-0.120
[can] backend=detectnet_native no detections
[tag] no detections
[map] motion direction=forward speed=0.2 effective_seconds=0.06121015548706055 pose={'x_m': -0.38710717986456955, 'y_m': 0.6067414803232309, 'heading_rad': 2.978961473324005}
[map] navigate label=bin_docking distance_m=1.569 heading_error_rad=-0.120
[can] backend=detectnet_native no detections
[tag] no detections
[map] motion direction=forward speed=0.2 effective_seconds=0.05959439277648926 pose={'x_m': -0.38679357958018307, 'y_m': 0.6048302195044607, 'heading_rad': 2.978961473324005}
[map] navigate label=bin_docking distance_m=1.567 heading_error_rad=-0.120
[can] backend=detectnet_native no detections
[tag] no detections
[map] motion direction=forward speed=0.2 effective_seconds=0.061116695404052734 pose={'x_m': -0.3864719685666879, 'y_m': 0.6028701366869953, 'heading_rad': 2.978961473324005}
[map] navigate label=bin_docking distance_m=1.565 heading_error_rad=-0.120
[map] motion direction=forward speed=0.2 effective_seconds=0.017970561981201172 pose={'x_m': -0.3863774030700811, 'y_m': 0.6022938000652804, 'heading_rad': 2.978961473324005}
[base] continuous stop label=map_forward_bin_docking elapsed=0.018s
[base] stop
[base] continuous start label=map_turn_bin_docking direction=left requested_speed=0.15 effective_speed=0.15
[can] backend=detectnet_native no detections
[tag] no detections
[map] motion direction=left speed=0.15 effective_seconds=0.06783580780029297 pose={'x_m': -0.3863774030700811, 'y_m': 0.6022938000652804, 'heading_rad': 2.971561734593597}
[map] navigate label=bin_docking distance_m=1.564 heading_error_rad=-0.113
[map] motion direction=left speed=0.15 effective_seconds=0.016535520553588867 pose={'x_m': -0.3863774030700811, 'y_m': 0.6022938000652804, 'heading_rad': 2.9697579891111516}
[base] continuous stop label=map_turn_bin_docking elapsed=0.017s
[base] stop
[base] continuous start label=map_forward_bin_docking direction=forward requested_speed=0.2 effective_speed=0.2
[can] backend=detectnet_native no detections
[tag] no detections
[map] motion direction=forward speed=0.2 effective_seconds=0.06119227409362793 pose={'x_m': -0.38603734633608916, 'y_m': 0.6003343400282017, 'heading_rad': 2.9697579891111516}
[map] navigate label=bin_docking distance_m=1.562 heading_error_rad=-0.111
[can] backend=detectnet_native no detections
[tag] no detections
[map] motion direction=forward speed=0.2 effective_seconds=0.06127166748046875 pose={'x_m': -0.38569684839842844, 'y_m': 0.598372337706643, 'heading_rad': 2.9697579891111516}
[map] navigate label=bin_docking distance_m=1.560 heading_error_rad=-0.111
[can] backend=detectnet_native no detections
[tag] no detections
[map] motion direction=forward speed=0.2 effective_seconds=0.06109619140625 pose={'x_m': -0.3853573256136212, 'y_m': 0.5964159543681992, 'heading_rad': 2.9697579891111516}
[map] navigate label=bin_docking distance_m=1.558 heading_error_rad=-0.111
[can] backend=detectnet_native no detections
[tag] no detections
[map] motion direction=forward speed=0.2 effective_seconds=0.06263852119445801 pose={'x_m': -0.3850092318182038, 'y_m': 0.59441018352735, 'heading_rad': 2.9697579891111516}
[map] navigate label=bin_docking distance_m=1.556 heading_error_rad=-0.111
[can] backend=detectnet_native no detections
[tag] no detections
[map] motion direction=forward speed=0.2 effective_seconds=0.06049942970275879 pose={'x_m': -0.3846730253480599, 'y_m': 0.5924729093121897, 'heading_rad': 2.9697579891111516}
[map] navigate label=bin_docking distance_m=1.554 heading_error_rad=-0.112
[can] backend=detectnet_native no detections
[tag] no detections
[map] motion direction=forward speed=0.2 effective_seconds=0.06042623519897461 pose={'x_m': -0.3843372256332503, 'y_m': 0.5905379788848232, 'heading_rad': 2.9697579891111516}
[map] navigate label=bin_docking distance_m=1.553 heading_error_rad=-0.112
[can] backend=detectnet_native no detections
[tag] no detections
[map] motion direction=forward speed=0.2 effective_seconds=0.05990934371948242 pose={'x_m': -0.38400429837956335, 'y_m': 0.5886196000272843, 'heading_rad': 2.9697579891111516}
[map] navigate label=bin_docking distance_m=1.551 heading_error_rad=-0.112
[can] backend=detectnet_native no detections
[tag] no detections
[map] motion direction=forward speed=0.2 effective_seconds=0.06186985969543457 pose={'x_m': -0.3836604761776236, 'y_m': 0.5866384427755146, 'heading_rad': 2.9697579891111516}
[map] navigate label=bin_docking distance_m=1.549 heading_error_rad=-0.112
[can] backend=detectnet_native no detections
[tag] no detections
[map] motion direction=forward speed=0.2 effective_seconds=0.05931496620178223 pose={'x_m': -0.3833308519892406, 'y_m': 0.5847390966963799, 'heading_rad': 2.9697579891111516}
[map] navigate label=bin_docking distance_m=1.547 heading_error_rad=-0.112
[can] backend=detectnet_native no detections
[tag] no detections
[map] motion direction=forward speed=0.2 effective_seconds=0.06262564659118652 pose={'x_m': -0.3829828297403641, 'y_m': 0.5827337381178789, 'heading_rad': 2.9697579891111516}
[map] navigate label=bin_docking distance_m=1.545 heading_error_rad=-0.112
[can] backend=detectnet_native no detections
[tag] no detections
[map] motion direction=forward speed=0.2 effective_seconds=0.061625003814697266 pose={'x_m': -0.382640368247637, 'y_m': 0.580760421485211, 'heading_rad': 2.9697579891111516}
[map] navigate label=bin_docking distance_m=1.543 heading_error_rad=-0.112
[can] backend=detectnet_native no detections
[tag] no detections
[map] motion direction=forward speed=0.2 effective_seconds=0.06075716018676758 pose={'x_m': -0.38230272952173955, 'y_m': 0.5788148943886007, 'heading_rad': 2.9697579891111516}
[map] navigate label=bin_docking distance_m=1.541 heading_error_rad=-0.113
[can] backend=detectnet_native no detections
[tag] no detections
[map] motion direction=forward speed=0.2 effective_seconds=0.06388378143310547 pose={'x_m': -0.38194771558589596, 'y_m': 0.5767692486173043, 'heading_rad': 2.9697579891111516}
[map] navigate label=bin_docking distance_m=1.539 heading_error_rad=-0.113
[can] backend=detectnet_native no detections
[tag] no detections
[map] motion direction=forward speed=0.2 effective_seconds=0.06120729446411133 pose={'x_m': -0.38160757538093965, 'y_m': 0.574809307607486, 'heading_rad': 2.9697579891111516}
[map] navigate label=bin_docking distance_m=1.537 heading_error_rad=-0.113
[can] backend=detectnet_native no detections
[tag] no detections
[map] motion direction=forward speed=0.2 effective_seconds=0.0611875057220459 pose={'x_m': -0.3812675451456665, 'y_m': 0.5728500002601659, 'heading_rad': 2.9697579891111516}
[map] navigate label=bin_docking distance_m=1.535 heading_error_rad=-0.113
[can] backend=detectnet_native no detections
[tag] no detections
[map] motion direction=forward speed=0.2 effective_seconds=0.059137821197509766 pose={'x_m': -0.3809389053846886, 'y_m': 0.5709563266055616, 'heading_rad': 2.9697579891111516}
[map] navigate label=bin_docking distance_m=1.533 heading_error_rad=-0.113
[can] backend=detectnet_native no detections
[tag] no detections
[map] motion direction=forward speed=0.2 effective_seconds=0.05957508087158203 pose={'x_m': -0.38060783569119266, 'y_m': 0.5690486513000976, 'heading_rad': 2.9697579891111516}
[map] navigate label=bin_docking distance_m=1.531 heading_error_rad=-0.113
[can] backend=detectnet_native no detections
[tag] no detections
[map] motion direction=forward speed=0.2 effective_seconds=0.061827898025512695 pose={'x_m': -0.38026424667797876, 'y_m': 0.5670688377182032, 'heading_rad': 2.9697579891111516}
[map] navigate label=bin_docking distance_m=1.529 heading_error_rad=-0.113
[can] backend=detectnet_native no detections
[tag] no detections
[map] motion direction=forward speed=0.2 effective_seconds=0.06185746192932129 pose={'x_m': -0.379920493372708, 'y_m': 0.5650880774598057, 'heading_rad': 2.9697579891111516}
[map] navigate label=bin_docking distance_m=1.527 heading_error_rad=-0.114
[can] backend=detectnet_native no detections
[tag] no detections
[map] motion direction=forward speed=0.2 effective_seconds=0.06294631958007812 pose={'x_m': -0.3795706890849892, 'y_m': 0.5630724504950416, 'heading_rad': 2.9697579891111516}
[map] navigate label=bin_docking distance_m=1.525 heading_error_rad=-0.114
[can] backend=detectnet_native no detections
[tag] no detections
[map] motion direction=forward speed=0.2 effective_seconds=0.06093549728393555 pose={'x_m': -0.379232059307007, 'y_m': 0.5611212128014612, 'heading_rad': 2.9697579891111516}
[map] navigate label=bin_docking distance_m=1.523 heading_error_rad=-0.114
[can] backend=detectnet_native no detections
[tag] no detections
[map] motion direction=forward speed=0.2 effective_seconds=0.05996131896972656 pose={'x_m': -0.3788988432172847, 'y_m': 0.5592011696255541, 'heading_rad': 2.9697579891111516}
[map] navigate label=bin_docking distance_m=1.521 heading_error_rad=-0.114
[can] backend=detectnet_native no detections
[tag] no detections
[map] motion direction=forward speed=0.2 effective_seconds=0.05848574638366699 pose={'x_m': -0.3785738271561087, 'y_m': 0.5573283762954325, 'heading_rad': 2.9697579891111516}
[map] navigate label=bin_docking distance_m=1.519 heading_error_rad=-0.114
[can] backend=detectnet_native no detections
[tag] no detections
[map] motion direction=forward speed=0.2 effective_seconds=0.061113834381103516 pose={'x_m': -0.3782342063260417, 'y_m': 0.555371428004882, 'heading_rad': 2.9697579891111516}
[map] navigate label=bin_docking distance_m=1.517 heading_error_rad=-0.114
[can] backend=detectnet_native no detections
[tag] no detections
[map] motion direction=forward speed=0.2 effective_seconds=0.057427406311035156 pose={'x_m': -0.3779150716555132, 'y_m': 0.5535325241666723, 'heading_rad': 2.9697579891111516}
[map] navigate label=bin_docking distance_m=1.515 heading_error_rad=-0.114
[can] backend=detectnet_native no detections
[tag] no detections
[map] motion direction=forward speed=0.2 effective_seconds=0.06021523475646973 pose={'x_m': -0.3775804445090124, 'y_m': 0.551604350261122, 'heading_rad': 2.9697579891111516}
[map] navigate label=bin_docking distance_m=1.513 heading_error_rad=-0.115
[can] backend=detectnet_native no detections
[tag] no detections
[map] motion direction=forward speed=0.2 effective_seconds=0.060300588607788086 pose={'x_m': -0.3772453430354443, 'y_m': 0.5496734432088934, 'heading_rad': 2.9697579891111516}
[map] navigate label=bin_docking distance_m=1.511 heading_error_rad=-0.115
[can] backend=detectnet_native no detections
[tag] no detections
[map] motion direction=forward speed=0.2 effective_seconds=0.06048154830932617 pose={'x_m': -0.3769092359354961, 'y_m': 0.5477367415803277, 'heading_rad': 2.9697579891111516}
[map] navigate label=bin_docking distance_m=1.509 heading_error_rad=-0.115
[can] backend=detectnet_native no detections
[tag] backend=pupil_apriltags id=0 center=(136.8,121.0) error_x=-0.072 yaw_deg=-37.74 height=10.6px height_norm=0.044 margin=18.77 distance=2.473008023880444
[map] motion direction=forward speed=0.2 effective_seconds=0.24369239807128906 pose={'x_m': -0.37555499241024326, 'y_m': 0.539933378779495, 'heading_rad': 2.9697579891111516}
[base] continuous stop label=map_forward_bin_docking elapsed=0.244s
[base] stop
[fsm] MAP_NAVIGATING --TARGET_FOUND--> ALIGNING
[can] backend=detectnet_native no detections
[tag] backend=pupil_apriltags id=0 center=(136.8,120.8) error_x=-0.072 yaw_deg=-36.97 height=10.4px height_norm=0.043 margin=22.25 distance=2.4895710896845498
[base] stop
[fsm] ALIGNING --TARGET_ALIGNED--> APPROACHING
[can] backend=detectnet_native no detections
[tag] no detections
[base] stop
[can] backend=detectnet_native no detections
[tag] no detections
[base] stop
[can] backend=detectnet_native no detections
[tag] no detections
[base] stop
[can] backend=detectnet_native no detections
[tag] no detections
[base] stop
[can] backend=detectnet_native no detections
[tag] no detections
[base] stop
[fsm] APPROACHING --TARGET_MISSING--> SEARCHING reason=approach target lost
[can] backend=detectnet_native no detections
[tag] no detections
[base] continuous start label=search_bin_routine_2_step_0 direction=forward requested_speed=0.6 effective_speed=0.6
[can] backend=detectnet_native no detections
[tag] no detections
[map] motion direction=forward speed=0.6 effective_seconds=0.05962800979614258 pose={'x_m': -0.37449717710909575, 'y_m': 0.5338380817245691, 'heading_rad': 2.9697579891111516}
[can] backend=detectnet_native no detections
[tag] backend=pupil_apriltags id=0 center=(137.7,121.1) error_x=-0.070 yaw_deg=-39.74 height=10.6px height_norm=0.044 margin=19.53 distance=2.42113862846142
[map] motion direction=forward speed=0.6 effective_seconds=0.07974958419799805 pose={'x_m': -0.3730824002162696, 'y_m': 0.525685916201093, 'heading_rad': 2.9697579891111516}
[base] continuous stop label=search_bin_routine_2_step_0 elapsed=0.080s
[base] stop
[fsm] SEARCHING --TARGET_FOUND--> ALIGNING
[can] backend=detectnet_native detections=1 best_confidence=0.233
[depth] map_can_0_depth mean=4.023 min=3.651 max=4.397
[map] can added id=10 position={'x_m': -0.2635559013310531, 'y_m': 0.13859889168111056}
[tag] backend=pupil_apriltags id=0 center=(137.8,121.1) error_x=-0.069 yaw_deg=-40.23 height=10.7px height_norm=0.045 margin=18.19 distance=2.399141929377141
[base] stop
[fsm] ALIGNING --TARGET_ALIGNED--> APPROACHING
[can] backend=detectnet_native no detections
[tag] no detections
[base] stop
[can] backend=detectnet_native no detections
[tag] no detections
[base] stop
[can] backend=detectnet_native no detections
[tag] no detections
[base] stop
[can] backend=detectnet_native no detections
[tag] no detections
[base] stop
[can] backend=detectnet_native no detections
[tag] no detections
[base] stop
[fsm] APPROACHING --TARGET_MISSING--> SEARCHING reason=approach target lost
[can] backend=detectnet_native no detections
[tag] no detections
[base] continuous start label=search_bin_routine_2_step_0 direction=forward requested_speed=0.6 effective_speed=0.6
[can] backend=detectnet_native no detections
[tag] no detections
[map] motion direction=forward speed=0.6 effective_seconds=0.06191754341125488 pose={'x_m': -0.3719839680355912, 'y_m': 0.5193565783396895, 'heading_rad': 2.9697579891111516}
[can] backend=detectnet_native no detections
[tag] no detections
[map] motion direction=forward speed=0.6 effective_seconds=0.0606844425201416 pose={'x_m': -0.3709074113626639, 'y_m': 0.5131532905721216, 'heading_rad': 2.9697579891111516}
[can] backend=detectnet_native no detections
[tag] no detections
[map] motion direction=forward speed=0.6 effective_seconds=0.060263872146606445 pose={'x_m': -0.36983831570978165, 'y_m': 0.5069929943678804, 'heading_rad': 2.9697579891111516}
[can] backend=detectnet_native no detections
[tag] no detections
[map] motion direction=forward speed=0.6 effective_seconds=0.0571599006652832 pose={'x_m': -0.36882428526096195, 'y_m': 0.501149992473702, 'heading_rad': 2.9697579891111516}
[can] backend=detectnet_native no detections
[tag] no detections
[map] motion direction=forward speed=0.6 effective_seconds=0.05674242973327637 pose={'x_m': -0.3678176608473457, 'y_m': 0.49534966531160124, 'heading_rad': 2.9697579891111516}
[can] backend=detectnet_native detections=1 best_confidence=0.206
[depth] map_can_0_depth mean=4.086 min=3.708 max=4.417
[map] can added id=11 position={'x_m': -0.25874338369221195, 'y_m': 0.10161029559653417}
[tag] backend=pupil_apriltags id=0 center=(138.8,121.3) error_x=-0.066 yaw_deg=-42.8 height=11.2px height_norm=0.046 margin=22.71 distance=2.313824058245399
[map] motion direction=forward speed=0.6 effective_seconds=0.10368204116821289 pose={'x_m': -0.36597831638528994, 'y_m': 0.48475107511310384, 'heading_rad': 2.9697579891111516}
[base] continuous stop label=search_bin_routine_2_step_0 elapsed=0.104s
[base] stop
[fsm] SEARCHING --TARGET_FOUND--> ALIGNING
[can] backend=detectnet_native no detections
[tag] backend=pupil_apriltags id=0 center=(138.9,120.6) error_x=-0.066 yaw_deg=-45.32 height=11.5px height_norm=0.048 margin=22.72 distance=2.2640741930088066
[base] stop
[fsm] ALIGNING --TARGET_ALIGNED--> APPROACHING
[can] backend=detectnet_native detections=1 best_confidence=0.323
[depth] map_can_0_depth mean=3.949 min=3.601 max=4.316
[map] can merged id=11 position={'x_m': -0.25882799753195207, 'y_m': 0.10315137072014843} observations=2
[tag] no detections
[base] stop
[can] backend=detectnet_native detections=1 best_confidence=0.235
[depth] map_can_0_depth mean=4.055 min=3.727 max=4.513
[map] can merged id=11 position={'x_m': -0.2580958272367581, 'y_m': 0.10020705287150912} observations=3
[tag] no detections
[base] stop
[can] backend=detectnet_native no detections
[tag] no detections
[base] stop
[can] backend=detectnet_native no detections
[tag] backend=pupil_apriltags id=0 center=(139.0,121.5) error_x=-0.066 yaw_deg=-44.33 height=11.6px height_norm=0.048 margin=19.01 distance=2.239727854476959
[approach] target=bin mode=bbox_height bbox=0.048/0.17 bbox_ok=False depth_raw=n/a/0.17 depth_ok=False error_x=-0.066
[base] continuous start label=approach_bin_forward direction=forward requested_speed=0.6 effective_speed=0.6
[can] backend=detectnet_native detections=1 best_confidence=0.257
[depth] map_can_0_depth mean=3.920 min=3.611 max=4.364
[map] can merged id=11 position={'x_m': -0.25842070827177455, 'y_m': 0.10203217137079132} observations=4
[tag] backend=pupil_apriltags id=0 center=(139.0,121.4) error_x=-0.066 yaw_deg=-43.26 height=11.4px height_norm=0.048 margin=22.17 distance=2.2416343674391013
[approach] target=bin mode=bbox_height bbox=0.048/0.17 bbox_ok=False depth_raw=n/a/0.17 depth_ok=False error_x=-0.066
[can] backend=detectnet_native detections=1 best_confidence=0.237
[depth] map_can_0_depth mean=3.938 min=3.681 max=4.290
[map] can merged id=11 position={'x_m': -0.25860840693231657, 'y_m': 0.10275950851771917} observations=5
[tag] backend=pupil_apriltags id=0 center=(138.9,121.5) error_x=-0.066 yaw_deg=-44.96 height=11.5px height_norm=0.048 margin=23.88 distance=2.234856641242643
[approach] target=bin mode=bbox_height bbox=0.048/0.17 bbox_ok=False depth_raw=n/a/0.17 depth_ok=False error_x=-0.066
[can] backend=detectnet_native detections=1 best_confidence=0.252
[depth] map_can_0_depth mean=3.943 min=3.690 max=4.220
[map] can merged id=11 position={'x_m': -0.2587579027538135, 'y_m': 0.10315137330939324} observations=6
[tag] backend=pupil_apriltags id=0 center=(139.0,121.5) error_x=-0.066 yaw_deg=-43.76 height=11.5px height_norm=0.048 margin=21.26 distance=2.2189762374056548
[approach] target=bin mode=bbox_height bbox=0.048/0.17 bbox_ok=False depth_raw=n/a/0.17 depth_ok=False error_x=-0.066
[can] backend=detectnet_native detections=1 best_confidence=0.316
[depth] map_can_0_depth mean=3.817 min=3.554 max=4.107
[map] can added id=12 position={'x_m': -0.26152403661018303, 'y_m': 0.11758331669088973}
[tag] backend=pupil_apriltags id=0 center=(138.8,120.8) error_x=-0.066 yaw_deg=39.83 height=11.9px height_norm=0.049 margin=23.72 distance=2.1991500027054434
[approach] target=bin mode=bbox_height bbox=0.049/0.17 bbox_ok=False depth_raw=n/a/0.17 depth_ok=False error_x=-0.066
[can] backend=detectnet_native detections=1 best_confidence=0.350
[depth] map_can_0_depth mean=3.847 min=3.566 max=4.107
[map] can merged id=12 position={'x_m': -0.2624001574320199, 'y_m': 0.11578043195346677} observations=2
[tag] backend=pupil_apriltags id=0 center=(139.2,121.5) error_x=-0.065 yaw_deg=-42.09 height=11.8px height_norm=0.049 margin=13.57 distance=2.160715692573579
[approach] target=bin mode=bbox_height bbox=0.049/0.17 bbox_ok=False depth_raw=n/a/0.17 depth_ok=False error_x=-0.065
[can] backend=detectnet_native detections=1 best_confidence=0.203
[depth] map_can_0_depth mean=3.959 min=3.693 max=4.293
[map] can merged id=11 position={'x_m': -0.2590343112335996, 'y_m': 0.10313801641337059} observations=7
[tag] no detections
[map] motion direction=forward speed=0.6 effective_seconds=0.5464432239532471 pose={'x_m': -0.3562842815603426, 'y_m': 0.42889253170316, 'heading_rad': 2.9697579891111516}
[base] continuous stop label=approach_bin_forward elapsed=0.546s
[base] stop
[can] backend=detectnet_native no detections
[tag] backend=pupil_apriltags id=0 center=(139.4,122.0) error_x=-0.064 yaw_deg=-42.46 height=12.4px height_norm=0.052 margin=17.73 distance=2.0562240481583576
[approach] target=bin mode=bbox_height bbox=0.052/0.17 bbox_ok=False depth_raw=n/a/0.17 depth_ok=False error_x=-0.064
[base] continuous start label=approach_bin_forward direction=forward requested_speed=0.6 effective_speed=0.6
[can] backend=detectnet_native no detections
[tag] backend=pupil_apriltags id=0 center=(140.5,122.2) error_x=-0.061 yaw_deg=-43.18 height=12.7px height_norm=0.053 margin=22.08 distance=2.0490476564480438
[approach] target=bin mode=bbox_height bbox=0.053/0.17 bbox_ok=False depth_raw=n/a/0.17 depth_ok=False error_x=-0.061
[can] backend=detectnet_native no detections
[tag] backend=pupil_apriltags id=0 center=(140.4,122.2) error_x=-0.061 yaw_deg=-42.44 height=12.8px height_norm=0.053 margin=19.79 distance=2.0267609421022827
[approach] target=bin mode=bbox_height bbox=0.053/0.17 bbox_ok=False depth_raw=n/a/0.17 depth_ok=False error_x=-0.061
[can] backend=detectnet_native no detections
[tag] no detections
[map] motion direction=forward speed=0.6 effective_seconds=0.19856715202331543 pose={'x_m': -0.35276165230550655, 'y_m': 0.40859459150574934, 'heading_rad': 2.9697579891111516}
[base] continuous stop label=approach_bin_forward elapsed=0.199s
[base] stop
[can] backend=detectnet_native no detections
[tag] backend=pupil_apriltags id=0 center=(140.4,122.5) error_x=-0.061 yaw_deg=39.48 height=13.3px height_norm=0.055 margin=19.37 distance=1.9727287788374082
[approach] target=bin mode=bbox_height bbox=0.055/0.17 bbox_ok=False depth_raw=n/a/0.17 depth_ok=False error_x=-0.061
[base] continuous start label=approach_bin_forward direction=forward requested_speed=0.6 effective_speed=0.6
[can] backend=detectnet_native no detections
[tag] no detections
[map] motion direction=forward speed=0.6 effective_seconds=0.07554316520690918 pose={'x_m': -0.3514214983019404, 'y_m': 0.4008724147304441, 'heading_rad': 2.9697579891111516}
[base] continuous stop label=approach_bin_forward elapsed=0.076s
[base] stop
[can] backend=detectnet_native no detections
[tag] backend=pupil_apriltags id=0 center=(142.1,123.4) error_x=-0.056 yaw_deg=36.22 height=13.2px height_norm=0.055 margin=22.56 distance=2.008224755412598
[approach] target=bin mode=bbox_height bbox=0.055/0.17 bbox_ok=False depth_raw=n/a/0.17 depth_ok=False error_x=-0.056
[base] continuous start label=approach_bin_forward direction=forward requested_speed=0.6 effective_speed=0.6
[can] backend=detectnet_native detections=1 best_confidence=0.236
[depth] map_can_0_depth mean=3.814 min=3.534 max=4.023
[map] can added id=13 position={'x_m': -0.2528365381074926, 'y_m': 0.032433233614273915}
[tag] no detections
[map] motion direction=forward speed=0.6 effective_seconds=0.10848617553710938 pose={'x_m': -0.34949692733540194, 'y_m': 0.38978273609598657, 'heading_rad': 2.9697579891111516}
[base] continuous stop label=approach_bin_forward elapsed=0.108s
[base] stop
[can] backend=detectnet_native detections=1 best_confidence=0.238
[depth] map_can_0_depth mean=3.643 min=3.425 max=3.839
[map] can merged id=13 position={'x_m': -0.2546046411547494, 'y_m': 0.03503174953608426} observations=2
[tag] no detections
[base] stop
[can] backend=detectnet_native no detections
[tag] no detections
[base] stop
[can] backend=detectnet_native no detections
[tag] no detections
[base] stop
[can] backend=detectnet_native detections=1 best_confidence=0.261
[depth] map_can_0_depth mean=3.593 min=3.284 max=3.827
[map] can merged id=13 position={'x_m': -0.2549530270021417, 'y_m': 0.03766019653953584} observations=3
[tag] no detections
[base] stop
[fsm] APPROACHING --TARGET_MISSING--> SEARCHING reason=approach target lost
[can] backend=detectnet_native detections=1 best_confidence=0.265
[depth] map_can_0_depth mean=3.617 min=3.338 max=3.877
[map] can merged id=13 position={'x_m': -0.2549921628999875, 'y_m': 0.038400877195449865} observations=4
[tag] no detections
[base] continuous start label=search_bin_routine_2_step_0 direction=forward requested_speed=0.6 effective_speed=0.6
[can] backend=detectnet_native detections=1 best_confidence=0.281
[depth] map_can_0_depth mean=3.622 min=3.321 max=3.889
[map] can merged id=13 position={'x_m': -0.25503473123346093, 'y_m': 0.038742747829994116} observations=5
[tag] no detections
[map] motion direction=forward speed=0.6 effective_seconds=0.08388400077819824 pose={'x_m': -0.34800880489348224, 'y_m': 0.3812079420579702, 'heading_rad': 2.9697579891111516}
[can] backend=detectnet_native detections=1 best_confidence=0.266
[depth] map_can_0_depth mean=3.621 min=3.323 max=3.885
[map] can merged id=13 position={'x_m': -0.254770275463623, 'y_m': 0.03756733596969435} observations=6
[tag] no detections
[map] motion direction=forward speed=0.6 effective_seconds=0.08263969421386719 pose={'x_m': -0.3465427567506641, 'y_m': 0.37276034358061266, 'heading_rad': 2.9697579891111516}
[can] backend=detectnet_native detections=1 best_confidence=0.290
[depth] map_can_0_depth mean=3.727 min=3.431 max=3.924
[map] can added id=14 position={'x_m': -0.2501018760814119, 'y_m': 0.012805927585304189}
[tag] backend=pupil_apriltags id=0 center=(144.0,123.9) error_x=-0.050 yaw_deg=-38.37 height=13.4px height_norm=0.056 margin=24.39 distance=1.9670803231143017
[map] motion direction=forward speed=0.6 effective_seconds=0.10835552215576172 pose={'x_m': -0.3446205036066793, 'y_m': 0.3616840206018825, 'heading_rad': 2.9697579891111516}
[base] continuous stop label=search_bin_routine_2_step_0 elapsed=0.108s
[base] stop
[fsm] SEARCHING --TARGET_FOUND--> ALIGNING
[can] backend=detectnet_native detections=1 best_confidence=0.270
[depth] map_can_0_depth mean=3.620 min=3.380 max=3.828
[map] can merged id=14 position={'x_m': -0.2507857284604277, 'y_m': 0.012363352083869156} observations=2
[tag] backend=pupil_apriltags id=0 center=(144.2,123.9) error_x=-0.049 yaw_deg=38.25 height=14.1px height_norm=0.059 margin=17.01 distance=1.8803825290102616
[base] stop
[fsm] ALIGNING --TARGET_ALIGNED--> APPROACHING
[can] backend=detectnet_native detections=1 best_confidence=0.304
[depth] map_can_0_depth mean=3.598 min=3.386 max=3.800
[map] can merged id=14 position={'x_m': -0.2509449483150361, 'y_m': 0.012987090076364413} observations=3
[tag] backend=pupil_apriltags id=0 center=(144.8,123.8) error_x=-0.047 yaw_deg=-41.31 height=13.9px height_norm=0.058 margin=20.13 distance=1.8556274602715104
[approach] target=bin mode=bbox_height bbox=0.058/0.17 bbox_ok=False depth_raw=n/a/0.17 depth_ok=False error_x=-0.047
[base] continuous start label=approach_bin_forward direction=forward requested_speed=0.6 effective_speed=0.6
[can] backend=detectnet_native no detections
[tag] backend=pupil_apriltags id=0 center=(144.9,124.4) error_x=-0.047 yaw_deg=-40.61 height=13.8px height_norm=0.058 margin=20.80 distance=1.8837225160761526
[approach] target=bin mode=bbox_height bbox=0.058/0.17 bbox_ok=False depth_raw=n/a/0.17 depth_ok=False error_x=-0.047
[can] backend=detectnet_native no detections
[tag] backend=pupil_apriltags id=0 center=(145.0,124.5) error_x=-0.047 yaw_deg=-40.85 height=13.6px height_norm=0.056 margin=21.58 distance=1.8917571172029142
[approach] target=bin mode=bbox_height bbox=0.056/0.17 bbox_ok=False depth_raw=n/a/0.17 depth_ok=False error_x=-0.047
[can] backend=detectnet_native no detections
[tag] backend=pupil_apriltags id=0 center=(145.4,124.5) error_x=-0.046 yaw_deg=-37.91 height=13.4px height_norm=0.056 margin=18.94 distance=1.8539197010458681
[approach] target=bin mode=bbox_height bbox=0.056/0.17 bbox_ok=False depth_raw=n/a/0.17 depth_ok=False error_x=-0.046
[can] backend=detectnet_native no detections
[tag] backend=pupil_apriltags id=0 center=(145.4,124.2) error_x=-0.046 yaw_deg=-36.78 height=14.3px height_norm=0.059 margin=19.10 distance=1.8396380856067576
[approach] target=bin mode=bbox_height bbox=0.059/0.17 bbox_ok=False depth_raw=n/a/0.17 depth_ok=False error_x=-0.046
[can] backend=detectnet_native no detections
[tag] backend=pupil_apriltags id=0 center=(145.3,124.8) error_x=-0.046 yaw_deg=-36.58 height=13.9px height_norm=0.058 margin=19.95 distance=1.8279546056755231
[approach] target=bin mode=bbox_height bbox=0.058/0.17 bbox_ok=False depth_raw=n/a/0.17 depth_ok=False error_x=-0.046
[can] backend=detectnet_native no detections
[tag] backend=pupil_apriltags id=0 center=(146.4,124.7) error_x=-0.043 yaw_deg=-37.05 height=13.8px height_norm=0.057 margin=22.23 distance=1.8259308711134188
[approach] target=bin mode=bbox_height bbox=0.057/0.17 bbox_ok=False depth_raw=n/a/0.17 depth_ok=False error_x=-0.043
[can] backend=detectnet_native no detections
[tag] backend=pupil_apriltags id=0 center=(146.8,125.0) error_x=-0.041 yaw_deg=-39.97 height=14.3px height_norm=0.060 margin=25.37 distance=1.7796676984225632
[approach] target=bin mode=bbox_height bbox=0.060/0.17 bbox_ok=False depth_raw=n/a/0.17 depth_ok=False error_x=-0.041
[can] backend=detectnet_native no detections
[tag] no detections
[map] motion direction=forward speed=0.6 effective_seconds=0.5146787166595459 pose={'x_m': -0.33548997881608594, 'y_m': 0.30907251006156483, 'heading_rad': 2.9697579891111516}
[base] continuous stop label=approach_bin_forward elapsed=0.515s
[base] stop
[can] backend=detectnet_native no detections
[tag] backend=pupil_apriltags id=0 center=(147.9,125.4) error_x=-0.038 yaw_deg=31.88 height=15.2px height_norm=0.063 margin=18.33 distance=1.706155980023298
[approach] target=bin mode=bbox_height bbox=0.063/0.17 bbox_ok=False depth_raw=n/a/0.17 depth_ok=False error_x=-0.038
[base] continuous start label=approach_bin_forward direction=forward requested_speed=0.6 effective_speed=0.6
[can] backend=detectnet_native no detections
[tag] backend=pupil_apriltags id=0 center=(148.0,125.5) error_x=-0.038 yaw_deg=-38.66 height=15.4px height_norm=0.064 margin=24.77 distance=1.6875003968573363
[approach] target=bin mode=bbox_height bbox=0.064/0.17 bbox_ok=False depth_raw=n/a/0.17 depth_ok=False error_x=-0.038
[can] backend=detectnet_native no detections
[tag] backend=pupil_apriltags id=0 center=(147.9,125.9) error_x=-0.038 yaw_deg=-35.98 height=15.0px height_norm=0.062 margin=24.90 distance=1.7262049817853138
[approach] target=bin mode=bbox_height bbox=0.062/0.17 bbox_ok=False depth_raw=n/a/0.17 depth_ok=False error_x=-0.038
[can] backend=detectnet_native no detections
[tag] backend=pupil_apriltags id=0 center=(148.2,126.4) error_x=-0.037 yaw_deg=-38.98 height=15.2px height_norm=0.063 margin=21.77 distance=1.692893620845228
[approach] target=bin mode=bbox_height bbox=0.063/0.17 bbox_ok=False depth_raw=n/a/0.17 depth_ok=False error_x=-0.037
[can] backend=detectnet_native no detections
[tag] backend=pupil_apriltags id=0 center=(148.2,125.6) error_x=-0.037 yaw_deg=-39.92 height=15.6px height_norm=0.065 margin=25.86 distance=1.661772375945231
[approach] target=bin mode=bbox_height bbox=0.065/0.17 bbox_ok=False depth_raw=n/a/0.17 depth_ok=False error_x=-0.037
[can] backend=detectnet_native no detections
[tag] backend=pupil_apriltags id=0 center=(148.6,126.6) error_x=-0.036 yaw_deg=-39.13 height=15.5px height_norm=0.064 margin=26.30 distance=1.6368446687727545
[approach] target=bin mode=bbox_height bbox=0.064/0.17 bbox_ok=False depth_raw=n/a/0.17 depth_ok=False error_x=-0.036
[can] backend=detectnet_native no detections
[tag] backend=pupil_apriltags id=0 center=(148.8,126.6) error_x=-0.035 yaw_deg=-38.23 height=15.5px height_norm=0.065 margin=26.98 distance=1.6369040379996977
[approach] target=bin mode=bbox_height bbox=0.065/0.17 bbox_ok=False depth_raw=n/a/0.17 depth_ok=False error_x=-0.035
[can] backend=detectnet_native no detections
[tag] backend=pupil_apriltags id=0 center=(148.8,126.6) error_x=-0.035 yaw_deg=-38.04 height=15.5px height_norm=0.065 margin=26.63 distance=1.633758859209397
[approach] target=bin mode=bbox_height bbox=0.065/0.17 bbox_ok=False depth_raw=n/a/0.17 depth_ok=False error_x=-0.035
[can] backend=detectnet_native no detections
[tag] backend=pupil_apriltags id=0 center=(148.9,127.5) error_x=-0.035 yaw_deg=-37.0 height=15.6px height_norm=0.065 margin=29.46 distance=1.6502377655397087
[approach] target=bin mode=bbox_height bbox=0.065/0.17 bbox_ok=False depth_raw=n/a/0.17 depth_ok=False error_x=-0.035
[can] backend=detectnet_native no detections
[tag] backend=pupil_apriltags id=0 center=(150.0,127.6) error_x=-0.031 yaw_deg=-37.87 height=16.1px height_norm=0.067 margin=31.47 distance=1.6222019030690804
[approach] target=bin mode=bbox_height bbox=0.067/0.17 bbox_ok=False depth_raw=n/a/0.17 depth_ok=False error_x=-0.031
[can] backend=detectnet_native no detections
[tag] backend=pupil_apriltags id=0 center=(149.8,127.9) error_x=-0.032 yaw_deg=-39.14 height=16.3px height_norm=0.068 margin=27.24 distance=1.5861962981678346
[approach] target=bin mode=bbox_height bbox=0.068/0.17 bbox_ok=False depth_raw=n/a/0.17 depth_ok=False error_x=-0.032
[can] backend=detectnet_native detections=1 best_confidence=0.203
[depth] map_can_0_depth mean=3.474 min=3.116 max=3.729
[map] can added id=15 position={'x_m': -0.24520974378702098, 'y_m': -0.02641688588627572}
[tag] backend=pupil_apriltags id=0 center=(149.9,128.0) error_x=-0.032 yaw_deg=-41.53 height=16.5px height_norm=0.069 margin=31.13 distance=1.5359211941050832
[approach] target=bin mode=bbox_height bbox=0.069/0.17 bbox_ok=False depth_raw=n/a/0.17 depth_ok=False error_x=-0.032
[can] backend=detectnet_native no detections
[tag] backend=pupil_apriltags id=0 center=(150.2,128.6) error_x=-0.031 yaw_deg=-41.72 height=17.5px height_norm=0.073 margin=29.92 distance=1.4998133655084411
[approach] target=bin mode=bbox_height bbox=0.073/0.17 bbox_ok=False depth_raw=n/a/0.17 depth_ok=False error_x=-0.031
[can] backend=detectnet_native detections=1 best_confidence=0.283
[depth] map_can_0_depth mean=3.532 min=3.203 max=3.810
[map] can merged id=15 position={'x_m': -0.24814175326530394, 'y_m': -0.030146546914509964} observations=2
[tag] backend=pupil_apriltags id=0 center=(151.1,129.6) error_x=-0.028 yaw_deg=-37.17 height=17.6px height_norm=0.073 margin=31.51 distance=1.4681446546266879
[approach] target=bin mode=bbox_height bbox=0.073/0.17 bbox_ok=False depth_raw=n/a/0.17 depth_ok=False error_x=-0.028
[can] backend=detectnet_native no detections
[tag] backend=pupil_apriltags id=0 center=(151.3,129.6) error_x=-0.027 yaw_deg=-38.97 height=17.7px height_norm=0.074 margin=30.10 distance=1.454929095699637
[approach] target=bin mode=bbox_height bbox=0.074/0.17 bbox_ok=False depth_raw=n/a/0.17 depth_ok=False error_x=-0.027
[can] backend=detectnet_native no detections
[tag] backend=pupil_apriltags id=0 center=(151.4,130.1) error_x=-0.027 yaw_deg=-38.43 height=17.7px height_norm=0.074 margin=29.48 distance=1.4635441386367598
[approach] target=bin mode=bbox_height bbox=0.074/0.17 bbox_ok=False depth_raw=n/a/0.17 depth_ok=False error_x=-0.027
[can] backend=detectnet_native no detections
[tag] backend=pupil_apriltags id=0 center=(152.1,130.8) error_x=-0.025 yaw_deg=-35.0 height=18.0px height_norm=0.075 margin=30.66 distance=1.426438721517687
[approach] target=bin mode=bbox_height bbox=0.075/0.17 bbox_ok=False depth_raw=n/a/0.17 depth_ok=False error_x=-0.025
[can] backend=detectnet_native no detections
[tag] backend=pupil_apriltags id=0 center=(152.5,130.9) error_x=-0.023 yaw_deg=-34.02 height=18.0px height_norm=0.075 margin=27.29 distance=1.416075285007346
[approach] target=bin mode=bbox_height bbox=0.075/0.17 bbox_ok=False depth_raw=n/a/0.17 depth_ok=False error_x=-0.023
[can] backend=detectnet_native no detections
[tag] backend=pupil_apriltags id=0 center=(152.4,131.2) error_x=-0.024 yaw_deg=-35.49 height=19.3px height_norm=0.080 margin=32.34 distance=1.3627573629236829
[approach] target=bin mode=bbox_height bbox=0.080/0.17 bbox_ok=False depth_raw=n/a/0.17 depth_ok=False error_x=-0.024
[can] backend=detectnet_native no detections
[tag] backend=pupil_apriltags id=0 center=(153.5,132.2) error_x=-0.020 yaw_deg=-37.1 height=19.3px height_norm=0.080 margin=31.17 distance=1.3580673450665706
[approach] target=bin mode=bbox_height bbox=0.080/0.17 bbox_ok=False depth_raw=n/a/0.17 depth_ok=False error_x=-0.020
[can] backend=detectnet_native no detections
[tag] backend=pupil_apriltags id=0 center=(153.2,132.2) error_x=-0.021 yaw_deg=-37.22 height=18.9px height_norm=0.079 margin=32.14 distance=1.3496766745415323
[approach] target=bin mode=bbox_height bbox=0.079/0.17 bbox_ok=False depth_raw=n/a/0.17 depth_ok=False error_x=-0.021
[can] backend=detectnet_native no detections
[tag] backend=pupil_apriltags id=0 center=(154.0,133.3) error_x=-0.019 yaw_deg=-37.04 height=19.5px height_norm=0.081 margin=31.82 distance=1.3160551256793616
[approach] target=bin mode=bbox_height bbox=0.081/0.17 bbox_ok=False depth_raw=n/a/0.17 depth_ok=False error_x=-0.019
[can] backend=detectnet_native no detections
[tag] backend=pupil_apriltags id=0 center=(154.2,133.7) error_x=-0.018 yaw_deg=-37.13 height=19.8px height_norm=0.082 margin=31.51 distance=1.3115420658439194
[approach] target=bin mode=bbox_height bbox=0.082/0.17 bbox_ok=False depth_raw=n/a/0.17 depth_ok=False error_x=-0.018
[can] backend=detectnet_native no detections
[tag] backend=pupil_apriltags id=0 center=(154.7,133.8) error_x=-0.017 yaw_deg=-37.66 height=20.1px height_norm=0.084 margin=33.70 distance=1.2797959381140012
[approach] target=bin mode=bbox_height bbox=0.084/0.17 bbox_ok=False depth_raw=n/a/0.17 depth_ok=False error_x=-0.017
[can] backend=detectnet_native no detections
[tag] backend=pupil_apriltags id=0 center=(155.6,135.2) error_x=-0.014 yaw_deg=-36.96 height=20.7px height_norm=0.086 margin=33.72 distance=1.233574748218147
[approach] target=bin mode=bbox_height bbox=0.086/0.17 bbox_ok=False depth_raw=n/a/0.17 depth_ok=False error_x=-0.014
[can] backend=detectnet_native no detections
[tag] backend=pupil_apriltags id=0 center=(156.0,135.2) error_x=-0.012 yaw_deg=-35.4 height=20.9px height_norm=0.087 margin=31.75 distance=1.2461638830440898
[approach] target=bin mode=bbox_height bbox=0.087/0.17 bbox_ok=False depth_raw=n/a/0.17 depth_ok=False error_x=-0.012
[can] backend=detectnet_native no detections
[tag] backend=pupil_apriltags id=0 center=(155.5,135.7) error_x=-0.014 yaw_deg=-37.45 height=21.4px height_norm=0.089 margin=32.92 distance=1.2003722871891798
[approach] target=bin mode=bbox_height bbox=0.089/0.17 bbox_ok=False depth_raw=n/a/0.17 depth_ok=False error_x=-0.014
[can] backend=detectnet_native no detections
[tag] backend=pupil_apriltags id=0 center=(156.5,136.4) error_x=-0.011 yaw_deg=-35.59 height=22.0px height_norm=0.092 margin=34.41 distance=1.1904487239251698
[approach] target=bin mode=bbox_height bbox=0.092/0.17 bbox_ok=False depth_raw=n/a/0.17 depth_ok=False error_x=-0.011
[can] backend=detectnet_native no detections
[tag] backend=pupil_apriltags id=0 center=(157.5,136.5) error_x=-0.008 yaw_deg=-37.21 height=22.5px height_norm=0.094 margin=33.21 distance=1.1691831576828418
[approach] target=bin mode=bbox_height bbox=0.094/0.17 bbox_ok=False depth_raw=n/a/0.17 depth_ok=False error_x=-0.008
[can] backend=detectnet_native no detections
[tag] backend=pupil_apriltags id=0 center=(157.8,137.1) error_x=-0.007 yaw_deg=-36.14 height=23.0px height_norm=0.096 margin=34.67 distance=1.1449139138330429
[approach] target=bin mode=bbox_height bbox=0.096/0.17 bbox_ok=False depth_raw=n/a/0.17 depth_ok=False error_x=-0.007
[can] backend=detectnet_native no detections
[tag] backend=pupil_apriltags id=0 center=(157.9,137.5) error_x=-0.007 yaw_deg=-35.3 height=23.0px height_norm=0.096 margin=33.72 distance=1.1374413508507244
[approach] target=bin mode=bbox_height bbox=0.096/0.17 bbox_ok=False depth_raw=n/a/0.17 depth_ok=False error_x=-0.007
[can] backend=detectnet_native no detections
[tag] backend=pupil_apriltags id=0 center=(158.1,138.3) error_x=-0.006 yaw_deg=-36.83 height=23.2px height_norm=0.097 margin=32.85 distance=1.116852656580713
[approach] target=bin mode=bbox_height bbox=0.097/0.17 bbox_ok=False depth_raw=n/a/0.17 depth_ok=False error_x=-0.006
[can] backend=detectnet_native no detections
[tag] backend=pupil_apriltags id=0 center=(159.4,139.2) error_x=-0.002 yaw_deg=-38.09 height=24.6px height_norm=0.102 margin=35.18 distance=1.0677925758690037
[approach] target=bin mode=bbox_height bbox=0.102/0.17 bbox_ok=False depth_raw=n/a/0.17 depth_ok=False error_x=-0.002
[can] backend=detectnet_native no detections
[tag] backend=pupil_apriltags id=0 center=(160.2,139.3) error_x=0.001 yaw_deg=-36.59 height=24.7px height_norm=0.103 margin=33.80 distance=1.0751889055862762
[approach] target=bin mode=bbox_height bbox=0.103/0.17 bbox_ok=False depth_raw=n/a/0.17 depth_ok=False error_x=0.001
[can] backend=detectnet_native no detections
[tag] backend=pupil_apriltags id=0 center=(160.8,139.8) error_x=0.002 yaw_deg=-35.85 height=25.5px height_norm=0.106 margin=34.10 distance=1.0381257615687258
[approach] target=bin mode=bbox_height bbox=0.106/0.17 bbox_ok=False depth_raw=n/a/0.17 depth_ok=False error_x=0.002
[can] backend=detectnet_native no detections
[tag] backend=pupil_apriltags id=0 center=(161.5,141.4) error_x=0.005 yaw_deg=-35.53 height=25.5px height_norm=0.106 margin=34.46 distance=1.0339498384628052
[approach] target=bin mode=bbox_height bbox=0.106/0.17 bbox_ok=False depth_raw=n/a/0.17 depth_ok=False error_x=0.005
[can] backend=detectnet_native no detections
[tag] backend=pupil_apriltags id=0 center=(162.1,141.5) error_x=0.007 yaw_deg=-37.91 height=26.2px height_norm=0.109 margin=34.20 distance=0.9957594298574012
[approach] target=bin mode=bbox_height bbox=0.109/0.17 bbox_ok=False depth_raw=n/a/0.17 depth_ok=False error_x=0.007
[can] backend=detectnet_native no detections
[tag] backend=pupil_apriltags id=0 center=(162.6,141.7) error_x=0.008 yaw_deg=-37.13 height=26.8px height_norm=0.111 margin=34.63 distance=0.9751605097644785
[approach] target=bin mode=bbox_height bbox=0.111/0.17 bbox_ok=False depth_raw=n/a/0.17 depth_ok=False error_x=0.008
[can] backend=detectnet_native no detections
[tag] backend=pupil_apriltags id=0 center=(163.2,142.8) error_x=0.010 yaw_deg=-36.45 height=27.7px height_norm=0.115 margin=35.03 distance=0.966765484511118
[approach] target=bin mode=bbox_height bbox=0.115/0.17 bbox_ok=False depth_raw=n/a/0.17 depth_ok=False error_x=0.010
[can] backend=detectnet_native no detections
[tag] backend=pupil_apriltags id=0 center=(163.3,143.1) error_x=0.010 yaw_deg=-37.12 height=28.1px height_norm=0.117 margin=34.45 distance=0.9516245147669536
[approach] target=bin mode=bbox_height bbox=0.117/0.17 bbox_ok=False depth_raw=n/a/0.17 depth_ok=False error_x=0.010
[can] backend=detectnet_native no detections
[tag] backend=pupil_apriltags id=0 center=(164.1,144.3) error_x=0.013 yaw_deg=-35.79 height=28.6px height_norm=0.119 margin=35.08 distance=0.9231333798596493
[approach] target=bin mode=bbox_height bbox=0.119/0.17 bbox_ok=False depth_raw=n/a/0.17 depth_ok=False error_x=0.013
[can] backend=detectnet_native no detections
[tag] backend=pupil_apriltags id=0 center=(164.4,144.6) error_x=0.014 yaw_deg=-36.58 height=29.4px height_norm=0.123 margin=35.14 distance=0.9040504463435731
[approach] target=bin mode=bbox_height bbox=0.123/0.17 bbox_ok=False depth_raw=n/a/0.17 depth_ok=False error_x=0.014
[can] backend=detectnet_native no detections
[tag] backend=pupil_apriltags id=0 center=(164.7,145.9) error_x=0.015 yaw_deg=-37.48 height=30.4px height_norm=0.127 margin=35.05 distance=0.8775594106006125
[approach] target=bin mode=bbox_height bbox=0.127/0.17 bbox_ok=False depth_raw=n/a/0.17 depth_ok=False error_x=0.015
[can] backend=detectnet_native no detections
[tag] backend=pupil_apriltags id=0 center=(164.8,147.0) error_x=0.015 yaw_deg=-37.34 height=31.3px height_norm=0.131 margin=35.12 distance=0.8553659352463876
[approach] target=bin mode=bbox_height bbox=0.131/0.17 bbox_ok=False depth_raw=n/a/0.17 depth_ok=False error_x=0.015
[can] backend=detectnet_native no detections
[tag] backend=pupil_apriltags id=0 center=(166.0,147.7) error_x=0.019 yaw_deg=-37.16 height=32.0px height_norm=0.133 margin=34.74 distance=0.8350583789541925
[approach] target=bin mode=bbox_height bbox=0.133/0.17 bbox_ok=False depth_raw=n/a/0.17 depth_ok=False error_x=0.019
[can] backend=detectnet_native no detections
[tag] backend=pupil_apriltags id=0 center=(166.1,149.3) error_x=0.019 yaw_deg=-37.84 height=32.8px height_norm=0.137 margin=34.89 distance=0.8188499937037974
[approach] target=bin mode=bbox_height bbox=0.137/0.17 bbox_ok=False depth_raw=n/a/0.17 depth_ok=False error_x=0.019
[can] backend=detectnet_native no detections
[tag] backend=pupil_apriltags id=0 center=(167.5,150.8) error_x=0.023 yaw_deg=-37.75 height=33.9px height_norm=0.141 margin=35.07 distance=0.7970881378953067
[approach] target=bin mode=bbox_height bbox=0.141/0.17 bbox_ok=False depth_raw=n/a/0.17 depth_ok=False error_x=0.023
[can] backend=detectnet_native no detections
[tag] backend=pupil_apriltags id=0 center=(167.9,152.0) error_x=0.025 yaw_deg=-36.31 height=34.9px height_norm=0.145 margin=34.80 distance=0.7772980973423774
[approach] target=bin mode=bbox_height bbox=0.145/0.17 bbox_ok=False depth_raw=n/a/0.17 depth_ok=False error_x=0.025
[can] backend=detectnet_native no detections
[tag] backend=pupil_apriltags id=0 center=(168.6,153.3) error_x=0.027 yaw_deg=-37.54 height=35.8px height_norm=0.149 margin=35.45 distance=0.7554341160781095
[approach] target=bin mode=bbox_height bbox=0.149/0.17 bbox_ok=False depth_raw=n/a/0.17 depth_ok=False error_x=0.027
[can] backend=detectnet_native no detections
[tag] backend=pupil_apriltags id=0 center=(169.4,154.1) error_x=0.029 yaw_deg=-35.72 height=36.2px height_norm=0.151 margin=34.65 distance=0.7531034643928455
[approach] target=bin mode=bbox_height bbox=0.151/0.17 bbox_ok=False depth_raw=n/a/0.17 depth_ok=False error_x=0.029
[can] backend=detectnet_native no detections
[tag] backend=pupil_apriltags id=0 center=(169.9,155.3) error_x=0.031 yaw_deg=-36.32 height=37.4px height_norm=0.156 margin=35.09 distance=0.7274083826327433
[approach] target=bin mode=bbox_height bbox=0.156/0.17 bbox_ok=False depth_raw=n/a/0.17 depth_ok=False error_x=0.031
[can] backend=detectnet_native no detections
[tag] backend=pupil_apriltags id=0 center=(170.4,157.4) error_x=0.032 yaw_deg=-37.12 height=39.0px height_norm=0.163 margin=34.85 distance=0.6981434653983559
[approach] target=bin mode=bbox_height bbox=0.163/0.17 bbox_ok=False depth_raw=n/a/0.17 depth_ok=False error_x=0.032
[can] backend=detectnet_native no detections
[tag] backend=pupil_apriltags id=0 center=(171.9,159.0) error_x=0.037 yaw_deg=-37.66 height=40.0px height_norm=0.167 margin=35.15 distance=0.6844015060964692
[approach] target=bin mode=bbox_height bbox=0.167/0.17 bbox_ok=False depth_raw=n/a/0.17 depth_ok=False error_x=0.037
[can] backend=detectnet_native no detections
[tag] backend=pupil_apriltags id=0 center=(172.8,160.6) error_x=0.040 yaw_deg=-36.93 height=41.2px height_norm=0.172 margin=35.04 distance=0.6691190493577756
[approach] target=bin mode=bbox_height bbox=0.172/0.17 bbox_ok=True depth_raw=n/a/0.17 depth_ok=False error_x=0.040
[map] motion direction=forward speed=0.6 effective_seconds=3.418137311935425 pose={'x_m': -0.2748513970094808, 'y_m': -0.04033647343464114, 'heading_rad': 2.9697579891111516}
[base] continuous stop label=approach_bin_forward elapsed=3.418s
[base] stop
[fsm] APPROACHING --TARGET_REACHED--> FINAL_VERIFY
[can] backend=detectnet_native no detections
[tag] backend=pupil_apriltags id=0 center=(174.1,163.4) error_x=0.044 yaw_deg=-37.85 height=43.5px height_norm=0.181 margin=34.68 distance=0.6354870507162308
[base] stop
[can] backend=detectnet_native no detections
[tag] backend=pupil_apriltags id=0 center=(175.9,164.9) error_x=0.050 yaw_deg=-37.06 height=44.4px height_norm=0.185 margin=35.58 distance=0.6235926853171044
[base] stop
[fsm] FINAL_VERIFY --SIDE_DOCK_REQUIRED--> BIN_SIDE_DOCKING
[base] stop
[exp2] phase=side_view_pose base_direction=left reference_base_angle_deg=90.00 servo1_fixed=70
[arm] pose side_view_grabbing
[arm] side_view_grabbing servo=5 angle=0 speed=85
[arm] side_view_grabbing servo=4 angle=-55 speed=85
[arm] side_view_grabbing servo=3 angle=45 speed=85
[arm] side_view_grabbing servo=2 angle=60 speed=85
[arm] side_view_grabbing servo=1 angle=70 speed=85
[arm-position] side_view_grabbing waiting for motion to settle servos=[1, 2, 3, 4, 5] stability_delta=3 min_wait=0.5 timeout=10.0 stable_samples=2
[arm-position] side_view_grabbing waiting positions={1: 508, 2: 804, 3: 717, 4: 274, 5: 510} movement={} read_errors=[]
[arm-position] side_view_grabbing waiting positions={1: 522, 2: 803, 3: 717, 4: 274, 5: 510} movement={1: 14, 2: 1, 3: 0, 4: 0, 5: 0} read_errors=[]
[arm-position] side_view_grabbing waiting positions={1: 535, 2: 803, 3: 717, 4: 274, 5: 510} movement={1: 13, 2: 0, 3: 0, 4: 0, 5: 0} read_errors=[]
[arm-position] side_view_grabbing waiting positions={1: 547, 2: 803, 3: 717, 4: 274, 5: 510} movement={1: 12, 2: 0, 3: 0, 4: 0, 5: 0} read_errors=[]
[arm-position] side_view_grabbing waiting positions={1: 560, 2: 803, 3: 717, 4: 273, 5: 510} movement={1: 13, 2: 0, 3: 0, 4: 1, 5: 0} read_errors=[]
[arm-position] side_view_grabbing waiting positions={1: 573, 2: 803, 3: 717, 4: 274, 5: 510} movement={1: 13, 2: 0, 3: 0, 4: 1, 5: 0} read_errors=[]
[arm-position] side_view_grabbing waiting positions={1: 586, 2: 803, 3: 717, 4: 274, 5: 510} movement={1: 13, 2: 0, 3: 0, 4: 0, 5: 0} read_errors=[]
[arm-position] side_view_grabbing waiting positions={1: 600, 2: 803, 3: 717, 4: 274, 5: 510} movement={1: 14, 2: 0, 3: 0, 4: 0, 5: 0} read_errors=[]
[arm-position] side_view_grabbing waiting positions={1: 614, 2: 803, 3: 717, 4: 274, 5: 510} movement={1: 14, 2: 0, 3: 0, 4: 0, 5: 0} read_errors=[]
[arm-position] side_view_grabbing waiting positions={1: 626, 2: 803, 3: 717, 4: 274, 5: 510} movement={1: 12, 2: 0, 3: 0, 4: 0, 5: 0} read_errors=[]
[arm-position] side_view_grabbing waiting positions={1: 639, 2: 803, 3: 717, 4: 274, 5: 510} movement={1: 13, 2: 0, 3: 0, 4: 0, 5: 0} read_errors=[]
[arm-position] side_view_grabbing waiting positions={1: 652, 2: 803, 3: 717, 4: 274, 5: 510} movement={1: 13, 2: 0, 3: 0, 4: 0, 5: 0} read_errors=[]
[arm-position] side_view_grabbing waiting positions={1: 665, 2: 804, 3: 717, 4: 274, 5: 510} movement={1: 13, 2: 1, 3: 0, 4: 0, 5: 0} read_errors=[]
[arm-position] side_view_grabbing waiting positions={1: 679, 2: 804, 3: 717, 4: 274, 5: 511} movement={1: 14, 2: 0, 3: 0, 4: 0, 5: 1} read_errors=[]
[arm-position] side_view_grabbing waiting positions={1: 692, 2: 804, 3: 717, 4: 274, 5: 510} movement={1: 13, 2: 0, 3: 0, 4: 0, 5: 1} read_errors=[]
[arm-position] side_view_grabbing waiting positions={1: 704, 2: 804, 3: 717, 4: 274, 5: 510} movement={1: 12, 2: 0, 3: 0, 4: 0, 5: 0} read_errors=[]
[arm-position] side_view_grabbing waiting positions={1: 717, 2: 803, 3: 717, 4: 274, 5: 510} movement={1: 13, 2: 1, 3: 0, 4: 0, 5: 0} read_errors=[]
[arm-position] side_view_grabbing waiting positions={1: 732, 2: 803, 3: 717, 4: 274, 5: 510} movement={1: 15, 2: 0, 3: 0, 4: 0, 5: 0} read_errors=[]
[arm-position] side_view_grabbing waiting positions={1: 745, 2: 803, 3: 717, 4: 274, 5: 510} movement={1: 13, 2: 0, 3: 0, 4: 0, 5: 0} read_errors=[]
[arm-position] side_view_grabbing waiting positions={1: 755, 2: 803, 3: 717, 4: 274, 5: 510} movement={1: 10, 2: 0, 3: 0, 4: 0, 5: 0} read_errors=[]
[arm-position] side_view_grabbing waiting positions={1: 769, 2: 803, 3: 717, 4: 274, 5: 510} movement={1: 14, 2: 0, 3: 0, 4: 0, 5: 0} read_errors=[]
[arm-position] side_view_grabbing waiting positions={1: 783, 2: 803, 3: 717, 4: 274, 5: 510} movement={1: 14, 2: 0, 3: 0, 4: 0, 5: 0} read_errors=[]
[arm-position] side_view_grabbing waiting positions={1: 795, 2: 803, 3: 717, 4: 274, 5: 510} movement={1: 12, 2: 0, 3: 0, 4: 0, 5: 0} read_errors=[]
[arm-position] side_view_grabbing waiting positions={1: 810, 2: 804, 3: 717, 4: 274, 5: 510} movement={1: 15, 2: 1, 3: 0, 4: 0, 5: 0} read_errors=[]
[arm-position] side_view_grabbing waiting positions={1: 823, 2: 803, 3: 717, 4: 274, 5: 510} movement={1: 13, 2: 1, 3: 0, 4: 0, 5: 0} read_errors=[]
[arm-position] side_view_grabbing waiting positions={1: 835, 2: 804, 3: 717, 4: 274, 5: 510} movement={1: 12, 2: 1, 3: 0, 4: 0, 5: 0} read_errors=[]
[arm-position] side_view_grabbing settled positions={1: 837, 2: 804, 3: 717, 4: 274, 5: 510} movement={1: 0, 2: 1, 3: 0, 4: 0, 5: 0} elapsed=4.17s
[base] exp2_side_entry_turn direction=left requested_speed=0.15 effective_speed=0.15 seconds=14.4
[map] motion direction=left speed=0.15 effective_seconds=14.4 pose={'x_m': -0.2748513970094808, 'y_m': -0.04033647343464114, 'heading_rad': 1.398961662316152}
[exp2] side entry direction=left angle_deg=90.00 speed=0.15 seconds=14.400
[exp2] phase=camera_settle seconds=0.40 discard_frames=3
[base] stop
[base] stop
[base] stop
[base] stop
[base] stop
[base] stop
[base] stop
[base] stop
[base] stop
[base] stop
[base] stop
[base] stop
[base] stop
[base] stop
[base] stop
[base] stop
[base] stop
[base] stop
[exp2] phase=geometry_alignment_ready
[tag] backend=pupil_apriltags id=0 center=(204.4,155.9) error_x=0.139 yaw_deg=-51.31 height=44.0px height_norm=0.184 margin=37.26 distance=0.6555358346761616
[exp2] phase=pulse_coarse_yaw center_error=0.139 raw_yaw_deg=-51.31 calibrated_yaw_deg=-39.58 target_yaw_deg=-11.73 yaw_source=calibrated_pnp corner_error_deg=36.97 height_norm=0.184
[exp2] x-priority guard stage=coarse_yaw error=0.139 limit=0.012
[base] stop
[base] exp2_center_align direction=backward requested_speed=0.2 effective_speed=0.2 seconds=0.3
[map] motion direction=backward speed=0.2 effective_seconds=0.3 pose={'x_m': -0.2844578059856234, 'y_m': -0.042003628671290094, 'heading_rad': 1.398961662316152}
[exp2] pulse center correction direction=backward seconds=0.300; stage=coarse_yaw
[base] stop
[base] stop
[base] stop
[base] stop
[base] stop
[base] stop
[base] stop
[base] stop
[base] stop
[tag] backend=pupil_apriltags id=0 center=(197.5,155.6) error_x=0.117 yaw_deg=-49.78 height=44.2px height_norm=0.184 margin=37.32 distance=0.6485942234995311
[exp2] phase=pulse_coarse_yaw center_error=0.117 raw_yaw_deg=-49.78 calibrated_yaw_deg=-38.05 target_yaw_deg=-11.73 yaw_source=calibrated_pnp corner_error_deg=33.81 height_norm=0.184
[exp2] x-priority guard stage=coarse_yaw error=0.117 limit=0.012
[base] stop
[base] exp2_center_align direction=backward requested_speed=0.2 effective_speed=0.2 seconds=0.3
[map] motion direction=backward speed=0.2 effective_seconds=0.3 pose={'x_m': -0.29406421496176605, 'y_m': -0.04367078390793905, 'heading_rad': 1.398961662316152}
[exp2] pulse center correction direction=backward seconds=0.300; stage=coarse_yaw
[base] stop
[base] stop
[base] stop
[base] stop
[base] stop
[base] stop
[base] stop
[base] stop
[base] stop
[tag] backend=pupil_apriltags id=0 center=(191.1,155.6) error_x=0.097 yaw_deg=-48.35 height=44.5px height_norm=0.186 margin=38.05 distance=0.6427234447825164
[exp2] phase=pulse_coarse_yaw center_error=0.097 raw_yaw_deg=-48.35 calibrated_yaw_deg=-36.62 target_yaw_deg=-11.73 yaw_source=calibrated_pnp corner_error_deg=32.22 height_norm=0.186
[exp2] x-priority guard stage=coarse_yaw error=0.097 limit=0.012
[base] stop
[base] exp2_center_align direction=backward requested_speed=0.2 effective_speed=0.2 seconds=0.3
[map] motion direction=backward speed=0.2 effective_seconds=0.3 pose={'x_m': -0.30367062393790867, 'y_m': -0.045337939144588, 'heading_rad': 1.398961662316152}
[exp2] pulse center correction direction=backward seconds=0.300; stage=coarse_yaw
[base] stop
[base] stop
[base] stop
[base] stop
[base] stop
[base] stop
[base] stop
[base] stop
[base] stop
[tag] backend=pupil_apriltags id=0 center=(184.0,155.8) error_x=0.075 yaw_deg=-46.45 height=44.2px height_norm=0.184 margin=37.87 distance=0.6449606118443268
[exp2] phase=pulse_coarse_yaw center_error=0.075 raw_yaw_deg=-46.45 calibrated_yaw_deg=-34.72 target_yaw_deg=-11.73 yaw_source=calibrated_pnp corner_error_deg=28.81 height_norm=0.184
[exp2] x-priority guard stage=coarse_yaw error=0.075 limit=0.012
[base] stop
[base] exp2_center_align direction=backward requested_speed=0.2 effective_speed=0.2 seconds=0.3
[map] motion direction=backward speed=0.2 effective_seconds=0.3 pose={'x_m': -0.3132770329140513, 'y_m': -0.047005094381236956, 'heading_rad': 1.398961662316152}
[exp2] pulse center correction direction=backward seconds=0.300; stage=coarse_yaw
[base] stop
[base] stop
[base] stop
[base] stop
[base] stop
[base] stop
[base] stop
[base] stop
[base] stop
[tag] backend=pupil_apriltags id=0 center=(178.4,155.7) error_x=0.057 yaw_deg=-44.98 height=44.4px height_norm=0.185 margin=36.99 distance=0.6429155632235983
[exp2] phase=pulse_coarse_yaw center_error=0.057 raw_yaw_deg=-44.98 calibrated_yaw_deg=-33.25 target_yaw_deg=-11.73 yaw_source=calibrated_pnp corner_error_deg=27.75 height_norm=0.185
[exp2] x-priority guard stage=coarse_yaw error=0.057 limit=0.012
[base] stop
[base] exp2_center_align direction=backward requested_speed=0.2 effective_speed=0.2 seconds=0.3
[map] motion direction=backward speed=0.2 effective_seconds=0.3 pose={'x_m': -0.3228834418901939, 'y_m': -0.04867224961788591, 'heading_rad': 1.398961662316152}
[exp2] pulse center correction direction=backward seconds=0.300; stage=coarse_yaw
[base] stop
[base] stop
[base] stop
[base] stop
[base] stop
[base] stop
[base] stop
[base] stop
[base] stop
[tag] backend=pupil_apriltags id=0 center=(171.1,155.9) error_x=0.035 yaw_deg=-44.31 height=44.6px height_norm=0.186 margin=36.81 distance=0.6362026175591404
[exp2] phase=pulse_coarse_yaw center_error=0.035 raw_yaw_deg=-44.31 calibrated_yaw_deg=-32.58 target_yaw_deg=-11.73 yaw_source=calibrated_pnp corner_error_deg=25.02 height_norm=0.186
[exp2] x-priority guard stage=coarse_yaw error=0.035 limit=0.012
[base] stop
[base] exp2_center_align direction=backward requested_speed=0.2 effective_speed=0.2 seconds=0.3
[map] motion direction=backward speed=0.2 effective_seconds=0.3 pose={'x_m': -0.33248985086633653, 'y_m': -0.050339404854534864, 'heading_rad': 1.398961662316152}
[exp2] pulse center correction direction=backward seconds=0.300; stage=coarse_yaw
[base] stop
[base] stop
[base] stop
[base] stop
[base] stop
[base] stop
[base] stop
[base] stop
[base] stop
[tag] backend=pupil_apriltags id=0 center=(165.6,155.9) error_x=0.017 yaw_deg=-43.27 height=44.5px height_norm=0.185 margin=36.24 distance=0.6356006227964336
[exp2] phase=pulse_coarse_yaw center_error=0.017 raw_yaw_deg=-43.27 calibrated_yaw_deg=-31.54 target_yaw_deg=-11.73 yaw_source=calibrated_pnp corner_error_deg=25.86 height_norm=0.185
[exp2] x-priority guard stage=coarse_yaw error=0.017 limit=0.012
[base] stop
[base] exp2_center_align direction=backward requested_speed=0.2 effective_speed=0.2 seconds=0.3
[map] motion direction=backward speed=0.2 effective_seconds=0.3 pose={'x_m': -0.34209625984247916, 'y_m': -0.05200656009118382, 'heading_rad': 1.398961662316152}
[exp2] pulse center correction direction=backward seconds=0.300; stage=coarse_yaw
[base] stop
[base] stop
[base] stop
[base] stop
[base] stop
[base] stop
[base] stop
[base] stop
[base] stop
[tag] backend=pupil_apriltags id=0 center=(158.4,155.9) error_x=-0.005 yaw_deg=-41.15 height=44.1px height_norm=0.184 margin=36.25 distance=0.6440545002337059
[exp2] phase=pulse_coarse_yaw center_error=-0.005 raw_yaw_deg=-41.15 calibrated_yaw_deg=-29.42 target_yaw_deg=-11.73 yaw_source=calibrated_pnp corner_error_deg=22.19 height_norm=0.184
[base] stop
[base] exp2_yaw_align direction=left requested_speed=0.15 effective_speed=0.15 seconds=0.4
[map] motion direction=left speed=0.15 effective_seconds=0.4 pose={'x_m': -0.34209625984247916, 'y_m': -0.05200656009118382, 'heading_rad': 1.3553284310162912}
[exp2] pulse yaw correction direction=left seconds=0.400
[exp2] pulse stage=coarse_yaw axis=yaw
[base] stop
[base] stop
[base] stop
[base] stop
[base] stop
[base] stop
[base] stop
[base] stop
[base] stop
[tag] backend=pupil_apriltags id=0 center=(163.9,155.6) error_x=0.012 yaw_deg=-40.21 height=44.0px height_norm=0.183 margin=37.07 distance=0.6397046759490128
[exp2] phase=pulse_coarse_yaw center_error=0.012 raw_yaw_deg=-40.21 calibrated_yaw_deg=-28.48 target_yaw_deg=-11.73 yaw_source=calibrated_pnp corner_error_deg=22.54 height_norm=0.183
[exp2] x-priority guard stage=coarse_yaw error=0.012 limit=0.012
[base] stop
[base] exp2_center_align direction=backward requested_speed=0.2 effective_speed=0.2 seconds=0.3
[map] motion direction=backward speed=0.2 effective_seconds=0.3 pose={'x_m': -0.3516208053558169, 'y_m': -0.05409115423977907, 'heading_rad': 1.3553284310162912}
[exp2] pulse center correction direction=backward seconds=0.300; stage=coarse_yaw
[base] stop
[base] stop
[base] stop
[base] stop
[base] stop
[base] stop
[base] stop
[base] stop
[base] stop
[tag] backend=pupil_apriltags id=0 center=(157.3,155.6) error_x=-0.009 yaw_deg=-40.17 height=43.9px height_norm=0.183 margin=36.50 distance=0.6385095657519608
[exp2] phase=pulse_coarse_yaw center_error=-0.009 raw_yaw_deg=-40.17 calibrated_yaw_deg=-28.44 target_yaw_deg=-11.73 yaw_source=calibrated_pnp corner_error_deg=22.49 height_norm=0.183
[base] stop
[base] exp2_yaw_align direction=left requested_speed=0.15 effective_speed=0.15 seconds=0.4
[map] motion direction=left speed=0.15 effective_seconds=0.4 pose={'x_m': -0.3516208053558169, 'y_m': -0.05409115423977907, 'heading_rad': 1.3116951997164303}
[exp2] pulse yaw correction direction=left seconds=0.400
[exp2] pulse stage=coarse_yaw axis=yaw
[base] stop
[base] stop
[base] stop
[base] stop
[base] stop
[base] stop
[base] stop
[base] stop
[base] stop
[tag] backend=pupil_apriltags id=0 center=(167.1,155.1) error_x=0.022 yaw_deg=-39.51 height=43.2px height_norm=0.180 margin=36.64 distance=0.6436038190720393
[exp2] phase=pulse_coarse_yaw center_error=0.022 raw_yaw_deg=-39.51 calibrated_yaw_deg=-27.78 target_yaw_deg=-11.73 yaw_source=calibrated_pnp corner_error_deg=23.32 height_norm=0.180
[exp2] x-priority guard stage=coarse_yaw error=0.022 limit=0.012
[base] stop
[base] exp2_center_align direction=backward requested_speed=0.2 effective_speed=0.2 seconds=0.3
[map] motion direction=backward speed=0.2 effective_seconds=0.3 pose={'x_m': -0.36104535689262535, 'y_m': -0.05658921915687817, 'heading_rad': 1.3116951997164303}
[exp2] pulse center correction direction=backward seconds=0.300; stage=coarse_yaw
[base] stop
[base] stop
[base] stop
[base] stop
[base] stop
[base] stop
[base] stop
[base] stop
[base] stop
[tag] backend=pupil_apriltags id=0 center=(160.3,155.1) error_x=0.001 yaw_deg=-38.08 height=43.0px height_norm=0.179 margin=36.96 distance=0.6463630007499314
[exp2] phase=pulse_coarse_yaw center_error=0.001 raw_yaw_deg=-38.08 calibrated_yaw_deg=-26.35 target_yaw_deg=-11.73 yaw_source=calibrated_pnp corner_error_deg=20.24 height_norm=0.179
[base] stop
[base] exp2_yaw_align direction=left requested_speed=0.15 effective_speed=0.15 seconds=0.4
[map] motion direction=left speed=0.15 effective_seconds=0.4 pose={'x_m': -0.36104535689262535, 'y_m': -0.05658921915687817, 'heading_rad': 1.2680619684165695}
[exp2] pulse yaw correction direction=left seconds=0.400
[exp2] pulse stage=coarse_yaw axis=yaw
[base] stop
[base] stop
[base] stop
[base] stop
[base] stop
[base] stop
[base] stop
[base] stop
[base] stop
[tag] backend=pupil_apriltags id=0 center=(170.1,154.6) error_x=0.031 yaw_deg=-37.55 height=42.4px height_norm=0.176 margin=36.34 distance=0.6539597602871651
[exp2] phase=pulse_coarse_yaw center_error=0.031 raw_yaw_deg=-37.55 calibrated_yaw_deg=-25.82 target_yaw_deg=-11.73 yaw_source=calibrated_pnp corner_error_deg=20.91 height_norm=0.176
[exp2] x-priority guard stage=coarse_yaw error=0.031 limit=0.012
[base] stop
[base] exp2_center_align direction=backward requested_speed=0.2 effective_speed=0.2 seconds=0.3
[map] motion direction=backward speed=0.2 effective_seconds=0.3 pose={'x_m': -0.37035197428339767, 'y_m': -0.059495999633930714, 'heading_rad': 1.2680619684165695}
[exp2] pulse center correction direction=backward seconds=0.300; stage=coarse_yaw
[base] stop
[base] stop
[base] stop
[base] stop
[base] stop
[base] stop
[base] stop
[base] stop
[base] stop
[tag] backend=pupil_apriltags id=0 center=(162.9,154.7) error_x=0.009 yaw_deg=-35.07 height=42.3px height_norm=0.176 margin=36.33 distance=0.6552788020554465
[exp2] phase=pulse_coarse_yaw center_error=0.009 raw_yaw_deg=-35.07 calibrated_yaw_deg=-23.34 target_yaw_deg=-11.73 yaw_source=calibrated_pnp corner_error_deg=19.64 height_norm=0.176
[base] stop
[base] exp2_yaw_align direction=left requested_speed=0.15 effective_speed=0.15 seconds=0.4
[map] motion direction=left speed=0.15 effective_seconds=0.4 pose={'x_m': -0.37035197428339767, 'y_m': -0.059495999633930714, 'heading_rad': 1.2244287371167086}
[exp2] pulse yaw correction direction=left seconds=0.400
[exp2] pulse stage=coarse_yaw axis=yaw
[base] stop
[base] stop
[base] stop
[base] stop
[base] stop
[base] stop
[base] stop
[base] stop
[base] stop
[tag] backend=pupil_apriltags id=0 center=(173.5,154.4) error_x=0.042 yaw_deg=-35.11 height=41.9px height_norm=0.174 margin=34.87 distance=0.653882896795889
[exp2] phase=pulse_coarse_yaw center_error=0.042 raw_yaw_deg=-35.11 calibrated_yaw_deg=-23.38 target_yaw_deg=-11.73 yaw_source=calibrated_pnp corner_error_deg=20.96 height_norm=0.174
[exp2] x-priority guard stage=coarse_yaw error=0.042 limit=0.012
[base] stop
[base] exp2_center_align direction=backward requested_speed=0.2 effective_speed=0.2 seconds=0.3
[map] motion direction=backward speed=0.2 effective_seconds=0.3 pose={'x_m': -0.379522941852977, 'y_m': -0.06280596244908801, 'heading_rad': 1.2244287371167086}
[exp2] pulse center correction direction=backward seconds=0.300; stage=coarse_yaw
[base] stop
[base] stop
[base] stop
[base] stop
[base] stop
[base] stop
[base] stop
[base] stop
[base] stop
[tag] backend=pupil_apriltags id=0 center=(166.8,154.7) error_x=0.021 yaw_deg=-34.07 height=41.9px height_norm=0.175 margin=34.98 distance=0.6522725097010077
[exp2] phase=pulse_coarse_yaw center_error=0.021 raw_yaw_deg=-34.07 calibrated_yaw_deg=-22.34 target_yaw_deg=-11.73 yaw_source=calibrated_pnp corner_error_deg=19.47 height_norm=0.175
[exp2] x-priority guard stage=coarse_yaw error=0.021 limit=0.012
[base] stop
[base] exp2_center_align direction=backward requested_speed=0.2 effective_speed=0.2 seconds=0.3
[map] motion direction=backward speed=0.2 effective_seconds=0.3 pose={'x_m': -0.3886939094225564, 'y_m': -0.06611592526424531, 'heading_rad': 1.2244287371167086}
[exp2] pulse center correction direction=backward seconds=0.300; stage=coarse_yaw
[base] stop
[base] stop
[base] stop
[base] stop
[base] stop
[base] stop
[base] stop
[base] stop
[base] stop
[tag] backend=pupil_apriltags id=0 center=(160.2,154.5) error_x=0.001 yaw_deg=-32.42 height=41.6px height_norm=0.173 margin=34.46 distance=0.6598171060147578
[exp2] phase=pulse_coarse_yaw center_error=0.001 raw_yaw_deg=-32.42 calibrated_yaw_deg=-20.69 target_yaw_deg=-11.73 yaw_source=calibrated_pnp corner_error_deg=17.98 height_norm=0.173
[base] stop
[base] exp2_yaw_align direction=left requested_speed=0.15 effective_speed=0.15 seconds=0.4
[map] motion direction=left speed=0.15 effective_seconds=0.4 pose={'x_m': -0.3886939094225564, 'y_m': -0.06611592526424531, 'heading_rad': 1.1807955058168478}
[exp2] pulse yaw correction direction=left seconds=0.400
[exp2] pulse stage=coarse_yaw axis=yaw
[base] stop
[base] stop
[base] stop
[base] stop
[base] stop
[base] stop
[base] stop
[base] stop
[base] stop
[tag] backend=pupil_apriltags id=0 center=(170.6,154.2) error_x=0.033 yaw_deg=-33.52 height=41.1px height_norm=0.171 margin=34.22 distance=0.659739411798777
[exp2] phase=pulse_coarse_yaw center_error=0.033 raw_yaw_deg=-33.52 calibrated_yaw_deg=-21.79 target_yaw_deg=-11.73 yaw_source=calibrated_pnp corner_error_deg=18.51 height_norm=0.171
[exp2] x-priority guard stage=coarse_yaw error=0.033 limit=0.012
[base] stop
[base] exp2_center_align direction=backward requested_speed=0.2 effective_speed=0.2 seconds=0.3
[map] motion direction=backward speed=0.2 effective_seconds=0.3 pose={'x_m': -0.3977117697129303, 'y_m': -0.06982276971516273, 'heading_rad': 1.1807955058168478}
[exp2] pulse center correction direction=backward seconds=0.300; stage=coarse_yaw
[base] stop
[base] stop
[base] stop
[base] stop
[base] stop
[base] stop
[base] stop
[base] stop
[base] stop
[tag] backend=pupil_apriltags id=0 center=(164.3,154.1) error_x=0.014 yaw_deg=-31.29 height=41.2px height_norm=0.172 margin=34.20 distance=0.6545539115938114
[exp2] phase=pulse_coarse_yaw center_error=0.014 raw_yaw_deg=-31.29 calibrated_yaw_deg=-19.56 target_yaw_deg=-11.73 yaw_source=calibrated_pnp corner_error_deg=17.09 height_norm=0.172
[exp2] pulse stage coarse_yaw->center
[exp2] x-priority guard stage=center error=0.014 limit=0.012
[base] stop
[base] exp2_center_align direction=backward requested_speed=0.2 effective_speed=0.2 seconds=0.3
[map] motion direction=backward speed=0.2 effective_seconds=0.3 pose={'x_m': -0.40672963000330425, 'y_m': -0.07352961416608014, 'heading_rad': 1.1807955058168478}
[exp2] pulse center correction direction=backward seconds=0.300; stage=center
[base] stop
[base] stop
[base] stop
[base] stop
[base] stop
[base] stop
[base] stop
[base] stop
[base] stop
[tag] backend=pupil_apriltags id=0 center=(156.7,154.3) error_x=-0.010 yaw_deg=-28.51 height=40.8px height_norm=0.170 margin=34.09 distance=0.6627406505161471
[exp2] phase=pulse_center center_error=-0.010 raw_yaw_deg=-28.51 calibrated_yaw_deg=-16.78 target_yaw_deg=-11.73 yaw_source=calibrated_pnp corner_error_deg=15.39 height_norm=0.170
[exp2] pulse stage center->final_yaw
[base] stop
[base] exp2_yaw_align direction=left requested_speed=0.15 effective_speed=0.15 seconds=0.4
[map] motion direction=left speed=0.15 effective_seconds=0.4 pose={'x_m': -0.40672963000330425, 'y_m': -0.07352961416608014, 'heading_rad': 1.137162274516987}
[exp2] pulse yaw correction direction=left seconds=0.400
[exp2] pulse stage=final_yaw axis=yaw
[base] stop
[base] stop
[base] stop
[base] stop
[base] stop
[base] stop
[base] stop
[base] stop
[base] stop
[tag] backend=pupil_apriltags id=0 center=(165.5,153.9) error_x=0.017 yaw_deg=-30.72 height=40.4px height_norm=0.168 margin=34.30 distance=0.6591808790486944
[exp2] phase=pulse_final_yaw center_error=0.017 raw_yaw_deg=-30.72 calibrated_yaw_deg=-18.99 target_yaw_deg=-11.73 yaw_source=calibrated_pnp corner_error_deg=17.24 height_norm=0.168
[exp2] x-priority guard stage=final_yaw error=0.017 limit=0.012
[base] stop
[base] exp2_center_align direction=backward requested_speed=0.2 effective_speed=0.2 seconds=0.3
[map] motion direction=backward speed=0.2 effective_seconds=0.3 pose={'x_m': -0.4155772170048683, 'y_m': -0.0776262840636621, 'heading_rad': 1.137162274516987}
[exp2] pulse center correction direction=backward seconds=0.300; stage=final_yaw
[base] stop
[base] stop
[base] stop
[base] stop
[base] stop
[base] stop
[base] stop
[base] stop
[base] stop
[tag] backend=pupil_apriltags id=0 center=(159.6,153.7) error_x=-0.001 yaw_deg=-28.08 height=40.2px height_norm=0.167 margin=34.58 distance=0.6665907305204394
[exp2] phase=pulse_final_yaw center_error=-0.001 raw_yaw_deg=-28.08 calibrated_yaw_deg=-16.35 target_yaw_deg=-11.73 yaw_source=calibrated_pnp corner_error_deg=15.03 height_norm=0.167
[base] stop
[base] exp2_yaw_align direction=left requested_speed=0.15 effective_speed=0.15 seconds=0.4
[map] motion direction=left speed=0.15 effective_seconds=0.4 pose={'x_m': -0.4155772170048683, 'y_m': -0.0776262840636621, 'heading_rad': 1.093529043217126}
[exp2] pulse yaw correction direction=left seconds=0.400
[exp2] pulse stage=final_yaw axis=yaw
[base] stop
[base] stop
[base] stop
[base] stop
[base] stop
[base] stop
[base] stop
[base] stop
[base] stop
[tag] backend=pupil_apriltags id=0 center=(167.6,153.3) error_x=0.024 yaw_deg=-29.14 height=39.7px height_norm=0.165 margin=34.46 distance=0.6648457503230125
[exp2] phase=pulse_final_yaw center_error=0.024 raw_yaw_deg=-29.14 calibrated_yaw_deg=-17.41 target_yaw_deg=-11.73 yaw_source=calibrated_pnp corner_error_deg=16.82 height_norm=0.165
[exp2] x-priority guard stage=final_yaw error=0.024 limit=0.012
[base] stop
[base] exp2_center_align direction=backward requested_speed=0.2 effective_speed=0.2 seconds=0.3
[map] motion direction=backward speed=0.2 effective_seconds=0.3 pose={'x_m': -0.42423768883290114, 'y_m': -0.08210498116391902, 'heading_rad': 1.093529043217126}
[exp2] pulse center correction direction=backward seconds=0.300; stage=final_yaw
[base] stop
[base] stop
[base] stop
[base] stop
[base] stop
[base] stop
[base] stop
[base] stop
[base] stop
[tag] backend=pupil_apriltags id=0 center=(161.7,153.3) error_x=0.005 yaw_deg=-27.1 height=39.6px height_norm=0.165 margin=34.31 distance=0.6647971469411523
[exp2] phase=pulse_final_yaw center_error=0.005 raw_yaw_deg=-27.1 calibrated_yaw_deg=-15.37 target_yaw_deg=-11.73 yaw_source=calibrated_pnp corner_error_deg=14.46 height_norm=0.165
[base] stop
[base] exp2_yaw_align direction=left requested_speed=0.15 effective_speed=0.15 seconds=0.4
[map] motion direction=left speed=0.15 effective_seconds=0.4 pose={'x_m': -0.42423768883290114, 'y_m': -0.08210498116391902, 'heading_rad': 1.0498958119172652}
[exp2] pulse yaw correction direction=left seconds=0.400
[exp2] pulse stage=final_yaw axis=yaw
[base] stop
[base] stop
[base] stop
[base] stop
[base] stop
[base] stop
[base] stop
[base] stop
[base] stop
[tag] backend=pupil_apriltags id=0 center=(169.8,152.7) error_x=0.031 yaw_deg=-26.07 height=39.2px height_norm=0.163 margin=34.46 distance=0.6658611035739268
[exp2] phase=pulse_final_yaw center_error=0.031 raw_yaw_deg=-26.07 calibrated_yaw_deg=-14.34 target_yaw_deg=-11.73 yaw_source=calibrated_pnp corner_error_deg=15.52 height_norm=0.163
[exp2] x-priority guard stage=final_yaw error=0.031 limit=0.012
[base] stop
[base] exp2_center_align direction=backward requested_speed=0.2 effective_speed=0.2 seconds=0.3
[map] motion direction=backward speed=0.2 effective_seconds=0.3 pose={'x_m': -0.43269455978704896, 'y_m': -0.0869571800123681, 'heading_rad': 1.0498958119172652}
[exp2] pulse center correction direction=backward seconds=0.300; stage=final_yaw
[base] stop
[base] stop
[base] stop
[base] stop
[base] stop
[base] stop
[base] stop
[base] stop
[base] stop
[tag] backend=pupil_apriltags id=0 center=(163.7,152.6) error_x=0.012 yaw_deg=-25.98 height=39.0px height_norm=0.163 margin=34.28 distance=0.6713669022610967
[exp2] phase=pulse_final_yaw center_error=0.012 raw_yaw_deg=-25.98 calibrated_yaw_deg=-14.25 target_yaw_deg=-11.73 yaw_source=calibrated_pnp corner_error_deg=13.61 height_norm=0.163
[base] stop
[base] exp2_yaw_align direction=left requested_speed=0.15 effective_speed=0.15 seconds=0.4
[map] motion direction=left speed=0.15 effective_seconds=0.4 pose={'x_m': -0.43269455978704896, 'y_m': -0.0869571800123681, 'heading_rad': 1.0062625806174044}
[exp2] pulse yaw correction direction=left seconds=0.400
[exp2] pulse stage=final_yaw axis=yaw
[base] stop
[base] stop
[base] stop
[base] stop
[base] stop
[base] stop
[base] stop
[base] stop
[base] stop
[tag] backend=pupil_apriltags id=0 center=(171.9,152.4) error_x=0.037 yaw_deg=-24.63 height=38.6px height_norm=0.161 margin=34.13 distance=0.6717299055735274
[exp2] phase=pulse_final_yaw center_error=0.037 raw_yaw_deg=-24.63 calibrated_yaw_deg=-12.9 target_yaw_deg=-11.73 yaw_source=calibrated_pnp corner_error_deg=14.71 height_norm=0.161
[exp2] x-priority guard stage=final_yaw error=0.037 limit=0.012
[base] stop
[base] exp2_center_align direction=backward requested_speed=0.2 effective_speed=0.2 seconds=0.3
[map] motion direction=backward speed=0.2 effective_seconds=0.3 pose={'x_m': -0.4409317317327935, 'y_m': -0.09217364417272035, 'heading_rad': 1.0062625806174044}
[exp2] pulse center correction direction=backward seconds=0.300; stage=final_yaw
[base] stop
[base] stop
[base] stop
[base] stop
[base] stop
[base] stop
[base] stop
[base] stop
[base] stop
[tag] backend=pupil_apriltags id=0 center=(166.1,152.2) error_x=0.019 yaw_deg=-23.6 height=38.7px height_norm=0.161 margin=34.10 distance=0.6698493383955736
[exp2] phase=pulse_final_yaw center_error=0.019 raw_yaw_deg=-23.6 calibrated_yaw_deg=-11.88 target_yaw_deg=-11.73 yaw_source=calibrated_pnp corner_error_deg=13.18 height_norm=0.161
[exp2] x-priority guard stage=final_yaw error=0.019 limit=0.012
[base] stop
[base] exp2_center_align direction=backward requested_speed=0.2 effective_speed=0.2 seconds=0.3
[map] motion direction=backward speed=0.2 effective_seconds=0.3 pose={'x_m': -0.449168903678538, 'y_m': -0.0973901083330726, 'heading_rad': 1.0062625806174044}
[exp2] pulse center correction direction=backward seconds=0.300; stage=final_yaw
[base] stop
[base] stop
[base] stop
[base] stop
[base] stop
[base] stop
[base] stop
[base] stop
[base] stop
[tag] backend=pupil_apriltags id=0 center=(160.0,152.3) error_x=0.000 yaw_deg=-22.89 height=38.5px height_norm=0.160 margin=34.32 distance=0.671449089078373
[exp2] phase=pulse_final_yaw center_error=0.000 raw_yaw_deg=-22.89 calibrated_yaw_deg=-11.16 target_yaw_deg=-11.73 yaw_source=calibrated_pnp corner_error_deg=12.61 height_norm=0.160
[base] stop
[base] exp2_yaw_align direction=left requested_speed=0.15 effective_speed=0.15 seconds=0.4
[map] motion direction=left speed=0.15 effective_seconds=0.4 pose={'x_m': -0.449168903678538, 'y_m': -0.0973901083330726, 'heading_rad': 0.9626293493175435}
[exp2] pulse yaw correction direction=left seconds=0.400
[exp2] pulse stage=final_yaw axis=yaw
[base] stop
[base] stop
[base] stop
[base] stop
[base] stop
[base] stop
[base] stop
[base] stop
[base] stop
[tag] backend=pupil_apriltags id=0 center=(166.2,151.6) error_x=0.019 yaw_deg=-22.02 height=37.9px height_norm=0.158 margin=34.17 distance=0.6727409477698257
[exp2] phase=pulse_final_yaw center_error=0.019 raw_yaw_deg=-22.02 calibrated_yaw_deg=-10.29 target_yaw_deg=-11.73 yaw_source=calibrated_pnp corner_error_deg=12.40 height_norm=0.158
[exp2] x-priority guard stage=final_yaw error=0.019 limit=0.012
[base] stop
[base] exp2_center_align direction=backward requested_speed=0.2 effective_speed=0.2 seconds=0.3
[map] motion direction=backward speed=0.2 effective_seconds=0.3 pose={'x_m': -0.4571706966909102, 'y_m': -0.10296090796931434, 'heading_rad': 0.9626293493175435}
[exp2] pulse center correction direction=backward seconds=0.300; stage=final_yaw
[base] stop
[base] stop
[base] stop
[base] stop
[base] stop
[base] stop
[base] stop
[base] stop
[base] stop
[tag] backend=pupil_apriltags id=0 center=(159.8,151.6) error_x=-0.001 yaw_deg=-20.31 height=37.8px height_norm=0.157 margin=34.02 distance=0.679597288311849
[exp2] phase=pulse_final_yaw center_error=-0.001 raw_yaw_deg=-20.31 calibrated_yaw_deg=-8.58 target_yaw_deg=-11.73 yaw_source=calibrated_pnp corner_error_deg=11.54 height_norm=0.157
[base] stop
[base] exp2_yaw_align direction=left requested_speed=0.15 effective_speed=0.15 seconds=0.4
[map] motion direction=left speed=0.15 effective_seconds=0.4 pose={'x_m': -0.4571706966909102, 'y_m': -0.10296090796931434, 'heading_rad': 0.9189961180176827}
[exp2] pulse yaw correction direction=left seconds=0.400
[exp2] pulse stage=final_yaw axis=yaw
[base] stop
[base] stop
[base] stop
[base] stop
[base] stop
[base] stop
[base] stop
[base] stop
[base] stop
[tag] backend=pupil_apriltags id=0 center=(168.3,151.2) error_x=0.026 yaw_deg=-19.28 height=37.3px height_norm=0.155 margin=33.93 distance=0.6782531201971553
[exp2] phase=pulse_final_yaw center_error=0.026 raw_yaw_deg=-19.28 calibrated_yaw_deg=-7.55 target_yaw_deg=-11.73 yaw_source=calibrated_pnp corner_error_deg=11.66 height_norm=0.155
[exp2] x-priority guard stage=final_yaw error=0.026 limit=0.012
[base] stop
[base] exp2_center_align direction=backward requested_speed=0.2 effective_speed=0.2 seconds=0.3
[map] motion direction=backward speed=0.2 effective_seconds=0.3 pose={'x_m': -0.4649218789021189, 'y_m': -0.10887543874771444, 'heading_rad': 0.9189961180176827}
[exp2] pulse center correction direction=backward seconds=0.300; stage=final_yaw
[base] stop
[base] stop
[base] stop
[base] stop
[base] stop
[base] stop
[base] stop
[base] stop
[base] stop
[tag] backend=pupil_apriltags id=0 center=(161.4,151.3) error_x=0.004 yaw_deg=-16.62 height=36.9px height_norm=0.154 margin=33.71 distance=0.6866321660014358
[exp2] phase=pulse_final_yaw center_error=0.004 raw_yaw_deg=-16.62 calibrated_yaw_deg=-4.89 target_yaw_deg=-11.73 yaw_source=calibrated_pnp corner_error_deg=9.91 height_norm=0.154
[base] stop
[base] stop
[exp2] stable frame 1/5
[tag] backend=pupil_apriltags id=0 center=(161.4,151.2) error_x=0.004 yaw_deg=-16.99 height=37.0px height_norm=0.154 margin=33.64 distance=0.6849621243450121
[exp2] phase=pulse_final_yaw center_error=0.004 raw_yaw_deg=-16.99 calibrated_yaw_deg=-5.26 target_yaw_deg=-11.73 yaw_source=calibrated_pnp corner_error_deg=9.87 height_norm=0.154
[base] stop
[base] stop
[exp2] stable frame 2/5
[tag] backend=pupil_apriltags id=0 center=(161.4,151.2) error_x=0.004 yaw_deg=-16.63 height=36.9px height_norm=0.154 margin=34.02 distance=0.686803413911394
[exp2] phase=pulse_final_yaw center_error=0.004 raw_yaw_deg=-16.63 calibrated_yaw_deg=-4.9 target_yaw_deg=-11.73 yaw_source=calibrated_pnp corner_error_deg=9.66 height_norm=0.154
[base] stop
[base] stop
[exp2] stable frame 3/5
[tag] backend=pupil_apriltags id=0 center=(161.4,151.3) error_x=0.004 yaw_deg=-17.3 height=37.0px height_norm=0.154 margin=34.00 distance=0.683758982693313
[exp2] phase=pulse_final_yaw center_error=0.004 raw_yaw_deg=-17.3 calibrated_yaw_deg=-5.57 target_yaw_deg=-11.73 yaw_source=calibrated_pnp corner_error_deg=10.01 height_norm=0.154
[base] stop
[base] stop
[exp2] stable frame 4/5
[tag] backend=pupil_apriltags id=0 center=(161.4,151.3) error_x=0.004 yaw_deg=-17.37 height=37.1px height_norm=0.154 margin=33.67 distance=0.6840814693269449
[exp2] phase=pulse_final_yaw center_error=0.004 raw_yaw_deg=-17.37 calibrated_yaw_deg=-5.64 target_yaw_deg=-11.73 yaw_source=calibrated_pnp corner_error_deg=9.95 height_norm=0.154
[base] stop
[base] stop
[exp2] stable frame 5/5
[fsm] BIN_SIDE_DOCKING --TARGET_STABLE--> FINALIZING
[exp2] phase=release
[arm] pose release
[arm] release servo=4 angle=0 speed=85
[arm-position] release waiting for motion to settle servos=[4] stability_delta=3 min_wait=0.5 timeout=10.0 stable_samples=2
[arm-position] release waiting positions={4: 328} movement={} read_errors=[]
[arm-position] release waiting positions={4: 339} movement={4: 11} read_errors=[]
[arm-position] release waiting positions={4: 353} movement={4: 14} read_errors=[]
[arm-position] release waiting positions={4: 364} movement={4: 11} read_errors=[]
[arm-position] release waiting positions={4: 379} movement={4: 15} read_errors=[]
[arm-position] release waiting positions={4: 390} movement={4: 11} read_errors=[]
[arm-position] release waiting positions={4: 404} movement={4: 14} read_errors=[]
[arm-position] release waiting positions={4: 415} movement={4: 11} read_errors=[]
[arm-position] release waiting positions={4: 429} movement={4: 14} read_errors=[]
[arm-position] release waiting positions={4: 442} movement={4: 13} read_errors=[]
[arm-position] release waiting positions={4: 456} movement={4: 14} read_errors=[]
[arm-position] release waiting positions={4: 464} movement={4: 8} read_errors=[]
[arm-position] release waiting positions={4: 479} movement={4: 15} read_errors=[]
[arm-position] release waiting positions={4: 489} movement={4: 10} read_errors=[]
[arm-position] release waiting positions={4: 499} movement={4: 10} read_errors=[]
[arm-position] release settled positions={4: 499} movement={4: 0} elapsed=2.42s
[exp2] phase=safe_home
[arm] pose safe_home
[arm] safe_home servo=5 angle=0 speed=85
[arm] safe_home servo=4 angle=0 speed=85
[arm] safe_home servo=3 angle=0 speed=85
[arm] safe_home servo=2 angle=0 speed=85
[arm] safe_home servo=1 angle=-16 speed=85
[arm-position] safe_home waiting for motion to settle servos=[1, 2, 3, 4, 5] stability_delta=3 min_wait=0.5 timeout=10.0 stable_samples=2
[arm-position] safe_home waiting positions={1: 771, 2: 698, 3: 591, 4: 499, 5: 510} movement={} read_errors=[]
[arm-position] safe_home waiting positions={1: 755, 2: 685, 3: 578, 4: 499, 5: 510} movement={1: 16, 2: 13, 3: 13, 4: 0, 5: 0} read_errors=[]
[arm-position] safe_home waiting positions={1: 744, 2: 672, 3: 564, 4: 499, 5: 510} movement={1: 11, 2: 13, 3: 14, 4: 0, 5: 0} read_errors=[]
[arm-position] safe_home waiting positions={1: 732, 2: 658, 3: 551, 4: 499, 5: 510} movement={1: 12, 2: 14, 3: 13, 4: 0, 5: 0} read_errors=[]
[arm-position] safe_home waiting positions={1: 719, 2: 647, 3: 540, 4: 499, 5: 510} movement={1: 13, 2: 11, 3: 11, 4: 0, 5: 0} read_errors=[]
[arm-position] safe_home waiting positions={1: 705, 2: 631, 3: 525, 4: 499, 5: 510} movement={1: 14, 2: 16, 3: 15, 4: 0, 5: 0} read_errors=[]
[arm-position] safe_home waiting positions={1: 692, 2: 618, 3: 515, 4: 499, 5: 510} movement={1: 13, 2: 13, 3: 10, 4: 0, 5: 0} read_errors=[]
[arm-position] safe_home waiting positions={1: 679, 2: 606, 3: 515, 4: 499, 5: 510} movement={1: 13, 2: 12, 3: 0, 4: 0, 5: 0} read_errors=[]
[arm-position] safe_home waiting positions={1: 665, 2: 591, 3: 514, 4: 499, 5: 510} movement={1: 14, 2: 15, 3: 1, 4: 0, 5: 0} read_errors=[]
[arm-position] safe_home waiting positions={1: 652, 2: 579, 3: 515, 4: 499, 5: 510} movement={1: 13, 2: 12, 3: 1, 4: 0, 5: 0} read_errors=[]
[arm-position] safe_home waiting positions={1: 639, 2: 566, 3: 514, 4: 499, 5: 510} movement={1: 13, 2: 13, 3: 1, 4: 0, 5: 0} read_errors=[]
[arm-position] safe_home waiting positions={1: 626, 2: 552, 3: 514, 4: 499, 5: 510} movement={1: 13, 2: 14, 3: 0, 4: 0, 5: 0} read_errors=[]
[arm-position] safe_home waiting positions={1: 614, 2: 537, 3: 514, 4: 499, 5: 510} movement={1: 12, 2: 15, 3: 0, 4: 0, 5: 0} read_errors=[]
[arm-position] safe_home waiting positions={1: 601, 2: 523, 3: 515, 4: 499, 5: 510} movement={1: 13, 2: 14, 3: 1, 4: 0, 5: 0} read_errors=[]
[arm-position] safe_home waiting positions={1: 587, 2: 518, 3: 515, 4: 499, 5: 510} movement={1: 14, 2: 5, 3: 0, 4: 0, 5: 0} read_errors=[]
[arm-position] safe_home waiting positions={1: 573, 2: 518, 3: 515, 4: 499, 5: 510} movement={1: 14, 2: 0, 3: 0, 4: 0, 5: 0} read_errors=[]
[arm-position] safe_home waiting positions={1: 561, 2: 518, 3: 515, 4: 499, 5: 510} movement={1: 12, 2: 0, 3: 0, 4: 0, 5: 0} read_errors=[]
[arm-position] safe_home waiting positions={1: 546, 2: 517, 3: 515, 4: 499, 5: 510} movement={1: 15, 2: 1, 3: 0, 4: 0, 5: 0} read_errors=[]
[arm-position] safe_home waiting positions={1: 534, 2: 518, 3: 515, 4: 499, 5: 510} movement={1: 12, 2: 1, 3: 0, 4: 0, 5: 0} read_errors=[]
[arm-position] safe_home waiting positions={1: 520, 2: 517, 3: 515, 4: 499, 5: 510} movement={1: 14, 2: 1, 3: 0, 4: 0, 5: 0} read_errors=[]
[arm-position] safe_home waiting positions={1: 508, 2: 518, 3: 515, 4: 499, 5: 510} movement={1: 12, 2: 1, 3: 0, 4: 0, 5: 0} read_errors=[]
[arm-position] safe_home waiting positions={1: 494, 2: 518, 3: 515, 4: 499, 5: 510} movement={1: 14, 2: 0, 3: 0, 4: 0, 5: 0} read_errors=[]
[arm-position] safe_home waiting positions={1: 481, 2: 518, 3: 515, 4: 499, 5: 510} movement={1: 13, 2: 0, 3: 0, 4: 0, 5: 0} read_errors=[]
[arm-position] safe_home waiting positions={1: 468, 2: 517, 3: 515, 4: 499, 5: 510} movement={1: 13, 2: 1, 3: 0, 4: 0, 5: 0} read_errors=[]
[arm-position] safe_home waiting positions={1: 457, 2: 518, 3: 515, 4: 499, 5: 510} movement={1: 11, 2: 1, 3: 0, 4: 0, 5: 0} read_errors=[]
[arm-position] safe_home waiting positions={1: 443, 2: 518, 3: 515, 4: 499, 5: 510} movement={1: 14, 2: 0, 3: 0, 4: 0, 5: 0} read_errors=[]
[arm-position] safe_home settled positions={1: 441, 2: 518, 3: 515, 4: 499, 5: 510} movement={1: 0, 2: 0, 3: 0, 4: 0, 5: 0} elapsed=4.17s
[map] pose corrected reason=exp2_side_parked_after_release pose={'x_m': 0.05, 'y_m': -0.9, 'heading_rad': 0.0} transformed_cans=15
[exp2] phase=side_parked
[fsm] FINALIZING --FINALIZED--> PLANNING
[fsm] PLANNING --MISSION_COMPLETE--> DONE
[fsm] terminal=DONE context={'vague_map': {'robot_pose': {'x_m': 0.05, 'y_m': -0.9, 'heading_rad': 0.0}, 'bin_marker_position': {'x_m': 0.05, 'y_m': -0.9, 'heading_rad': 0.0}, 'bin_docking_pose': {'x_m': 0.05, 'y_m': -0.9, 'heading_rad': 1.57079632679}, 'bin_side_docking_pose': {'x_m': 0.05, 'y_m': -0.9, 'heading_rad': 0.0}, 'bin_position_in_robot_frame': {'x_m': 0.0, 'y_m': 0.0}, 'selected_can_id': None, 'known_cans': [{'can_id': 1, 'position': {'x_m': -0.837851702086224, 'y_m': -0.4045615772446472}, 'confidence': 0.998039186000824, 'observations': 20, 'last_seen_at': 1788745158.0640535}, {'can_id': 2, 'position': {'x_m': -0.8646094186732293, 'y_m': -0.42226116227381205}, 'confidence': 0.9968884587287903, 'observations': 9, 'last_seen_at': 1788745158.757726}, {'can_id': 3, 'position': {'x_m': -0.8509155223930033, 'y_m': -0.4118484834173049}, 'confidence': 0.9983189702033997, 'observations': 13, 'last_seen_at': 1788745158.3313591}, {'can_id': 4, 'position': {'x_m': -0.8282821990776426, 'y_m': -0.39813018385230425}, 'confidence': 0.9898892045021057, 'observations': 7, 'last_seen_at': 1788745157.5511382}, {'can_id': 5, 'position': {'x_m': -0.8711851302645003, 'y_m': -0.43287195891296587}, 'confidence': 0.5788053274154663, 'observations': 1, 'last_seen_at': 1788745158.8414958}, {'can_id': 6, 'position': {'x_m': -0.8609138194115746, 'y_m': -0.4358117285262849}, 'confidence': 0.3532608449459076, 'observations': 1, 'last_seen_at': 1788745158.9827332}, {'can_id': 7, 'position': {'x_m': -0.7504246783999929, 'y_m': -0.8075566094783371}, 'confidence': 0.2376643866300583, 'observations': 1, 'last_seen_at': 1788745161.879629}, {'can_id': 8, 'position': {'x_m': -0.7330962461146359, 'y_m': -0.7917210452604477}, 'confidence': 0.3009509742259979, 'observations': 1, 'last_seen_at': 1788745162.155554}, {'can_id': 9, 'position': {'x_m': -0.46536792699908774, 'y_m': -0.6931227131529991}, 'confidence': 0.23972733318805695, 'observations': 1, 'last_seen_at': 1788745166.886689}, {'can_id': 10, 'position': {'x_m': -0.024588036480409928, 'y_m': -0.589792930515207}, 'confidence': 0.23309479653835297, 'observations': 1, 'last_seen_at': 1788745183.9981122}, {'can_id': 11, 'position': {'x_m': 0.006345993198348429, 'y_m': -0.60770952225575}, 'confidence': 0.32338011264801025, 'observations': 7, 'last_seen_at': 1788745186.434479}, {'can_id': 12, 'position': {'x_m': -0.0057464239685253715, 'y_m': -0.6027162229074052}, 'confidence': 0.3498658239841461, 'observations': 2, 'last_seen_at': 1788745186.3460565}, {'can_id': 13, 'position': {'x_m': 0.061060871417178975, 'y_m': -0.6440960339928332}, 'confidence': 0.2809614837169647, 'observations': 6, 'last_seen_at': 1788745188.3625753}, {'can_id': 14, 'position': {'x_m': 0.08292251037854115, 'y_m': -0.6559657584164806}, 'confidence': 0.3036801517009735, 'observations': 3, 'last_seen_at': 1788745188.6574304}, {'can_id': 15, 'position': {'x_m': 0.11891392198345377, 'y_m': -0.6799029017972837}, 'confidence': 0.28269100189208984, 'observations': 2, 'last_seen_at': 1788745190.235259}]}, 'distance_to_target': None, 'grabbed': False, 'completed_pickups': 1, 'target_found': False, 'obstacle_found': False, 'target_type': 'bin', 'last_error': 'approach target lost', 'retry_counts': {}, 'searching_routine': {}, 'metrics': {'state_seconds': {'IDLE': 0.0018031597137451172, 'INITIALIZING': 36.98393487930298, 'PLANNING': 0.06090140342712402, 'SEARCHING': 14.099515438079834, 'ALIGNING': 13.54092812538147, 'APPROACHING': 11.050068855285645, 'FINAL_VERIFY': 1.5542147159576416, 'FINALIZING': 32.86430597305298, 'MAP_NAVIGATING': 29.42157244682312, 'BIN_SIDE_DOCKING': 41.37558364868164}, 'detector_calls': {'can': 413, 'bin': 557}, 'detector_seconds': {'can': 12.551270246505737, 'bin': 9.092567205429077}}}
[media] shutdown result={'stopped': True, 'stopping': False, 'last_recording': '/workspace/robot_code/temp_car/diagnostic_outputs/full_demo_1788745092850.avi', 'last_events': '/workspace/robot_code/temp_car/diagnostic_outputs/full_demo_1788745092850.events.csv'}
[fsm] stop_all owner=Thread-5
[base] stop
[arm] pose safe_home
[arm] safe_home servo=5 angle=0 speed=85
[arm] safe_home servo=4 angle=0 speed=85
[arm] safe_home servo=3 angle=0 speed=85
[arm] safe_home servo=2 angle=0 speed=85
[arm] safe_home servo=1 angle=-16 speed=85
[camera] stopped
[depth] stop
[result] True
[integration] SUCCESS elapsed=185.4s
