
>>> run_full_background log=/workspace/robot_code/temp_car/logs/integration_run_full_20260907_050334.log
[fsm] IDLE --START--> INITIALIZING
[depth] loading network fcn-mobilenet
[camera] starting JetBot Camera 320x240
[warmup] frame 1/2 processed
[warmup] frame 2/2 processed
[depth] started enabled=True
[arm] pose safe_home
[arm] TTLServo connected
[arm] safe_home servo=5 angle=0 speed=85
[arm] safe_home servo=4 angle=0 speed=85
[arm] safe_home servo=3 angle=0 speed=85
[arm] safe_home servo=2 angle=0 speed=85
[arm] safe_home servo=1 angle=-16 speed=85
[base] stop
[fsm] INITIALIZING --INITIALIZED--> PLANNING
[fsm] PLANNING --TARGET_REQUIRED--> SEARCHING
[can] loading native detectNet model=/workspace/robot_code/temp_car/assets/models/detectnet_native_can/can_ssd_mobilenet_v1.onnx
[can] native detectNet loaded threshold=0.200 clustering=0.300
[can] backend=detectnet_native no detections
[base] Robot connected
[base] continuous start label=search_can_routine_2_step_0 direction=forward requested_speed=0.6 effective_speed=0.6
[can] backend=detectnet_native no detections
[map] motion direction=forward speed=0.6 effective_seconds=0.0677635669708252 pose={'x_m': 0.0, 'y_m': 0.007030470073223114, 'heading_rad': 0.0}
[can] backend=detectnet_native no detections
[map] motion direction=forward speed=0.6 effective_seconds=0.0717928409576416 pose={'x_m': 0.0, 'y_m': 0.01447897732257843, 'heading_rad': 0.0}
[can] backend=detectnet_native no detections
[map] motion direction=forward speed=0.6 effective_seconds=0.06616592407226562 pose={'x_m': 0.0, 'y_m': 0.021343691945075988, 'heading_rad': 0.0}
[can] backend=detectnet_native no detections
[map] motion direction=forward speed=0.6 effective_seconds=0.0646355152130127 pose={'x_m': 0.0, 'y_m': 0.028049626648426057, 'heading_rad': 0.0}
[can] backend=detectnet_native no detections
[map] motion direction=forward speed=0.6 effective_seconds=0.061199188232421875 pose={'x_m': 0.0, 'y_m': 0.03439904242753983, 'heading_rad': 0.0}
[can] backend=detectnet_native no detections
[map] motion direction=forward speed=0.6 effective_seconds=0.0616765022277832 pose={'x_m': 0.0, 'y_m': 0.040797979533672334, 'heading_rad': 0.0}
[can] backend=detectnet_native no detections
[map] motion direction=forward speed=0.6 effective_seconds=0.058106422424316406 pose={'x_m': 0.0, 'y_m': 0.04682652086019516, 'heading_rad': 0.0}
[can] backend=detectnet_native no detections
[map] motion direction=forward speed=0.6 effective_seconds=0.04721808433532715 pose={'x_m': 0.0, 'y_m': 0.051725397109985354, 'heading_rad': 0.0}
[can] backend=detectnet_native no detections
[map] motion direction=forward speed=0.6 effective_seconds=0.047699689865112305 pose={'x_m': 0.0, 'y_m': 0.05667423993349076, 'heading_rad': 0.0}
[can] backend=detectnet_native no detections
[map] motion direction=forward speed=0.6 effective_seconds=0.050702571868896484 pose={'x_m': 0.0, 'y_m': 0.06193463176488877, 'heading_rad': 0.0}
[can] backend=detectnet_native no detections
[map] motion direction=forward speed=0.6 effective_seconds=0.051354408264160156 pose={'x_m': 0.0, 'y_m': 0.06726265162229539, 'heading_rad': 0.0}
[can] backend=detectnet_native no detections
[map] motion direction=forward speed=0.6 effective_seconds=0.051009178161621094 pose={'x_m': 0.0, 'y_m': 0.07255485385656357, 'heading_rad': 0.0}
[can] backend=detectnet_native no detections
[map] motion direction=forward speed=0.6 effective_seconds=0.05124807357788086 pose={'x_m': 0.0, 'y_m': 0.07787184149026871, 'heading_rad': 0.0}
[can] backend=detectnet_native no detections
[map] motion direction=forward speed=0.6 effective_seconds=0.04906153678894043 pose={'x_m': 0.0, 'y_m': 0.08296197593212128, 'heading_rad': 0.0}
[can] backend=detectnet_native no detections
[map] motion direction=forward speed=0.6 effective_seconds=0.050434112548828125 pose={'x_m': 0.0, 'y_m': 0.08819451510906219, 'heading_rad': 0.0}
[can] backend=detectnet_native no detections
[map] motion direction=forward speed=0.6 effective_seconds=0.04874587059020996 pose={'x_m': 0.0, 'y_m': 0.09325189918279647, 'heading_rad': 0.0}
[can] backend=detectnet_native no detections
[map] motion direction=forward speed=0.6 effective_seconds=0.04789233207702637 pose={'x_m': 0.0, 'y_m': 0.09822072863578796, 'heading_rad': 0.0}
[can] backend=detectnet_native no detections
[map] motion direction=forward speed=0.6 effective_seconds=0.04767155647277832 pose={'x_m': 0.0, 'y_m': 0.1031666526198387, 'heading_rad': 0.0}
[can] backend=detectnet_native no detections
[map] motion direction=forward speed=0.6 effective_seconds=0.047616004943847656 pose={'x_m': 0.0, 'y_m': 0.1081068131327629, 'heading_rad': 0.0}
[can] backend=detectnet_native no detections
[map] motion direction=forward speed=0.6 effective_seconds=0.04748654365539551 pose={'x_m': 0.0, 'y_m': 0.11303354203701017, 'heading_rad': 0.0}
[can] backend=detectnet_native no detections
[map] motion direction=forward speed=0.6 effective_seconds=0.04741692543029785 pose={'x_m': 0.0, 'y_m': 0.11795304805040357, 'heading_rad': 0.0}
[can] backend=detectnet_native no detections
[map] motion direction=forward speed=0.6 effective_seconds=0.04723668098449707 pose={'x_m': 0.0, 'y_m': 0.12285385370254515, 'heading_rad': 0.0}
[can] backend=detectnet_native no detections
[map] motion direction=forward speed=0.6 effective_seconds=0.047246456146240234 pose={'x_m': 0.0, 'y_m': 0.12775567352771758, 'heading_rad': 0.0}
[can] backend=detectnet_native no detections
[map] motion direction=forward speed=0.6 effective_seconds=0.04738616943359375 pose={'x_m': 0.0, 'y_m': 0.13267198860645293, 'heading_rad': 0.0}
[can] backend=detectnet_native no detections
[map] motion direction=forward speed=0.6 effective_seconds=0.04768061637878418 pose={'x_m': 0.0, 'y_m': 0.1376188525557518, 'heading_rad': 0.0}
[can] backend=detectnet_native no detections
[map] motion direction=forward speed=0.6 effective_seconds=0.047502994537353516 pose={'x_m': 0.0, 'y_m': 0.14254728823900223, 'heading_rad': 0.0}
[can] backend=detectnet_native no detections
[map] motion direction=forward speed=0.6 effective_seconds=0.04744744300842285 pose={'x_m': 0.0, 'y_m': 0.1474699604511261, 'heading_rad': 0.0}
[can] backend=detectnet_native no detections
[map] motion direction=forward speed=0.6 effective_seconds=0.047263383865356445 pose={'x_m': 0.0, 'y_m': 0.15237353652715682, 'heading_rad': 0.0}
[can] backend=detectnet_native no detections
[map] motion direction=forward speed=0.6 effective_seconds=0.04767179489135742 pose={'x_m': 0.0, 'y_m': 0.15731948524713515, 'heading_rad': 0.0}
[can] backend=detectnet_native no detections
[map] motion direction=forward speed=0.6 effective_seconds=0.047412872314453125 pose={'x_m': 0.0, 'y_m': 0.16223857074975967, 'heading_rad': 0.0}
[can] backend=detectnet_native no detections
[map] motion direction=forward speed=0.6 effective_seconds=0.047527313232421875 pose={'x_m': 0.0, 'y_m': 0.16716952949762343, 'heading_rad': 0.0}
[can] backend=detectnet_native no detections
[map] motion direction=forward speed=0.6 effective_seconds=0.04732871055603027 pose={'x_m': 0.0, 'y_m': 0.17207988321781156, 'heading_rad': 0.0}
[can] backend=detectnet_native no detections
[map] motion direction=forward speed=0.6 effective_seconds=0.047332763671875 pose={'x_m': 0.0, 'y_m': 0.1769906574487686, 'heading_rad': 0.0}
[can] backend=detectnet_native no detections
[map] motion direction=forward speed=0.6 effective_seconds=0.04748964309692383 pose={'x_m': 0.0, 'y_m': 0.18191770792007445, 'heading_rad': 0.0}
[can] backend=detectnet_native no detections
[map] motion direction=forward speed=0.6 effective_seconds=0.04728889465332031 pose={'x_m': 0.0, 'y_m': 0.18682393074035641, 'heading_rad': 0.0}
[can] backend=detectnet_native no detections
[map] motion direction=forward speed=0.6 effective_seconds=0.04750657081604004 pose={'x_m': 0.0, 'y_m': 0.19175273746252056, 'heading_rad': 0.0}
[can] backend=detectnet_native no detections
[map] motion direction=forward speed=0.6 effective_seconds=0.047453880310058594 pose={'x_m': 0.0, 'y_m': 0.19667607754468913, 'heading_rad': 0.0}
[can] backend=detectnet_native no detections
[map] motion direction=forward speed=0.6 effective_seconds=0.04738020896911621 pose={'x_m': 0.0, 'y_m': 0.20159177422523494, 'heading_rad': 0.0}
[can] backend=detectnet_native no detections
[map] motion direction=forward speed=0.6 effective_seconds=0.04755377769470215 pose={'x_m': 0.0, 'y_m': 0.2065254786610603, 'heading_rad': 0.0}
[can] backend=detectnet_native no detections
[map] motion direction=forward speed=0.6 effective_seconds=0.04727339744567871 pose={'x_m': 0.0, 'y_m': 0.21143009364604948, 'heading_rad': 0.0}
[can] backend=detectnet_native no detections
[map] motion direction=forward speed=0.6 effective_seconds=0.04758143424987793 pose={'x_m': 0.0, 'y_m': 0.2163666674494743, 'heading_rad': 0.0}
[can] backend=detectnet_native no detections
[map] motion direction=forward speed=0.6 effective_seconds=0.047545433044433594 pose={'x_m': 0.0, 'y_m': 0.22129950612783428, 'heading_rad': 0.0}
[can] backend=detectnet_native no detections
[map] motion direction=forward speed=0.6 effective_seconds=0.04770517349243164 pose={'x_m': 0.0, 'y_m': 0.22624891787767407, 'heading_rad': 0.0}
[can] backend=detectnet_native no detections
[map] motion direction=forward speed=0.6 effective_seconds=0.04739260673522949 pose={'x_m': 0.0, 'y_m': 0.23116590082645413, 'heading_rad': 0.0}
[can] backend=detectnet_native no detections
[map] motion direction=forward speed=0.6 effective_seconds=0.04724764823913574 pose={'x_m': 0.0, 'y_m': 0.23606784433126446, 'heading_rad': 0.0}
[can] backend=detectnet_native no detections
[map] motion direction=forward speed=0.6 effective_seconds=0.047591209411621094 pose={'x_m': 0.0, 'y_m': 0.24100543230772015, 'heading_rad': 0.0}
[can] backend=detectnet_native no detections
[map] motion direction=forward speed=0.6 effective_seconds=0.047310829162597656 pose={'x_m': 0.0, 'y_m': 0.24591393083333965, 'heading_rad': 0.0}
[can] backend=detectnet_native no detections
[map] motion direction=forward speed=0.6 effective_seconds=0.047631263732910156 pose={'x_m': 0.0, 'y_m': 0.25085567444562906, 'heading_rad': 0.0}
[can] backend=detectnet_native no detections
[map] motion direction=forward speed=0.6 effective_seconds=0.04731893539428711 pose={'x_m': 0.0, 'y_m': 0.25576501399278634, 'heading_rad': 0.0}
[can] backend=detectnet_native no detections
[map] motion direction=forward speed=0.6 effective_seconds=0.04750990867614746 pose={'x_m': 0.0, 'y_m': 0.26069416701793663, 'heading_rad': 0.0}
[can] backend=detectnet_native no detections
[map] motion direction=forward speed=0.6 effective_seconds=0.04755377769470215 pose={'x_m': 0.0, 'y_m': 0.265627871453762, 'heading_rad': 0.0}
[can] backend=detectnet_native no detections
[map] motion direction=forward speed=0.6 effective_seconds=0.04728841781616211 pose={'x_m': 0.0, 'y_m': 0.2705340448021888, 'heading_rad': 0.0}
[can] backend=detectnet_native no detections
[map] motion direction=forward speed=0.6 effective_seconds=0.04752683639526367 pose={'x_m': 0.0, 'y_m': 0.2754649540781974, 'heading_rad': 0.0}
[can] backend=detectnet_native no detections
[map] motion direction=forward speed=0.6 effective_seconds=0.04738593101501465 pose={'x_m': 0.0, 'y_m': 0.28038124442100515, 'heading_rad': 0.0}
[can] backend=detectnet_native no detections
[map] motion direction=forward speed=0.6 effective_seconds=0.04761385917663574 pose={'x_m': 0.0, 'y_m': 0.2853211823105811, 'heading_rad': 0.0}
[can] backend=detectnet_native no detections
[map] motion direction=forward speed=0.6 effective_seconds=0.04713606834411621 pose={'x_m': 0.0, 'y_m': 0.2902115494012832, 'heading_rad': 0.0}
[can] backend=detectnet_native no detections
[map] motion direction=forward speed=0.6 effective_seconds=0.04745650291442871 pose={'x_m': 0.0, 'y_m': 0.29513516157865516, 'heading_rad': 0.0}
[can] backend=detectnet_native no detections
[map] motion direction=forward speed=0.6 effective_seconds=0.047356605529785156 pose={'x_m': 0.0, 'y_m': 0.3000484094023704, 'heading_rad': 0.0}
[map] motion direction=forward speed=0.6 effective_seconds=0.017119646072387695 pose={'x_m': 0.0, 'y_m': 0.3018245726823806, 'heading_rad': 0.0}
[base] continuous stop label=search_can_routine_2_step_0 elapsed=0.017s
[base] stop
[can] backend=detectnet_native no detections
[base] continuous start label=search_can_routine_2_step_1 direction=left requested_speed=0.15 effective_speed=0.15
[can] backend=detectnet_native no detections
[map] motion direction=left speed=0.15 effective_seconds=0.04691267013549805 pose={'x_m': 0.0, 'y_m': 0.3018245726823806, 'heading_rad': -0.007085600954710003}
[can] backend=detectnet_native no detections
[map] motion direction=left speed=0.15 effective_seconds=0.04710698127746582 pose={'x_m': 0.0, 'y_m': 0.3018245726823806, 'heading_rad': -0.014200550296733283}
[can] backend=detectnet_native no detections
[map] motion direction=left speed=0.15 effective_seconds=0.04749464988708496 pose={'x_m': 0.0, 'y_m': 0.3018245726823806, 'heading_rad': -0.021374052372218788}
[can] backend=detectnet_native no detections
[map] motion direction=left speed=0.15 effective_seconds=0.04726409912109375 pose={'x_m': 0.0, 'y_m': 0.3018245726823806, 'heading_rad': -0.0285127324961314}
[can] backend=detectnet_native no detections
[map] motion direction=left speed=0.15 effective_seconds=0.04749417304992676 pose={'x_m': 0.0, 'y_m': 0.3018245726823806, 'heading_rad': -0.03568616255103452}
[can] backend=detectnet_native no detections
[map] motion direction=left speed=0.15 effective_seconds=0.04717421531677246 pose={'x_m': 0.0, 'y_m': 0.3018245726823806, 'heading_rad': -0.04281126679517122}
[can] backend=detectnet_native no detections
[map] motion direction=left speed=0.15 effective_seconds=0.047339677810668945 pose={'x_m': 0.0, 'y_m': 0.3018245726823806, 'heading_rad': -0.049961362181388136}
[can] backend=detectnet_native no detections
[map] motion direction=left speed=0.15 effective_seconds=0.04733633995056152 pose={'x_m': 0.0, 'y_m': 0.3018245726823806, 'heading_rad': -0.05711095342352879}
[can] backend=detectnet_native no detections
[map] motion direction=left speed=0.15 effective_seconds=0.04711627960205078 pose={'x_m': 0.0, 'y_m': 0.3018245726823806, 'heading_rad': -0.06422730716690817}
[can] backend=detectnet_native no detections
[map] motion direction=left speed=0.15 effective_seconds=0.047850608825683594 pose={'x_m': 0.0, 'y_m': 0.3018245726823806, 'heading_rad': -0.07145457260712806}
[can] backend=detectnet_native no detections
[map] motion direction=left speed=0.15 effective_seconds=0.04736018180847168 pose={'x_m': 0.0, 'y_m': 0.3018245726823806, 'heading_rad': -0.07860776487838672}
[can] backend=detectnet_native no detections
[map] motion direction=left speed=0.15 effective_seconds=0.04744672775268555 pose={'x_m': 0.0, 'y_m': 0.3018245726823806, 'heading_rad': -0.08577402888534458}
[can] backend=detectnet_native no detections
[map] motion direction=left speed=0.15 effective_seconds=0.049421072006225586 pose={'x_m': 0.0, 'y_m': 0.3018245726823806, 'heading_rad': -0.0932384941135802}
[can] backend=detectnet_native no detections
[map] motion direction=left speed=0.15 effective_seconds=0.04721808433532715 pose={'x_m': 0.0, 'y_m': 0.3018245726823806, 'heading_rad': -0.10037022425129427}
[can] backend=detectnet_native no detections
[map] motion direction=left speed=0.15 effective_seconds=0.04726576805114746 pose={'x_m': 0.0, 'y_m': 0.3018245726823806, 'heading_rad': -0.10750915644724479}
[can] backend=detectnet_native no detections
[map] motion direction=left speed=0.15 effective_seconds=0.047283172607421875 pose={'x_m': 0.0, 'y_m': 0.3018245726823806, 'heading_rad': -0.11465071739445154}
[can] backend=detectnet_native no detections
[map] motion direction=left speed=0.15 effective_seconds=0.04759407043457031 pose={'x_m': 0.0, 'y_m': 0.3018245726823806, 'heading_rad': -0.1218392357613598}
[can] backend=detectnet_native no detections
[map] motion direction=left speed=0.15 effective_seconds=0.04728412628173828 pose={'x_m': 0.0, 'y_m': 0.3018245726823806, 'heading_rad': -0.12898094074973132}
[can] backend=detectnet_native no detections
[map] motion direction=left speed=0.15 effective_seconds=0.04711461067199707 pose={'x_m': 0.0, 'y_m': 0.3018245726823806, 'heading_rad': -0.1360970424210728}
[can] backend=detectnet_native no detections
[map] motion direction=left speed=0.15 effective_seconds=0.04746580123901367 pose={'x_m': 0.0, 'y_m': 0.3018245726823806, 'heading_rad': -0.14326618725132523}
[can] backend=detectnet_native no detections
[map] motion direction=left speed=0.15 effective_seconds=0.0475313663482666 pose={'x_m': 0.0, 'y_m': 0.3018245726823806, 'heading_rad': -0.15044523491165274}
[can] backend=detectnet_native no detections
[map] motion direction=left speed=0.15 effective_seconds=0.04744744300842285 pose={'x_m': 0.0, 'y_m': 0.3018245726823806, 'heading_rad': -0.15761160694948417}
[can] backend=detectnet_native no detections
[map] motion direction=left speed=0.15 effective_seconds=0.04738879203796387 pose={'x_m': 0.0, 'y_m': 0.3018245726823806, 'heading_rad': -0.1647691204556847}
[can] backend=detectnet_native no detections
[map] motion direction=left speed=0.15 effective_seconds=0.0475308895111084 pose={'x_m': 0.0, 'y_m': 0.3018245726823806, 'heading_rad': -0.17194809609542983}
[can] backend=detectnet_native no detections
[map] motion direction=left speed=0.15 effective_seconds=0.04734921455383301 pose={'x_m': 0.0, 'y_m': 0.3018245726823806, 'heading_rad': -0.17909963189329403}
[can] backend=detectnet_native no detections
[map] motion direction=left speed=0.15 effective_seconds=0.04712247848510742 pose={'x_m': 0.0, 'y_m': 0.3018245726823806, 'heading_rad': -0.18621692190424444}
[can] backend=detectnet_native no detections
[map] motion direction=left speed=0.15 effective_seconds=0.04738163948059082 pose={'x_m': 0.0, 'y_m': 0.3018245726823806, 'heading_rad': -0.1933733551017096}
[can] backend=detectnet_native no detections
[map] motion direction=left speed=0.15 effective_seconds=0.047119855880737305 pose={'x_m': 0.0, 'y_m': 0.3018245726823806, 'heading_rad': -0.2004902489994569}
[can] backend=detectnet_native no detections
[map] motion direction=left speed=0.15 effective_seconds=0.047387123107910156 pose={'x_m': 0.0, 'y_m': 0.3018245726823806, 'heading_rad': -0.20764751043361906}
[can] backend=detectnet_native no detections
[map] motion direction=left speed=0.15 effective_seconds=0.047217369079589844 pose={'x_m': 0.0, 'y_m': 0.3018245726823806, 'heading_rad': -0.21477913254046}
[can] backend=detectnet_native no detections
[map] motion direction=left speed=0.15 effective_seconds=0.047356605529785156 pose={'x_m': 0.0, 'y_m': 0.3018245726823806, 'heading_rad': -0.2219317846573512}
[can] backend=detectnet_native no detections
[map] motion direction=left speed=0.15 effective_seconds=0.04739069938659668 pose={'x_m': 0.0, 'y_m': 0.3018245726823806, 'heading_rad': -0.22908958624588127}
[can] backend=detectnet_native no detections
[map] motion direction=left speed=0.15 effective_seconds=0.0474085807800293 pose={'x_m': 0.0, 'y_m': 0.3018245726823806, 'heading_rad': -0.23625008860624996}
[can] backend=detectnet_native no detections
[map] motion direction=left speed=0.15 effective_seconds=0.047258615493774414 pose={'x_m': 0.0, 'y_m': 0.3018245726823806, 'heading_rad': -0.24338794049346513}
[can] backend=detectnet_native no detections
[map] motion direction=left speed=0.15 effective_seconds=0.047129154205322266 pose={'x_m': 0.0, 'y_m': 0.3018245726823806, 'heading_rad': -0.2505062387925685}
[can] backend=detectnet_native no detections
[map] motion direction=left speed=0.15 effective_seconds=0.04771685600280762 pose={'x_m': 0.0, 'y_m': 0.3018245726823806, 'heading_rad': -0.2577133024594356}
[can] backend=detectnet_native no detections
[map] motion direction=left speed=0.15 effective_seconds=0.04722166061401367 pose={'x_m': 0.0, 'y_m': 0.3018245726823806, 'heading_rad': -0.26484557275151754}
[can] backend=detectnet_native no detections
[map] motion direction=left speed=0.15 effective_seconds=0.04730939865112305 pose={'x_m': 0.0, 'y_m': 0.3018245726823806, 'heading_rad': -0.2719910948307547}
[can] backend=detectnet_native no detections
[map] motion direction=left speed=0.15 effective_seconds=0.047359466552734375 pose={'x_m': 0.0, 'y_m': 0.3018245726823806, 'heading_rad': -0.27914417907113975}
[can] backend=detectnet_native no detections
[map] motion direction=left speed=0.15 effective_seconds=0.047347068786621094 pose={'x_m': 0.0, 'y_m': 0.3018245726823806, 'heading_rad': -0.28629539077638366}
[can] backend=detectnet_native no detections
[map] motion direction=left speed=0.15 effective_seconds=0.04736065864562988 pose={'x_m': 0.0, 'y_m': 0.3018245726823806, 'heading_rad': -0.2934486550682247}
[can] backend=detectnet_native no detections
[map] motion direction=left speed=0.15 effective_seconds=0.04725790023803711 pose={'x_m': 0.0, 'y_m': 0.3018245726823806, 'heading_rad': -0.3005863989245663}
[can] backend=detectnet_native no detections
[map] motion direction=left speed=0.15 effective_seconds=0.05108332633972168 pose={'x_m': 0.0, 'y_m': 0.3018245726823806, 'heading_rad': -0.30830192790292266}
[can] backend=detectnet_native no detections
[map] motion direction=left speed=0.15 effective_seconds=0.047451019287109375 pose={'x_m': 0.0, 'y_m': 0.3018245726823806, 'heading_rad': -0.31546884009512155}
[can] backend=detectnet_native no detections
[map] motion direction=left speed=0.15 effective_seconds=0.047739267349243164 pose={'x_m': 0.0, 'y_m': 0.3018245726823806, 'heading_rad': -0.32267928872935947}
[can] backend=detectnet_native no detections
[map] motion direction=left speed=0.15 effective_seconds=0.04833388328552246 pose={'x_m': 0.0, 'y_m': 0.3018245726823806, 'heading_rad': -0.32997954702980525}
[can] backend=detectnet_native no detections
[map] motion direction=left speed=0.15 effective_seconds=0.04741811752319336 pose={'x_m': 0.0, 'y_m': 0.3018245726823806, 'heading_rad': -0.33714148980182124}
[can] backend=detectnet_native no detections
[map] motion direction=left speed=0.15 effective_seconds=0.04751992225646973 pose={'x_m': 0.0, 'y_m': 0.3018245726823806, 'heading_rad': -0.3443188089681719}
[can] backend=detectnet_native no detections
[map] motion direction=left speed=0.15 effective_seconds=0.04728198051452637 pose={'x_m': 0.0, 'y_m': 0.3018245726823806, 'heading_rad': -0.35146018986392313}
[can] backend=detectnet_native no detections
[map] motion direction=left speed=0.15 effective_seconds=0.04729509353637695 pose={'x_m': 0.0, 'y_m': 0.3018245726823806, 'heading_rad': -0.3586035513256891}
[can] backend=detectnet_native no detections
[map] motion direction=left speed=0.15 effective_seconds=0.04688119888305664 pose={'x_m': 0.0, 'y_m': 0.3018245726823806, 'heading_rad': -0.36568439892196336}
[can] backend=detectnet_native no detections
[map] motion direction=left speed=0.15 effective_seconds=0.04733395576477051 pose={'x_m': 0.0, 'y_m': 0.3018245726823806, 'heading_rad': -0.3728336300611921}
[can] backend=detectnet_native no detections
[map] motion direction=left speed=0.15 effective_seconds=0.047116756439208984 pose={'x_m': 0.0, 'y_m': 0.3018245726823806, 'heading_rad': -0.37995005582515384}
[can] backend=detectnet_native no detections
[map] motion direction=left speed=0.15 effective_seconds=0.04722452163696289 pose={'x_m': 0.0, 'y_m': 0.3018245726823806, 'heading_rad': -0.38708275824073013}
[can] backend=detectnet_native no detections
[map] motion direction=left speed=0.15 effective_seconds=0.04747629165649414 pose={'x_m': 0.0, 'y_m': 0.3018245726823806, 'heading_rad': -0.39425348752379463}
[can] backend=detectnet_native no detections
[map] motion direction=left speed=0.15 effective_seconds=0.04724621772766113 pose={'x_m': 0.0, 'y_m': 0.3018245726823806, 'heading_rad': -0.4013894668758682}
[can] backend=detectnet_native no detections
[map] motion direction=left speed=0.15 effective_seconds=0.047322750091552734 pose={'x_m': 0.0, 'y_m': 0.3018245726823806, 'heading_rad': -0.40853700553141126}
[can] backend=detectnet_native no detections
[map] motion direction=left speed=0.15 effective_seconds=0.047248125076293945 pose={'x_m': 0.0, 'y_m': 0.3018245726823806, 'heading_rad': -0.41567327296581436}
[can] backend=detectnet_native no detections
[map] motion direction=left speed=0.15 effective_seconds=0.047228336334228516 pose={'x_m': 0.0, 'y_m': 0.3018245726823806, 'heading_rad': -0.4228065515460493}
[can] backend=detectnet_native no detections
[map] motion direction=left speed=0.15 effective_seconds=0.04749441146850586 pose={'x_m': 0.0, 'y_m': 0.3018245726823806, 'heading_rad': -0.4299800176112436}
[can] backend=detectnet_native no detections
[map] motion direction=left speed=0.15 effective_seconds=0.04729580879211426 pose={'x_m': 0.0, 'y_m': 0.3018245726823806, 'heading_rad': -0.43712348710388316}
[can] backend=detectnet_native no detections
[map] motion direction=left speed=0.15 effective_seconds=0.047278642654418945 pose={'x_m': 0.0, 'y_m': 0.3018245726823806, 'heading_rad': -0.4442643638555577}
[can] backend=detectnet_native no detections
[map] motion direction=left speed=0.15 effective_seconds=0.04707050323486328 pose={'x_m': 0.0, 'y_m': 0.3018245726823806, 'heading_rad': -0.45137380362303015}
[can] backend=detectnet_native no detections
[map] motion direction=left speed=0.15 effective_seconds=0.04746890068054199 pose={'x_m': 0.0, 'y_m': 0.3018245726823806, 'heading_rad': -0.45854341658706765}
[can] backend=detectnet_native no detections
[map] motion direction=left speed=0.15 effective_seconds=0.04719138145446777 pose={'x_m': 0.0, 'y_m': 0.3018245726823806, 'heading_rad': -0.4656711135721694}
[can] backend=detectnet_native no detections
[map] motion direction=left speed=0.15 effective_seconds=0.04808354377746582 pose={'x_m': 0.0, 'y_m': 0.3018245726823806, 'heading_rad': -0.4729335610668741}
[can] backend=detectnet_native no detections
[map] motion direction=left speed=0.15 effective_seconds=0.046952247619628906 pose={'x_m': 0.0, 'y_m': 0.3018245726823806, 'heading_rad': -0.48002513972992045}
[can] backend=detectnet_native no detections
[map] motion direction=left speed=0.15 effective_seconds=0.047090768814086914 pose={'x_m': 0.0, 'y_m': 0.3018245726823806, 'heading_rad': -0.48713764037214347}
[can] backend=detectnet_native no detections
[map] motion direction=left speed=0.15 effective_seconds=0.0474395751953125 pose={'x_m': 0.0, 'y_m': 0.3018245726823806, 'heading_rad': -0.49430282407036596}
[can] backend=detectnet_native no detections
[map] motion direction=left speed=0.15 effective_seconds=0.04731917381286621 pose={'x_m': 0.0, 'y_m': 0.3018245726823806, 'heading_rad': -0.5014498225715416}
[can] backend=detectnet_native no detections
[map] motion direction=left speed=0.15 effective_seconds=0.04844093322753906 pose={'x_m': 0.0, 'y_m': 0.3018245726823806, 'heading_rad': -0.5087662494927283}
[can] backend=detectnet_native no detections
[map] motion direction=left speed=0.15 effective_seconds=0.047478437423706055 pose={'x_m': 0.0, 'y_m': 0.3018245726823806, 'heading_rad': -0.5159373028684131}
[can] backend=detectnet_native no detections
[map] motion direction=left speed=0.15 effective_seconds=0.047170400619506836 pose={'x_m': 0.0, 'y_m': 0.3018245726823806, 'heading_rad': -0.5230618309478912}
[can] backend=detectnet_native no detections
[map] motion direction=left speed=0.15 effective_seconds=0.04715156555175781 pose={'x_m': 0.0, 'y_m': 0.3018245726823806, 'heading_rad': -0.5301835142143658}
[can] backend=detectnet_native no detections
[map] motion direction=left speed=0.15 effective_seconds=0.04729032516479492 pose={'x_m': 0.0, 'y_m': 0.3018245726823806, 'heading_rad': -0.5373261554703084}
[can] backend=detectnet_native no detections
[map] motion direction=left speed=0.15 effective_seconds=0.04748678207397461 pose={'x_m': 0.0, 'y_m': 0.3018245726823806, 'heading_rad': -0.5444984692061849}
[can] backend=detectnet_native no detections
[map] motion direction=left speed=0.15 effective_seconds=0.04738163948059082 pose={'x_m': 0.0, 'y_m': 0.3018245726823806, 'heading_rad': -0.5516549024036501}
[can] backend=detectnet_native no detections
[map] motion direction=left speed=0.15 effective_seconds=0.047350168228149414 pose={'x_m': 0.0, 'y_m': 0.3018245726823806, 'heading_rad': -0.5588065822426791}
[can] backend=detectnet_native no detections
[map] motion direction=left speed=0.15 effective_seconds=0.04975771903991699 pose={'x_m': 0.0, 'y_m': 0.3018245726823806, 'heading_rad': -0.5663218940020638}
[can] backend=detectnet_native no detections
[map] motion direction=left speed=0.15 effective_seconds=0.04747319221496582 pose={'x_m': 0.0, 'y_m': 0.3018245726823806, 'heading_rad': -0.5734921551513428}
[can] backend=detectnet_native no detections
[map] motion direction=left speed=0.15 effective_seconds=0.047241926193237305 pose={'x_m': 0.0, 'y_m': 0.3018245726823806, 'heading_rad': -0.5806274863181753}
[can] backend=detectnet_native no detections
[map] motion direction=left speed=0.15 effective_seconds=0.04703998565673828 pose={'x_m': 0.0, 'y_m': 0.3018245726823806, 'heading_rad': -0.5877323167683768}
[can] backend=detectnet_native no detections
[map] motion direction=left speed=0.15 effective_seconds=0.047794342041015625 pose={'x_m': 0.0, 'y_m': 0.3018245726823806, 'heading_rad': -0.5949510837798777}
[can] backend=detectnet_native no detections
[map] motion direction=left speed=0.15 effective_seconds=0.047130584716796875 pose={'x_m': 0.0, 'y_m': 0.3018245726823806, 'heading_rad': -0.6020695981407282}
[can] backend=detectnet_native no detections
[map] motion direction=left speed=0.15 effective_seconds=0.04950714111328125 pose={'x_m': 0.0, 'y_m': 0.3018245726823806, 'heading_rad': -0.6095470630840807}
[can] backend=detectnet_native no detections
[map] motion direction=left speed=0.15 effective_seconds=0.04752540588378906 pose={'x_m': 0.0, 'y_m': 0.3018245726823806, 'heading_rad': -0.6167252104871284}
[can] backend=detectnet_native no detections
[map] motion direction=left speed=0.15 effective_seconds=0.04721379280090332 pose={'x_m': 0.0, 'y_m': 0.3018245726823806, 'heading_rad': -0.6238562924396014}
[can] backend=detectnet_native no detections
[map] motion direction=left speed=0.15 effective_seconds=0.04717683792114258 pose={'x_m': 0.0, 'y_m': 0.3018245726823806, 'heading_rad': -0.6309817927969412}
[can] backend=detectnet_native no detections
[map] motion direction=left speed=0.15 effective_seconds=0.047287702560424805 pose={'x_m': 0.0, 'y_m': 0.3018245726823806, 'heading_rad': -0.6381240379396806}
[can] backend=detectnet_native no detections
[map] motion direction=left speed=0.15 effective_seconds=0.04774117469787598 pose={'x_m': 0.0, 'y_m': 0.3018245726823806, 'heading_rad': -0.6453347746562481}
[can] backend=detectnet_native no detections
[map] motion direction=left speed=0.15 effective_seconds=0.04740428924560547 pose={'x_m': 0.0, 'y_m': 0.3018245726823806, 'heading_rad': -0.6524946288313753}
[can] backend=detectnet_native no detections
[map] motion direction=left speed=0.15 effective_seconds=0.04753851890563965 pose={'x_m': 0.0, 'y_m': 0.3018245726823806, 'heading_rad': -0.6596747568004382}
[can] backend=detectnet_native no detections
[map] motion direction=left speed=0.15 effective_seconds=0.047354936599731445 pose={'x_m': 0.0, 'y_m': 0.3018245726823806, 'heading_rad': -0.666827156845291}
[can] backend=detectnet_native no detections
[map] motion direction=left speed=0.15 effective_seconds=0.04719424247741699 pose={'x_m': 0.0, 'y_m': 0.3018245726823806, 'heading_rad': -0.6739552859538871}
[can] backend=detectnet_native no detections
[map] motion direction=left speed=0.15 effective_seconds=0.04716062545776367 pose={'x_m': 0.0, 'y_m': 0.3018245726823806, 'heading_rad': -0.6810783376114267}
[can] backend=detectnet_native no detections
[map] motion direction=left speed=0.15 effective_seconds=0.04719877243041992 pose={'x_m': 0.0, 'y_m': 0.3018245726823806, 'heading_rad': -0.688207150915555}
[can] backend=detectnet_native no detections
[map] motion direction=left speed=0.15 effective_seconds=0.04744601249694824 pose={'x_m': 0.0, 'y_m': 0.3018245726823806, 'heading_rad': -0.6953733068916392}
[can] backend=detectnet_native no detections
[map] motion direction=left speed=0.15 effective_seconds=0.0473325252532959 pose={'x_m': 0.0, 'y_m': 0.3018245726823806, 'heading_rad': -0.7025223219691208}
[can] backend=detectnet_native no detections
[map] motion direction=left speed=0.15 effective_seconds=0.04738903045654297 pose={'x_m': 0.0, 'y_m': 0.3018245726823806, 'heading_rad': -0.7096798714856125}
[can] backend=detectnet_native no detections
[map] motion direction=left speed=0.15 effective_seconds=0.04747629165649414 pose={'x_m': 0.0, 'y_m': 0.3018245726823806, 'heading_rad': -0.7168506007686766}
[can] backend=detectnet_native no detections
[map] motion direction=left speed=0.15 effective_seconds=0.04729104042053223 pose={'x_m': 0.0, 'y_m': 0.3018245726823806, 'heading_rad': -0.7239933500554923}
[can] backend=detectnet_native no detections
[map] motion direction=left speed=0.15 effective_seconds=0.04736757278442383 pose={'x_m': 0.0, 'y_m': 0.3018245726823806, 'heading_rad': -0.7311476586457775}
[can] backend=detectnet_native no detections
[map] motion direction=left speed=0.15 effective_seconds=0.04722762107849121 pose={'x_m': 0.0, 'y_m': 0.3018245726823806, 'heading_rad': -0.7382808291951388}
[can] backend=detectnet_native no detections
[map] motion direction=left speed=0.15 effective_seconds=0.04775500297546387 pose={'x_m': 0.0, 'y_m': 0.3018245726823806, 'heading_rad': -0.7454936545085946}
[can] backend=detectnet_native no detections
[map] motion direction=left speed=0.15 effective_seconds=0.04737281799316406 pose={'x_m': 0.0, 'y_m': 0.3018245726823806, 'heading_rad': -0.7526487553252861}
[can] backend=detectnet_native no detections
[map] motion direction=left speed=0.15 effective_seconds=0.04709887504577637 pose={'x_m': 0.0, 'y_m': 0.3018245726823806, 'heading_rad': -0.7597624803174092}
[can] backend=detectnet_native no detections
[map] motion direction=left speed=0.15 effective_seconds=0.048150062561035156 pose={'x_m': 0.0, 'y_m': 0.3018245726823806, 'heading_rad': -0.7670349746833538}
[can] backend=detectnet_native no detections
[map] motion direction=left speed=0.15 effective_seconds=0.04715466499328613 pose={'x_m': 0.0, 'y_m': 0.3018245726823806, 'heading_rad': -0.7741571260836135}
[can] backend=detectnet_native no detections
[map] motion direction=left speed=0.15 effective_seconds=0.0476994514465332 pose={'x_m': 0.0, 'y_m': 0.3018245726823806, 'heading_rad': -0.7813615609992244}
[can] backend=detectnet_native no detections
[map] motion direction=left speed=0.15 effective_seconds=0.047275543212890625 pose={'x_m': 0.0, 'y_m': 0.3018245726823806, 'heading_rad': -0.7885019696171134}
[can] backend=detectnet_native no detections
[map] motion direction=left speed=0.15 effective_seconds=0.04733586311340332 pose={'x_m': 0.0, 'y_m': 0.3018245726823806, 'heading_rad': -0.7956514888386716}
[can] backend=detectnet_native no detections
[map] motion direction=left speed=0.15 effective_seconds=0.04728245735168457 pose={'x_m': 0.0, 'y_m': 0.3018245726823806, 'heading_rad': -0.8027929417550048}
[can] backend=detectnet_native no detections
[map] motion direction=left speed=0.15 effective_seconds=0.04729008674621582 pose={'x_m': 0.0, 'y_m': 0.3018245726823806, 'heading_rad': -0.8099355470006562}
[can] backend=detectnet_native no detections
[map] motion direction=left speed=0.15 effective_seconds=0.04754161834716797 pose={'x_m': 0.0, 'y_m': 0.3018245726823806, 'heading_rad': -0.8171161431035046}
[can] backend=detectnet_native no detections
[map] motion direction=left speed=0.15 effective_seconds=0.04700732231140137 pose={'x_m': 0.0, 'y_m': 0.3018245726823806, 'heading_rad': -0.8242160401438139}
[can] backend=detectnet_native no detections
[map] motion direction=left speed=0.15 effective_seconds=0.04753375053405762 pose={'x_m': 0.0, 'y_m': 0.3018245726823806, 'heading_rad': -0.8313954479070533}
[can] backend=detectnet_native no detections
[map] motion direction=left speed=0.15 effective_seconds=0.0473635196685791 pose={'x_m': 0.0, 'y_m': 0.3018245726823806, 'heading_rad': -0.8385491443223887}
[can] backend=detectnet_native no detections
[map] motion direction=left speed=0.15 effective_seconds=0.04746747016906738 pose={'x_m': 0.0, 'y_m': 0.3018245726823806, 'heading_rad': -0.845718541224679}
[can] backend=detectnet_native no detections
[map] motion direction=left speed=0.15 effective_seconds=0.04729413986206055 pose={'x_m': 0.0, 'y_m': 0.3018245726823806, 'heading_rad': -0.8528617586452802}
[can] backend=detectnet_native no detections
[map] motion direction=left speed=0.15 effective_seconds=0.04720616340637207 pose={'x_m': 0.0, 'y_m': 0.3018245726823806, 'heading_rad': -0.8599916882684355}
[can] backend=detectnet_native no detections
[map] motion direction=left speed=0.15 effective_seconds=0.04712939262390137 pose={'x_m': 0.0, 'y_m': 0.3018245726823806, 'heading_rad': -0.8671100225778301}
[can] backend=detectnet_native no detections
[map] motion direction=left speed=0.15 effective_seconds=0.04720115661621094 pose={'x_m': 0.0, 'y_m': 0.3018245726823806, 'heading_rad': -0.8742391959848703}
[can] backend=detectnet_native no detections
[map] motion direction=left speed=0.15 effective_seconds=0.047617197036743164 pose={'x_m': 0.0, 'y_m': 0.3018245726823806, 'heading_rad': -0.8814312073500234}
[can] backend=detectnet_native no detections
[map] motion direction=left speed=0.15 effective_seconds=0.04749464988708496 pose={'x_m': 0.0, 'y_m': 0.3018245726823806, 'heading_rad': -0.888604709425509}
[can] backend=detectnet_native no detections
[map] motion direction=left speed=0.15 effective_seconds=0.04730224609375 pose={'x_m': 0.0, 'y_m': 0.3018245726823806, 'heading_rad': -0.8957491511960107}
[can] backend=detectnet_native no detections
[map] motion direction=left speed=0.15 effective_seconds=0.0471951961517334 pose={'x_m': 0.0, 'y_m': 0.3018245726823806, 'heading_rad': -0.9028774243457716}
[can] backend=detectnet_native no detections
[map] motion direction=left speed=0.15 effective_seconds=0.04722785949707031 pose={'x_m': 0.0, 'y_m': 0.3018245726823806, 'heading_rad': -0.9100106309054246}
[can] backend=detectnet_native no detections
[map] motion direction=left speed=0.15 effective_seconds=0.047690391540527344 pose={'x_m': 0.0, 'y_m': 0.3018245726823806, 'heading_rad': -0.91721369742997}
[can] backend=detectnet_native no detections
[map] motion direction=left speed=0.15 effective_seconds=0.04717397689819336 pose={'x_m': 0.0, 'y_m': 0.3018245726823806, 'heading_rad': -0.9243387656638156}
[can] backend=detectnet_native no detections
[map] motion direction=left speed=0.15 effective_seconds=0.04720115661621094 pose={'x_m': 0.0, 'y_m': 0.3018245726823806, 'heading_rad': -0.9314679390708558}
[can] backend=detectnet_native no detections
[map] motion direction=left speed=0.15 effective_seconds=0.04735565185546875 pose={'x_m': 0.0, 'y_m': 0.3018245726823806, 'heading_rad': -0.9386204471465822}
[can] backend=detectnet_native no detections
[map] motion direction=left speed=0.15 effective_seconds=0.047243595123291016 pose={'x_m': 0.0, 'y_m': 0.3018245726823806, 'heading_rad': -0.9457560303854531}
[can] backend=detectnet_native no detections
[map] motion direction=left speed=0.15 effective_seconds=0.047334909439086914 pose={'x_m': 0.0, 'y_m': 0.3018245726823806, 'heading_rad': -0.9529054055658466}
[can] backend=detectnet_native no detections
[map] motion direction=left speed=0.15 effective_seconds=0.0473482608795166 pose={'x_m': 0.0, 'y_m': 0.3018245726823806, 'heading_rad': -0.9600567973225465}
[can] backend=detectnet_native no detections
[map] motion direction=left speed=0.15 effective_seconds=0.04731392860412598 pose={'x_m': 0.0, 'y_m': 0.3018245726823806, 'heading_rad': -0.9672030035973158}
[can] backend=detectnet_native no detections
[map] motion direction=left speed=0.15 effective_seconds=0.04729461669921875 pose={'x_m': 0.0, 'y_m': 0.3018245726823806, 'heading_rad': -0.9743462930384994}
[can] backend=detectnet_native no detections
[map] motion direction=left speed=0.15 effective_seconds=0.04738140106201172 pose={'x_m': 0.0, 'y_m': 0.3018245726823806, 'heading_rad': -0.9815026902256734}
[can] backend=detectnet_native no detections
[map] motion direction=left speed=0.15 effective_seconds=0.04739642143249512 pose={'x_m': 0.0, 'y_m': 0.3018245726823806, 'heading_rad': -0.9886613560611917}
[can] backend=detectnet_native no detections
[map] motion direction=left speed=0.15 effective_seconds=0.047299861907958984 pose={'x_m': 0.0, 'y_m': 0.3018245726823806, 'heading_rad': -0.9958054377287815}
[can] backend=detectnet_native no detections
[map] motion direction=left speed=0.15 effective_seconds=0.04743790626525879 pose={'x_m': 0.0, 'y_m': 0.3018245726823806, 'heading_rad': -1.0029703693549656}
[can] backend=detectnet_native no detections
[map] motion direction=left speed=0.15 effective_seconds=0.04732012748718262 pose={'x_m': 0.0, 'y_m': 0.3018245726823806, 'heading_rad': -1.010117511897306}
[can] backend=detectnet_native detections=1 best_confidence=0.206
[can] backend=detectnet_native confidence=0.206 class_id=1 center=(121.1,119.4) error_x=-0.122 bbox=[111.484375, 98.7890625, 130.703125, 139.921875]
[map] motion direction=left speed=0.15 effective_seconds=0.0817117691040039 pose={'x_m': 0.0, 'y_m': 0.3018245726823806, 'heading_rad': -1.0224591029323529}
[base] continuous stop label=search_can_routine_2_step_1 elapsed=0.082s
[base] stop
[fsm] SEARCHING --TARGET_FOUND--> ALIGNING
[can] backend=detectnet_native no detections
[base] stop
[can] backend=detectnet_native no detections
[base] stop
[can] backend=detectnet_native no detections
[base] stop
[can] backend=detectnet_native no detections
[base] stop
[can] backend=detectnet_native no detections
[base] stop
[can] backend=detectnet_native no detections
[base] stop
[can] backend=detectnet_native no detections
[base] stop
[can] backend=detectnet_native no detections
[base] stop
[fsm] ALIGNING --TARGET_MISSING--> SEARCHING reason=alignment target lost
[can] backend=detectnet_native no detections
[base] continuous start label=search_can_routine_2_step_0 direction=forward requested_speed=0.6 effective_speed=0.6
[can] backend=detectnet_native no detections
[map] motion direction=forward speed=0.6 effective_seconds=0.047049760818481445 pose={'x_m': -0.004165760754906186, 'y_m': 0.30436910154512836, 'heading_rad': -1.0224591029323529}
[can] backend=detectnet_native no detections
[map] motion direction=forward speed=0.6 effective_seconds=0.04755806922912598 pose={'x_m': -0.008376526865665743, 'y_m': 0.3069411205672215, 'heading_rad': -1.0224591029323529}
[can] backend=detectnet_native no detections
[map] motion direction=forward speed=0.6 effective_seconds=0.047669410705566406 pose={'x_m': -0.012597151091426952, 'y_m': 0.30951916112046585, 'heading_rad': -1.0224591029323529}
[can] backend=detectnet_native no detections
[map] motion direction=forward speed=0.6 effective_seconds=0.047571659088134766 pose={'x_m': -0.016809120441062513, 'y_m': 0.31209191510460527, 'heading_rad': -1.0224591029323529}
[can] backend=detectnet_native no detections
[map] motion direction=forward speed=0.6 effective_seconds=0.04724431037902832 pose={'x_m': -0.020992106510404136, 'y_m': 0.31464696552927884, 'heading_rad': -1.0224591029323529}
[can] backend=detectnet_native no detections
[map] motion direction=forward speed=0.6 effective_seconds=0.04778122901916504 pose={'x_m': -0.025222631070074927, 'y_m': 0.3172310534018163, 'heading_rad': -1.0224591029323529}
[can] backend=detectnet_native no detections
[map] motion direction=forward speed=0.6 effective_seconds=0.047376394271850586 pose={'x_m': -0.029417311776913157, 'y_m': 0.31979324714181695, 'heading_rad': -1.0224591029323529}
[can] backend=detectnet_native no detections
[map] motion direction=forward speed=0.6 effective_seconds=0.04750347137451172 pose={'x_m': -0.03362324382271473, 'y_m': 0.32236231342165395, 'heading_rad': -1.0224591029323529}
[can] backend=detectnet_native no detections
[map] motion direction=forward speed=0.6 effective_seconds=0.04743528366088867 pose={'x_m': -0.03782313856468231, 'y_m': 0.3249276919971885, 'heading_rad': -1.0224591029323529}
[can] backend=detectnet_native no detections
[map] motion direction=forward speed=0.6 effective_seconds=0.04742741584777832 pose={'x_m': -0.042022336694669045, 'y_m': 0.3274926450683805, 'heading_rad': -1.0224591029323529}
[can] backend=detectnet_native no detections
[map] motion direction=forward speed=0.6 effective_seconds=0.04753398895263672 pose={'x_m': -0.04623097075057814, 'y_m': 0.3300633617893039, 'heading_rad': -1.0224591029323529}
[can] backend=detectnet_native no detections
[map] motion direction=forward speed=0.6 effective_seconds=0.04724931716918945 pose={'x_m': -0.05041440011845302, 'y_m': 0.33261868298946823, 'heading_rad': -1.0224591029323529}
[can] backend=detectnet_native detections=1 best_confidence=0.207
[can] backend=detectnet_native confidence=0.207 class_id=1 center=(125.9,118.3) error_x=-0.107 bbox=[116.484375, 94.921875, 135.234375, 141.6796875]
[map] motion direction=forward speed=0.6 effective_seconds=0.06646156311035156 pose={'x_m': -0.05629887150573518, 'y_m': 0.33621303421794874, 'heading_rad': -1.0224591029323529}
[base] continuous stop label=search_can_routine_2_step_0 elapsed=0.066s
[base] stop
[fsm] SEARCHING --TARGET_FOUND--> ALIGNING
[can] backend=detectnet_native no detections
[base] stop
[can] backend=detectnet_native no detections
[base] stop
[can] backend=detectnet_native detections=1 best_confidence=0.220
[can] backend=detectnet_native confidence=0.220 class_id=1 center=(125.7,120.5) error_x=-0.107 bbox=[116.25, 97.20703125, 135.15625, 143.7890625]
[base] stop
[fsm] ALIGNING --TARGET_ALIGNED--> APPROACHING
[can] backend=detectnet_native no detections
[base] stop
[can] backend=detectnet_native no detections
[base] stop
[can] backend=detectnet_native detections=1 best_confidence=0.209
[can] backend=detectnet_native confidence=0.209 class_id=1 center=(125.5,120.1) error_x=-0.108 bbox=[115.9375, 95.9765625, 135.0, 144.2578125]
[approach] target=can mode=bbox_height bbox=0.201/0.36 bbox_ok=False depth_raw=n/a/2.05 depth_ok=False error_x=-0.108
[base] continuous start label=approach_can_forward direction=forward requested_speed=0.6 effective_speed=0.6
[can] backend=detectnet_native no detections
[map] motion direction=forward speed=0.6 effective_seconds=0.06324434280395508 pose={'x_m': -0.06189849192121369, 'y_m': 0.33963339285252364, 'heading_rad': -1.0224591029323529}
[base] continuous stop label=approach_can_forward elapsed=0.063s
[base] stop
[can] backend=detectnet_native detections=1 best_confidence=0.245
[can] backend=detectnet_native confidence=0.245 class_id=1 center=(125.5,119.5) error_x=-0.108 bbox=[115.390625, 94.453125, 135.546875, 144.609375]
[approach] target=can mode=bbox_height bbox=0.209/0.36 bbox_ok=False depth_raw=n/a/2.05 depth_ok=False error_x=-0.108
[base] continuous start label=approach_can_forward direction=forward requested_speed=0.6 effective_speed=0.6
[can] backend=detectnet_native no detections
[map] motion direction=forward speed=0.6 effective_seconds=0.0637667179107666 pose={'x_m': -0.0675443631503295, 'y_m': 0.3430820023966322, 'heading_rad': -1.0224591029323529}
[base] continuous stop label=approach_can_forward elapsed=0.064s
[base] stop
[can] backend=detectnet_native detections=1 best_confidence=0.220
[can] backend=detectnet_native confidence=0.220 class_id=1 center=(126.2,121.2) error_x=-0.105 bbox=[116.71875, 97.44140625, 135.78125, 144.9609375]
[approach] target=can mode=bbox_height bbox=0.198/0.36 bbox_ok=False depth_raw=n/a/2.05 depth_ok=False error_x=-0.105
[base] continuous start label=approach_can_forward direction=forward requested_speed=0.6 effective_speed=0.6
[can] backend=detectnet_native detections=1 best_confidence=0.278
[can] backend=detectnet_native confidence=0.278 class_id=1 center=(125.8,121.5) error_x=-0.107 bbox=[116.09375, 97.96875, 135.46875, 145.078125]
[approach] target=can mode=bbox_height bbox=0.196/0.36 bbox_ok=False depth_raw=n/a/2.05 depth_ok=False error_x=-0.107
[can] backend=detectnet_native detections=1 best_confidence=0.260
[can] backend=detectnet_native confidence=0.260 class_id=1 center=(126.1,121.4) error_x=-0.106 bbox=[116.25, 97.6171875, 135.9375, 145.1953125]
[approach] target=can mode=bbox_height bbox=0.198/0.36 bbox_ok=False depth_raw=n/a/2.05 depth_ok=False error_x=-0.106
[can] backend=detectnet_native no detections
[map] motion direction=forward speed=0.6 effective_seconds=0.16127824783325195 pose={'x_m': -0.08182385328495073, 'y_m': 0.35180419671613866, 'heading_rad': -1.0224591029323529}
[base] continuous stop label=approach_can_forward elapsed=0.161s
[base] stop
[can] backend=detectnet_native detections=1 best_confidence=0.210
[can] backend=detectnet_native confidence=0.210 class_id=1 center=(125.7,121.9) error_x=-0.107 bbox=[115.78125, 97.265625, 135.625, 146.484375]
[approach] target=can mode=bbox_height bbox=0.205/0.36 bbox_ok=False depth_raw=n/a/2.05 depth_ok=False error_x=-0.107
[base] continuous start label=approach_can_forward direction=forward requested_speed=0.6 effective_speed=0.6
[can] backend=detectnet_native detections=1 best_confidence=0.202
[can] backend=detectnet_native confidence=0.202 class_id=1 center=(126.0,123.4) error_x=-0.106 bbox=[116.796875, 100.72265625, 135.234375, 146.015625]
[approach] target=can mode=bbox_height bbox=0.189/0.36 bbox_ok=False depth_raw=n/a/2.05 depth_ok=False error_x=-0.106
[can] backend=detectnet_native detections=1 best_confidence=0.247
[can] backend=detectnet_native confidence=0.247 class_id=1 center=(126.0,123.4) error_x=-0.106 bbox=[116.640625, 100.078125, 135.390625, 146.71875]
[approach] target=can mode=bbox_height bbox=0.194/0.36 bbox_ok=False depth_raw=n/a/2.05 depth_ok=False error_x=-0.106
[can] backend=detectnet_native detections=1 best_confidence=0.236
[can] backend=detectnet_native confidence=0.236 class_id=1 center=(126.0,122.2) error_x=-0.106 bbox=[116.5625, 99.375, 135.46875, 145.078125]
[approach] target=can mode=bbox_height bbox=0.190/0.36 bbox_ok=False depth_raw=n/a/2.05 depth_ok=False error_x=-0.106
[can] backend=detectnet_native no detections
[map] motion direction=forward speed=0.6 effective_seconds=0.20780682563781738 pose={'x_m': -0.10022295890811067, 'y_m': 0.3630427334592142, 'heading_rad': -1.0224591029323529}
[base] continuous stop label=approach_can_forward elapsed=0.208s
[base] stop
[can] backend=detectnet_native detections=1 best_confidence=0.201
[can] backend=detectnet_native confidence=0.201 class_id=1 center=(125.1,122.3) error_x=-0.109 bbox=[115.3125, 97.96875, 134.84375, 146.71875]
[approach] target=can mode=bbox_height bbox=0.203/0.36 bbox_ok=False depth_raw=n/a/2.05 depth_ok=False error_x=-0.109
[base] continuous start label=approach_can_forward direction=forward requested_speed=0.6 effective_speed=0.6
[can] backend=detectnet_native detections=1 best_confidence=0.314
[can] backend=detectnet_native confidence=0.314 class_id=1 center=(125.0,122.6) error_x=-0.109 bbox=[115.0, 97.734375, 135.0, 147.421875]
[approach] target=can mode=bbox_height bbox=0.207/0.36 bbox_ok=False depth_raw=n/a/2.05 depth_ok=False error_x=-0.109
[can] backend=detectnet_native detections=1 best_confidence=0.242
[can] backend=detectnet_native confidence=0.242 class_id=1 center=(125.1,122.0) error_x=-0.109 bbox=[114.765625, 95.9765625, 135.390625, 148.0078125]
[approach] target=can mode=bbox_height bbox=0.217/0.36 bbox_ok=False depth_raw=n/a/2.05 depth_ok=False error_x=-0.109
[can] backend=detectnet_native detections=1 best_confidence=0.229
[can] backend=detectnet_native confidence=0.229 class_id=1 center=(125.0,123.3) error_x=-0.109 bbox=[114.921875, 99.4921875, 135.078125, 147.0703125]
[approach] target=can mode=bbox_height bbox=0.198/0.36 bbox_ok=False depth_raw=n/a/2.05 depth_ok=False error_x=-0.109
[can] backend=detectnet_native detections=1 best_confidence=0.308
[can] backend=detectnet_native confidence=0.308 class_id=1 center=(126.5,123.1) error_x=-0.105 bbox=[115.0, 97.8515625, 137.96875, 148.359375]
[approach] target=can mode=bbox_height bbox=0.210/0.36 bbox_ok=False depth_raw=n/a/2.05 depth_ok=False error_x=-0.105
[can] backend=detectnet_native no detections
[map] motion direction=forward speed=0.6 effective_seconds=0.25620174407958984 pose={'x_m': -0.12290692482544731, 'y_m': 0.376898547413549, 'heading_rad': -1.0224591029323529}
[base] continuous stop label=approach_can_forward elapsed=0.256s
[base] stop
[can] backend=detectnet_native no detections
[base] stop
[can] backend=detectnet_native detections=1 best_confidence=0.298
[can] backend=detectnet_native confidence=0.298 class_id=1 center=(125.0,122.5) error_x=-0.109 bbox=[113.4375, 95.0390625, 136.5625, 149.8828125]
[approach] target=can mode=bbox_height bbox=0.229/0.36 bbox_ok=False depth_raw=n/a/2.05 depth_ok=False error_x=-0.109
[base] continuous start label=approach_can_forward direction=forward requested_speed=0.6 effective_speed=0.6
[can] backend=detectnet_native no detections
[map] motion direction=forward speed=0.6 effective_seconds=0.06339693069458008 pose={'x_m': -0.1285200552914634, 'y_m': 0.38032715825355595, 'heading_rad': -1.0224591029323529}
[base] continuous stop label=approach_can_forward elapsed=0.063s
[base] stop
[can] backend=detectnet_native detections=1 best_confidence=0.308
[can] backend=detectnet_native confidence=0.308 class_id=1 center=(124.6,121.5) error_x=-0.111 bbox=[112.734375, 94.5703125, 136.40625, 148.4765625]
[approach] target=can mode=bbox_height bbox=0.225/0.36 bbox_ok=False depth_raw=n/a/2.05 depth_ok=False error_x=-0.111
[base] continuous start label=approach_can_forward direction=forward requested_speed=0.6 effective_speed=0.6
[can] backend=detectnet_native no detections
[map] motion direction=forward speed=0.6 effective_seconds=0.06472182273864746 pose={'x_m': -0.134250490993163, 'y_m': 0.38382742144604054, 'heading_rad': -1.0224591029323529}
[base] continuous stop label=approach_can_forward elapsed=0.065s
[base] stop
[can] backend=detectnet_native detections=1 best_confidence=0.296
[can] backend=detectnet_native confidence=0.296 class_id=1 center=(124.7,122.8) error_x=-0.110 bbox=[112.421875, 94.3359375, 137.03125, 151.2890625]
[approach] target=can mode=bbox_height bbox=0.237/0.36 bbox_ok=False depth_raw=n/a/2.05 depth_ok=False error_x=-0.110
[base] continuous start label=approach_can_forward direction=forward requested_speed=0.6 effective_speed=0.6
[can] backend=detectnet_native detections=1 best_confidence=0.285
[can] backend=detectnet_native confidence=0.285 class_id=1 center=(125.1,122.1) error_x=-0.109 bbox=[112.65625, 94.3359375, 137.578125, 149.765625]
[approach] target=can mode=bbox_height bbox=0.231/0.36 bbox_ok=False depth_raw=n/a/2.05 depth_ok=False error_x=-0.109
[can] backend=detectnet_native detections=1 best_confidence=0.213
[can] backend=detectnet_native confidence=0.213 class_id=1 center=(126.2,124.9) error_x=-0.105 bbox=[115.15625, 98.203125, 137.34375, 151.640625]
[approach] target=can mode=bbox_height bbox=0.223/0.36 bbox_ok=False depth_raw=n/a/2.05 depth_ok=False error_x=-0.105
[can] backend=detectnet_native detections=1 best_confidence=0.339
[can] backend=detectnet_native confidence=0.339 class_id=1 center=(124.5,120.9) error_x=-0.111 bbox=[112.34375, 91.9921875, 136.640625, 149.8828125]
[approach] target=can mode=bbox_height bbox=0.241/0.36 bbox_ok=False depth_raw=n/a/2.05 depth_ok=False error_x=-0.111
[can] backend=detectnet_native detections=1 best_confidence=0.343
[can] backend=detectnet_native confidence=0.343 class_id=1 center=(123.8,123.4) error_x=-0.113 bbox=[111.5625, 95.21484375, 135.9375, 151.5234375]
[approach] target=can mode=bbox_height bbox=0.235/0.36 bbox_ok=False depth_raw=n/a/2.05 depth_ok=False error_x=-0.113
[can] backend=detectnet_native detections=1 best_confidence=0.346
[can] backend=detectnet_native confidence=0.346 class_id=1 center=(124.1,120.8) error_x=-0.112 bbox=[112.34375, 92.4609375, 135.9375, 149.0625]
[approach] target=can mode=bbox_height bbox=0.236/0.36 bbox_ok=False depth_raw=n/a/2.05 depth_ok=False error_x=-0.112
[can] backend=detectnet_native detections=1 best_confidence=0.356
[can] backend=detectnet_native confidence=0.356 class_id=1 center=(123.2,122.0) error_x=-0.115 bbox=[110.625, 94.74609375, 135.859375, 149.1796875]
[approach] target=can mode=bbox_height bbox=0.227/0.36 bbox_ok=False depth_raw=n/a/2.05 depth_ok=False error_x=-0.115
[can] backend=detectnet_native detections=1 best_confidence=0.388
[can] backend=detectnet_native confidence=0.388 class_id=1 center=(123.6,124.2) error_x=-0.114 bbox=[111.796875, 97.79296875, 135.390625, 150.703125]
[approach] target=can mode=bbox_height bbox=0.220/0.36 bbox_ok=False depth_raw=n/a/2.05 depth_ok=False error_x=-0.114
[can] backend=detectnet_native detections=1 best_confidence=0.324
[can] backend=detectnet_native confidence=0.324 class_id=1 center=(124.5,125.2) error_x=-0.111 bbox=[112.1875, 97.8515625, 136.71875, 152.4609375]
[approach] target=can mode=bbox_height bbox=0.228/0.36 bbox_ok=False depth_raw=n/a/2.05 depth_ok=False error_x=-0.111
[can] backend=detectnet_native detections=1 best_confidence=0.377
[can] backend=detectnet_native confidence=0.377 class_id=1 center=(123.3,125.2) error_x=-0.115 bbox=[110.15625, 96.73828125, 136.40625, 153.6328125]
[approach] target=can mode=bbox_height bbox=0.237/0.36 bbox_ok=False depth_raw=n/a/2.05 depth_ok=False error_x=-0.115
[can] backend=detectnet_native detections=1 best_confidence=0.290
[can] backend=detectnet_native confidence=0.290 class_id=1 center=(123.8,126.1) error_x=-0.113 bbox=[111.71875, 98.0859375, 135.9375, 154.1015625]
[approach] target=can mode=bbox_height bbox=0.233/0.36 bbox_ok=False depth_raw=n/a/2.05 depth_ok=False error_x=-0.113
[can] backend=detectnet_native detections=1 best_confidence=0.327
[can] backend=detectnet_native confidence=0.327 class_id=1 center=(123.0,125.8) error_x=-0.115 bbox=[110.15625, 97.44140625, 135.9375, 154.1015625]
[approach] target=can mode=bbox_height bbox=0.236/0.36 bbox_ok=False depth_raw=n/a/2.05 depth_ok=False error_x=-0.115
[can] backend=detectnet_native detections=1 best_confidence=0.390
[can] backend=detectnet_native confidence=0.390 class_id=1 center=(122.9,125.9) error_x=-0.116 bbox=[110.625, 97.8515625, 135.15625, 153.8671875]
[approach] target=can mode=bbox_height bbox=0.233/0.36 bbox_ok=False depth_raw=n/a/2.05 depth_ok=False error_x=-0.116
[can] backend=detectnet_native detections=1 best_confidence=0.371
[can] backend=detectnet_native confidence=0.371 class_id=1 center=(122.2,124.9) error_x=-0.118 bbox=[110.390625, 97.44140625, 133.984375, 152.34375]
[approach] target=can mode=bbox_height bbox=0.229/0.36 bbox_ok=False depth_raw=n/a/2.05 depth_ok=False error_x=-0.118
[can] backend=detectnet_native detections=1 best_confidence=0.461
[can] backend=detectnet_native confidence=0.461 class_id=1 center=(119.1,125.3) error_x=-0.128 bbox=[103.515625, 95.2734375, 134.6875, 155.2734375]
[approach] target=can mode=bbox_height bbox=0.250/0.36 bbox_ok=False depth_raw=n/a/2.05 depth_ok=False error_x=-0.128
[map] motion direction=forward speed=0.6 effective_seconds=0.6936194896697998 pose={'x_m': -0.19566319105028024, 'y_m': 0.4213395103605479, 'heading_rad': -1.0224591029323529}
[base] continuous stop label=approach_can_forward elapsed=0.694s
[base] stop
[base] continuous start label=approach_can_steer direction=left requested_speed=0.15 effective_speed=0.15
[visual-turn] label=approach_can_steer direction=left speed=0.15
[can] backend=detectnet_native detections=1 best_confidence=0.640
[can] backend=detectnet_native confidence=0.640 class_id=1 center=(119.6,125.9) error_x=-0.126 bbox=[104.765625, 95.625, 134.453125, 156.09375]
[approach] target=can mode=bbox_height bbox=0.252/0.36 bbox_ok=False depth_raw=n/a/2.05 depth_ok=False error_x=-0.126
[can] backend=detectnet_native detections=1 best_confidence=0.432
[can] backend=detectnet_native confidence=0.432 class_id=1 center=(119.5,126.3) error_x=-0.126 bbox=[105.625, 95.2734375, 133.4375, 157.3828125]
[approach] target=can mode=bbox_height bbox=0.259/0.36 bbox_ok=False depth_raw=n/a/2.05 depth_ok=False error_x=-0.126
[can] backend=detectnet_native detections=1 best_confidence=0.404
[can] backend=detectnet_native confidence=0.404 class_id=1 center=(119.9,126.2) error_x=-0.125 bbox=[105.78125, 96.4453125, 134.0625, 155.9765625]
[approach] target=can mode=bbox_height bbox=0.248/0.36 bbox_ok=False depth_raw=n/a/2.05 depth_ok=False error_x=-0.125
[can] backend=detectnet_native detections=1 best_confidence=0.466
[can] backend=detectnet_native confidence=0.466 class_id=1 center=(120.2,126.2) error_x=-0.124 bbox=[105.0, 95.7421875, 135.46875, 156.6796875]
[approach] target=can mode=bbox_height bbox=0.254/0.36 bbox_ok=False depth_raw=n/a/2.05 depth_ok=False error_x=-0.124
[can] backend=detectnet_native detections=1 best_confidence=0.395
[can] backend=detectnet_native confidence=0.395 class_id=1 center=(123.0,127.3) error_x=-0.115 bbox=[110.15625, 99.0234375, 135.9375, 155.5078125]
[approach] target=can mode=bbox_height bbox=0.235/0.36 bbox_ok=False depth_raw=n/a/2.05 depth_ok=False error_x=-0.115
[map] motion direction=left speed=0.15 effective_seconds=0.25558018684387207 pose={'x_m': -0.19566319105028024, 'y_m': 0.4213395103605479, 'heading_rad': -1.061061450883885}
[base] continuous stop label=approach_can_steer elapsed=0.256s
[base] stop
[base] continuous start label=approach_can_forward direction=forward requested_speed=0.6 effective_speed=0.6
[can] backend=detectnet_native detections=1 best_confidence=0.738
[can] backend=detectnet_native confidence=0.738 class_id=1 center=(125.2,124.4) error_x=-0.109 bbox=[110.390625, 91.7578125, 140.0, 157.03125]
[approach] target=can mode=bbox_height bbox=0.272/0.36 bbox_ok=False depth_raw=n/a/2.05 depth_ok=False error_x=-0.109
[can] backend=detectnet_native detections=1 best_confidence=0.585
[can] backend=detectnet_native confidence=0.585 class_id=1 center=(125.8,125.2) error_x=-0.107 bbox=[111.40625, 93.046875, 140.15625, 157.265625]
[approach] target=can mode=bbox_height bbox=0.268/0.36 bbox_ok=False depth_raw=n/a/2.05 depth_ok=False error_x=-0.107
[can] backend=detectnet_native detections=1 best_confidence=0.526
[can] backend=detectnet_native confidence=0.526 class_id=1 center=(127.1,128.3) error_x=-0.103 bbox=[112.890625, 96.50390625, 141.328125, 160.078125]
[approach] target=can mode=bbox_height bbox=0.265/0.36 bbox_ok=False depth_raw=n/a/2.05 depth_ok=False error_x=-0.103
[can] backend=detectnet_native detections=1 best_confidence=0.590
[can] backend=detectnet_native confidence=0.590 class_id=1 center=(126.8,128.5) error_x=-0.104 bbox=[111.5625, 96.85546875, 142.03125, 160.1953125]
[approach] target=can mode=bbox_height bbox=0.264/0.36 bbox_ok=False depth_raw=n/a/2.05 depth_ok=False error_x=-0.104
[can] backend=detectnet_native detections=1 best_confidence=0.635
[can] backend=detectnet_native confidence=0.635 class_id=1 center=(126.2,127.8) error_x=-0.105 bbox=[111.71875, 96.4453125, 140.78125, 159.140625]
[approach] target=can mode=bbox_height bbox=0.261/0.36 bbox_ok=False depth_raw=n/a/2.05 depth_ok=False error_x=-0.105
[can] backend=detectnet_native detections=1 best_confidence=0.677
[can] backend=detectnet_native confidence=0.677 class_id=1 center=(126.3,127.6) error_x=-0.105 bbox=[111.09375, 96.09375, 141.5625, 159.140625]
[approach] target=can mode=bbox_height bbox=0.263/0.36 bbox_ok=False depth_raw=n/a/2.05 depth_ok=False error_x=-0.105
[can] backend=detectnet_native detections=1 best_confidence=0.746
[can] backend=detectnet_native confidence=0.746 class_id=1 center=(125.7,127.0) error_x=-0.107 bbox=[110.46875, 94.27734375, 140.9375, 159.7265625]
[approach] target=can mode=bbox_height bbox=0.273/0.36 bbox_ok=False depth_raw=n/a/2.05 depth_ok=False error_x=-0.107
[can] backend=detectnet_native detections=1 best_confidence=0.688
[can] backend=detectnet_native confidence=0.688 class_id=1 center=(125.2,127.1) error_x=-0.109 bbox=[110.0, 95.0390625, 140.46875, 159.140625]
[approach] target=can mode=bbox_height bbox=0.267/0.36 bbox_ok=False depth_raw=n/a/2.05 depth_ok=False error_x=-0.109
[can] backend=detectnet_native detections=1 best_confidence=0.786
[can] backend=detectnet_native confidence=0.786 class_id=1 center=(125.2,128.9) error_x=-0.109 bbox=[109.53125, 96.03515625, 140.78125, 161.8359375]
[approach] target=can mode=bbox_height bbox=0.274/0.36 bbox_ok=False depth_raw=n/a/2.05 depth_ok=False error_x=-0.109
[can] backend=detectnet_native detections=1 best_confidence=0.805
[can] backend=detectnet_native confidence=0.805 class_id=1 center=(124.2,129.3) error_x=-0.112 bbox=[109.21875, 95.7421875, 139.140625, 162.7734375]
[approach] target=can mode=bbox_height bbox=0.279/0.36 bbox_ok=False depth_raw=n/a/2.05 depth_ok=False error_x=-0.112
[can] backend=detectnet_native detections=1 best_confidence=0.827
[can] backend=detectnet_native confidence=0.827 class_id=1 center=(125.1,130.0) error_x=-0.109 bbox=[109.296875, 96.9140625, 140.859375, 163.125]
[approach] target=can mode=bbox_height bbox=0.276/0.36 bbox_ok=False depth_raw=n/a/2.05 depth_ok=False error_x=-0.109
[can] backend=detectnet_native detections=1 best_confidence=0.700
[can] backend=detectnet_native confidence=0.700 class_id=1 center=(123.4,129.3) error_x=-0.114 bbox=[108.671875, 96.5625, 138.203125, 162.0703125]
[approach] target=can mode=bbox_height bbox=0.273/0.36 bbox_ok=False depth_raw=n/a/2.05 depth_ok=False error_x=-0.114
[can] backend=detectnet_native detections=1 best_confidence=0.864
[can] backend=detectnet_native confidence=0.864 class_id=1 center=(124.4,129.5) error_x=-0.111 bbox=[108.59375, 95.15625, 140.15625, 163.828125]
[approach] target=can mode=bbox_height bbox=0.286/0.36 bbox_ok=False depth_raw=n/a/2.05 depth_ok=False error_x=-0.111
[can] backend=detectnet_native detections=1 best_confidence=0.770
[can] backend=detectnet_native confidence=0.770 class_id=1 center=(123.4,129.6) error_x=-0.114 bbox=[108.125, 94.86328125, 138.671875, 164.296875]
[approach] target=can mode=bbox_height bbox=0.289/0.36 bbox_ok=False depth_raw=n/a/2.05 depth_ok=False error_x=-0.114
[can] backend=detectnet_native detections=1 best_confidence=0.869
[can] backend=detectnet_native confidence=0.869 class_id=1 center=(123.7,131.1) error_x=-0.114 bbox=[107.5, 95.859375, 139.84375, 166.2890625]
[approach] target=can mode=bbox_height bbox=0.293/0.36 bbox_ok=False depth_raw=n/a/2.05 depth_ok=False error_x=-0.114
[can] backend=detectnet_native detections=1 best_confidence=0.675
[can] backend=detectnet_native confidence=0.675 class_id=1 center=(122.2,129.9) error_x=-0.118 bbox=[105.703125, 94.3359375, 138.75, 165.46875]
[approach] target=can mode=bbox_height bbox=0.296/0.36 bbox_ok=False depth_raw=n/a/2.05 depth_ok=False error_x=-0.118
[can] backend=detectnet_native detections=1 best_confidence=0.870
[can] backend=detectnet_native confidence=0.870 class_id=1 center=(122.6,131.5) error_x=-0.117 bbox=[105.546875, 95.7421875, 139.6875, 167.34375]
[approach] target=can mode=bbox_height bbox=0.298/0.36 bbox_ok=False depth_raw=n/a/2.05 depth_ok=False error_x=-0.117
[can] backend=detectnet_native detections=1 best_confidence=0.702
[can] backend=detectnet_native confidence=0.702 class_id=1 center=(121.4,130.3) error_x=-0.120 bbox=[104.53125, 94.21875, 138.359375, 166.2890625]
[approach] target=can mode=bbox_height bbox=0.300/0.36 bbox_ok=False depth_raw=n/a/2.05 depth_ok=False error_x=-0.120
[map] motion direction=forward speed=0.6 effective_seconds=0.8780093193054199 pose={'x_m': -0.27517630116020964, 'y_m': 0.4657881889515713, 'heading_rad': -1.061061450883885}
[base] continuous stop label=approach_can_forward elapsed=0.878s
[base] stop
[base] continuous start label=approach_can_steer direction=left requested_speed=0.15 effective_speed=0.15
[visual-turn] label=approach_can_steer direction=left speed=0.15
[can] backend=detectnet_native detections=1 best_confidence=0.483
[can] backend=detectnet_native confidence=0.483 class_id=1 center=(117.1,130.8) error_x=-0.134 bbox=[97.03125, 90.9375, 137.109375, 170.7421875]
[approach] target=can mode=bbox_height bbox=0.333/0.36 bbox_ok=False depth_raw=n/a/2.05 depth_ok=False error_x=-0.134
[can] backend=detectnet_native detections=1 best_confidence=0.482
[can] backend=detectnet_native confidence=0.482 class_id=1 center=(117.6,132.5) error_x=-0.133 bbox=[97.578125, 94.1015625, 137.578125, 170.859375]
[approach] target=can mode=bbox_height bbox=0.320/0.36 bbox_ok=False depth_raw=n/a/2.05 depth_ok=False error_x=-0.133
[can] backend=detectnet_native detections=1 best_confidence=0.902
[can] backend=detectnet_native confidence=0.902 class_id=1 center=(117.6,131.3) error_x=-0.133 bbox=[96.953125, 90.0, 138.203125, 172.6171875]
[approach] target=can mode=bbox_height bbox=0.344/0.36 bbox_ok=False depth_raw=n/a/2.05 depth_ok=False error_x=-0.133
[can] backend=detectnet_native detections=1 best_confidence=0.803
[can] backend=detectnet_native confidence=0.803 class_id=1 center=(117.8,130.1) error_x=-0.132 bbox=[97.1875, 88.59375, 138.4375, 171.6796875]
[approach] target=can mode=bbox_height bbox=0.346/0.36 bbox_ok=False depth_raw=n/a/2.05 depth_ok=False error_x=-0.132
[can] backend=detectnet_native detections=1 best_confidence=0.819
[can] backend=detectnet_native confidence=0.819 class_id=1 center=(122.5,131.7) error_x=-0.117 bbox=[104.0625, 91.640625, 141.015625, 171.6796875]
[approach] target=can mode=bbox_height bbox=0.333/0.36 bbox_ok=False depth_raw=n/a/2.05 depth_ok=False error_x=-0.117
[map] motion direction=left speed=0.15 effective_seconds=0.25722527503967285 pose={'x_m': -0.27517630116020964, 'y_m': 0.4657881889515713, 'heading_rad': -1.0999122698445727}
[base] continuous stop label=approach_can_steer elapsed=0.257s
[base] stop
[base] continuous start label=approach_can_forward direction=forward requested_speed=0.6 effective_speed=0.6
[can] backend=detectnet_native detections=1 best_confidence=0.976
[can] backend=detectnet_native confidence=0.976 class_id=1 center=(126.0,134.1) error_x=-0.106 bbox=[107.65625, 93.8671875, 144.296875, 174.375]
[approach] target=can mode=bbox_height bbox=0.335/0.36 bbox_ok=False depth_raw=n/a/2.05 depth_ok=False error_x=-0.106
[can] backend=detectnet_native detections=1 best_confidence=0.971
[can] backend=detectnet_native confidence=0.971 class_id=1 center=(125.6,132.5) error_x=-0.107 bbox=[108.125, 93.22265625, 143.125, 171.796875]
[approach] target=can mode=bbox_height bbox=0.327/0.36 bbox_ok=False depth_raw=n/a/2.05 depth_ok=False error_x=-0.107
[can] backend=detectnet_native detections=1 best_confidence=0.998
[can] backend=detectnet_native confidence=0.998 class_id=1 center=(126.2,133.8) error_x=-0.106 bbox=[107.5, 91.875, 144.921875, 175.6640625]
[approach] target=can mode=bbox_height bbox=0.349/0.36 bbox_ok=False depth_raw=n/a/2.05 depth_ok=False error_x=-0.106
[can] backend=detectnet_native detections=1 best_confidence=0.995
[can] backend=detectnet_native confidence=0.995 class_id=1 center=(126.7,133.1) error_x=-0.104 bbox=[107.8125, 92.4609375, 145.625, 173.7890625]
[approach] target=can mode=bbox_height bbox=0.339/0.36 bbox_ok=False depth_raw=n/a/2.05 depth_ok=False error_x=-0.104
[can] backend=detectnet_native detections=1 best_confidence=0.990
[can] backend=detectnet_native confidence=0.990 class_id=1 center=(126.3,132.7) error_x=-0.105 bbox=[107.96875, 92.2265625, 144.6875, 173.203125]
[approach] target=can mode=bbox_height bbox=0.337/0.36 bbox_ok=False depth_raw=n/a/2.05 depth_ok=False error_x=-0.105
[can] backend=detectnet_native detections=1 best_confidence=0.995
[can] backend=detectnet_native confidence=0.995 class_id=1 center=(125.4,134.2) error_x=-0.108 bbox=[106.5625, 93.515625, 144.296875, 174.84375]
[approach] target=can mode=bbox_height bbox=0.339/0.36 bbox_ok=False depth_raw=n/a/2.05 depth_ok=False error_x=-0.108
[can] backend=detectnet_native detections=1 best_confidence=0.999
[can] backend=detectnet_native confidence=0.999 class_id=1 center=(125.8,134.4) error_x=-0.107 bbox=[105.703125, 91.69921875, 145.9375, 177.1875]
[approach] target=can mode=bbox_height bbox=0.356/0.36 bbox_ok=False depth_raw=n/a/2.05 depth_ok=False error_x=-0.107
[can] backend=detectnet_native detections=1 best_confidence=0.997
[can] backend=detectnet_native confidence=0.997 class_id=1 center=(125.1,134.8) error_x=-0.109 bbox=[105.078125, 92.8125, 145.078125, 176.71875]
[approach] target=can mode=bbox_height bbox=0.350/0.36 bbox_ok=False depth_raw=n/a/2.05 depth_ok=False error_x=-0.109
[can] backend=detectnet_native detections=1 best_confidence=0.995
[can] backend=detectnet_native confidence=0.995 class_id=1 center=(124.5,134.4) error_x=-0.111 bbox=[104.296875, 89.12109375, 144.609375, 179.765625]
[approach] target=can mode=bbox_height bbox=0.378/0.36 bbox_ok=True depth_raw=n/a/2.05 depth_ok=False error_x=-0.111
[map] motion direction=forward speed=0.6 effective_seconds=0.44690871238708496 pose={'x_m': -0.31649687050596725, 'y_m': 0.486823605169134, 'heading_rad': -1.0999122698445727}
[base] continuous stop label=approach_can_forward elapsed=0.447s
[base] stop
[fsm] APPROACHING --TARGET_REACHED--> FINAL_VERIFY
[can] backend=detectnet_native detections=1 best_confidence=0.994
[can] backend=detectnet_native confidence=0.994 class_id=1 center=(124.2,135.1) error_x=-0.112 bbox=[102.890625, 90.234375, 145.546875, 179.8828125]
[base] continuous start label=align_can direction=left requested_speed=0.15 effective_speed=0.15
[visual-turn] label=align_can direction=left speed=0.15
[can] backend=detectnet_native detections=1 best_confidence=0.989
[can] backend=detectnet_native confidence=0.989 class_id=1 center=(123.4,134.9) error_x=-0.115 bbox=[101.015625, 89.296875, 145.703125, 180.5859375]
[can] backend=detectnet_native detections=1 best_confidence=0.996
[can] backend=detectnet_native confidence=0.996 class_id=1 center=(124.3,133.7) error_x=-0.111 bbox=[102.03125, 87.48046875, 146.640625, 179.8828125]
[can] backend=detectnet_native detections=1 best_confidence=0.999
[can] backend=detectnet_native confidence=0.999 class_id=1 center=(124.5,134.1) error_x=-0.111 bbox=[102.03125, 88.2421875, 147.03125, 180.0]
[can] backend=detectnet_native detections=1 best_confidence=1.000
[can] backend=detectnet_native confidence=1.000 class_id=1 center=(124.8,134.4) error_x=-0.110 bbox=[102.578125, 88.4765625, 147.03125, 180.3515625]
[can] backend=detectnet_native detections=1 best_confidence=1.000
[can] backend=detectnet_native confidence=1.000 class_id=1 center=(125.1,134.2) error_x=-0.109 bbox=[103.046875, 87.83203125, 147.109375, 180.5859375]
[can] backend=detectnet_native detections=1 best_confidence=0.999
[can] backend=detectnet_native confidence=0.999 class_id=1 center=(125.8,134.8) error_x=-0.107 bbox=[103.90625, 89.1796875, 147.734375, 180.46875]
[can] backend=detectnet_native detections=1 best_confidence=0.999
[can] backend=detectnet_native confidence=0.999 class_id=1 center=(127.4,135.3) error_x=-0.102 bbox=[106.640625, 88.53515625, 148.203125, 181.9921875]
[can] backend=detectnet_native detections=1 best_confidence=1.000
[can] backend=detectnet_native confidence=1.000 class_id=1 center=(128.3,134.7) error_x=-0.099 bbox=[106.40625, 87.3046875, 150.15625, 182.109375]
[can] backend=detectnet_native detections=1 best_confidence=1.000
[can] backend=detectnet_native confidence=1.000 class_id=1 center=(129.3,135.9) error_x=-0.096 bbox=[106.953125, 87.71484375, 151.640625, 184.1015625]
[can] backend=detectnet_native detections=1 best_confidence=0.999
[can] backend=detectnet_native confidence=0.999 class_id=1 center=(130.4,133.8) error_x=-0.092 bbox=[108.828125, 86.1328125, 152.03125, 181.5234375]
[can] backend=detectnet_native detections=1 best_confidence=0.999
[can] backend=detectnet_native confidence=0.999 class_id=1 center=(131.1,134.1) error_x=-0.090 bbox=[108.28125, 86.953125, 153.828125, 181.2890625]
[can] backend=detectnet_native detections=1 best_confidence=0.993
[can] backend=detectnet_native confidence=0.993 class_id=1 center=(133.6,133.7) error_x=-0.083 bbox=[111.71875, 86.6015625, 155.46875, 180.8203125]
[can] backend=detectnet_native detections=1 best_confidence=0.997
[can] backend=detectnet_native confidence=0.997 class_id=1 center=(135.9,131.8) error_x=-0.075 bbox=[112.1875, 83.0859375, 159.53125, 180.46875]
[can] backend=detectnet_native detections=1 best_confidence=0.943
[can] backend=detectnet_native confidence=0.943 class_id=1 center=(137.3,133.4) error_x=-0.071 bbox=[113.90625, 85.546875, 160.78125, 181.2890625]
[can] backend=detectnet_native detections=1 best_confidence=0.993
[can] backend=detectnet_native confidence=0.993 class_id=1 center=(139.8,132.1) error_x=-0.063 bbox=[117.5, 84.4921875, 162.1875, 179.765625]
[can] backend=detectnet_native detections=1 best_confidence=0.998
[can] backend=detectnet_native confidence=0.998 class_id=1 center=(142.0,133.9) error_x=-0.056 bbox=[120.15625, 87.421875, 163.90625, 180.46875]
[can] backend=detectnet_native detections=1 best_confidence=0.999
[can] backend=detectnet_native confidence=0.999 class_id=1 center=(143.5,133.8) error_x=-0.052 bbox=[121.953125, 86.953125, 165.0, 180.703125]
[can] backend=detectnet_native detections=1 best_confidence=0.999
[can] backend=detectnet_native confidence=0.999 class_id=1 center=(143.3,134.7) error_x=-0.052 bbox=[121.25, 87.65625, 165.3125, 181.7578125]
[can] backend=detectnet_native detections=1 best_confidence=1.000
[can] backend=detectnet_native confidence=1.000 class_id=1 center=(144.7,134.3) error_x=-0.048 bbox=[122.8125, 86.71875, 166.5625, 181.875]
[can] backend=detectnet_native detections=1 best_confidence=0.996
[can] backend=detectnet_native confidence=0.996 class_id=1 center=(146.5,134.5) error_x=-0.042 bbox=[123.90625, 86.484375, 169.0625, 182.578125]
[can] backend=detectnet_native detections=1 best_confidence=0.999
[can] backend=detectnet_native confidence=0.999 class_id=1 center=(147.7,132.8) error_x=-0.039 bbox=[125.0, 85.78125, 170.3125, 179.765625]
[can] backend=detectnet_native detections=1 best_confidence=0.995
[can] backend=detectnet_native confidence=0.995 class_id=1 center=(147.3,132.3) error_x=-0.040 bbox=[124.0625, 86.484375, 170.625, 178.125]
[can] backend=detectnet_native detections=1 best_confidence=0.997
[can] backend=detectnet_native confidence=0.997 class_id=1 center=(149.5,132.6) error_x=-0.033 bbox=[126.09375, 85.546875, 172.8125, 179.6484375]
[can] backend=detectnet_native detections=1 best_confidence=0.992
[can] backend=detectnet_native confidence=0.992 class_id=1 center=(151.7,131.9) error_x=-0.026 bbox=[128.4375, 83.96484375, 175.0, 179.765625]
[map] motion direction=left speed=0.15 effective_seconds=1.1630425453186035 pose={'x_m': -0.31649687050596725, 'y_m': 0.486823605169134, 'heading_rad': -1.2755760158150313}
[base] continuous stop label=align_can elapsed=1.163s
[base] stop
[can] backend=detectnet_native detections=1 best_confidence=0.871
[can] backend=detectnet_native confidence=0.871 class_id=1 center=(154.0,131.4) error_x=-0.019 bbox=[131.09375, 84.08203125, 176.875, 178.7109375]
[base] stop
[fsm] FINAL_VERIFY --TARGET_STABLE--> FINALIZING
[arm] pose arm_down
[arm] arm_down servo=5 angle=0 speed=85
[arm] arm_down servo=4 angle=0 speed=85
[arm] arm_down servo=3 angle=45 speed=85
[arm] arm_down servo=2 angle=105 speed=85
[arm] arm_down servo=1 angle=-16 speed=85
[arm-position] arm_down waiting for motion to settle servos=[1, 2, 3, 4, 5] stability_delta=3 min_wait=0.5 timeout=10.0 stable_samples=2
[arm-position] arm_down waiting positions={1: 439, 2: 612, 3: 641, 4: 500, 5: 508} movement={} read_errors=[]
[arm-position] arm_down waiting positions={1: 439, 2: 627, 3: 655, 4: 500, 5: 508} movement={1: 0, 2: 15, 3: 14, 4: 0, 5: 0} read_errors=[]
[arm-position] arm_down waiting positions={1: 439, 2: 640, 3: 667, 4: 500, 5: 508} movement={1: 0, 2: 13, 3: 12, 4: 0, 5: 0} read_errors=[]
[arm-position] arm_down waiting positions={1: 439, 2: 654, 3: 680, 4: 500, 5: 509} movement={1: 0, 2: 14, 3: 13, 4: 0, 5: 1} read_errors=[]
[arm-position] arm_down waiting positions={1: 439, 2: 667, 3: 693, 4: 500, 5: 509} movement={1: 0, 2: 13, 3: 13, 4: 0, 5: 0} read_errors=[]
[arm-position] arm_down waiting positions={1: 439, 2: 680, 3: 706, 4: 500, 5: 509} movement={1: 0, 2: 13, 3: 13, 4: 0, 5: 0} read_errors=[]
[arm-position] arm_down waiting positions={1: 439, 2: 694, 3: 716, 4: 500, 5: 509} movement={1: 0, 2: 14, 3: 10, 4: 0, 5: 0} read_errors=[]
[arm-position] arm_down waiting positions={1: 439, 2: 708, 3: 717, 4: 500, 5: 509} movement={1: 0, 2: 14, 3: 1, 4: 0, 5: 0} read_errors=[]
[arm-position] arm_down waiting positions={1: 439, 2: 722, 3: 717, 4: 500, 5: 508} movement={1: 0, 2: 14, 3: 0, 4: 0, 5: 1} read_errors=[]
[arm-position] arm_down waiting positions={1: 439, 2: 732, 3: 717, 4: 500, 5: 509} movement={1: 0, 2: 10, 3: 0, 4: 0, 5: 1} read_errors=[]
[arm-position] arm_down waiting positions={1: 439, 2: 747, 3: 717, 4: 500, 5: 509} movement={1: 0, 2: 15, 3: 0, 4: 0, 5: 0} read_errors=[]
[arm-position] arm_down waiting positions={1: 439, 2: 761, 3: 717, 4: 500, 5: 509} movement={1: 0, 2: 14, 3: 0, 4: 0, 5: 0} read_errors=[]
[arm-position] arm_down waiting positions={1: 439, 2: 773, 3: 717, 4: 500, 5: 509} movement={1: 0, 2: 12, 3: 0, 4: 0, 5: 0} read_errors=[]
[arm-position] arm_down waiting positions={1: 439, 2: 787, 3: 717, 4: 500, 5: 509} movement={1: 0, 2: 14, 3: 0, 4: 0, 5: 0} read_errors=[]
[arm-position] arm_down waiting positions={1: 439, 2: 800, 3: 717, 4: 500, 5: 509} movement={1: 0, 2: 13, 3: 0, 4: 0, 5: 0} read_errors=[]
[arm-position] arm_down waiting positions={1: 439, 2: 812, 3: 717, 4: 500, 5: 508} movement={1: 0, 2: 12, 3: 0, 4: 0, 5: 1} read_errors=[]
[arm-position] arm_down waiting positions={1: 439, 2: 827, 3: 717, 4: 500, 5: 508} movement={1: 0, 2: 15, 3: 0, 4: 0, 5: 0} read_errors=[]
[arm-position] arm_down waiting positions={1: 439, 2: 839, 3: 717, 4: 500, 5: 508} movement={1: 0, 2: 12, 3: 0, 4: 0, 5: 0} read_errors=[]
[arm-position] arm_down waiting positions={1: 439, 2: 854, 3: 717, 4: 500, 5: 509} movement={1: 0, 2: 15, 3: 0, 4: 0, 5: 1} read_errors=[]
[arm-position] arm_down waiting positions={1: 439, 2: 866, 3: 717, 4: 500, 5: 509} movement={1: 0, 2: 12, 3: 0, 4: 0, 5: 0} read_errors=[]
[arm-position] arm_down waiting positions={1: 439, 2: 880, 3: 717, 4: 500, 5: 509} movement={1: 0, 2: 14, 3: 0, 4: 0, 5: 0} read_errors=[]
[arm-position] arm_down waiting positions={1: 439, 2: 892, 3: 717, 4: 500, 5: 509} movement={1: 0, 2: 12, 3: 0, 4: 0, 5: 0} read_errors=[]
[arm-position] arm_down waiting positions={1: 439, 2: 905, 3: 717, 4: 500, 5: 509} movement={1: 0, 2: 13, 3: 0, 4: 0, 5: 0} read_errors=[]
[arm-position] arm_down waiting positions={1: 439, 2: 919, 3: 717, 4: 500, 5: 509} movement={1: 0, 2: 14, 3: 0, 4: 0, 5: 0} read_errors=[]
[arm-position] arm_down waiting positions={1: 439, 2: 933, 3: 717, 4: 500, 5: 509} movement={1: 0, 2: 14, 3: 0, 4: 0, 5: 0} read_errors=[]
[arm-position] arm_down waiting positions={1: 439, 2: 946, 3: 717, 4: 500, 5: 509} movement={1: 0, 2: 13, 3: 0, 4: 0, 5: 0} read_errors=[]
[arm-position] arm_down waiting positions={1: 439, 2: 958, 3: 717, 4: 500, 5: 509} movement={1: 0, 2: 12, 3: 0, 4: 0, 5: 0} read_errors=[]
[arm-position] arm_down waiting positions={1: 439, 2: 971, 3: 717, 4: 500, 5: 509} movement={1: 0, 2: 13, 3: 0, 4: 0, 5: 0} read_errors=[]
[arm-position] arm_down waiting positions={1: 439, 2: 984, 3: 717, 4: 500, 5: 508} movement={1: 0, 2: 13, 3: 0, 4: 0, 5: 1} read_errors=[]
[arm-position] arm_down waiting positions={1: 439, 2: 998, 3: 717, 4: 500, 5: 509} movement={1: 0, 2: 14, 3: 0, 4: 0, 5: 1} read_errors=[]
[arm-position] arm_down waiting positions={1: 439, 2: 1005, 3: 717, 4: 500, 5: 508} movement={1: 0, 2: 7, 3: 0, 4: 0, 5: 1} read_errors=[]
[arm-position] arm_down settled positions={1: 439, 2: 1005, 3: 717, 4: 500, 5: 508} movement={1: 0, 2: 0, 3: 0, 4: 0, 5: 0} elapsed=4.94s
[base] pickup_push direction=forward requested_speed=0.2 effective_speed=0.2 seconds=3.9
[map] motion direction=forward speed=0.2 effective_seconds=3.9 pose={'x_m': -0.4377634203613459, 'y_m': 0.5237015984194854, 'heading_rad': -1.2755760158150313}
[arm] pose grab
[arm] grab servo=5 angle=0 speed=85
[arm] grab servo=4 angle=-55 speed=85
[arm] grab servo=3 angle=45 speed=85
[arm] grab servo=2 angle=105 speed=85
[arm] grab servo=1 angle=-16 speed=85
[arm] pose carry
[arm] carry servo=5 angle=0 speed=85
[arm] carry servo=4 angle=-55 speed=85
[arm] carry servo=3 angle=45 speed=85
[arm] carry servo=2 angle=60 speed=85
[arm] carry servo=1 angle=-16 speed=85
[mission] completed_pickups=1
[fsm] FINALIZING --FINALIZED--> PLANNING
[fsm] PLANNING --MAP_TARGET_AVAILABLE--> MAP_NAVIGATING
[can] backend=detectnet_native no detections
[tag] cv2=4.1.1
[tag] has pupil_apriltags=True
[tag] has aruco=False
[tag] has ArucoDetector=False
[tag] has DICT_APRILTAG_36h11=False
[tag] calibration loaded /workspace/robot_code/temp_car/calibration_320.yaml
[tag] detector loaded backend=pupil_apriltags family=tag36h11 dictionary=DICT_APRILTAG_36h11
[tag] no detections
[map] navigate label=bin_docking distance_m=3.557 heading_error_rad=-2.004
[base] continuous start label=map_turn_bin_docking direction=left requested_speed=0.15 effective_speed=0.15
[can] backend=detectnet_native detections=1 best_confidence=0.200
[depth] map_can_0_depth mean=1.832 min=1.520 max=2.135
[map] can added id=1 position={'x_m': -0.6127546657790786, 'y_m': 0.5780928821554702}
[tag] no detections
[map] motion direction=left speed=0.15 effective_seconds=0.7517120838165283 pose={'x_m': -0.4377634203613459, 'y_m': 0.5237015984194854, 'heading_rad': -1.3891131869752638}
[map] navigate label=bin_docking distance_m=3.557 heading_error_rad=-1.890
[can] backend=detectnet_native no detections
[tag] no detections
[map] motion direction=left speed=0.15 effective_seconds=0.07591009140014648 pose={'x_m': -0.4377634203613459, 'y_m': 0.5237015984194854, 'heading_rad': -1.400578503584689}
[map] navigate label=bin_docking distance_m=3.557 heading_error_rad=-1.879
[can] backend=detectnet_native detections=1 best_confidence=0.275
[depth] map_can_0_depth mean=1.914 min=1.576 max=2.143
[map] can added id=2 position={'x_m': -0.6261330559599684, 'y_m': 0.5576676673191463}
[tag] no detections
[map] motion direction=left speed=0.15 effective_seconds=0.09460926055908203 pose={'x_m': -0.4377634203613459, 'y_m': 0.5237015984194854, 'heading_rad': -1.4148681073315157}
[map] navigate label=bin_docking distance_m=3.557 heading_error_rad=-1.864
[can] backend=detectnet_native detections=1 best_confidence=0.204
[depth] map_can_0_depth mean=1.799 min=1.441 max=2.094
[map] can added id=3 position={'x_m': -0.6151264394222287, 'y_m': 0.5538186232304192}
[tag] no detections
[map] motion direction=left speed=0.15 effective_seconds=0.09249329566955566 pose={'x_m': -0.4377634203613459, 'y_m': 0.5237015984194854, 'heading_rad': -1.4288381197441025}
[map] navigate label=bin_docking distance_m=3.557 heading_error_rad=-1.850
[can] backend=detectnet_native no detections
[tag] no detections
[map] motion direction=left speed=0.15 effective_seconds=0.06383776664733887 pose={'x_m': -0.4377634203613459, 'y_m': 0.5237015984194854, 'heading_rad': -1.438480055259529}
[map] navigate label=bin_docking distance_m=3.557 heading_error_rad=-1.841
[can] backend=detectnet_native no detections
[tag] no detections
[map] motion direction=left speed=0.15 effective_seconds=0.0628199577331543 pose={'x_m': -0.4377634203613459, 'y_m': 0.5237015984194854, 'heading_rad': -1.4479682628418997}
[map] navigate label=bin_docking distance_m=3.557 heading_error_rad=-1.831
[can] backend=detectnet_native no detections
[tag] no detections
[map] motion direction=left speed=0.15 effective_seconds=0.06218767166137695 pose={'x_m': -0.4377634203613459, 'y_m': 0.5237015984194854, 'heading_rad': -1.4573609711320559}
[map] navigate label=bin_docking distance_m=3.557 heading_error_rad=-1.822
[can] backend=detectnet_native no detections
[tag] no detections
[map] motion direction=left speed=0.15 effective_seconds=0.06196951866149902 pose={'x_m': -0.4377634203613459, 'y_m': 0.5237015984194854, 'heading_rad': -1.4667207300057805}
[map] navigate label=bin_docking distance_m=3.557 heading_error_rad=-1.812
[can] backend=detectnet_native no detections
[tag] no detections
[map] motion direction=left speed=0.15 effective_seconds=0.06111907958984375 pose={'x_m': -0.4377634203613459, 'y_m': 0.5237015984194854, 'heading_rad': -1.4759520401708592}
[map] navigate label=bin_docking distance_m=3.557 heading_error_rad=-1.803
[can] backend=detectnet_native no detections
[tag] no detections
[map] motion direction=left speed=0.15 effective_seconds=0.062191009521484375 pose={'x_m': -0.4377634203613459, 'y_m': 0.5237015984194854, 'heading_rad': -1.4853452526050919}
[map] navigate label=bin_docking distance_m=3.557 heading_error_rad=-1.794
[can] backend=detectnet_native no detections
[tag] no detections
[map] motion direction=left speed=0.15 effective_seconds=0.06091189384460449 pose={'x_m': -0.4377634203613459, 'y_m': 0.5237015984194854, 'heading_rad': -1.4945452698271333}
[map] navigate label=bin_docking distance_m=3.557 heading_error_rad=-1.785
[can] backend=detectnet_native no detections
[tag] no detections
[map] motion direction=left speed=0.15 effective_seconds=0.06305694580078125 pose={'x_m': -0.4377634203613459, 'y_m': 0.5237015984194854, 'heading_rad': -1.504069271638939}
[map] navigate label=bin_docking distance_m=3.557 heading_error_rad=-1.775
[can] backend=detectnet_native no detections
[tag] no detections
[map] motion direction=left speed=0.15 effective_seconds=0.06798958778381348 pose={'x_m': -0.4377634203613459, 'y_m': 0.5237015984194854, 'heading_rad': -1.5143382903650082}
[map] navigate label=bin_docking distance_m=3.557 heading_error_rad=-1.765
[can] backend=detectnet_native no detections
[tag] no detections
[map] motion direction=left speed=0.15 effective_seconds=0.06233930587768555 pose={'x_m': -0.4377634203613459, 'y_m': 0.5237015984194854, 'heading_rad': -1.5237539012003563}
[map] navigate label=bin_docking distance_m=3.557 heading_error_rad=-1.755
[can] backend=detectnet_native no detections
[tag] no detections
[map] motion direction=left speed=0.15 effective_seconds=0.06175041198730469 pose={'x_m': -0.4377634203613459, 'y_m': 0.5237015984194854, 'heading_rad': -1.5330805666164846}
[map] navigate label=bin_docking distance_m=3.557 heading_error_rad=-1.746
[can] backend=detectnet_native no detections
[tag] no detections
[map] motion direction=left speed=0.15 effective_seconds=0.06114554405212402 pose={'x_m': -0.4377634203613459, 'y_m': 0.5237015984194854, 'heading_rad': -1.5423158739238845}
[map] navigate label=bin_docking distance_m=3.557 heading_error_rad=-1.737
[can] backend=detectnet_native detections=1 best_confidence=0.201
[depth] map_can_0_depth mean=2.284 min=1.910 max=2.659
[map] can added id=4 position={'x_m': -0.6659814803728957, 'y_m': 0.5323059182495349}
[tag] no detections
[map] motion direction=left speed=0.15 effective_seconds=0.08713221549987793 pose={'x_m': -0.4377634203613459, 'y_m': 0.5237015984194854, 'heading_rad': -1.5554761589289536}
[map] navigate label=bin_docking distance_m=3.557 heading_error_rad=-1.724
[can] backend=detectnet_native detections=1 best_confidence=0.231
[depth] map_can_0_depth mean=2.108 min=1.700 max=2.548
[map] can added id=5 position={'x_m': -0.6484610664630714, 'y_m': 0.5289775962796786}
[tag] no detections
[map] motion direction=left speed=0.15 effective_seconds=0.08908748626708984 pose={'x_m': -0.4377634203613459, 'y_m': 0.5237015984194854, 'heading_rad': -1.568931764332006}
[map] navigate label=bin_docking distance_m=3.557 heading_error_rad=-1.710
[can] backend=detectnet_native no detections
[tag] no detections
[map] motion direction=left speed=0.15 effective_seconds=0.06334209442138672 pose={'x_m': -0.4377634203613459, 'y_m': 0.5237015984194854, 'heading_rad': -1.5784988344520652}
[map] navigate label=bin_docking distance_m=3.557 heading_error_rad=-1.701
[can] backend=detectnet_native no detections
[tag] no detections
[map] motion direction=left speed=0.15 effective_seconds=0.06390953063964844 pose={'x_m': -0.4377634203613459, 'y_m': 0.5237015984194854, 'heading_rad': -1.5881516090651375}
[map] navigate label=bin_docking distance_m=3.557 heading_error_rad=-1.691
[can] backend=detectnet_native no detections
[tag] no detections
[map] motion direction=left speed=0.15 effective_seconds=0.06019139289855957 pose={'x_m': -0.4377634203613459, 'y_m': 0.5237015984194854, 'heading_rad': -1.5972428031872272}
[map] navigate label=bin_docking distance_m=3.557 heading_error_rad=-1.682
[can] backend=detectnet_native no detections
[tag] no detections
[map] motion direction=left speed=0.15 effective_seconds=0.06192588806152344 pose={'x_m': -0.4377634203613459, 'y_m': 0.5237015984194854, 'heading_rad': -1.6065959721776657}
[map] navigate label=bin_docking distance_m=3.557 heading_error_rad=-1.673
[can] backend=detectnet_native detections=1 best_confidence=0.247
[depth] map_can_0_depth mean=2.036 min=1.607 max=2.393
[map] can added id=6 position={'x_m': -0.6412489004571996, 'y_m': 0.5182884709365666}
[tag] no detections
[map] motion direction=left speed=0.15 effective_seconds=0.0896599292755127 pose={'x_m': -0.4377634203613459, 'y_m': 0.5237015984194854, 'heading_rad': -1.620138038289846}
[map] navigate label=bin_docking distance_m=3.557 heading_error_rad=-1.659
[can] backend=detectnet_native detections=1 best_confidence=0.222
[depth] map_can_0_depth mean=1.845 min=1.512 max=2.148
[map] can added id=7 position={'x_m': -0.6221436313366026, 'y_m': 0.5162261765871462}
[tag] no detections
[map] motion direction=left speed=0.15 effective_seconds=0.08882498741149902 pose={'x_m': -0.4377634203613459, 'y_m': 0.5237015984194854, 'heading_rad': -1.6335539963623071}
[map] navigate label=bin_docking distance_m=3.557 heading_error_rad=-1.646
[can] backend=detectnet_native detections=1 best_confidence=0.238
[depth] map_can_0_depth mean=1.885 min=1.537 max=2.272
[map] can merged id=7 position={'x_m': -0.6240788978572838, 'y_m': 0.5150510177649698} observations=2
[tag] no detections
[map] motion direction=left speed=0.15 effective_seconds=0.08920836448669434 pose={'x_m': -0.4377634203613459, 'y_m': 0.5237015984194854, 'heading_rad': -1.6470278589829888}
[map] navigate label=bin_docking distance_m=3.557 heading_error_rad=-1.632
[can] backend=detectnet_native no detections
[tag] no detections
[map] motion direction=left speed=0.15 effective_seconds=0.06304001808166504 pose={'x_m': -0.4377634203613459, 'y_m': 0.5237015984194854, 'heading_rad': -1.6565493040641204}
[map] navigate label=bin_docking distance_m=3.557 heading_error_rad=-1.623
[can] backend=detectnet_native no detections
[tag] no detections
[map] motion direction=left speed=0.15 effective_seconds=0.06520247459411621 pose={'x_m': -0.4377634203613459, 'y_m': 0.5237015984194854, 'heading_rad': -1.6663973624862725}
[map] navigate label=bin_docking distance_m=3.557 heading_error_rad=-1.613
[can] backend=detectnet_native detections=1 best_confidence=0.200
[depth] map_can_0_depth mean=2.304 min=2.041 max=2.604
[map] can added id=8 position={'x_m': -0.6673366863583414, 'y_m': 0.5046452434186126}
[tag] no detections
[map] motion direction=left speed=0.15 effective_seconds=0.08504128456115723 pose={'x_m': -0.4377634203613459, 'y_m': 0.5237015984194854, 'heading_rad': -1.6792418372376758}
[map] navigate label=bin_docking distance_m=3.557 heading_error_rad=-1.600
[can] backend=detectnet_native no detections
[tag] no detections
[map] motion direction=left speed=0.15 effective_seconds=0.06299066543579102 pose={'x_m': -0.4377634203613459, 'y_m': 0.5237015984194854, 'heading_rad': -1.6887558281885329}
[map] navigate label=bin_docking distance_m=3.557 heading_error_rad=-1.590
[can] backend=detectnet_native detections=1 best_confidence=0.208
[depth] map_can_0_depth mean=2.355 min=2.060 max=2.655
[map] can merged id=8 position={'x_m': -0.6695634785830045, 'y_m': 0.5010943299853411} observations=2
[tag] no detections
[map] motion direction=left speed=0.15 effective_seconds=0.08677935600280762 pose={'x_m': -0.4377634203613459, 'y_m': 0.5237015984194854, 'heading_rad': -1.7018628179626527}
[map] navigate label=bin_docking distance_m=3.557 heading_error_rad=-1.577
[can] backend=detectnet_native detections=1 best_confidence=0.247
[depth] map_can_0_depth mean=1.977 min=1.481 max=2.444
[map] can added id=9 position={'x_m': -0.6340180249625589, 'y_m': 0.49969186809403043}
[tag] no detections
[map] motion direction=left speed=0.15 effective_seconds=0.08779263496398926 pose={'x_m': -0.4377634203613459, 'y_m': 0.5237015984194854, 'heading_rad': -1.7151228514742958}
[map] navigate label=bin_docking distance_m=3.557 heading_error_rad=-1.564
[can] backend=detectnet_native detections=1 best_confidence=0.214
[depth] map_can_0_depth mean=1.864 min=1.394 max=2.272
[map] can added id=10 position={'x_m': -0.6225123108470849, 'y_m': 0.49899357776539965}
[tag] no detections
[map] motion direction=left speed=0.15 effective_seconds=0.08671450614929199 pose={'x_m': -0.4377634203613459, 'y_m': 0.5237015984194854, 'heading_rad': -1.7282200464492141}
[map] navigate label=bin_docking distance_m=3.557 heading_error_rad=-1.551
[can] backend=detectnet_native no detections
[tag] no detections
[map] motion direction=left speed=0.15 effective_seconds=0.06267929077148438 pose={'x_m': -0.4377634203613459, 'y_m': 0.5237015984194854, 'heading_rad': -1.7376870079597875}
[map] navigate label=bin_docking distance_m=3.557 heading_error_rad=-1.541
[can] backend=detectnet_native no detections
[tag] no detections
[map] motion direction=left speed=0.15 effective_seconds=0.06033158302307129 pose={'x_m': -0.4377634203613459, 'y_m': 0.5237015984194854, 'heading_rad': -1.746799376133092}
[map] navigate label=bin_docking distance_m=3.557 heading_error_rad=-1.532
[can] backend=detectnet_native no detections
[tag] no detections
[map] motion direction=left speed=0.15 effective_seconds=0.0621945858001709 pose={'x_m': -0.4377634203613459, 'y_m': 0.5237015984194854, 'heading_rad': -1.7561931287216925}
[map] navigate label=bin_docking distance_m=3.557 heading_error_rad=-1.523
[can] backend=detectnet_native detections=1 best_confidence=0.261
[depth] map_can_0_depth mean=1.908 min=1.414 max=2.354
[map] can merged id=10 position={'x_m': -0.6240750793513627, 'y_m': 0.49462309236225527} observations=2
[tag] no detections
[map] motion direction=left speed=0.15 effective_seconds=0.08804011344909668 pose={'x_m': -0.4377634203613459, 'y_m': 0.5237015984194854, 'heading_rad': -1.7694905409155826}
[map] navigate label=bin_docking distance_m=3.557 heading_error_rad=-1.510
[can] backend=detectnet_native no detections
[tag] no detections
[map] motion direction=left speed=0.15 effective_seconds=0.062128305435180664 pose={'x_m': -0.4377634203613459, 'y_m': 0.5237015984194854, 'heading_rad': -1.7788742826432344}
[map] navigate label=bin_docking distance_m=3.557 heading_error_rad=-1.500
[can] backend=detectnet_native no detections
[tag] no detections
[map] motion direction=left speed=0.15 effective_seconds=0.06096506118774414 pose={'x_m': -0.4377634203613459, 'y_m': 0.5237015984194854, 'heading_rad': -1.7880823301602096}
[map] navigate label=bin_docking distance_m=3.557 heading_error_rad=-1.491
[can] backend=detectnet_native no detections
[tag] no detections
[map] motion direction=left speed=0.15 effective_seconds=0.06184720993041992 pose={'x_m': -0.4377634203613459, 'y_m': 0.5237015984194854, 'heading_rad': -1.797423615754558}
[map] navigate label=bin_docking distance_m=3.557 heading_error_rad=-1.482
[can] backend=detectnet_native no detections
[tag] no detections
[map] motion direction=left speed=0.15 effective_seconds=0.05916571617126465 pose={'x_m': -0.4377634203613459, 'y_m': 0.5237015984194854, 'heading_rad': -1.8063598936039829}
[map] navigate label=bin_docking distance_m=3.557 heading_error_rad=-1.473
[can] backend=detectnet_native no detections
[tag] no detections
[map] motion direction=left speed=0.15 effective_seconds=0.062317609786987305 pose={'x_m': -0.4377634203613459, 'y_m': 0.5237015984194854, 'heading_rad': -1.8157722275028332}
[map] navigate label=bin_docking distance_m=3.557 heading_error_rad=-1.463
[can] backend=detectnet_native no detections
[tag] no detections
[map] motion direction=left speed=0.15 effective_seconds=0.06346511840820312 pose={'x_m': -0.4377634203613459, 'y_m': 0.5237015984194854, 'heading_rad': -1.8253578789331424}
[map] navigate label=bin_docking distance_m=3.557 heading_error_rad=-1.454
[can] backend=detectnet_native no detections
[tag] no detections
[map] motion direction=left speed=0.15 effective_seconds=0.061945438385009766 pose={'x_m': -0.4377634203613459, 'y_m': 0.5237015984194854, 'heading_rad': -1.8347140007674576}
[map] navigate label=bin_docking distance_m=3.557 heading_error_rad=-1.444
[can] backend=detectnet_native no detections
[tag] no detections
[map] motion direction=left speed=0.15 effective_seconds=0.06184744834899902 pose={'x_m': -0.4377634203613459, 'y_m': 0.5237015984194854, 'heading_rad': -1.8440553223720972}
[map] navigate label=bin_docking distance_m=3.557 heading_error_rad=-1.435
[can] backend=detectnet_native no detections
[tag] no detections
[map] motion direction=left speed=0.15 effective_seconds=0.06107020378112793 pose={'x_m': -0.4377634203613459, 'y_m': 0.5237015984194854, 'heading_rad': -1.8532792504274835}
[map] navigate label=bin_docking distance_m=3.557 heading_error_rad=-1.426
[can] backend=detectnet_native no detections
[tag] no detections
[map] motion direction=left speed=0.15 effective_seconds=0.06108260154724121 pose={'x_m': -0.4377634203613459, 'y_m': 0.5237015984194854, 'heading_rad': -1.8625050510180112}
[map] navigate label=bin_docking distance_m=3.557 heading_error_rad=-1.417
[can] backend=detectnet_native no detections
[tag] no detections
[map] motion direction=left speed=0.15 effective_seconds=0.06267547607421875 pose={'x_m': -0.4377634203613459, 'y_m': 0.5237015984194854, 'heading_rad': -1.8719714363639257}
[map] navigate label=bin_docking distance_m=3.557 heading_error_rad=-1.407
[can] backend=detectnet_native no detections
[tag] no detections
[map] motion direction=left speed=0.15 effective_seconds=0.06090736389160156 pose={'x_m': -0.4377634203613459, 'y_m': 0.5237015984194854, 'heading_rad': -1.8811707693904347}
[map] navigate label=bin_docking distance_m=3.557 heading_error_rad=-1.398
[can] backend=detectnet_native no detections
[tag] no detections
[map] motion direction=left speed=0.15 effective_seconds=0.061537981033325195 pose={'x_m': -0.4377634203613459, 'y_m': 0.5237015984194854, 'heading_rad': -1.89046534963712}
[map] navigate label=bin_docking distance_m=3.557 heading_error_rad=-1.389
[can] backend=detectnet_native no detections
[tag] no detections
[map] motion direction=left speed=0.15 effective_seconds=0.06026005744934082 pose={'x_m': -0.4377634203613459, 'y_m': 0.5237015984194854, 'heading_rad': -1.89956691472307}
[map] navigate label=bin_docking distance_m=3.557 heading_error_rad=-1.380
[can] backend=detectnet_native no detections
[tag] no detections
[map] motion direction=left speed=0.15 effective_seconds=0.06016898155212402 pose={'x_m': -0.4377634203613459, 'y_m': 0.5237015984194854, 'heading_rad': -1.9086547238777885}
[map] navigate label=bin_docking distance_m=3.557 heading_error_rad=-1.370
[can] backend=detectnet_native detections=1 best_confidence=0.203
[depth] map_can_0_depth mean=2.311 min=1.709 max=2.720
[map] can added id=11 position={'x_m': -0.6566403696198643, 'y_m': 0.4496526395827652}
[tag] no detections
[map] motion direction=left speed=0.15 effective_seconds=0.08846855163574219 pose={'x_m': -0.4377634203613459, 'y_m': 0.5237015984194854, 'heading_rad': -1.9220168465649325}
[map] navigate label=bin_docking distance_m=3.557 heading_error_rad=-1.357
[can] backend=detectnet_native detections=1 best_confidence=0.210
[depth] map_can_0_depth mean=2.571 min=1.980 max=2.925
[map] can added id=12 position={'x_m': -0.6797827499410447, 'y_m': 0.4369478474454688}
[tag] no detections
[map] motion direction=left speed=0.15 effective_seconds=0.08534407615661621 pose={'x_m': -0.4377634203613459, 'y_m': 0.5237015984194854, 'heading_rad': -1.9349070543861369}
[map] navigate label=bin_docking distance_m=3.557 heading_error_rad=-1.344
[can] backend=detectnet_native no detections
[tag] no detections
[map] motion direction=left speed=0.15 effective_seconds=0.060269832611083984 pose={'x_m': -0.4377634203613459, 'y_m': 0.5237015984194854, 'heading_rad': -1.9440100958940254}
[map] navigate label=bin_docking distance_m=3.557 heading_error_rad=-1.335
[can] backend=detectnet_native no detections
[tag] no detections
[map] motion direction=left speed=0.15 effective_seconds=0.06480693817138672 pose={'x_m': -0.4377634203613459, 'y_m': 0.5237015984194854, 'heading_rad': -1.9537984132431065}
[map] navigate label=bin_docking distance_m=3.557 heading_error_rad=-1.325
[can] backend=detectnet_native no detections
[tag] no detections
[map] motion direction=left speed=0.15 effective_seconds=0.06026124954223633 pose={'x_m': -0.4377634203613459, 'y_m': 0.5237015984194854, 'heading_rad': -1.9629001583805126}
[map] navigate label=bin_docking distance_m=3.557 heading_error_rad=-1.316
[can] backend=detectnet_native no detections
[tag] no detections
[map] motion direction=left speed=0.15 effective_seconds=0.06474494934082031 pose={'x_m': -0.4377634203613459, 'y_m': 0.5237015984194854, 'heading_rad': -1.9726791130538865}
[map] navigate label=bin_docking distance_m=3.557 heading_error_rad=-1.306
[can] backend=detectnet_native no detections
[tag] no detections
[map] motion direction=left speed=0.15 effective_seconds=0.06339097023010254 pose={'x_m': -0.4377634203613459, 'y_m': 0.5237015984194854, 'heading_rad': -1.9822535652836382}
[map] navigate label=bin_docking distance_m=3.557 heading_error_rad=-1.297
[can] backend=detectnet_native no detections
[tag] no detections
[map] motion direction=left speed=0.15 effective_seconds=0.06262660026550293 pose={'x_m': -0.4377634203613459, 'y_m': 0.5237015984194854, 'heading_rad': -1.9917125685198604}
[map] navigate label=bin_docking distance_m=3.557 heading_error_rad=-1.287
[can] backend=detectnet_native no detections
[tag] no detections
[map] motion direction=left speed=0.15 effective_seconds=0.06286835670471191 pose={'x_m': -0.4377634203613459, 'y_m': 0.5237015984194854, 'heading_rad': -2.0012080861913413}
[map] navigate label=bin_docking distance_m=3.557 heading_error_rad=-1.278
[can] backend=detectnet_native no detections
[tag] no detections
[map] motion direction=left speed=0.15 effective_seconds=0.06080985069274902 pose={'x_m': -0.4377634203613459, 'y_m': 0.5237015984194854, 'heading_rad': -2.010392691008757}
[map] navigate label=bin_docking distance_m=3.557 heading_error_rad=-1.269
[can] backend=detectnet_native no detections
[tag] no detections
[map] motion direction=left speed=0.15 effective_seconds=0.061711788177490234 pose={'x_m': -0.4377634203613459, 'y_m': 0.5237015984194854, 'heading_rad': -2.019713522757714}
[map] navigate label=bin_docking distance_m=3.557 heading_error_rad=-1.259
[can] backend=detectnet_native no detections
[tag] no detections
[map] motion direction=left speed=0.15 effective_seconds=0.06013226509094238 pose={'x_m': -0.4377634203613459, 'y_m': 0.5237015984194854, 'heading_rad': -2.0287957863275903}
[map] navigate label=bin_docking distance_m=3.557 heading_error_rad=-1.250
[can] backend=detectnet_native no detections
[tag] no detections
[map] motion direction=left speed=0.15 effective_seconds=0.0632784366607666 pose={'x_m': -0.4377634203613459, 'y_m': 0.5237015984194854, 'heading_rad': -2.038353241699904}
[map] navigate label=bin_docking distance_m=3.557 heading_error_rad=-1.241
[can] backend=detectnet_native no detections
[tag] no detections
[map] motion direction=left speed=0.15 effective_seconds=0.06368279457092285 pose={'x_m': -0.4377634203613459, 'y_m': 0.5237015984194854, 'heading_rad': -2.047971770526062}
[map] navigate label=bin_docking distance_m=3.557 heading_error_rad=-1.231
[can] backend=detectnet_native no detections
[tag] no detections
[map] motion direction=left speed=0.15 effective_seconds=0.06204080581665039 pose={'x_m': -0.4377634203613459, 'y_m': 0.5237015984194854, 'heading_rad': -2.05734229647685}
[map] navigate label=bin_docking distance_m=3.557 heading_error_rad=-1.222
[can] backend=detectnet_native no detections
[tag] no detections
[map] motion direction=left speed=0.15 effective_seconds=0.06145167350769043 pose={'x_m': -0.4377634203613459, 'y_m': 0.5237015984194854, 'heading_rad': -2.0666238409981275}
[map] navigate label=bin_docking distance_m=3.557 heading_error_rad=-1.213
[can] backend=detectnet_native no detections
[tag] no detections
[map] motion direction=left speed=0.15 effective_seconds=0.06224465370178223 pose={'x_m': -0.4377634203613459, 'y_m': 0.5237015984194854, 'heading_rad': -2.076025155747876}
[map] navigate label=bin_docking distance_m=3.557 heading_error_rad=-1.203
[can] backend=detectnet_native no detections
[tag] no detections
[map] motion direction=left speed=0.15 effective_seconds=0.0614013671875 pose={'x_m': -0.4377634203613459, 'y_m': 0.5237015984194854, 'heading_rad': -2.085299102097714}
[map] navigate label=bin_docking distance_m=3.557 heading_error_rad=-1.194
[can] backend=detectnet_native no detections
[tag] no detections
[map] motion direction=left speed=0.15 effective_seconds=0.06097698211669922 pose={'x_m': -0.4377634203613459, 'y_m': 0.5237015984194854, 'heading_rad': -2.094508950129248}
[map] navigate label=bin_docking distance_m=3.557 heading_error_rad=-1.185
[can] backend=detectnet_native no detections
[tag] no detections
[map] motion direction=left speed=0.15 effective_seconds=0.06452417373657227 pose={'x_m': -0.4377634203613459, 'y_m': 0.5237015984194854, 'heading_rad': -2.1042545592729875}
[map] navigate label=bin_docking distance_m=3.557 heading_error_rad=-1.175
[can] backend=detectnet_native no detections
[tag] no detections
[map] motion direction=left speed=0.15 effective_seconds=0.06333279609680176 pose={'x_m': -0.4377634203613459, 'y_m': 0.5237015984194854, 'heading_rad': -2.1138202249916906}
[map] navigate label=bin_docking distance_m=3.557 heading_error_rad=-1.165
[can] backend=detectnet_native no detections
[tag] no detections
[map] motion direction=left speed=0.15 effective_seconds=0.06354761123657227 pose={'x_m': -0.4377634203613459, 'y_m': 0.5237015984194854, 'heading_rad': -2.1234183359827488}
[map] navigate label=bin_docking distance_m=3.557 heading_error_rad=-1.156
[can] backend=detectnet_native no detections
[tag] no detections
[map] motion direction=left speed=0.15 effective_seconds=0.06294441223144531 pose={'x_m': -0.4377634203613459, 'y_m': 0.5237015984194854, 'heading_rad': -2.1329253409371165}
[map] navigate label=bin_docking distance_m=3.557 heading_error_rad=-1.146
[can] backend=detectnet_native no detections
[tag] no detections
[map] motion direction=left speed=0.15 effective_seconds=0.061979055404663086 pose={'x_m': -0.4377634203613459, 'y_m': 0.5237015984194854, 'heading_rad': -2.1422865402224884}
[map] navigate label=bin_docking distance_m=3.557 heading_error_rad=-1.137
[can] backend=detectnet_native no detections
[tag] no detections
[map] motion direction=left speed=0.15 effective_seconds=0.06338024139404297 pose={'x_m': -0.4377634203613459, 'y_m': 0.5237015984194854, 'heading_rad': -2.151859371989137}
[map] navigate label=bin_docking distance_m=3.557 heading_error_rad=-1.127
[can] backend=detectnet_native no detections
[tag] no detections
[map] motion direction=left speed=0.15 effective_seconds=0.06046891212463379 pose={'x_m': -0.4377634203613459, 'y_m': 0.5237015984194854, 'heading_rad': -2.1609924820901623}
[map] navigate label=bin_docking distance_m=3.557 heading_error_rad=-1.118
[can] backend=detectnet_native no detections
[tag] no detections
[map] motion direction=left speed=0.15 effective_seconds=0.060271501541137695 pose={'x_m': -0.4377634203613459, 'y_m': 0.5237015984194854, 'heading_rad': -2.170095775670089}
[map] navigate label=bin_docking distance_m=3.557 heading_error_rad=-1.109
[can] backend=detectnet_native no detections
[tag] no detections
[map] motion direction=left speed=0.15 effective_seconds=0.060778141021728516 pose={'x_m': -0.4377634203613459, 'y_m': 0.5237015984194854, 'heading_rad': -2.1792755911187776}
[map] navigate label=bin_docking distance_m=3.557 heading_error_rad=-1.100
[can] backend=detectnet_native no detections
[tag] no detections
[map] motion direction=left speed=0.15 effective_seconds=0.06295657157897949 pose={'x_m': -0.4377634203613459, 'y_m': 0.5237015984194854, 'heading_rad': -2.1887844325979957}
[map] navigate label=bin_docking distance_m=3.557 heading_error_rad=-1.090
[can] backend=detectnet_native no detections
[tag] no detections
[map] motion direction=left speed=0.15 effective_seconds=0.06144380569458008 pose={'x_m': -0.4377634203613459, 'y_m': 0.5237015984194854, 'heading_rad': -2.1980647887796643}
[map] navigate label=bin_docking distance_m=3.557 heading_error_rad=-1.081
[can] backend=detectnet_native no detections
[tag] no detections
[map] motion direction=left speed=0.15 effective_seconds=0.06151080131530762 pose={'x_m': -0.4377634203613459, 'y_m': 0.5237015984194854, 'heading_rad': -2.207355263853155}
[map] navigate label=bin_docking distance_m=3.557 heading_error_rad=-1.072
[can] backend=detectnet_native no detections
[tag] no detections
[map] motion direction=left speed=0.15 effective_seconds=0.0601811408996582 pose={'x_m': -0.4377634203613459, 'y_m': 0.5237015984194854, 'heading_rad': -2.216444909532724}
[map] navigate label=bin_docking distance_m=3.557 heading_error_rad=-1.063
[can] backend=detectnet_native no detections
[tag] no detections
[map] motion direction=left speed=0.15 effective_seconds=0.06020617485046387 pose={'x_m': -0.4377634203613459, 'y_m': 0.5237015984194854, 'heading_rad': -2.2255383362928667}
[map] navigate label=bin_docking distance_m=3.557 heading_error_rad=-1.054
[can] backend=detectnet_native no detections
[tag] no detections
[map] motion direction=left speed=0.15 effective_seconds=0.061982154846191406 pose={'x_m': -0.4377634203613459, 'y_m': 0.5237015984194854, 'heading_rad': -2.234900003712024}
[map] navigate label=bin_docking distance_m=3.557 heading_error_rad=-1.044
[can] backend=detectnet_native no detections
[tag] no detections
[map] motion direction=left speed=0.15 effective_seconds=0.06236982345581055 pose={'x_m': -0.4377634203613459, 'y_m': 0.5237015984194854, 'heading_rad': -2.2443202238646434}
[map] navigate label=bin_docking distance_m=3.557 heading_error_rad=-1.035
[can] backend=detectnet_native no detections
[tag] no detections
[map] motion direction=left speed=0.15 effective_seconds=0.06269502639770508 pose={'x_m': -0.4377634203613459, 'y_m': 0.5237015984194854, 'heading_rad': -2.253789562054435}
[map] navigate label=bin_docking distance_m=3.557 heading_error_rad=-1.025
[can] backend=detectnet_native no detections
[tag] no detections
[map] motion direction=left speed=0.15 effective_seconds=0.061199188232421875 pose={'x_m': -0.4377634203613459, 'y_m': 0.5237015984194854, 'heading_rad': -2.2630329716773505}
[map] navigate label=bin_docking distance_m=3.557 heading_error_rad=-1.016
[can] backend=detectnet_native no detections
[tag] no detections
[map] motion direction=left speed=0.15 effective_seconds=0.06071162223815918 pose={'x_m': -0.4377634203613459, 'y_m': 0.5237015984194854, 'heading_rad': -2.2722027402547993}
[map] navigate label=bin_docking distance_m=3.557 heading_error_rad=-1.007
[can] backend=detectnet_native no detections
[tag] no detections
[map] motion direction=left speed=0.15 effective_seconds=0.06020808219909668 pose={'x_m': -0.4377634203613459, 'y_m': 0.5237015984194854, 'heading_rad': -2.2812964550972716}
[map] navigate label=bin_docking distance_m=3.557 heading_error_rad=-0.998
[can] backend=detectnet_native no detections
[tag] no detections
[map] motion direction=left speed=0.15 effective_seconds=0.060039520263671875 pose={'x_m': -0.4377634203613459, 'y_m': 0.5237015984194854, 'heading_rad': -2.2903647106638783}
[map] navigate label=bin_docking distance_m=3.557 heading_error_rad=-0.989
[can] backend=detectnet_native no detections
[tag] no detections
[map] motion direction=left speed=0.15 effective_seconds=0.0632321834564209 pose={'x_m': -0.4377634203613459, 'y_m': 0.5237015984194854, 'heading_rad': -2.2999151800397026}
[map] navigate label=bin_docking distance_m=3.557 heading_error_rad=-0.979
[can] backend=detectnet_native no detections
[tag] no detections
[map] motion direction=left speed=0.15 effective_seconds=0.06168961524963379 pose={'x_m': -0.4377634203613459, 'y_m': 0.5237015984194854, 'heading_rad': -2.3092326628315796}
[map] navigate label=bin_docking distance_m=3.557 heading_error_rad=-0.970
[can] backend=detectnet_native no detections
[tag] no detections
[map] motion direction=left speed=0.15 effective_seconds=0.06082558631896973 pose={'x_m': -0.4377634203613459, 'y_m': 0.5237015984194854, 'heading_rad': -2.318419644328213}
[map] navigate label=bin_docking distance_m=3.557 heading_error_rad=-0.961
[can] backend=detectnet_native no detections
[tag] no detections
[map] motion direction=left speed=0.15 effective_seconds=0.062192440032958984 pose={'x_m': -0.4377634203613459, 'y_m': 0.5237015984194854, 'heading_rad': -2.327813072824193}
[map] navigate label=bin_docking distance_m=3.557 heading_error_rad=-0.951
[can] backend=detectnet_native no detections
[tag] no detections
[map] motion direction=left speed=0.15 effective_seconds=0.060936689376831055 pose={'x_m': -0.4377634203613459, 'y_m': 0.5237015984194854, 'heading_rad': -2.337016835116517}
[map] navigate label=bin_docking distance_m=3.557 heading_error_rad=-0.942
[can] backend=detectnet_native no detections
[tag] no detections
[map] motion direction=left speed=0.15 effective_seconds=0.06158781051635742 pose={'x_m': -0.4377634203613459, 'y_m': 0.5237015984194854, 'heading_rad': -2.3463189415140593}
[map] navigate label=bin_docking distance_m=3.557 heading_error_rad=-0.933
[can] backend=detectnet_native no detections
[tag] no detections
[map] motion direction=left speed=0.15 effective_seconds=0.060341596603393555 pose={'x_m': -0.4377634203613459, 'y_m': 0.5237015984194854, 'heading_rad': -2.3554328221195937}
[map] navigate label=bin_docking distance_m=3.557 heading_error_rad=-0.924
[can] backend=detectnet_native no detections
[tag] no detections
[map] motion direction=left speed=0.15 effective_seconds=0.06236147880554199 pose={'x_m': -0.4377634203613459, 'y_m': 0.5237015984194854, 'heading_rad': -2.3648517819120216}
[map] navigate label=bin_docking distance_m=3.557 heading_error_rad=-0.914
[can] backend=detectnet_native no detections
[tag] no detections
[map] motion direction=left speed=0.15 effective_seconds=0.06176400184631348 pose={'x_m': -0.4377634203613459, 'y_m': 0.5237015984194854, 'heading_rad': -2.3741804999147473}
[map] navigate label=bin_docking distance_m=3.557 heading_error_rad=-0.905
[can] backend=detectnet_native no detections
[tag] no detections
[map] motion direction=left speed=0.15 effective_seconds=0.062082767486572266 pose={'x_m': -0.4377634203613459, 'y_m': 0.5237015984194854, 'heading_rad': -2.3835573636767835}
[map] navigate label=bin_docking distance_m=3.557 heading_error_rad=-0.896
[can] backend=detectnet_native no detections
[tag] no detections
[map] motion direction=left speed=0.15 effective_seconds=0.06054854393005371 pose={'x_m': -0.4377634203613459, 'y_m': 0.5237015984194854, 'heading_rad': -2.3927025012150636}
[map] navigate label=bin_docking distance_m=3.557 heading_error_rad=-0.886
[can] backend=detectnet_native no detections
[tag] no detections
[map] motion direction=left speed=0.15 effective_seconds=0.06008028984069824 pose={'x_m': -0.4377634203613459, 'y_m': 0.5237015984194854, 'heading_rad': -2.4017769145414625}
[map] navigate label=bin_docking distance_m=3.557 heading_error_rad=-0.877
[can] backend=detectnet_native no detections
[tag] no detections
[map] motion direction=left speed=0.15 effective_seconds=0.060492515563964844 pose={'x_m': -0.4377634203613459, 'y_m': 0.5237015984194854, 'heading_rad': -2.4109135896613147}
[map] navigate label=bin_docking distance_m=3.557 heading_error_rad=-0.868
[can] backend=detectnet_native no detections
[tag] no detections
[map] motion direction=left speed=0.15 effective_seconds=0.060556650161743164 pose={'x_m': -0.4377634203613459, 'y_m': 0.5237015984194854, 'heading_rad': -2.420059951549495}
[map] navigate label=bin_docking distance_m=3.557 heading_error_rad=-0.859
[can] backend=detectnet_native no detections
[tag] no detections
[map] motion direction=left speed=0.15 effective_seconds=0.061228036880493164 pose={'x_m': -0.4377634203613459, 'y_m': 0.5237015984194854, 'heading_rad': -2.4293077184176437}
[map] navigate label=bin_docking distance_m=3.557 heading_error_rad=-0.850
[can] backend=detectnet_native no detections
[tag] no detections
[map] motion direction=left speed=0.15 effective_seconds=0.060234785079956055 pose={'x_m': -0.4377634203613459, 'y_m': 0.5237015984194854, 'heading_rad': -2.4384054664127284}
[map] navigate label=bin_docking distance_m=3.557 heading_error_rad=-0.841
[can] backend=detectnet_native no detections
[tag] no detections
[map] motion direction=left speed=0.15 effective_seconds=0.06040167808532715 pose={'x_m': -0.4377634203613459, 'y_m': 0.5237015984194854, 'heading_rad': -2.4475284216116404}
[map] navigate label=bin_docking distance_m=3.557 heading_error_rad=-0.832
[can] backend=detectnet_native no detections
[tag] no detections
[map] motion direction=left speed=0.15 effective_seconds=0.060747623443603516 pose={'x_m': -0.4377634203613459, 'y_m': 0.5237015984194854, 'heading_rad': -2.4567036277430576}
[map] navigate label=bin_docking distance_m=3.557 heading_error_rad=-0.822
[can] backend=detectnet_native no detections
[tag] no detections
[map] motion direction=left speed=0.15 effective_seconds=0.061781883239746094 pose={'x_m': -0.4377634203613459, 'y_m': 0.5237015984194854, 'heading_rad': -2.466035046517622}
[map] navigate label=bin_docking distance_m=3.557 heading_error_rad=-0.813
[can] backend=detectnet_native no detections
[tag] no detections
[map] motion direction=left speed=0.15 effective_seconds=0.060320138931274414 pose={'x_m': -0.4377634203613459, 'y_m': 0.5237015984194854, 'heading_rad': -2.47514568619695}
[map] navigate label=bin_docking distance_m=3.557 heading_error_rad=-0.804
[can] backend=detectnet_native no detections
[tag] no detections
[map] motion direction=left speed=0.15 effective_seconds=0.061309099197387695 pose={'x_m': -0.4377634203613459, 'y_m': 0.5237015984194854, 'heading_rad': -2.4844056965641004}
[map] navigate label=bin_docking distance_m=3.557 heading_error_rad=-0.795
[can] backend=detectnet_native no detections
[tag] no detections
[map] motion direction=left speed=0.15 effective_seconds=0.06258988380432129 pose={'x_m': -0.4377634203613459, 'y_m': 0.5237015984194854, 'heading_rad': -2.4938591542154804}
[map] navigate label=bin_docking distance_m=3.557 heading_error_rad=-0.785
[can] backend=detectnet_native no detections
[tag] no detections
[map] motion direction=left speed=0.15 effective_seconds=0.05919384956359863 pose={'x_m': -0.4377634203613459, 'y_m': 0.5237015984194854, 'heading_rad': -2.5027996812792646}
[map] navigate label=bin_docking distance_m=3.557 heading_error_rad=-0.776
[can] backend=detectnet_native no detections
[tag] no detections
[map] motion direction=left speed=0.15 effective_seconds=0.06288862228393555 pose={'x_m': -0.4377634203613459, 'y_m': 0.5237015984194854, 'heading_rad': -2.5122982598254957}
[map] navigate label=bin_docking distance_m=3.557 heading_error_rad=-0.767
[can] backend=detectnet_native no detections
[tag] no detections
[map] motion direction=left speed=0.15 effective_seconds=0.06172323226928711 pose={'x_m': -0.4377634203613459, 'y_m': 0.5237015984194854, 'heading_rad': -2.5216208200684296}
[map] navigate label=bin_docking distance_m=3.557 heading_error_rad=-0.758
[can] backend=detectnet_native no detections
[tag] no detections
[map] motion direction=left speed=0.15 effective_seconds=0.06159853935241699 pose={'x_m': -0.4377634203613459, 'y_m': 0.5237015984194854, 'heading_rad': -2.530924546929075}
[map] navigate label=bin_docking distance_m=3.557 heading_error_rad=-0.748
[can] backend=detectnet_native no detections
[tag] no detections
[map] motion direction=left speed=0.15 effective_seconds=0.06194114685058594 pose={'x_m': -0.4377634203613459, 'y_m': 0.5237015984194854, 'heading_rad': -2.540280020578149}
[map] navigate label=bin_docking distance_m=3.557 heading_error_rad=-0.739
[can] backend=detectnet_native no detections
[tag] no detections
[map] motion direction=left speed=0.15 effective_seconds=0.0621495246887207 pose={'x_m': -0.4377634203613459, 'y_m': 0.5237015984194854, 'heading_rad': -2.5496669672217163}
[map] navigate label=bin_docking distance_m=3.557 heading_error_rad=-0.729
[can] backend=detectnet_native no detections
[tag] no detections
[map] motion direction=left speed=0.15 effective_seconds=0.061742305755615234 pose={'x_m': -0.4377634203613459, 'y_m': 0.5237015984194854, 'heading_rad': -2.5589924082879447}
[map] navigate label=bin_docking distance_m=3.557 heading_error_rad=-0.720
[can] backend=detectnet_native no detections
[tag] no detections
[map] motion direction=left speed=0.15 effective_seconds=0.061409950256347656 pose={'x_m': -0.4377634203613459, 'y_m': 0.5237015984194854, 'heading_rad': -2.568267651008265}
[map] navigate label=bin_docking distance_m=3.557 heading_error_rad=-0.711
[can] backend=detectnet_native no detections
[tag] no detections
[map] motion direction=left speed=0.15 effective_seconds=0.06280827522277832 pose={'x_m': -0.4377634203613459, 'y_m': 0.5237015984194854, 'heading_rad': -2.577754094086368}
[map] navigate label=bin_docking distance_m=3.557 heading_error_rad=-0.701
[can] backend=detectnet_native no detections
[tag] no detections
[map] motion direction=left speed=0.15 effective_seconds=0.06224846839904785 pose={'x_m': -0.4377634203613459, 'y_m': 0.5237015984194854, 'heading_rad': -2.5871559850007757}
[map] navigate label=bin_docking distance_m=3.557 heading_error_rad=-0.692
[can] backend=detectnet_native no detections
[tag] no detections
[map] motion direction=left speed=0.15 effective_seconds=0.06102466583251953 pose={'x_m': -0.4377634203613459, 'y_m': 0.5237015984194854, 'heading_rad': -2.5963730350905463}
[map] navigate label=bin_docking distance_m=3.557 heading_error_rad=-0.683
[can] backend=detectnet_native no detections
[tag] no detections
[map] motion direction=left speed=0.15 effective_seconds=0.06261920928955078 pose={'x_m': -0.4377634203613459, 'y_m': 0.5237015984194854, 'heading_rad': -2.605830922007742}
[map] navigate label=bin_docking distance_m=3.557 heading_error_rad=-0.673
[can] backend=detectnet_native no detections
[tag] no detections
[map] motion direction=left speed=0.15 effective_seconds=0.06203746795654297 pose={'x_m': -0.4377634203613459, 'y_m': 0.5237015984194854, 'heading_rad': -2.6152009438144534}
[map] navigate label=bin_docking distance_m=3.557 heading_error_rad=-0.664
[can] backend=detectnet_native no detections
[tag] no detections
[map] motion direction=left speed=0.15 effective_seconds=0.060880184173583984 pose={'x_m': -0.4377634203613459, 'y_m': 0.5237015984194854, 'heading_rad': -2.624396171667768}
[map] navigate label=bin_docking distance_m=3.557 heading_error_rad=-0.655
[can] backend=detectnet_native no detections
[tag] no detections
[map] motion direction=left speed=0.15 effective_seconds=0.06174302101135254 pose={'x_m': -0.4377634203613459, 'y_m': 0.5237015984194854, 'heading_rad': -2.63372172076487}
[map] navigate label=bin_docking distance_m=3.557 heading_error_rad=-0.645
[can] backend=detectnet_native no detections
[tag] no detections
[map] motion direction=left speed=0.15 effective_seconds=0.06046867370605469 pose={'x_m': -0.4377634203613459, 'y_m': 0.5237015984194854, 'heading_rad': -2.6428547948556043}
[map] navigate label=bin_docking distance_m=3.557 heading_error_rad=-0.636
[can] backend=detectnet_native no detections
[tag] no detections
[map] motion direction=left speed=0.15 effective_seconds=0.06339049339294434 pose={'x_m': -0.4377634203613459, 'y_m': 0.5237015984194854, 'heading_rad': -2.6524291750647735}
[map] navigate label=bin_docking distance_m=3.557 heading_error_rad=-0.627
[can] backend=detectnet_native no detections
[tag] no detections
[map] motion direction=left speed=0.15 effective_seconds=0.06349015235900879 pose={'x_m': -0.4377634203613459, 'y_m': 0.5237015984194854, 'heading_rad': -2.6620186075756567}
[map] navigate label=bin_docking distance_m=3.557 heading_error_rad=-0.617
[can] backend=detectnet_native no detections
[tag] no detections
[map] motion direction=left speed=0.15 effective_seconds=0.06233525276184082 pose={'x_m': -0.4377634203613459, 'y_m': 0.5237015984194854, 'heading_rad': -2.6714336062360546}
[map] navigate label=bin_docking distance_m=3.557 heading_error_rad=-0.608
[can] backend=detectnet_native no detections
[tag] no detections
[map] motion direction=left speed=0.15 effective_seconds=0.060909271240234375 pose={'x_m': -0.4377634203613459, 'y_m': 0.5237015984194854, 'heading_rad': -2.680633227344893}
[map] navigate label=bin_docking distance_m=3.557 heading_error_rad=-0.599
[can] backend=detectnet_native no detections
[tag] no detections
[map] motion direction=left speed=0.15 effective_seconds=0.061472415924072266 pose={'x_m': -0.4377634203613459, 'y_m': 0.5237015984194854, 'heading_rad': -2.6899179047615034}
[map] navigate label=bin_docking distance_m=3.557 heading_error_rad=-0.589
[can] backend=detectnet_native no detections
[tag] no detections
[map] motion direction=left speed=0.15 effective_seconds=0.06055092811584473 pose={'x_m': -0.4377634203613459, 'y_m': 0.5237015984194854, 'heading_rad': -2.6990634024026954}
[map] navigate label=bin_docking distance_m=3.557 heading_error_rad=-0.580
[can] backend=detectnet_native no detections
[tag] no detections
[map] motion direction=left speed=0.15 effective_seconds=0.06088614463806152 pose={'x_m': -0.4377634203613459, 'y_m': 0.5237015984194854, 'heading_rad': -2.7082595305132893}
[map] navigate label=bin_docking distance_m=3.557 heading_error_rad=-0.571
[can] backend=detectnet_native no detections
[tag] no detections
[map] motion direction=left speed=0.15 effective_seconds=0.06265759468078613 pose={'x_m': -0.4377634203613459, 'y_m': 0.5237015984194854, 'heading_rad': -2.717723215087365}
[map] navigate label=bin_docking distance_m=3.557 heading_error_rad=-0.561
[can] backend=detectnet_native no detections
[tag] no detections
[map] motion direction=left speed=0.15 effective_seconds=0.06122279167175293 pose={'x_m': -0.4377634203613459, 'y_m': 0.5237015984194854, 'heading_rad': -2.726970189729108}
[map] navigate label=bin_docking distance_m=3.557 heading_error_rad=-0.552
[can] backend=detectnet_native no detections
[tag] no detections
[map] motion direction=left speed=0.15 effective_seconds=0.06934499740600586 pose={'x_m': -0.4377634203613459, 'y_m': 0.5237015984194854, 'heading_rad': -2.737443926960547}
[map] navigate label=bin_docking distance_m=3.557 heading_error_rad=-0.542
[can] backend=detectnet_native no detections
[tag] no detections
[map] motion direction=left speed=0.15 effective_seconds=0.06345677375793457 pose={'x_m': -0.4377634203613459, 'y_m': 0.5237015984194854, 'heading_rad': -2.7470283180306647}
[map] navigate label=bin_docking distance_m=3.557 heading_error_rad=-0.532
[can] backend=detectnet_native no detections
[tag] no detections
[map] motion direction=left speed=0.15 effective_seconds=0.06252551078796387 pose={'x_m': -0.4377634203613459, 'y_m': 0.5237015984194854, 'heading_rad': -2.7564720529034257}
[map] navigate label=bin_docking distance_m=3.557 heading_error_rad=-0.523
[can] backend=detectnet_native no detections
[tag] no detections
[map] motion direction=left speed=0.15 effective_seconds=0.06135439872741699 pose={'x_m': -0.4377634203613459, 'y_m': 0.5237015984194854, 'heading_rad': -2.7657389052259007}
[map] navigate label=bin_docking distance_m=3.557 heading_error_rad=-0.513
[can] backend=detectnet_native no detections
[tag] no detections
[map] motion direction=left speed=0.15 effective_seconds=0.06163144111633301 pose={'x_m': -0.4377634203613459, 'y_m': 0.5237015984194854, 'heading_rad': -2.7750476015067296}
[map] navigate label=bin_docking distance_m=3.557 heading_error_rad=-0.504
[can] backend=detectnet_native no detections
[tag] no detections
[map] motion direction=left speed=0.15 effective_seconds=0.060814857482910156 pose={'x_m': -0.4377634203613459, 'y_m': 0.5237015984194854, 'heading_rad': -2.78423296254026}
[map] navigate label=bin_docking distance_m=3.557 heading_error_rad=-0.495
[can] backend=detectnet_native no detections
[tag] no detections
[map] motion direction=left speed=0.15 effective_seconds=0.05970048904418945 pose={'x_m': -0.4377634203613459, 'y_m': 0.5237015984194854, 'heading_rad': -2.7932500114728063}
[map] navigate label=bin_docking distance_m=3.557 heading_error_rad=-0.486
[can] backend=detectnet_native no detections
[tag] no detections
[map] motion direction=left speed=0.15 effective_seconds=0.06075286865234375 pose={'x_m': -0.4377634203613459, 'y_m': 0.5237015984194854, 'heading_rad': -2.8024260098306293}
[map] navigate label=bin_docking distance_m=3.557 heading_error_rad=-0.477
[can] backend=detectnet_native no detections
[tag] no detections
[map] motion direction=left speed=0.15 effective_seconds=0.05910825729370117 pose={'x_m': -0.4377634203613459, 'y_m': 0.5237015984194854, 'heading_rad': -2.8113536091998794}
[map] navigate label=bin_docking distance_m=3.557 heading_error_rad=-0.468
[can] backend=detectnet_native no detections
[tag] no detections
[map] motion direction=left speed=0.15 effective_seconds=0.059789180755615234 pose={'x_m': -0.4377634203613459, 'y_m': 0.5237015984194854, 'heading_rad': -2.820384053960745}
[map] navigate label=bin_docking distance_m=3.557 heading_error_rad=-0.459
[can] backend=detectnet_native no detections
[tag] no detections
[map] motion direction=left speed=0.15 effective_seconds=0.05979347229003906 pose={'x_m': -0.4377634203613459, 'y_m': 0.5237015984194854, 'heading_rad': -2.829415146906852}
[map] navigate label=bin_docking distance_m=3.557 heading_error_rad=-0.450
[can] backend=detectnet_native no detections
[tag] no detections
[map] motion direction=left speed=0.15 effective_seconds=0.061547040939331055 pose={'x_m': -0.4377634203613459, 'y_m': 0.5237015984194854, 'heading_rad': -2.8387110955446024}
[map] navigate label=bin_docking distance_m=3.557 heading_error_rad=-0.440
[can] backend=detectnet_native no detections
[tag] no detections
[map] motion direction=left speed=0.15 effective_seconds=0.06267833709716797 pose={'x_m': -0.4377634203613459, 'y_m': 0.5237015984194854, 'heading_rad': -2.8481779130140112}
[map] navigate label=bin_docking distance_m=3.557 heading_error_rad=-0.431
[can] backend=detectnet_native no detections
[tag] no detections
[map] motion direction=left speed=0.15 effective_seconds=0.06163144111633301 pose={'x_m': -0.4377634203613459, 'y_m': 0.5237015984194854, 'heading_rad': -2.85748660929484}
[map] navigate label=bin_docking distance_m=3.557 heading_error_rad=-0.422
[can] backend=detectnet_native no detections
[tag] no detections
[map] motion direction=left speed=0.15 effective_seconds=0.06335210800170898 pose={'x_m': -0.4377634203613459, 'y_m': 0.5237015984194854, 'heading_rad': -2.867055191847129}
[map] navigate label=bin_docking distance_m=3.557 heading_error_rad=-0.412
[can] backend=detectnet_native no detections
[tag] no detections
[map] motion direction=left speed=0.15 effective_seconds=0.06031203269958496 pose={'x_m': -0.4377634203613459, 'y_m': 0.5237015984194854, 'heading_rad': -2.8761646071765568}
[map] navigate label=bin_docking distance_m=3.557 heading_error_rad=-0.403
[can] backend=detectnet_native no detections
[tag] no detections
[map] motion direction=left speed=0.15 effective_seconds=0.05978679656982422 pose={'x_m': -0.4377634203613459, 'y_m': 0.5237015984194854, 'heading_rad': -2.8851946918345104}
[map] navigate label=bin_docking distance_m=3.557 heading_error_rad=-0.394
[can] backend=detectnet_native no detections
[tag] no detections
[map] motion direction=left speed=0.15 effective_seconds=0.06269550323486328 pose={'x_m': -0.4377634203613459, 'y_m': 0.5237015984194854, 'heading_rad': -2.8946641020448842}
[map] navigate label=bin_docking distance_m=3.557 heading_error_rad=-0.384
[can] backend=detectnet_native no detections
[tag] no detections
[map] motion direction=left speed=0.15 effective_seconds=0.0608067512512207 pose={'x_m': -0.4377634203613459, 'y_m': 0.5237015984194854, 'heading_rad': -2.9038482387285143}
[map] navigate label=bin_docking distance_m=3.557 heading_error_rad=-0.375
[can] backend=detectnet_native no detections
[tag] no detections
[map] motion direction=left speed=0.15 effective_seconds=0.060775041580200195 pose={'x_m': -0.4377634203613459, 'y_m': 0.5237015984194854, 'heading_rad': -2.9130275860434174}
[map] navigate label=bin_docking distance_m=3.557 heading_error_rad=-0.366
[can] backend=detectnet_native no detections
[tag] no detections
[map] motion direction=left speed=0.15 effective_seconds=0.06187844276428223 pose={'x_m': -0.4377634203613459, 'y_m': 0.5237015984194854, 'heading_rad': -2.9223735889859106}
[map] navigate label=bin_docking distance_m=3.557 heading_error_rad=-0.357
[can] backend=detectnet_native no detections
[tag] no detections
[map] motion direction=left speed=0.15 effective_seconds=0.06003570556640625 pose={'x_m': -0.4377634203613459, 'y_m': 0.5237015984194854, 'heading_rad': -2.9314412683878586}
[map] navigate label=bin_docking distance_m=3.557 heading_error_rad=-0.348
[can] backend=detectnet_native no detections
[tag] no detections
[map] motion direction=left speed=0.15 effective_seconds=0.06337833404541016 pose={'x_m': -0.4377634203613459, 'y_m': 0.5237015984194854, 'heading_rad': -2.9410138120721774}
[map] navigate label=bin_docking distance_m=3.557 heading_error_rad=-0.338
[can] backend=detectnet_native no detections
[tag] no detections
[map] motion direction=left speed=0.15 effective_seconds=0.05906057357788086 pose={'x_m': -0.4377634203613459, 'y_m': 0.5237015984194854, 'heading_rad': -2.949934209383191}
[map] navigate label=bin_docking distance_m=3.557 heading_error_rad=-0.329
[can] backend=detectnet_native no detections
[tag] no detections
[map] motion direction=left speed=0.15 effective_seconds=0.06039881706237793 pose={'x_m': -0.4377634203613459, 'y_m': 0.5237015984194854, 'heading_rad': -2.959056732458609}
[map] navigate label=bin_docking distance_m=3.557 heading_error_rad=-0.320
[can] backend=detectnet_native no detections
[tag] no detections
[map] motion direction=left speed=0.15 effective_seconds=0.060956716537475586 pose={'x_m': -0.4377634203613459, 'y_m': 0.5237015984194854, 'heading_rad': -2.9682635196153924}
[map] navigate label=bin_docking distance_m=3.557 heading_error_rad=-0.311
[can] backend=detectnet_native no detections
[tag] no detections
[map] motion direction=left speed=0.15 effective_seconds=0.06155562400817871 pose={'x_m': -0.4377634203613459, 'y_m': 0.5237015984194854, 'heading_rad': -2.9775607646236253}
[map] navigate label=bin_docking distance_m=3.557 heading_error_rad=-0.302
[can] backend=detectnet_native no detections
[tag] no detections
[map] motion direction=left speed=0.15 effective_seconds=0.061278581619262695 pose={'x_m': -0.4377634203613459, 'y_m': 0.5237015984194854, 'heading_rad': -2.986816165673505}
[map] navigate label=bin_docking distance_m=3.557 heading_error_rad=-0.292
[can] backend=detectnet_native no detections
[tag] no detections
[map] motion direction=left speed=0.15 effective_seconds=0.060088396072387695 pose={'x_m': -0.4377634203613459, 'y_m': 0.5237015984194854, 'heading_rad': -2.995891803349804}
[map] navigate label=bin_docking distance_m=3.557 heading_error_rad=-0.283
[can] backend=detectnet_native no detections
[tag] no detections
[map] motion direction=left speed=0.15 effective_seconds=0.05942988395690918 pose={'x_m': -0.4377634203613459, 'y_m': 0.5237015984194854, 'heading_rad': -3.0048679806018583}
[map] navigate label=bin_docking distance_m=3.557 heading_error_rad=-0.274
[can] backend=detectnet_native no detections
[tag] no detections
[map] motion direction=left speed=0.15 effective_seconds=0.06376314163208008 pose={'x_m': -0.4377634203613459, 'y_m': 0.5237015984194854, 'heading_rad': -3.014498644896145}
[map] navigate label=bin_docking distance_m=3.557 heading_error_rad=-0.265
[can] backend=detectnet_native no detections
[tag] no detections
[map] motion direction=left speed=0.15 effective_seconds=0.0614166259765625 pose={'x_m': -0.4377634203613459, 'y_m': 0.5237015984194854, 'heading_rad': -3.023774895904619}
[map] navigate label=bin_docking distance_m=3.557 heading_error_rad=-0.255
[can] backend=detectnet_native no detections
[tag] no detections
[map] motion direction=left speed=0.15 effective_seconds=0.06135916709899902 pose={'x_m': -0.4377634203613459, 'y_m': 0.5237015984194854, 'heading_rad': -3.033042468432918}
[map] navigate label=bin_docking distance_m=3.557 heading_error_rad=-0.246
[can] backend=detectnet_native no detections
[tag] no detections
[map] motion direction=left speed=0.15 effective_seconds=0.05984663963317871 pose={'x_m': -0.4377634203613459, 'y_m': 0.5237015984194854, 'heading_rad': -3.0420815916739583}
[map] navigate label=bin_docking distance_m=3.557 heading_error_rad=-0.237
[can] backend=detectnet_native no detections
[tag] no detections
[map] motion direction=left speed=0.15 effective_seconds=0.060487985610961914 pose={'x_m': -0.4377634203613459, 'y_m': 0.5237015984194854, 'heading_rad': -3.0512175825982784}
[map] navigate label=bin_docking distance_m=3.557 heading_error_rad=-0.228
[can] backend=detectnet_native no detections
[tag] no detections
[map] motion direction=left speed=0.15 effective_seconds=0.0612640380859375 pose={'x_m': -0.4377634203613459, 'y_m': 0.5237015984194854, 'heading_rad': -3.0604707870203955}
[map] navigate label=bin_docking distance_m=3.557 heading_error_rad=-0.219
[can] backend=detectnet_native no detections
[tag] no detections
[map] motion direction=left speed=0.15 effective_seconds=0.06197476387023926 pose={'x_m': -0.4377634203613459, 'y_m': 0.5237015984194854, 'heading_rad': -3.0698313381205264}
[map] navigate label=bin_docking distance_m=3.557 heading_error_rad=-0.209
[can] backend=detectnet_native no detections
[tag] no detections
[map] motion direction=left speed=0.15 effective_seconds=0.06139802932739258 pose={'x_m': -0.4377634203613459, 'y_m': 0.5237015984194854, 'heading_rad': -3.079104780326288}
[map] navigate label=bin_docking distance_m=3.557 heading_error_rad=-0.200
[can] backend=detectnet_native no detections
[tag] no detections
[map] motion direction=left speed=0.15 effective_seconds=0.06086921691894531 pose={'x_m': -0.4377634203613459, 'y_m': 0.5237015984194854, 'heading_rad': -3.088298351706208}
[map] navigate label=bin_docking distance_m=3.557 heading_error_rad=-0.191
[can] backend=detectnet_native no detections
[tag] no detections
[map] motion direction=left speed=0.15 effective_seconds=0.06307601928710938 pose={'x_m': -0.4377634203613459, 'y_m': 0.5237015984194854, 'heading_rad': -3.0978252343413084}
[map] navigate label=bin_docking distance_m=3.557 heading_error_rad=-0.181
[can] backend=detectnet_native no detections
[tag] no detections
[map] motion direction=left speed=0.15 effective_seconds=0.05912137031555176 pose={'x_m': -0.4377634203613459, 'y_m': 0.5237015984194854, 'heading_rad': -3.1067548142765733}
[map] navigate label=bin_docking distance_m=3.557 heading_error_rad=-0.172
[can] backend=detectnet_native no detections
[tag] no detections
[map] motion direction=left speed=0.15 effective_seconds=0.06443285942077637 pose={'x_m': -0.4377634203613459, 'y_m': 0.5237015984194854, 'heading_rad': -3.1164866314787902}
[map] navigate label=bin_docking distance_m=3.557 heading_error_rad=-0.163
[can] backend=detectnet_native no detections
[tag] no detections
[map] motion direction=left speed=0.15 effective_seconds=0.061014652252197266 pose={'x_m': -0.4377634203613459, 'y_m': 0.5237015984194854, 'heading_rad': -3.125702169136331}
[map] navigate label=bin_docking distance_m=3.557 heading_error_rad=-0.153
[can] backend=detectnet_native no detections
[tag] no detections
[map] motion direction=left speed=0.15 effective_seconds=0.0620570182800293 pose={'x_m': -0.4377634203613459, 'y_m': 0.5237015984194854, 'heading_rad': -3.1350751437869198}
[map] navigate label=bin_docking distance_m=3.557 heading_error_rad=-0.144
[can] backend=detectnet_native no detections
[tag] no detections
[map] motion direction=left speed=0.15 effective_seconds=0.06111264228820801 pose={'x_m': -0.4377634203613459, 'y_m': 0.5237015984194854, 'heading_rad': 3.13887982550545}
[map] navigate label=bin_docking distance_m=3.557 heading_error_rad=-0.135
[can] backend=detectnet_native no detections
[tag] no detections
[map] motion direction=left speed=0.15 effective_seconds=0.06133580207824707 pose={'x_m': -0.4377634203613459, 'y_m': 0.5237015984194854, 'heading_rad': 3.129615781985687}
[map] navigate label=bin_docking distance_m=3.557 heading_error_rad=-0.126
[can] backend=detectnet_native no detections
[tag] no detections
[map] motion direction=left speed=0.15 effective_seconds=0.06076526641845703 pose={'x_m': -0.4377634203613459, 'y_m': 0.5237015984194854, 'heading_rad': 3.120437911092722}
[map] navigate label=bin_docking distance_m=3.557 heading_error_rad=-0.116
[map] motion direction=left speed=0.15 effective_seconds=0.01906561851501465 pose={'x_m': -0.4377634203613459, 'y_m': 0.5237015984194854, 'heading_rad': 3.117558276137774}
[base] continuous stop label=map_turn_bin_docking elapsed=0.019s
[base] stop
[base] continuous start label=map_forward_bin_docking direction=forward requested_speed=0.2 effective_speed=0.2
[can] backend=detectnet_native no detections
[tag] no detections
[map] motion direction=forward speed=0.2 effective_seconds=0.05976080894470215 pose={'x_m': -0.43771674465559446, 'y_m': 0.52175993306655, 'heading_rad': 3.117558276137774}
[map] navigate label=bin_docking distance_m=3.555 heading_error_rad=-0.114
[can] backend=detectnet_native no detections
[tag] no detections
[map] motion direction=forward speed=0.2 effective_seconds=0.0600430965423584 pose={'x_m': -0.4376698484713542, 'y_m': 0.51980909601635, 'heading_rad': 3.117558276137774}
[map] navigate label=bin_docking distance_m=3.553 heading_error_rad=-0.114
[can] backend=detectnet_native no detections
[tag] no detections
[map] motion direction=forward speed=0.2 effective_seconds=0.0656437873840332 pose={'x_m': -0.4376185779119616, 'y_m': 0.5176762890840179, 'heading_rad': 3.117558276137774}
[map] navigate label=bin_docking distance_m=3.551 heading_error_rad=-0.114
[can] backend=detectnet_native no detections
[tag] no detections
[map] motion direction=forward speed=0.2 effective_seconds=0.060805559158325195 pose={'x_m': -0.4375710862123437, 'y_m': 0.5157006791555641, 'heading_rad': 3.117558276137774}
[map] navigate label=bin_docking distance_m=3.549 heading_error_rad=-0.114
[can] backend=detectnet_native no detections
[tag] no detections
[map] motion direction=forward speed=0.2 effective_seconds=0.06067514419555664 pose={'x_m': -0.4375236963722979, 'y_m': 0.5137293064892756, 'heading_rad': 3.117558276137774}
[map] navigate label=bin_docking distance_m=3.547 heading_error_rad=-0.114
[can] backend=detectnet_native no detections
[tag] no detections
[map] motion direction=forward speed=0.2 effective_seconds=0.06213498115539551 pose={'x_m': -0.4374751663381753, 'y_m': 0.5117105028243794, 'heading_rad': 3.117558276137774}
[map] navigate label=bin_docking distance_m=3.545 heading_error_rad=-0.114
[can] backend=detectnet_native no detections
[tag] no detections
[map] motion direction=forward speed=0.2 effective_seconds=0.060689687728881836 pose={'x_m': -0.43742776513901815, 'y_m': 0.509738657629769, 'heading_rad': 3.117558276137774}
[map] navigate label=bin_docking distance_m=3.543 heading_error_rad=-0.114
[can] backend=detectnet_native detections=1 best_confidence=0.274
[depth] map_can_0_depth mean=4.201 min=3.733 max=4.637
[map] can added id=13 position={'x_m': -0.39336222986593894, 'y_m': 0.09192978709900756}
[tag] no detections
[map] motion direction=forward speed=0.2 effective_seconds=0.08903813362121582 pose={'x_m': -0.43735822261108137, 'y_m': 0.5068457540329934, 'heading_rad': 3.117558276137774}
[map] navigate label=bin_docking distance_m=3.541 heading_error_rad=-0.114
[can] backend=detectnet_native no detections
[tag] no detections
[map] motion direction=forward speed=0.2 effective_seconds=0.06043410301208496 pose={'x_m': -0.4373110210343398, 'y_m': 0.5048822129426631, 'heading_rad': 3.117558276137774}
[map] navigate label=bin_docking distance_m=3.539 heading_error_rad=-0.114
[can] backend=detectnet_native no detections
[tag] no detections
[map] motion direction=forward speed=0.2 effective_seconds=0.06282210350036621 pose={'x_m': -0.43726195432876047, 'y_m': 0.502841084251148, 'heading_rad': 3.117558276137774}
[map] navigate label=bin_docking distance_m=3.537 heading_error_rad=-0.114
[can] backend=detectnet_native detections=1 best_confidence=0.203
[depth] map_can_0_depth mean=4.364 min=3.747 max=4.798
[map] can added id=14 position={'x_m': -0.3919328878930088, 'y_m': 0.06879700920096399}
[tag] no detections
[map] motion direction=forward speed=0.2 effective_seconds=0.08623361587524414 pose={'x_m': -0.4371946022471613, 'y_m': 0.5000393011568423, 'heading_rad': 3.117558276137774}
[map] navigate label=bin_docking distance_m=3.534 heading_error_rad=-0.114
[can] backend=detectnet_native no detections
[tag] no detections
[map] motion direction=forward speed=0.2 effective_seconds=0.060849666595458984 pose={'x_m': -0.4371470760977795, 'y_m': 0.49806225815069083, 'heading_rad': 3.117558276137774}
[map] navigate label=bin_docking distance_m=3.532 heading_error_rad=-0.114
[can] backend=detectnet_native no detections
[tag] no detections
[map] motion direction=forward speed=0.2 effective_seconds=0.05896782875061035 pose={'x_m': -0.43710101974291804, 'y_m': 0.49614635721084854, 'heading_rad': 3.117558276137774}
[map] navigate label=bin_docking distance_m=3.530 heading_error_rad=-0.114
[can] backend=detectnet_native no detections
[tag] no detections
[map] motion direction=forward speed=0.2 effective_seconds=0.06228518486022949 pose={'x_m': -0.43705237239338335, 'y_m': 0.49412267333541454, 'heading_rad': 3.117558276137774}
[map] navigate label=bin_docking distance_m=3.528 heading_error_rad=-0.114
[can] backend=detectnet_native no detections
[tag] no detections
[map] motion direction=forward speed=0.2 effective_seconds=0.060727834701538086 pose={'x_m': -0.4370049413998358, 'y_m': 0.4921495887222549, 'heading_rad': 3.117558276137774}
[map] navigate label=bin_docking distance_m=3.526 heading_error_rad=-0.115
[can] backend=detectnet_native no detections
[tag] no detections
[map] motion direction=forward speed=0.2 effective_seconds=0.06062030792236328 pose={'x_m': -0.43695759438922616, 'y_m': 0.490179997720131, 'heading_rad': 3.117558276137774}
[map] navigate label=bin_docking distance_m=3.524 heading_error_rad=-0.115
[can] backend=detectnet_native no detections
[tag] no detections
[map] motion direction=forward speed=0.2 effective_seconds=0.06141471862792969 pose={'x_m': -0.4369096269104369, 'y_m': 0.48818459582671836, 'heading_rad': 3.117558276137774}
[map] navigate label=bin_docking distance_m=3.522 heading_error_rad=-0.115
[can] backend=detectnet_native detections=1 best_confidence=0.255
[depth] map_can_0_depth mean=4.182 min=3.631 max=4.661
[map] can merged id=14 position={'x_m': -0.39275638965469495, 'y_m': 0.07052631187683514} observations=2
[tag] no detections
[map] motion direction=forward speed=0.2 effective_seconds=0.08875727653503418 pose={'x_m': -0.43684030374369925, 'y_m': 0.4853008174490118, 'heading_rad': 3.117558276137774}
[map] navigate label=bin_docking distance_m=3.519 heading_error_rad=-0.115
[can] backend=detectnet_native no detections
[tag] no detections
[map] motion direction=forward speed=0.2 effective_seconds=0.0609891414642334 pose={'x_m': -0.43679266865857763, 'y_m': 0.4833192428187896, 'heading_rad': 3.117558276137774}
[map] navigate label=bin_docking distance_m=3.517 heading_error_rad=-0.115
[can] backend=detectnet_native no detections
[tag] no detections
[map] motion direction=forward speed=0.2 effective_seconds=0.061144351959228516 pose={'x_m': -0.43674491234753016, 'y_m': 0.48133262530434495, 'heading_rad': 3.117558276137774}
[map] navigate label=bin_docking distance_m=3.515 heading_error_rad=-0.115
[can] backend=detectnet_native no detections
[tag] no detections
[map] motion direction=forward speed=0.2 effective_seconds=0.06517815589904785 pose={'x_m': -0.43669400546591514, 'y_m': 0.47921494702468, 'heading_rad': 3.117558276137774}
[map] navigate label=bin_docking distance_m=3.513 heading_error_rad=-0.115
[can] backend=detectnet_native no detections
[tag] no detections
[map] motion direction=forward speed=0.2 effective_seconds=0.060647010803222656 pose={'x_m': -0.4366466375992322, 'y_m': 0.4772444884295716, 'heading_rad': 3.117558276137774}
[map] navigate label=bin_docking distance_m=3.511 heading_error_rad=-0.115
[can] backend=detectnet_native detections=1 best_confidence=0.246
[depth] map_can_0_depth mean=4.082 min=3.736 max=4.341
[map] can merged id=14 position={'x_m': -0.39342741219729843, 'y_m': 0.07076097501427271} observations=3
[tag] no detections
[map] motion direction=forward speed=0.2 effective_seconds=0.0871882438659668 pose={'x_m': -0.4365785399130138, 'y_m': 0.4744116888860701, 'heading_rad': 3.117558276137774}
[map] navigate label=bin_docking distance_m=3.508 heading_error_rad=-0.115
[can] backend=detectnet_native detections=1 best_confidence=0.277
[depth] map_can_0_depth mean=4.063 min=3.695 max=4.320
[map] can merged id=14 position={'x_m': -0.3937424043252108, 'y_m': 0.07064244109951086} observations=4
[tag] no detections
[map] motion direction=forward speed=0.2 effective_seconds=0.08534646034240723 pose={'x_m': -0.43651188073720587, 'y_m': 0.47163873001940104, 'heading_rad': 3.117558276137774}
[map] navigate label=bin_docking distance_m=3.506 heading_error_rad=-0.115
[can] backend=detectnet_native no detections
[tag] no detections
[map] motion direction=forward speed=0.2 effective_seconds=0.06007242202758789 pose={'x_m': -0.43646496164852805, 'y_m': 0.46968694016619117, 'heading_rad': 3.117558276137774}
[map] navigate label=bin_docking distance_m=3.504 heading_error_rad=-0.115
[can] backend=detectnet_native no detections
[tag] backend=pupil_apriltags id=0 center=(143.7,119.1) error_x=-0.051 yaw_deg=-37.05 height=10.3px height_norm=0.043 margin=20.18 distance=1.2209833885444217
[map] motion direction=forward speed=0.2 effective_seconds=0.25638318061828613 pose={'x_m': -0.43626471559916097, 'y_m': 0.46135689330650853, 'heading_rad': 3.117558276137774}
[base] continuous stop label=map_forward_bin_docking elapsed=0.256s
[base] stop
[fsm] MAP_NAVIGATING --TARGET_FOUND--> ALIGNING
[can] backend=detectnet_native no detections
[tag] no detections
[base] stop
[can] backend=detectnet_native no detections
[tag] no detections
[base] stop
[can] backend=detectnet_native no detections
[tag] no detections
[base] stop
[can] backend=detectnet_native no detections
[tag] no detections
[base] stop
[can] backend=detectnet_native no detections
[tag] no detections
[base] stop
[can] backend=detectnet_native no detections
[tag] no detections
[base] stop
[can] backend=detectnet_native detections=1 best_confidence=0.219
[depth] map_can_0_depth mean=4.223 min=3.705 max=4.651
[map] can added id=15 position={'x_m': -0.3912225958040323, 'y_m': 0.041493601338797315}
[tag] no detections
[base] stop
[can] backend=detectnet_native no detections
[tag] no detections
[base] stop
[fsm] ALIGNING --TARGET_MISSING--> SEARCHING reason=alignment target lost
[can] backend=detectnet_native no detections
[tag] no detections
[base] continuous start label=search_bin_routine_2_step_0 direction=forward requested_speed=0.6 effective_speed=0.6
[can] backend=detectnet_native no detections
[tag] no detections
[map] motion direction=forward speed=0.6 effective_seconds=0.05965256690979004 pose={'x_m': -0.4361159822673915, 'y_m': 0.45516972693217955, 'heading_rad': 3.117558276137774}
[can] backend=detectnet_native detections=1 best_confidence=0.267
[depth] map_can_0_depth mean=4.093 min=3.159 max=4.537
[map] can merged id=15 position={'x_m': -0.393478895180156, 'y_m': 0.044673895090227456} observations=2
[tag] backend=pupil_apriltags id=0 center=(144.8,120.1) error_x=-0.047 yaw_deg=-38.4 height=10.7px height_norm=0.044 margin=21.53 distance=1.2082683916889316
[map] motion direction=forward speed=0.6 effective_seconds=0.10553288459777832 pose={'x_m': -0.43585285431916415, 'y_m': 0.4442238523655957, 'heading_rad': 3.117558276137774}
[base] continuous stop label=search_bin_routine_2_step_0 elapsed=0.106s
[base] stop
[fsm] SEARCHING --TARGET_FOUND--> ALIGNING
[can] backend=detectnet_native no detections
[tag] no detections
[base] stop
[can] backend=detectnet_native detections=1 best_confidence=0.214
[depth] map_can_0_depth mean=4.435 min=3.462 max=5.047
[map] can added id=16 position={'x_m': -0.3931750320417786, 'y_m': 0.0028208246517900104}
[tag] no detections
[base] stop
[can] backend=detectnet_native detections=1 best_confidence=0.202
[depth] map_can_0_depth mean=4.359 min=3.680 max=4.893
[map] can merged id=16 position={'x_m': -0.39370351044979035, 'y_m': 0.006549557872425421} observations=2
[tag] backend=pupil_apriltags id=0 center=(145.8,120.2) error_x=-0.044 yaw_deg=27.44 height=9.8px height_norm=0.041 margin=31.91 distance=1.2751858038230333
[base] stop
[fsm] ALIGNING --TARGET_ALIGNED--> APPROACHING
[can] backend=detectnet_native detections=1 best_confidence=0.249
[depth] map_can_0_depth mean=4.201 min=3.053 max=4.665
[map] can added id=17 position={'x_m': -0.3959539341172153, 'y_m': 0.02598143344116044}
[tag] backend=pupil_apriltags id=0 center=(145.8,120.3) error_x=-0.044 yaw_deg=27.2 height=9.8px height_norm=0.041 margin=32.31 distance=1.2788532917787796
[approach] target=bin mode=bbox_height bbox=0.041/0.26 bbox_ok=False depth_raw=n/a/0.26 depth_ok=False error_x=-0.044
[base] continuous start label=approach_bin_forward direction=forward requested_speed=0.6 effective_speed=0.6
[can] backend=detectnet_native no detections
[tag] backend=pupil_apriltags id=0 center=(145.8,120.3) error_x=-0.044 yaw_deg=27.31 height=9.8px height_norm=0.041 margin=33.58 distance=1.2761175299368372
[approach] target=bin mode=bbox_height bbox=0.041/0.26 bbox_ok=False depth_raw=n/a/0.26 depth_ok=False error_x=-0.044
[can] backend=detectnet_native no detections
[tag] backend=pupil_apriltags id=0 center=(145.8,120.3) error_x=-0.044 yaw_deg=26.95 height=9.7px height_norm=0.041 margin=32.66 distance=1.2819324503007379
[approach] target=bin mode=bbox_height bbox=0.041/0.26 bbox_ok=False depth_raw=n/a/0.26 depth_ok=False error_x=-0.044
[can] backend=detectnet_native no detections
[tag] no detections
[map] motion direction=forward speed=0.6 effective_seconds=0.20617151260375977 pose={'x_m': -0.4353388014028516, 'y_m': 0.42283973570125194, 'heading_rad': 3.117558276137774}
[base] continuous stop label=approach_bin_forward elapsed=0.206s
[base] stop
[can] backend=detectnet_native no detections
[tag] backend=pupil_apriltags id=0 center=(146.2,121.1) error_x=-0.043 yaw_deg=-34.96 height=10.6px height_norm=0.044 margin=19.80 distance=1.1643934676262788
[approach] target=bin mode=bbox_height bbox=0.044/0.26 bbox_ok=False depth_raw=n/a/0.26 depth_ok=False error_x=-0.043
[base] continuous start label=approach_bin_forward direction=forward requested_speed=0.6 effective_speed=0.6
[can] backend=detectnet_native detections=1 best_confidence=0.214
[depth] map_can_0_depth mean=4.597 min=3.956 max=5.279
[map] can added id=18 position={'x_m': -0.39156734087453265, 'y_m': -0.0347592218509144}
[tag] no detections
[map] motion direction=forward speed=0.6 effective_seconds=0.1060791015625 pose={'x_m': -0.4350743115573373, 'y_m': 0.4118372074915428, 'heading_rad': 3.117558276137774}
[base] continuous stop label=approach_bin_forward elapsed=0.106s
[base] stop
[can] backend=detectnet_native no detections
[tag] no detections
[base] stop
[can] backend=detectnet_native no detections
[tag] backend=pupil_apriltags id=0 center=(149.5,121.3) error_x=-0.033 yaw_deg=-37.61 height=11.1px height_norm=0.046 margin=23.66 distance=1.1449198573175514
[approach] target=bin mode=bbox_height bbox=0.046/0.26 bbox_ok=False depth_raw=n/a/0.26 depth_ok=False error_x=-0.033
[base] continuous start label=approach_bin_forward direction=forward requested_speed=0.6 effective_speed=0.6
[can] backend=detectnet_native no detections
[tag] no detections
[map] motion direction=forward speed=0.6 effective_seconds=0.07619571685791016 pose={'x_m': -0.4348843307497724, 'y_m': 0.40393418501265965, 'heading_rad': 3.117558276137774}
[base] continuous stop label=approach_bin_forward elapsed=0.076s
[base] stop
[can] backend=detectnet_native no detections
[tag] no detections
[base] stop
[can] backend=detectnet_native no detections
[tag] no detections
[base] stop
[can] backend=detectnet_native no detections
[tag] no detections
[base] stop
[can] backend=detectnet_native no detections
[tag] no detections
[base] stop
[fsm] APPROACHING --TARGET_MISSING--> SEARCHING reason=approach target lost
[can] backend=detectnet_native no detections
[tag] no detections
[base] continuous start label=search_bin_routine_2_step_0 direction=forward requested_speed=0.6 effective_speed=0.6
[can] backend=detectnet_native no detections
[tag] no detections
[map] motion direction=forward speed=0.6 effective_seconds=0.06122541427612305 pose={'x_m': -0.43473167579582844, 'y_m': 0.3975838828532161, 'heading_rad': 3.117558276137774}
[can] backend=detectnet_native no detections
[tag] no detections
[map] motion direction=forward speed=0.6 effective_seconds=0.06002640724182129 pose={'x_m': -0.43458201035801536, 'y_m': 0.39135794174627236, 'heading_rad': 3.117558276137774}
[can] backend=detectnet_native no detections
[tag] no detections
[map] motion direction=forward speed=0.6 effective_seconds=0.05978274345397949 pose={'x_m': -0.4344329524536057, 'y_m': 0.3851572734561222, 'heading_rad': 3.117558276137774}
[can] backend=detectnet_native detections=1 best_confidence=0.212
[depth] map_can_0_depth mean=4.170 min=3.788 max=4.470
[map] can merged id=18 position={'x_m': -0.3937043897277664, 'y_m': -0.03240211875607496} observations=2
[tag] no detections
[map] motion direction=forward speed=0.6 effective_seconds=0.08642435073852539 pose={'x_m': -0.43421746832111574, 'y_m': 0.376193336705148, 'heading_rad': 3.117558276137774}
[can] backend=detectnet_native detections=1 best_confidence=0.214
[depth] map_can_0_depth mean=4.030 min=3.671 max=4.276
[map] can merged id=18 position={'x_m': -0.394863446932862, 'y_m': -0.029953161708566284} observations=3
[tag] no detections
[map] motion direction=forward speed=0.6 effective_seconds=0.08691859245300293 pose={'x_m': -0.43400075188261283, 'y_m': 0.36717813718586356, 'heading_rad': 3.117558276137774}
[can] backend=detectnet_native no detections
[tag] backend=pupil_apriltags id=0 center=(150.1,122.5) error_x=-0.031 yaw_deg=-35.92 height=11.6px height_norm=0.048 margin=22.14 distance=1.0816130813825042
[map] motion direction=forward speed=0.6 effective_seconds=0.07994985580444336 pose={'x_m': -0.43380141078055656, 'y_m': 0.35888573528111806, 'heading_rad': 3.117558276137774}
[base] continuous stop label=search_bin_routine_2_step_0 elapsed=0.080s
[base] stop
[fsm] SEARCHING --TARGET_FOUND--> ALIGNING
[can] backend=detectnet_native detections=1 best_confidence=0.205
[depth] map_can_0_depth mean=4.165 min=3.550 max=4.476
[map] can added id=19 position={'x_m': -0.3942523068860099, 'y_m': -0.05568971677186885}
[tag] no detections
[base] stop
[can] backend=detectnet_native no detections
[tag] no detections
[base] stop
[can] backend=detectnet_native no detections
[tag] no detections
[base] stop
[can] backend=detectnet_native no detections
[tag] no detections
[base] stop
[can] backend=detectnet_native no detections
[tag] no detections
[base] stop
[can] backend=detectnet_native no detections
[tag] no detections
[base] stop
[can] backend=detectnet_native no detections
[tag] no detections
[base] stop
[can] backend=detectnet_native no detections
[tag] no detections
[base] stop
[fsm] ALIGNING --TARGET_MISSING--> SEARCHING reason=alignment target lost
[can] backend=detectnet_native no detections
[tag] no detections
[base] continuous start label=search_bin_routine_2_step_0 direction=forward requested_speed=0.6 effective_speed=0.6
[can] backend=detectnet_native no detections
[tag] no detections
[map] motion direction=forward speed=0.6 effective_seconds=0.0623774528503418 pose={'x_m': -0.43364588341819255, 'y_m': 0.35241594363953516, 'heading_rad': 3.117558276137774}
[can] backend=detectnet_native no detections
[tag] no detections
[map] motion direction=forward speed=0.6 effective_seconds=0.05882835388183594 pose={'x_m': -0.43349920511868884, 'y_m': 0.346314264669957, 'heading_rad': 3.117558276137774}
[can] backend=detectnet_native no detections
[tag] no detections
[map] motion direction=forward speed=0.6 effective_seconds=0.06142711639404297 pose={'x_m': -0.4333460472554892, 'y_m': 0.33994304195962566, 'heading_rad': 3.117558276137774}
[can] backend=detectnet_native detections=1 best_confidence=0.261
[depth] map_can_0_depth mean=4.046 min=3.695 max=4.329
[map] can merged id=19 position={'x_m': -0.396469650236255, 'y_m': -0.0594073510988615} observations=2
[tag] no detections
[map] motion direction=forward speed=0.6 effective_seconds=0.0865471363067627 pose={'x_m': -0.433130256978476, 'y_m': 0.3309663698851204, 'heading_rad': 3.117558276137774}
[can] backend=detectnet_native detections=1 best_confidence=0.222
[depth] map_can_0_depth mean=4.020 min=3.667 max=4.282
[map] can added id=20 position={'x_m': -0.4018171378902741, 'y_m': -0.06977583323422237}
[tag] no detections
[map] motion direction=forward speed=0.6 effective_seconds=0.08834457397460938 pose={'x_m': -0.4329099851023157, 'y_m': 0.3218032675113915, 'heading_rad': 3.117558276137774}
[can] backend=detectnet_native detections=1 best_confidence=0.272
[depth] map_can_0_depth mean=3.856 min=3.519 max=4.085
[map] can merged id=19 position={'x_m': -0.39747389873444083, 'y_m': -0.060385109961264304} observations=3
[tag] no detections
[map] motion direction=forward speed=0.6 effective_seconds=0.08947873115539551 pose={'x_m': -0.4326868854018892, 'y_m': 0.31252253031428984, 'heading_rad': 3.117558276137774}
[can] backend=detectnet_native no detections
[tag] no detections
[map] motion direction=forward speed=0.6 effective_seconds=0.06006813049316406 pose={'x_m': -0.43253711593438376, 'y_m': 0.30629226167022394, 'heading_rad': 3.117558276137774}
[can] backend=detectnet_native detections=1 best_confidence=0.222
[depth] map_can_0_depth mean=3.880 min=3.644 max=4.065
[map] can added id=21 position={'x_m': -0.39954773414815564, 'y_m': -0.08025260426329844}
[tag] backend=pupil_apriltags id=0 center=(153.3,123.1) error_x=-0.021 yaw_deg=-44.04 height=12.5px height_norm=0.052 margin=25.55 distance=0.9954186447742946
[map] motion direction=forward speed=0.6 effective_seconds=0.10887384414672852 pose={'x_m': -0.4322656578828471, 'y_m': 0.29499986265967915, 'heading_rad': 3.117558276137774}
[base] continuous stop label=search_bin_routine_2_step_0 elapsed=0.109s
[base] stop
[fsm] SEARCHING --TARGET_FOUND--> ALIGNING
[can] backend=detectnet_native detections=1 best_confidence=0.309
[depth] map_can_0_depth mean=3.853 min=3.607 max=3.966
[map] can merged id=21 position={'x_m': -0.39947468081382503, 'y_m': -0.08458517009489269} observations=2
[tag] backend=pupil_apriltags id=0 center=(154.5,123.7) error_x=-0.017 yaw_deg=-38.01 height=13.2px height_norm=0.055 margin=25.67 distance=0.9715783975397159
[base] stop
[fsm] ALIGNING --TARGET_ALIGNED--> APPROACHING
[can] backend=detectnet_native detections=1 best_confidence=0.236
[depth] map_can_0_depth mean=3.903 min=3.654 max=4.072
[map] can merged id=21 position={'x_m': -0.3995415792638218, 'y_m': -0.08769308238622668} observations=3
[tag] backend=pupil_apriltags id=0 center=(154.9,124.1) error_x=-0.016 yaw_deg=-36.71 height=12.9px height_norm=0.054 margin=28.99 distance=0.9785885754124779
[approach] target=bin mode=bbox_height bbox=0.054/0.26 bbox_ok=False depth_raw=n/a/0.26 depth_ok=False error_x=-0.016
[base] continuous start label=approach_bin_forward direction=forward requested_speed=0.6 effective_speed=0.6
[can] backend=detectnet_native detections=1 best_confidence=0.223
[depth] map_can_0_depth mean=3.894 min=3.678 max=4.085
[map] can merged id=21 position={'x_m': -0.39963007997713346, 'y_m': -0.08903718310401798} observations=4
[tag] backend=pupil_apriltags id=0 center=(155.0,124.5) error_x=-0.016 yaw_deg=-38.57 height=13.4px height_norm=0.056 margin=34.01 distance=0.9514401635275189
[approach] target=bin mode=bbox_height bbox=0.056/0.26 bbox_ok=False depth_raw=n/a/0.26 depth_ok=False error_x=-0.016
[can] backend=detectnet_native detections=1 best_confidence=0.218
[depth] map_can_0_depth mean=3.883 min=3.711 max=4.077
[map] can merged id=21 position={'x_m': -0.4002259296217955, 'y_m': -0.08966685298736622} observations=5
[tag] backend=pupil_apriltags id=0 center=(154.9,124.5) error_x=-0.016 yaw_deg=-39.43 height=13.3px height_norm=0.055 margin=31.09 distance=0.9374754468235585
[approach] target=bin mode=bbox_height bbox=0.055/0.26 bbox_ok=False depth_raw=n/a/0.26 depth_ok=False error_x=-0.016
[can] backend=detectnet_native detections=1 best_confidence=0.209
[depth] map_can_0_depth mean=3.807 min=3.568 max=4.031
[map] can merged id=21 position={'x_m': -0.40094703804747495, 'y_m': -0.0888316452914949} observations=6
[tag] backend=pupil_apriltags id=0 center=(156.4,124.5) error_x=-0.011 yaw_deg=-35.71 height=13.3px height_norm=0.055 margin=26.66 distance=0.9374367521102261
[approach] target=bin mode=bbox_height bbox=0.055/0.26 bbox_ok=False depth_raw=n/a/0.26 depth_ok=False error_x=-0.011
[can] backend=detectnet_native no detections
[tag] backend=pupil_apriltags id=0 center=(157.1,124.6) error_x=-0.009 yaw_deg=-38.11 height=13.4px height_norm=0.056 margin=31.61 distance=0.9295931844634978
[approach] target=bin mode=bbox_height bbox=0.056/0.26 bbox_ok=False depth_raw=n/a/0.26 depth_ok=False error_x=-0.009
[can] backend=detectnet_native no detections
[tag] backend=pupil_apriltags id=0 center=(157.3,124.7) error_x=-0.009 yaw_deg=-39.9 height=14.0px height_norm=0.059 margin=31.36 distance=0.9078262217640379
[approach] target=bin mode=bbox_height bbox=0.059/0.26 bbox_ok=False depth_raw=n/a/0.26 depth_ok=False error_x=-0.009
[can] backend=detectnet_native no detections
[tag] backend=pupil_apriltags id=0 center=(158.0,125.0) error_x=-0.006 yaw_deg=-41.23 height=14.4px height_norm=0.060 margin=26.67 distance=0.8758233579335767
[approach] target=bin mode=bbox_height bbox=0.060/0.26 bbox_ok=False depth_raw=n/a/0.26 depth_ok=False error_x=-0.006
[can] backend=detectnet_native no detections
[tag] backend=pupil_apriltags id=0 center=(158.4,125.2) error_x=-0.005 yaw_deg=-37.42 height=14.6px height_norm=0.061 margin=24.22 distance=0.8765029349584226
[approach] target=bin mode=bbox_height bbox=0.061/0.26 bbox_ok=False depth_raw=n/a/0.26 depth_ok=False error_x=-0.005
[can] backend=detectnet_native no detections
[tag] backend=pupil_apriltags id=0 center=(158.4,125.0) error_x=-0.005 yaw_deg=37.72 height=14.4px height_norm=0.060 margin=25.62 distance=0.8801087686478037
[approach] target=bin mode=bbox_height bbox=0.060/0.26 bbox_ok=False depth_raw=n/a/0.26 depth_ok=False error_x=-0.005
[can] backend=detectnet_native no detections
[tag] backend=pupil_apriltags id=0 center=(159.0,125.8) error_x=-0.003 yaw_deg=-35.76 height=14.3px height_norm=0.060 margin=32.96 distance=0.8776325651650448
[approach] target=bin mode=bbox_height bbox=0.060/0.26 bbox_ok=False depth_raw=n/a/0.26 depth_ok=False error_x=-0.003
[can] backend=detectnet_native no detections
[tag] backend=pupil_apriltags id=0 center=(159.5,126.2) error_x=-0.002 yaw_deg=-37.91 height=14.7px height_norm=0.061 margin=34.51 distance=0.8630108369320288
[approach] target=bin mode=bbox_height bbox=0.061/0.26 bbox_ok=False depth_raw=n/a/0.26 depth_ok=False error_x=-0.002
[can] backend=detectnet_native no detections
[tag] backend=pupil_apriltags id=0 center=(159.9,126.5) error_x=-0.000 yaw_deg=-40.4 height=15.3px height_norm=0.064 margin=27.93 distance=0.8265140070688857
[approach] target=bin mode=bbox_height bbox=0.064/0.26 bbox_ok=False depth_raw=n/a/0.26 depth_ok=False error_x=-0.000
[can] backend=detectnet_native no detections
[tag] backend=pupil_apriltags id=0 center=(160.8,126.5) error_x=0.002 yaw_deg=-38.76 height=15.3px height_norm=0.064 margin=35.96 distance=0.8266114350897418
[approach] target=bin mode=bbox_height bbox=0.064/0.26 bbox_ok=False depth_raw=n/a/0.26 depth_ok=False error_x=0.002
[can] backend=detectnet_native no detections
[tag] backend=pupil_apriltags id=0 center=(161.1,126.4) error_x=0.003 yaw_deg=36.72 height=15.1px height_norm=0.063 margin=32.76 distance=0.8319168371781156
[approach] target=bin mode=bbox_height bbox=0.063/0.26 bbox_ok=False depth_raw=n/a/0.26 depth_ok=False error_x=0.003
[can] backend=detectnet_native no detections
[tag] backend=pupil_apriltags id=0 center=(160.9,127.5) error_x=0.003 yaw_deg=-36.41 height=15.4px height_norm=0.064 margin=33.96 distance=0.8257187827458654
[approach] target=bin mode=bbox_height bbox=0.064/0.26 bbox_ok=False depth_raw=n/a/0.26 depth_ok=False error_x=0.003
[can] backend=detectnet_native no detections
[tag] backend=pupil_apriltags id=0 center=(162.1,127.9) error_x=0.007 yaw_deg=-35.86 height=16.1px height_norm=0.067 margin=37.48 distance=0.7964996592979298
[approach] target=bin mode=bbox_height bbox=0.067/0.26 bbox_ok=False depth_raw=n/a/0.26 depth_ok=False error_x=0.007
[can] backend=detectnet_native no detections
[tag] backend=pupil_apriltags id=0 center=(162.4,128.0) error_x=0.008 yaw_deg=-34.76 height=16.3px height_norm=0.068 margin=33.77 distance=0.78756876354265
[approach] target=bin mode=bbox_height bbox=0.068/0.26 bbox_ok=False depth_raw=n/a/0.26 depth_ok=False error_x=0.008
[can] backend=detectnet_native detections=1 best_confidence=0.249
[depth] map_can_0_depth mean=3.637 min=3.490 max=3.800
[map] can merged id=20 position={'x_m': -0.40551827987883016, 'y_m': -0.06887824465909789} observations=2
[tag] backend=pupil_apriltags id=0 center=(162.7,128.0) error_x=0.009 yaw_deg=-37.78 height=16.4px height_norm=0.068 margin=29.50 distance=0.7665276101534999
[approach] target=bin mode=bbox_height bbox=0.068/0.26 bbox_ok=False depth_raw=n/a/0.26 depth_ok=False error_x=0.009
[can] backend=detectnet_native no detections
[tag] backend=pupil_apriltags id=0 center=(163.3,128.3) error_x=0.010 yaw_deg=-37.89 height=17.2px height_norm=0.072 margin=29.58 distance=0.7505556779808914
[approach] target=bin mode=bbox_height bbox=0.072/0.26 bbox_ok=False depth_raw=n/a/0.26 depth_ok=False error_x=0.010
[can] backend=detectnet_native detections=1 best_confidence=0.210
[depth] map_can_0_depth mean=3.484 min=3.210 max=3.713
[map] can added id=22 position={'x_m': -0.40894278807575757, 'y_m': -0.0526553358033065}
[tag] backend=pupil_apriltags id=0 center=(164.5,128.8) error_x=0.014 yaw_deg=-34.55 height=17.2px height_norm=0.072 margin=34.15 distance=0.7602823028392944
[approach] target=bin mode=bbox_height bbox=0.072/0.26 bbox_ok=False depth_raw=n/a/0.26 depth_ok=False error_x=0.014
[can] backend=detectnet_native no detections
[tag] backend=pupil_apriltags id=0 center=(165.1,129.6) error_x=0.016 yaw_deg=-35.35 height=17.4px height_norm=0.072 margin=36.22 distance=0.7302175861870744
[approach] target=bin mode=bbox_height bbox=0.072/0.26 bbox_ok=False depth_raw=n/a/0.26 depth_ok=False error_x=0.016
[can] backend=detectnet_native no detections
[tag] backend=pupil_apriltags id=0 center=(166.0,129.6) error_x=0.019 yaw_deg=-33.7 height=17.6px height_norm=0.073 margin=39.22 distance=0.7221157240309958
[approach] target=bin mode=bbox_height bbox=0.073/0.26 bbox_ok=False depth_raw=n/a/0.26 depth_ok=False error_x=0.019
[can] backend=detectnet_native detections=1 best_confidence=0.204
[depth] map_can_0_depth mean=3.452 min=3.162 max=3.744
[map] can merged id=22 position={'x_m': -0.41006245040390565, 'y_m': -0.05113031065943971} observations=2
[tag] backend=pupil_apriltags id=0 center=(166.0,129.2) error_x=0.019 yaw_deg=-37.89 height=18.6px height_norm=0.077 margin=33.87 distance=0.7007815904946966
[approach] target=bin mode=bbox_height bbox=0.077/0.26 bbox_ok=False depth_raw=n/a/0.26 depth_ok=False error_x=0.019
[can] backend=detectnet_native no detections
[tag] backend=pupil_apriltags id=0 center=(167.7,130.8) error_x=0.024 yaw_deg=-32.66 height=18.0px height_norm=0.075 margin=37.01 distance=0.7083080034732951
[approach] target=bin mode=bbox_height bbox=0.075/0.26 bbox_ok=False depth_raw=n/a/0.26 depth_ok=False error_x=0.024
[can] backend=detectnet_native no detections
[tag] backend=pupil_apriltags id=0 center=(168.5,131.1) error_x=0.026 yaw_deg=-36.5 height=18.6px height_norm=0.078 margin=39.05 distance=0.6791431765559618
[approach] target=bin mode=bbox_height bbox=0.078/0.26 bbox_ok=False depth_raw=n/a/0.26 depth_ok=False error_x=0.026
[can] backend=detectnet_native no detections
[tag] backend=pupil_apriltags id=0 center=(169.4,131.5) error_x=0.029 yaw_deg=-36.89 height=19.7px height_norm=0.082 margin=40.46 distance=0.6597805515173528
[approach] target=bin mode=bbox_height bbox=0.082/0.26 bbox_ok=False depth_raw=n/a/0.26 depth_ok=False error_x=0.029
[can] backend=detectnet_native no detections
[tag] backend=pupil_apriltags id=0 center=(169.5,131.5) error_x=0.030 yaw_deg=-37.24 height=19.7px height_norm=0.082 margin=34.98 distance=0.6535114590681756
[approach] target=bin mode=bbox_height bbox=0.082/0.26 bbox_ok=False depth_raw=n/a/0.26 depth_ok=False error_x=0.030
[can] backend=detectnet_native no detections
[tag] backend=pupil_apriltags id=0 center=(170.5,132.6) error_x=0.033 yaw_deg=-34.9 height=19.2px height_norm=0.080 margin=40.26 distance=0.6579074873627362
[approach] target=bin mode=bbox_height bbox=0.080/0.26 bbox_ok=False depth_raw=n/a/0.26 depth_ok=False error_x=0.033
[can] backend=detectnet_native no detections
[tag] backend=pupil_apriltags id=0 center=(171.6,133.2) error_x=0.036 yaw_deg=-35.32 height=20.3px height_norm=0.085 margin=40.48 distance=0.6437214164137632
[approach] target=bin mode=bbox_height bbox=0.085/0.26 bbox_ok=False depth_raw=n/a/0.26 depth_ok=False error_x=0.036
[can] backend=detectnet_native no detections
[tag] backend=pupil_apriltags id=0 center=(171.9,133.9) error_x=0.037 yaw_deg=-35.12 height=20.2px height_norm=0.084 margin=41.02 distance=0.630898249313946
[approach] target=bin mode=bbox_height bbox=0.084/0.26 bbox_ok=False depth_raw=n/a/0.26 depth_ok=False error_x=0.037
[can] backend=detectnet_native no detections
[tag] backend=pupil_apriltags id=0 center=(172.3,134.4) error_x=0.038 yaw_deg=-37.49 height=21.3px height_norm=0.089 margin=40.21 distance=0.6064504079092308
[approach] target=bin mode=bbox_height bbox=0.089/0.26 bbox_ok=False depth_raw=n/a/0.26 depth_ok=False error_x=0.038
[can] backend=detectnet_native no detections
[tag] backend=pupil_apriltags id=0 center=(172.9,135.4) error_x=0.040 yaw_deg=-36.93 height=21.1px height_norm=0.088 margin=40.77 distance=0.6034814022247103
[approach] target=bin mode=bbox_height bbox=0.088/0.26 bbox_ok=False depth_raw=n/a/0.26 depth_ok=False error_x=0.040
[can] backend=detectnet_native no detections
[tag] backend=pupil_apriltags id=0 center=(173.5,135.7) error_x=0.042 yaw_deg=-35.51 height=21.9px height_norm=0.091 margin=40.06 distance=0.5848488196338972
[approach] target=bin mode=bbox_height bbox=0.091/0.26 bbox_ok=False depth_raw=n/a/0.26 depth_ok=False error_x=0.042
[can] backend=detectnet_native no detections
[tag] backend=pupil_apriltags id=0 center=(174.5,136.1) error_x=0.045 yaw_deg=-37.07 height=22.8px height_norm=0.095 margin=39.95 distance=0.5725037630078733
[approach] target=bin mode=bbox_height bbox=0.095/0.26 bbox_ok=False depth_raw=n/a/0.26 depth_ok=False error_x=0.045
[can] backend=detectnet_native no detections
[tag] backend=pupil_apriltags id=0 center=(175.3,137.3) error_x=0.048 yaw_deg=-35.21 height=23.0px height_norm=0.096 margin=38.61 distance=0.5708393498436573
[approach] target=bin mode=bbox_height bbox=0.096/0.26 bbox_ok=False depth_raw=n/a/0.26 depth_ok=False error_x=0.048
[can] backend=detectnet_native no detections
[tag] backend=pupil_apriltags id=0 center=(175.7,138.5) error_x=0.049 yaw_deg=-36.21 height=23.4px height_norm=0.098 margin=40.96 distance=0.5523995359331446
[approach] target=bin mode=bbox_height bbox=0.098/0.26 bbox_ok=False depth_raw=n/a/0.26 depth_ok=False error_x=0.049
[can] backend=detectnet_native no detections
[tag] backend=pupil_apriltags id=0 center=(176.3,139.0) error_x=0.051 yaw_deg=-36.92 height=24.7px height_norm=0.103 margin=39.19 distance=0.532785133419091
[approach] target=bin mode=bbox_height bbox=0.103/0.26 bbox_ok=False depth_raw=n/a/0.26 depth_ok=False error_x=0.051
[can] backend=detectnet_native no detections
[tag] backend=pupil_apriltags id=0 center=(177.5,140.1) error_x=0.055 yaw_deg=-37.58 height=25.0px height_norm=0.104 margin=41.41 distance=0.520037435768477
[approach] target=bin mode=bbox_height bbox=0.104/0.26 bbox_ok=False depth_raw=n/a/0.26 depth_ok=False error_x=0.055
[can] backend=detectnet_native no detections
[tag] backend=pupil_apriltags id=0 center=(178.3,141.2) error_x=0.057 yaw_deg=-36.03 height=25.0px height_norm=0.104 margin=38.77 distance=0.5202876262507511
[approach] target=bin mode=bbox_height bbox=0.104/0.26 bbox_ok=False depth_raw=n/a/0.26 depth_ok=False error_x=0.057
[can] backend=detectnet_native no detections
[tag] backend=pupil_apriltags id=0 center=(179.0,141.8) error_x=0.059 yaw_deg=-37.29 height=26.2px height_norm=0.109 margin=40.05 distance=0.4983668650726172
[approach] target=bin mode=bbox_height bbox=0.109/0.26 bbox_ok=False depth_raw=n/a/0.26 depth_ok=False error_x=0.059
[can] backend=detectnet_native no detections
[tag] backend=pupil_apriltags id=0 center=(179.8,142.6) error_x=0.062 yaw_deg=-37.63 height=27.1px height_norm=0.113 margin=41.54 distance=0.48784448191529883
[approach] target=bin mode=bbox_height bbox=0.113/0.26 bbox_ok=False depth_raw=n/a/0.26 depth_ok=False error_x=0.062
[can] backend=detectnet_native no detections
[tag] backend=pupil_apriltags id=0 center=(181.1,143.8) error_x=0.066 yaw_deg=-36.69 height=27.5px height_norm=0.114 margin=42.17 distance=0.4792560326549653
[approach] target=bin mode=bbox_height bbox=0.114/0.26 bbox_ok=False depth_raw=n/a/0.26 depth_ok=False error_x=0.066
[can] backend=detectnet_native no detections
[tag] backend=pupil_apriltags id=0 center=(182.6,144.8) error_x=0.071 yaw_deg=-37.52 height=28.3px height_norm=0.118 margin=41.66 distance=0.4657042692685041
[approach] target=bin mode=bbox_height bbox=0.118/0.26 bbox_ok=False depth_raw=n/a/0.26 depth_ok=False error_x=0.071
[can] backend=detectnet_native no detections
[tag] backend=pupil_apriltags id=0 center=(183.5,145.6) error_x=0.073 yaw_deg=-37.42 height=29.1px height_norm=0.121 margin=41.16 distance=0.4543529725592549
[approach] target=bin mode=bbox_height bbox=0.121/0.26 bbox_ok=False depth_raw=n/a/0.26 depth_ok=False error_x=0.073
[can] backend=detectnet_native no detections
[tag] backend=pupil_apriltags id=0 center=(184.1,146.6) error_x=0.075 yaw_deg=-37.64 height=30.1px height_norm=0.125 margin=41.37 distance=0.43959772003138553
[approach] target=bin mode=bbox_height bbox=0.125/0.26 bbox_ok=False depth_raw=n/a/0.26 depth_ok=False error_x=0.075
[can] backend=detectnet_native no detections
[tag] backend=pupil_apriltags id=0 center=(185.7,147.4) error_x=0.080 yaw_deg=-38.1 height=31.1px height_norm=0.129 margin=41.48 distance=0.43099007042219223
[approach] target=bin mode=bbox_height bbox=0.129/0.26 bbox_ok=False depth_raw=n/a/0.26 depth_ok=False error_x=0.080
[can] backend=detectnet_native no detections
[tag] backend=pupil_apriltags id=0 center=(187.0,148.9) error_x=0.084 yaw_deg=-37.67 height=31.5px height_norm=0.131 margin=41.00 distance=0.42076415074960666
[approach] target=bin mode=bbox_height bbox=0.131/0.26 bbox_ok=False depth_raw=n/a/0.26 depth_ok=False error_x=0.084
[can] backend=detectnet_native no detections
[tag] backend=pupil_apriltags id=0 center=(187.7,150.2) error_x=0.087 yaw_deg=-38.48 height=33.1px height_norm=0.138 margin=40.18 distance=0.40657364212137226
[approach] target=bin mode=bbox_height bbox=0.138/0.26 bbox_ok=False depth_raw=n/a/0.26 depth_ok=False error_x=0.087
[can] backend=detectnet_native no detections
[tag] backend=pupil_apriltags id=0 center=(189.5,151.0) error_x=0.092 yaw_deg=-38.37 height=33.9px height_norm=0.141 margin=40.52 distance=0.3957465838138216
[approach] target=bin mode=bbox_height bbox=0.141/0.26 bbox_ok=False depth_raw=n/a/0.26 depth_ok=False error_x=0.092
[can] backend=detectnet_native no detections
[tag] backend=pupil_apriltags id=0 center=(191.4,152.9) error_x=0.098 yaw_deg=-38.45 height=34.8px height_norm=0.145 margin=40.98 distance=0.3865970691514012
[approach] target=bin mode=bbox_height bbox=0.145/0.26 bbox_ok=False depth_raw=n/a/0.26 depth_ok=False error_x=0.098
[can] backend=detectnet_native no detections
[tag] backend=pupil_apriltags id=0 center=(192.7,154.7) error_x=0.102 yaw_deg=-39.17 height=35.9px height_norm=0.150 margin=40.40 distance=0.3756194478956464
[approach] target=bin mode=bbox_height bbox=0.150/0.26 bbox_ok=False depth_raw=n/a/0.26 depth_ok=False error_x=0.102
[map] motion direction=forward speed=0.6 effective_seconds=3.422049045562744 pose={'x_m': -0.42373337197476957, 'y_m': -0.05993518679140297, 'heading_rad': 3.117558276137774}
[base] continuous stop label=approach_bin_forward elapsed=3.422s
[base] stop
[base] continuous start label=approach_bin_steer direction=right requested_speed=0.15 effective_speed=0.15
[visual-turn] label=approach_bin_steer direction=right speed=0.15
[can] backend=detectnet_native no detections
[tag] backend=pupil_apriltags id=0 center=(195.4,156.9) error_x=0.111 yaw_deg=-39.92 height=38.2px height_norm=0.159 margin=40.40 distance=0.35735858079814653
[approach] target=bin mode=bbox_height bbox=0.159/0.26 bbox_ok=False depth_raw=n/a/0.26 depth_ok=False error_x=0.111
[can] backend=detectnet_native no detections
[tag] backend=pupil_apriltags id=0 center=(197.3,158.7) error_x=0.116 yaw_deg=-39.49 height=38.9px height_norm=0.162 margin=41.07 distance=0.3499989713565215
[approach] target=bin mode=bbox_height bbox=0.162/0.26 bbox_ok=False depth_raw=n/a/0.26 depth_ok=False error_x=0.116
[can] backend=detectnet_native no detections
[tag] backend=pupil_apriltags id=0 center=(197.8,158.4) error_x=0.118 yaw_deg=-39.5 height=39.6px height_norm=0.165 margin=41.00 distance=0.345659099292763
[approach] target=bin mode=bbox_height bbox=0.165/0.26 bbox_ok=False depth_raw=n/a/0.26 depth_ok=False error_x=0.118
[can] backend=detectnet_native no detections
[tag] backend=pupil_apriltags id=0 center=(197.2,158.9) error_x=0.116 yaw_deg=-39.97 height=39.6px height_norm=0.165 margin=41.47 distance=0.3449219682459899
[approach] target=bin mode=bbox_height bbox=0.165/0.26 bbox_ok=False depth_raw=n/a/0.26 depth_ok=False error_x=0.116
[can] backend=detectnet_native no detections
[tag] backend=pupil_apriltags id=0 center=(196.6,158.5) error_x=0.114 yaw_deg=-40.17 height=39.4px height_norm=0.164 margin=40.77 distance=0.3464682530513746
[approach] target=bin mode=bbox_height bbox=0.164/0.26 bbox_ok=False depth_raw=n/a/0.26 depth_ok=False error_x=0.114
[can] backend=detectnet_native no detections
[tag] backend=pupil_apriltags id=0 center=(193.8,158.3) error_x=0.106 yaw_deg=-40.43 height=39.3px height_norm=0.164 margin=40.07 distance=0.34663946795512013
[approach] target=bin mode=bbox_height bbox=0.164/0.26 bbox_ok=False depth_raw=n/a/0.26 depth_ok=False error_x=0.106
[can] backend=detectnet_native no detections
[tag] backend=pupil_apriltags id=0 center=(190.7,158.3) error_x=0.096 yaw_deg=-40.18 height=39.6px height_norm=0.165 margin=40.24 distance=0.34562734165828035
[approach] target=bin mode=bbox_height bbox=0.165/0.26 bbox_ok=False depth_raw=n/a/0.26 depth_ok=False error_x=0.096
[map] motion direction=right speed=0.15 effective_seconds=0.4705948829650879 pose={'x_m': -0.42373337197476957, 'y_m': -0.05993518679140297, 'heading_rad': -3.0834927295340258}
[base] continuous stop label=approach_bin_steer elapsed=0.471s
[base] stop
[base] continuous start label=approach_bin_forward direction=forward requested_speed=0.6 effective_speed=0.6
[can] backend=detectnet_native no detections
[tag] backend=pupil_apriltags id=0 center=(186.3,158.2) error_x=0.082 yaw_deg=-40.62 height=39.5px height_norm=0.164 margin=41.56 distance=0.34631656053744164
[approach] target=bin mode=bbox_height bbox=0.164/0.26 bbox_ok=False depth_raw=n/a/0.26 depth_ok=False error_x=0.082
[can] backend=detectnet_native no detections
[tag] backend=pupil_apriltags id=0 center=(183.3,158.4) error_x=0.073 yaw_deg=-40.59 height=39.8px height_norm=0.166 margin=41.24 distance=0.344537291849665
[approach] target=bin mode=bbox_height bbox=0.166/0.26 bbox_ok=False depth_raw=n/a/0.26 depth_ok=False error_x=0.073
[can] backend=detectnet_native no detections
[tag] backend=pupil_apriltags id=0 center=(181.3,159.7) error_x=0.066 yaw_deg=-40.46 height=40.8px height_norm=0.170 margin=41.87 distance=0.3366353286713045
[approach] target=bin mode=bbox_height bbox=0.170/0.26 bbox_ok=False depth_raw=n/a/0.26 depth_ok=False error_x=0.066
[can] backend=detectnet_native no detections
[tag] backend=pupil_apriltags id=0 center=(181.5,161.6) error_x=0.067 yaw_deg=-40.34 height=42.2px height_norm=0.176 margin=41.64 distance=0.3287940781743437
[approach] target=bin mode=bbox_height bbox=0.176/0.26 bbox_ok=False depth_raw=n/a/0.26 depth_ok=False error_x=0.067
[can] backend=detectnet_native no detections
[tag] backend=pupil_apriltags id=0 center=(182.8,164.0) error_x=0.071 yaw_deg=-40.55 height=43.7px height_norm=0.182 margin=42.03 distance=0.31866782034986935
[approach] target=bin mode=bbox_height bbox=0.182/0.26 bbox_ok=False depth_raw=n/a/0.26 depth_ok=False error_x=0.071
[can] backend=detectnet_native no detections
[tag] backend=pupil_apriltags id=0 center=(184.4,165.7) error_x=0.076 yaw_deg=-41.22 height=45.4px height_norm=0.189 margin=42.09 distance=0.30755923797699064
[approach] target=bin mode=bbox_height bbox=0.189/0.26 bbox_ok=False depth_raw=n/a/0.26 depth_ok=False error_x=0.076
[can] backend=detectnet_native no detections
[tag] backend=pupil_apriltags id=0 center=(185.1,168.6) error_x=0.078 yaw_deg=-41.55 height=47.6px height_norm=0.198 margin=41.56 distance=0.29627348931707154
[approach] target=bin mode=bbox_height bbox=0.198/0.26 bbox_ok=False depth_raw=n/a/0.26 depth_ok=False error_x=0.078
[can] backend=detectnet_native no detections
[tag] backend=pupil_apriltags id=0 center=(186.4,171.6) error_x=0.082 yaw_deg=-41.54 height=49.8px height_norm=0.207 margin=41.96 distance=0.2843966523789926
[approach] target=bin mode=bbox_height bbox=0.207/0.26 bbox_ok=False depth_raw=n/a/0.26 depth_ok=False error_x=0.082
[can] backend=detectnet_native no detections
[tag] backend=pupil_apriltags id=0 center=(188.2,174.6) error_x=0.088 yaw_deg=-41.52 height=51.7px height_norm=0.215 margin=42.01 distance=0.2758403708952629
[approach] target=bin mode=bbox_height bbox=0.215/0.26 bbox_ok=False depth_raw=n/a/0.26 depth_ok=False error_x=0.088
[can] backend=detectnet_native no detections
[tag] backend=pupil_apriltags id=0 center=(190.0,177.5) error_x=0.094 yaw_deg=-41.9 height=53.9px height_norm=0.225 margin=40.97 distance=0.26633912164108114
[approach] target=bin mode=bbox_height bbox=0.225/0.26 bbox_ok=False depth_raw=n/a/0.26 depth_ok=False error_x=0.094
[can] backend=detectnet_native no detections
[tag] backend=pupil_apriltags id=0 center=(190.8,181.1) error_x=0.096 yaw_deg=-42.43 height=56.5px height_norm=0.235 margin=40.04 distance=0.2555806535058832
[approach] target=bin mode=bbox_height bbox=0.235/0.26 bbox_ok=False depth_raw=n/a/0.26 depth_ok=False error_x=0.096
[can] backend=detectnet_native no detections
[tag] backend=pupil_apriltags id=0 center=(192.3,185.5) error_x=0.101 yaw_deg=-42.69 height=59.9px height_norm=0.250 margin=41.46 distance=0.2427839257571548
[approach] target=bin mode=bbox_height bbox=0.250/0.26 bbox_ok=False depth_raw=n/a/0.26 depth_ok=False error_x=0.101
[map] motion direction=forward speed=0.6 effective_seconds=0.8120808601379395 pose={'x_m': -0.428625733962848, 'y_m': -0.14404641310803973, 'heading_rad': -3.0834927295340258}
[base] continuous stop label=approach_bin_forward elapsed=0.812s
[base] stop
[base] continuous start label=approach_bin_steer direction=right requested_speed=0.15 effective_speed=0.15
[visual-turn] label=approach_bin_steer direction=right speed=0.15
[can] backend=detectnet_native no detections
[tag] backend=pupil_apriltags id=0 center=(195.7,192.1) error_x=0.112 yaw_deg=-43.11 height=64.2px height_norm=0.267 margin=35.58 distance=0.22931863688132254
[approach] target=bin mode=bbox_height bbox=0.267/0.26 bbox_ok=True depth_raw=n/a/0.26 depth_ok=False error_x=0.112
[map] motion direction=right speed=0.15 effective_seconds=0.08304834365844727 pose={'x_m': -0.428625733962848, 'y_m': -0.14404641310803973, 'heading_rad': -3.068998059182348}
[base] continuous stop label=approach_bin_steer elapsed=0.083s
[base] stop
[fsm] APPROACHING --TARGET_REACHED--> FINAL_VERIFY
[can] backend=detectnet_native no detections
[tag] backend=pupil_apriltags id=0 center=(199.7,197.4) error_x=0.124 yaw_deg=-43.88 height=68.8px height_norm=0.287 margin=38.94 distance=0.21522513127865703
[base] continuous start label=align_bin direction=right requested_speed=0.15 effective_speed=0.15
[visual-turn] label=align_bin direction=right speed=0.15
[can] backend=detectnet_native no detections
[tag] backend=pupil_apriltags id=0 center=(201.3,198.7) error_x=0.129 yaw_deg=-43.77 height=69.1px height_norm=0.288 margin=40.63 distance=0.21353046265251624
[can] backend=detectnet_native no detections
[tag] backend=pupil_apriltags id=0 center=(201.1,197.8) error_x=0.128 yaw_deg=-43.94 height=69.2px height_norm=0.288 margin=41.44 distance=0.21331819221379794
[can] backend=detectnet_native no detections
[tag] backend=pupil_apriltags id=0 center=(200.3,197.7) error_x=0.126 yaw_deg=-43.79 height=68.7px height_norm=0.286 margin=40.38 distance=0.21464314920423352
[can] backend=detectnet_native no detections
[tag] backend=pupil_apriltags id=0 center=(198.3,197.5) error_x=0.120 yaw_deg=-43.71 height=68.5px height_norm=0.285 margin=39.85 distance=0.21557941833499114
[can] backend=detectnet_native no detections
[tag] backend=pupil_apriltags id=0 center=(195.4,197.3) error_x=0.111 yaw_deg=-43.52 height=68.1px height_norm=0.284 margin=38.20 distance=0.2172498703769443
[can] backend=detectnet_native no detections
[tag] backend=pupil_apriltags id=0 center=(192.0,197.3) error_x=0.100 yaw_deg=-43.42 height=68.3px height_norm=0.285 margin=40.80 distance=0.21664812119053084
[can] backend=detectnet_native no detections
[tag] backend=pupil_apriltags id=0 center=(190.3,197.4) error_x=0.095 yaw_deg=-43.67 height=68.5px height_norm=0.285 margin=39.47 distance=0.2161155237057655
[can] backend=detectnet_native no detections
[tag] backend=pupil_apriltags id=0 center=(186.4,197.3) error_x=0.082 yaw_deg=-43.15 height=68.3px height_norm=0.285 margin=39.68 distance=0.2176373589813786
[can] backend=detectnet_native no detections
[tag] backend=pupil_apriltags id=0 center=(182.3,197.3) error_x=0.070 yaw_deg=-43.39 height=68.6px height_norm=0.286 margin=40.72 distance=0.21704888929129917
[map] motion direction=right speed=0.15 effective_seconds=0.6160247325897217 pose={'x_m': -0.428625733962848, 'y_m': -0.14404641310803973, 'heading_rad': -2.9614814606082582}
[base] continuous stop label=align_bin elapsed=0.616s
[base] stop
[can] backend=detectnet_native no detections
[tag] backend=pupil_apriltags id=0 center=(176.0,197.2) error_x=0.050 yaw_deg=-43.12 height=68.9px height_norm=0.287 margin=41.33 distance=0.21709804454683115
[base] stop
[fsm] FINAL_VERIFY --SIDE_DOCK_REQUIRED--> BIN_SIDE_DOCKING
[base] stop
[exp2] phase=side_view_pose base_direction=left reference_base_angle_deg=90.00 servo1_fixed=70
[arm] pose side_view_grabbing
[arm] side_view_grabbing servo=5 angle=0 speed=85
[arm] side_view_grabbing servo=4 angle=-55 speed=85
[arm] side_view_grabbing servo=3 angle=45 speed=85
[arm] side_view_grabbing servo=2 angle=60 speed=85
[arm] side_view_grabbing servo=1 angle=70 speed=85
[arm-position] side_view_grabbing waiting for motion to settle servos=[1, 2, 3, 4, 5] stability_delta=3 min_wait=0.5 timeout=10.0 stable_samples=2
[arm-position] side_view_grabbing waiting positions={1: 509, 2: 804, 3: 717, 4: 274, 5: 508} movement={} read_errors=[]
[arm-position] side_view_grabbing waiting positions={1: 522, 2: 804, 3: 717, 4: 274, 5: 509} movement={1: 13, 2: 0, 3: 0, 4: 0, 5: 1} read_errors=[]
[arm-position] side_view_grabbing waiting positions={1: 535, 2: 804, 3: 717, 4: 274, 5: 509} movement={1: 13, 2: 0, 3: 0, 4: 0, 5: 0} read_errors=[]
[arm-position] side_view_grabbing waiting positions={1: 548, 2: 804, 3: 717, 4: 274, 5: 509} movement={1: 13, 2: 0, 3: 0, 4: 0, 5: 0} read_errors=[]
[arm-position] side_view_grabbing waiting positions={1: 560, 2: 804, 3: 717, 4: 274, 5: 509} movement={1: 12, 2: 0, 3: 0, 4: 0, 5: 0} read_errors=[]
[arm-position] side_view_grabbing waiting positions={1: 573, 2: 804, 3: 717, 4: 274, 5: 509} movement={1: 13, 2: 0, 3: 0, 4: 0, 5: 0} read_errors=[]
[arm-position] side_view_grabbing waiting positions={1: 587, 2: 804, 3: 717, 4: 274, 5: 509} movement={1: 14, 2: 0, 3: 0, 4: 0, 5: 0} read_errors=[]
[arm-position] side_view_grabbing waiting positions={1: 599, 2: 804, 3: 717, 4: 274, 5: 509} movement={1: 12, 2: 0, 3: 0, 4: 0, 5: 0} read_errors=[]
[arm-position] side_view_grabbing waiting positions={1: 614, 2: 804, 3: 717, 4: 274, 5: 509} movement={1: 15, 2: 0, 3: 0, 4: 0, 5: 0} read_errors=[]
[arm-position] side_view_grabbing waiting positions={1: 627, 2: 804, 3: 717, 4: 274, 5: 509} movement={1: 13, 2: 0, 3: 0, 4: 0, 5: 0} read_errors=[]
[arm-position] side_view_grabbing waiting positions={1: 640, 2: 804, 3: 717, 4: 274, 5: 508} movement={1: 13, 2: 0, 3: 0, 4: 0, 5: 1} read_errors=[]
[arm-position] side_view_grabbing waiting positions={1: 653, 2: 804, 3: 717, 4: 274, 5: 509} movement={1: 13, 2: 0, 3: 0, 4: 0, 5: 1} read_errors=[]
[arm-position] side_view_grabbing waiting positions={1: 665, 2: 804, 3: 717, 4: 274, 5: 509} movement={1: 12, 2: 0, 3: 0, 4: 0, 5: 0} read_errors=[]
[arm-position] side_view_grabbing waiting positions={1: 679, 2: 804, 3: 717, 4: 274, 5: 509} movement={1: 14, 2: 0, 3: 0, 4: 0, 5: 0} read_errors=[]
[arm-position] side_view_grabbing waiting positions={1: 693, 2: 804, 3: 717, 4: 274, 5: 509} movement={1: 14, 2: 0, 3: 0, 4: 0, 5: 0} read_errors=[]
[arm-position] side_view_grabbing waiting positions={1: 704, 2: 804, 3: 717, 4: 274, 5: 509} movement={1: 11, 2: 0, 3: 0, 4: 0, 5: 0} read_errors=[]
[arm-position] side_view_grabbing waiting positions={1: 718, 2: 804, 3: 717, 4: 274, 5: 508} movement={1: 14, 2: 0, 3: 0, 4: 0, 5: 1} read_errors=[]
[arm-position] side_view_grabbing waiting positions={1: 733, 2: 804, 3: 717, 4: 274, 5: 509} movement={1: 15, 2: 0, 3: 0, 4: 0, 5: 1} read_errors=[]
[arm-position] side_view_grabbing waiting positions={1: 744, 2: 804, 3: 717, 4: 274, 5: 508} movement={1: 11, 2: 0, 3: 0, 4: 0, 5: 1} read_errors=[]
[arm-position] side_view_grabbing waiting positions={1: 757, 2: 804, 3: 717, 4: 274, 5: 509} movement={1: 13, 2: 0, 3: 0, 4: 0, 5: 1} read_errors=[]
[arm-position] side_view_grabbing waiting positions={1: 770, 2: 804, 3: 717, 4: 274, 5: 509} movement={1: 13, 2: 0, 3: 0, 4: 0, 5: 0} read_errors=[]
[arm-position] side_view_grabbing waiting positions={1: 784, 2: 804, 3: 717, 4: 274, 5: 508} movement={1: 14, 2: 0, 3: 0, 4: 0, 5: 1} read_errors=[]
[arm-position] side_view_grabbing waiting positions={1: 796, 2: 804, 3: 717, 4: 274, 5: 508} movement={1: 12, 2: 0, 3: 0, 4: 0, 5: 0} read_errors=[]
[arm-position] side_view_grabbing waiting positions={1: 810, 2: 804, 3: 717, 4: 274, 5: 508} movement={1: 14, 2: 0, 3: 0, 4: 0, 5: 0} read_errors=[]
[arm-position] side_view_grabbing waiting positions={1: 823, 2: 804, 3: 717, 4: 274, 5: 508} movement={1: 13, 2: 0, 3: 0, 4: 0, 5: 0} read_errors=[]
[arm-position] side_view_grabbing waiting positions={1: 836, 2: 804, 3: 717, 4: 274, 5: 508} movement={1: 13, 2: 0, 3: 0, 4: 0, 5: 0} read_errors=[]
[arm-position] side_view_grabbing settled positions={1: 837, 2: 804, 3: 717, 4: 274, 5: 508} movement={1: 0, 2: 0, 3: 0, 4: 0, 5: 0} elapsed=4.18s
[base] exp2_side_entry_turn direction=left requested_speed=0.15 effective_speed=0.15 seconds=10.4
[map] motion direction=left speed=0.15 effective_seconds=10.4 pose={'x_m': -0.428625733962848, 'y_m': -0.14404641310803973, 'heading_rad': 1.7509075197763284}
[exp2] side entry direction=left angle_deg=90.00 speed=0.15 seconds=10.400
[exp2] phase=camera_settle seconds=0.40 discard_frames=3
[base] stop
[base] stop
[base] stop
[base] stop
[base] stop
[base] stop
[base] stop
[base] stop
[base] stop
[base] stop
[base] stop
[base] stop
[base] stop
[base] stop
[base] stop
[base] stop
[base] stop
[base] stop
[base] stop
[exp2] phase=geometry_alignment_ready
[tag] backend=pupil_apriltags id=0 center=(155.3,186.0) error_x=-0.015 yaw_deg=-57.16 height=72.2px height_norm=0.301 margin=43.91 distance=0.22338240060823208
[exp2] phase=continuous_yaw center_error=-0.015 raw_yaw_deg=-57.16 calibrated_yaw_deg=-57.16 target_yaw_deg=0.00 yaw_source=calibrated_pnp corner_error_deg=46.41 height_norm=0.301
[base] stop
[exp2] continuous x guard preempted yaw error=-0.015 limit=0.012; camera_settle_seconds=0.200
[base] stop
[base] stop
[base] stop
[base] stop
[base] stop
[base] stop
[base] stop
[base] stop
[base] stop
[tag] backend=pupil_apriltags id=0 center=(155.3,186.0) error_x=-0.015 yaw_deg=-57.11 height=72.2px height_norm=0.301 margin=43.62 distance=0.2235486365626814
[exp2] phase=continuous_center center_error=-0.015 raw_yaw_deg=-57.11 calibrated_yaw_deg=-57.11 target_yaw_deg=0.00 yaw_source=calibrated_pnp corner_error_deg=46.28 height_norm=0.301
[base] continuous start label=exp2_center_align direction=forward requested_speed=0.2 effective_speed=0.2
[exp2] continuous center correction direction=forward
[tag] backend=pupil_apriltags id=0 center=(155.3,186.0) error_x=-0.015 yaw_deg=-57.11 height=72.3px height_norm=0.301 margin=43.48 distance=0.223518492607114
[exp2] phase=continuous_center center_error=-0.015 raw_yaw_deg=-57.11 calibrated_yaw_deg=-57.11 target_yaw_deg=0.00 yaw_source=calibrated_pnp corner_error_deg=46.20 height_norm=0.301
[exp2] continuous center correction direction=forward
[tag] backend=pupil_apriltags id=0 center=(155.5,185.9) error_x=-0.014 yaw_deg=-57.31 height=72.4px height_norm=0.301 margin=43.79 distance=0.22365000641235924
[exp2] phase=continuous_center center_error=-0.014 raw_yaw_deg=-57.31 calibrated_yaw_deg=-57.31 target_yaw_deg=0.00 yaw_source=calibrated_pnp corner_error_deg=46.39 height_norm=0.301
[exp2] continuous center correction direction=forward
[tag] backend=pupil_apriltags id=0 center=(156.5,185.9) error_x=-0.011 yaw_deg=-57.78 height=72.7px height_norm=0.303 margin=43.49 distance=0.22296525577098134
[exp2] phase=continuous_center center_error=-0.011 raw_yaw_deg=-57.78 calibrated_yaw_deg=-57.78 target_yaw_deg=0.00 yaw_source=calibrated_pnp corner_error_deg=47.41 height_norm=0.303
[map] motion direction=forward speed=0.2 effective_seconds=0.15144109725952148 pose={'x_m': -0.4237835149989885, 'y_m': -0.14492810567310163, 'heading_rad': 1.7509075197763284}
[base] continuous stop label=exp2_center_align elapsed=0.151s
[base] stop
[exp2] center accepted; switching to yaw after 0.200s
[base] stop
[base] stop
[base] stop
[base] stop
[base] stop
[base] stop
[base] stop
[base] stop
[base] stop
[tag] backend=pupil_apriltags id=0 center=(160.9,185.9) error_x=0.003 yaw_deg=-58.07 height=72.6px height_norm=0.302 margin=44.10 distance=0.22350610859419953
[exp2] phase=continuous_yaw center_error=0.003 raw_yaw_deg=-58.07 calibrated_yaw_deg=-58.07 target_yaw_deg=0.00 yaw_source=calibrated_pnp corner_error_deg=47.97 height_norm=0.302
[base] continuous start label=exp2_yaw_align direction=left requested_speed=0.15 effective_speed=0.15
[exp2] continuous yaw correction direction=left
[tag] backend=pupil_apriltags id=0 center=(160.9,185.9) error_x=0.003 yaw_deg=-58.05 height=72.5px height_norm=0.302 margin=43.03 distance=0.22365414997532296
[exp2] phase=continuous_yaw center_error=0.003 raw_yaw_deg=-58.05 calibrated_yaw_deg=-58.05 target_yaw_deg=0.00 yaw_source=calibrated_pnp corner_error_deg=47.97 height_norm=0.302
[exp2] continuous yaw correction direction=left
[tag] backend=pupil_apriltags id=0 center=(161.0,185.8) error_x=0.003 yaw_deg=-58.19 height=72.6px height_norm=0.303 margin=43.56 distance=0.2231145857961343
[exp2] phase=continuous_yaw center_error=0.003 raw_yaw_deg=-58.19 calibrated_yaw_deg=-58.19 target_yaw_deg=0.00 yaw_source=calibrated_pnp corner_error_deg=48.24 height_norm=0.303
[exp2] continuous yaw correction direction=left
[tag] backend=pupil_apriltags id=0 center=(162.5,185.8) error_x=0.008 yaw_deg=-58.3 height=71.9px height_norm=0.300 margin=44.24 distance=0.22438895346468263
[exp2] phase=continuous_yaw center_error=0.008 raw_yaw_deg=-58.3 calibrated_yaw_deg=-58.3 target_yaw_deg=0.00 yaw_source=calibrated_pnp corner_error_deg=48.87 height_norm=0.300
[exp2] continuous yaw correction direction=left
[tag] backend=pupil_apriltags id=0 center=(163.7,185.9) error_x=0.012 yaw_deg=-58.5 height=71.9px height_norm=0.300 margin=43.99 distance=0.22411281657534873
[exp2] phase=continuous_yaw center_error=0.012 raw_yaw_deg=-58.5 calibrated_yaw_deg=-58.5 target_yaw_deg=0.00 yaw_source=calibrated_pnp corner_error_deg=48.51 height_norm=0.300
[exp2] continuous yaw correction direction=left
[tag] backend=pupil_apriltags id=0 center=(164.8,185.6) error_x=0.015 yaw_deg=-58.34 height=71.9px height_norm=0.299 margin=43.23 distance=0.2245741857864311
[exp2] phase=continuous_yaw center_error=0.015 raw_yaw_deg=-58.34 calibrated_yaw_deg=-58.34 target_yaw_deg=0.00 yaw_source=calibrated_pnp corner_error_deg=49.00 height_norm=0.299
[map] motion direction=left speed=0.15 effective_seconds=0.24734258651733398 pose={'x_m': -0.4237835149989885, 'y_m': -0.14492810567310163, 'heading_rad': 1.7135493633954244}
[base] continuous stop label=exp2_yaw_align elapsed=0.247s
[base] stop
[exp2] continuous x guard preempted yaw error=0.015 limit=0.012; camera_settle_seconds=0.200
[base] stop
[base] stop
[base] stop
[base] stop
[base] stop
[base] stop
[base] stop
[base] stop
[base] stop
[tag] backend=pupil_apriltags id=0 center=(168.5,185.1) error_x=0.026 yaw_deg=-58.38 height=71.9px height_norm=0.299 margin=44.43 distance=0.22428504038853994
[exp2] phase=continuous_center center_error=0.026 raw_yaw_deg=-58.38 calibrated_yaw_deg=-58.38 target_yaw_deg=0.00 yaw_source=calibrated_pnp corner_error_deg=49.92 height_norm=0.299
[base] continuous start label=exp2_center_align direction=backward requested_speed=0.2 effective_speed=0.2
[exp2] continuous center correction direction=backward
[tag] backend=pupil_apriltags id=0 center=(168.5,185.0) error_x=0.027 yaw_deg=-58.36 height=71.9px height_norm=0.300 margin=44.04 distance=0.22428325403712715
[exp2] phase=continuous_center center_error=0.027 raw_yaw_deg=-58.36 calibrated_yaw_deg=-58.36 target_yaw_deg=0.00 yaw_source=calibrated_pnp corner_error_deg=49.83 height_norm=0.300
[exp2] continuous center correction direction=backward
[tag] backend=pupil_apriltags id=0 center=(168.5,185.1) error_x=0.027 yaw_deg=-58.33 height=71.8px height_norm=0.299 margin=44.08 distance=0.22411971352947035
[exp2] phase=continuous_center center_error=0.027 raw_yaw_deg=-58.33 calibrated_yaw_deg=-58.33 target_yaw_deg=0.00 yaw_source=calibrated_pnp corner_error_deg=49.84 height_norm=0.299
[exp2] continuous center correction direction=backward
[tag] backend=pupil_apriltags id=0 center=(166.8,184.9) error_x=0.021 yaw_deg=-58.41 height=72.1px height_norm=0.300 margin=43.36 distance=0.22283685991219362
[exp2] phase=continuous_center center_error=0.021 raw_yaw_deg=-58.41 calibrated_yaw_deg=-58.41 target_yaw_deg=0.00 yaw_source=calibrated_pnp corner_error_deg=49.06 height_norm=0.300
[exp2] continuous center correction direction=backward
[tag] backend=pupil_apriltags id=0 center=(165.0,185.0) error_x=0.016 yaw_deg=-58.02 height=71.8px height_norm=0.299 margin=43.45 distance=0.22415964683811468
[exp2] phase=continuous_center center_error=0.016 raw_yaw_deg=-58.02 calibrated_yaw_deg=-58.02 target_yaw_deg=0.00 yaw_source=calibrated_pnp corner_error_deg=48.51 height_norm=0.299
[exp2] continuous center correction direction=backward
[tag] backend=pupil_apriltags id=0 center=(163.5,185.0) error_x=0.011 yaw_deg=-57.66 height=71.9px height_norm=0.299 margin=43.45 distance=0.2236061294379678
[exp2] phase=continuous_center center_error=0.011 raw_yaw_deg=-57.66 calibrated_yaw_deg=-57.66 target_yaw_deg=0.00 yaw_source=calibrated_pnp corner_error_deg=48.06 height_norm=0.299
[map] motion direction=backward speed=0.2 effective_seconds=0.24801945686340332 pose={'x_m': -0.43176215521443, 'y_m': -0.14378133012263852, 'heading_rad': 1.7135493633954244}
[base] continuous stop label=exp2_center_align elapsed=0.248s
[base] stop
[exp2] center accepted; switching to yaw after 0.200s
[base] stop
[base] stop
[base] stop
[base] stop
[base] stop
[base] stop
[base] stop
[base] stop
[base] stop
[tag] backend=pupil_apriltags id=0 center=(158.4,185.2) error_x=-0.005 yaw_deg=-56.56 height=71.5px height_norm=0.298 margin=43.92 distance=0.2242646369153162
[exp2] phase=continuous_yaw center_error=-0.005 raw_yaw_deg=-56.56 calibrated_yaw_deg=-56.56 target_yaw_deg=0.00 yaw_source=calibrated_pnp corner_error_deg=46.30 height_norm=0.298
[base] continuous start label=exp2_yaw_align direction=left requested_speed=0.15 effective_speed=0.15
[exp2] continuous yaw correction direction=left
[tag] backend=pupil_apriltags id=0 center=(158.4,185.1) error_x=-0.005 yaw_deg=-56.52 height=71.5px height_norm=0.298 margin=44.00 distance=0.2243682795115398
[exp2] phase=continuous_yaw center_error=-0.005 raw_yaw_deg=-56.52 calibrated_yaw_deg=-56.52 target_yaw_deg=0.00 yaw_source=calibrated_pnp corner_error_deg=45.94 height_norm=0.298
[exp2] continuous yaw correction direction=left
[tag] backend=pupil_apriltags id=0 center=(158.4,185.1) error_x=-0.005 yaw_deg=-56.52 height=71.6px height_norm=0.298 margin=44.09 distance=0.22435572248399666
[exp2] phase=continuous_yaw center_error=-0.005 raw_yaw_deg=-56.52 calibrated_yaw_deg=-56.52 target_yaw_deg=0.00 yaw_source=calibrated_pnp corner_error_deg=45.84 height_norm=0.298
[exp2] continuous yaw correction direction=left
[tag] backend=pupil_apriltags id=0 center=(159.8,185.6) error_x=-0.001 yaw_deg=-56.66 height=71.1px height_norm=0.296 margin=43.80 distance=0.22525852987163134
[exp2] phase=continuous_yaw center_error=-0.001 raw_yaw_deg=-56.66 calibrated_yaw_deg=-56.66 target_yaw_deg=0.00 yaw_source=calibrated_pnp corner_error_deg=45.65 height_norm=0.296
[exp2] continuous yaw correction direction=left
[tag] backend=pupil_apriltags id=0 center=(160.8,185.3) error_x=0.003 yaw_deg=-56.64 height=71.1px height_norm=0.296 margin=43.83 distance=0.22558500926186084
[exp2] phase=continuous_yaw center_error=0.003 raw_yaw_deg=-56.64 calibrated_yaw_deg=-56.64 target_yaw_deg=0.00 yaw_source=calibrated_pnp corner_error_deg=46.30 height_norm=0.296
[exp2] continuous yaw correction direction=left
[tag] backend=pupil_apriltags id=0 center=(162.1,185.2) error_x=0.007 yaw_deg=-56.75 height=70.9px height_norm=0.295 margin=44.04 distance=0.22579323220191247
[exp2] phase=continuous_yaw center_error=0.007 raw_yaw_deg=-56.75 calibrated_yaw_deg=-56.75 target_yaw_deg=0.00 yaw_source=calibrated_pnp corner_error_deg=46.54 height_norm=0.295
[exp2] continuous yaw correction direction=left
[tag] backend=pupil_apriltags id=0 center=(164.9,184.6) error_x=0.015 yaw_deg=-57.08 height=71.5px height_norm=0.298 margin=43.45 distance=0.22438856404992752
[exp2] phase=continuous_yaw center_error=0.015 raw_yaw_deg=-57.08 calibrated_yaw_deg=-57.08 target_yaw_deg=0.00 yaw_source=calibrated_pnp corner_error_deg=47.38 height_norm=0.298
[map] motion direction=left speed=0.15 effective_seconds=0.2953934669494629 pose={'x_m': -0.43176215521443, 'y_m': -0.14378133012263852, 'heading_rad': 1.6689336929297074}
[base] continuous stop label=exp2_yaw_align elapsed=0.295s
[base] stop
[exp2] continuous x guard preempted yaw error=0.015 limit=0.012; camera_settle_seconds=0.200
[base] stop
[base] stop
[base] stop
[base] stop
[base] stop
[base] stop
[base] stop
[base] stop
[base] stop
[tag] backend=pupil_apriltags id=0 center=(168.7,184.6) error_x=0.027 yaw_deg=-57.32 height=71.1px height_norm=0.296 margin=44.35 distance=0.22369501383328855
[exp2] phase=continuous_center center_error=0.027 raw_yaw_deg=-57.32 calibrated_yaw_deg=-57.32 target_yaw_deg=0.00 yaw_source=calibrated_pnp corner_error_deg=48.01 height_norm=0.296
[base] continuous start label=exp2_center_align direction=backward requested_speed=0.2 effective_speed=0.2
[exp2] continuous center correction direction=backward
[tag] backend=pupil_apriltags id=0 center=(168.7,184.6) error_x=0.027 yaw_deg=-57.36 height=71.1px height_norm=0.296 margin=44.17 distance=0.22372044351069933
[exp2] phase=continuous_center center_error=0.027 raw_yaw_deg=-57.36 calibrated_yaw_deg=-57.36 target_yaw_deg=0.00 yaw_source=calibrated_pnp corner_error_deg=47.95 height_norm=0.296
[exp2] continuous center correction direction=backward
[tag] backend=pupil_apriltags id=0 center=(168.1,184.2) error_x=0.025 yaw_deg=-56.73 height=70.6px height_norm=0.294 margin=44.14 distance=0.22592850560808805
[exp2] phase=continuous_center center_error=0.025 raw_yaw_deg=-56.73 calibrated_yaw_deg=-56.73 target_yaw_deg=0.00 yaw_source=calibrated_pnp corner_error_deg=48.11 height_norm=0.294
[exp2] continuous center correction direction=backward
[tag] backend=pupil_apriltags id=0 center=(167.0,184.5) error_x=0.022 yaw_deg=-56.87 height=71.1px height_norm=0.296 margin=43.82 distance=0.22433481341625908
[exp2] phase=continuous_center center_error=0.022 raw_yaw_deg=-56.87 calibrated_yaw_deg=-56.87 target_yaw_deg=0.00 yaw_source=calibrated_pnp corner_error_deg=47.84 height_norm=0.296
[exp2] continuous center correction direction=backward
[tag] backend=pupil_apriltags id=0 center=(165.8,184.5) error_x=0.018 yaw_deg=-56.35 height=70.7px height_norm=0.295 margin=43.76 distance=0.22530294855988178
[exp2] phase=continuous_center center_error=0.018 raw_yaw_deg=-56.35 calibrated_yaw_deg=-56.35 target_yaw_deg=0.00 yaw_source=calibrated_pnp corner_error_deg=47.39 height_norm=0.295
[exp2] continuous center correction direction=backward
[tag] backend=pupil_apriltags id=0 center=(164.0,184.4) error_x=0.012 yaw_deg=-56.02 height=70.8px height_norm=0.295 margin=44.32 distance=0.2252525018420494
[exp2] phase=continuous_center center_error=0.012 raw_yaw_deg=-56.02 calibrated_yaw_deg=-56.02 target_yaw_deg=0.00 yaw_source=calibrated_pnp corner_error_deg=46.55 height_norm=0.295
[exp2] continuous center correction direction=backward
[tag] backend=pupil_apriltags id=0 center=(162.4,184.4) error_x=0.008 yaw_deg=-55.84 height=70.8px height_norm=0.295 margin=43.33 distance=0.22502947603789322
[exp2] phase=continuous_center center_error=0.008 raw_yaw_deg=-55.84 calibrated_yaw_deg=-55.84 target_yaw_deg=0.00 yaw_source=calibrated_pnp corner_error_deg=45.89 height_norm=0.295
[map] motion direction=backward speed=0.2 effective_seconds=0.29908275604248047 pose={'x_m': -0.4414355750462165, 'y_m': -0.1428289467641237, 'heading_rad': 1.6689336929297074}
[base] continuous stop label=exp2_center_align elapsed=0.299s
[base] stop
[exp2] center accepted; switching to yaw after 0.200s
[base] stop
[base] stop
[base] stop
[base] stop
[base] stop
[base] stop
[base] stop
[base] stop
[base] stop
[tag] backend=pupil_apriltags id=0 center=(155.5,184.3) error_x=-0.014 yaw_deg=-54.34 height=70.8px height_norm=0.295 margin=43.19 distance=0.22547656251625253
[exp2] phase=continuous_yaw center_error=-0.014 raw_yaw_deg=-54.34 calibrated_yaw_deg=-54.34 target_yaw_deg=0.00 yaw_source=calibrated_pnp corner_error_deg=43.09 height_norm=0.295
[base] stop
[exp2] continuous x guard preempted yaw error=-0.014 limit=0.012; camera_settle_seconds=0.200
[base] stop
[base] stop
[base] stop
[base] stop
[base] stop
[base] stop
[base] stop
[base] stop
[base] stop
[tag] backend=pupil_apriltags id=0 center=(155.5,184.3) error_x=-0.014 yaw_deg=-54.29 height=70.8px height_norm=0.295 margin=43.98 distance=0.2253606521526952
[exp2] phase=continuous_center center_error=-0.014 raw_yaw_deg=-54.29 calibrated_yaw_deg=-54.29 target_yaw_deg=0.00 yaw_source=calibrated_pnp corner_error_deg=43.09 height_norm=0.295
[base] continuous start label=exp2_center_align direction=forward requested_speed=0.2 effective_speed=0.2
[exp2] continuous center correction direction=forward
[tag] backend=pupil_apriltags id=0 center=(155.5,184.3) error_x=-0.014 yaw_deg=-54.32 height=70.8px height_norm=0.295 margin=43.88 distance=0.225403655341168
[exp2] phase=continuous_center center_error=-0.014 raw_yaw_deg=-54.32 calibrated_yaw_deg=-54.32 target_yaw_deg=0.00 yaw_source=calibrated_pnp corner_error_deg=43.13 height_norm=0.295
[exp2] continuous center correction direction=forward
[tag] backend=pupil_apriltags id=0 center=(155.8,184.4) error_x=-0.013 yaw_deg=-54.27 height=70.5px height_norm=0.294 margin=44.06 distance=0.22638305837794329
[exp2] phase=continuous_center center_error=-0.013 raw_yaw_deg=-54.27 calibrated_yaw_deg=-54.27 target_yaw_deg=0.00 yaw_source=calibrated_pnp corner_error_deg=42.81 height_norm=0.294
[exp2] continuous center correction direction=forward
[tag] backend=pupil_apriltags id=0 center=(157.3,184.5) error_x=-0.008 yaw_deg=-54.81 height=70.5px height_norm=0.294 margin=43.88 distance=0.22627348945745854
[exp2] phase=continuous_center center_error=-0.008 raw_yaw_deg=-54.81 calibrated_yaw_deg=-54.81 target_yaw_deg=0.00 yaw_source=calibrated_pnp corner_error_deg=44.13 height_norm=0.294
[map] motion direction=forward speed=0.2 effective_seconds=0.16286039352416992 pose={'x_m': -0.43616807991752543, 'y_m': -0.14334755081407288, 'heading_rad': 1.6689336929297074}
[base] continuous stop label=exp2_center_align elapsed=0.163s
[base] stop
[exp2] center accepted; switching to yaw after 0.200s
[base] stop
[base] stop
[base] stop
[base] stop
[base] stop
[base] stop
[base] stop
[base] stop
[base] stop
[tag] backend=pupil_apriltags id=0 center=(161.9,184.3) error_x=0.006 yaw_deg=-55.5 height=71.0px height_norm=0.296 margin=43.69 distance=0.22516264200992095
[exp2] phase=continuous_yaw center_error=0.006 raw_yaw_deg=-55.5 calibrated_yaw_deg=-55.5 target_yaw_deg=0.00 yaw_source=calibrated_pnp corner_error_deg=45.72 height_norm=0.296
[base] continuous start label=exp2_yaw_align direction=left requested_speed=0.15 effective_speed=0.15
[exp2] continuous yaw correction direction=left
[tag] backend=pupil_apriltags id=0 center=(161.9,184.3) error_x=0.006 yaw_deg=-55.54 height=71.0px height_norm=0.296 margin=43.59 distance=0.2250275858252444
[exp2] phase=continuous_yaw center_error=0.006 raw_yaw_deg=-55.54 calibrated_yaw_deg=-55.54 target_yaw_deg=0.00 yaw_source=calibrated_pnp corner_error_deg=45.85 height_norm=0.296
[exp2] continuous yaw correction direction=left
[tag] backend=pupil_apriltags id=0 center=(162.2,184.3) error_x=0.007 yaw_deg=-55.65 height=71.0px height_norm=0.296 margin=44.24 distance=0.22474672886646901
[exp2] phase=continuous_yaw center_error=0.007 raw_yaw_deg=-55.65 calibrated_yaw_deg=-55.65 target_yaw_deg=0.00 yaw_source=calibrated_pnp corner_error_deg=45.37 height_norm=0.296
[exp2] continuous yaw correction direction=left
[tag] backend=pupil_apriltags id=0 center=(162.9,184.5) error_x=0.009 yaw_deg=-55.95 height=71.0px height_norm=0.296 margin=44.04 distance=0.22473562494073762
[exp2] phase=continuous_yaw center_error=0.009 raw_yaw_deg=-55.95 calibrated_yaw_deg=-55.95 target_yaw_deg=0.00 yaw_source=calibrated_pnp corner_error_deg=45.83 height_norm=0.296
[exp2] continuous yaw correction direction=left
[tag] backend=pupil_apriltags id=0 center=(164.8,184.4) error_x=0.015 yaw_deg=-56.21 height=70.6px height_norm=0.294 margin=43.64 distance=0.2255224285874414
[exp2] phase=continuous_yaw center_error=0.015 raw_yaw_deg=-56.21 calibrated_yaw_deg=-56.21 target_yaw_deg=0.00 yaw_source=calibrated_pnp corner_error_deg=46.21 height_norm=0.294
[map] motion direction=left speed=0.15 effective_seconds=0.20654726028442383 pose={'x_m': -0.43616807991752543, 'y_m': -0.14334755081407288, 'heading_rad': 1.6377371854523668}
[base] continuous stop label=exp2_yaw_align elapsed=0.207s
[base] stop
[exp2] continuous x guard preempted yaw error=0.015 limit=0.012; camera_settle_seconds=0.200
[base] stop
[base] stop
[base] stop
[base] stop
[base] stop
[base] stop
[base] stop
[base] stop
[base] stop
[tag] backend=pupil_apriltags id=0 center=(169.1,184.4) error_x=0.028 yaw_deg=-56.38 height=70.8px height_norm=0.295 margin=44.28 distance=0.22378228519239993
[exp2] phase=continuous_center center_error=0.028 raw_yaw_deg=-56.38 calibrated_yaw_deg=-56.38 target_yaw_deg=0.00 yaw_source=calibrated_pnp corner_error_deg=47.32 height_norm=0.295
[base] continuous start label=exp2_center_align direction=backward requested_speed=0.2 effective_speed=0.2
[exp2] continuous center correction direction=backward
[tag] backend=pupil_apriltags id=0 center=(169.0,184.4) error_x=0.028 yaw_deg=-56.27 height=70.7px height_norm=0.294 margin=43.71 distance=0.22414951985342488
[exp2] phase=continuous_center center_error=0.028 raw_yaw_deg=-56.27 calibrated_yaw_deg=-56.27 target_yaw_deg=0.00 yaw_source=calibrated_pnp corner_error_deg=47.17 height_norm=0.294
[exp2] continuous center correction direction=backward
[tag] backend=pupil_apriltags id=0 center=(168.9,184.3) error_x=0.028 yaw_deg=-56.51 height=70.5px height_norm=0.294 margin=44.46 distance=0.22434284034359675
[exp2] phase=continuous_center center_error=0.028 raw_yaw_deg=-56.51 calibrated_yaw_deg=-56.51 target_yaw_deg=0.00 yaw_source=calibrated_pnp corner_error_deg=46.83 height_norm=0.294
[exp2] continuous center correction direction=backward
[tag] backend=pupil_apriltags id=0 center=(168.2,183.9) error_x=0.026 yaw_deg=-55.78 height=70.0px height_norm=0.292 margin=43.72 distance=0.22673195814114394
[exp2] phase=continuous_center center_error=0.026 raw_yaw_deg=-55.78 calibrated_yaw_deg=-55.78 target_yaw_deg=0.00 yaw_source=calibrated_pnp corner_error_deg=46.83 height_norm=0.292
[exp2] continuous center correction direction=backward
[tag] backend=pupil_apriltags id=0 center=(167.3,184.0) error_x=0.023 yaw_deg=-55.93 height=70.3px height_norm=0.293 margin=43.88 distance=0.22534482949950493
[exp2] phase=continuous_center center_error=0.023 raw_yaw_deg=-55.93 calibrated_yaw_deg=-55.93 target_yaw_deg=0.00 yaw_source=calibrated_pnp corner_error_deg=46.85 height_norm=0.293
[exp2] continuous center correction direction=backward
[tag] backend=pupil_apriltags id=0 center=(164.0,183.9) error_x=0.012 yaw_deg=-55.04 height=69.8px height_norm=0.291 margin=44.11 distance=0.22678757249264753
[exp2] phase=continuous_center center_error=0.012 raw_yaw_deg=-55.04 calibrated_yaw_deg=-55.04 target_yaw_deg=0.00 yaw_source=calibrated_pnp corner_error_deg=45.20 height_norm=0.291
[exp2] continuous center correction direction=backward
[tag] backend=pupil_apriltags id=0 center=(162.7,183.9) error_x=0.008 yaw_deg=-54.9 height=69.9px height_norm=0.291 margin=44.20 distance=0.2261874864581325
[exp2] phase=continuous_center center_error=0.008 raw_yaw_deg=-54.9 calibrated_yaw_deg=-54.9 target_yaw_deg=0.00 yaw_source=calibrated_pnp corner_error_deg=44.99 height_norm=0.291
[map] motion direction=backward speed=0.2 effective_seconds=0.314056396484375 pose={'x_m': -0.446352052531743, 'y_m': -0.14266480682813446, 'heading_rad': 1.6377371854523668}
[base] continuous stop label=exp2_center_align elapsed=0.314s
[base] stop
[exp2] center accepted; switching to yaw after 0.200s
[base] stop
[base] stop
[base] stop
[base] stop
[base] stop
[base] stop
[base] stop
[base] stop
[base] stop
[tag] backend=pupil_apriltags id=0 center=(157.4,183.9) error_x=-0.008 yaw_deg=-53.71 height=69.7px height_norm=0.291 margin=44.01 distance=0.22672583125298365
[exp2] phase=continuous_yaw center_error=-0.008 raw_yaw_deg=-53.71 calibrated_yaw_deg=-53.71 target_yaw_deg=0.00 yaw_source=calibrated_pnp corner_error_deg=43.19 height_norm=0.291
[base] continuous start label=exp2_yaw_align direction=left requested_speed=0.15 effective_speed=0.15
[exp2] continuous yaw correction direction=left
[tag] backend=pupil_apriltags id=0 center=(157.4,183.9) error_x=-0.008 yaw_deg=-53.69 height=69.7px height_norm=0.291 margin=43.62 distance=0.22668971360553491
[exp2] phase=continuous_yaw center_error=-0.008 raw_yaw_deg=-53.69 calibrated_yaw_deg=-53.69 target_yaw_deg=0.00 yaw_source=calibrated_pnp corner_error_deg=43.32 height_norm=0.291
[exp2] continuous yaw correction direction=left
[tag] backend=pupil_apriltags id=0 center=(157.3,183.9) error_x=-0.008 yaw_deg=-53.6 height=69.6px height_norm=0.290 margin=43.89 distance=0.22709637729148444
[exp2] phase=continuous_yaw center_error=-0.008 raw_yaw_deg=-53.6 calibrated_yaw_deg=-53.6 target_yaw_deg=0.00 yaw_source=calibrated_pnp corner_error_deg=43.15 height_norm=0.290
[exp2] continuous yaw correction direction=left
[tag] backend=pupil_apriltags id=0 center=(157.3,183.9) error_x=-0.008 yaw_deg=-53.56 height=69.6px height_norm=0.290 margin=44.04 distance=0.22710171213251665
[exp2] phase=continuous_yaw center_error=-0.008 raw_yaw_deg=-53.56 calibrated_yaw_deg=-53.56 target_yaw_deg=0.00 yaw_source=calibrated_pnp corner_error_deg=42.84 height_norm=0.290
[exp2] continuous yaw correction direction=left
[tag] backend=pupil_apriltags id=0 center=(158.5,183.8) error_x=-0.005 yaw_deg=-53.44 height=69.2px height_norm=0.288 margin=43.85 distance=0.22889788670918024
[exp2] phase=continuous_yaw center_error=-0.005 raw_yaw_deg=-53.44 calibrated_yaw_deg=-53.44 target_yaw_deg=0.00 yaw_source=calibrated_pnp corner_error_deg=42.02 height_norm=0.288
[exp2] continuous yaw correction direction=left
[tag] backend=pupil_apriltags id=0 center=(160.1,183.6) error_x=0.000 yaw_deg=-54.1 height=69.8px height_norm=0.291 margin=44.10 distance=0.22681019202894295
[exp2] phase=continuous_yaw center_error=0.000 raw_yaw_deg=-54.1 calibrated_yaw_deg=-54.1 target_yaw_deg=0.00 yaw_source=calibrated_pnp corner_error_deg=43.33 height_norm=0.291
[exp2] continuous yaw correction direction=left
[tag] backend=pupil_apriltags id=0 center=(162.7,183.4) error_x=0.009 yaw_deg=-53.83 height=69.6px height_norm=0.290 margin=43.95 distance=0.2269359499794236
[exp2] phase=continuous_yaw center_error=0.009 raw_yaw_deg=-53.83 calibrated_yaw_deg=-53.83 target_yaw_deg=0.00 yaw_source=calibrated_pnp corner_error_deg=43.49 height_norm=0.290
[exp2] continuous yaw correction direction=left
[tag] backend=pupil_apriltags id=0 center=(164.2,183.1) error_x=0.013 yaw_deg=-54.01 height=69.9px height_norm=0.291 margin=43.68 distance=0.22632012602750415
[exp2] phase=continuous_yaw center_error=0.013 raw_yaw_deg=-54.01 calibrated_yaw_deg=-54.01 target_yaw_deg=0.00 yaw_source=calibrated_pnp corner_error_deg=43.93 height_norm=0.291
[map] motion direction=left speed=0.15 effective_seconds=0.3606100082397461 pose={'x_m': -0.446352052531743, 'y_m': -0.14266480682813446, 'heading_rad': 1.5832713319573184}
[base] continuous stop label=exp2_yaw_align elapsed=0.361s
[base] stop
[exp2] continuous x guard preempted yaw error=0.013 limit=0.012; camera_settle_seconds=0.200
[base] stop
[base] stop
[base] stop
[base] stop
[base] stop
[base] stop
[base] stop
[base] stop
[base] stop
[tag] backend=pupil_apriltags id=0 center=(168.1,182.9) error_x=0.025 yaw_deg=-53.73 height=69.8px height_norm=0.291 margin=43.89 distance=0.2259067540962314
[exp2] phase=continuous_center center_error=0.025 raw_yaw_deg=-53.73 calibrated_yaw_deg=-53.73 target_yaw_deg=0.00 yaw_source=calibrated_pnp corner_error_deg=44.80 height_norm=0.291
[base] continuous start label=exp2_center_align direction=backward requested_speed=0.2 effective_speed=0.2
[exp2] continuous center correction direction=backward
[tag] backend=pupil_apriltags id=0 center=(168.1,182.9) error_x=0.025 yaw_deg=-53.79 height=69.9px height_norm=0.291 margin=44.48 distance=0.22576473090418028
[exp2] phase=continuous_center center_error=0.025 raw_yaw_deg=-53.79 calibrated_yaw_deg=-53.79 target_yaw_deg=0.00 yaw_source=calibrated_pnp corner_error_deg=44.95 height_norm=0.291
[exp2] continuous center correction direction=backward
[tag] backend=pupil_apriltags id=0 center=(168.1,182.9) error_x=0.025 yaw_deg=-53.68 height=69.8px height_norm=0.291 margin=44.53 distance=0.22599120215243654
[exp2] phase=continuous_center center_error=0.025 raw_yaw_deg=-53.68 calibrated_yaw_deg=-53.68 target_yaw_deg=0.00 yaw_source=calibrated_pnp corner_error_deg=44.74 height_norm=0.291
[exp2] continuous center correction direction=backward
[tag] backend=pupil_apriltags id=0 center=(166.7,183.1) error_x=0.021 yaw_deg=-53.73 height=69.5px height_norm=0.290 margin=43.99 distance=0.22567583831905985
[exp2] phase=continuous_center center_error=0.021 raw_yaw_deg=-53.73 calibrated_yaw_deg=-53.73 target_yaw_deg=0.00 yaw_source=calibrated_pnp corner_error_deg=44.50 height_norm=0.290
[exp2] continuous center correction direction=backward
[tag] backend=pupil_apriltags id=0 center=(165.1,183.1) error_x=0.016 yaw_deg=-53.23 height=69.2px height_norm=0.288 margin=44.00 distance=0.22694757202932633
[exp2] phase=continuous_center center_error=0.016 raw_yaw_deg=-53.23 calibrated_yaw_deg=-53.23 target_yaw_deg=0.00 yaw_source=calibrated_pnp corner_error_deg=43.30 height_norm=0.288
[exp2] continuous center correction direction=backward
[tag] backend=pupil_apriltags id=0 center=(161.9,183.4) error_x=0.006 yaw_deg=-52.62 height=69.0px height_norm=0.288 margin=44.07 distance=0.22721453114715753
[exp2] phase=continuous_center center_error=0.006 raw_yaw_deg=-52.62 calibrated_yaw_deg=-52.62 target_yaw_deg=0.00 yaw_source=calibrated_pnp corner_error_deg=41.96 height_norm=0.288
[map] motion direction=backward speed=0.2 effective_seconds=0.2690548896789551 pose={'x_m': -0.45509565603724533, 'y_m': -0.1425557246705421, 'heading_rad': 1.5832713319573184}
[base] continuous stop label=exp2_center_align elapsed=0.269s
[base] stop
[exp2] center accepted; switching to yaw after 0.200s
[base] stop
[base] stop
[base] stop
[base] stop
[base] stop
[base] stop
[base] stop
[base] stop
[base] stop
[tag] backend=pupil_apriltags id=0 center=(158.5,183.5) error_x=-0.005 yaw_deg=-51.65 height=68.7px height_norm=0.286 margin=44.10 distance=0.2285016004758485
[exp2] phase=continuous_yaw center_error=-0.005 raw_yaw_deg=-51.65 calibrated_yaw_deg=-51.65 target_yaw_deg=0.00 yaw_source=calibrated_pnp corner_error_deg=41.13 height_norm=0.286
[base] continuous start label=exp2_yaw_align direction=left requested_speed=0.15 effective_speed=0.15
[exp2] continuous yaw correction direction=left
[tag] backend=pupil_apriltags id=0 center=(158.5,183.5) error_x=-0.005 yaw_deg=-51.58 height=68.6px height_norm=0.286 margin=44.13 distance=0.22882210397733374
[exp2] phase=continuous_yaw center_error=-0.005 raw_yaw_deg=-51.58 calibrated_yaw_deg=-51.58 target_yaw_deg=0.00 yaw_source=calibrated_pnp corner_error_deg=41.00 height_norm=0.286
[exp2] continuous yaw correction direction=left
[tag] backend=pupil_apriltags id=0 center=(158.4,183.3) error_x=-0.005 yaw_deg=-51.54 height=68.7px height_norm=0.286 margin=43.94 distance=0.2284945205443311
[exp2] phase=continuous_yaw center_error=-0.005 raw_yaw_deg=-51.54 calibrated_yaw_deg=-51.54 target_yaw_deg=0.00 yaw_source=calibrated_pnp corner_error_deg=40.75 height_norm=0.286
[exp2] continuous yaw correction direction=left
[tag] backend=pupil_apriltags id=0 center=(159.4,183.0) error_x=-0.002 yaw_deg=-51.88 height=68.5px height_norm=0.285 margin=43.71 distance=0.22910645036826682
[exp2] phase=continuous_yaw center_error=-0.002 raw_yaw_deg=-51.88 calibrated_yaw_deg=-51.88 target_yaw_deg=0.00 yaw_source=calibrated_pnp corner_error_deg=40.83 height_norm=0.285
[exp2] continuous yaw correction direction=left
[tag] backend=pupil_apriltags id=0 center=(161.1,183.2) error_x=0.004 yaw_deg=-52.16 height=68.5px height_norm=0.286 margin=43.93 distance=0.22856011988270236
[exp2] phase=continuous_yaw center_error=0.004 raw_yaw_deg=-52.16 calibrated_yaw_deg=-52.16 target_yaw_deg=0.00 yaw_source=calibrated_pnp corner_error_deg=41.49 height_norm=0.286
[exp2] continuous yaw correction direction=left
[tag] backend=pupil_apriltags id=0 center=(163.8,182.6) error_x=0.012 yaw_deg=-51.99 height=68.5px height_norm=0.285 margin=44.15 distance=0.22841822219895058
[exp2] phase=continuous_yaw center_error=0.012 raw_yaw_deg=-51.99 calibrated_yaw_deg=-51.99 target_yaw_deg=0.00 yaw_source=calibrated_pnp corner_error_deg=41.84 height_norm=0.285
[exp2] continuous yaw correction direction=left
[tag] backend=pupil_apriltags id=0 center=(164.8,182.6) error_x=0.015 yaw_deg=-51.97 height=68.7px height_norm=0.286 margin=44.30 distance=0.22779711640931877
[exp2] phase=continuous_yaw center_error=0.015 raw_yaw_deg=-51.97 calibrated_yaw_deg=-51.97 target_yaw_deg=0.00 yaw_source=calibrated_pnp corner_error_deg=42.00 height_norm=0.286
[map] motion direction=left speed=0.15 effective_seconds=0.331500768661499 pose={'x_m': -0.45509565603724533, 'y_m': -0.1425557246705421, 'heading_rad': 1.533202082943549}
[base] continuous stop label=exp2_yaw_align elapsed=0.332s
[base] stop
[exp2] continuous x guard preempted yaw error=0.015 limit=0.012; camera_settle_seconds=0.200
[base] stop
[base] stop
[base] stop
[base] stop
[base] stop
[base] stop
[base] stop
[base] stop
[base] stop
[tag] backend=pupil_apriltags id=0 center=(169.5,182.3) error_x=0.030 yaw_deg=-51.97 height=68.1px height_norm=0.284 margin=44.27 distance=0.22907478637394194
[exp2] phase=continuous_center center_error=0.030 raw_yaw_deg=-51.97 calibrated_yaw_deg=-51.97 target_yaw_deg=0.00 yaw_source=calibrated_pnp corner_error_deg=42.96 height_norm=0.284
[base] continuous start label=exp2_center_align direction=backward requested_speed=0.2 effective_speed=0.2
[exp2] continuous center correction direction=backward
[tag] backend=pupil_apriltags id=0 center=(169.5,182.4) error_x=0.030 yaw_deg=-51.96 height=68.1px height_norm=0.284 margin=44.12 distance=0.22913577702716584
[exp2] phase=continuous_center center_error=0.030 raw_yaw_deg=-51.96 calibrated_yaw_deg=-51.96 target_yaw_deg=0.00 yaw_source=calibrated_pnp corner_error_deg=42.89 height_norm=0.284
[exp2] continuous center correction direction=backward
[tag] backend=pupil_apriltags id=0 center=(169.4,182.6) error_x=0.029 yaw_deg=-52.16 height=68.2px height_norm=0.284 margin=44.55 distance=0.22791122388653928
[exp2] phase=continuous_center center_error=0.029 raw_yaw_deg=-52.16 calibrated_yaw_deg=-52.16 target_yaw_deg=0.00 yaw_source=calibrated_pnp corner_error_deg=42.60 height_norm=0.284
[exp2] continuous center correction direction=backward
[tag] backend=pupil_apriltags id=0 center=(168.2,182.6) error_x=0.026 yaw_deg=-51.84 height=68.0px height_norm=0.283 margin=43.96 distance=0.22869338250402785
[exp2] phase=continuous_center center_error=0.026 raw_yaw_deg=-51.84 calibrated_yaw_deg=-51.84 target_yaw_deg=0.00 yaw_source=calibrated_pnp corner_error_deg=41.83 height_norm=0.283
[exp2] continuous center correction direction=backward
[tag] backend=pupil_apriltags id=0 center=(166.6,182.4) error_x=0.021 yaw_deg=-51.77 height=68.6px height_norm=0.286 margin=43.93 distance=0.22680130622728745
[exp2] phase=continuous_center center_error=0.021 raw_yaw_deg=-51.77 calibrated_yaw_deg=-51.77 target_yaw_deg=0.00 yaw_source=calibrated_pnp corner_error_deg=41.52 height_norm=0.286
[exp2] continuous center correction direction=backward
[tag] backend=pupil_apriltags id=0 center=(164.4,182.3) error_x=0.014 yaw_deg=-51.28 height=68.1px height_norm=0.284 margin=43.75 distance=0.22804049118078976
[exp2] phase=continuous_center center_error=0.014 raw_yaw_deg=-51.28 calibrated_yaw_deg=-51.28 target_yaw_deg=0.00 yaw_source=calibrated_pnp corner_error_deg=40.84 height_norm=0.284
[exp2] continuous center correction direction=backward
[tag] backend=pupil_apriltags id=0 center=(162.9,182.6) error_x=0.009 yaw_deg=-51.05 height=68.1px height_norm=0.284 margin=44.32 distance=0.2276385123424962
[exp2] phase=continuous_center center_error=0.009 raw_yaw_deg=-51.05 calibrated_yaw_deg=-51.05 target_yaw_deg=0.00 yaw_source=calibrated_pnp corner_error_deg=40.83 height_norm=0.284
[map] motion direction=backward speed=0.2 effective_seconds=0.32976770401000977 pose={'x_m': -0.4658055336776184, 'y_m': -0.14295854421198972, 'heading_rad': 1.533202082943549}
[base] continuous stop label=exp2_center_align elapsed=0.330s
[base] stop
[exp2] center accepted; switching to yaw after 0.200s
[base] stop
[base] stop
[base] stop
[base] stop
[base] stop
[base] stop
[base] stop
[base] stop
[base] stop
[tag] backend=pupil_apriltags id=0 center=(156.1,182.9) error_x=-0.012 yaw_deg=-49.36 height=67.8px height_norm=0.282 margin=43.70 distance=0.22946253457073398
[exp2] phase=continuous_yaw center_error=-0.012 raw_yaw_deg=-49.36 calibrated_yaw_deg=-49.36 target_yaw_deg=0.00 yaw_source=calibrated_pnp corner_error_deg=38.77 height_norm=0.282
[base] stop
[exp2] continuous x guard preempted yaw error=-0.012 limit=0.012; camera_settle_seconds=0.200
[base] stop
[base] stop
[base] stop
[base] stop
[base] stop
[base] stop
[base] stop
[base] stop
[base] stop
[tag] backend=pupil_apriltags id=0 center=(156.2,182.9) error_x=-0.012 yaw_deg=-49.29 height=67.6px height_norm=0.282 margin=43.81 distance=0.22966105390694133
[exp2] phase=continuous_center center_error=-0.012 raw_yaw_deg=-49.29 calibrated_yaw_deg=-49.29 target_yaw_deg=0.00 yaw_source=calibrated_pnp corner_error_deg=38.56 height_norm=0.282
[base] stop
[exp2] center accepted; switching to yaw
[tag] backend=pupil_apriltags id=0 center=(156.2,182.9) error_x=-0.012 yaw_deg=-49.24 height=67.6px height_norm=0.282 margin=43.44 distance=0.22989713669926604
[exp2] phase=continuous_yaw center_error=-0.012 raw_yaw_deg=-49.24 calibrated_yaw_deg=-49.24 target_yaw_deg=0.00 yaw_source=calibrated_pnp corner_error_deg=38.65 height_norm=0.282
[base] stop
[exp2] continuous x guard preempted yaw error=-0.012 limit=0.012; camera_settle_seconds=0.200
[base] stop
[base] stop
[base] stop
[base] stop
[base] stop
[base] stop
[base] stop
[base] stop
[base] stop
[tag] backend=pupil_apriltags id=0 center=(156.2,182.8) error_x=-0.012 yaw_deg=-49.27 height=67.6px height_norm=0.282 margin=43.67 distance=0.22981161607039394
[exp2] phase=continuous_center center_error=-0.012 raw_yaw_deg=-49.27 calibrated_yaw_deg=-49.27 target_yaw_deg=0.00 yaw_source=calibrated_pnp corner_error_deg=38.62 height_norm=0.282
[base] continuous start label=exp2_center_align direction=forward requested_speed=0.2 effective_speed=0.2
[exp2] continuous center correction direction=forward
[tag] backend=pupil_apriltags id=0 center=(156.2,182.9) error_x=-0.012 yaw_deg=-49.31 height=67.7px height_norm=0.282 margin=44.01 distance=0.2296222012806915
[exp2] phase=continuous_center center_error=-0.012 raw_yaw_deg=-49.31 calibrated_yaw_deg=-49.31 target_yaw_deg=0.00 yaw_source=calibrated_pnp corner_error_deg=38.65 height_norm=0.282
[map] motion direction=forward speed=0.2 effective_seconds=0.07172513008117676 pose={'x_m': -0.4634761140359487, 'y_m': -0.14287093016228675, 'heading_rad': 1.533202082943549}
[base] continuous stop label=exp2_center_align elapsed=0.072s
[base] stop
[exp2] center accepted; switching to yaw after 0.200s
[base] stop
[base] stop
[base] stop
[base] stop
[base] stop
[base] stop
[base] stop
[base] stop
[base] stop
[tag] backend=pupil_apriltags id=0 center=(158.3,182.9) error_x=-0.005 yaw_deg=-49.82 height=67.5px height_norm=0.281 margin=43.77 distance=0.23012830591792247
[exp2] phase=continuous_yaw center_error=-0.005 raw_yaw_deg=-49.82 calibrated_yaw_deg=-49.82 target_yaw_deg=0.00 yaw_source=calibrated_pnp corner_error_deg=38.99 height_norm=0.281
[base] continuous start label=exp2_yaw_align direction=left requested_speed=0.15 effective_speed=0.15
[exp2] continuous yaw correction direction=left
[tag] backend=pupil_apriltags id=0 center=(158.4,182.7) error_x=-0.005 yaw_deg=-49.89 height=67.7px height_norm=0.282 margin=43.87 distance=0.2295915150400841
[exp2] phase=continuous_yaw center_error=-0.005 raw_yaw_deg=-49.89 calibrated_yaw_deg=-49.89 target_yaw_deg=0.00 yaw_source=calibrated_pnp corner_error_deg=39.11 height_norm=0.282
[exp2] continuous yaw correction direction=left
[tag] backend=pupil_apriltags id=0 center=(158.5,182.8) error_x=-0.005 yaw_deg=-49.91 height=67.6px height_norm=0.282 margin=44.32 distance=0.2296583984536642
[exp2] phase=continuous_yaw center_error=-0.005 raw_yaw_deg=-49.91 calibrated_yaw_deg=-49.91 target_yaw_deg=0.00 yaw_source=calibrated_pnp corner_error_deg=39.17 height_norm=0.282
[exp2] continuous yaw correction direction=left
[tag] backend=pupil_apriltags id=0 center=(159.5,182.7) error_x=-0.001 yaw_deg=-50.1 height=67.5px height_norm=0.281 margin=44.49 distance=0.23009243394864062
[exp2] phase=continuous_yaw center_error=-0.001 raw_yaw_deg=-50.1 calibrated_yaw_deg=-50.1 target_yaw_deg=0.00 yaw_source=calibrated_pnp corner_error_deg=39.56 height_norm=0.281
[exp2] continuous yaw correction direction=left
[tag] backend=pupil_apriltags id=0 center=(161.8,182.5) error_x=0.006 yaw_deg=-50.29 height=67.3px height_norm=0.280 margin=43.93 distance=0.23005824875868902
[exp2] phase=continuous_yaw center_error=0.006 raw_yaw_deg=-50.29 calibrated_yaw_deg=-50.29 target_yaw_deg=0.00 yaw_source=calibrated_pnp corner_error_deg=39.59 height_norm=0.280
[exp2] continuous yaw correction direction=left
[tag] backend=pupil_apriltags id=0 center=(163.0,182.3) error_x=0.009 yaw_deg=-50.18 height=67.3px height_norm=0.280 margin=43.75 distance=0.2299106497217203
[exp2] phase=continuous_yaw center_error=0.009 raw_yaw_deg=-50.18 calibrated_yaw_deg=-50.18 target_yaw_deg=0.00 yaw_source=calibrated_pnp corner_error_deg=39.63 height_norm=0.280
[exp2] continuous yaw correction direction=left
[tag] backend=pupil_apriltags id=0 center=(165.3,182.0) error_x=0.016 yaw_deg=-50.1 height=67.1px height_norm=0.279 margin=43.68 distance=0.23081999787672347
[exp2] phase=continuous_yaw center_error=0.016 raw_yaw_deg=-50.1 calibrated_yaw_deg=-50.1 target_yaw_deg=0.00 yaw_source=calibrated_pnp corner_error_deg=40.17 height_norm=0.279
[map] motion direction=left speed=0.15 effective_seconds=0.338045597076416 pose={'x_m': -0.4634761140359487, 'y_m': -0.14287093016228675, 'heading_rad': 1.4821443154265435}
[base] continuous stop label=exp2_yaw_align elapsed=0.338s
[base] stop
[exp2] continuous x guard preempted yaw error=0.016 limit=0.012; camera_settle_seconds=0.200
[base] stop
[base] stop
[base] stop
[base] stop
[base] stop
[base] stop
[base] stop
[base] stop
[base] stop
[tag] backend=pupil_apriltags id=0 center=(169.8,181.8) error_x=0.031 yaw_deg=-50.98 height=67.3px height_norm=0.280 margin=44.29 distance=0.22928828256317765
[exp2] phase=continuous_center center_error=0.031 raw_yaw_deg=-50.98 calibrated_yaw_deg=-50.98 target_yaw_deg=0.00 yaw_source=calibrated_pnp corner_error_deg=41.20 height_norm=0.280
[base] continuous start label=exp2_center_align direction=backward requested_speed=0.2 effective_speed=0.2
[exp2] continuous center correction direction=backward
[tag] backend=pupil_apriltags id=0 center=(169.8,181.8) error_x=0.031 yaw_deg=-50.99 height=67.3px height_norm=0.280 margin=44.42 distance=0.2292016526445802
[exp2] phase=continuous_center center_error=0.031 raw_yaw_deg=-50.99 calibrated_yaw_deg=-50.99 target_yaw_deg=0.00 yaw_source=calibrated_pnp corner_error_deg=41.44 height_norm=0.280
[exp2] continuous center correction direction=backward
[tag] backend=pupil_apriltags id=0 center=(169.7,181.8) error_x=0.030 yaw_deg=-50.93 height=67.3px height_norm=0.280 margin=44.69 distance=0.22934137233324747
[exp2] phase=continuous_center center_error=0.030 raw_yaw_deg=-50.93 calibrated_yaw_deg=-50.93 target_yaw_deg=0.00 yaw_source=calibrated_pnp corner_error_deg=41.51 height_norm=0.280
[exp2] continuous center correction direction=backward
[tag] backend=pupil_apriltags id=0 center=(168.8,181.7) error_x=0.028 yaw_deg=-50.66 height=67.1px height_norm=0.279 margin=44.52 distance=0.22940590445911271
[exp2] phase=continuous_center center_error=0.028 raw_yaw_deg=-50.66 calibrated_yaw_deg=-50.66 target_yaw_deg=0.00 yaw_source=calibrated_pnp corner_error_deg=40.64 height_norm=0.279
[exp2] continuous center correction direction=backward
[tag] backend=pupil_apriltags id=0 center=(167.2,181.6) error_x=0.023 yaw_deg=-49.91 height=66.5px height_norm=0.277 margin=43.84 distance=0.23120513948578775
[exp2] phase=continuous_center center_error=0.023 raw_yaw_deg=-49.91 calibrated_yaw_deg=-49.91 target_yaw_deg=0.00 yaw_source=calibrated_pnp corner_error_deg=39.86 height_norm=0.277
[exp2] continuous center correction direction=backward
[tag] backend=pupil_apriltags id=0 center=(164.4,181.6) error_x=0.014 yaw_deg=-49.35 height=66.7px height_norm=0.278 margin=43.87 distance=0.23081128165523837
[exp2] phase=continuous_center center_error=0.014 raw_yaw_deg=-49.35 calibrated_yaw_deg=-49.35 target_yaw_deg=0.00 yaw_source=calibrated_pnp corner_error_deg=39.27 height_norm=0.278
[exp2] continuous center correction direction=backward
[tag] backend=pupil_apriltags id=0 center=(161.5,181.6) error_x=0.005 yaw_deg=-48.68 height=66.2px height_norm=0.276 margin=43.57 distance=0.23219545658248097
[exp2] phase=continuous_center center_error=0.005 raw_yaw_deg=-48.68 calibrated_yaw_deg=-48.68 target_yaw_deg=0.00 yaw_source=calibrated_pnp corner_error_deg=37.75 height_norm=0.276
[map] motion direction=backward speed=0.2 effective_seconds=0.3337836265563965 pose={'x_m': -0.4742814817489227, 'y_m': -0.1438313651397308, 'heading_rad': 1.4821443154265435}
[base] continuous stop label=exp2_center_align elapsed=0.334s
[base] stop
[exp2] center accepted; switching to yaw after 0.200s
[base] stop
[base] stop
[base] stop
[base] stop
[base] stop
[base] stop
[base] stop
[base] stop
[base] stop
[tag] backend=pupil_apriltags id=0 center=(158.4,181.7) error_x=-0.005 yaw_deg=-47.98 height=66.3px height_norm=0.276 margin=43.83 distance=0.2318546963664341
[exp2] phase=continuous_yaw center_error=-0.005 raw_yaw_deg=-47.98 calibrated_yaw_deg=-47.98 target_yaw_deg=0.00 yaw_source=calibrated_pnp corner_error_deg=37.21 height_norm=0.276
[base] continuous start label=exp2_yaw_align direction=left requested_speed=0.15 effective_speed=0.15
[exp2] continuous yaw correction direction=left
[tag] backend=pupil_apriltags id=0 center=(158.4,181.7) error_x=-0.005 yaw_deg=-48.05 height=66.4px height_norm=0.277 margin=43.74 distance=0.23161946406589937
[exp2] phase=continuous_yaw center_error=-0.005 raw_yaw_deg=-48.05 calibrated_yaw_deg=-48.05 target_yaw_deg=0.00 yaw_source=calibrated_pnp corner_error_deg=37.38 height_norm=0.277
[exp2] continuous yaw correction direction=left
[tag] backend=pupil_apriltags id=0 center=(158.4,181.7) error_x=-0.005 yaw_deg=-47.94 height=66.2px height_norm=0.276 margin=44.12 distance=0.2320336041998097
[exp2] phase=continuous_yaw center_error=-0.005 raw_yaw_deg=-47.94 calibrated_yaw_deg=-47.94 target_yaw_deg=0.00 yaw_source=calibrated_pnp corner_error_deg=37.35 height_norm=0.276
[exp2] continuous yaw correction direction=left
[tag] backend=pupil_apriltags id=0 center=(158.1,181.4) error_x=-0.006 yaw_deg=-47.83 height=66.1px height_norm=0.275 margin=43.83 distance=0.23240466048451253
[exp2] phase=continuous_yaw center_error=-0.006 raw_yaw_deg=-47.83 calibrated_yaw_deg=-47.83 target_yaw_deg=0.00 yaw_source=calibrated_pnp corner_error_deg=36.82 height_norm=0.275
[exp2] continuous yaw correction direction=left
[tag] backend=pupil_apriltags id=0 center=(158.8,181.5) error_x=-0.004 yaw_deg=-48.0 height=66.1px height_norm=0.276 margin=43.73 distance=0.23265321308851183
[exp2] phase=continuous_yaw center_error=-0.004 raw_yaw_deg=-48.0 calibrated_yaw_deg=-48.0 target_yaw_deg=0.00 yaw_source=calibrated_pnp corner_error_deg=36.84 height_norm=0.276
[exp2] continuous yaw correction direction=left
[tag] backend=pupil_apriltags id=0 center=(161.4,181.2) error_x=0.004 yaw_deg=-47.83 height=65.8px height_norm=0.274 margin=44.05 distance=0.23324343464201994
[exp2] phase=continuous_yaw center_error=0.004 raw_yaw_deg=-47.83 calibrated_yaw_deg=-47.83 target_yaw_deg=0.00 yaw_source=calibrated_pnp corner_error_deg=37.08 height_norm=0.274
[exp2] continuous yaw correction direction=left
[tag] backend=pupil_apriltags id=0 center=(162.7,181.1) error_x=0.009 yaw_deg=-48.1 height=65.7px height_norm=0.274 margin=43.76 distance=0.232626594695958
[exp2] phase=continuous_yaw center_error=0.009 raw_yaw_deg=-48.1 calibrated_yaw_deg=-48.1 target_yaw_deg=0.00 yaw_source=calibrated_pnp corner_error_deg=37.16 height_norm=0.274
[exp2] continuous yaw correction direction=left
[tag] backend=pupil_apriltags id=0 center=(165.3,181.0) error_x=0.017 yaw_deg=-48.3 height=65.9px height_norm=0.275 margin=43.74 distance=0.23203466992515062
[exp2] phase=continuous_yaw center_error=0.017 raw_yaw_deg=-48.3 calibrated_yaw_deg=-48.3 target_yaw_deg=0.00 yaw_source=calibrated_pnp corner_error_deg=38.29 height_norm=0.275
[map] motion direction=left speed=0.15 effective_seconds=0.39540934562683105 pose={'x_m': -0.4742814817489227, 'y_m': -0.1438313651397308, 'heading_rad': 1.4224224358408666}
[base] continuous stop label=exp2_yaw_align elapsed=0.395s
[base] stop
[exp2] continuous x guard preempted yaw error=0.017 limit=0.012; camera_settle_seconds=0.200
[base] stop
[base] stop
[base] stop
[base] stop
[base] stop
[base] stop
[base] stop
[base] stop
[base] stop
[tag] backend=pupil_apriltags id=0 center=(169.4,181.0) error_x=0.030 yaw_deg=-48.57 height=65.6px height_norm=0.273 margin=44.31 distance=0.23184603397570835
[exp2] phase=continuous_center center_error=0.030 raw_yaw_deg=-48.57 calibrated_yaw_deg=-48.57 target_yaw_deg=0.00 yaw_source=calibrated_pnp corner_error_deg=38.68 height_norm=0.273
[base] continuous start label=exp2_center_align direction=backward requested_speed=0.2 effective_speed=0.2
[exp2] continuous center correction direction=backward
[tag] backend=pupil_apriltags id=0 center=(169.5,181.0) error_x=0.030 yaw_deg=-48.56 height=65.6px height_norm=0.273 margin=43.22 distance=0.23179222844590747
[exp2] phase=continuous_center center_error=0.030 raw_yaw_deg=-48.56 calibrated_yaw_deg=-48.56 target_yaw_deg=0.00 yaw_source=calibrated_pnp corner_error_deg=38.70 height_norm=0.273
[exp2] continuous center correction direction=backward
[tag] backend=pupil_apriltags id=0 center=(169.3,180.9) error_x=0.029 yaw_deg=-48.59 height=65.3px height_norm=0.272 margin=44.11 distance=0.2326985578149302
[exp2] phase=continuous_center center_error=0.029 raw_yaw_deg=-48.59 calibrated_yaw_deg=-48.59 target_yaw_deg=0.00 yaw_source=calibrated_pnp corner_error_deg=38.85 height_norm=0.272
[exp2] continuous center correction direction=backward
[tag] backend=pupil_apriltags id=0 center=(167.6,180.8) error_x=0.024 yaw_deg=-47.76 height=64.9px height_norm=0.270 margin=44.01 distance=0.23402307586241122
[exp2] phase=continuous_center center_error=0.024 raw_yaw_deg=-47.76 calibrated_yaw_deg=-47.76 target_yaw_deg=0.00 yaw_source=calibrated_pnp corner_error_deg=37.36 height_norm=0.270
[exp2] continuous center correction direction=backward
[tag] backend=pupil_apriltags id=0 center=(166.4,180.4) error_x=0.020 yaw_deg=-47.2 height=64.7px height_norm=0.270 margin=43.58 distance=0.2350452236711365
[exp2] phase=continuous_center center_error=0.020 raw_yaw_deg=-47.2 calibrated_yaw_deg=-47.2 target_yaw_deg=0.00 yaw_source=calibrated_pnp corner_error_deg=36.77 height_norm=0.270
[exp2] continuous center correction direction=backward
[tag] backend=pupil_apriltags id=0 center=(163.6,180.6) error_x=0.011 yaw_deg=-46.97 height=65.2px height_norm=0.272 margin=43.71 distance=0.2329962517960316
[exp2] phase=continuous_center center_error=0.011 raw_yaw_deg=-46.97 calibrated_yaw_deg=-46.97 target_yaw_deg=0.00 yaw_source=calibrated_pnp corner_error_deg=36.48 height_norm=0.272
[map] motion direction=backward speed=0.2 effective_seconds=0.29351353645324707 pose={'x_m': -0.48371586244091375, 'y_m': -0.14524154440828171, 'heading_rad': 1.4224224358408666}
[base] continuous stop label=exp2_center_align elapsed=0.294s
[base] stop
[exp2] center accepted; switching to yaw after 0.200s
[base] stop
[base] stop
[base] stop
[base] stop
[base] stop
[base] stop
[base] stop
[base] stop
[base] stop
[tag] backend=pupil_apriltags id=0 center=(158.1,180.6) error_x=-0.006 yaw_deg=-45.55 height=64.5px height_norm=0.269 margin=43.23 distance=0.23517525766201955
[exp2] phase=continuous_yaw center_error=-0.006 raw_yaw_deg=-45.55 calibrated_yaw_deg=-45.55 target_yaw_deg=0.00 yaw_source=calibrated_pnp corner_error_deg=35.09 height_norm=0.269
[base] continuous start label=exp2_yaw_align direction=left requested_speed=0.15 effective_speed=0.15
[exp2] continuous yaw correction direction=left
[tag] backend=pupil_apriltags id=0 center=(158.1,180.6) error_x=-0.006 yaw_deg=-45.54 height=64.5px height_norm=0.269 margin=44.18 distance=0.23508470045337773
[exp2] phase=continuous_yaw center_error=-0.006 raw_yaw_deg=-45.54 calibrated_yaw_deg=-45.54 target_yaw_deg=0.00 yaw_source=calibrated_pnp corner_error_deg=34.88 height_norm=0.269
[exp2] continuous yaw correction direction=left
[tag] backend=pupil_apriltags id=0 center=(158.4,180.5) error_x=-0.005 yaw_deg=-45.61 height=64.5px height_norm=0.269 margin=43.46 distance=0.2353535016661152
[exp2] phase=continuous_yaw center_error=-0.005 raw_yaw_deg=-45.61 calibrated_yaw_deg=-45.61 target_yaw_deg=0.00 yaw_source=calibrated_pnp corner_error_deg=34.47 height_norm=0.269
[exp2] continuous yaw correction direction=left
[tag] backend=pupil_apriltags id=0 center=(159.3,180.5) error_x=-0.002 yaw_deg=-45.97 height=64.4px height_norm=0.268 margin=44.03 distance=0.23581488221893793
[exp2] phase=continuous_yaw center_error=-0.002 raw_yaw_deg=-45.97 calibrated_yaw_deg=-45.97 target_yaw_deg=0.00 yaw_source=calibrated_pnp corner_error_deg=35.04 height_norm=0.268
[exp2] continuous yaw correction direction=left
[tag] backend=pupil_apriltags id=0 center=(162.0,180.4) error_x=0.006 yaw_deg=-45.91 height=64.3px height_norm=0.268 margin=43.82 distance=0.23579886542398712
[exp2] phase=continuous_yaw center_error=0.006 raw_yaw_deg=-45.91 calibrated_yaw_deg=-45.91 target_yaw_deg=0.00 yaw_source=calibrated_pnp corner_error_deg=35.42 height_norm=0.268
[exp2] continuous yaw correction direction=left
[tag] backend=pupil_apriltags id=0 center=(164.4,180.3) error_x=0.014 yaw_deg=-45.99 height=64.2px height_norm=0.267 margin=43.75 distance=0.2357985271832485
[exp2] phase=continuous_yaw center_error=0.014 raw_yaw_deg=-45.99 calibrated_yaw_deg=-45.99 target_yaw_deg=0.00 yaw_source=calibrated_pnp corner_error_deg=36.20 height_norm=0.267
[map] motion direction=left speed=0.15 effective_seconds=0.30481696128845215 pose={'x_m': -0.48371586244091375, 'y_m': -0.14524154440828171, 'heading_rad': 1.376383458616182}
[base] continuous stop label=exp2_yaw_align elapsed=0.305s
[base] stop
[exp2] continuous x guard preempted yaw error=0.014 limit=0.012; camera_settle_seconds=0.200
[base] stop
[base] stop
[base] stop
[base] stop
[base] stop
[base] stop
[base] stop
[base] stop
[base] stop
[tag] backend=pupil_apriltags id=0 center=(168.0,179.6) error_x=0.025 yaw_deg=-46.43 height=64.4px height_norm=0.268 margin=43.91 distance=0.23448910615055826
[exp2] phase=continuous_center center_error=0.025 raw_yaw_deg=-46.43 calibrated_yaw_deg=-46.43 target_yaw_deg=0.00 yaw_source=calibrated_pnp corner_error_deg=36.09 height_norm=0.268
[base] continuous start label=exp2_center_align direction=backward requested_speed=0.2 effective_speed=0.2
[exp2] continuous center correction direction=backward
[tag] backend=pupil_apriltags id=0 center=(168.1,179.5) error_x=0.025 yaw_deg=-46.48 height=64.4px height_norm=0.268 margin=43.97 distance=0.23429355329258358
[exp2] phase=continuous_center center_error=0.025 raw_yaw_deg=-46.48 calibrated_yaw_deg=-46.48 target_yaw_deg=0.00 yaw_source=calibrated_pnp corner_error_deg=36.23 height_norm=0.268
[exp2] continuous center correction direction=backward
[tag] backend=pupil_apriltags id=0 center=(167.8,179.5) error_x=0.024 yaw_deg=-46.45 height=63.9px height_norm=0.266 margin=43.76 distance=0.23546826586657654
[exp2] phase=continuous_center center_error=0.024 raw_yaw_deg=-46.45 calibrated_yaw_deg=-46.45 target_yaw_deg=0.00 yaw_source=calibrated_pnp corner_error_deg=36.05 height_norm=0.266
[exp2] continuous center correction direction=backward
[tag] backend=pupil_apriltags id=0 center=(166.1,179.6) error_x=0.019 yaw_deg=-46.15 height=64.2px height_norm=0.268 margin=43.49 distance=0.23428352574205863
[exp2] phase=continuous_center center_error=0.019 raw_yaw_deg=-46.15 calibrated_yaw_deg=-46.15 target_yaw_deg=0.00 yaw_source=calibrated_pnp corner_error_deg=35.36 height_norm=0.268
[exp2] continuous center correction direction=backward
[tag] backend=pupil_apriltags id=0 center=(164.8,179.6) error_x=0.015 yaw_deg=-45.43 height=63.6px height_norm=0.265 margin=43.55 distance=0.2365125409915271
[exp2] phase=continuous_center center_error=0.015 raw_yaw_deg=-45.43 calibrated_yaw_deg=-45.43 target_yaw_deg=0.00 yaw_source=calibrated_pnp corner_error_deg=35.81 height_norm=0.265
[exp2] continuous center correction direction=backward
[tag] backend=pupil_apriltags id=0 center=(162.1,179.6) error_x=0.007 yaw_deg=-44.97 height=63.3px height_norm=0.264 margin=44.14 distance=0.23717095058946458
[exp2] phase=continuous_center center_error=0.007 raw_yaw_deg=-44.97 calibrated_yaw_deg=-44.97 target_yaw_deg=0.00 yaw_source=calibrated_pnp corner_error_deg=34.46 height_norm=0.264
[map] motion direction=backward speed=0.2 effective_seconds=0.3101358413696289 pose={'x_m': -0.4936053938798344, 'y_m': -0.14718879157451117, 'heading_rad': 1.376383458616182}
[base] continuous stop label=exp2_center_align elapsed=0.310s
[base] stop
[exp2] center accepted; switching to yaw after 0.200s
[base] stop
[base] stop
[base] stop
[base] stop
[base] stop
[base] stop
[base] stop
[base] stop
[base] stop
[tag] backend=pupil_apriltags id=0 center=(156.2,179.7) error_x=-0.012 yaw_deg=-43.43 height=63.2px height_norm=0.263 margin=43.72 distance=0.23808545022099617
[exp2] phase=continuous_yaw center_error=-0.012 raw_yaw_deg=-43.43 calibrated_yaw_deg=-43.43 target_yaw_deg=0.00 yaw_source=calibrated_pnp corner_error_deg=32.24 height_norm=0.263
[base] continuous start label=exp2_yaw_align direction=left requested_speed=0.15 effective_speed=0.15
[exp2] continuous yaw correction direction=left
[tag] backend=pupil_apriltags id=0 center=(156.2,179.7) error_x=-0.012 yaw_deg=-43.47 height=63.3px height_norm=0.264 margin=43.19 distance=0.23793473524243544
[exp2] phase=continuous_yaw center_error=-0.012 raw_yaw_deg=-43.47 calibrated_yaw_deg=-43.47 target_yaw_deg=0.00 yaw_source=calibrated_pnp corner_error_deg=32.26 height_norm=0.264
[exp2] continuous yaw correction direction=left
[tag] backend=pupil_apriltags id=0 center=(156.3,179.7) error_x=-0.012 yaw_deg=-43.32 height=63.1px height_norm=0.263 margin=43.40 distance=0.23822693675770795
[exp2] phase=continuous_yaw center_error=-0.012 raw_yaw_deg=-43.32 calibrated_yaw_deg=-43.32 target_yaw_deg=0.00 yaw_source=calibrated_pnp corner_error_deg=32.11 height_norm=0.263
[exp2] continuous yaw correction direction=left
[tag] backend=pupil_apriltags id=0 center=(157.4,179.5) error_x=-0.008 yaw_deg=-43.93 height=63.2px height_norm=0.263 margin=44.03 distance=0.2379074761191205
[exp2] phase=continuous_yaw center_error=-0.008 raw_yaw_deg=-43.93 calibrated_yaw_deg=-43.93 target_yaw_deg=0.00 yaw_source=calibrated_pnp corner_error_deg=32.69 height_norm=0.263
[exp2] continuous yaw correction direction=left
[tag] backend=pupil_apriltags id=0 center=(158.9,179.4) error_x=-0.003 yaw_deg=-43.92 height=63.0px height_norm=0.263 margin=43.80 distance=0.23831827145709042
[exp2] phase=continuous_yaw center_error=-0.003 raw_yaw_deg=-43.92 calibrated_yaw_deg=-43.92 target_yaw_deg=0.00 yaw_source=calibrated_pnp corner_error_deg=32.88 height_norm=0.263
[exp2] continuous yaw correction direction=left
[tag] backend=pupil_apriltags id=0 center=(161.6,179.1) error_x=0.005 yaw_deg=-44.0 height=63.0px height_norm=0.263 margin=43.80 distance=0.23766149084270105
[exp2] phase=continuous_yaw center_error=0.005 raw_yaw_deg=-44.0 calibrated_yaw_deg=-44.0 target_yaw_deg=0.00 yaw_source=calibrated_pnp corner_error_deg=33.16 height_norm=0.263
[exp2] continuous yaw correction direction=left
[tag] backend=pupil_apriltags id=0 center=(164.1,179.0) error_x=0.013 yaw_deg=-44.06 height=62.9px height_norm=0.262 margin=43.58 distance=0.23736038122469383
[exp2] phase=continuous_yaw center_error=0.013 raw_yaw_deg=-44.06 calibrated_yaw_deg=-44.06 target_yaw_deg=0.00 yaw_source=calibrated_pnp corner_error_deg=33.74 height_norm=0.262
[map] motion direction=left speed=0.15 effective_seconds=0.3631470203399658 pose={'x_m': -0.4936053938798344, 'y_m': -0.14718879157451117, 'heading_rad': 1.3215344196126662}
[base] continuous stop label=exp2_yaw_align elapsed=0.363s
[base] stop
[exp2] continuous x guard preempted yaw error=0.013 limit=0.012; camera_settle_seconds=0.200
[base] stop
[base] stop
[base] stop
[base] stop
[base] stop
[base] stop
[base] stop
[base] stop
[base] stop
[tag] backend=pupil_apriltags id=0 center=(168.0,178.7) error_x=0.025 yaw_deg=-44.24 height=62.5px height_norm=0.260 margin=43.86 distance=0.23857149594780994
[exp2] phase=continuous_center center_error=0.025 raw_yaw_deg=-44.24 calibrated_yaw_deg=-44.24 target_yaw_deg=0.00 yaw_source=calibrated_pnp corner_error_deg=33.55 height_norm=0.260
[base] continuous start label=exp2_center_align direction=backward requested_speed=0.2 effective_speed=0.2
[exp2] continuous center correction direction=backward
[tag] backend=pupil_apriltags id=0 center=(168.1,178.7) error_x=0.025 yaw_deg=-44.24 height=62.4px height_norm=0.260 margin=43.79 distance=0.23868342023349767
[exp2] phase=continuous_center center_error=0.025 raw_yaw_deg=-44.24 calibrated_yaw_deg=-44.24 target_yaw_deg=0.00 yaw_source=calibrated_pnp corner_error_deg=33.51 height_norm=0.260
[exp2] continuous center correction direction=backward
[tag] backend=pupil_apriltags id=0 center=(167.6,178.6) error_x=0.024 yaw_deg=-43.62 height=62.0px height_norm=0.258 margin=43.87 distance=0.2397895165784571
[exp2] phase=continuous_center center_error=0.024 raw_yaw_deg=-43.62 calibrated_yaw_deg=-43.62 target_yaw_deg=0.00 yaw_source=calibrated_pnp corner_error_deg=33.45 height_norm=0.258
[exp2] continuous center correction direction=backward
[tag] backend=pupil_apriltags id=0 center=(165.6,178.6) error_x=0.018 yaw_deg=-43.24 height=62.1px height_norm=0.259 margin=43.75 distance=0.23969638066670157
[exp2] phase=continuous_center center_error=0.018 raw_yaw_deg=-43.24 calibrated_yaw_deg=-43.24 target_yaw_deg=0.00 yaw_source=calibrated_pnp corner_error_deg=32.74 height_norm=0.259
[exp2] continuous center correction direction=backward
[tag] backend=pupil_apriltags id=0 center=(164.9,178.6) error_x=0.015 yaw_deg=-43.35 height=62.4px height_norm=0.260 margin=43.70 distance=0.23802113961394303
[exp2] phase=continuous_center center_error=0.015 raw_yaw_deg=-43.35 calibrated_yaw_deg=-43.35 target_yaw_deg=0.00 yaw_source=calibrated_pnp corner_error_deg=33.14 height_norm=0.260
[exp2] continuous center correction direction=backward
[tag] backend=pupil_apriltags id=0 center=(162.1,178.5) error_x=0.006 yaw_deg=-42.68 height=61.9px height_norm=0.258 margin=43.28 distance=0.23967247863006066
[exp2] phase=continuous_center center_error=0.006 raw_yaw_deg=-42.68 calibrated_yaw_deg=-42.68 target_yaw_deg=0.00 yaw_source=calibrated_pnp corner_error_deg=32.00 height_norm=0.258
[map] motion direction=backward speed=0.2 effective_seconds=0.3132789134979248 pose={'x_m': -0.503472294917689, 'y_m': -0.1497004689859259, 'heading_rad': 1.3215344196126662}
[base] continuous stop label=exp2_center_align elapsed=0.313s
[base] stop
[exp2] center accepted; switching to yaw after 0.200s
[base] stop
[base] stop
[base] stop
[base] stop
[base] stop
[base] stop
[base] stop
[base] stop
[base] stop
[tag] backend=pupil_apriltags id=0 center=(156.7,178.7) error_x=-0.010 yaw_deg=-41.29 height=61.5px height_norm=0.256 margin=43.09 distance=0.24077628432131684
[exp2] phase=continuous_yaw center_error=-0.010 raw_yaw_deg=-41.29 calibrated_yaw_deg=-41.29 target_yaw_deg=0.00 yaw_source=calibrated_pnp corner_error_deg=30.49 height_norm=0.256
[base] continuous start label=exp2_yaw_align direction=left requested_speed=0.15 effective_speed=0.15
[exp2] continuous yaw correction direction=left
[tag] backend=pupil_apriltags id=0 center=(156.7,178.7) error_x=-0.010 yaw_deg=-41.22 height=61.5px height_norm=0.256 margin=43.12 distance=0.24066214614826484
[exp2] phase=continuous_yaw center_error=-0.010 raw_yaw_deg=-41.22 calibrated_yaw_deg=-41.22 target_yaw_deg=0.00 yaw_source=calibrated_pnp corner_error_deg=30.37 height_norm=0.256
[exp2] continuous yaw correction direction=left
[tag] backend=pupil_apriltags id=0 center=(156.7,178.8) error_x=-0.010 yaw_deg=-41.12 height=61.3px height_norm=0.256 margin=42.72 distance=0.24101748535162248
[exp2] phase=continuous_yaw center_error=-0.010 raw_yaw_deg=-41.12 calibrated_yaw_deg=-41.12 target_yaw_deg=0.00 yaw_source=calibrated_pnp corner_error_deg=30.44 height_norm=0.256
[exp2] continuous yaw correction direction=left
[tag] backend=pupil_apriltags id=0 center=(157.5,178.6) error_x=-0.008 yaw_deg=-41.72 height=61.7px height_norm=0.257 margin=43.36 distance=0.24075625484364527
[exp2] phase=continuous_yaw center_error=-0.008 raw_yaw_deg=-41.72 calibrated_yaw_deg=-41.72 target_yaw_deg=0.00 yaw_source=calibrated_pnp corner_error_deg=30.88 height_norm=0.257
[exp2] continuous yaw correction direction=left
[tag] backend=pupil_apriltags id=0 center=(160.1,178.5) error_x=0.000 yaw_deg=-41.97 height=61.6px height_norm=0.257 margin=42.94 distance=0.24031475016440795
[exp2] phase=continuous_yaw center_error=0.000 raw_yaw_deg=-41.97 calibrated_yaw_deg=-41.97 target_yaw_deg=0.00 yaw_source=calibrated_pnp corner_error_deg=31.53 height_norm=0.257
[exp2] continuous yaw correction direction=left
[tag] backend=pupil_apriltags id=0 center=(162.4,178.1) error_x=0.008 yaw_deg=-41.95 height=61.4px height_norm=0.256 margin=43.68 distance=0.24108515108389403
[exp2] phase=continuous_yaw center_error=0.008 raw_yaw_deg=-41.95 calibrated_yaw_deg=-41.95 target_yaw_deg=0.00 yaw_source=calibrated_pnp corner_error_deg=31.91 height_norm=0.256
[exp2] continuous yaw correction direction=left
[tag] backend=pupil_apriltags id=0 center=(163.7,177.9) error_x=0.012 yaw_deg=-42.28 height=61.6px height_norm=0.257 margin=42.89 distance=0.23975310044521445
[exp2] phase=continuous_yaw center_error=0.012 raw_yaw_deg=-42.28 calibrated_yaw_deg=-42.28 target_yaw_deg=0.00 yaw_source=calibrated_pnp corner_error_deg=31.92 height_norm=0.257
[exp2] continuous yaw correction direction=left
[tag] backend=pupil_apriltags id=0 center=(165.6,177.9) error_x=0.017 yaw_deg=-41.96 height=61.3px height_norm=0.255 margin=43.95 distance=0.24158191097395113
[exp2] phase=continuous_yaw center_error=0.017 raw_yaw_deg=-41.96 calibrated_yaw_deg=-41.96 target_yaw_deg=0.00 yaw_source=calibrated_pnp corner_error_deg=31.41 height_norm=0.255
[map] motion direction=left speed=0.15 effective_seconds=0.43363499641418457 pose={'x_m': -0.503472294917689, 'y_m': -0.1497004689859259, 'heading_rad': 1.2560390100417855}
[base] continuous stop label=exp2_yaw_align elapsed=0.434s
[base] stop
[exp2] continuous x guard preempted yaw error=0.017 limit=0.012; camera_settle_seconds=0.200
[base] stop
[base] stop
[base] stop
[base] stop
[base] stop
[base] stop
[base] stop
[base] stop
[base] stop
[tag] backend=pupil_apriltags id=0 center=(170.0,177.6) error_x=0.031 yaw_deg=-42.43 height=61.0px height_norm=0.254 margin=43.54 distance=0.24168160307491487
[exp2] phase=continuous_center center_error=0.031 raw_yaw_deg=-42.43 calibrated_yaw_deg=-42.43 target_yaw_deg=0.00 yaw_source=calibrated_pnp corner_error_deg=33.00 height_norm=0.254
[base] continuous start label=exp2_center_align direction=backward requested_speed=0.2 effective_speed=0.2
[exp2] continuous center correction direction=backward
[tag] backend=pupil_apriltags id=0 center=(170.1,177.7) error_x=0.031 yaw_deg=-42.53 height=61.1px height_norm=0.255 margin=43.60 distance=0.24154931676956204
[exp2] phase=continuous_center center_error=0.031 raw_yaw_deg=-42.53 calibrated_yaw_deg=-42.53 target_yaw_deg=0.00 yaw_source=calibrated_pnp corner_error_deg=33.21 height_norm=0.255
[exp2] continuous center correction direction=backward
[tag] backend=pupil_apriltags id=0 center=(169.8,177.5) error_x=0.031 yaw_deg=-42.16 height=60.8px height_norm=0.253 margin=44.01 distance=0.24205124447350873
[exp2] phase=continuous_center center_error=0.031 raw_yaw_deg=-42.16 calibrated_yaw_deg=-42.16 target_yaw_deg=0.00 yaw_source=calibrated_pnp corner_error_deg=32.73 height_norm=0.253
[exp2] continuous center correction direction=backward
[tag] backend=pupil_apriltags id=0 center=(167.9,177.7) error_x=0.025 yaw_deg=-42.29 height=61.1px height_norm=0.255 margin=43.69 distance=0.24090347392743036
[exp2] phase=continuous_center center_error=0.025 raw_yaw_deg=-42.29 calibrated_yaw_deg=-42.29 target_yaw_deg=0.00 yaw_source=calibrated_pnp corner_error_deg=32.50 height_norm=0.255
[exp2] continuous center correction direction=backward
[tag] backend=pupil_apriltags id=0 center=(165.3,177.7) error_x=0.016 yaw_deg=-41.34 height=61.1px height_norm=0.255 margin=43.58 distance=0.2408873473499978
[exp2] phase=continuous_center center_error=0.016 raw_yaw_deg=-41.34 calibrated_yaw_deg=-41.34 target_yaw_deg=0.00 yaw_source=calibrated_pnp corner_error_deg=31.47 height_norm=0.255
[exp2] continuous center correction direction=backward
[tag] backend=pupil_apriltags id=0 center=(164.1,177.5) error_x=0.013 yaw_deg=-41.35 height=60.7px height_norm=0.253 margin=43.61 distance=0.24098187540733157
[exp2] phase=continuous_center center_error=0.013 raw_yaw_deg=-41.35 calibrated_yaw_deg=-41.35 target_yaw_deg=0.00 yaw_source=calibrated_pnp corner_error_deg=31.23 height_norm=0.253
[exp2] continuous center correction direction=backward
[tag] backend=pupil_apriltags id=0 center=(161.1,177.6) error_x=0.003 yaw_deg=-40.77 height=60.8px height_norm=0.253 margin=43.23 distance=0.24104112945254308
[exp2] phase=continuous_center center_error=0.003 raw_yaw_deg=-40.77 calibrated_yaw_deg=-40.77 target_yaw_deg=0.00 yaw_source=calibrated_pnp corner_error_deg=30.85 height_norm=0.253
[map] motion direction=backward speed=0.2 effective_seconds=0.378920316696167 pose={'x_m': -0.5151821926102091, 'y_m': -0.15351298935257623, 'heading_rad': 1.2560390100417855}
[base] continuous stop label=exp2_center_align elapsed=0.379s
[base] stop
[exp2] center accepted; switching to yaw after 0.200s
[base] stop
[base] stop
[base] stop
[base] stop
[base] stop
[base] stop
[base] stop
[base] stop
[base] stop
[tag] backend=pupil_apriltags id=0 center=(155.8,177.8) error_x=-0.013 yaw_deg=-39.87 height=60.6px height_norm=0.253 margin=42.85 distance=0.24175330337561718
[exp2] phase=continuous_yaw center_error=-0.013 raw_yaw_deg=-39.87 calibrated_yaw_deg=-39.87 target_yaw_deg=0.00 yaw_source=calibrated_pnp corner_error_deg=28.77 height_norm=0.253
[base] stop
[exp2] continuous x guard preempted yaw error=-0.013 limit=0.012; camera_settle_seconds=0.200
[base] stop
[base] stop
[base] stop
[base] stop
[base] stop
[base] stop
[base] stop
[base] stop
[base] stop
[tag] backend=pupil_apriltags id=0 center=(155.8,177.8) error_x=-0.013 yaw_deg=-39.97 height=60.7px height_norm=0.253 margin=42.69 distance=0.24148114766727594
[exp2] phase=continuous_center center_error=-0.013 raw_yaw_deg=-39.97 calibrated_yaw_deg=-39.97 target_yaw_deg=0.00 yaw_source=calibrated_pnp corner_error_deg=28.74 height_norm=0.253
[base] continuous start label=exp2_center_align direction=forward requested_speed=0.2 effective_speed=0.2
[exp2] continuous center correction direction=forward
[tag] backend=pupil_apriltags id=0 center=(155.8,177.9) error_x=-0.013 yaw_deg=-39.87 height=60.7px height_norm=0.253 margin=42.02 distance=0.24153763185750687
[exp2] phase=continuous_center center_error=-0.013 raw_yaw_deg=-39.87 calibrated_yaw_deg=-39.87 target_yaw_deg=0.00 yaw_source=calibrated_pnp corner_error_deg=28.88 height_norm=0.253
[exp2] continuous center correction direction=forward
[tag] backend=pupil_apriltags id=0 center=(155.8,177.9) error_x=-0.013 yaw_deg=-39.88 height=60.6px height_norm=0.253 margin=43.12 distance=0.2417344163485532
[exp2] phase=continuous_center center_error=-0.013 raw_yaw_deg=-39.88 calibrated_yaw_deg=-39.88 target_yaw_deg=0.00 yaw_source=calibrated_pnp corner_error_deg=28.72 height_norm=0.253
[exp2] continuous center correction direction=forward
[tag] backend=pupil_apriltags id=0 center=(157.4,177.7) error_x=-0.008 yaw_deg=-40.0 height=60.4px height_norm=0.252 margin=42.65 distance=0.2429400505871758
[exp2] phase=continuous_center center_error=-0.008 raw_yaw_deg=-40.0 calibrated_yaw_deg=-40.0 target_yaw_deg=0.00 yaw_source=calibrated_pnp corner_error_deg=29.57 height_norm=0.252
[map] motion direction=forward speed=0.2 effective_seconds=0.20941662788391113 pose={'x_m': -0.5087105225002122, 'y_m': -0.15140593643473854, 'heading_rad': 1.2560390100417855}
[base] continuous stop label=exp2_center_align elapsed=0.209s
[base] stop
[exp2] center accepted; switching to yaw after 0.200s
[base] stop
[base] stop
[base] stop
[base] stop
[base] stop
[base] stop
[base] stop
[base] stop
[base] stop
[tag] backend=pupil_apriltags id=0 center=(163.7,177.7) error_x=0.011 yaw_deg=-41.43 height=61.1px height_norm=0.255 margin=42.75 distance=0.24016801580701894
[exp2] phase=continuous_yaw center_error=0.011 raw_yaw_deg=-41.43 calibrated_yaw_deg=-41.43 target_yaw_deg=0.00 yaw_source=calibrated_pnp corner_error_deg=31.55 height_norm=0.255
[base] continuous start label=exp2_yaw_align direction=left requested_speed=0.15 effective_speed=0.15
[exp2] continuous yaw correction direction=left
[tag] backend=pupil_apriltags id=0 center=(163.7,177.7) error_x=0.011 yaw_deg=-41.37 height=61.1px height_norm=0.255 margin=43.26 distance=0.24015314500614263
[exp2] phase=continuous_yaw center_error=0.011 raw_yaw_deg=-41.37 calibrated_yaw_deg=-41.37 target_yaw_deg=0.00 yaw_source=calibrated_pnp corner_error_deg=31.43 height_norm=0.255
[exp2] continuous yaw correction direction=left
[tag] backend=pupil_apriltags id=0 center=(163.6,177.7) error_x=0.011 yaw_deg=-41.41 height=61.1px height_norm=0.255 margin=42.45 distance=0.24003527035161862
[exp2] phase=continuous_yaw center_error=0.011 raw_yaw_deg=-41.41 calibrated_yaw_deg=-41.41 target_yaw_deg=0.00 yaw_source=calibrated_pnp corner_error_deg=31.40 height_norm=0.255
[exp2] continuous yaw correction direction=left
[tag] backend=pupil_apriltags id=0 center=(164.1,177.5) error_x=0.013 yaw_deg=-41.18 height=60.7px height_norm=0.253 margin=43.64 distance=0.2418122689116329
[exp2] phase=continuous_yaw center_error=0.013 raw_yaw_deg=-41.18 calibrated_yaw_deg=-41.18 target_yaw_deg=0.00 yaw_source=calibrated_pnp corner_error_deg=30.55 height_norm=0.253
[map] motion direction=left speed=0.15 effective_seconds=0.20182514190673828 pose={'x_m': -0.5087105225002122, 'y_m': -0.15140593643473854, 'heading_rad': 1.2255557223915945}
[base] continuous stop label=exp2_yaw_align elapsed=0.202s
[base] stop
[exp2] continuous x guard preempted yaw error=0.013 limit=0.012; camera_settle_seconds=0.200
[base] stop
[base] stop
[base] stop
[base] stop
[base] stop
[base] stop
[base] stop
[base] stop
[base] stop
[tag] backend=pupil_apriltags id=0 center=(169.1,177.1) error_x=0.029 yaw_deg=-41.05 height=60.3px height_norm=0.251 margin=43.77 distance=0.24178143957876375
[exp2] phase=continuous_center center_error=0.029 raw_yaw_deg=-41.05 calibrated_yaw_deg=-41.05 target_yaw_deg=0.00 yaw_source=calibrated_pnp corner_error_deg=31.10 height_norm=0.251
[base] continuous start label=exp2_center_align direction=backward requested_speed=0.2 effective_speed=0.2
[exp2] continuous center correction direction=backward
[tag] backend=pupil_apriltags id=0 center=(169.1,177.1) error_x=0.029 yaw_deg=-41.06 height=60.3px height_norm=0.251 margin=42.64 distance=0.24166070390704344
[exp2] phase=continuous_center center_error=0.029 raw_yaw_deg=-41.06 calibrated_yaw_deg=-41.06 target_yaw_deg=0.00 yaw_source=calibrated_pnp corner_error_deg=31.27 height_norm=0.251
[exp2] continuous center correction direction=backward
[tag] backend=pupil_apriltags id=0 center=(169.1,177.1) error_x=0.028 yaw_deg=-41.7 height=60.4px height_norm=0.252 margin=41.64 distance=0.24055921058263402
[exp2] phase=continuous_center center_error=0.028 raw_yaw_deg=-41.7 calibrated_yaw_deg=-41.7 target_yaw_deg=0.00 yaw_source=calibrated_pnp corner_error_deg=31.81 height_norm=0.252
[exp2] continuous center correction direction=backward
[tag] backend=pupil_apriltags id=0 center=(167.0,177.3) error_x=0.022 yaw_deg=-40.87 height=60.0px height_norm=0.250 margin=40.95 distance=0.24214192383507924
[exp2] phase=continuous_center center_error=0.022 raw_yaw_deg=-40.87 calibrated_yaw_deg=-40.87 target_yaw_deg=0.00 yaw_source=calibrated_pnp corner_error_deg=30.40 height_norm=0.250
[exp2] continuous center correction direction=backward
[tag] backend=pupil_apriltags id=0 center=(165.5,177.3) error_x=0.017 yaw_deg=-40.16 height=60.1px height_norm=0.250 margin=41.10 distance=0.24289515546735688
[exp2] phase=continuous_center center_error=0.017 raw_yaw_deg=-40.16 calibrated_yaw_deg=-40.16 target_yaw_deg=0.00 yaw_source=calibrated_pnp corner_error_deg=30.03 height_norm=0.250
[exp2] continuous center correction direction=backward
[tag] backend=pupil_apriltags id=0 center=(163.5,177.2) error_x=0.011 yaw_deg=-40.14 height=60.1px height_norm=0.250 margin=40.80 distance=0.24235925555008503
[exp2] phase=continuous_center center_error=0.011 raw_yaw_deg=-40.14 calibrated_yaw_deg=-40.14 target_yaw_deg=0.00 yaw_source=calibrated_pnp corner_error_deg=30.47 height_norm=0.250
[map] motion direction=backward speed=0.2 effective_seconds=0.3277707099914551 pose={'x_m': -0.5187345068958962, 'y_m': -0.1550110047169425, 'heading_rad': 1.2255557223915945}
[base] continuous stop label=exp2_center_align elapsed=0.328s
[base] stop
[exp2] center accepted; switching to yaw after 0.200s
[base] stop
[base] stop
[base] stop
[base] stop
[base] stop
[base] stop
[base] stop
[base] stop
[base] stop
[tag] backend=pupil_apriltags id=0 center=(157.5,177.1) error_x=-0.008 yaw_deg=-38.41 height=59.8px height_norm=0.249 margin=40.55 distance=0.243397938778565
[exp2] phase=continuous_yaw center_error=-0.008 raw_yaw_deg=-38.41 calibrated_yaw_deg=-38.41 target_yaw_deg=0.00 yaw_source=calibrated_pnp corner_error_deg=28.30 height_norm=0.249
[base] continuous start label=exp2_yaw_align direction=left requested_speed=0.15 effective_speed=0.15
[exp2] continuous yaw correction direction=left
[tag] backend=pupil_apriltags id=0 center=(157.5,177.1) error_x=-0.008 yaw_deg=-38.5 height=59.9px height_norm=0.250 margin=40.19 distance=0.24320018651613276
[exp2] phase=continuous_yaw center_error=-0.008 raw_yaw_deg=-38.5 calibrated_yaw_deg=-38.5 target_yaw_deg=0.00 yaw_source=calibrated_pnp corner_error_deg=28.37 height_norm=0.250
[exp2] continuous yaw correction direction=left
[tag] backend=pupil_apriltags id=0 center=(157.5,177.1) error_x=-0.008 yaw_deg=-38.43 height=59.8px height_norm=0.249 margin=40.40 distance=0.243458422770088
[exp2] phase=continuous_yaw center_error=-0.008 raw_yaw_deg=-38.43 calibrated_yaw_deg=-38.43 target_yaw_deg=0.00 yaw_source=calibrated_pnp corner_error_deg=28.00 height_norm=0.249
[exp2] continuous yaw correction direction=left
[tag] backend=pupil_apriltags id=0 center=(159.3,177.1) error_x=-0.002 yaw_deg=-38.95 height=59.9px height_norm=0.249 margin=40.18 distance=0.24338534832227343
[exp2] phase=continuous_yaw center_error=-0.002 raw_yaw_deg=-38.95 calibrated_yaw_deg=-38.95 target_yaw_deg=0.00 yaw_source=calibrated_pnp corner_error_deg=28.82 height_norm=0.249
[exp2] continuous yaw correction direction=left
[tag] backend=pupil_apriltags id=0 center=(160.7,177.1) error_x=0.002 yaw_deg=-39.18 height=60.0px height_norm=0.250 margin=40.17 distance=0.24278266857643283
[exp2] phase=continuous_yaw center_error=0.002 raw_yaw_deg=-39.18 calibrated_yaw_deg=-39.18 target_yaw_deg=0.00 yaw_source=calibrated_pnp corner_error_deg=29.23 height_norm=0.250
[exp2] continuous yaw correction direction=left
[tag] backend=pupil_apriltags id=0 center=(162.9,176.8) error_x=0.009 yaw_deg=-38.74 height=59.5px height_norm=0.248 margin=40.71 distance=0.243897025473871
[exp2] phase=continuous_yaw center_error=0.009 raw_yaw_deg=-38.74 calibrated_yaw_deg=-38.74 target_yaw_deg=0.00 yaw_source=calibrated_pnp corner_error_deg=29.35 height_norm=0.248
[exp2] continuous yaw correction direction=left
[tag] backend=pupil_apriltags id=0 center=(164.8,176.5) error_x=0.015 yaw_deg=-38.95 height=59.3px height_norm=0.247 margin=40.88 distance=0.2443216539048637
[exp2] phase=continuous_yaw center_error=0.015 raw_yaw_deg=-38.95 calibrated_yaw_deg=-38.95 target_yaw_deg=0.00 yaw_source=calibrated_pnp corner_error_deg=28.90 height_norm=0.247
[map] motion direction=left speed=0.15 effective_seconds=0.39962267875671387 pose={'x_m': -0.5187345068958962, 'y_m': -0.1550110047169425, 'heading_rad': 1.1651974689401499}
[base] continuous stop label=exp2_yaw_align elapsed=0.400s
[base] stop
[exp2] continuous x guard preempted yaw error=0.015 limit=0.012; camera_settle_seconds=0.200
[base] stop
[base] stop
[base] stop
[base] stop
[base] stop
[base] stop
[base] stop
[base] stop
[base] stop
[tag] backend=pupil_apriltags id=0 center=(169.1,176.2) error_x=0.029 yaw_deg=-39.74 height=59.1px height_norm=0.246 margin=40.91 distance=0.24374453698118917
[exp2] phase=continuous_center center_error=0.029 raw_yaw_deg=-39.74 calibrated_yaw_deg=-39.74 target_yaw_deg=0.00 yaw_source=calibrated_pnp corner_error_deg=29.60 height_norm=0.246
[base] continuous start label=exp2_center_align direction=backward requested_speed=0.2 effective_speed=0.2
[exp2] continuous center correction direction=backward
[tag] backend=pupil_apriltags id=0 center=(169.2,176.2) error_x=0.029 yaw_deg=-40.05 height=59.2px height_norm=0.247 margin=41.03 distance=0.24337275139180878
[exp2] phase=continuous_center center_error=0.029 raw_yaw_deg=-40.05 calibrated_yaw_deg=-40.05 target_yaw_deg=0.00 yaw_source=calibrated_pnp corner_error_deg=29.55 height_norm=0.247
[exp2] continuous center correction direction=backward
[tag] backend=pupil_apriltags id=0 center=(168.4,176.0) error_x=0.026 yaw_deg=-39.67 height=59.3px height_norm=0.247 margin=40.93 distance=0.24301539516598075
[exp2] phase=continuous_center center_error=0.026 raw_yaw_deg=-39.67 calibrated_yaw_deg=-39.67 target_yaw_deg=0.00 yaw_source=calibrated_pnp corner_error_deg=30.45 height_norm=0.247
[exp2] continuous center correction direction=backward
[tag] backend=pupil_apriltags id=0 center=(165.9,176.0) error_x=0.018 yaw_deg=-38.61 height=59.0px height_norm=0.246 margin=40.72 distance=0.24440806584045635
[exp2] phase=continuous_center center_error=0.018 raw_yaw_deg=-38.61 calibrated_yaw_deg=-38.61 target_yaw_deg=0.00 yaw_source=calibrated_pnp corner_error_deg=28.95 height_norm=0.246
[exp2] continuous center correction direction=backward
[tag] backend=pupil_apriltags id=0 center=(164.8,175.9) error_x=0.015 yaw_deg=-38.49 height=58.8px height_norm=0.245 margin=40.49 distance=0.2449944291697052
[exp2] phase=continuous_center center_error=0.015 raw_yaw_deg=-38.49 calibrated_yaw_deg=-38.49 target_yaw_deg=0.00 yaw_source=calibrated_pnp corner_error_deg=28.30 height_norm=0.245
[exp2] continuous center correction direction=backward
[tag] backend=pupil_apriltags id=0 center=(162.3,176.0) error_x=0.007 yaw_deg=-38.17 height=58.8px height_norm=0.245 margin=40.51 distance=0.24476766682695603
[exp2] phase=continuous_center center_error=0.007 raw_yaw_deg=-38.17 calibrated_yaw_deg=-38.17 target_yaw_deg=0.00 yaw_source=calibrated_pnp corner_error_deg=27.94 height_norm=0.245
[map] motion direction=backward speed=0.2 effective_seconds=0.33713197708129883 pose={'x_m': -0.528802330982448, 'y_m': -0.15933421520728963, 'heading_rad': 1.1651974689401499}
[base] continuous stop label=exp2_center_align elapsed=0.337s
[base] stop
[exp2] center accepted; switching to yaw after 0.200s
[base] stop
[base] stop
[base] stop
[base] stop
[base] stop
[base] stop
[base] stop
[base] stop
[base] stop
[tag] backend=pupil_apriltags id=0 center=(157.3,176.1) error_x=-0.008 yaw_deg=-36.95 height=58.6px height_norm=0.244 margin=40.49 distance=0.24564502618577652
[exp2] phase=continuous_yaw center_error=-0.008 raw_yaw_deg=-36.95 calibrated_yaw_deg=-36.95 target_yaw_deg=0.00 yaw_source=calibrated_pnp corner_error_deg=26.88 height_norm=0.244
[base] continuous start label=exp2_yaw_align direction=left requested_speed=0.15 effective_speed=0.15
[exp2] continuous yaw correction direction=left
[tag] backend=pupil_apriltags id=0 center=(157.3,176.0) error_x=-0.008 yaw_deg=-36.7 height=58.5px height_norm=0.244 margin=40.34 distance=0.2458795464031738
[exp2] phase=continuous_yaw center_error=-0.008 raw_yaw_deg=-36.7 calibrated_yaw_deg=-36.7 target_yaw_deg=0.00 yaw_source=calibrated_pnp corner_error_deg=26.80 height_norm=0.244
[exp2] continuous yaw correction direction=left
[tag] backend=pupil_apriltags id=0 center=(157.3,176.0) error_x=-0.008 yaw_deg=-36.74 height=58.5px height_norm=0.244 margin=40.43 distance=0.24581119326647483
[exp2] phase=continuous_yaw center_error=-0.008 raw_yaw_deg=-36.74 calibrated_yaw_deg=-36.74 target_yaw_deg=0.00 yaw_source=calibrated_pnp corner_error_deg=26.75 height_norm=0.244
[exp2] continuous yaw correction direction=left
[tag] backend=pupil_apriltags id=0 center=(158.9,175.9) error_x=-0.003 yaw_deg=-36.85 height=58.3px height_norm=0.243 margin=40.59 distance=0.24682106826839253
[exp2] phase=continuous_yaw center_error=-0.003 raw_yaw_deg=-36.85 calibrated_yaw_deg=-36.85 target_yaw_deg=0.00 yaw_source=calibrated_pnp corner_error_deg=26.65 height_norm=0.243
[exp2] continuous yaw correction direction=left
[tag] backend=pupil_apriltags id=0 center=(161.7,175.6) error_x=0.005 yaw_deg=-36.98 height=58.3px height_norm=0.243 margin=40.48 distance=0.24631106017447912
[exp2] phase=continuous_yaw center_error=0.005 raw_yaw_deg=-36.98 calibrated_yaw_deg=-36.98 target_yaw_deg=0.00 yaw_source=calibrated_pnp corner_error_deg=27.42 height_norm=0.243
[exp2] continuous yaw correction direction=left
[tag] backend=pupil_apriltags id=0 center=(163.1,175.7) error_x=0.010 yaw_deg=-36.82 height=58.0px height_norm=0.242 margin=40.62 distance=0.24715068668437465
[exp2] phase=continuous_yaw center_error=0.010 raw_yaw_deg=-36.82 calibrated_yaw_deg=-36.82 target_yaw_deg=0.00 yaw_source=calibrated_pnp corner_error_deg=27.63 height_norm=0.242
[exp2] continuous yaw correction direction=left
[tag] backend=pupil_apriltags id=0 center=(166.9,175.2) error_x=0.022 yaw_deg=-37.25 height=58.1px height_norm=0.242 margin=41.02 distance=0.24648242661594202
[exp2] phase=continuous_yaw center_error=0.022 raw_yaw_deg=-37.25 calibrated_yaw_deg=-37.25 target_yaw_deg=0.00 yaw_source=calibrated_pnp corner_error_deg=27.90 height_norm=0.242
[map] motion direction=left speed=0.15 effective_seconds=0.4089508056640625 pose={'x_m': -0.528802330982448, 'y_m': -0.15933421520728963, 'heading_rad': 1.1034303128462106}
[base] continuous stop label=exp2_yaw_align elapsed=0.409s
[base] stop
[exp2] continuous x guard preempted yaw error=0.022 limit=0.012; camera_settle_seconds=0.200
[base] stop
[base] stop
[base] stop
[base] stop
[base] stop
[base] stop
[base] stop
[base] stop
[base] stop
[tag] backend=pupil_apriltags id=0 center=(170.7,175.0) error_x=0.033 yaw_deg=-37.69 height=58.0px height_norm=0.242 margin=41.22 distance=0.2450853107775203
[exp2] phase=continuous_center center_error=0.033 raw_yaw_deg=-37.69 calibrated_yaw_deg=-37.69 target_yaw_deg=0.00 yaw_source=calibrated_pnp corner_error_deg=28.50 height_norm=0.242
[base] continuous start label=exp2_center_align direction=backward requested_speed=0.2 effective_speed=0.2
[exp2] continuous center correction direction=backward
[tag] backend=pupil_apriltags id=0 center=(170.7,175.0) error_x=0.034 yaw_deg=-37.73 height=58.0px height_norm=0.242 margin=40.66 distance=0.2449859792366464
[exp2] phase=continuous_center center_error=0.034 raw_yaw_deg=-37.73 calibrated_yaw_deg=-37.73 target_yaw_deg=0.00 yaw_source=calibrated_pnp corner_error_deg=28.39 height_norm=0.242
[exp2] continuous center correction direction=backward
[tag] backend=pupil_apriltags id=0 center=(170.3,174.9) error_x=0.032 yaw_deg=-37.26 height=58.0px height_norm=0.241 margin=40.67 distance=0.24543933461691728
[exp2] phase=continuous_center center_error=0.032 raw_yaw_deg=-37.26 calibrated_yaw_deg=-37.26 target_yaw_deg=0.00 yaw_source=calibrated_pnp corner_error_deg=28.99 height_norm=0.241
[exp2] continuous center correction direction=backward
[tag] backend=pupil_apriltags id=0 center=(168.3,175.0) error_x=0.026 yaw_deg=-37.08 height=57.9px height_norm=0.241 margin=40.22 distance=0.24537879039340668
[exp2] phase=continuous_center center_error=0.026 raw_yaw_deg=-37.08 calibrated_yaw_deg=-37.08 target_yaw_deg=0.00 yaw_source=calibrated_pnp corner_error_deg=28.21 height_norm=0.241
[exp2] continuous center correction direction=backward
[tag] backend=pupil_apriltags id=0 center=(166.6,175.0) error_x=0.021 yaw_deg=-36.23 height=57.8px height_norm=0.241 margin=40.62 distance=0.24607627194385365
[exp2] phase=continuous_center center_error=0.021 raw_yaw_deg=-36.23 calibrated_yaw_deg=-36.23 target_yaw_deg=0.00 yaw_source=calibrated_pnp corner_error_deg=27.28 height_norm=0.241
[exp2] continuous center correction direction=backward
[tag] backend=pupil_apriltags id=0 center=(164.4,175.1) error_x=0.014 yaw_deg=-36.22 height=57.6px height_norm=0.240 margin=40.68 distance=0.24687204019029524
[exp2] phase=continuous_center center_error=0.014 raw_yaw_deg=-36.22 calibrated_yaw_deg=-36.22 target_yaw_deg=0.00 yaw_source=calibrated_pnp corner_error_deg=26.66 height_norm=0.240
[exp2] continuous center correction direction=backward
[tag] backend=pupil_apriltags id=0 center=(161.7,175.0) error_x=0.005 yaw_deg=-35.65 height=57.6px height_norm=0.240 margin=40.03 distance=0.246348803081751
[exp2] phase=continuous_center center_error=0.005 raw_yaw_deg=-35.65 calibrated_yaw_deg=-35.65 target_yaw_deg=0.00 yaw_source=calibrated_pnp corner_error_deg=26.67 height_norm=0.240
[map] motion direction=backward speed=0.2 effective_seconds=0.4025309085845947 pose={'x_m': -0.5404816195509833, 'y_m': -0.1652282462637403, 'heading_rad': 1.1034303128462106}
[base] continuous stop label=exp2_center_align elapsed=0.403s
[base] stop
[exp2] center accepted; switching to yaw after 0.200s
[base] stop
[base] stop
[base] stop
[base] stop
[base] stop
[base] stop
[base] stop
[base] stop
[base] stop
[tag] backend=pupil_apriltags id=0 center=(156.5,175.0) error_x=-0.011 yaw_deg=-35.03 height=57.7px height_norm=0.240 margin=40.26 distance=0.24574363136418256
[exp2] phase=continuous_yaw center_error=-0.011 raw_yaw_deg=-35.03 calibrated_yaw_deg=-35.03 target_yaw_deg=0.00 yaw_source=calibrated_pnp corner_error_deg=25.16 height_norm=0.240
[base] continuous start label=exp2_yaw_align direction=left requested_speed=0.15 effective_speed=0.15
[exp2] continuous yaw correction direction=left
[tag] backend=pupil_apriltags id=0 center=(156.6,175.0) error_x=-0.011 yaw_deg=-35.11 height=57.7px height_norm=0.240 margin=40.24 distance=0.24550661927771142
[exp2] phase=continuous_yaw center_error=-0.011 raw_yaw_deg=-35.11 calibrated_yaw_deg=-35.11 target_yaw_deg=0.00 yaw_source=calibrated_pnp corner_error_deg=25.26 height_norm=0.240
[exp2] continuous yaw correction direction=left
[tag] backend=pupil_apriltags id=0 center=(156.6,175.0) error_x=-0.011 yaw_deg=-35.01 height=57.7px height_norm=0.240 margin=40.43 distance=0.24562213937078783
[exp2] phase=continuous_yaw center_error=-0.011 raw_yaw_deg=-35.01 calibrated_yaw_deg=-35.01 target_yaw_deg=0.00 yaw_source=calibrated_pnp corner_error_deg=25.20 height_norm=0.240
[exp2] continuous yaw correction direction=left
[tag] backend=pupil_apriltags id=0 center=(158.3,174.6) error_x=-0.005 yaw_deg=-34.29 height=57.3px height_norm=0.239 margin=40.37 distance=0.24752137557960296
[exp2] phase=continuous_yaw center_error=-0.005 raw_yaw_deg=-34.29 calibrated_yaw_deg=-34.29 target_yaw_deg=0.00 yaw_source=calibrated_pnp corner_error_deg=24.87 height_norm=0.239
[exp2] continuous yaw correction direction=left
[tag] backend=pupil_apriltags id=0 center=(159.6,174.5) error_x=-0.001 yaw_deg=-34.21 height=57.2px height_norm=0.238 margin=40.49 distance=0.24711307780998945
[exp2] phase=continuous_yaw center_error=-0.001 raw_yaw_deg=-34.21 calibrated_yaw_deg=-34.21 target_yaw_deg=0.00 yaw_source=calibrated_pnp corner_error_deg=25.01 height_norm=0.238
[exp2] continuous yaw correction direction=left
[tag] backend=pupil_apriltags id=0 center=(162.0,174.2) error_x=0.006 yaw_deg=-34.17 height=57.1px height_norm=0.238 margin=40.42 distance=0.24716929117784697
[exp2] phase=continuous_yaw center_error=0.006 raw_yaw_deg=-34.17 calibrated_yaw_deg=-34.17 target_yaw_deg=0.00 yaw_source=calibrated_pnp corner_error_deg=25.30 height_norm=0.238
[exp2] continuous yaw correction direction=left
[tag] backend=pupil_apriltags id=0 center=(164.2,174.2) error_x=0.013 yaw_deg=-34.44 height=57.1px height_norm=0.238 margin=40.57 distance=0.24764781519476584
[exp2] phase=continuous_yaw center_error=0.013 raw_yaw_deg=-34.44 calibrated_yaw_deg=-34.44 target_yaw_deg=0.00 yaw_source=calibrated_pnp corner_error_deg=25.27 height_norm=0.238
[map] motion direction=left speed=0.15 effective_seconds=0.4072551727294922 pose={'x_m': -0.5404816195509833, 'y_m': -0.1652282462637403, 'heading_rad': 1.0419192619431579}
[base] continuous stop label=exp2_yaw_align elapsed=0.407s
[base] stop
[exp2] continuous x guard preempted yaw error=0.013 limit=0.012; camera_settle_seconds=0.200
[base] stop
[base] stop
[base] stop
[base] stop
[base] stop
[base] stop
[base] stop
[base] stop
[base] stop
[tag] backend=pupil_apriltags id=0 center=(169.4,173.7) error_x=0.029 yaw_deg=-34.98 height=56.6px height_norm=0.236 margin=40.81 distance=0.2470301746257332
[exp2] phase=continuous_center center_error=0.029 raw_yaw_deg=-34.98 calibrated_yaw_deg=-34.98 target_yaw_deg=0.00 yaw_source=calibrated_pnp corner_error_deg=26.81 height_norm=0.236
[base] continuous start label=exp2_center_align direction=backward requested_speed=0.2 effective_speed=0.2
[exp2] continuous center correction direction=backward
[tag] backend=pupil_apriltags id=0 center=(169.4,173.8) error_x=0.029 yaw_deg=-34.91 height=56.6px height_norm=0.236 margin=40.93 distance=0.24720473718232833
[exp2] phase=continuous_center center_error=0.029 raw_yaw_deg=-34.91 calibrated_yaw_deg=-34.91 target_yaw_deg=0.00 yaw_source=calibrated_pnp corner_error_deg=26.79 height_norm=0.236
[exp2] continuous center correction direction=backward
[tag] backend=pupil_apriltags id=0 center=(168.7,173.6) error_x=0.027 yaw_deg=-34.21 height=56.5px height_norm=0.236 margin=40.83 distance=0.2477850842500751
[exp2] phase=continuous_center center_error=0.027 raw_yaw_deg=-34.21 calibrated_yaw_deg=-34.21 target_yaw_deg=0.00 yaw_source=calibrated_pnp corner_error_deg=26.13 height_norm=0.236
[exp2] continuous center correction direction=backward
[tag] backend=pupil_apriltags id=0 center=(167.1,173.9) error_x=0.022 yaw_deg=-34.1 height=56.3px height_norm=0.234 margin=40.63 distance=0.24836659955978815
[exp2] phase=continuous_center center_error=0.022 raw_yaw_deg=-34.1 calibrated_yaw_deg=-34.1 target_yaw_deg=0.00 yaw_source=calibrated_pnp corner_error_deg=26.06 height_norm=0.234
[exp2] continuous center correction direction=backward
[tag] backend=pupil_apriltags id=0 center=(165.4,173.7) error_x=0.017 yaw_deg=-34.35 height=56.4px height_norm=0.235 margin=40.82 distance=0.24807351150907042
[exp2] phase=continuous_center center_error=0.017 raw_yaw_deg=-34.35 calibrated_yaw_deg=-34.35 target_yaw_deg=0.00 yaw_source=calibrated_pnp corner_error_deg=25.48 height_norm=0.235
[exp2] continuous center correction direction=backward
[tag] backend=pupil_apriltags id=0 center=(162.3,173.8) error_x=0.007 yaw_deg=-32.87 height=56.1px height_norm=0.234 margin=40.35 distance=0.2491358571901936
[exp2] phase=continuous_center center_error=0.007 raw_yaw_deg=-32.87 calibrated_yaw_deg=-32.87 target_yaw_deg=0.00 yaw_source=calibrated_pnp corner_error_deg=24.39 height_norm=0.234
[map] motion direction=backward speed=0.2 effective_seconds=0.3438124656677246 pose={'x_m': -0.550128881041578, 'y_m': -0.1708661981684848, 'heading_rad': 1.0419192619431579}
[base] continuous stop label=exp2_center_align elapsed=0.344s
[base] stop
[exp2] center accepted; switching to yaw after 0.200s
[base] stop
[base] stop
[base] stop
[base] stop
[base] stop
[base] stop
[base] stop
[base] stop
[base] stop
[tag] backend=pupil_apriltags id=0 center=(157.9,173.9) error_x=-0.006 yaw_deg=-31.82 height=55.8px height_norm=0.232 margin=40.24 distance=0.2499672480441637
[exp2] phase=continuous_yaw center_error=-0.006 raw_yaw_deg=-31.82 calibrated_yaw_deg=-31.82 target_yaw_deg=0.00 yaw_source=calibrated_pnp corner_error_deg=22.90 height_norm=0.232
[base] continuous start label=exp2_yaw_align direction=left requested_speed=0.15 effective_speed=0.15
[exp2] continuous yaw correction direction=left
[tag] backend=pupil_apriltags id=0 center=(158.0,173.9) error_x=-0.006 yaw_deg=-32.06 height=55.8px height_norm=0.233 margin=40.09 distance=0.24985256542189752
[exp2] phase=continuous_yaw center_error=-0.006 raw_yaw_deg=-32.06 calibrated_yaw_deg=-32.06 target_yaw_deg=0.00 yaw_source=calibrated_pnp corner_error_deg=23.00 height_norm=0.233
[exp2] continuous yaw correction direction=left
[tag] backend=pupil_apriltags id=0 center=(157.9,173.8) error_x=-0.006 yaw_deg=-32.07 height=55.9px height_norm=0.233 margin=40.33 distance=0.24916016397863833
[exp2] phase=continuous_yaw center_error=-0.006 raw_yaw_deg=-32.07 calibrated_yaw_deg=-32.07 target_yaw_deg=0.00 yaw_source=calibrated_pnp corner_error_deg=22.93 height_norm=0.233
[exp2] continuous yaw correction direction=left
[tag] backend=pupil_apriltags id=0 center=(159.5,173.7) error_x=-0.002 yaw_deg=-32.39 height=56.0px height_norm=0.233 margin=40.38 distance=0.24949907089366583
[exp2] phase=continuous_yaw center_error=-0.002 raw_yaw_deg=-32.39 calibrated_yaw_deg=-32.39 target_yaw_deg=0.00 yaw_source=calibrated_pnp corner_error_deg=23.42 height_norm=0.233
[exp2] continuous yaw correction direction=left
[tag] backend=pupil_apriltags id=0 center=(160.8,173.4) error_x=0.002 yaw_deg=-32.09 height=55.7px height_norm=0.232 margin=40.04 distance=0.2496599835476462
[exp2] phase=continuous_yaw center_error=0.002 raw_yaw_deg=-32.09 calibrated_yaw_deg=-32.09 target_yaw_deg=0.00 yaw_source=calibrated_pnp corner_error_deg=23.46 height_norm=0.232
[exp2] continuous yaw correction direction=left
[tag] backend=pupil_apriltags id=0 center=(164.5,173.1) error_x=0.014 yaw_deg=-32.08 height=55.4px height_norm=0.231 margin=40.74 distance=0.2511234026244212
[exp2] phase=continuous_yaw center_error=0.014 raw_yaw_deg=-32.08 calibrated_yaw_deg=-32.08 target_yaw_deg=0.00 yaw_source=calibrated_pnp corner_error_deg=23.34 height_norm=0.231
[map] motion direction=left speed=0.15 effective_seconds=0.3529033660888672 pose={'x_m': -0.550128881041578, 'y_m': -0.1708661981684848, 'heading_rad': 0.9886174051002747}
[base] continuous stop label=exp2_yaw_align elapsed=0.353s
[base] stop
[exp2] continuous x guard preempted yaw error=0.014 limit=0.012; camera_settle_seconds=0.200
[base] stop
[base] stop
[base] stop
[base] stop
[base] stop
[base] stop
[base] stop
[base] stop
[base] stop
[tag] backend=pupil_apriltags id=0 center=(168.0,173.0) error_x=0.025 yaw_deg=-31.98 height=55.2px height_norm=0.230 margin=40.52 distance=0.25066739706675195
[exp2] phase=continuous_center center_error=0.025 raw_yaw_deg=-31.98 calibrated_yaw_deg=-31.98 target_yaw_deg=0.00 yaw_source=calibrated_pnp corner_error_deg=24.22 height_norm=0.230
[base] continuous start label=exp2_center_align direction=backward requested_speed=0.2 effective_speed=0.2
[exp2] continuous center correction direction=backward
[tag] backend=pupil_apriltags id=0 center=(168.0,173.0) error_x=0.025 yaw_deg=-31.99 height=55.3px height_norm=0.230 margin=40.11 distance=0.25055570223322277
[exp2] phase=continuous_center center_error=0.025 raw_yaw_deg=-31.99 calibrated_yaw_deg=-31.99 target_yaw_deg=0.00 yaw_source=calibrated_pnp corner_error_deg=24.24 height_norm=0.230
[exp2] continuous center correction direction=backward
[tag] backend=pupil_apriltags id=0 center=(167.8,172.8) error_x=0.024 yaw_deg=-31.77 height=55.1px height_norm=0.230 margin=40.77 distance=0.2508183705357758
[exp2] phase=continuous_center center_error=0.024 raw_yaw_deg=-31.77 calibrated_yaw_deg=-31.77 target_yaw_deg=0.00 yaw_source=calibrated_pnp corner_error_deg=23.91 height_norm=0.230
[exp2] continuous center correction direction=backward
[tag] backend=pupil_apriltags id=0 center=(166.0,173.0) error_x=0.019 yaw_deg=-31.69 height=55.2px height_norm=0.230 margin=40.70 distance=0.2502474483464394
[exp2] phase=continuous_center center_error=0.019 raw_yaw_deg=-31.69 calibrated_yaw_deg=-31.69 target_yaw_deg=0.00 yaw_source=calibrated_pnp corner_error_deg=23.56 height_norm=0.230
[exp2] continuous center correction direction=backward
[tag] backend=pupil_apriltags id=0 center=(164.8,173.0) error_x=0.015 yaw_deg=-31.48 height=55.0px height_norm=0.229 margin=40.59 distance=0.25081652710920344
[exp2] phase=continuous_center center_error=0.015 raw_yaw_deg=-31.48 calibrated_yaw_deg=-31.48 target_yaw_deg=0.00 yaw_source=calibrated_pnp corner_error_deg=23.38 height_norm=0.229
[exp2] continuous center correction direction=backward
[tag] backend=pupil_apriltags id=0 center=(160.9,172.9) error_x=0.003 yaw_deg=-30.8 height=55.0px height_norm=0.229 margin=40.28 distance=0.2500446393640624
[exp2] phase=continuous_center center_error=0.003 raw_yaw_deg=-30.8 calibrated_yaw_deg=-30.8 target_yaw_deg=0.00 yaw_source=calibrated_pnp corner_error_deg=22.81 height_norm=0.229
[map] motion direction=backward speed=0.2 effective_seconds=0.3624441623687744 pose={'x_m': -0.5599678494709989, 'y_m': -0.17734306436206498, 'heading_rad': 0.9886174051002747}
[base] continuous stop label=exp2_center_align elapsed=0.362s
[base] stop
[exp2] center accepted; switching to yaw after 0.200s
[base] stop
[base] stop
[base] stop
[base] stop
[base] stop
[base] stop
[base] stop
[base] stop
[base] stop
[tag] backend=pupil_apriltags id=0 center=(155.7,172.9) error_x=-0.014 yaw_deg=-29.3 height=54.6px height_norm=0.228 margin=39.91 distance=0.2515234975256353
[exp2] phase=continuous_yaw center_error=-0.014 raw_yaw_deg=-29.3 calibrated_yaw_deg=-29.3 target_yaw_deg=0.00 yaw_source=calibrated_pnp corner_error_deg=21.01 height_norm=0.228
[base] stop
[exp2] continuous x guard preempted yaw error=-0.014 limit=0.012; camera_settle_seconds=0.200
[base] stop
[base] stop
[base] stop
[base] stop
[base] stop
[base] stop
[base] stop
[base] stop
[base] stop
[tag] backend=pupil_apriltags id=0 center=(155.7,172.9) error_x=-0.013 yaw_deg=-29.48 height=54.8px height_norm=0.228 margin=39.96 distance=0.2510407351953055
[exp2] phase=continuous_center center_error=-0.013 raw_yaw_deg=-29.48 calibrated_yaw_deg=-29.48 target_yaw_deg=0.00 yaw_source=calibrated_pnp corner_error_deg=21.29 height_norm=0.228
[base] continuous start label=exp2_center_align direction=forward requested_speed=0.2 effective_speed=0.2
[exp2] continuous center correction direction=forward
[tag] backend=pupil_apriltags id=0 center=(155.7,172.8) error_x=-0.014 yaw_deg=-29.36 height=54.7px height_norm=0.228 margin=39.98 distance=0.2512111465767814
[exp2] phase=continuous_center center_error=-0.014 raw_yaw_deg=-29.36 calibrated_yaw_deg=-29.36 target_yaw_deg=0.00 yaw_source=calibrated_pnp corner_error_deg=21.11 height_norm=0.228
[exp2] continuous center correction direction=forward
[tag] backend=pupil_apriltags id=0 center=(155.8,172.8) error_x=-0.013 yaw_deg=-29.26 height=54.6px height_norm=0.228 margin=39.88 distance=0.2517889959987904
[exp2] phase=continuous_center center_error=-0.013 raw_yaw_deg=-29.26 calibrated_yaw_deg=-29.26 target_yaw_deg=0.00 yaw_source=calibrated_pnp corner_error_deg=20.97 height_norm=0.228
[exp2] continuous center correction direction=forward
[tag] backend=pupil_apriltags id=0 center=(157.5,173.0) error_x=-0.008 yaw_deg=-30.2 height=55.0px height_norm=0.229 margin=40.14 distance=0.2502571458209839
[exp2] phase=continuous_center center_error=-0.008 raw_yaw_deg=-30.2 calibrated_yaw_deg=-30.2 target_yaw_deg=0.00 yaw_source=calibrated_pnp corner_error_deg=21.67 height_norm=0.229
[map] motion direction=forward speed=0.2 effective_seconds=0.22529864311218262 pose={'x_m': -0.5538518557072016, 'y_m': -0.17331698443986152, 'heading_rad': 0.9886174051002747}
[base] continuous stop label=exp2_center_align elapsed=0.225s
[base] stop
[exp2] center accepted; switching to yaw after 0.200s
[base] stop
[base] stop
[base] stop
[base] stop
[base] stop
[base] stop
[base] stop
[base] stop
[base] stop
[tag] backend=pupil_apriltags id=0 center=(162.6,173.1) error_x=0.008 yaw_deg=-30.48 height=54.9px height_norm=0.229 margin=40.13 distance=0.2509269693517631
[exp2] phase=continuous_yaw center_error=0.008 raw_yaw_deg=-30.48 calibrated_yaw_deg=-30.48 target_yaw_deg=0.00 yaw_source=calibrated_pnp corner_error_deg=23.04 height_norm=0.229
[base] continuous start label=exp2_yaw_align direction=left requested_speed=0.15 effective_speed=0.15
[exp2] continuous yaw correction direction=left
[tag] backend=pupil_apriltags id=0 center=(162.6,173.2) error_x=0.008 yaw_deg=-30.5 height=54.9px height_norm=0.229 margin=39.96 distance=0.2510634863757554
[exp2] phase=continuous_yaw center_error=0.008 raw_yaw_deg=-30.5 calibrated_yaw_deg=-30.5 target_yaw_deg=0.00 yaw_source=calibrated_pnp corner_error_deg=23.09 height_norm=0.229
[exp2] continuous yaw correction direction=left
[tag] backend=pupil_apriltags id=0 center=(162.9,173.2) error_x=0.009 yaw_deg=-31.18 height=55.2px height_norm=0.230 margin=39.90 distance=0.2502734579672601
[exp2] phase=continuous_yaw center_error=0.009 raw_yaw_deg=-31.18 calibrated_yaw_deg=-31.18 target_yaw_deg=0.00 yaw_source=calibrated_pnp corner_error_deg=23.10 height_norm=0.230
[exp2] continuous yaw correction direction=left
[tag] backend=pupil_apriltags id=0 center=(164.0,173.0) error_x=0.013 yaw_deg=-30.87 height=55.0px height_norm=0.229 margin=40.52 distance=0.25156324453040335
[exp2] phase=continuous_yaw center_error=0.013 raw_yaw_deg=-30.87 calibrated_yaw_deg=-30.87 target_yaw_deg=0.00 yaw_source=calibrated_pnp corner_error_deg=22.66 height_norm=0.229
[map] motion direction=left speed=0.15 effective_seconds=0.223710298538208 pose={'x_m': -0.5538518557072016, 'y_m': -0.17331698443986152, 'heading_rad': 0.9548286247916185}
[base] continuous stop label=exp2_yaw_align elapsed=0.224s
[base] stop
[exp2] continuous x guard preempted yaw error=0.013 limit=0.012; camera_settle_seconds=0.200
[base] stop
[base] stop
[base] stop
[base] stop
[base] stop
[base] stop
[base] stop
[base] stop
[base] stop
[tag] backend=pupil_apriltags id=0 center=(169.0,172.6) error_x=0.028 yaw_deg=-31.54 height=55.1px height_norm=0.229 margin=40.91 distance=0.24932650734886772
[exp2] phase=continuous_center center_error=0.028 raw_yaw_deg=-31.54 calibrated_yaw_deg=-31.54 target_yaw_deg=0.00 yaw_source=calibrated_pnp corner_error_deg=24.74 height_norm=0.229
[base] continuous start label=exp2_center_align direction=backward requested_speed=0.2 effective_speed=0.2
[exp2] continuous center correction direction=backward
[tag] backend=pupil_apriltags id=0 center=(169.0,172.6) error_x=0.028 yaw_deg=-31.29 height=54.9px height_norm=0.229 margin=40.42 distance=0.24990802149124636
[exp2] phase=continuous_center center_error=0.028 raw_yaw_deg=-31.29 calibrated_yaw_deg=-31.29 target_yaw_deg=0.00 yaw_source=calibrated_pnp corner_error_deg=24.36 height_norm=0.229
[exp2] continuous center correction direction=backward
[tag] backend=pupil_apriltags id=0 center=(169.0,172.6) error_x=0.028 yaw_deg=-32.45 height=55.3px height_norm=0.230 margin=40.42 distance=0.24732815959725232
[exp2] phase=continuous_center center_error=0.028 raw_yaw_deg=-32.45 calibrated_yaw_deg=-32.45 target_yaw_deg=0.00 yaw_source=calibrated_pnp corner_error_deg=24.86 height_norm=0.230
[exp2] continuous center correction direction=backward
[tag] backend=pupil_apriltags id=0 center=(167.5,172.5) error_x=0.023 yaw_deg=-31.32 height=55.0px height_norm=0.229 margin=40.48 distance=0.24928594750033117
[exp2] phase=continuous_center center_error=0.023 raw_yaw_deg=-31.32 calibrated_yaw_deg=-31.32 target_yaw_deg=0.00 yaw_source=calibrated_pnp corner_error_deg=24.15 height_norm=0.229
[exp2] continuous center correction direction=backward
[tag] backend=pupil_apriltags id=0 center=(165.6,172.5) error_x=0.017 yaw_deg=-31.23 height=54.6px height_norm=0.227 margin=40.40 distance=0.2505804315113319
[exp2] phase=continuous_center center_error=0.017 raw_yaw_deg=-31.23 calibrated_yaw_deg=-31.23 target_yaw_deg=0.00 yaw_source=calibrated_pnp corner_error_deg=23.02 height_norm=0.227
[exp2] continuous center correction direction=backward
[tag] backend=pupil_apriltags id=0 center=(162.6,172.7) error_x=0.008 yaw_deg=-30.25 height=54.5px height_norm=0.227 margin=39.81 distance=0.25115362033899175
[exp2] phase=continuous_center center_error=0.008 raw_yaw_deg=-30.25 calibrated_yaw_deg=-30.25 target_yaw_deg=0.00 yaw_source=calibrated_pnp corner_error_deg=22.53 height_norm=0.227
[map] motion direction=backward speed=0.2 effective_seconds=0.36372923851013184 pose={'x_m': -0.5635004936045693, 'y_m': -0.1801466668712355, 'heading_rad': 0.9548286247916185}
[base] continuous stop label=exp2_center_align elapsed=0.364s
[base] stop
[exp2] center accepted; switching to yaw after 0.200s
[base] stop
[base] stop
[base] stop
[base] stop
[base] stop
[base] stop
[base] stop
[base] stop
[base] stop
[tag] backend=pupil_apriltags id=0 center=(157.5,172.6) error_x=-0.008 yaw_deg=-29.68 height=54.6px height_norm=0.227 margin=40.04 distance=0.25011783216221617
[exp2] phase=continuous_yaw center_error=-0.008 raw_yaw_deg=-29.68 calibrated_yaw_deg=-29.68 target_yaw_deg=0.00 yaw_source=calibrated_pnp corner_error_deg=21.26 height_norm=0.227
[base] continuous start label=exp2_yaw_align direction=left requested_speed=0.15 effective_speed=0.15
[exp2] continuous yaw correction direction=left
[tag] backend=pupil_apriltags id=0 center=(157.5,172.6) error_x=-0.008 yaw_deg=-29.76 height=54.7px height_norm=0.228 margin=40.08 distance=0.24980135492009026
[exp2] phase=continuous_yaw center_error=-0.008 raw_yaw_deg=-29.76 calibrated_yaw_deg=-29.76 target_yaw_deg=0.00 yaw_source=calibrated_pnp corner_error_deg=21.27 height_norm=0.228
[exp2] continuous yaw correction direction=left
[tag] backend=pupil_apriltags id=0 center=(157.5,172.6) error_x=-0.008 yaw_deg=-29.66 height=54.6px height_norm=0.228 margin=39.89 distance=0.24988267643882442
[exp2] phase=continuous_yaw center_error=-0.008 raw_yaw_deg=-29.66 calibrated_yaw_deg=-29.66 target_yaw_deg=0.00 yaw_source=calibrated_pnp corner_error_deg=21.28 height_norm=0.228
[exp2] continuous yaw correction direction=left
[tag] backend=pupil_apriltags id=0 center=(159.1,172.4) error_x=-0.003 yaw_deg=-29.17 height=54.5px height_norm=0.227 margin=40.12 distance=0.2508864819099759
[exp2] phase=continuous_yaw center_error=-0.003 raw_yaw_deg=-29.17 calibrated_yaw_deg=-29.17 target_yaw_deg=0.00 yaw_source=calibrated_pnp corner_error_deg=21.66 height_norm=0.227
[exp2] continuous yaw correction direction=left
[tag] backend=pupil_apriltags id=0 center=(161.4,172.2) error_x=0.004 yaw_deg=-29.3 height=54.3px height_norm=0.226 margin=39.80 distance=0.25116199430951325
[exp2] phase=continuous_yaw center_error=0.004 raw_yaw_deg=-29.3 calibrated_yaw_deg=-29.3 target_yaw_deg=0.00 yaw_source=calibrated_pnp corner_error_deg=21.87 height_norm=0.226
[exp2] continuous yaw correction direction=left
[tag] backend=pupil_apriltags id=0 center=(163.5,172.1) error_x=0.011 yaw_deg=-29.13 height=53.9px height_norm=0.225 margin=39.80 distance=0.2526256161896042
[exp2] phase=continuous_yaw center_error=0.011 raw_yaw_deg=-29.13 calibrated_yaw_deg=-29.13 target_yaw_deg=0.00 yaw_source=calibrated_pnp corner_error_deg=21.22 height_norm=0.225
[exp2] continuous yaw correction direction=left
[tag] backend=pupil_apriltags id=0 center=(165.7,171.9) error_x=0.018 yaw_deg=-29.6 height=53.7px height_norm=0.224 margin=40.30 distance=0.25253592923064955
[exp2] phase=continuous_yaw center_error=0.018 raw_yaw_deg=-29.6 calibrated_yaw_deg=-29.6 target_yaw_deg=0.00 yaw_source=calibrated_pnp corner_error_deg=21.80 height_norm=0.224
[map] motion direction=left speed=0.15 effective_seconds=0.43738675117492676 pose={'x_m': -0.5635004936045693, 'y_m': -0.1801466668712355, 'heading_rad': 0.8887665572786982}
[base] continuous stop label=exp2_yaw_align elapsed=0.437s
[base] stop
[exp2] continuous x guard preempted yaw error=0.018 limit=0.012; camera_settle_seconds=0.200
[base] stop
[base] stop
[base] stop
[base] stop
[base] stop
[base] stop
[base] stop
[base] stop
[base] stop
[tag] backend=pupil_apriltags id=0 center=(168.8,171.6) error_x=0.027 yaw_deg=-29.81 height=53.8px height_norm=0.224 margin=39.95 distance=0.25148269539059936
[exp2] phase=continuous_center center_error=0.027 raw_yaw_deg=-29.81 calibrated_yaw_deg=-29.81 target_yaw_deg=0.00 yaw_source=calibrated_pnp corner_error_deg=23.25 height_norm=0.224
[base] continuous start label=exp2_center_align direction=backward requested_speed=0.2 effective_speed=0.2
[exp2] continuous center correction direction=backward
[tag] backend=pupil_apriltags id=0 center=(168.8,171.7) error_x=0.028 yaw_deg=-29.86 height=53.8px height_norm=0.224 margin=40.37 distance=0.2514062211949828
[exp2] phase=continuous_center center_error=0.028 raw_yaw_deg=-29.86 calibrated_yaw_deg=-29.86 target_yaw_deg=0.00 yaw_source=calibrated_pnp corner_error_deg=23.18 height_norm=0.224
[exp2] continuous center correction direction=backward
[tag] backend=pupil_apriltags id=0 center=(168.0,171.4) error_x=0.025 yaw_deg=-29.35 height=53.6px height_norm=0.223 margin=40.69 distance=0.2520741746239704
[exp2] phase=continuous_center center_error=0.025 raw_yaw_deg=-29.35 calibrated_yaw_deg=-29.35 target_yaw_deg=0.00 yaw_source=calibrated_pnp corner_error_deg=22.03 height_norm=0.223
[exp2] continuous center correction direction=backward
[tag] backend=pupil_apriltags id=0 center=(166.1,171.5) error_x=0.019 yaw_deg=-29.66 height=53.5px height_norm=0.223 margin=40.63 distance=0.2517202150563772
[exp2] phase=continuous_center center_error=0.019 raw_yaw_deg=-29.66 calibrated_yaw_deg=-29.66 target_yaw_deg=0.00 yaw_source=calibrated_pnp corner_error_deg=21.71 height_norm=0.223
[exp2] continuous center correction direction=backward
[tag] backend=pupil_apriltags id=0 center=(163.2,171.5) error_x=0.010 yaw_deg=-28.07 height=53.3px height_norm=0.222 margin=40.21 distance=0.2537322324952401
[exp2] phase=continuous_center center_error=0.010 raw_yaw_deg=-28.07 calibrated_yaw_deg=-28.07 target_yaw_deg=0.00 yaw_source=calibrated_pnp corner_error_deg=20.49 height_norm=0.222
[map] motion direction=backward speed=0.2 effective_seconds=0.3015613555908203 pose={'x_m': -0.5711087603786393, 'y_m': -0.18632476210840648, 'heading_rad': 0.8887665572786982}
[base] continuous stop label=exp2_center_align elapsed=0.302s
[base] stop
[exp2] center accepted; switching to yaw after 0.200s
[base] stop
[base] stop
[base] stop
[base] stop
[base] stop
[base] stop
[base] stop
[base] stop
[base] stop
[tag] backend=pupil_apriltags id=0 center=(158.6,171.6) error_x=-0.004 yaw_deg=-27.4 height=53.2px height_norm=0.221 margin=39.69 distance=0.2525582498832662
[exp2] phase=continuous_yaw center_error=-0.004 raw_yaw_deg=-27.4 calibrated_yaw_deg=-27.4 target_yaw_deg=0.00 yaw_source=calibrated_pnp corner_error_deg=19.99 height_norm=0.221
[base] continuous start label=exp2_yaw_align direction=left requested_speed=0.15 effective_speed=0.15
[exp2] continuous yaw correction direction=left
[tag] backend=pupil_apriltags id=0 center=(158.6,171.7) error_x=-0.004 yaw_deg=-27.57 height=53.2px height_norm=0.222 margin=39.83 distance=0.25222482140701036
[exp2] phase=continuous_yaw center_error=-0.004 raw_yaw_deg=-27.57 calibrated_yaw_deg=-27.57 target_yaw_deg=0.00 yaw_source=calibrated_pnp corner_error_deg=20.26 height_norm=0.222
[exp2] continuous yaw correction direction=left
[tag] backend=pupil_apriltags id=0 center=(158.6,171.6) error_x=-0.004 yaw_deg=-27.26 height=53.1px height_norm=0.221 margin=39.73 distance=0.2525868321079796
[exp2] phase=continuous_yaw center_error=-0.004 raw_yaw_deg=-27.26 calibrated_yaw_deg=-27.26 target_yaw_deg=0.00 yaw_source=calibrated_pnp corner_error_deg=19.85 height_norm=0.221
[exp2] continuous yaw correction direction=left
[tag] backend=pupil_apriltags id=0 center=(159.6,171.4) error_x=-0.001 yaw_deg=-27.0 height=53.0px height_norm=0.221 margin=40.36 distance=0.2541400468584376
[exp2] phase=continuous_yaw center_error=-0.001 raw_yaw_deg=-27.0 calibrated_yaw_deg=-27.0 target_yaw_deg=0.00 yaw_source=calibrated_pnp corner_error_deg=19.62 height_norm=0.221
[exp2] continuous yaw correction direction=left
[tag] backend=pupil_apriltags id=0 center=(163.6,171.3) error_x=0.011 yaw_deg=-27.32 height=52.8px height_norm=0.220 margin=40.12 distance=0.254880713600874
[exp2] phase=continuous_yaw center_error=0.011 raw_yaw_deg=-27.32 calibrated_yaw_deg=-27.32 target_yaw_deg=0.00 yaw_source=calibrated_pnp corner_error_deg=20.08 height_norm=0.220
[exp2] continuous yaw correction direction=left
[tag] backend=pupil_apriltags id=0 center=(166.2,171.1) error_x=0.019 yaw_deg=-27.86 height=52.8px height_norm=0.220 margin=39.96 distance=0.25402797922132897
[exp2] phase=continuous_yaw center_error=0.019 raw_yaw_deg=-27.86 calibrated_yaw_deg=-27.86 target_yaw_deg=0.00 yaw_source=calibrated_pnp corner_error_deg=21.03 height_norm=0.220
[map] motion direction=left speed=0.15 effective_seconds=0.3796579837799072 pose={'x_m': -0.5711087603786393, 'y_m': -0.18632476210840648, 'heading_rad': 0.831423733590249}
[base] continuous stop label=exp2_yaw_align elapsed=0.380s
[base] stop
[exp2] continuous x guard preempted yaw error=0.019 limit=0.012; camera_settle_seconds=0.200
[base] stop
[base] stop
[base] stop
[base] stop
[base] stop
[base] stop
[base] stop
[base] stop
[base] stop
[tag] backend=pupil_apriltags id=0 center=(169.6,170.8) error_x=0.030 yaw_deg=-27.07 height=52.5px height_norm=0.219 margin=40.80 distance=0.25447184628019803
[exp2] phase=continuous_center center_error=0.030 raw_yaw_deg=-27.07 calibrated_yaw_deg=-27.07 target_yaw_deg=0.00 yaw_source=calibrated_pnp corner_error_deg=21.42 height_norm=0.219
[base] continuous start label=exp2_center_align direction=backward requested_speed=0.2 effective_speed=0.2
[exp2] continuous center correction direction=backward
[tag] backend=pupil_apriltags id=0 center=(169.7,170.8) error_x=0.030 yaw_deg=-27.08 height=52.4px height_norm=0.218 margin=40.01 distance=0.254768920111537
[exp2] phase=continuous_center center_error=0.030 raw_yaw_deg=-27.08 calibrated_yaw_deg=-27.08 target_yaw_deg=0.00 yaw_source=calibrated_pnp corner_error_deg=21.21 height_norm=0.218
[exp2] continuous center correction direction=backward
[tag] backend=pupil_apriltags id=0 center=(169.4,170.8) error_x=0.029 yaw_deg=-27.46 height=52.4px height_norm=0.218 margin=40.39 distance=0.2535789290347769
[exp2] phase=continuous_center center_error=0.029 raw_yaw_deg=-27.46 calibrated_yaw_deg=-27.46 target_yaw_deg=0.00 yaw_source=calibrated_pnp corner_error_deg=21.24 height_norm=0.218
[exp2] continuous center correction direction=backward
[tag] backend=pupil_apriltags id=0 center=(167.5,171.0) error_x=0.023 yaw_deg=-27.17 height=52.2px height_norm=0.217 margin=40.57 distance=0.25424967320802355
[exp2] phase=continuous_center center_error=0.023 raw_yaw_deg=-27.17 calibrated_yaw_deg=-27.17 target_yaw_deg=0.00 yaw_source=calibrated_pnp corner_error_deg=20.40 height_norm=0.217
[exp2] continuous center correction direction=backward
[tag] backend=pupil_apriltags id=0 center=(166.6,170.7) error_x=0.021 yaw_deg=-26.61 height=52.2px height_norm=0.218 margin=40.25 distance=0.25523119344008266
[exp2] phase=continuous_center center_error=0.021 raw_yaw_deg=-26.61 calibrated_yaw_deg=-26.61 target_yaw_deg=0.00 yaw_source=calibrated_pnp corner_error_deg=20.41 height_norm=0.218
[exp2] continuous center correction direction=backward
[tag] backend=pupil_apriltags id=0 center=(163.0,170.6) error_x=0.009 yaw_deg=-25.91 height=52.0px height_norm=0.217 margin=39.77 distance=0.2559459849621141
[exp2] phase=continuous_center center_error=0.009 raw_yaw_deg=-25.91 calibrated_yaw_deg=-25.91 target_yaw_deg=0.00 yaw_source=calibrated_pnp corner_error_deg=19.27 height_norm=0.217
[map] motion direction=backward speed=0.2 effective_seconds=0.38085079193115234 pose={'x_m': -0.5802545008800605, 'y_m': -0.1946651259174196, 'heading_rad': 0.831423733590249}
[base] continuous stop label=exp2_center_align elapsed=0.381s
[base] stop
[exp2] center accepted; switching to yaw after 0.200s
[base] stop
[base] stop
[base] stop
[base] stop
[base] stop
[base] stop
[base] stop
[base] stop
[base] stop
[tag] backend=pupil_apriltags id=0 center=(158.1,170.9) error_x=-0.006 yaw_deg=-24.66 height=51.8px height_norm=0.216 margin=39.63 distance=0.25597437056797734
[exp2] phase=continuous_yaw center_error=-0.006 raw_yaw_deg=-24.66 calibrated_yaw_deg=-24.66 target_yaw_deg=0.00 yaw_source=calibrated_pnp corner_error_deg=18.16 height_norm=0.216
[base] continuous start label=exp2_yaw_align direction=left requested_speed=0.15 effective_speed=0.15
[exp2] continuous yaw correction direction=left
[tag] backend=pupil_apriltags id=0 center=(158.1,171.0) error_x=-0.006 yaw_deg=-24.72 height=51.8px height_norm=0.216 margin=39.58 distance=0.25592012749032933
[exp2] phase=continuous_yaw center_error=-0.006 raw_yaw_deg=-24.72 calibrated_yaw_deg=-24.72 target_yaw_deg=0.00 yaw_source=calibrated_pnp corner_error_deg=18.29 height_norm=0.216
[exp2] continuous yaw correction direction=left
[tag] backend=pupil_apriltags id=0 center=(158.1,170.9) error_x=-0.006 yaw_deg=-24.81 height=51.9px height_norm=0.216 margin=39.57 distance=0.25578559671626766
[exp2] phase=continuous_yaw center_error=-0.006 raw_yaw_deg=-24.81 calibrated_yaw_deg=-24.81 target_yaw_deg=0.00 yaw_source=calibrated_pnp corner_error_deg=18.27 height_norm=0.216
[exp2] continuous yaw correction direction=left
[tag] backend=pupil_apriltags id=0 center=(158.7,170.8) error_x=-0.004 yaw_deg=-24.77 height=51.7px height_norm=0.215 margin=39.58 distance=0.25584083156072074
[exp2] phase=continuous_yaw center_error=-0.004 raw_yaw_deg=-24.77 calibrated_yaw_deg=-24.77 target_yaw_deg=0.00 yaw_source=calibrated_pnp corner_error_deg=18.05 height_norm=0.215
[exp2] continuous yaw correction direction=left
[tag] backend=pupil_apriltags id=0 center=(160.5,170.7) error_x=0.002 yaw_deg=-24.97 height=51.7px height_norm=0.215 margin=39.76 distance=0.2562932801396933
[exp2] phase=continuous_yaw center_error=0.002 raw_yaw_deg=-24.97 calibrated_yaw_deg=-24.97 target_yaw_deg=0.00 yaw_source=calibrated_pnp corner_error_deg=18.44 height_norm=0.215
[exp2] continuous yaw correction direction=left
[tag] backend=pupil_apriltags id=0 center=(162.8,170.4) error_x=0.009 yaw_deg=-24.49 height=51.4px height_norm=0.214 margin=40.25 distance=0.2578050436550786
[exp2] phase=continuous_yaw center_error=0.009 raw_yaw_deg=-24.49 calibrated_yaw_deg=-24.49 target_yaw_deg=0.00 yaw_source=calibrated_pnp corner_error_deg=18.18 height_norm=0.214
[exp2] continuous yaw correction direction=left
[tag] backend=pupil_apriltags id=0 center=(166.6,170.2) error_x=0.021 yaw_deg=-25.28 height=51.3px height_norm=0.214 margin=39.89 distance=0.25673541725784355
[exp2] phase=continuous_yaw center_error=0.021 raw_yaw_deg=-25.28 calibrated_yaw_deg=-25.28 target_yaw_deg=0.00 yaw_source=calibrated_pnp corner_error_deg=19.39 height_norm=0.214
[map] motion direction=left speed=0.15 effective_seconds=0.4519081115722656 pose={'x_m': -0.5802545008800605, 'y_m': -0.1946651259174196, 'heading_rad': 0.7631683872723087}
[base] continuous stop label=exp2_yaw_align elapsed=0.452s
[base] stop
[exp2] continuous x guard preempted yaw error=0.021 limit=0.012; camera_settle_seconds=0.200
[base] stop
[base] stop
[base] stop
[base] stop
[base] stop
[base] stop
[base] stop
[base] stop
[base] stop
[tag] backend=pupil_apriltags id=0 center=(170.6,170.0) error_x=0.033 yaw_deg=-25.4 height=51.0px height_norm=0.213 margin=40.09 distance=0.25648887764127165
[exp2] phase=continuous_center center_error=0.033 raw_yaw_deg=-25.4 calibrated_yaw_deg=-25.4 target_yaw_deg=0.00 yaw_source=calibrated_pnp corner_error_deg=19.76 height_norm=0.213
[base] continuous start label=exp2_center_align direction=backward requested_speed=0.2 effective_speed=0.2
[exp2] continuous center correction direction=backward
[tag] backend=pupil_apriltags id=0 center=(170.7,170.0) error_x=0.033 yaw_deg=-25.2 height=51.0px height_norm=0.212 margin=40.34 distance=0.2565984706997339
[exp2] phase=continuous_center center_error=0.033 raw_yaw_deg=-25.2 calibrated_yaw_deg=-25.2 target_yaw_deg=0.00 yaw_source=calibrated_pnp corner_error_deg=19.74 height_norm=0.212
[exp2] continuous center correction direction=backward
[tag] backend=pupil_apriltags id=0 center=(170.1,170.0) error_x=0.032 yaw_deg=-25.02 height=50.9px height_norm=0.212 margin=39.47 distance=0.2564858683573107
[exp2] phase=continuous_center center_error=0.032 raw_yaw_deg=-25.02 calibrated_yaw_deg=-25.02 target_yaw_deg=0.00 yaw_source=calibrated_pnp corner_error_deg=20.02 height_norm=0.212
[exp2] continuous center correction direction=backward
[tag] backend=pupil_apriltags id=0 center=(167.9,170.1) error_x=0.025 yaw_deg=-24.89 height=50.9px height_norm=0.212 margin=39.36 distance=0.25647648983151267
[exp2] phase=continuous_center center_error=0.025 raw_yaw_deg=-24.89 calibrated_yaw_deg=-24.89 target_yaw_deg=0.00 yaw_source=calibrated_pnp corner_error_deg=19.59 height_norm=0.212
[exp2] continuous center correction direction=backward
[tag] backend=pupil_apriltags id=0 center=(166.3,170.1) error_x=0.020 yaw_deg=-24.85 height=50.7px height_norm=0.211 margin=39.53 distance=0.2574524028968992
[exp2] phase=continuous_center center_error=0.020 raw_yaw_deg=-24.85 calibrated_yaw_deg=-24.85 target_yaw_deg=0.00 yaw_source=calibrated_pnp corner_error_deg=19.07 height_norm=0.211
[exp2] continuous center correction direction=backward
[tag] backend=pupil_apriltags id=0 center=(163.0,170.0) error_x=0.009 yaw_deg=-22.5 height=50.5px height_norm=0.210 margin=39.56 distance=0.2593348117088999
[exp2] phase=continuous_center center_error=0.009 raw_yaw_deg=-22.5 calibrated_yaw_deg=-22.5 target_yaw_deg=0.00 yaw_source=calibrated_pnp corner_error_deg=17.05 height_norm=0.210
[map] motion direction=backward speed=0.2 effective_seconds=0.38542962074279785 pose={'x_m': -0.5889129740719606, 'y_m': -0.20371736923671857, 'heading_rad': 0.7631683872723087}
[base] continuous stop label=exp2_center_align elapsed=0.385s
[base] stop
[exp2] center accepted; switching to yaw after 0.200s
[base] stop
[base] stop
[base] stop
[base] stop
[base] stop
[base] stop
[base] stop
[base] stop
[base] stop
[tag] backend=pupil_apriltags id=0 center=(158.2,170.2) error_x=-0.006 yaw_deg=-22.1 height=50.3px height_norm=0.210 margin=39.20 distance=0.25821132300763433
[exp2] phase=continuous_yaw center_error=-0.006 raw_yaw_deg=-22.1 calibrated_yaw_deg=-22.1 target_yaw_deg=0.00 yaw_source=calibrated_pnp corner_error_deg=16.49 height_norm=0.210
[base] continuous start label=exp2_yaw_align direction=left requested_speed=0.15 effective_speed=0.15
[exp2] continuous yaw correction direction=left
[tag] backend=pupil_apriltags id=0 center=(158.3,170.1) error_x=-0.005 yaw_deg=-22.21 height=50.3px height_norm=0.210 margin=39.10 distance=0.2579565970441973
[exp2] phase=continuous_yaw center_error=-0.005 raw_yaw_deg=-22.21 calibrated_yaw_deg=-22.21 target_yaw_deg=0.00 yaw_source=calibrated_pnp corner_error_deg=16.63 height_norm=0.210
[exp2] continuous yaw correction direction=left
[tag] backend=pupil_apriltags id=0 center=(158.3,170.1) error_x=-0.005 yaw_deg=-22.0 height=50.3px height_norm=0.209 margin=39.04 distance=0.25835071480690797
[exp2] phase=continuous_yaw center_error=-0.005 raw_yaw_deg=-22.0 calibrated_yaw_deg=-22.0 target_yaw_deg=0.00 yaw_source=calibrated_pnp corner_error_deg=16.52 height_norm=0.209
[exp2] continuous yaw correction direction=left
[tag] backend=pupil_apriltags id=0 center=(158.9,170.1) error_x=-0.003 yaw_deg=-22.5 height=50.4px height_norm=0.210 margin=38.86 distance=0.2577692327442412
[exp2] phase=continuous_yaw center_error=-0.003 raw_yaw_deg=-22.5 calibrated_yaw_deg=-22.5 target_yaw_deg=0.00 yaw_source=calibrated_pnp corner_error_deg=16.61 height_norm=0.210
[exp2] continuous yaw correction direction=left
[tag] backend=pupil_apriltags id=0 center=(161.4,170.0) error_x=0.004 yaw_deg=-21.9 height=50.0px height_norm=0.208 margin=39.95 distance=0.2599376606345333
[exp2] phase=continuous_yaw center_error=0.004 raw_yaw_deg=-21.9 calibrated_yaw_deg=-21.9 target_yaw_deg=0.00 yaw_source=calibrated_pnp corner_error_deg=16.69 height_norm=0.208
[exp2] continuous yaw correction direction=left
[tag] backend=pupil_apriltags id=0 center=(164.1,169.8) error_x=0.013 yaw_deg=-22.67 height=49.9px height_norm=0.208 margin=39.08 distance=0.2602709327589282
[exp2] phase=continuous_yaw center_error=0.013 raw_yaw_deg=-22.67 calibrated_yaw_deg=-22.67 target_yaw_deg=0.00 yaw_source=calibrated_pnp corner_error_deg=16.96 height_norm=0.208
[map] motion direction=left speed=0.15 effective_seconds=0.42055368423461914 pose={'x_m': -0.5889129740719606, 'y_m': -0.20371736923671857, 'heading_rad': 0.6996487543477086}
[base] continuous stop label=exp2_yaw_align elapsed=0.421s
[base] stop
[exp2] continuous x guard preempted yaw error=0.013 limit=0.012; camera_settle_seconds=0.200
[base] stop
[base] stop
[base] stop
[base] stop
[base] stop
[base] stop
[base] stop
[base] stop
[base] stop
[tag] backend=pupil_apriltags id=0 center=(170.5,169.5) error_x=0.033 yaw_deg=-22.67 height=49.8px height_norm=0.207 margin=39.71 distance=0.25902105447145846
[exp2] phase=continuous_center center_error=0.033 raw_yaw_deg=-22.67 calibrated_yaw_deg=-22.67 target_yaw_deg=0.00 yaw_source=calibrated_pnp corner_error_deg=17.90 height_norm=0.207
[base] continuous start label=exp2_center_align direction=backward requested_speed=0.2 effective_speed=0.2
[exp2] continuous center correction direction=backward
[tag] backend=pupil_apriltags id=0 center=(170.6,169.5) error_x=0.033 yaw_deg=-22.74 height=49.8px height_norm=0.207 margin=40.61 distance=0.25835134192186004
[exp2] phase=continuous_center center_error=0.033 raw_yaw_deg=-22.74 calibrated_yaw_deg=-22.74 target_yaw_deg=0.00 yaw_source=calibrated_pnp corner_error_deg=17.98 height_norm=0.207
[exp2] continuous center correction direction=backward
[tag] backend=pupil_apriltags id=0 center=(170.0,169.5) error_x=0.031 yaw_deg=-22.2 height=49.7px height_norm=0.207 margin=39.70 distance=0.2581922172275286
[exp2] phase=continuous_center center_error=0.031 raw_yaw_deg=-22.2 calibrated_yaw_deg=-22.2 target_yaw_deg=0.00 yaw_source=calibrated_pnp corner_error_deg=18.29 height_norm=0.207
[exp2] continuous center correction direction=backward
[tag] backend=pupil_apriltags id=0 center=(167.4,169.8) error_x=0.023 yaw_deg=-22.57 height=49.7px height_norm=0.207 margin=39.57 distance=0.2587083587228497
[exp2] phase=continuous_center center_error=0.023 raw_yaw_deg=-22.57 calibrated_yaw_deg=-22.57 target_yaw_deg=0.00 yaw_source=calibrated_pnp corner_error_deg=17.78 height_norm=0.207
[exp2] continuous center correction direction=backward
[tag] backend=pupil_apriltags id=0 center=(165.7,169.6) error_x=0.018 yaw_deg=-21.68 height=49.3px height_norm=0.205 margin=39.79 distance=0.2599457029623636
[exp2] phase=continuous_center center_error=0.018 raw_yaw_deg=-21.68 calibrated_yaw_deg=-21.68 target_yaw_deg=0.00 yaw_source=calibrated_pnp corner_error_deg=17.36 height_norm=0.205
[exp2] continuous center correction direction=backward
[tag] backend=pupil_apriltags id=0 center=(163.0,169.7) error_x=0.009 yaw_deg=-20.88 height=49.4px height_norm=0.206 margin=39.69 distance=0.2600817270804801
[exp2] phase=continuous_center center_error=0.009 raw_yaw_deg=-20.88 calibrated_yaw_deg=-20.88 target_yaw_deg=0.00 yaw_source=calibrated_pnp corner_error_deg=16.21 height_norm=0.206
[map] motion direction=backward speed=0.2 effective_seconds=0.40299534797668457 pose={'x_m': -0.5973469987404615, 'y_m': -0.21373773718016648, 'heading_rad': 0.6996487543477086}
[base] continuous stop label=exp2_center_align elapsed=0.403s
[base] stop
[exp2] center accepted; switching to yaw after 0.200s
[base] stop
[base] stop
[base] stop
[base] stop
[base] stop
[base] stop
[base] stop
[base] stop
[base] stop
[tag] backend=pupil_apriltags id=0 center=(159.1,169.8) error_x=-0.003 yaw_deg=-19.91 height=49.1px height_norm=0.204 margin=39.49 distance=0.2599802479934059
[exp2] phase=continuous_yaw center_error=-0.003 raw_yaw_deg=-19.91 calibrated_yaw_deg=-19.91 target_yaw_deg=0.00 yaw_source=calibrated_pnp corner_error_deg=15.14 height_norm=0.204
[base] continuous start label=exp2_yaw_align direction=left requested_speed=0.15 effective_speed=0.15
[exp2] continuous yaw correction direction=left
[tag] backend=pupil_apriltags id=0 center=(159.0,169.8) error_x=-0.003 yaw_deg=-19.94 height=49.1px height_norm=0.205 margin=39.75 distance=0.25993360775999336
[exp2] phase=continuous_yaw center_error=-0.003 raw_yaw_deg=-19.94 calibrated_yaw_deg=-19.94 target_yaw_deg=0.00 yaw_source=calibrated_pnp corner_error_deg=15.26 height_norm=0.205
[exp2] continuous yaw correction direction=left
[tag] backend=pupil_apriltags id=0 center=(159.0,169.9) error_x=-0.003 yaw_deg=-19.92 height=49.1px height_norm=0.205 margin=39.05 distance=0.26014164170899334
[exp2] phase=continuous_yaw center_error=-0.003 raw_yaw_deg=-19.92 calibrated_yaw_deg=-19.92 target_yaw_deg=0.00 yaw_source=calibrated_pnp corner_error_deg=15.33 height_norm=0.205
[exp2] continuous yaw correction direction=left
[tag] backend=pupil_apriltags id=0 center=(159.8,169.6) error_x=-0.001 yaw_deg=-19.22 height=48.9px height_norm=0.204 margin=39.05 distance=0.26050898128729233
[exp2] phase=continuous_yaw center_error=-0.001 raw_yaw_deg=-19.22 calibrated_yaw_deg=-19.22 target_yaw_deg=0.00 yaw_source=calibrated_pnp corner_error_deg=15.34 height_norm=0.204
[exp2] continuous yaw correction direction=left
[tag] backend=pupil_apriltags id=0 center=(161.9,169.4) error_x=0.006 yaw_deg=-19.48 height=48.9px height_norm=0.204 margin=39.38 distance=0.26122024875491856
[exp2] phase=continuous_yaw center_error=0.006 raw_yaw_deg=-19.48 calibrated_yaw_deg=-19.48 target_yaw_deg=0.00 yaw_source=calibrated_pnp corner_error_deg=15.32 height_norm=0.204
[exp2] continuous yaw correction direction=left
[tag] backend=pupil_apriltags id=0 center=(164.1,169.1) error_x=0.013 yaw_deg=-19.9 height=48.7px height_norm=0.203 margin=39.38 distance=0.26215570698086155
[exp2] phase=continuous_yaw center_error=0.013 raw_yaw_deg=-19.9 calibrated_yaw_deg=-19.9 target_yaw_deg=0.00 yaw_source=calibrated_pnp corner_error_deg=15.46 height_norm=0.203
[map] motion direction=left speed=0.15 effective_seconds=0.39531469345092773 pose={'x_m': -0.5973469987404615, 'y_m': -0.21373773718016648, 'heading_rad': 0.6399411708476306}
[base] continuous stop label=exp2_yaw_align elapsed=0.395s
[base] stop
[exp2] continuous x guard preempted yaw error=0.013 limit=0.012; camera_settle_seconds=0.200
[base] stop
[base] stop
[base] stop
[base] stop
[base] stop
[base] stop
[base] stop
[base] stop
[base] stop
[tag] backend=pupil_apriltags id=0 center=(168.2,168.8) error_x=0.026 yaw_deg=-19.41 height=48.5px height_norm=0.202 margin=39.37 distance=0.26181174417242
[exp2] phase=continuous_center center_error=0.026 raw_yaw_deg=-19.41 calibrated_yaw_deg=-19.41 target_yaw_deg=0.00 yaw_source=calibrated_pnp corner_error_deg=16.06 height_norm=0.202
[base] continuous start label=exp2_center_align direction=backward requested_speed=0.2 effective_speed=0.2
[exp2] continuous center correction direction=backward
[tag] backend=pupil_apriltags id=0 center=(168.3,168.9) error_x=0.026 yaw_deg=-19.74 height=48.5px height_norm=0.202 margin=39.45 distance=0.2617457131142106
[exp2] phase=continuous_center center_error=0.026 raw_yaw_deg=-19.74 calibrated_yaw_deg=-19.74 target_yaw_deg=0.00 yaw_source=calibrated_pnp corner_error_deg=16.39 height_norm=0.202
[exp2] continuous center correction direction=backward
[tag] backend=pupil_apriltags id=0 center=(168.1,168.8) error_x=0.025 yaw_deg=-21.16 height=48.6px height_norm=0.202 margin=39.39 distance=0.2594574794537007
[exp2] phase=continuous_center center_error=0.025 raw_yaw_deg=-21.16 calibrated_yaw_deg=-21.16 target_yaw_deg=0.00 yaw_source=calibrated_pnp corner_error_deg=16.88 height_norm=0.202
[exp2] continuous center correction direction=backward
[tag] backend=pupil_apriltags id=0 center=(165.8,168.9) error_x=0.018 yaw_deg=-19.88 height=48.2px height_norm=0.201 margin=39.29 distance=0.26281641766401037
[exp2] phase=continuous_center center_error=0.018 raw_yaw_deg=-19.88 calibrated_yaw_deg=-19.88 target_yaw_deg=0.00 yaw_source=calibrated_pnp corner_error_deg=16.03 height_norm=0.201
[exp2] continuous center correction direction=backward
[tag] backend=pupil_apriltags id=0 center=(163.9,168.9) error_x=0.012 yaw_deg=-19.25 height=48.3px height_norm=0.201 margin=39.46 distance=0.2627062164048313
[exp2] phase=continuous_center center_error=0.012 raw_yaw_deg=-19.25 calibrated_yaw_deg=-19.25 target_yaw_deg=0.00 yaw_source=calibrated_pnp corner_error_deg=15.25 height_norm=0.201
[exp2] continuous center correction direction=backward
[tag] backend=pupil_apriltags id=0 center=(161.3,168.8) error_x=0.004 yaw_deg=-18.49 height=48.2px height_norm=0.201 margin=38.33 distance=0.26197366381778986
[exp2] phase=continuous_center center_error=0.004 raw_yaw_deg=-18.49 calibrated_yaw_deg=-18.49 target_yaw_deg=0.00 yaw_source=calibrated_pnp corner_error_deg=14.87 height_norm=0.201
[map] motion direction=backward speed=0.2 effective_seconds=0.3943936824798584 pose={'x_m': -0.6050011224504623, 'y_m': -0.2240192862223052, 'heading_rad': 0.6399411708476306}
[base] continuous stop label=exp2_center_align elapsed=0.394s
[base] stop
[exp2] center accepted; switching to yaw after 0.200s
[base] stop
[base] stop
[base] stop
[base] stop
[base] stop
[base] stop
[base] stop
[base] stop
[base] stop
[tag] backend=pupil_apriltags id=0 center=(156.1,169.0) error_x=-0.012 yaw_deg=-17.26 height=47.7px height_norm=0.199 margin=39.37 distance=0.26400884214726117
[exp2] phase=continuous_yaw center_error=-0.012 raw_yaw_deg=-17.26 calibrated_yaw_deg=-17.26 target_yaw_deg=0.00 yaw_source=calibrated_pnp corner_error_deg=13.63 height_norm=0.199
[base] stop
[exp2] continuous x guard preempted yaw error=-0.012 limit=0.012; camera_settle_seconds=0.200
[base] stop
[base] stop
[base] stop
[base] stop
[base] stop
[base] stop
[base] stop
[base] stop
[base] stop
[tag] backend=pupil_apriltags id=0 center=(156.1,169.0) error_x=-0.012 yaw_deg=-17.25 height=47.7px height_norm=0.199 margin=39.42 distance=0.2639508011276533
[exp2] phase=continuous_center center_error=-0.012 raw_yaw_deg=-17.25 calibrated_yaw_deg=-17.25 target_yaw_deg=0.00 yaw_source=calibrated_pnp corner_error_deg=13.44 height_norm=0.199
[base] continuous start label=exp2_center_align direction=forward requested_speed=0.2 effective_speed=0.2
[exp2] continuous center correction direction=forward
[tag] backend=pupil_apriltags id=0 center=(156.0,169.0) error_x=-0.012 yaw_deg=-17.4 height=47.8px height_norm=0.199 margin=39.67 distance=0.2639577196846593
[exp2] phase=continuous_center center_error=-0.012 raw_yaw_deg=-17.4 calibrated_yaw_deg=-17.4 target_yaw_deg=0.00 yaw_source=calibrated_pnp corner_error_deg=13.71 height_norm=0.199
[exp2] continuous center correction direction=forward
[tag] backend=pupil_apriltags id=0 center=(156.2,169.0) error_x=-0.012 yaw_deg=-17.11 height=47.8px height_norm=0.199 margin=39.77 distance=0.2638097343540139
[exp2] phase=continuous_center center_error=-0.012 raw_yaw_deg=-17.11 calibrated_yaw_deg=-17.11 target_yaw_deg=0.00 yaw_source=calibrated_pnp corner_error_deg=13.78 height_norm=0.199
[map] motion direction=forward speed=0.2 effective_seconds=0.17331218719482422 pose={'x_m': -0.601637597677705, 'y_m': -0.2195011668116706, 'heading_rad': 0.6399411708476306}
[base] continuous stop label=exp2_center_align elapsed=0.173s
[base] stop
[exp2] center accepted; switching to yaw after 0.200s
[base] stop
[base] stop
[base] stop
[base] stop
[base] stop
[base] stop
[base] stop
[base] stop
[base] stop
[tag] backend=pupil_apriltags id=0 center=(161.0,168.9) error_x=0.003 yaw_deg=-18.66 height=48.2px height_norm=0.201 margin=39.48 distance=0.26172013272026873
[exp2] phase=continuous_yaw center_error=0.003 raw_yaw_deg=-18.66 calibrated_yaw_deg=-18.66 target_yaw_deg=0.00 yaw_source=calibrated_pnp corner_error_deg=14.50 height_norm=0.201
[base] continuous start label=exp2_yaw_align direction=left requested_speed=0.15 effective_speed=0.15
[exp2] continuous yaw correction direction=left
[tag] backend=pupil_apriltags id=0 center=(160.9,168.9) error_x=0.003 yaw_deg=-18.55 height=48.1px height_norm=0.201 margin=39.29 distance=0.2617191299484689
[exp2] phase=continuous_yaw center_error=0.003 raw_yaw_deg=-18.55 calibrated_yaw_deg=-18.55 target_yaw_deg=0.00 yaw_source=calibrated_pnp corner_error_deg=14.40 height_norm=0.201
[exp2] continuous yaw correction direction=left
[tag] backend=pupil_apriltags id=0 center=(161.2,168.8) error_x=0.004 yaw_deg=-17.93 height=48.2px height_norm=0.201 margin=38.46 distance=0.26254294032121145
[exp2] phase=continuous_yaw center_error=0.004 raw_yaw_deg=-17.93 calibrated_yaw_deg=-17.93 target_yaw_deg=0.00 yaw_source=calibrated_pnp corner_error_deg=14.58 height_norm=0.201
[exp2] continuous yaw correction direction=left
[tag] backend=pupil_apriltags id=0 center=(163.2,168.8) error_x=0.010 yaw_deg=-18.54 height=48.2px height_norm=0.201 margin=39.38 distance=0.26376633403006905
[exp2] phase=continuous_yaw center_error=0.010 raw_yaw_deg=-18.54 calibrated_yaw_deg=-18.54 target_yaw_deg=0.00 yaw_source=calibrated_pnp corner_error_deg=14.81 height_norm=0.201
[exp2] continuous yaw correction direction=left
[tag] backend=pupil_apriltags id=0 center=(167.5,168.7) error_x=0.024 yaw_deg=-19.81 height=48.1px height_norm=0.201 margin=39.22 distance=0.26233427270332055
[exp2] phase=continuous_yaw center_error=0.024 raw_yaw_deg=-19.81 calibrated_yaw_deg=-19.81 target_yaw_deg=0.00 yaw_source=calibrated_pnp corner_error_deg=15.99 height_norm=0.201
[map] motion direction=left speed=0.15 effective_seconds=0.3277747631072998 pose={'x_m': -0.601637597677705, 'y_m': -0.2195011668116706, 'heading_rad': 0.5904346906644529}
[base] continuous stop label=exp2_yaw_align elapsed=0.328s
[base] stop
[exp2] continuous x guard preempted yaw error=0.024 limit=0.012; camera_settle_seconds=0.200
[base] stop
[base] stop
[base] stop
[base] stop
[base] stop
[base] stop
[base] stop
[base] stop
[base] stop
[tag] backend=pupil_apriltags id=0 center=(170.9,168.5) error_x=0.034 yaw_deg=-18.95 height=47.8px height_norm=0.199 margin=39.74 distance=0.2634407727502209
[exp2] phase=continuous_center center_error=0.034 raw_yaw_deg=-18.95 calibrated_yaw_deg=-18.95 target_yaw_deg=0.00 yaw_source=calibrated_pnp corner_error_deg=16.15 height_norm=0.199
[base] continuous start label=exp2_center_align direction=backward requested_speed=0.2 effective_speed=0.2
[exp2] continuous center correction direction=backward
[tag] backend=pupil_apriltags id=0 center=(171.0,168.6) error_x=0.034 yaw_deg=-18.64 height=47.7px height_norm=0.199 margin=39.86 distance=0.26367802561876363
[exp2] phase=continuous_center center_error=0.034 raw_yaw_deg=-18.64 calibrated_yaw_deg=-18.64 target_yaw_deg=0.00 yaw_source=calibrated_pnp corner_error_deg=15.96 height_norm=0.199
[exp2] continuous center correction direction=backward
[tag] backend=pupil_apriltags id=0 center=(170.8,168.6) error_x=0.034 yaw_deg=-19.92 height=48.0px height_norm=0.200 margin=39.17 distance=0.2613793709140544
[exp2] phase=continuous_center center_error=0.034 raw_yaw_deg=-19.92 calibrated_yaw_deg=-19.92 target_yaw_deg=0.00 yaw_source=calibrated_pnp corner_error_deg=16.14 height_norm=0.200
[exp2] continuous center correction direction=backward
[tag] backend=pupil_apriltags id=0 center=(168.2,168.4) error_x=0.026 yaw_deg=-18.29 height=47.8px height_norm=0.199 margin=39.52 distance=0.2621039608999209
[exp2] phase=continuous_center center_error=0.026 raw_yaw_deg=-18.29 calibrated_yaw_deg=-18.29 target_yaw_deg=0.00 yaw_source=calibrated_pnp corner_error_deg=15.54 height_norm=0.199
[exp2] continuous center correction direction=backward
[tag] backend=pupil_apriltags id=0 center=(166.5,168.4) error_x=0.020 yaw_deg=-19.25 height=47.8px height_norm=0.199 margin=39.50 distance=0.2628739485956533
[exp2] phase=continuous_center center_error=0.020 raw_yaw_deg=-19.25 calibrated_yaw_deg=-19.25 target_yaw_deg=0.00 yaw_source=calibrated_pnp corner_error_deg=15.39 height_norm=0.199
[exp2] continuous center correction direction=backward
[tag] backend=pupil_apriltags id=0 center=(164.0,168.3) error_x=0.013 yaw_deg=-18.13 height=47.7px height_norm=0.199 margin=39.84 distance=0.26324932898926706
[exp2] phase=continuous_center center_error=0.013 raw_yaw_deg=-18.13 calibrated_yaw_deg=-18.13 target_yaw_deg=0.00 yaw_source=calibrated_pnp corner_error_deg=14.82 height_norm=0.199
[exp2] continuous center correction direction=backward
[tag] backend=pupil_apriltags id=0 center=(160.5,168.5) error_x=0.001 yaw_deg=-17.35 height=47.5px height_norm=0.198 margin=39.29 distance=0.26266222519895266
[exp2] phase=continuous_center center_error=0.001 raw_yaw_deg=-17.35 calibrated_yaw_deg=-17.35 target_yaw_deg=0.00 yaw_source=calibrated_pnp corner_error_deg=14.16 height_norm=0.198
[map] motion direction=backward speed=0.2 effective_seconds=0.49103450775146484 pose={'x_m': -0.6105221161102562, 'y_m': -0.2327579738353579, 'heading_rad': 0.5904346906644529}
[base] continuous stop label=exp2_center_align elapsed=0.491s
[base] stop
[exp2] center accepted; switching to yaw after 0.200s
[base] stop
[base] stop
[base] stop
[base] stop
[base] stop
[base] stop
[base] stop
[base] stop
[base] stop
[tag] backend=pupil_apriltags id=0 center=(156.4,168.3) error_x=-0.011 yaw_deg=-15.24 height=47.1px height_norm=0.196 margin=39.54 distance=0.2643291715472795
[exp2] phase=continuous_yaw center_error=-0.011 raw_yaw_deg=-15.24 calibrated_yaw_deg=-15.24 target_yaw_deg=0.00 yaw_source=calibrated_pnp corner_error_deg=12.52 height_norm=0.196
[base] continuous start label=exp2_yaw_align direction=left requested_speed=0.15 effective_speed=0.15
[exp2] continuous yaw correction direction=left
[tag] backend=pupil_apriltags id=0 center=(156.4,168.3) error_x=-0.011 yaw_deg=-15.4 height=47.1px height_norm=0.196 margin=39.42 distance=0.264231198436875
[exp2] phase=continuous_yaw center_error=-0.011 raw_yaw_deg=-15.4 calibrated_yaw_deg=-15.4 target_yaw_deg=0.00 yaw_source=calibrated_pnp corner_error_deg=12.66 height_norm=0.196
[exp2] continuous yaw correction direction=left
[tag] backend=pupil_apriltags id=0 center=(156.3,168.3) error_x=-0.011 yaw_deg=-15.52 height=47.1px height_norm=0.196 margin=39.18 distance=0.26417536394756236
[exp2] phase=continuous_yaw center_error=-0.011 raw_yaw_deg=-15.52 calibrated_yaw_deg=-15.52 target_yaw_deg=0.00 yaw_source=calibrated_pnp corner_error_deg=12.63 height_norm=0.196
[exp2] continuous yaw correction direction=left
[tag] backend=pupil_apriltags id=0 center=(156.9,168.3) error_x=-0.010 yaw_deg=-15.62 height=47.0px height_norm=0.196 margin=39.77 distance=0.26504040358836334
[exp2] phase=continuous_yaw center_error=-0.010 raw_yaw_deg=-15.62 calibrated_yaw_deg=-15.62 target_yaw_deg=0.00 yaw_source=calibrated_pnp corner_error_deg=12.71 height_norm=0.196
[exp2] continuous yaw correction direction=left
[tag] backend=pupil_apriltags id=0 center=(159.0,168.2) error_x=-0.003 yaw_deg=-16.04 height=47.0px height_norm=0.196 margin=39.44 distance=0.2642569844315665
[exp2] phase=continuous_yaw center_error=-0.003 raw_yaw_deg=-16.04 calibrated_yaw_deg=-16.04 target_yaw_deg=0.00 yaw_source=calibrated_pnp corner_error_deg=12.78 height_norm=0.196
[exp2] continuous yaw correction direction=left
[tag] backend=pupil_apriltags id=0 center=(161.5,168.2) error_x=0.005 yaw_deg=-15.92 height=47.1px height_norm=0.196 margin=39.90 distance=0.2643627939146374
[exp2] phase=continuous_yaw center_error=0.005 raw_yaw_deg=-15.92 calibrated_yaw_deg=-15.92 target_yaw_deg=0.00 yaw_source=calibrated_pnp corner_error_deg=13.72 height_norm=0.196
[exp2] continuous yaw correction direction=left
[tag] backend=pupil_apriltags id=0 center=(163.0,168.0) error_x=0.010 yaw_deg=-16.3 height=47.0px height_norm=0.196 margin=39.70 distance=0.2651581635021763
[exp2] phase=continuous_yaw center_error=0.010 raw_yaw_deg=-16.3 calibrated_yaw_deg=-16.3 target_yaw_deg=0.00 yaw_source=calibrated_pnp corner_error_deg=13.45 height_norm=0.196
[exp2] continuous yaw correction direction=left
[tag] backend=pupil_apriltags id=0 center=(166.3,167.8) error_x=0.020 yaw_deg=-16.79 height=46.6px height_norm=0.194 margin=38.67 distance=0.2663701088278646
[exp2] phase=continuous_yaw center_error=0.020 raw_yaw_deg=-16.79 calibrated_yaw_deg=-16.79 target_yaw_deg=0.00 yaw_source=calibrated_pnp corner_error_deg=14.05 height_norm=0.194
[map] motion direction=left speed=0.15 effective_seconds=0.5770120620727539 pose={'x_m': -0.6105221161102562, 'y_m': -0.2327579738353579, 'heading_rad': 0.503283880316348}
[base] continuous stop label=exp2_yaw_align elapsed=0.577s
[base] stop
[exp2] continuous x guard preempted yaw error=0.020 limit=0.012; camera_settle_seconds=0.200
[base] stop
[base] stop
[base] stop
[base] stop
[base] stop
[base] stop
[base] stop
[base] stop
[base] stop
[tag] backend=pupil_apriltags id=0 center=(170.1,167.5) error_x=0.032 yaw_deg=-17.22 height=46.3px height_norm=0.193 margin=39.73 distance=0.2643013428417547
[exp2] phase=continuous_center center_error=0.032 raw_yaw_deg=-17.22 calibrated_yaw_deg=-17.22 target_yaw_deg=0.00 yaw_source=calibrated_pnp corner_error_deg=14.97 height_norm=0.193
[base] continuous start label=exp2_center_align direction=backward requested_speed=0.2 effective_speed=0.2
[exp2] continuous center correction direction=backward
[tag] backend=pupil_apriltags id=0 center=(170.1,167.5) error_x=0.032 yaw_deg=-17.49 height=46.3px height_norm=0.193 margin=39.66 distance=0.2641798644897109
[exp2] phase=continuous_center center_error=0.032 raw_yaw_deg=-17.49 calibrated_yaw_deg=-17.49 target_yaw_deg=0.00 yaw_source=calibrated_pnp corner_error_deg=15.02 height_norm=0.193
[exp2] continuous center correction direction=backward
[tag] backend=pupil_apriltags id=0 center=(168.9,167.4) error_x=0.028 yaw_deg=-16.47 height=46.2px height_norm=0.192 margin=39.40 distance=0.26640143569947156
[exp2] phase=continuous_center center_error=0.028 raw_yaw_deg=-16.47 calibrated_yaw_deg=-16.47 target_yaw_deg=0.00 yaw_source=calibrated_pnp corner_error_deg=14.44 height_norm=0.192
[exp2] continuous center correction direction=backward
[tag] backend=pupil_apriltags id=0 center=(166.7,167.6) error_x=0.021 yaw_deg=-16.76 height=46.0px height_norm=0.192 margin=39.84 distance=0.26717786869637394
[exp2] phase=continuous_center center_error=0.021 raw_yaw_deg=-16.76 calibrated_yaw_deg=-16.76 target_yaw_deg=0.00 yaw_source=calibrated_pnp corner_error_deg=13.72 height_norm=0.192
[exp2] continuous center correction direction=backward
[tag] backend=pupil_apriltags id=0 center=(164.7,167.6) error_x=0.015 yaw_deg=-16.05 height=46.1px height_norm=0.192 margin=39.70 distance=0.26719137083309424
[exp2] phase=continuous_center center_error=0.015 raw_yaw_deg=-16.05 calibrated_yaw_deg=-16.05 target_yaw_deg=0.00 yaw_source=calibrated_pnp corner_error_deg=13.06 height_norm=0.192
[exp2] continuous center correction direction=backward
[tag] backend=pupil_apriltags id=0 center=(162.2,167.4) error_x=0.007 yaw_deg=-14.76 height=45.8px height_norm=0.191 margin=39.27 distance=0.267768690096931
[exp2] phase=continuous_center center_error=0.007 raw_yaw_deg=-14.76 calibrated_yaw_deg=-14.76 target_yaw_deg=0.00 yaw_source=calibrated_pnp corner_error_deg=12.38 height_norm=0.191
[map] motion direction=backward speed=0.2 effective_seconds=0.4243175983428955 pose={'x_m': -0.617173254916242, 'y_m': -0.24483834353010706, 'heading_rad': 0.503283880316348}
[base] continuous stop label=exp2_center_align elapsed=0.424s
[base] stop
[exp2] center accepted; switching to yaw after 0.200s
[base] stop
[base] stop
[base] stop
[base] stop
[base] stop
[base] stop
[base] stop
[base] stop
[base] stop
[tag] backend=pupil_apriltags id=0 center=(156.6,167.5) error_x=-0.011 yaw_deg=-13.37 height=45.8px height_norm=0.191 margin=39.77 distance=0.26735720012294867
[exp2] phase=continuous_yaw center_error=-0.011 raw_yaw_deg=-13.37 calibrated_yaw_deg=-13.37 target_yaw_deg=0.00 yaw_source=calibrated_pnp corner_error_deg=11.85 height_norm=0.191
[base] continuous start label=exp2_yaw_align direction=left requested_speed=0.15 effective_speed=0.15
[exp2] continuous yaw correction direction=left
[tag] backend=pupil_apriltags id=0 center=(156.6,167.5) error_x=-0.011 yaw_deg=-13.27 height=45.7px height_norm=0.190 margin=39.70 distance=0.2675507281559135
[exp2] phase=continuous_yaw center_error=-0.011 raw_yaw_deg=-13.27 calibrated_yaw_deg=-13.27 target_yaw_deg=0.00 yaw_source=calibrated_pnp corner_error_deg=11.81 height_norm=0.190
[exp2] continuous yaw correction direction=left
[tag] backend=pupil_apriltags id=0 center=(156.7,167.4) error_x=-0.010 yaw_deg=-13.48 height=45.7px height_norm=0.190 margin=39.87 distance=0.26795724251024505
[exp2] phase=continuous_yaw center_error=-0.010 raw_yaw_deg=-13.48 calibrated_yaw_deg=-13.48 target_yaw_deg=0.00 yaw_source=calibrated_pnp corner_error_deg=11.70 height_norm=0.190
[exp2] continuous yaw correction direction=left
[tag] backend=pupil_apriltags id=0 center=(157.5,167.4) error_x=-0.008 yaw_deg=-13.83 height=45.6px height_norm=0.190 margin=39.39 distance=0.268554655667144
[exp2] phase=continuous_yaw center_error=-0.008 raw_yaw_deg=-13.83 calibrated_yaw_deg=-13.83 target_yaw_deg=0.00 yaw_source=calibrated_pnp corner_error_deg=11.58 height_norm=0.190
[exp2] continuous yaw correction direction=left
[tag] backend=pupil_apriltags id=0 center=(160.5,167.1) error_x=0.002 yaw_deg=-13.43 height=45.3px height_norm=0.189 margin=39.75 distance=0.26813420399199384
[exp2] phase=continuous_yaw center_error=0.002 raw_yaw_deg=-13.43 calibrated_yaw_deg=-13.43 target_yaw_deg=0.00 yaw_source=calibrated_pnp corner_error_deg=11.77 height_norm=0.189
[exp2] continuous yaw correction direction=left
[tag] backend=pupil_apriltags id=0 center=(162.3,167.1) error_x=0.007 yaw_deg=-13.68 height=45.3px height_norm=0.189 margin=39.64 distance=0.2694627908898114
[exp2] phase=continuous_yaw center_error=0.007 raw_yaw_deg=-13.68 calibrated_yaw_deg=-13.68 target_yaw_deg=0.00 yaw_source=calibrated_pnp corner_error_deg=11.76 height_norm=0.189
[exp2] continuous yaw correction direction=left
[tag] backend=pupil_apriltags id=0 center=(165.2,166.7) error_x=0.016 yaw_deg=-14.11 height=45.2px height_norm=0.188 margin=39.98 distance=0.27050988469111864
[exp2] phase=continuous_yaw center_error=0.016 raw_yaw_deg=-14.11 calibrated_yaw_deg=-14.11 target_yaw_deg=0.00 yaw_source=calibrated_pnp corner_error_deg=12.82 height_norm=0.188
[map] motion direction=left speed=0.15 effective_seconds=0.5074851512908936 pose={'x_m': -0.617173254916242, 'y_m': -0.24483834353010706, 'heading_rad': 0.4266342830518539}
[base] continuous stop label=exp2_yaw_align elapsed=0.507s
[base] stop
[exp2] continuous x guard preempted yaw error=0.016 limit=0.012; camera_settle_seconds=0.200
[base] stop
[base] stop
[base] stop
[base] stop
[base] stop
[base] stop
[base] stop
[base] stop
[base] stop
[tag] backend=pupil_apriltags id=0 center=(169.1,166.3) error_x=0.028 yaw_deg=-13.94 height=45.0px height_norm=0.187 margin=39.96 distance=0.2714408226519095
[exp2] phase=continuous_center center_error=0.028 raw_yaw_deg=-13.94 calibrated_yaw_deg=-13.94 target_yaw_deg=0.00 yaw_source=calibrated_pnp corner_error_deg=12.63 height_norm=0.187
[base] continuous start label=exp2_center_align direction=backward requested_speed=0.2 effective_speed=0.2
[exp2] continuous center correction direction=backward
[tag] backend=pupil_apriltags id=0 center=(169.1,166.3) error_x=0.029 yaw_deg=-14.19 height=45.0px height_norm=0.188 margin=39.62 distance=0.2712303358566572
[exp2] phase=continuous_center center_error=0.029 raw_yaw_deg=-14.19 calibrated_yaw_deg=-14.19 target_yaw_deg=0.00 yaw_source=calibrated_pnp corner_error_deg=12.71 height_norm=0.188
[exp2] continuous center correction direction=backward
[tag] backend=pupil_apriltags id=0 center=(168.6,166.4) error_x=0.027 yaw_deg=-14.9 height=45.0px height_norm=0.188 margin=39.43 distance=0.2699698532612945
[exp2] phase=continuous_center center_error=0.027 raw_yaw_deg=-14.9 calibrated_yaw_deg=-14.9 target_yaw_deg=0.00 yaw_source=calibrated_pnp corner_error_deg=12.99 height_norm=0.188
[exp2] continuous center correction direction=backward
[tag] backend=pupil_apriltags id=0 center=(166.8,166.5) error_x=0.021 yaw_deg=-13.98 height=44.8px height_norm=0.187 margin=39.43 distance=0.27118666997855606
[exp2] phase=continuous_center center_error=0.021 raw_yaw_deg=-13.98 calibrated_yaw_deg=-13.98 target_yaw_deg=0.00 yaw_source=calibrated_pnp corner_error_deg=12.42 height_norm=0.187
[exp2] continuous center correction direction=backward
[tag] backend=pupil_apriltags id=0 center=(163.7,166.1) error_x=0.012 yaw_deg=-13.36 height=44.7px height_norm=0.186 margin=39.72 distance=0.2716434983912272
[exp2] phase=continuous_center center_error=0.012 raw_yaw_deg=-13.36 calibrated_yaw_deg=-13.36 target_yaw_deg=0.00 yaw_source=calibrated_pnp corner_error_deg=11.64 height_norm=0.186
[map] motion direction=backward speed=0.2 effective_seconds=0.33994221687316895 pose={'x_m': -0.621745068640733, 'y_m': -0.2548961524398255, 'heading_rad': 0.4266342830518539}
[base] continuous stop label=exp2_center_align elapsed=0.340s
[base] stop
[exp2] center accepted; switching to yaw after 0.200s
[base] stop
[base] stop
[base] stop
[base] stop
[base] stop
[base] stop
[base] stop
[base] stop
[base] stop
[tag] backend=pupil_apriltags id=0 center=(159.5,166.2) error_x=-0.002 yaw_deg=-11.88 height=44.5px height_norm=0.185 margin=39.20 distance=0.2706134992216823
[exp2] phase=continuous_yaw center_error=-0.002 raw_yaw_deg=-11.88 calibrated_yaw_deg=-11.88 target_yaw_deg=0.00 yaw_source=calibrated_pnp corner_error_deg=11.22 height_norm=0.185
[base] continuous start label=exp2_yaw_align direction=left requested_speed=0.15 effective_speed=0.15
[exp2] continuous yaw correction direction=left
[tag] backend=pupil_apriltags id=0 center=(159.5,166.2) error_x=-0.002 yaw_deg=-11.68 height=44.5px height_norm=0.185 margin=39.49 distance=0.2707386191400065
[exp2] phase=continuous_yaw center_error=-0.002 raw_yaw_deg=-11.68 calibrated_yaw_deg=-11.68 target_yaw_deg=0.00 yaw_source=calibrated_pnp corner_error_deg=11.11 height_norm=0.185
[exp2] continuous yaw correction direction=left
[tag] backend=pupil_apriltags id=0 center=(159.8,166.1) error_x=-0.001 yaw_deg=-12.19 height=44.5px height_norm=0.185 margin=39.65 distance=0.27085850580012644
[exp2] phase=continuous_yaw center_error=-0.001 raw_yaw_deg=-12.19 calibrated_yaw_deg=-12.19 target_yaw_deg=0.00 yaw_source=calibrated_pnp corner_error_deg=10.81 height_norm=0.185
[exp2] continuous yaw correction direction=left
[tag] backend=pupil_apriltags id=0 center=(162.0,166.0) error_x=0.006 yaw_deg=-12.21 height=44.4px height_norm=0.185 margin=39.20 distance=0.2718078466675456
[exp2] phase=continuous_yaw center_error=0.006 raw_yaw_deg=-12.21 calibrated_yaw_deg=-12.21 target_yaw_deg=0.00 yaw_source=calibrated_pnp corner_error_deg=10.70 height_norm=0.185
[exp2] continuous yaw correction direction=left
[tag] backend=pupil_apriltags id=0 center=(163.8,165.8) error_x=0.012 yaw_deg=-12.31 height=44.3px height_norm=0.185 margin=39.90 distance=0.27227464778645233
[exp2] phase=continuous_yaw center_error=0.012 raw_yaw_deg=-12.31 calibrated_yaw_deg=-12.31 target_yaw_deg=0.00 yaw_source=calibrated_pnp corner_error_deg=11.06 height_norm=0.185
[exp2] continuous yaw correction direction=left
[tag] backend=pupil_apriltags id=0 center=(165.7,165.5) error_x=0.018 yaw_deg=-11.98 height=44.1px height_norm=0.184 margin=39.57 distance=0.27365841307742905
[exp2] phase=continuous_yaw center_error=0.018 raw_yaw_deg=-11.98 calibrated_yaw_deg=-11.98 target_yaw_deg=0.00 yaw_source=calibrated_pnp corner_error_deg=11.02 height_norm=0.184
[map] motion direction=left speed=0.15 effective_seconds=0.4372081756591797 pose={'x_m': -0.621745068640733, 'y_m': -0.2548961524398255, 'heading_rad': 0.36059918724702866}
[base] continuous stop label=exp2_yaw_align elapsed=0.437s
[base] stop
[exp2] continuous x guard preempted yaw error=0.018 limit=0.012; camera_settle_seconds=0.200
[base] stop
[base] stop
[base] stop
[base] stop
[base] stop
[base] stop
[base] stop
[base] stop
[base] stop
[tag] backend=pupil_apriltags id=0 center=(169.9,165.2) error_x=0.031 yaw_deg=-14.4 height=44.6px height_norm=0.186 margin=39.82 distance=0.26986561950868876
[exp2] phase=continuous_center center_error=0.031 raw_yaw_deg=-14.4 calibrated_yaw_deg=-14.4 target_yaw_deg=0.00 yaw_source=calibrated_pnp corner_error_deg=12.60 height_norm=0.186
[base] continuous start label=exp2_center_align direction=backward requested_speed=0.2 effective_speed=0.2
[exp2] continuous center correction direction=backward
[tag] backend=pupil_apriltags id=0 center=(169.9,165.1) error_x=0.031 yaw_deg=-14.23 height=44.5px height_norm=0.186 margin=39.39 distance=0.2700096919486569
[exp2] phase=continuous_center center_error=0.031 raw_yaw_deg=-14.23 calibrated_yaw_deg=-14.23 target_yaw_deg=0.00 yaw_source=calibrated_pnp corner_error_deg=12.44 height_norm=0.186
[exp2] continuous center correction direction=backward
[tag] backend=pupil_apriltags id=0 center=(168.6,164.9) error_x=0.027 yaw_deg=-13.92 height=44.6px height_norm=0.186 margin=39.10 distance=0.27122101906316404
[exp2] phase=continuous_center center_error=0.027 raw_yaw_deg=-13.92 calibrated_yaw_deg=-13.92 target_yaw_deg=0.00 yaw_source=calibrated_pnp corner_error_deg=12.00 height_norm=0.186
[exp2] continuous center correction direction=backward
[tag] backend=pupil_apriltags id=0 center=(167.0,164.7) error_x=0.022 yaw_deg=-13.34 height=44.5px height_norm=0.185 margin=39.06 distance=0.2717823586670989
[exp2] phase=continuous_center center_error=0.022 raw_yaw_deg=-13.34 calibrated_yaw_deg=-13.34 target_yaw_deg=0.00 yaw_source=calibrated_pnp corner_error_deg=11.53 height_norm=0.185
[exp2] continuous center correction direction=backward
[tag] backend=pupil_apriltags id=0 center=(164.8,164.9) error_x=0.015 yaw_deg=-13.04 height=44.3px height_norm=0.184 margin=39.69 distance=0.27249464839640264
[exp2] phase=continuous_center center_error=0.015 raw_yaw_deg=-13.04 calibrated_yaw_deg=-13.04 target_yaw_deg=0.00 yaw_source=calibrated_pnp corner_error_deg=10.95 height_norm=0.184
[exp2] continuous center correction direction=backward
[tag] backend=pupil_apriltags id=0 center=(162.2,165.4) error_x=0.007 yaw_deg=-12.17 height=43.9px height_norm=0.183 margin=39.74 distance=0.273136711763222
[exp2] phase=continuous_center center_error=0.007 raw_yaw_deg=-12.17 calibrated_yaw_deg=-12.17 target_yaw_deg=0.00 yaw_source=calibrated_pnp corner_error_deg=10.71 height_norm=0.183
[map] motion direction=backward speed=0.2 effective_seconds=0.43825626373291016 pose={'x_m': -0.6267706127286382, 'y_m': -0.26822342955899314, 'heading_rad': 0.36059918724702866}
[base] continuous stop label=exp2_center_align elapsed=0.438s
[base] stop
[exp2] center accepted; switching to yaw after 0.200s
[base] stop
[base] stop
[base] stop
[base] stop
[base] stop
[base] stop
[base] stop
[base] stop
[base] stop
[tag] backend=pupil_apriltags id=0 center=(155.9,165.3) error_x=-0.013 yaw_deg=-8.68 height=43.2px height_norm=0.180 margin=39.19 distance=0.2752105483173035
[exp2] phase=continuous_yaw center_error=-0.013 raw_yaw_deg=-8.68 calibrated_yaw_deg=-8.68 target_yaw_deg=0.00 yaw_source=calibrated_pnp corner_error_deg=8.78 height_norm=0.180
[base] stop
[exp2] continuous x guard preempted yaw error=-0.013 limit=0.012; camera_settle_seconds=0.200
[base] stop
[base] stop
[base] stop
[base] stop
[base] stop
[base] stop
[base] stop
[base] stop
[base] stop
[tag] backend=pupil_apriltags id=0 center=(155.9,165.3) error_x=-0.013 yaw_deg=-8.76 height=43.3px height_norm=0.180 margin=38.77 distance=0.27515214117853365
[exp2] phase=continuous_center center_error=-0.013 raw_yaw_deg=-8.76 calibrated_yaw_deg=-8.76 target_yaw_deg=0.00 yaw_source=calibrated_pnp corner_error_deg=8.79 height_norm=0.180
[base] continuous start label=exp2_center_align direction=forward requested_speed=0.2 effective_speed=0.2
[exp2] continuous center correction direction=forward
[tag] backend=pupil_apriltags id=0 center=(155.9,165.3) error_x=-0.013 yaw_deg=-8.64 height=43.2px height_norm=0.180 margin=39.17 distance=0.2752016097622679
[exp2] phase=continuous_center center_error=-0.013 raw_yaw_deg=-8.64 calibrated_yaw_deg=-8.64 target_yaw_deg=0.00 yaw_source=calibrated_pnp corner_error_deg=8.75 height_norm=0.180
[exp2] continuous center correction direction=forward
[tag] backend=pupil_apriltags id=0 center=(157.1,165.3) error_x=-0.009 yaw_deg=-10.26 height=43.3px height_norm=0.180 margin=39.18 distance=0.2750142835387666
[exp2] phase=continuous_center center_error=-0.009 raw_yaw_deg=-10.26 calibrated_yaw_deg=-10.26 target_yaw_deg=0.00 yaw_source=calibrated_pnp corner_error_deg=9.19 height_norm=0.180
[map] motion direction=forward speed=0.2 effective_seconds=0.18370604515075684 pose={'x_m': -0.6246640305630893, 'y_m': -0.2626369689084671, 'heading_rad': 0.36059918724702866}
[base] continuous stop label=exp2_center_align elapsed=0.184s
[base] stop
[exp2] center accepted; switching to yaw after 0.200s
[base] stop
[base] stop
[base] stop
[base] stop
[base] stop
[base] stop
[base] stop
[base] stop
[base] stop
[tag] backend=pupil_apriltags id=0 center=(161.2,165.3) error_x=0.004 yaw_deg=-10.45 height=43.7px height_norm=0.182 margin=39.63 distance=0.27355257652546766
[exp2] phase=continuous_yaw center_error=0.004 raw_yaw_deg=-10.45 calibrated_yaw_deg=-10.45 target_yaw_deg=0.00 yaw_source=calibrated_pnp corner_error_deg=10.16 height_norm=0.182
[base] continuous start label=exp2_yaw_align direction=left requested_speed=0.15 effective_speed=0.15
[exp2] continuous yaw correction direction=left
[tag] backend=pupil_apriltags id=0 center=(161.2,165.3) error_x=0.004 yaw_deg=-10.35 height=43.7px height_norm=0.182 margin=39.58 distance=0.27306812573259864
[exp2] phase=continuous_yaw center_error=0.004 raw_yaw_deg=-10.35 calibrated_yaw_deg=-10.35 target_yaw_deg=0.00 yaw_source=calibrated_pnp corner_error_deg=10.33 height_norm=0.182
[exp2] continuous yaw correction direction=left
[tag] backend=pupil_apriltags id=0 center=(162.1,165.3) error_x=0.007 yaw_deg=-11.5 height=43.7px height_norm=0.182 margin=39.55 distance=0.2735705743231466
[exp2] phase=continuous_yaw center_error=0.007 raw_yaw_deg=-11.5 calibrated_yaw_deg=-11.5 target_yaw_deg=0.00 yaw_source=calibrated_pnp corner_error_deg=10.31 height_norm=0.182
[exp2] continuous yaw correction direction=left
[tag] backend=pupil_apriltags id=0 center=(163.7,164.7) error_x=0.012 yaw_deg=-11.88 height=43.9px height_norm=0.183 margin=39.46 distance=0.2745394787249955
[exp2] phase=continuous_yaw center_error=0.012 raw_yaw_deg=-11.88 calibrated_yaw_deg=-11.88 target_yaw_deg=0.00 yaw_source=calibrated_pnp corner_error_deg=10.06 height_norm=0.183
[exp2] continuous yaw correction direction=left
[tag] backend=pupil_apriltags id=0 center=(167.0,164.6) error_x=0.022 yaw_deg=-12.51 height=44.0px height_norm=0.183 margin=39.62 distance=0.27410550275948053
[exp2] phase=continuous_yaw center_error=0.022 raw_yaw_deg=-12.51 calibrated_yaw_deg=-12.51 target_yaw_deg=0.00 yaw_source=calibrated_pnp corner_error_deg=10.75 height_norm=0.183
[map] motion direction=left speed=0.15 effective_seconds=0.35868406295776367 pose={'x_m': -0.6246640305630893, 'y_m': -0.2626369689084671, 'heading_rad': 0.30642422488414756}
[base] continuous stop label=exp2_yaw_align elapsed=0.359s
[base] stop
[exp2] continuous x guard preempted yaw error=0.022 limit=0.012; camera_settle_seconds=0.200
[base] stop
[base] stop
[base] stop
[base] stop
[base] stop
[base] stop
[base] stop
[base] stop
[base] stop
[tag] backend=pupil_apriltags id=0 center=(170.7,164.4) error_x=0.033 yaw_deg=-12.21 height=43.8px height_norm=0.182 margin=39.94 distance=0.27389391614849706
[exp2] phase=continuous_center center_error=0.033 raw_yaw_deg=-12.21 calibrated_yaw_deg=-12.21 target_yaw_deg=0.00 yaw_source=calibrated_pnp corner_error_deg=11.51 height_norm=0.182
[base] continuous start label=exp2_center_align direction=backward requested_speed=0.2 effective_speed=0.2
[exp2] continuous center correction direction=backward
[tag] backend=pupil_apriltags id=0 center=(170.7,164.3) error_x=0.033 yaw_deg=-11.8 height=43.6px height_norm=0.182 margin=39.84 distance=0.27423625314880945
[exp2] phase=continuous_center center_error=0.033 raw_yaw_deg=-11.8 calibrated_yaw_deg=-11.8 target_yaw_deg=0.00 yaw_source=calibrated_pnp corner_error_deg=11.14 height_norm=0.182
[exp2] continuous center correction direction=backward
[tag] backend=pupil_apriltags id=0 center=(170.4,164.4) error_x=0.032 yaw_deg=-13.08 height=43.7px height_norm=0.182 margin=39.36 distance=0.2731022479033931
[exp2] phase=continuous_center center_error=0.032 raw_yaw_deg=-13.08 calibrated_yaw_deg=-13.08 target_yaw_deg=0.00 yaw_source=calibrated_pnp corner_error_deg=11.68 height_norm=0.182
[exp2] continuous center correction direction=backward
[tag] backend=pupil_apriltags id=0 center=(168.5,164.4) error_x=0.026 yaw_deg=-12.34 height=43.6px height_norm=0.182 margin=39.58 distance=0.27338701553681216
[exp2] phase=continuous_center center_error=0.026 raw_yaw_deg=-12.34 calibrated_yaw_deg=-12.34 target_yaw_deg=0.00 yaw_source=calibrated_pnp corner_error_deg=10.95 height_norm=0.182
[exp2] continuous center correction direction=backward
[tag] backend=pupil_apriltags id=0 center=(166.7,164.2) error_x=0.021 yaw_deg=-11.84 height=43.4px height_norm=0.181 margin=40.05 distance=0.27508461048107485
[exp2] phase=continuous_center center_error=0.021 raw_yaw_deg=-11.84 calibrated_yaw_deg=-11.84 target_yaw_deg=0.00 yaw_source=calibrated_pnp corner_error_deg=10.13 height_norm=0.181
[exp2] continuous center correction direction=backward
[tag] backend=pupil_apriltags id=0 center=(163.2,164.2) error_x=0.010 yaw_deg=-10.41 height=43.2px height_norm=0.180 margin=39.29 distance=0.27580056818176135
[exp2] phase=continuous_center center_error=0.010 raw_yaw_deg=-10.41 calibrated_yaw_deg=-10.41 target_yaw_deg=0.00 yaw_source=calibrated_pnp corner_error_deg=9.24 height_norm=0.180
[map] motion direction=backward speed=0.2 effective_seconds=0.4428122043609619 pose={'x_m': -0.629005214972026, 'y_m': -0.2763579898335746, 'heading_rad': 0.30642422488414756}
[base] continuous stop label=exp2_center_align elapsed=0.443s
[base] stop
[exp2] center accepted; switching to yaw after 0.200s
[base] stop
[base] stop
[base] stop
[base] stop
[base] stop
[base] stop
[base] stop
[base] stop
[base] stop
[tag] backend=pupil_apriltags id=0 center=(157.6,164.1) error_x=-0.007 yaw_deg=-9.91 height=43.1px height_norm=0.180 margin=39.14 distance=0.2757161978569046
[exp2] phase=continuous_yaw center_error=-0.007 raw_yaw_deg=-9.91 calibrated_yaw_deg=-9.91 target_yaw_deg=0.00 yaw_source=calibrated_pnp corner_error_deg=8.01 height_norm=0.180
[base] continuous start label=exp2_yaw_align direction=left requested_speed=0.15 effective_speed=0.15
[exp2] continuous yaw correction direction=left
[tag] backend=pupil_apriltags id=0 center=(157.7,164.1) error_x=-0.007 yaw_deg=-10.13 height=43.1px height_norm=0.180 margin=39.38 distance=0.2754747179522771
[exp2] phase=continuous_yaw center_error=-0.007 raw_yaw_deg=-10.13 calibrated_yaw_deg=-10.13 target_yaw_deg=0.00 yaw_source=calibrated_pnp corner_error_deg=8.24 height_norm=0.180
[exp2] continuous yaw correction direction=left
[tag] backend=pupil_apriltags id=0 center=(157.7,164.2) error_x=-0.007 yaw_deg=-9.75 height=43.1px height_norm=0.179 margin=39.70 distance=0.2754072810660527
[exp2] phase=continuous_yaw center_error=-0.007 raw_yaw_deg=-9.75 calibrated_yaw_deg=-9.75 target_yaw_deg=0.00 yaw_source=calibrated_pnp corner_error_deg=8.18 height_norm=0.179
[exp2] continuous yaw correction direction=left
[tag] backend=pupil_apriltags id=0 center=(159.7,164.1) error_x=-0.001 yaw_deg=-9.26 height=42.9px height_norm=0.179 margin=39.37 distance=0.27561103060175085
[exp2] phase=continuous_yaw center_error=-0.001 raw_yaw_deg=-9.26 calibrated_yaw_deg=-9.26 target_yaw_deg=0.00 yaw_source=calibrated_pnp corner_error_deg=9.00 height_norm=0.179
[exp2] continuous yaw correction direction=left
[tag] backend=pupil_apriltags id=0 center=(161.5,164.0) error_x=0.005 yaw_deg=-9.16 height=42.8px height_norm=0.178 margin=39.09 distance=0.27615935708971795
[exp2] phase=continuous_yaw center_error=0.005 raw_yaw_deg=-9.16 calibrated_yaw_deg=-9.16 target_yaw_deg=0.00 yaw_source=calibrated_pnp corner_error_deg=9.25 height_norm=0.178
[exp2] continuous yaw correction direction=left
[tag] backend=pupil_apriltags id=0 center=(164.8,164.0) error_x=0.015 yaw_deg=-9.43 height=42.8px height_norm=0.178 margin=39.31 distance=0.2768157802201861
[exp2] phase=continuous_yaw center_error=0.015 raw_yaw_deg=-9.43 calibrated_yaw_deg=-9.43 target_yaw_deg=0.00 yaw_source=calibrated_pnp corner_error_deg=9.31 height_norm=0.178
[map] motion direction=left speed=0.15 effective_seconds=0.4413764476776123 pose={'x_m': -0.629005214972026, 'y_m': -0.2763579898335746, 'heading_rad': 0.23975956115858787}
[base] continuous stop label=exp2_yaw_align elapsed=0.441s
[base] stop
[exp2] continuous x guard preempted yaw error=0.015 limit=0.012; camera_settle_seconds=0.200
[base] stop
[base] stop
[base] stop
[base] stop
[base] stop
[base] stop
[base] stop
[base] stop
[base] stop
[tag] backend=pupil_apriltags id=0 center=(169.6,163.9) error_x=0.030 yaw_deg=-11.36 height=42.6px height_norm=0.177 margin=39.88 distance=0.274817390077561
[exp2] phase=continuous_center center_error=0.030 raw_yaw_deg=-11.36 calibrated_yaw_deg=-11.36 target_yaw_deg=0.00 yaw_source=calibrated_pnp corner_error_deg=10.06 height_norm=0.177
[base] continuous start label=exp2_center_align direction=backward requested_speed=0.2 effective_speed=0.2
[exp2] continuous center correction direction=backward
[tag] backend=pupil_apriltags id=0 center=(169.6,163.9) error_x=0.030 yaw_deg=-11.36 height=42.5px height_norm=0.177 margin=39.16 distance=0.2747307849886106
[exp2] phase=continuous_center center_error=0.030 raw_yaw_deg=-11.36 calibrated_yaw_deg=-11.36 target_yaw_deg=0.00 yaw_source=calibrated_pnp corner_error_deg=10.13 height_norm=0.177
[exp2] continuous center correction direction=backward
[tag] backend=pupil_apriltags id=0 center=(168.9,163.9) error_x=0.028 yaw_deg=-9.95 height=42.5px height_norm=0.177 margin=39.39 distance=0.27667482927337717
[exp2] phase=continuous_center center_error=0.028 raw_yaw_deg=-9.95 calibrated_yaw_deg=-9.95 target_yaw_deg=0.00 yaw_source=calibrated_pnp corner_error_deg=10.13 height_norm=0.177
[exp2] continuous center correction direction=backward
[tag] backend=pupil_apriltags id=0 center=(166.4,163.8) error_x=0.020 yaw_deg=-9.51 height=41.9px height_norm=0.175 margin=38.92 distance=0.2774307480038743
[exp2] phase=continuous_center center_error=0.020 raw_yaw_deg=-9.51 calibrated_yaw_deg=-9.51 target_yaw_deg=0.00 yaw_source=calibrated_pnp corner_error_deg=9.54 height_norm=0.175
[exp2] continuous center correction direction=backward
[tag] backend=pupil_apriltags id=0 center=(163.9,163.7) error_x=0.012 yaw_deg=-7.75 height=41.9px height_norm=0.174 margin=39.09 distance=0.27831145699658083
[exp2] phase=continuous_center center_error=0.012 raw_yaw_deg=-7.75 calibrated_yaw_deg=-7.75 target_yaw_deg=0.00 yaw_source=calibrated_pnp corner_error_deg=8.40 height_norm=0.174
[exp2] continuous center correction direction=backward
[tag] backend=pupil_apriltags id=0 center=(161.0,163.6) error_x=0.003 yaw_deg=-7.56 height=42.1px height_norm=0.176 margin=39.41 distance=0.2759364711292954
[exp2] phase=continuous_center center_error=0.003 raw_yaw_deg=-7.56 calibrated_yaw_deg=-7.56 target_yaw_deg=0.00 yaw_source=calibrated_pnp corner_error_deg=8.21 height_norm=0.176
[map] motion direction=backward speed=0.2 effective_seconds=0.44694066047668457 pose={'x_m': -0.6324545889508382, 'y_m': -0.2904680587757668, 'heading_rad': 0.23975956115858787}
[base] continuous stop label=exp2_center_align elapsed=0.447s
[base] stop
[exp2] center accepted; switching to yaw after 0.200s
[base] stop
[base] stop
[base] stop
[base] stop
[base] stop
[base] stop
[base] stop
[base] stop
[base] stop
[tag] backend=pupil_apriltags id=0 center=(156.0,163.7) error_x=-0.012 yaw_deg=-5.75 height=41.9px height_norm=0.175 margin=38.71 distance=0.2780237839187535
[exp2] phase=continuous_yaw center_error=-0.012 raw_yaw_deg=-5.75 calibrated_yaw_deg=-5.75 target_yaw_deg=0.00 yaw_source=calibrated_pnp corner_error_deg=7.19 height_norm=0.175
[base] stop
[exp2] continuous x guard preempted yaw error=-0.012 limit=0.012; camera_settle_seconds=0.200
[base] stop
[base] stop
[base] stop
[base] stop
[base] stop
[base] stop
[base] stop
[arm] pose carry
[arm] carry servo=5 angle=0 speed=85
[arm] carry servo=4 angle=-55 speed=85
[arm] carry servo=3 angle=45 speed=85
[arm] carry servo=2 angle=60 speed=85
[arm] carry servo=1 angle=-16 speed=85
[exp2] side docking aborted; forward camera pose restored
[fsm] BIN_SIDE_DOCKING --TIMEOUT--> INTERMEDIATE reason=exp2 side docking max steps
[fsm] INTERMEDIATE --RETRY--> PLANNING reason=retry 1/2 after BIN_SIDE_DOCKING
[fsm] PLANNING --MAP_TARGET_AVAILABLE--> MAP_NAVIGATING
[can] backend=detectnet_native no detections
[tag] backend=pupil_apriltags id=0 center=(231.2,164.3) error_x=0.222 yaw_deg=-10.1 height=39.7px height_norm=0.166 margin=38.20 distance=0.29674703244848305
[base] stop
[fsm] MAP_NAVIGATING --TARGET_FOUND--> ALIGNING
[can] backend=detectnet_native no detections
[tag] backend=pupil_apriltags id=0 center=(245.0,165.1) error_x=0.266 yaw_deg=-12.45 height=40.2px height_norm=0.167 margin=37.13 distance=0.3028644420922374
[base] continuous start label=align_bin direction=right requested_speed=0.15 effective_speed=0.15
[visual-turn] label=align_bin direction=right speed=0.15
[can] backend=detectnet_native no detections
[tag] backend=pupil_apriltags id=0 center=(252.0,165.4) error_x=0.287 yaw_deg=-13.77 height=39.9px height_norm=0.166 margin=35.26 distance=0.31230174553891293
[can] backend=detectnet_native no detections
[tag] backend=pupil_apriltags id=0 center=(256.6,166.0) error_x=0.302 yaw_deg=-13.42 height=40.8px height_norm=0.170 margin=35.95 distance=0.3125970742657482
[can] backend=detectnet_native no detections
[tag] backend=pupil_apriltags id=0 center=(262.6,166.3) error_x=0.321 yaw_deg=-15.04 height=40.6px height_norm=0.169 margin=34.34 distance=0.3160487343795821
[can] backend=detectnet_native no detections
[tag] backend=pupil_apriltags id=0 center=(268.1,167.0) error_x=0.338 yaw_deg=-16.32 height=40.8px height_norm=0.170 margin=32.74 distance=0.31984248783072633
[can] backend=detectnet_native no detections
[tag] backend=pupil_apriltags id=0 center=(269.0,167.1) error_x=0.341 yaw_deg=-15.75 height=40.6px height_norm=0.169 margin=34.78 distance=0.3188504948336846
[can] backend=detectnet_native no detections
[tag] backend=pupil_apriltags id=0 center=(272.6,167.4) error_x=0.352 yaw_deg=-16.91 height=40.0px height_norm=0.167 margin=34.10 distance=0.3228426773298918
[can] backend=detectnet_native no detections
[tag] backend=pupil_apriltags id=0 center=(274.8,168.0) error_x=0.359 yaw_deg=-16.63 height=40.6px height_norm=0.169 margin=34.16 distance=0.3246891138120704
[can] backend=detectnet_native no detections
[tag] backend=pupil_apriltags id=0 center=(276.3,168.1) error_x=0.363 yaw_deg=-16.98 height=40.5px height_norm=0.169 margin=33.61 distance=0.3263542083335946
[can] backend=detectnet_native no detections
[tag] backend=pupil_apriltags id=0 center=(276.8,167.7) error_x=0.365 yaw_deg=-17.46 height=40.3px height_norm=0.168 margin=33.80 distance=0.3264003740450863
[can] backend=detectnet_native no detections
[tag] backend=pupil_apriltags id=0 center=(279.4,168.0) error_x=0.373 yaw_deg=-17.67 height=40.4px height_norm=0.168 margin=33.40 distance=0.3296879592323058
[can] backend=detectnet_native no detections
[tag] backend=pupil_apriltags id=0 center=(280.8,168.1) error_x=0.377 yaw_deg=-18.03 height=40.5px height_norm=0.169 margin=33.04 distance=0.3315409531681581
[can] backend=detectnet_native no detections
[tag] backend=pupil_apriltags id=0 center=(282.0,168.2) error_x=0.381 yaw_deg=-17.94 height=40.4px height_norm=0.168 margin=32.92 distance=0.3337407004101062
[can] backend=detectnet_native no detections
[tag] backend=pupil_apriltags id=0 center=(283.4,168.7) error_x=0.386 yaw_deg=-18.27 height=40.3px height_norm=0.168 margin=31.82 distance=0.3333333287838282
[can] backend=detectnet_native no detections
[tag] backend=pupil_apriltags id=0 center=(284.0,168.7) error_x=0.387 yaw_deg=-18.56 height=40.3px height_norm=0.168 margin=31.18 distance=0.33580496285437594
[can] backend=detectnet_native no detections
[tag] backend=pupil_apriltags id=0 center=(286.1,169.1) error_x=0.394 yaw_deg=-19.24 height=40.5px height_norm=0.169 margin=29.70 distance=0.3375283164757419
[can] backend=detectnet_native no detections
[tag] backend=pupil_apriltags id=0 center=(287.3,169.1) error_x=0.398 yaw_deg=-19.48 height=40.5px height_norm=0.169 margin=30.91 distance=0.3389366111199759
[can] backend=detectnet_native no detections
[tag] backend=pupil_apriltags id=0 center=(288.5,169.4) error_x=0.402 yaw_deg=-19.89 height=40.3px height_norm=0.168 margin=30.07 distance=0.34010387883850496
[can] backend=detectnet_native no detections
[tag] backend=pupil_apriltags id=0 center=(288.3,169.2) error_x=0.401 yaw_deg=-19.56 height=40.3px height_norm=0.168 margin=30.19 distance=0.34117668112879157
[can] backend=detectnet_native no detections
[tag] backend=pupil_apriltags id=0 center=(290.7,169.6) error_x=0.408 yaw_deg=-20.69 height=40.0px height_norm=0.167 margin=30.20 distance=0.3432222015220082
[can] backend=detectnet_native no detections
[tag] backend=pupil_apriltags id=0 center=(291.3,169.5) error_x=0.410 yaw_deg=-20.65 height=40.1px height_norm=0.167 margin=31.11 distance=0.34257206500100534
[can] backend=detectnet_native no detections
[tag] backend=pupil_apriltags id=0 center=(292.4,169.5) error_x=0.414 yaw_deg=-21.3 height=39.8px height_norm=0.166 margin=30.29 distance=0.3444695771188034
[can] backend=detectnet_native no detections
[tag] backend=pupil_apriltags id=0 center=(293.4,169.8) error_x=0.417 yaw_deg=-21.42 height=39.7px height_norm=0.165 margin=31.18 distance=0.34592381470049316
[can] backend=detectnet_native no detections
[tag] backend=pupil_apriltags id=0 center=(291.7,169.7) error_x=0.412 yaw_deg=-20.81 height=39.8px height_norm=0.166 margin=30.37 distance=0.3465841021577003
[can] backend=detectnet_native no detections
[tag] backend=pupil_apriltags id=0 center=(295.5,169.9) error_x=0.423 yaw_deg=-22.19 height=39.7px height_norm=0.165 margin=29.78 distance=0.34816926176421675
[can] backend=detectnet_native no detections
[tag] backend=pupil_apriltags id=0 center=(295.2,169.9) error_x=0.423 yaw_deg=-21.94 height=39.4px height_norm=0.164 margin=30.33 distance=0.3480171507519862
[can] backend=detectnet_native no detections
[tag] backend=pupil_apriltags id=0 center=(296.5,170.5) error_x=0.426 yaw_deg=-22.02 height=39.5px height_norm=0.165 margin=29.77 distance=0.35095977449356375
[can] backend=detectnet_native no detections
[tag] backend=pupil_apriltags id=0 center=(298.0,170.5) error_x=0.431 yaw_deg=-22.73 height=39.7px height_norm=0.165 margin=30.00 distance=0.35266669387903243
[can] backend=detectnet_native no detections
[tag] backend=pupil_apriltags id=0 center=(300.1,171.1) error_x=0.438 yaw_deg=-23.18 height=39.7px height_norm=0.165 margin=29.40 distance=0.3561367694378813
[can] backend=detectnet_native no detections
[tag] backend=pupil_apriltags id=0 center=(300.1,171.3) error_x=0.438 yaw_deg=-23.19 height=39.5px height_norm=0.165 margin=29.62 distance=0.35580131800282927
[can] backend=detectnet_native no detections
[tag] backend=pupil_apriltags id=0 center=(300.6,171.5) error_x=0.439 yaw_deg=-24.15 height=39.6px height_norm=0.165 margin=26.25 distance=0.3604520593702363
[can] backend=detectnet_native no detections
[tag] backend=pupil_apriltags id=0 center=(301.3,171.5) error_x=0.442 yaw_deg=-24.92 height=39.5px height_norm=0.164 margin=23.51 distance=0.36205897303574
[can] backend=detectnet_native no detections
[tag] no detections
[map] motion direction=right speed=0.15 effective_seconds=2.242459297180176 pose={'x_m': -0.6324545889508382, 'y_m': -0.2904680587757668, 'heading_rad': 0.6311425419361343}
[base] continuous stop label=align_bin elapsed=2.242s
[base] stop
[can] backend=detectnet_native no detections
[tag] no detections
[base] stop
[can] backend=detectnet_native no detections
[tag] no detections
[base] stop
[can] backend=detectnet_native no detections
[tag] no detections
[base] stop
[can] backend=detectnet_native no detections
[tag] no detections
[base] stop
[can] backend=detectnet_native no detections
[tag] no detections
[base] stop
[can] backend=detectnet_native no detections
[tag] no detections
[base] stop
[can] backend=detectnet_native no detections
[tag] no detections
[base] stop
[fsm] ALIGNING --TARGET_MISSING--> SEARCHING reason=alignment target lost
[can] backend=detectnet_native no detections
[tag] no detections
[base] continuous start label=search_bin_routine_2_step_0 direction=forward requested_speed=0.6 effective_speed=0.6
[can] backend=detectnet_native no detections
[tag] no detections
[map] motion direction=forward speed=0.6 effective_seconds=0.06555485725402832 pose={'x_m': -0.6284413526282778, 'y_m': -0.28497698970520036, 'heading_rad': 0.6311425419361343}
[can] backend=detectnet_native no detections
[tag] no detections
[map] motion direction=forward speed=0.6 effective_seconds=0.06475448608398438 pose={'x_m': -0.6244771146375834, 'y_m': -0.2795529620951892, 'heading_rad': 0.6311425419361343}
[can] backend=detectnet_native no detections
[tag] no detections
[map] motion direction=forward speed=0.6 effective_seconds=0.06358098983764648 pose={'x_m': -0.6205847175135686, 'y_m': -0.27422723000762456, 'heading_rad': 0.6311425419361343}
[can] backend=detectnet_native no detections
[tag] no detections
[map] motion direction=forward speed=0.6 effective_seconds=0.06451916694641113 pose={'x_m': -0.6166348856454692, 'y_m': -0.2688229134257838, 'heading_rad': 0.6311425419361343}
[can] backend=detectnet_native no detections
[tag] no detections
[map] motion direction=forward speed=0.6 effective_seconds=0.06346583366394043 pose={'x_m': -0.6127495383261286, 'y_m': -0.2635068271605153, 'heading_rad': 0.6311425419361343}
[can] backend=detectnet_native no detections
[tag] no detections
[map] motion direction=forward speed=0.6 effective_seconds=0.06314229965209961 pose={'x_m': -0.6088839976008725, 'y_m': -0.2582178410626503, 'heading_rad': 0.6311425419361343}
[can] backend=detectnet_native no detections
[tag] no detections
[map] motion direction=forward speed=0.6 effective_seconds=0.06397795677185059 pose={'x_m': -0.6049672983551548, 'y_m': -0.2528588578485368, 'heading_rad': 0.6311425419361343}
[can] backend=detectnet_native no detections
[tag] no detections
[map] motion direction=forward speed=0.6 effective_seconds=0.061508893966674805 pose={'x_m': -0.6012017539276685, 'y_m': -0.2477066906503632, 'heading_rad': 0.6311425419361343}
[can] backend=detectnet_native no detections
[tag] no detections
[map] motion direction=forward speed=0.6 effective_seconds=0.06118178367614746 pose={'x_m': -0.5974562350323, 'y_m': -0.2425819231792917, 'heading_rad': 0.6311425419361343}
[can] backend=detectnet_native no detections
[tag] no detections
[map] motion direction=forward speed=0.6 effective_seconds=0.06238126754760742 pose={'x_m': -0.5936372843205429, 'y_m': -0.23735668338529692, 'heading_rad': 0.6311425419361343}
[can] backend=detectnet_native no detections
[tag] no detections
[map] motion direction=forward speed=0.6 effective_seconds=0.06455087661743164 pose={'x_m': -0.589685511201881, 'y_m': -0.23194971070746156, 'heading_rad': 0.6311425419361343}
[can] backend=detectnet_native no detections
[tag] no detections
[map] motion direction=forward speed=0.6 effective_seconds=0.0675506591796875 pose={'x_m': -0.5855500928608373, 'y_m': -0.2262914673544084, 'heading_rad': 0.6311425419361343}
[can] backend=detectnet_native no detections
[tag] no detections
[map] motion direction=forward speed=0.6 effective_seconds=0.0636589527130127 pose={'x_m': -0.5816529228876952, 'y_m': -0.22095920486541343, 'heading_rad': 0.6311425419361343}
[can] backend=detectnet_native no detections
[tag] no detections
[map] motion direction=forward speed=0.6 effective_seconds=0.06359052658081055 pose={'x_m': -0.5777599419289248, 'y_m': -0.21563267395198574, 'heading_rad': 0.6311425419361343}
[can] backend=detectnet_native no detections
[tag] no detections
[map] motion direction=forward speed=0.6 effective_seconds=0.06403088569641113 pose={'x_m': -0.5738400024003134, 'y_m': -0.21026925725433238, 'heading_rad': 0.6311425419361343}
[can] backend=detectnet_native no detections
[tag] no detections
[map] motion direction=forward speed=0.6 effective_seconds=0.0623476505279541 pose={'x_m': -0.5700231097060698, 'y_m': -0.20504683332150478, 'heading_rad': 0.6311425419361343}
[can] backend=detectnet_native no detections
[tag] no detections
[map] motion direction=forward speed=0.6 effective_seconds=0.06274819374084473 pose={'x_m': -0.56618169595209, 'y_m': -0.1997908587024297, 'heading_rad': 0.6311425419361343}
[can] backend=detectnet_native no detections
[tag] no detections
[map] motion direction=forward speed=0.6 effective_seconds=0.06323862075805664 pose={'x_m': -0.5623102584958022, 'y_m': -0.19449380446334805, 'heading_rad': 0.6311425419361343}
[can] backend=detectnet_native no detections
[tag] no detections
[map] motion direction=forward speed=0.6 effective_seconds=0.06213212013244629 pose={'x_m': -0.5585065604670357, 'y_m': -0.18928943399502507, 'heading_rad': 0.6311425419361343}
[can] backend=detectnet_native no detections
[tag] no detections
[map] motion direction=forward speed=0.6 effective_seconds=0.06246805191040039 pose={'x_m': -0.5546822968590024, 'y_m': -0.18405692488567665, 'heading_rad': 0.6311425419361343}
[can] backend=detectnet_native no detections
[tag] no detections
[map] motion direction=forward speed=0.6 effective_seconds=0.061194419860839844 pose={'x_m': -0.5509360043825828, 'y_m': -0.17893109897033663, 'heading_rad': 0.6311425419361343}
[can] backend=detectnet_native no detections
[tag] no detections
[map] motion direction=forward speed=0.6 effective_seconds=0.06346631050109863 pose={'x_m': -0.5470506278715045, 'y_m': -0.17361497276377497, 'heading_rad': 0.6311425419361343}
[can] backend=detectnet_native no detections
[tag] no detections
[map] motion direction=forward speed=0.6 effective_seconds=0.06373333930969238 pose={'x_m': -0.5431489039872686, 'y_m': -0.16827647943304833, 'heading_rad': 0.6311425419361343}
[can] backend=detectnet_native no detections
[tag] no detections
[map] motion direction=forward speed=0.6 effective_seconds=0.062043190002441406 pose={'x_m': -0.5393506502175983, 'y_m': -0.16307955801589816, 'heading_rad': 0.6311425419361343}
[can] backend=detectnet_native no detections
[tag] no detections
[map] motion direction=forward speed=0.6 effective_seconds=0.06449222564697266 pose={'x_m': -0.5354024676826835, 'y_m': -0.15767749811712045, 'heading_rad': 0.6311425419361343}
[can] backend=detectnet_native no detections
[tag] no detections
[map] motion direction=forward speed=0.6 effective_seconds=0.06254100799560547 pose={'x_m': -0.5315737377387697, 'y_m': -0.1524388779899198, 'heading_rad': 0.6311425419361343}
[can] backend=detectnet_native no detections
[tag] no detections
[map] motion direction=forward speed=0.6 effective_seconds=0.06171917915344238 pose={'x_m': -0.5277953197549218, 'y_m': -0.14726909668146626, 'heading_rad': 0.6311425419361343}
[can] backend=detectnet_native no detections
[tag] no detections
[map] motion direction=forward speed=0.6 effective_seconds=0.06127333641052246 pose={'x_m': -0.5240441960458994, 'y_m': -0.14213666048210963, 'heading_rad': 0.6311425419361343}
[can] backend=detectnet_native no detections
[tag] no detections
[map] motion direction=forward speed=0.6 effective_seconds=0.06177234649658203 pose={'x_m': -0.5202625231832889, 'y_m': -0.13696242571946965, 'heading_rad': 0.6311425419361343}
[can] backend=detectnet_native no detections
[tag] no detections
[map] motion direction=forward speed=0.6 effective_seconds=0.06424236297607422 pose={'x_m': -0.5163296371189715, 'y_m': -0.1315812950583035, 'heading_rad': 0.6311425419361343}
[can] backend=detectnet_native no detections
[tag] no detections
[map] motion direction=forward speed=0.6 effective_seconds=0.06273007392883301 pose={'x_m': -0.5124893326510274, 'y_m': -0.12632683820836818, 'heading_rad': 0.6311425419361343}
[can] backend=detectnet_native no detections
[tag] no detections
[map] motion direction=forward speed=0.6 effective_seconds=0.06199049949645996 pose={'x_m': -0.5086943045683819, 'y_m': -0.12113433030411128, 'heading_rad': 0.6311425419361343}
[can] backend=detectnet_native no detections
[tag] no detections
[map] motion direction=forward speed=0.6 effective_seconds=0.06101346015930176 pose={'x_m': -0.5049590903564504, 'y_m': -0.11602366210952236, 'heading_rad': 0.6311425419361343}
[can] backend=detectnet_native no detections
[tag] no detections
[map] motion direction=forward speed=0.6 effective_seconds=0.06218457221984863 pose={'x_m': -0.5011521812365279, 'y_m': -0.11081489809895269, 'heading_rad': 0.6311425419361343}
[can] backend=detectnet_native no detections
[tag] no detections
[map] motion direction=forward speed=0.6 effective_seconds=0.06098127365112305 pose={'x_m': -0.4974189374668966, 'y_m': -0.10570692594165151, 'heading_rad': 0.6311425419361343}
[can] backend=detectnet_native no detections
[tag] no detections
[map] motion direction=forward speed=0.6 effective_seconds=0.06300902366638184 pose={'x_m': -0.4935615558323504, 'y_m': -0.10042910343522242, 'heading_rad': 0.6311425419361343}
[can] backend=detectnet_native no detections
[tag] no detections
[map] motion direction=forward speed=0.6 effective_seconds=0.06375312805175781 pose={'x_m': -0.48965862049099657, 'y_m': -0.09508895254082997, 'heading_rad': 0.6311425419361343}
[can] backend=detectnet_native no detections
[tag] no detections
[map] motion direction=forward speed=0.6 effective_seconds=0.06164288520812988 pose={'x_m': -0.4858848731851937, 'y_m': -0.08992556183928072, 'heading_rad': 0.6311425419361343}
[can] backend=detectnet_native no detections
[tag] no detections
[map] motion direction=forward speed=0.6 effective_seconds=0.06650757789611816 pose={'x_m': -0.4818133117705464, 'y_m': -0.08435469006499703, 'heading_rad': 0.6311425419361343}
[can] backend=detectnet_native no detections
[tag] no detections
[map] motion direction=forward speed=0.6 effective_seconds=0.06331515312194824 pose={'x_m': -0.4779371890403447, 'y_m': -0.0790512252483645, 'heading_rad': 0.6311425419361343}
[can] backend=detectnet_native no detections
[tag] no detections
[map] motion direction=forward speed=0.6 effective_seconds=0.06324982643127441 pose={'x_m': -0.47406506557821904, 'y_m': -0.07375323238889375, 'heading_rad': 0.6311425419361343}
[can] backend=detectnet_native no detections
[tag] no detections
[map] motion direction=forward speed=0.6 effective_seconds=0.0618436336517334 pose={'x_m': -0.4702790285508103, 'y_m': -0.06857302640292759, 'heading_rad': 0.6311425419361343}
[can] backend=detectnet_native no detections
[tag] no detections
[map] motion direction=forward speed=0.6 effective_seconds=0.060515403747558594 pose={'x_m': -0.46657430510899117, 'y_m': -0.0635040768890357, 'heading_rad': 0.6311425419361343}
[can] backend=detectnet_native no detections
[tag] no detections
[map] motion direction=forward speed=0.6 effective_seconds=0.06171226501464844 pose={'x_m': -0.46279631040534114, 'y_m': -0.05833487472933285, 'heading_rad': 0.6311425419361343}
[can] backend=detectnet_native no detections
[tag] no detections
[map] motion direction=forward speed=0.6 effective_seconds=0.06400275230407715 pose={'x_m': -0.4588780931892588, 'y_m': -0.05297381456797545, 'heading_rad': 0.6311425419361343}
[can] backend=detectnet_native no detections
[tag] no detections
[map] motion direction=forward speed=0.6 effective_seconds=0.06202101707458496 pose={'x_m': -0.4550811968353954, 'y_m': -0.047778750420956834, 'heading_rad': 0.6311425419361343}
[map] motion direction=forward speed=0.6 effective_seconds=0.01732039451599121 pose={'x_m': -0.45402085074809795, 'y_m': -0.0463279428591583, 'heading_rad': 0.6311425419361343}
[base] continuous stop label=search_bin_routine_2_step_0 elapsed=0.017s
[base] stop
[can] backend=detectnet_native no detections
[tag] no detections
[base] continuous start label=search_bin_routine_2_step_1 direction=left requested_speed=0.15 effective_speed=0.15
[can] backend=detectnet_native no detections
[tag] no detections
[map] motion direction=left speed=0.15 effective_seconds=0.06157636642456055 pose={'x_m': -0.45402085074809795, 'y_m': -0.0463279428591583, 'heading_rad': 0.6218421640325689}
[can] backend=detectnet_native no detections
[tag] no detections
[base] continuous start label=search_bin_routine_2_step_1 direction=left requested_speed=0.15 effective_speed=0.15
[fsm] stop requested; ending run without mission failure
[media] shutdown result={'stopped': True, 'stopping': False, 'last_recording': None, 'last_events': None}
[fsm] stop_all owner=Thread-78
[map] motion direction=left speed=0.15 effective_seconds=0.6916227340698242 pose={'x_m': -0.45402085074809795, 'y_m': -0.0463279428591583, 'heading_rad': 0.5054689663800098}
[base] continuous stop label=search_bin_routine_2_step_1 elapsed=0.692s
[base] stop
[arm] pose safe_home
[arm] safe_home servo=5 angle=0 speed=85
[arm] safe_home servo=4 angle=0 speed=85
[arm] safe_home servo=3 angle=0 speed=85
[arm] safe_home servo=2 angle=0 speed=85
[arm] safe_home servo=1 angle=-16 speed=85
[camera] stopped
[depth] stop
[result] False
[integration] STOPPED elapsed=149.3s
