
>>> run_full_background log=/workspace/robot_code/temp_car/logs/integration_run_full_20260907_045926.log
[fsm] IDLE --START--> INITIALIZING
[depth] loading network fcn-mobilenet
[camera] starting JetBot Camera 320x240
[warmup] frame 1/2 processed
[warmup] frame 2/2 processed
[depth] started enabled=True
[arm] pose safe_home
[arm] TTLServo connected
[arm] safe_home servo=5 angle=0 speed=85
[arm] safe_home servo=4 angle=0 speed=85
[arm] safe_home servo=3 angle=0 speed=85
[arm] safe_home servo=2 angle=0 speed=85
[arm] safe_home servo=1 angle=-16 speed=85
[base] stop
[fsm] INITIALIZING --INITIALIZED--> PLANNING
[fsm] PLANNING --TARGET_REQUIRED--> SEARCHING
[can] loading native detectNet model=/workspace/robot_code/temp_car/assets/models/detectnet_native_can/can_ssd_mobilenet_v1.onnx
[can] native detectNet loaded threshold=0.200 clustering=0.300
[can] backend=detectnet_native no detections
[base] Robot connected
[base] continuous start label=search_can_routine_2_step_0 direction=forward requested_speed=0.6 effective_speed=0.6
[can] backend=detectnet_native no detections
[map] motion direction=forward speed=0.6 effective_seconds=0.0664370059967041 pose={'x_m': 0.0, 'y_m': 0.00689283937215805, 'heading_rad': 0.0}
[can] backend=detectnet_native no detections
[map] motion direction=forward speed=0.6 effective_seconds=0.0507359504699707 pose={'x_m': 0.0, 'y_m': 0.01215669423341751, 'heading_rad': 0.0}
[can] backend=detectnet_native no detections
[map] motion direction=forward speed=0.6 effective_seconds=0.057352542877197266 pose={'x_m': 0.0, 'y_m': 0.018107020556926725, 'heading_rad': 0.0}
[can] backend=detectnet_native no detections
[map] motion direction=forward speed=0.6 effective_seconds=0.060903072357177734 pose={'x_m': 0.0, 'y_m': 0.024425714313983916, 'heading_rad': 0.0}
[can] backend=detectnet_native no detections
[map] motion direction=forward speed=0.6 effective_seconds=0.05799221992492676 pose={'x_m': 0.0, 'y_m': 0.030442407131195066, 'heading_rad': 0.0}
[can] backend=detectnet_native no detections
[map] motion direction=forward speed=0.6 effective_seconds=0.055716753005981445 pose={'x_m': 0.0, 'y_m': 0.03622302025556564, 'heading_rad': 0.0}
[can] backend=detectnet_native no detections
[map] motion direction=forward speed=0.6 effective_seconds=0.053990840911865234 pose={'x_m': 0.0, 'y_m': 0.04182457000017166, 'heading_rad': 0.0}
[can] backend=detectnet_native no detections
[map] motion direction=forward speed=0.6 effective_seconds=0.054520368576049805 pose={'x_m': 0.0, 'y_m': 0.04748105823993683, 'heading_rad': 0.0}
[can] backend=detectnet_native no detections
[map] motion direction=forward speed=0.6 effective_seconds=0.04724431037902832 pose={'x_m': 0.0, 'y_m': 0.05238265544176102, 'heading_rad': 0.0}
[can] backend=detectnet_native no detections
[map] motion direction=forward speed=0.6 effective_seconds=0.04890918731689453 pose={'x_m': 0.0, 'y_m': 0.05745698362588882, 'heading_rad': 0.0}
[can] backend=detectnet_native no detections
[map] motion direction=forward speed=0.6 effective_seconds=0.04864978790283203 pose={'x_m': 0.0, 'y_m': 0.06250439912080764, 'heading_rad': 0.0}
[can] backend=detectnet_native no detections
[map] motion direction=forward speed=0.6 effective_seconds=0.04866766929626465 pose={'x_m': 0.0, 'y_m': 0.0675536698102951, 'heading_rad': 0.0}
[can] backend=detectnet_native no detections
[map] motion direction=forward speed=0.6 effective_seconds=0.04875922203063965 pose={'x_m': 0.0, 'y_m': 0.07261243909597397, 'heading_rad': 0.0}
[can] backend=detectnet_native no detections
[map] motion direction=forward speed=0.6 effective_seconds=0.0493474006652832 pose={'x_m': 0.0, 'y_m': 0.07773223191499709, 'heading_rad': 0.0}
[can] backend=detectnet_native no detections
[map] motion direction=forward speed=0.6 effective_seconds=0.0492243766784668 pose={'x_m': 0.0, 'y_m': 0.08283926099538802, 'heading_rad': 0.0}
[can] backend=detectnet_native no detections
[map] motion direction=forward speed=0.6 effective_seconds=0.048992156982421875 pose={'x_m': 0.0, 'y_m': 0.08792219728231429, 'heading_rad': 0.0}
[can] backend=detectnet_native no detections
[map] motion direction=forward speed=0.6 effective_seconds=0.04901003837585449 pose={'x_m': 0.0, 'y_m': 0.0930069887638092, 'heading_rad': 0.0}
[can] backend=detectnet_native no detections
[map] motion direction=forward speed=0.6 effective_seconds=0.04723930358886719 pose={'x_m': 0.0, 'y_m': 0.09790806651115416, 'heading_rad': 0.0}
[can] backend=detectnet_native no detections
[map] motion direction=forward speed=0.6 effective_seconds=0.04718613624572754 pose={'x_m': 0.0, 'y_m': 0.1028036281466484, 'heading_rad': 0.0}
[can] backend=detectnet_native no detections
[map] motion direction=forward speed=0.6 effective_seconds=0.04727458953857422 pose={'x_m': 0.0, 'y_m': 0.10770836681127548, 'heading_rad': 0.0}
[can] backend=detectnet_native no detections
[map] motion direction=forward speed=0.6 effective_seconds=0.047893524169921875 pose={'x_m': 0.0, 'y_m': 0.11267731994390487, 'heading_rad': 0.0}
[can] backend=detectnet_native no detections
[map] motion direction=forward speed=0.6 effective_seconds=0.04705047607421875 pose={'x_m': 0.0, 'y_m': 0.11755880683660506, 'heading_rad': 0.0}
[can] backend=detectnet_native no detections
[map] motion direction=forward speed=0.6 effective_seconds=0.0475764274597168 pose={'x_m': 0.0, 'y_m': 0.12249486118555068, 'heading_rad': 0.0}
[can] backend=detectnet_native no detections
[map] motion direction=forward speed=0.6 effective_seconds=0.0471193790435791 pose={'x_m': 0.0, 'y_m': 0.12738349676132202, 'heading_rad': 0.0}
[can] backend=detectnet_native no detections
[map] motion direction=forward speed=0.6 effective_seconds=0.04716968536376953 pose={'x_m': 0.0, 'y_m': 0.1322773516178131, 'heading_rad': 0.0}
[can] backend=detectnet_native no detections
[map] motion direction=forward speed=0.6 effective_seconds=0.04755043983459473 pose={'x_m': 0.0, 'y_m': 0.1372107097506523, 'heading_rad': 0.0}
[can] backend=detectnet_native no detections
[map] motion direction=forward speed=0.6 effective_seconds=0.0473020076751709 pose={'x_m': 0.0, 'y_m': 0.14211829304695128, 'heading_rad': 0.0}
[can] backend=detectnet_native no detections
[map] motion direction=forward speed=0.6 effective_seconds=0.04754757881164551 pose={'x_m': 0.0, 'y_m': 0.1470513543486595, 'heading_rad': 0.0}
[can] backend=detectnet_native no detections
[map] motion direction=forward speed=0.6 effective_seconds=0.04749011993408203 pose={'x_m': 0.0, 'y_m': 0.15197845429182053, 'heading_rad': 0.0}
[can] backend=detectnet_native no detections
[map] motion direction=forward speed=0.6 effective_seconds=0.04759788513183594 pose={'x_m': 0.0, 'y_m': 0.1569167348742485, 'heading_rad': 0.0}
[can] backend=detectnet_native no detections
[map] motion direction=forward speed=0.6 effective_seconds=0.04742789268493652 pose={'x_m': 0.0, 'y_m': 0.16183737874031068, 'heading_rad': 0.0}
[can] backend=detectnet_native no detections
[map] motion direction=forward speed=0.6 effective_seconds=0.04735612869262695 pose={'x_m': 0.0, 'y_m': 0.16675057709217073, 'heading_rad': 0.0}
[can] backend=detectnet_native no detections
[map] motion direction=forward speed=0.6 effective_seconds=0.047538042068481445 pose={'x_m': 0.0, 'y_m': 0.17168264895677568, 'heading_rad': 0.0}
[can] backend=detectnet_native no detections
[map] motion direction=forward speed=0.6 effective_seconds=0.047212839126586914 pose={'x_m': 0.0, 'y_m': 0.17658098101615907, 'heading_rad': 0.0}
[can] backend=detectnet_native no detections
[map] motion direction=forward speed=0.6 effective_seconds=0.04737401008605957 pose={'x_m': 0.0, 'y_m': 0.18149603456258775, 'heading_rad': 0.0}
[can] backend=detectnet_native no detections
[map] motion direction=forward speed=0.6 effective_seconds=0.04744863510131836 pose={'x_m': 0.0, 'y_m': 0.18641883045434954, 'heading_rad': 0.0}
[can] backend=detectnet_native no detections
[map] motion direction=forward speed=0.6 effective_seconds=0.0474853515625 pose={'x_m': 0.0, 'y_m': 0.19134543567895893, 'heading_rad': 0.0}
[can] backend=detectnet_native no detections
[map] motion direction=forward speed=0.6 effective_seconds=0.047534942626953125 pose={'x_m': 0.0, 'y_m': 0.19627718597650531, 'heading_rad': 0.0}
[can] backend=detectnet_native no detections
[map] motion direction=forward speed=0.6 effective_seconds=0.04770994186401367 pose={'x_m': 0.0, 'y_m': 0.20122709244489673, 'heading_rad': 0.0}
[can] backend=detectnet_native no detections
[map] motion direction=forward speed=0.6 effective_seconds=0.047554731369018555 pose={'x_m': 0.0, 'y_m': 0.2061608958244324, 'heading_rad': 0.0}
[can] backend=detectnet_native no detections
[map] motion direction=forward speed=0.6 effective_seconds=0.04741048812866211 pose={'x_m': 0.0, 'y_m': 0.2110797339677811, 'heading_rad': 0.0}
[can] backend=detectnet_native no detections
[map] motion direction=forward speed=0.6 effective_seconds=0.04758334159851074 pose={'x_m': 0.0, 'y_m': 0.2160165056586266, 'heading_rad': 0.0}
[can] backend=detectnet_native no detections
[map] motion direction=forward speed=0.6 effective_seconds=0.04735302925109863 pose={'x_m': 0.0, 'y_m': 0.22092938244342808, 'heading_rad': 0.0}
[can] backend=detectnet_native no detections
[map] motion direction=forward speed=0.6 effective_seconds=0.047449588775634766 pose={'x_m': 0.0, 'y_m': 0.2258522772789002, 'heading_rad': 0.0}
[can] backend=detectnet_native no detections
[map] motion direction=forward speed=0.6 effective_seconds=0.047727346420288086 pose={'x_m': 0.0, 'y_m': 0.23080398947000508, 'heading_rad': 0.0}
[can] backend=detectnet_native no detections
[map] motion direction=forward speed=0.6 effective_seconds=0.04740428924560547 pose={'x_m': 0.0, 'y_m': 0.23572218447923665, 'heading_rad': 0.0}
[can] backend=detectnet_native no detections
[map] motion direction=forward speed=0.6 effective_seconds=0.047577857971191406 pose={'x_m': 0.0, 'y_m': 0.24065838724374777, 'heading_rad': 0.0}
[can] backend=detectnet_native no detections
[map] motion direction=forward speed=0.6 effective_seconds=0.04750990867614746 pose={'x_m': 0.0, 'y_m': 0.24558754026889806, 'heading_rad': 0.0}
[can] backend=detectnet_native no detections
[map] motion direction=forward speed=0.6 effective_seconds=0.04762434959411621 pose={'x_m': 0.0, 'y_m': 0.2505285665392876, 'heading_rad': 0.0}
[can] backend=detectnet_native no detections
[map] motion direction=forward speed=0.6 effective_seconds=0.048491716384887695 pose={'x_m': 0.0, 'y_m': 0.2555595821142197, 'heading_rad': 0.0}
[can] backend=detectnet_native no detections
[map] motion direction=forward speed=0.6 effective_seconds=0.05097389221191406 pose={'x_m': 0.0, 'y_m': 0.2608481234312058, 'heading_rad': 0.0}
[can] backend=detectnet_native no detections
[map] motion direction=forward speed=0.6 effective_seconds=0.04738330841064453 pose={'x_m': 0.0, 'y_m': 0.26576414167881013, 'heading_rad': 0.0}
[can] backend=detectnet_native no detections
[map] motion direction=forward speed=0.6 effective_seconds=0.047507524490356445 pose={'x_m': 0.0, 'y_m': 0.27069304734468463, 'heading_rad': 0.0}
[can] backend=detectnet_native no detections
[map] motion direction=forward speed=0.6 effective_seconds=0.04738950729370117 pose={'x_m': 0.0, 'y_m': 0.2756097087264061, 'heading_rad': 0.0}
[can] backend=detectnet_native no detections
[map] motion direction=forward speed=0.6 effective_seconds=0.04748225212097168 pose={'x_m': 0.0, 'y_m': 0.28053599238395693, 'heading_rad': 0.0}
[can] backend=detectnet_native no detections
[map] motion direction=forward speed=0.6 effective_seconds=0.04752779006958008 pose={'x_m': 0.0, 'y_m': 0.28546700060367586, 'heading_rad': 0.0}
[can] backend=detectnet_native no detections
[map] motion direction=forward speed=0.6 effective_seconds=0.04732012748718262 pose={'x_m': 0.0, 'y_m': 0.29037646383047105, 'heading_rad': 0.0}
[can] backend=detectnet_native no detections
[map] motion direction=forward speed=0.6 effective_seconds=0.0473635196685791 pose={'x_m': 0.0, 'y_m': 0.29529042899608615, 'heading_rad': 0.0}
[can] backend=detectnet_native no detections
[map] motion direction=forward speed=0.6 effective_seconds=0.04731631278991699 pose={'x_m': 0.0, 'y_m': 0.30019949644804006, 'heading_rad': 0.0}
[map] motion direction=forward speed=0.6 effective_seconds=0.017462730407714844 pose={'x_m': 0.0, 'y_m': 0.30201125472784046, 'heading_rad': 0.0}
[base] continuous stop label=search_can_routine_2_step_0 elapsed=0.017s
[base] stop
[can] backend=detectnet_native no detections
[base] continuous start label=search_can_routine_2_step_1 direction=left requested_speed=0.15 effective_speed=0.15
[can] backend=detectnet_native no detections
[map] motion direction=left speed=0.15 effective_seconds=0.04715538024902344 pose={'x_m': 0.0, 'y_m': 0.30201125472784046, 'heading_rad': -0.007122259431133315}
[can] backend=detectnet_native no detections
[map] motion direction=left speed=0.15 effective_seconds=0.047448158264160156 pose={'x_m': 0.0, 'y_m': 0.30201125472784046, 'heading_rad': -0.014288739499838332}
[can] backend=detectnet_native no detections
[map] motion direction=left speed=0.15 effective_seconds=0.04863595962524414 pose={'x_m': 0.0, 'y_m': 0.30201125472784046, 'heading_rad': -0.021634622839211914}
[can] backend=detectnet_native no detections
[map] motion direction=left speed=0.15 effective_seconds=0.047719478607177734 pose={'x_m': 0.0, 'y_m': 0.30201125472784046, 'heading_rad': -0.028842082619281673}
[can] backend=detectnet_native no detections
[map] motion direction=left speed=0.15 effective_seconds=0.047564029693603516 pose={'x_m': 0.0, 'y_m': 0.30201125472784046, 'heading_rad': -0.0360260636895009}
[can] backend=detectnet_native no detections
[map] motion direction=left speed=0.15 effective_seconds=0.04748368263244629 pose={'x_m': 0.0, 'y_m': 0.30201125472784046, 'heading_rad': -0.04319790929159195}
[can] backend=detectnet_native no detections
[map] motion direction=left speed=0.15 effective_seconds=0.047151803970336914 pose={'x_m': 0.0, 'y_m': 0.30201125472784046, 'heading_rad': -0.05031962856835781}
[can] backend=detectnet_native no detections
[map] motion direction=left speed=0.15 effective_seconds=0.04756784439086914 pose={'x_m': 0.0, 'y_m': 0.30201125472784046, 'heading_rad': -0.05750418580323613}
[can] backend=detectnet_native no detections
[map] motion direction=left speed=0.15 effective_seconds=0.04743313789367676 pose={'x_m': 0.0, 'y_m': 0.30201125472784046, 'heading_rad': -0.06466839722359641}
[can] backend=detectnet_native no detections
[map] motion direction=left speed=0.15 effective_seconds=0.04743075370788574 pose={'x_m': 0.0, 'y_m': 0.30201125472784046, 'heading_rad': -0.0718322485410452}
[can] backend=detectnet_native no detections
[map] motion direction=left speed=0.15 effective_seconds=0.047515153884887695 pose={'x_m': 0.0, 'y_m': 0.30201125472784046, 'heading_rad': -0.079008847501572}
[can] backend=detectnet_native no detections
[map] motion direction=left speed=0.15 effective_seconds=0.04755353927612305 pose={'x_m': 0.0, 'y_m': 0.30201125472784046, 'heading_rad': -0.08619124411897916}
[can] backend=detectnet_native no detections
[map] motion direction=left speed=0.15 effective_seconds=0.04732632637023926 pose={'x_m': 0.0, 'y_m': 0.30201125472784046, 'heading_rad': -0.09333932292889013}
[can] backend=detectnet_native no detections
[map] motion direction=left speed=0.15 effective_seconds=0.04730701446533203 pose={'x_m': 0.0, 'y_m': 0.30201125472784046, 'heading_rad': -0.10048448490521533}
[can] backend=detectnet_native no detections
[map] motion direction=left speed=0.15 effective_seconds=0.04751229286193848 pose={'x_m': 0.0, 'y_m': 0.30201125472784046, 'heading_rad': -0.10766065174224826}
[can] backend=detectnet_native no detections
[map] motion direction=left speed=0.15 effective_seconds=0.04713153839111328 pose={'x_m': 0.0, 'y_m': 0.30201125472784046, 'heading_rad': -0.11477931014426357}
[can] backend=detectnet_native no detections
[map] motion direction=left speed=0.15 effective_seconds=0.047325849533081055 pose={'x_m': 0.0, 'y_m': 0.30201125472784046, 'heading_rad': -0.12192731693359216}
[can] backend=detectnet_native no detections
[map] motion direction=left speed=0.15 effective_seconds=0.04729795455932617 pose={'x_m': 0.0, 'y_m': 0.30201125472784046, 'heading_rad': -0.12907111051885245}
[can] backend=detectnet_native no detections
[map] motion direction=left speed=0.15 effective_seconds=0.04727816581726074 pose={'x_m': 0.0, 'y_m': 0.30201125472784046, 'heading_rad': -0.13621191524994458}
[can] backend=detectnet_native no detections
[map] motion direction=left speed=0.15 effective_seconds=0.04782462120056152 pose={'x_m': 0.0, 'y_m': 0.30201125472784046, 'heading_rad': -0.14343525556842573}
[can] backend=detectnet_native no detections
[map] motion direction=left speed=0.15 effective_seconds=0.047202110290527344 pose={'x_m': 0.0, 'y_m': 0.30201125472784046, 'heading_rad': -0.15056457301663073}
[can] backend=detectnet_native no detections
[map] motion direction=left speed=0.15 effective_seconds=0.04763078689575195 pose={'x_m': 0.0, 'y_m': 0.30201125472784046, 'heading_rad': -0.157758636968381}
[can] backend=detectnet_native no detections
[map] motion direction=left speed=0.15 effective_seconds=0.04737520217895508 pose={'x_m': 0.0, 'y_m': 0.30201125472784046, 'heading_rad': -0.1649140978879844}
[can] backend=detectnet_native no detections
[map] motion direction=left speed=0.15 effective_seconds=0.047162771224975586 pose={'x_m': 0.0, 'y_m': 0.30201125472784046, 'heading_rad': -0.17203747363814426}
[can] backend=detectnet_native no detections
[map] motion direction=left speed=0.15 effective_seconds=0.047168731689453125 pose={'x_m': 0.0, 'y_m': 0.30201125472784046, 'heading_rad': -0.17916174964558396}
[can] backend=detectnet_native no detections
[map] motion direction=left speed=0.15 effective_seconds=0.04702162742614746 pose={'x_m': 0.0, 'y_m': 0.30201125472784046, 'heading_rad': -0.18626380730336445}
[can] backend=detectnet_native no detections
[map] motion direction=left speed=0.15 effective_seconds=0.04739785194396973 pose={'x_m': 0.0, 'y_m': 0.30201125472784046, 'heading_rad': -0.19342268920062988}
[can] backend=detectnet_native no detections
[map] motion direction=left speed=0.15 effective_seconds=0.0471956729888916 pose={'x_m': 0.0, 'y_m': 0.30201125472784046, 'heading_rad': -0.2005510343709731}
[can] backend=detectnet_native no detections
[map] motion direction=left speed=0.15 effective_seconds=0.04747724533081055 pose={'x_m': 0.0, 'y_m': 0.30201125472784046, 'heading_rad': -0.20772190769520193}
[can] backend=detectnet_native no detections
[map] motion direction=left speed=0.15 effective_seconds=0.04728269577026367 pose={'x_m': 0.0, 'y_m': 0.30201125472784046, 'heading_rad': -0.2148633966218263}
[can] backend=detectnet_native no detections
[map] motion direction=left speed=0.15 effective_seconds=0.04727506637573242 pose={'x_m': 0.0, 'y_m': 0.30201125472784046, 'heading_rad': -0.22200373321913291}
[can] backend=detectnet_native no detections
[map] motion direction=left speed=0.15 effective_seconds=0.04758429527282715 pose={'x_m': 0.0, 'y_m': 0.30201125472784046, 'heading_rad': -0.2291907751641027}
[can] backend=detectnet_native no detections
[map] motion direction=left speed=0.15 effective_seconds=0.04706931114196777 pose={'x_m': 0.0, 'y_m': 0.30201125472784046, 'heading_rad': -0.2363000348801192}
[can] backend=detectnet_native no detections
[map] motion direction=left speed=0.15 effective_seconds=0.047580718994140625 pose={'x_m': 0.0, 'y_m': 0.30201125472784046, 'heading_rad': -0.24348653667072107}
[can] backend=detectnet_native no detections
[map] motion direction=left speed=0.15 effective_seconds=0.047362565994262695 pose={'x_m': 0.0, 'y_m': 0.30201125472784046, 'heading_rad': -0.25064008904489166}
[can] backend=detectnet_native no detections
[map] motion direction=left speed=0.15 effective_seconds=0.04720044136047363 pose={'x_m': 0.0, 'y_m': 0.30201125472784046, 'heading_rad': -0.2577691544210583}
[can] backend=detectnet_native no detections
[map] motion direction=left speed=0.15 effective_seconds=0.04740285873413086 pose={'x_m': 0.0, 'y_m': 0.30201125472784046, 'heading_rad': -0.26492879253443835}
[can] backend=detectnet_native no detections
[map] motion direction=left speed=0.15 effective_seconds=0.0473332405090332 pose={'x_m': 0.0, 'y_m': 0.30201125472784046, 'heading_rad': -0.2720779156427935}
[can] backend=detectnet_native no detections
[map] motion direction=left speed=0.15 effective_seconds=0.04732084274291992 pose={'x_m': 0.0, 'y_m': 0.30201125472784046, 'heading_rad': -0.279225166216007}
[can] backend=detectnet_native no detections
[map] motion direction=left speed=0.15 effective_seconds=0.04726290702819824 pose={'x_m': 0.0, 'y_m': 0.30201125472784046, 'heading_rad': -0.28636366628846366}
[can] backend=detectnet_native no detections
[map] motion direction=left speed=0.15 effective_seconds=0.0469965934753418 pose={'x_m': 0.0, 'y_m': 0.30201125472784046, 'heading_rad': -0.29346194286566973}
[can] backend=detectnet_native no detections
[map] motion direction=left speed=0.15 effective_seconds=0.0472722053527832 pose={'x_m': 0.0, 'y_m': 0.30201125472784046, 'heading_rad': -0.3006018473394825}
[can] backend=detectnet_native no detections
[map] motion direction=left speed=0.15 effective_seconds=0.04749178886413574 pose={'x_m': 0.0, 'y_m': 0.30201125472784046, 'heading_rad': -0.30777491729147366}
[can] backend=detectnet_native no detections
[map] motion direction=left speed=0.15 effective_seconds=0.047316789627075195 pose={'x_m': 0.0, 'y_m': 0.30201125472784046, 'heading_rad': -0.31492155568973734}
[can] backend=detectnet_native no detections
[map] motion direction=left speed=0.15 effective_seconds=0.04711627960205078 pose={'x_m': 0.0, 'y_m': 0.30201125472784046, 'heading_rad': -0.32203790943311716}
[can] backend=detectnet_native no detections
[map] motion direction=left speed=0.15 effective_seconds=0.04739880561828613 pose={'x_m': 0.0, 'y_m': 0.30201125472784046, 'heading_rad': -0.3291969353715474}
[can] backend=detectnet_native no detections
[map] motion direction=left speed=0.15 effective_seconds=0.04705500602722168 pose={'x_m': 0.0, 'y_m': 0.30201125472784046, 'heading_rad': -0.33630403447009316}
[can] backend=detectnet_native no detections
[map] motion direction=left speed=0.15 effective_seconds=0.047461748123168945 pose={'x_m': 0.0, 'y_m': 0.30201125472784046, 'heading_rad': -0.3434725671253953}
[can] backend=detectnet_native no detections
[map] motion direction=left speed=0.15 effective_seconds=0.04755663871765137 pose={'x_m': 0.0, 'y_m': 0.30201125472784046, 'heading_rad': -0.350655431876588}
[can] backend=detectnet_native no detections
[map] motion direction=left speed=0.15 effective_seconds=0.0471343994140625 pose={'x_m': 0.0, 'y_m': 0.30201125472784046, 'heading_rad': -0.3577745224020976}
[can] backend=detectnet_native no detections
[map] motion direction=left speed=0.15 effective_seconds=0.0476377010345459 pose={'x_m': 0.0, 'y_m': 0.30201125472784046, 'heading_rad': -0.36496963065229204}
[can] backend=detectnet_native no detections
[map] motion direction=left speed=0.15 effective_seconds=0.04722094535827637 pose={'x_m': 0.0, 'y_m': 0.30201125472784046, 'heading_rad': -0.37210179291350043}
[can] backend=detectnet_native no detections
[map] motion direction=left speed=0.15 effective_seconds=0.04733991622924805 pose={'x_m': 0.0, 'y_m': 0.30201125472784046, 'heading_rad': -0.37925192431000854}
[can] backend=detectnet_native no detections
[map] motion direction=left speed=0.15 effective_seconds=0.04721403121948242 pose={'x_m': 0.0, 'y_m': 0.30201125472784046, 'heading_rad': -0.38638304227277276}
[can] backend=detectnet_native no detections
[map] motion direction=left speed=0.15 effective_seconds=0.04725074768066406 pose={'x_m': 0.0, 'y_m': 0.30201125472784046, 'heading_rad': -0.393519705820379}
[can] backend=detectnet_native no detections
[map] motion direction=left speed=0.15 effective_seconds=0.047278642654418945 pose={'x_m': 0.0, 'y_m': 0.30201125472784046, 'heading_rad': -0.4006605825720535}
[can] backend=detectnet_native no detections
[map] motion direction=left speed=0.15 effective_seconds=0.04714560508728027 pose={'x_m': 0.0, 'y_m': 0.30201125472784046, 'heading_rad': -0.40778136558124833}
[can] backend=detectnet_native no detections
[map] motion direction=left speed=0.15 effective_seconds=0.04762101173400879 pose={'x_m': 0.0, 'y_m': 0.30201125472784046, 'heading_rad': -0.4149739531110601}
[can] backend=detectnet_native no detections
[map] motion direction=left speed=0.15 effective_seconds=0.047354698181152344 pose={'x_m': 0.0, 'y_m': 0.30201125472784046, 'heading_rad': -0.42212631714562177}
[can] backend=detectnet_native no detections
[map] motion direction=left speed=0.15 effective_seconds=0.04755902290344238 pose={'x_m': 0.0, 'y_m': 0.30201125472784046, 'heading_rad': -0.4293095419997264}
[can] backend=detectnet_native no detections
[map] motion direction=left speed=0.15 effective_seconds=0.047280311584472656 pose={'x_m': 0.0, 'y_m': 0.30201125472784046, 'heading_rad': -0.43645067082343925}
[can] backend=detectnet_native no detections
[map] motion direction=left speed=0.15 effective_seconds=0.04746127128601074 pose={'x_m': 0.0, 'y_m': 0.30201125472784046, 'heading_rad': -0.443619131458159}
[can] backend=detectnet_native no detections
[map] motion direction=left speed=0.15 effective_seconds=0.047147274017333984 pose={'x_m': 0.0, 'y_m': 0.30201125472784046, 'heading_rad': -0.4507401665393922}
[can] backend=detectnet_native no detections
[map] motion direction=left speed=0.15 effective_seconds=0.047263383865356445 pose={'x_m': 0.0, 'y_m': 0.30201125472784046, 'heading_rad': -0.4578787386324312}
[can] backend=detectnet_native no detections
[map] motion direction=left speed=0.15 effective_seconds=0.047449350357055664 pose={'x_m': 0.0, 'y_m': 0.30201125472784046, 'heading_rad': -0.46504539875259177}
[can] backend=detectnet_native no detections
[map] motion direction=left speed=0.15 effective_seconds=0.04707002639770508 pose={'x_m': 0.0, 'y_m': 0.30201125472784046, 'heading_rad': -0.47215476649948185}
[can] backend=detectnet_native no detections
[map] motion direction=left speed=0.15 effective_seconds=0.04967164993286133 pose={'x_m': 0.0, 'y_m': 0.30201125472784046, 'heading_rad': -0.4796570785437497}
[can] backend=detectnet_native no detections
[map] motion direction=left speed=0.15 effective_seconds=0.04787564277648926 pose={'x_m': 0.0, 'y_m': 0.30201125472784046, 'heading_rad': -0.48688812506454404}
[can] backend=detectnet_native no detections
[map] motion direction=left speed=0.15 effective_seconds=0.04750418663024902 pose={'x_m': 0.0, 'y_m': 0.30201125472784046, 'heading_rad': -0.49406306755167684}
[can] backend=detectnet_native no detections
[map] motion direction=left speed=0.15 effective_seconds=0.04725241661071777 pose={'x_m': 0.0, 'y_m': 0.30201125472784046, 'heading_rad': -0.5011999831713214}
[can] backend=detectnet_native no detections
[map] motion direction=left speed=0.15 effective_seconds=0.0472865104675293 pose={'x_m': 0.0, 'y_m': 0.30201125472784046, 'heading_rad': -0.5083420482626049}
[can] backend=detectnet_native no detections
[map] motion direction=left speed=0.15 effective_seconds=0.04756331443786621 pose={'x_m': 0.0, 'y_m': 0.30201125472784046, 'heading_rad': -0.5155259213019505}
[can] backend=detectnet_native no detections
[map] motion direction=left speed=0.15 effective_seconds=0.04737234115600586 pose={'x_m': 0.0, 'y_m': 0.30201125472784046, 'heading_rad': -0.5226809500980596}
[can] backend=detectnet_native no detections
[map] motion direction=left speed=0.15 effective_seconds=0.04888439178466797 pose={'x_m': 0.0, 'y_m': 0.30201125472784046, 'heading_rad': -0.5300643561608447}
[can] backend=detectnet_native no detections
[map] motion direction=left speed=0.15 effective_seconds=0.046648263931274414 pose={'x_m': 0.0, 'y_m': 0.30201125472784046, 'heading_rad': -0.5371100217026341}
[can] backend=detectnet_native no detections
[map] motion direction=left speed=0.15 effective_seconds=0.0469968318939209 pose={'x_m': 0.0, 'y_m': 0.30201125472784046, 'heading_rad': -0.5442083342901314}
[can] backend=detectnet_native no detections
[map] motion direction=left speed=0.15 effective_seconds=0.04731440544128418 pose={'x_m': 0.0, 'y_m': 0.30201125472784046, 'heading_rad': -0.5513546125854831}
[can] backend=detectnet_native no detections
[map] motion direction=left speed=0.15 effective_seconds=0.047438621520996094 pose={'x_m': 0.0, 'y_m': 0.30201125472784046, 'heading_rad': -0.5585196522425409}
[can] backend=detectnet_native no detections
[map] motion direction=left speed=0.15 effective_seconds=0.048197269439697266 pose={'x_m': 0.0, 'y_m': 0.30201125472784046, 'heading_rad': -0.5657992766461395}
[can] backend=detectnet_native no detections
[map] motion direction=left speed=0.15 effective_seconds=0.047185659408569336 pose={'x_m': 0.0, 'y_m': 0.30201125472784046, 'heading_rad': -0.572926109384253}
[can] backend=detectnet_native no detections
[map] motion direction=left speed=0.15 effective_seconds=0.04759860038757324 pose={'x_m': 0.0, 'y_m': 0.30201125472784046, 'heading_rad': -0.5801153119466935}
[can] backend=detectnet_native no detections
[map] motion direction=left speed=0.15 effective_seconds=0.047106266021728516 pose={'x_m': 0.0, 'y_m': 0.30201125472784046, 'heading_rad': -0.5872301532578437}
[can] backend=detectnet_native no detections
[map] motion direction=left speed=0.15 effective_seconds=0.04725790023803711 pose={'x_m': 0.0, 'y_m': 0.30201125472784046, 'heading_rad': -0.5943678971141853}
[can] backend=detectnet_native no detections
[map] motion direction=left speed=0.15 effective_seconds=0.047853946685791016 pose={'x_m': 0.0, 'y_m': 0.30201125472784046, 'heading_rad': -0.6015956666984819}
[can] backend=detectnet_native no detections
[map] motion direction=left speed=0.15 effective_seconds=0.04723858833312988 pose={'x_m': 0.0, 'y_m': 0.30201125472784046, 'heading_rad': -0.6087304937212377}
[can] backend=detectnet_native no detections
[map] motion direction=left speed=0.15 effective_seconds=0.04773736000061035 pose={'x_m': 0.0, 'y_m': 0.30201125472784046, 'heading_rad': -0.615940654273146}
[can] backend=detectnet_native no detections
[map] motion direction=left speed=0.15 effective_seconds=0.04727005958557129 pose={'x_m': 0.0, 'y_m': 0.30201125472784046, 'heading_rad': -0.623080234654338}
[can] backend=detectnet_native no detections
[map] motion direction=left speed=0.15 effective_seconds=0.04755806922912598 pose={'x_m': 0.0, 'y_m': 0.30201125472784046, 'heading_rad': -0.6302633154672779}
[can] backend=detectnet_native no detections
[map] motion direction=left speed=0.15 effective_seconds=0.04718756675720215 pose={'x_m': 0.0, 'y_m': 0.30201125472784046, 'heading_rad': -0.637390436287721}
[can] backend=detectnet_native no detections
[map] motion direction=left speed=0.15 effective_seconds=0.04767894744873047 pose={'x_m': 0.0, 'y_m': 0.30201125472784046, 'heading_rad': -0.6445917743182901}
[can] backend=detectnet_native no detections
[map] motion direction=left speed=0.15 effective_seconds=0.047492265701293945 pose={'x_m': 0.0, 'y_m': 0.30201125472784046, 'heading_rad': -0.6517649162908636}
[can] backend=detectnet_native no detections
[map] motion direction=left speed=0.15 effective_seconds=0.047682762145996094 pose={'x_m': 0.0, 'y_m': 0.30201125472784046, 'heading_rad': -0.6589668304860914}
[can] backend=detectnet_native no detections
[map] motion direction=left speed=0.15 effective_seconds=0.04766082763671875 pose={'x_m': 0.0, 'y_m': 0.30201125472784046, 'heading_rad': -0.6661654317345307}
[can] backend=detectnet_native no detections
[map] motion direction=left speed=0.15 effective_seconds=0.047514915466308594 pose={'x_m': 0.0, 'y_m': 0.30201125472784046, 'heading_rad': -0.6733419946847663}
[can] backend=detectnet_native no detections
[map] motion direction=left speed=0.15 effective_seconds=0.04736185073852539 pose={'x_m': 0.0, 'y_m': 0.30201125472784046, 'heading_rad': -0.6804954390280633}
[can] backend=detectnet_native no detections
[map] motion direction=left speed=0.15 effective_seconds=0.049517154693603516 pose={'x_m': 0.0, 'y_m': 0.30201125472784046, 'heading_rad': -0.6879744164036454}
[can] backend=detectnet_native no detections
[map] motion direction=left speed=0.15 effective_seconds=0.04721212387084961 pose={'x_m': 0.0, 'y_m': 0.30201125472784046, 'heading_rad': -0.6951052462840801}
[can] backend=detectnet_native no detections
[map] motion direction=left speed=0.15 effective_seconds=0.04712343215942383 pose={'x_m': 0.0, 'y_m': 0.30201125472784046, 'heading_rad': -0.7022226803361953}
[can] backend=detectnet_native no detections
[map] motion direction=left speed=0.15 effective_seconds=0.04725146293640137 pose={'x_m': 0.0, 'y_m': 0.30201125472784046, 'heading_rad': -0.7093594519146751}
[can] backend=detectnet_native no detections
[map] motion direction=left speed=0.15 effective_seconds=0.047888755798339844 pose={'x_m': 0.0, 'y_m': 0.30201125472784046, 'heading_rad': -0.7165924790014842}
[can] backend=detectnet_native no detections
[map] motion direction=left speed=0.15 effective_seconds=0.04729175567626953 pose={'x_m': 0.0, 'y_m': 0.30201125472784046, 'heading_rad': -0.7237353363191739}
[can] backend=detectnet_native no detections
[map] motion direction=left speed=0.15 effective_seconds=0.04708576202392578 pose={'x_m': 0.0, 'y_m': 0.30201125472784046, 'heading_rad': -0.7308470807452823}
[can] backend=detectnet_native no detections
[map] motion direction=left speed=0.15 effective_seconds=0.047557830810546875 pose={'x_m': 0.0, 'y_m': 0.30201125472784046, 'heading_rad': -0.7380301255479309}
[can] backend=detectnet_native no detections
[map] motion direction=left speed=0.15 effective_seconds=0.04747939109802246 pose={'x_m': 0.0, 'y_m': 0.30201125472784046, 'heading_rad': -0.7452013229647805}
[can] backend=detectnet_native no detections
[map] motion direction=left speed=0.15 effective_seconds=0.04750847816467285 pose={'x_m': 0.0, 'y_m': 0.30201125472784046, 'heading_rad': -0.7523769136371543}
[can] backend=detectnet_native no detections
[map] motion direction=left speed=0.15 effective_seconds=0.047161102294921875 pose={'x_m': 0.0, 'y_m': 0.30201125472784046, 'heading_rad': -0.7595000373152763}
[can] backend=detectnet_native no detections
[map] motion direction=left speed=0.15 effective_seconds=0.04767274856567383 pose={'x_m': 0.0, 'y_m': 0.30201125472784046, 'heading_rad': -0.7667004390782743}
[can] backend=detectnet_native no detections
[map] motion direction=left speed=0.15 effective_seconds=0.04727888107299805 pose={'x_m': 0.0, 'y_m': 0.30201125472784046, 'heading_rad': -0.77384135184024}
[can] backend=detectnet_native no detections
[map] motion direction=left speed=0.15 effective_seconds=0.0475611686706543 pose={'x_m': 0.0, 'y_m': 0.30201125472784046, 'heading_rad': -0.7810249007869654}
[can] backend=detectnet_native no detections
[map] motion direction=left speed=0.15 effective_seconds=0.05061697959899902 pose={'x_m': 0.0, 'y_m': 0.30201125472784046, 'heading_rad': -0.7886699936357697}
[can] backend=detectnet_native no detections
[map] motion direction=left speed=0.15 effective_seconds=0.04710054397583008 pose={'x_m': 0.0, 'y_m': 0.30201125472784046, 'heading_rad': -0.7957839706999312}
[can] backend=detectnet_native no detections
[map] motion direction=left speed=0.15 effective_seconds=0.04797625541687012 pose={'x_m': 0.0, 'y_m': 0.30201125472784046, 'heading_rad': -0.8030302135636043}
[can] backend=detectnet_native no detections
[map] motion direction=left speed=0.15 effective_seconds=0.04711580276489258 pose={'x_m': 0.0, 'y_m': 0.30201125472784046, 'heading_rad': -0.8101464952864017}
[can] backend=detectnet_native no detections
[map] motion direction=left speed=0.15 effective_seconds=0.04747438430786133 pose={'x_m': 0.0, 'y_m': 0.30201125472784046, 'heading_rad': -0.8173169364871367}
[can] backend=detectnet_native no detections
[map] motion direction=left speed=0.15 effective_seconds=0.04716014862060547 pose={'x_m': 0.0, 'y_m': 0.30201125472784046, 'heading_rad': -0.8244399161240938}
[can] backend=detectnet_native no detections
[map] motion direction=left speed=0.15 effective_seconds=0.04717540740966797 pose={'x_m': 0.0, 'y_m': 0.30201125472784046, 'heading_rad': -0.8315652004196865}
[can] backend=detectnet_native no detections
[map] motion direction=left speed=0.15 effective_seconds=0.04719233512878418 pose={'x_m': 0.0, 'y_m': 0.30201125472784046, 'heading_rad': -0.838693041445953}
[can] backend=detectnet_native no detections
[map] motion direction=left speed=0.15 effective_seconds=0.04712057113647461 pose={'x_m': 0.0, 'y_m': 0.30201125472784046, 'heading_rad': -0.8458100433745739}
[can] backend=detectnet_native no detections
[map] motion direction=left speed=0.15 effective_seconds=0.04729008674621582 pose={'x_m': 0.0, 'y_m': 0.30201125472784046, 'heading_rad': -0.8529526486202252}
[can] backend=detectnet_native no detections
[map] motion direction=left speed=0.15 effective_seconds=0.04716658592224121 pose={'x_m': 0.0, 'y_m': 0.30201125472784046, 'heading_rad': -0.8600766005350442}
[can] backend=detectnet_native no detections
[map] motion direction=left speed=0.15 effective_seconds=0.04727745056152344 pose={'x_m': 0.0, 'y_m': 0.30201125472784046, 'heading_rad': -0.8672172972352628}
[can] backend=detectnet_native no detections
[map] motion direction=left speed=0.15 effective_seconds=0.047345638275146484 pose={'x_m': 0.0, 'y_m': 0.30201125472784046, 'heading_rad': -0.8743682928787595}
[can] backend=detectnet_native no detections
[map] motion direction=left speed=0.15 effective_seconds=0.047495126724243164 pose={'x_m': 0.0, 'y_m': 0.30201125472784046, 'heading_rad': -0.8815418669748274}
[can] backend=detectnet_native no detections
[map] motion direction=left speed=0.15 effective_seconds=0.0470738410949707 pose={'x_m': 0.0, 'y_m': 0.30201125472784046, 'heading_rad': -0.8886518108863766}
[can] backend=detectnet_native no detections
[map] motion direction=left speed=0.15 effective_seconds=0.047275543212890625 pose={'x_m': 0.0, 'y_m': 0.30201125472784046, 'heading_rad': -0.8957922195042656}
[can] backend=detectnet_native no detections
[map] motion direction=left speed=0.15 effective_seconds=0.04782366752624512 pose={'x_m': 0.0, 'y_m': 0.30201125472784046, 'heading_rad': -0.903015415781582}
[can] backend=detectnet_native no detections
[map] motion direction=left speed=0.15 effective_seconds=0.04717397689819336 pose={'x_m': 0.0, 'y_m': 0.30201125472784046, 'heading_rad': -0.9101404840154275}
[can] backend=detectnet_native detections=1 best_confidence=0.235
[can] backend=detectnet_native confidence=0.235 class_id=1 center=(105.6,121.9) error_x=-0.170 bbox=[96.171875, 102.0703125, 115.078125, 141.6796875]
[map] motion direction=left speed=0.15 effective_seconds=0.06601524353027344 pose={'x_m': 0.0, 'y_m': 0.30201125472784046, 'heading_rad': -0.9201113015202189}
[base] continuous stop label=search_can_routine_2_step_1 elapsed=0.066s
[base] stop
[fsm] SEARCHING --TARGET_FOUND--> ALIGNING
[can] backend=detectnet_native no detections
[base] stop
[can] backend=detectnet_native no detections
[base] stop
[can] backend=detectnet_native no detections
[base] stop
[can] backend=detectnet_native no detections
[base] stop
[can] backend=detectnet_native no detections
[base] stop
[can] backend=detectnet_native no detections
[base] stop
[can] backend=detectnet_native no detections
[base] stop
[can] backend=detectnet_native no detections
[base] stop
[fsm] ALIGNING --TARGET_MISSING--> SEARCHING reason=alignment target lost
[can] backend=detectnet_native no detections
[base] continuous start label=search_can_routine_2_step_0 direction=forward requested_speed=0.6 effective_speed=0.6
[can] backend=detectnet_native no detections
[map] motion direction=forward speed=0.6 effective_seconds=0.04712104797363281 pose={'x_m': -0.003889873765405518, 'y_m': 0.30497256066627143, 'heading_rad': -0.9201113015202189}
[can] backend=detectnet_native no detections
[map] motion direction=forward speed=0.6 effective_seconds=0.04745888710021973 pose={'x_m': -0.007807636374797981, 'y_m': 0.3079550979875943, 'heading_rad': -0.9201113015202189}
[can] backend=detectnet_native no detections
[map] motion direction=forward speed=0.6 effective_seconds=0.04759025573730469 pose={'x_m': -0.01173624355231804, 'y_m': 0.3109458911254122, 'heading_rad': -0.9201113015202189}
[can] backend=detectnet_native no detections
[map] motion direction=forward speed=0.6 effective_seconds=0.04752755165100098 pose={'x_m': -0.01565967446592239, 'y_m': 0.31393274364664536, 'heading_rad': -0.9201113015202189}
[can] backend=detectnet_native no detections
[map] motion direction=forward speed=0.6 effective_seconds=0.04732108116149902 pose={'x_m': -0.01956606110366739, 'y_m': 0.3169066206014816, 'heading_rad': -0.9201113015202189}
[can] backend=detectnet_native no detections
[map] motion direction=forward speed=0.6 effective_seconds=0.04722166061401367 pose={'x_m': -0.023464240509272268, 'y_m': 0.31987424950644777, 'heading_rad': -0.9201113015202189}
[can] backend=detectnet_native no detections
[map] motion direction=forward speed=0.6 effective_seconds=0.04828286170959473 pose={'x_m': -0.02745002276920734, 'y_m': 0.32290856922669403, 'heading_rad': -0.9201113015202189}
[can] backend=detectnet_native no detections
[map] motion direction=forward speed=0.6 effective_seconds=0.04707598686218262 pose={'x_m': -0.03133617670997381, 'y_m': 0.32586704331518385, 'heading_rad': -0.9201113015202189}
[can] backend=detectnet_native no detections
[map] motion direction=forward speed=0.6 effective_seconds=0.047249794006347656 pose={'x_m': -0.03523667854577661, 'y_m': 0.3288364402534466, 'heading_rad': -0.9201113015202189}
[can] backend=detectnet_native no detections
[map] motion direction=forward speed=0.6 effective_seconds=0.0474245548248291 pose={'x_m': -0.03915160700306313, 'y_m': 0.3318168199748143, 'heading_rad': -0.9201113015202189}
[can] backend=detectnet_native no detections
[map] motion direction=forward speed=0.6 effective_seconds=0.04755592346191406 pose={'x_m': -0.04307738002847725, 'y_m': 0.3348054555126771, 'heading_rad': -0.9201113015202189}
[can] backend=detectnet_native no detections
[map] motion direction=forward speed=0.6 effective_seconds=0.0474395751953125 pose={'x_m': -0.046993548427310114, 'y_m': 0.3377867791840252, 'heading_rad': -0.9201113015202189}
[can] backend=detectnet_native no detections
[map] motion direction=forward speed=0.6 effective_seconds=0.04736661911010742 pose={'x_m': -0.05090369425291786, 'y_m': 0.34076351795546866, 'heading_rad': -0.9201113015202189}
[can] backend=detectnet_native no detections
[map] motion direction=forward speed=0.6 effective_seconds=0.04722428321838379 pose={'x_m': -0.05480209015625305, 'y_m': 0.3437313116770981, 'heading_rad': -0.9201113015202189}
[can] backend=detectnet_native no detections
[map] motion direction=forward speed=0.6 effective_seconds=0.04745197296142578 pose={'x_m': -0.05871928199890195, 'y_m': 0.34671341448176335, 'heading_rad': -0.9201113015202189}
[can] backend=detectnet_native no detections
[map] motion direction=forward speed=0.6 effective_seconds=0.0475153923034668 pose={'x_m': -0.06264170915030211, 'y_m': 0.3496995028530124, 'heading_rad': -0.9201113015202189}
[can] backend=detectnet_native no detections
[map] motion direction=forward speed=0.6 effective_seconds=0.04754161834716797 pose={'x_m': -0.06656630127900541, 'y_m': 0.3526872393908938, 'heading_rad': -0.9201113015202189}
[can] backend=detectnet_native no detections
[map] motion direction=forward speed=0.6 effective_seconds=0.04734992980957031 pose={'x_m': -0.07047506939178387, 'y_m': 0.3556629293290257, 'heading_rad': -0.9201113015202189}
[can] backend=detectnet_native no detections
[map] motion direction=forward speed=0.6 effective_seconds=0.04764413833618164 pose={'x_m': -0.07440812461358132, 'y_m': 0.35865710870010653, 'heading_rad': -0.9201113015202189}
[can] backend=detectnet_native no detections
[map] motion direction=forward speed=0.6 effective_seconds=0.04734969139099121 pose={'x_m': -0.07831687304474794, 'y_m': 0.3616327836549054, 'heading_rad': -0.9201113015202189}
[can] backend=detectnet_native no detections
[map] motion direction=forward speed=0.6 effective_seconds=0.047666072845458984 pose={'x_m': -0.08225173897483529, 'y_m': 0.36462834149262424, 'heading_rad': -0.9201113015202189}
[can] backend=detectnet_native no detections
[map] motion direction=forward speed=0.6 effective_seconds=0.047209978103637695 pose={'x_m': -0.08614895398145966, 'y_m': 0.36759523621427237, 'heading_rad': -0.9201113015202189}
[can] backend=detectnet_native no detections
[map] motion direction=forward speed=0.6 effective_seconds=0.04750227928161621 pose={'x_m': -0.09007029864420825, 'y_m': 0.3705805005022052, 'heading_rad': -0.9201113015202189}
[can] backend=detectnet_native no detections
[map] motion direction=forward speed=0.6 effective_seconds=0.04998588562011719 pose={'x_m': -0.09419666665756515, 'y_m': 0.37372184617022625, 'heading_rad': -0.9201113015202189}
[can] backend=detectnet_native no detections
[map] motion direction=forward speed=0.6 effective_seconds=0.04730534553527832 pose={'x_m': -0.09810175430892826, 'y_m': 0.3766947342250831, 'heading_rad': -0.9201113015202189}
[can] backend=detectnet_native no detections
[map] motion direction=forward speed=0.6 effective_seconds=0.04746222496032715 pose={'x_m': -0.10201979246088658, 'y_m': 0.3796774813130683, 'heading_rad': -0.9201113015202189}
[can] backend=detectnet_native no detections
[map] motion direction=forward speed=0.6 effective_seconds=0.047422170639038086 pose={'x_m': -0.10593452410205463, 'y_m': 0.3826577112011058, 'heading_rad': -0.9201113015202189}
[can] backend=detectnet_native no detections
[map] motion direction=forward speed=0.6 effective_seconds=0.0496828556060791 pose={'x_m': -0.11003587678675424, 'y_m': 0.38578001305285614, 'heading_rad': -0.9201113015202189}
[can] backend=detectnet_native no detections
[map] motion direction=forward speed=0.6 effective_seconds=0.0472874641418457 pose={'x_m': -0.11393948831722883, 'y_m': 0.3887517773577363, 'heading_rad': -0.9201113015202189}
[can] backend=detectnet_native no detections
[map] motion direction=forward speed=0.6 effective_seconds=0.047464609146118164 pose={'x_m': -0.11785772328530562, 'y_m': 0.3917346742790517, 'heading_rad': -0.9201113015202189}
[can] backend=detectnet_native no detections
[map] motion direction=forward speed=0.6 effective_seconds=0.04761815071105957 pose={'x_m': -0.12178863321141176, 'y_m': 0.3947272204668331, 'heading_rad': -0.9201113015202189}
[can] backend=detectnet_native no detections
[map] motion direction=forward speed=0.6 effective_seconds=0.04737067222595215 pose={'x_m': -0.1256991136244209, 'y_m': 0.39770421395493794, 'heading_rad': -0.9201113015202189}
[can] backend=detectnet_native no detections
[map] motion direction=forward speed=0.6 effective_seconds=0.047515153884887695 pose={'x_m': -0.1296215210942092, 'y_m': 0.40069028734285395, 'heading_rad': -0.9201113015202189}
[can] backend=detectnet_native no detections
[map] motion direction=forward speed=0.6 effective_seconds=0.04733633995056152 pose={'x_m': -0.13352916735511242, 'y_m': 0.4036651232310036, 'heading_rad': -0.9201113015202189}
[can] backend=detectnet_native no detections
[map] motion direction=forward speed=0.6 effective_seconds=0.04755854606628418 pose={'x_m': -0.13745515687825685, 'y_m': 0.4066539235855296, 'heading_rad': -0.9201113015202189}
[can] backend=detectnet_native no detections
[map] motion direction=forward speed=0.6 effective_seconds=0.04724693298339844 pose={'x_m': -0.1413554225347175, 'y_m': 0.4096231407237961, 'heading_rad': -0.9201113015202189}
[can] backend=detectnet_native no detections
[map] motion direction=forward speed=0.6 effective_seconds=0.047228336334228516 pose={'x_m': -0.14525415302545408, 'y_m': 0.41259118916208687, 'heading_rad': -0.9201113015202189}
[can] backend=detectnet_native no detections
[map] motion direction=forward speed=0.6 effective_seconds=0.04748415946960449 pose={'x_m': -0.14917400188570232, 'y_m': 0.41557531471671005, 'heading_rad': -0.9201113015202189}
[can] backend=detectnet_native no detections
[map] motion direction=forward speed=0.6 effective_seconds=0.047563791275024414 pose={'x_m': -0.15310042440430738, 'y_m': 0.4185644447045625, 'heading_rad': -0.9201113015202189}
[can] backend=detectnet_native detections=1 best_confidence=0.381
[can] backend=detectnet_native confidence=0.381 class_id=1 center=(103.5,128.0) error_x=-0.177 bbox=[90.78125, 100.8984375, 116.25, 155.0390625]
[map] motion direction=forward speed=0.6 effective_seconds=0.06574702262878418 pose={'x_m': -0.158527884732022, 'y_m': 0.4226962935686565, 'heading_rad': -0.9201113015202189}
[base] continuous stop label=search_can_routine_2_step_0 elapsed=0.066s
[base] stop
[fsm] SEARCHING --TARGET_FOUND--> ALIGNING
[can] backend=detectnet_native detections=1 best_confidence=0.339
[can] backend=detectnet_native confidence=0.339 class_id=1 center=(103.3,126.4) error_x=-0.177 bbox=[89.375, 98.3203125, 117.1875, 154.5703125]
[base] continuous start label=align_can direction=left requested_speed=0.15 effective_speed=0.15
[visual-turn] label=align_can direction=left speed=0.15
[can] backend=detectnet_native detections=1 best_confidence=0.581
[can] backend=detectnet_native confidence=0.581 class_id=1 center=(101.6,128.1) error_x=-0.182 bbox=[87.5, 98.61328125, 115.78125, 157.6171875]
[can] backend=detectnet_native detections=1 best_confidence=0.405
[can] backend=detectnet_native confidence=0.405 class_id=1 center=(101.0,128.8) error_x=-0.184 bbox=[85.625, 100.37109375, 116.40625, 157.265625]
[can] backend=detectnet_native detections=1 best_confidence=0.323
[can] backend=detectnet_native confidence=0.323 class_id=1 center=(101.5,126.8) error_x=-0.183 bbox=[87.5, 97.6171875, 115.46875, 155.9765625]
[can] backend=detectnet_native detections=1 best_confidence=0.286
[can] backend=detectnet_native confidence=0.286 class_id=1 center=(101.6,128.1) error_x=-0.182 bbox=[87.421875, 98.73046875, 115.859375, 157.3828125]
[can] backend=detectnet_native no detections
[visual-turn] label=align_can target temporarily missing; holding motion frame=1/2
[can] backend=detectnet_native detections=1 best_confidence=0.430
[can] backend=detectnet_native confidence=0.430 class_id=1 center=(108.1,127.4) error_x=-0.162 bbox=[95.546875, 100.4296875, 120.703125, 154.3359375]
[can] backend=detectnet_native detections=1 best_confidence=0.543
[can] backend=detectnet_native confidence=0.543 class_id=1 center=(108.0,123.6) error_x=-0.163 bbox=[94.0625, 93.1640625, 121.875, 154.1015625]
[can] backend=detectnet_native detections=1 best_confidence=0.650
[can] backend=detectnet_native confidence=0.650 class_id=1 center=(108.4,124.9) error_x=-0.161 bbox=[93.828125, 95.09765625, 122.96875, 154.6875]
[can] backend=detectnet_native detections=1 best_confidence=0.451
[can] backend=detectnet_native confidence=0.451 class_id=1 center=(110.2,127.0) error_x=-0.156 bbox=[97.34375, 100.01953125, 123.125, 153.984375]
[can] backend=detectnet_native detections=1 best_confidence=0.322
[can] backend=detectnet_native confidence=0.322 class_id=1 center=(111.6,124.8) error_x=-0.151 bbox=[97.65625, 95.44921875, 125.625, 154.1015625]
[can] backend=detectnet_native detections=1 best_confidence=0.437
[can] backend=detectnet_native confidence=0.437 class_id=1 center=(111.5,123.2) error_x=-0.151 bbox=[97.890625, 94.1015625, 125.15625, 152.34375]
[can] backend=detectnet_native detections=1 best_confidence=0.699
[can] backend=detectnet_native confidence=0.699 class_id=1 center=(115.7,125.6) error_x=-0.138 bbox=[101.09375, 95.390625, 130.390625, 155.7421875]
[map] motion direction=left speed=0.15 effective_seconds=0.6912391185760498 pose={'x_m': -0.158527884732022, 'y_m': 0.4226962935686565, 'heading_rad': -1.0245147504044758}
[base] continuous stop label=align_can elapsed=0.691s
[base] stop
[fsm] ALIGNING --TARGET_ALIGNED--> APPROACHING
[can] backend=detectnet_native detections=1 best_confidence=0.637
[can] backend=detectnet_native confidence=0.637 class_id=1 center=(116.6,125.6) error_x=-0.136 bbox=[101.875, 96.73828125, 131.25, 154.453125]
[approach] target=can mode=bbox_height bbox=0.240/0.36 bbox_ok=False depth_raw=n/a/2.05 depth_ok=False error_x=-0.136
[base] continuous start label=approach_can_steer direction=left requested_speed=0.15 effective_speed=0.15
[visual-turn] label=approach_can_steer direction=left speed=0.15
[can] backend=detectnet_native detections=1 best_confidence=0.648
[can] backend=detectnet_native confidence=0.648 class_id=1 center=(117.2,125.5) error_x=-0.134 bbox=[102.890625, 94.62890625, 131.5625, 156.328125]
[approach] target=can mode=bbox_height bbox=0.257/0.36 bbox_ok=False depth_raw=n/a/2.05 depth_ok=False error_x=-0.134
[can] backend=detectnet_native detections=1 best_confidence=0.596
[can] backend=detectnet_native confidence=0.596 class_id=1 center=(118.0,125.4) error_x=-0.131 bbox=[103.828125, 95.2734375, 132.109375, 155.625]
[approach] target=can mode=bbox_height bbox=0.251/0.36 bbox_ok=False depth_raw=n/a/2.05 depth_ok=False error_x=-0.131
[can] backend=detectnet_native detections=1 best_confidence=0.658
[can] backend=detectnet_native confidence=0.658 class_id=1 center=(119.3,126.1) error_x=-0.127 bbox=[105.15625, 96.73828125, 133.515625, 155.390625]
[approach] target=can mode=bbox_height bbox=0.244/0.36 bbox_ok=False depth_raw=n/a/2.05 depth_ok=False error_x=-0.127
[can] backend=detectnet_native detections=1 best_confidence=0.342
[can] backend=detectnet_native confidence=0.342 class_id=1 center=(119.3,126.5) error_x=-0.127 bbox=[105.859375, 98.02734375, 132.734375, 154.921875]
[approach] target=can mode=bbox_height bbox=0.237/0.36 bbox_ok=False depth_raw=n/a/2.05 depth_ok=False error_x=-0.127
[can] backend=detectnet_native detections=1 best_confidence=0.242
[can] backend=detectnet_native confidence=0.242 class_id=1 center=(119.0,126.3) error_x=-0.128 bbox=[105.3125, 98.4375, 132.65625, 154.21875]
[approach] target=can mode=bbox_height bbox=0.232/0.36 bbox_ok=False depth_raw=n/a/2.05 depth_ok=False error_x=-0.128
[can] backend=detectnet_native detections=1 best_confidence=0.325
[can] backend=detectnet_native confidence=0.325 class_id=1 center=(121.9,125.5) error_x=-0.119 bbox=[109.84375, 98.671875, 133.90625, 152.34375]
[approach] target=can mode=bbox_height bbox=0.224/0.36 bbox_ok=False depth_raw=n/a/2.05 depth_ok=False error_x=-0.119
[map] motion direction=left speed=0.15 effective_seconds=0.3066251277923584 pose={'x_m': -0.158527884732022, 'y_m': 0.4226962935686565, 'heading_rad': -1.0708268296774839}
[base] continuous stop label=approach_can_steer elapsed=0.307s
[base] stop
[base] continuous start label=approach_can_forward direction=forward requested_speed=0.6 effective_speed=0.6
[can] backend=detectnet_native detections=1 best_confidence=0.391
[can] backend=detectnet_native confidence=0.391 class_id=1 center=(124.7,125.2) error_x=-0.110 bbox=[111.5625, 96.328125, 137.8125, 153.984375]
[approach] target=can mode=bbox_height bbox=0.240/0.36 bbox_ok=False depth_raw=n/a/2.05 depth_ok=False error_x=-0.110
[can] backend=detectnet_native detections=1 best_confidence=0.680
[can] backend=detectnet_native confidence=0.680 class_id=1 center=(123.9,123.4) error_x=-0.113 bbox=[110.46875, 93.515625, 137.34375, 153.28125]
[approach] target=can mode=bbox_height bbox=0.249/0.36 bbox_ok=False depth_raw=n/a/2.05 depth_ok=False error_x=-0.113
[can] backend=detectnet_native detections=1 best_confidence=0.373
[can] backend=detectnet_native confidence=0.373 class_id=1 center=(125.7,128.8) error_x=-0.107 bbox=[112.8125, 101.015625, 138.59375, 156.5625]
[approach] target=can mode=bbox_height bbox=0.231/0.36 bbox_ok=False depth_raw=n/a/2.05 depth_ok=False error_x=-0.107
[can] backend=detectnet_native detections=1 best_confidence=0.380
[can] backend=detectnet_native confidence=0.380 class_id=1 center=(125.0,127.9) error_x=-0.109 bbox=[112.5, 99.9609375, 137.5, 155.7421875]
[approach] target=can mode=bbox_height bbox=0.232/0.36 bbox_ok=False depth_raw=n/a/2.05 depth_ok=False error_x=-0.109
[can] backend=detectnet_native detections=1 best_confidence=0.394
[can] backend=detectnet_native confidence=0.394 class_id=1 center=(125.8,126.4) error_x=-0.107 bbox=[113.125, 98.7890625, 138.4375, 154.1015625]
[approach] target=can mode=bbox_height bbox=0.230/0.36 bbox_ok=False depth_raw=n/a/2.05 depth_ok=False error_x=-0.107
[can] backend=detectnet_native detections=1 best_confidence=0.745
[can] backend=detectnet_native confidence=0.745 class_id=1 center=(123.6,123.0) error_x=-0.114 bbox=[109.0625, 90.29296875, 138.125, 155.625]
[approach] target=can mode=bbox_height bbox=0.272/0.36 bbox_ok=False depth_raw=n/a/2.05 depth_ok=False error_x=-0.114
[can] backend=detectnet_native detections=1 best_confidence=0.483
[can] backend=detectnet_native confidence=0.483 class_id=1 center=(126.0,130.4) error_x=-0.106 bbox=[112.578125, 103.18359375, 139.453125, 157.6171875]
[approach] target=can mode=bbox_height bbox=0.227/0.36 bbox_ok=False depth_raw=n/a/2.05 depth_ok=False error_x=-0.106
[can] backend=detectnet_native detections=1 best_confidence=0.663
[can] backend=detectnet_native confidence=0.663 class_id=1 center=(124.6,123.6) error_x=-0.111 bbox=[110.78125, 92.05078125, 138.4375, 155.15625]
[approach] target=can mode=bbox_height bbox=0.263/0.36 bbox_ok=False depth_raw=n/a/2.05 depth_ok=False error_x=-0.111
[can] backend=detectnet_native detections=1 best_confidence=0.589
[can] backend=detectnet_native confidence=0.589 class_id=1 center=(124.5,126.2) error_x=-0.111 bbox=[111.09375, 96.15234375, 137.96875, 156.328125]
[approach] target=can mode=bbox_height bbox=0.251/0.36 bbox_ok=False depth_raw=n/a/2.05 depth_ok=False error_x=-0.111
[can] backend=detectnet_native detections=1 best_confidence=0.667
[can] backend=detectnet_native confidence=0.667 class_id=1 center=(124.2,124.0) error_x=-0.112 bbox=[110.0, 90.29296875, 138.4375, 157.6171875]
[approach] target=can mode=bbox_height bbox=0.281/0.36 bbox_ok=False depth_raw=n/a/2.05 depth_ok=False error_x=-0.112
[can] backend=detectnet_native detections=1 best_confidence=0.748
[can] backend=detectnet_native confidence=0.748 class_id=1 center=(123.5,123.8) error_x=-0.114 bbox=[108.984375, 91.2890625, 138.046875, 156.328125]
[approach] target=can mode=bbox_height bbox=0.271/0.36 bbox_ok=False depth_raw=n/a/2.05 depth_ok=False error_x=-0.114
[can] backend=detectnet_native detections=1 best_confidence=0.779
[can] backend=detectnet_native confidence=0.779 class_id=1 center=(123.8,126.4) error_x=-0.113 bbox=[109.921875, 95.5078125, 137.734375, 157.265625]
[approach] target=can mode=bbox_height bbox=0.257/0.36 bbox_ok=False depth_raw=n/a/2.05 depth_ok=False error_x=-0.113
[can] backend=detectnet_native detections=1 best_confidence=0.473
[can] backend=detectnet_native confidence=0.473 class_id=1 center=(123.6,127.4) error_x=-0.114 bbox=[109.0625, 97.6171875, 138.203125, 157.265625]
[approach] target=can mode=bbox_height bbox=0.249/0.36 bbox_ok=False depth_raw=n/a/2.05 depth_ok=False error_x=-0.114
[can] backend=detectnet_native detections=1 best_confidence=0.557
[can] backend=detectnet_native confidence=0.557 class_id=1 center=(123.2,127.5) error_x=-0.115 bbox=[108.515625, 95.2734375, 137.8125, 159.7265625]
[approach] target=can mode=bbox_height bbox=0.269/0.36 bbox_ok=False depth_raw=n/a/2.05 depth_ok=False error_x=-0.115
[can] backend=detectnet_native detections=1 best_confidence=0.284
[can] backend=detectnet_native confidence=0.284 class_id=1 center=(124.1,128.6) error_x=-0.112 bbox=[110.78125, 98.96484375, 137.34375, 158.203125]
[approach] target=can mode=bbox_height bbox=0.247/0.36 bbox_ok=False depth_raw=n/a/2.05 depth_ok=False error_x=-0.112
[can] backend=detectnet_native detections=1 best_confidence=0.394
[can] backend=detectnet_native confidence=0.394 class_id=1 center=(123.6,128.0) error_x=-0.114 bbox=[109.21875, 96.6796875, 138.046875, 159.375]
[approach] target=can mode=bbox_height bbox=0.261/0.36 bbox_ok=False depth_raw=n/a/2.05 depth_ok=False error_x=-0.114
[can] backend=detectnet_native detections=1 best_confidence=0.702
[can] backend=detectnet_native confidence=0.702 class_id=1 center=(122.7,129.0) error_x=-0.117 bbox=[108.28125, 96.6796875, 137.03125, 161.25]
[approach] target=can mode=bbox_height bbox=0.269/0.36 bbox_ok=False depth_raw=n/a/2.05 depth_ok=False error_x=-0.117
[can] backend=detectnet_native detections=1 best_confidence=0.584
[can] backend=detectnet_native confidence=0.584 class_id=1 center=(119.8,130.9) error_x=-0.125 bbox=[101.796875, 96.796875, 137.890625, 165.0]
[approach] target=can mode=bbox_height bbox=0.284/0.36 bbox_ok=False depth_raw=n/a/2.05 depth_ok=False error_x=-0.125
[map] motion direction=forward speed=0.6 effective_seconds=0.878922700881958 pose={'x_m': -0.23855441890643658, 'y_m': 0.4664118189349292, 'heading_rad': -1.0708268296774839}
[base] continuous stop label=approach_can_forward elapsed=0.879s
[base] stop
[base] continuous start label=approach_can_steer direction=left requested_speed=0.15 effective_speed=0.15
[visual-turn] label=approach_can_steer direction=left speed=0.15
[can] backend=detectnet_native detections=1 best_confidence=0.772
[can] backend=detectnet_native confidence=0.772 class_id=1 center=(119.3,130.9) error_x=-0.127 bbox=[100.625, 95.390625, 137.96875, 166.40625]
[approach] target=can mode=bbox_height bbox=0.296/0.36 bbox_ok=False depth_raw=n/a/2.05 depth_ok=False error_x=-0.127
[can] backend=detectnet_native detections=1 best_confidence=0.414
[can] backend=detectnet_native confidence=0.414 class_id=1 center=(119.1,130.3) error_x=-0.128 bbox=[101.40625, 94.21875, 136.71875, 166.2890625]
[approach] target=can mode=bbox_height bbox=0.300/0.36 bbox_ok=False depth_raw=n/a/2.05 depth_ok=False error_x=-0.128
[can] backend=detectnet_native detections=1 best_confidence=0.520
[can] backend=detectnet_native confidence=0.520 class_id=1 center=(119.4,129.0) error_x=-0.127 bbox=[101.09375, 92.8125, 137.65625, 165.234375]
[approach] target=can mode=bbox_height bbox=0.302/0.36 bbox_ok=False depth_raw=n/a/2.05 depth_ok=False error_x=-0.127
[can] backend=detectnet_native detections=1 best_confidence=0.595
[can] backend=detectnet_native confidence=0.595 class_id=1 center=(119.8,130.6) error_x=-0.126 bbox=[101.25, 96.09375, 138.28125, 165.1171875]
[approach] target=can mode=bbox_height bbox=0.288/0.36 bbox_ok=False depth_raw=n/a/2.05 depth_ok=False error_x=-0.126
[can] backend=detectnet_native detections=1 best_confidence=0.656
[can] backend=detectnet_native confidence=0.656 class_id=1 center=(120.0,132.1) error_x=-0.125 bbox=[101.40625, 97.8515625, 138.59375, 166.40625]
[approach] target=can mode=bbox_height bbox=0.286/0.36 bbox_ok=False depth_raw=n/a/2.05 depth_ok=False error_x=-0.125
[can] backend=detectnet_native detections=1 best_confidence=0.736
[can] backend=detectnet_native confidence=0.736 class_id=1 center=(123.4,131.2) error_x=-0.114 bbox=[107.5, 97.6171875, 139.296875, 164.8828125]
[approach] target=can mode=bbox_height bbox=0.280/0.36 bbox_ok=False depth_raw=n/a/2.05 depth_ok=False error_x=-0.114
[map] motion direction=left speed=0.15 effective_seconds=0.3075418472290039 pose={'x_m': -0.23855441890643658, 'y_m': 0.4664118189349292, 'heading_rad': -1.1172773685200865}
[base] continuous stop label=approach_can_steer elapsed=0.308s
[base] stop
[base] continuous start label=approach_can_forward direction=forward requested_speed=0.6 effective_speed=0.6
[can] backend=detectnet_native detections=1 best_confidence=0.989
[can] backend=detectnet_native confidence=0.989 class_id=1 center=(126.2,131.1) error_x=-0.106 bbox=[109.21875, 94.5703125, 143.203125, 167.6953125]
[approach] target=can mode=bbox_height bbox=0.305/0.36 bbox_ok=False depth_raw=n/a/2.05 depth_ok=False error_x=-0.106
[can] backend=detectnet_native detections=1 best_confidence=0.993
[can] backend=detectnet_native confidence=0.993 class_id=1 center=(126.1,129.7) error_x=-0.106 bbox=[108.59375, 93.1640625, 143.671875, 166.2890625]
[approach] target=can mode=bbox_height bbox=0.305/0.36 bbox_ok=False depth_raw=n/a/2.05 depth_ok=False error_x=-0.106
[can] backend=detectnet_native detections=1 best_confidence=0.989
[can] backend=detectnet_native confidence=0.989 class_id=1 center=(127.0,130.7) error_x=-0.103 bbox=[109.84375, 93.3984375, 144.0625, 168.046875]
[approach] target=can mode=bbox_height bbox=0.311/0.36 bbox_ok=False depth_raw=n/a/2.05 depth_ok=False error_x=-0.103
[can] backend=detectnet_native detections=1 best_confidence=0.995
[can] backend=detectnet_native confidence=0.995 class_id=1 center=(126.0,131.9) error_x=-0.106 bbox=[108.515625, 93.69140625, 143.515625, 170.0390625]
[approach] target=can mode=bbox_height bbox=0.318/0.36 bbox_ok=False depth_raw=n/a/2.05 depth_ok=False error_x=-0.106
[can] backend=detectnet_native detections=1 best_confidence=0.995
[can] backend=detectnet_native confidence=0.995 class_id=1 center=(126.7,130.9) error_x=-0.104 bbox=[108.59375, 89.8828125, 144.765625, 171.9140625]
[approach] target=can mode=bbox_height bbox=0.342/0.36 bbox_ok=False depth_raw=n/a/2.05 depth_ok=False error_x=-0.104
[can] backend=detectnet_native detections=1 best_confidence=0.995
[can] backend=detectnet_native confidence=0.995 class_id=1 center=(126.2,132.2) error_x=-0.106 bbox=[108.984375, 94.453125, 143.4375, 169.921875]
[approach] target=can mode=bbox_height bbox=0.314/0.36 bbox_ok=False depth_raw=n/a/2.05 depth_ok=False error_x=-0.106
[can] backend=detectnet_native detections=1 best_confidence=0.999
[can] backend=detectnet_native confidence=0.999 class_id=1 center=(125.7,131.1) error_x=-0.107 bbox=[107.421875, 91.640625, 143.984375, 170.625]
[approach] target=can mode=bbox_height bbox=0.329/0.36 bbox_ok=False depth_raw=n/a/2.05 depth_ok=False error_x=-0.107
[can] backend=detectnet_native detections=1 best_confidence=0.995
[can] backend=detectnet_native confidence=0.995 class_id=1 center=(126.2,133.4) error_x=-0.106 bbox=[108.90625, 94.74609375, 143.4375, 172.03125]
[approach] target=can mode=bbox_height bbox=0.322/0.36 bbox_ok=False depth_raw=n/a/2.05 depth_ok=False error_x=-0.106
[can] backend=detectnet_native detections=1 best_confidence=0.999
[can] backend=detectnet_native confidence=0.999 class_id=1 center=(124.5,131.2) error_x=-0.111 bbox=[105.703125, 90.703125, 143.28125, 171.796875]
[approach] target=can mode=bbox_height bbox=0.338/0.36 bbox_ok=False depth_raw=n/a/2.05 depth_ok=False error_x=-0.111
[can] backend=detectnet_native detections=1 best_confidence=0.996
[can] backend=detectnet_native confidence=0.996 class_id=1 center=(125.0,133.6) error_x=-0.109 bbox=[106.09375, 93.1640625, 143.90625, 174.0234375]
[approach] target=can mode=bbox_height bbox=0.337/0.36 bbox_ok=False depth_raw=n/a/2.05 depth_ok=False error_x=-0.109
[can] backend=detectnet_native detections=1 best_confidence=0.992
[can] backend=detectnet_native confidence=0.992 class_id=1 center=(124.2,133.6) error_x=-0.112 bbox=[106.171875, 93.046875, 142.1875, 174.140625]
[approach] target=can mode=bbox_height bbox=0.338/0.36 bbox_ok=False depth_raw=n/a/2.05 depth_ok=False error_x=-0.112
[can] backend=detectnet_native detections=1 best_confidence=0.985
[can] backend=detectnet_native confidence=0.985 class_id=1 center=(124.7,133.7) error_x=-0.110 bbox=[106.5625, 93.046875, 142.890625, 174.375]
[approach] target=can mode=bbox_height bbox=0.339/0.36 bbox_ok=False depth_raw=n/a/2.05 depth_ok=False error_x=-0.110
[can] backend=detectnet_native detections=1 best_confidence=0.992
[can] backend=detectnet_native confidence=0.992 class_id=1 center=(124.5,134.2) error_x=-0.111 bbox=[106.171875, 93.6328125, 142.890625, 174.7265625]
[approach] target=can mode=bbox_height bbox=0.338/0.36 bbox_ok=False depth_raw=n/a/2.05 depth_ok=False error_x=-0.111
[can] backend=detectnet_native detections=1 best_confidence=0.897
[can] backend=detectnet_native confidence=0.897 class_id=1 center=(123.4,136.3) error_x=-0.114 bbox=[103.75, 95.44921875, 143.125, 177.1875]
[approach] target=can mode=bbox_height bbox=0.341/0.36 bbox_ok=False depth_raw=n/a/2.05 depth_ok=False error_x=-0.114
[can] backend=detectnet_native detections=1 best_confidence=0.977
[can] backend=detectnet_native confidence=0.977 class_id=1 center=(124.3,134.5) error_x=-0.111 bbox=[104.609375, 90.8203125, 144.0625, 178.125]
[approach] target=can mode=bbox_height bbox=0.364/0.36 bbox_ok=True depth_raw=n/a/2.05 depth_ok=False error_x=-0.111
[map] motion direction=forward speed=0.6 effective_seconds=0.7406361103057861 pose={'x_m': -0.3076276285461047, 'y_m': 0.5000782776827082, 'heading_rad': -1.1172773685200865}
[base] continuous stop label=approach_can_forward elapsed=0.741s
[base] stop
[fsm] APPROACHING --TARGET_REACHED--> FINAL_VERIFY
[can] backend=detectnet_native detections=1 best_confidence=0.826
[can] backend=detectnet_native confidence=0.826 class_id=1 center=(122.9,137.4) error_x=-0.116 bbox=[102.65625, 95.21484375, 143.203125, 179.6484375]
[base] continuous start label=align_can direction=left requested_speed=0.15 effective_speed=0.15
[visual-turn] label=align_can direction=left speed=0.15
[can] backend=detectnet_native detections=1 best_confidence=0.950
[can] backend=detectnet_native confidence=0.950 class_id=1 center=(122.7,136.1) error_x=-0.116 bbox=[101.5625, 90.0, 143.90625, 182.2265625]
[can] backend=detectnet_native detections=1 best_confidence=0.897
[can] backend=detectnet_native confidence=0.897 class_id=1 center=(123.2,137.7) error_x=-0.115 bbox=[102.34375, 93.515625, 144.0625, 181.875]
[can] backend=detectnet_native detections=1 best_confidence=0.978
[can] backend=detectnet_native confidence=0.978 class_id=1 center=(124.8,136.7) error_x=-0.110 bbox=[103.046875, 91.9921875, 146.640625, 181.40625]
[can] backend=detectnet_native detections=1 best_confidence=0.990
[can] backend=detectnet_native confidence=0.990 class_id=1 center=(124.8,134.9) error_x=-0.110 bbox=[103.203125, 90.64453125, 146.40625, 179.1796875]
[can] backend=detectnet_native detections=1 best_confidence=0.977
[can] backend=detectnet_native confidence=0.977 class_id=1 center=(124.4,135.4) error_x=-0.111 bbox=[102.65625, 91.2890625, 146.09375, 179.53125]
[can] backend=detectnet_native detections=1 best_confidence=0.996
[can] backend=detectnet_native confidence=0.996 class_id=1 center=(125.8,137.3) error_x=-0.107 bbox=[104.375, 92.578125, 147.1875, 182.109375]
[can] backend=detectnet_native detections=1 best_confidence=0.997
[can] backend=detectnet_native confidence=0.997 class_id=1 center=(127.6,136.8) error_x=-0.101 bbox=[106.09375, 90.703125, 149.0625, 182.8125]
[can] backend=detectnet_native detections=1 best_confidence=0.999
[can] backend=detectnet_native confidence=0.999 class_id=1 center=(127.3,135.5) error_x=-0.102 bbox=[105.546875, 89.8828125, 149.0625, 181.0546875]
[can] backend=detectnet_native detections=1 best_confidence=1.000
[can] backend=detectnet_native confidence=1.000 class_id=1 center=(128.7,134.6) error_x=-0.098 bbox=[105.9375, 86.953125, 151.40625, 182.2265625]
[can] backend=detectnet_native detections=1 best_confidence=1.000
[can] backend=detectnet_native confidence=1.000 class_id=1 center=(130.8,135.2) error_x=-0.091 bbox=[108.4375, 88.0078125, 153.125, 182.34375]
[can] backend=detectnet_native detections=1 best_confidence=0.998
[can] backend=detectnet_native confidence=0.998 class_id=1 center=(132.7,134.0) error_x=-0.085 bbox=[110.3125, 86.1328125, 155.15625, 181.875]
[can] backend=detectnet_native detections=1 best_confidence=0.972
[can] backend=detectnet_native confidence=0.972 class_id=1 center=(133.3,134.2) error_x=-0.083 bbox=[111.09375, 87.59765625, 155.546875, 180.703125]
[can] backend=detectnet_native detections=1 best_confidence=0.802
[can] backend=detectnet_native confidence=0.802 class_id=1 center=(137.2,133.9) error_x=-0.071 bbox=[114.0625, 87.421875, 160.3125, 180.3515625]
[can] backend=detectnet_native detections=1 best_confidence=0.919
[can] backend=detectnet_native confidence=0.919 class_id=1 center=(138.6,133.9) error_x=-0.067 bbox=[116.40625, 88.125, 160.78125, 179.765625]
[can] backend=detectnet_native detections=1 best_confidence=0.994
[can] backend=detectnet_native confidence=0.994 class_id=1 center=(141.4,134.5) error_x=-0.058 bbox=[119.609375, 88.41796875, 163.125, 180.5859375]
[can] backend=detectnet_native detections=1 best_confidence=0.999
[can] backend=detectnet_native confidence=0.999 class_id=1 center=(143.4,134.6) error_x=-0.052 bbox=[121.875, 87.12890625, 164.84375, 182.109375]
[can] backend=detectnet_native detections=1 best_confidence=0.999
[can] backend=detectnet_native confidence=0.999 class_id=1 center=(143.6,135.2) error_x=-0.051 bbox=[121.875, 88.7109375, 165.3125, 181.640625]
[can] backend=detectnet_native detections=1 best_confidence=1.000
[can] backend=detectnet_native confidence=1.000 class_id=1 center=(145.7,134.1) error_x=-0.045 bbox=[123.59375, 88.125, 167.8125, 180.0]
[can] backend=detectnet_native detections=1 best_confidence=0.999
[can] backend=detectnet_native confidence=0.999 class_id=1 center=(146.7,134.3) error_x=-0.042 bbox=[124.6875, 88.4765625, 168.75, 180.1171875]
[can] backend=detectnet_native detections=1 best_confidence=1.000
[can] backend=detectnet_native confidence=1.000 class_id=1 center=(147.6,133.0) error_x=-0.039 bbox=[124.6875, 86.015625, 170.46875, 180.0]
[can] backend=detectnet_native detections=1 best_confidence=0.995
[can] backend=detectnet_native confidence=0.995 class_id=1 center=(148.6,133.3) error_x=-0.036 bbox=[126.40625, 87.1875, 170.78125, 179.4140625]
[can] backend=detectnet_native detections=1 best_confidence=0.986
[can] backend=detectnet_native confidence=0.986 class_id=1 center=(151.0,132.7) error_x=-0.028 bbox=[126.953125, 86.6015625, 175.0, 178.7109375]
[map] motion direction=left speed=0.15 effective_seconds=1.0673987865447998 pose={'x_m': -0.3076276285461047, 'y_m': 0.5000782776827082, 'heading_rad': -1.27849526209028}
[base] continuous stop label=align_can elapsed=1.067s
[base] stop
[can] backend=detectnet_native detections=1 best_confidence=0.938
[can] backend=detectnet_native confidence=0.938 class_id=1 center=(150.4,132.8) error_x=-0.030 bbox=[126.875, 87.0703125, 173.90625, 178.59375]
[base] continuous start label=align_can direction=left requested_speed=0.15 effective_speed=0.15
[visual-turn] label=align_can direction=left speed=0.15
[can] backend=detectnet_native detections=1 best_confidence=0.598
[can] backend=detectnet_native confidence=0.598 class_id=1 center=(155.7,131.6) error_x=-0.013 bbox=[134.53125, 88.125, 176.875, 175.078125]
[map] motion direction=left speed=0.15 effective_seconds=0.0694272518157959 pose={'x_m': -0.3076276285461047, 'y_m': 0.5000782776827082, 'heading_rad': -1.2889814228721765}
[base] continuous stop label=align_can elapsed=0.069s
[base] stop
[can] backend=detectnet_native detections=1 best_confidence=0.920
[can] backend=detectnet_native confidence=0.920 class_id=1 center=(154.8,132.8) error_x=-0.016 bbox=[132.5, 86.6015625, 177.1875, 178.9453125]
[base] stop
[fsm] FINAL_VERIFY --TARGET_STABLE--> FINALIZING
[arm] pose arm_down
[arm] arm_down servo=5 angle=0 speed=85
[arm] arm_down servo=4 angle=0 speed=85
[arm] arm_down servo=3 angle=45 speed=85
[arm] arm_down servo=2 angle=105 speed=85
[arm] arm_down servo=1 angle=-16 speed=85
[arm-position] arm_down waiting for motion to settle servos=[1, 2, 3, 4, 5] stability_delta=3 min_wait=0.5 timeout=10.0 stable_samples=2
[arm-position] arm_down waiting positions={1: 440, 2: 612, 3: 641, 4: 500, 5: 509} movement={} read_errors=[]
[arm-position] arm_down waiting positions={1: 440, 2: 627, 3: 655, 4: 500, 5: 509} movement={1: 0, 2: 15, 3: 14, 4: 0, 5: 0} read_errors=[]
[arm-position] arm_down waiting positions={1: 439, 2: 640, 3: 667, 4: 500, 5: 509} movement={1: 1, 2: 13, 3: 12, 4: 0, 5: 0} read_errors=[]
[arm-position] arm_down waiting positions={1: 439, 2: 655, 3: 680, 4: 500, 5: 508} movement={1: 0, 2: 15, 3: 13, 4: 0, 5: 1} read_errors=[]
[arm-position] arm_down waiting positions={1: 440, 2: 667, 3: 694, 4: 500, 5: 508} movement={1: 1, 2: 12, 3: 14, 4: 0, 5: 0} read_errors=[]
[arm-position] arm_down waiting positions={1: 440, 2: 680, 3: 706, 4: 500, 5: 509} movement={1: 0, 2: 13, 3: 12, 4: 0, 5: 1} read_errors=[]
[arm-position] arm_down waiting positions={1: 439, 2: 695, 3: 717, 4: 500, 5: 508} movement={1: 1, 2: 15, 3: 11, 4: 0, 5: 1} read_errors=[]
[arm-position] arm_down waiting positions={1: 439, 2: 708, 3: 717, 4: 500, 5: 508} movement={1: 0, 2: 13, 3: 0, 4: 0, 5: 0} read_errors=[]
[arm-position] arm_down waiting positions={1: 440, 2: 722, 3: 717, 4: 500, 5: 509} movement={1: 1, 2: 14, 3: 0, 4: 0, 5: 1} read_errors=[]
[arm-position] arm_down waiting positions={1: 439, 2: 733, 3: 717, 4: 500, 5: 509} movement={1: 1, 2: 11, 3: 0, 4: 0, 5: 0} read_errors=[]
[arm-position] arm_down waiting positions={1: 439, 2: 748, 3: 717, 4: 500, 5: 509} movement={1: 0, 2: 15, 3: 0, 4: 0, 5: 0} read_errors=[]
[arm-position] arm_down waiting positions={1: 439, 2: 762, 3: 717, 4: 500, 5: 509} movement={1: 0, 2: 14, 3: 0, 4: 0, 5: 0} read_errors=[]
[arm-position] arm_down waiting positions={1: 439, 2: 774, 3: 717, 4: 500, 5: 509} movement={1: 0, 2: 12, 3: 0, 4: 0, 5: 0} read_errors=[]
[arm-position] arm_down waiting positions={1: 439, 2: 787, 3: 717, 4: 500, 5: 509} movement={1: 0, 2: 13, 3: 0, 4: 0, 5: 0} read_errors=[]
[arm-position] arm_down waiting positions={1: 440, 2: 800, 3: 717, 4: 500, 5: 509} movement={1: 1, 2: 13, 3: 0, 4: 0, 5: 0} read_errors=[]
[arm-position] arm_down waiting positions={1: 440, 2: 813, 3: 717, 4: 500, 5: 509} movement={1: 0, 2: 13, 3: 0, 4: 0, 5: 0} read_errors=[]
[arm-position] arm_down waiting positions={1: 440, 2: 827, 3: 717, 4: 500, 5: 509} movement={1: 0, 2: 14, 3: 0, 4: 0, 5: 0} read_errors=[]
[arm-position] arm_down waiting positions={1: 440, 2: 840, 3: 717, 4: 500, 5: 509} movement={1: 0, 2: 13, 3: 0, 4: 0, 5: 0} read_errors=[]
[arm-position] arm_down waiting positions={1: 439, 2: 855, 3: 717, 4: 500, 5: 508} movement={1: 1, 2: 15, 3: 0, 4: 0, 5: 1} read_errors=[]
[arm-position] arm_down waiting positions={1: 440, 2: 866, 3: 717, 4: 500, 5: 508} movement={1: 1, 2: 11, 3: 0, 4: 0, 5: 0} read_errors=[]
[arm-position] arm_down waiting positions={1: 440, 2: 880, 3: 717, 4: 500, 5: 508} movement={1: 0, 2: 14, 3: 0, 4: 0, 5: 0} read_errors=[]
[arm-position] arm_down waiting positions={1: 440, 2: 893, 3: 717, 4: 500, 5: 509} movement={1: 0, 2: 13, 3: 0, 4: 0, 5: 1} read_errors=[]
[arm-position] arm_down waiting positions={1: 439, 2: 905, 3: 717, 4: 500, 5: 509} movement={1: 1, 2: 12, 3: 0, 4: 0, 5: 0} read_errors=[]
[arm-position] arm_down waiting positions={1: 440, 2: 920, 3: 717, 4: 500, 5: 509} movement={1: 1, 2: 15, 3: 0, 4: 0, 5: 0} read_errors=[]
[arm-position] arm_down waiting positions={1: 440, 2: 934, 3: 717, 4: 500, 5: 508} movement={1: 0, 2: 14, 3: 0, 4: 0, 5: 1} read_errors=[]
[arm-position] arm_down waiting positions={1: 440, 2: 947, 3: 717, 4: 500, 5: 509} movement={1: 0, 2: 13, 3: 0, 4: 0, 5: 1} read_errors=[]
[arm-position] arm_down waiting positions={1: 439, 2: 958, 3: 717, 4: 500, 5: 509} movement={1: 1, 2: 11, 3: 0, 4: 0, 5: 0} read_errors=[]
[arm-position] arm_down waiting positions={1: 439, 2: 972, 3: 717, 4: 500, 5: 509} movement={1: 0, 2: 14, 3: 0, 4: 0, 5: 0} read_errors=[]
[arm-position] arm_down waiting positions={1: 440, 2: 984, 3: 717, 4: 500, 5: 509} movement={1: 1, 2: 12, 3: 0, 4: 0, 5: 0} read_errors=[]
[arm-position] arm_down waiting positions={1: 439, 2: 999, 3: 717, 4: 500, 5: 508} movement={1: 1, 2: 15, 3: 0, 4: 0, 5: 1} read_errors=[]
[arm-position] arm_down waiting positions={1: 440, 2: 1006, 3: 717, 4: 500, 5: 509} movement={1: 1, 2: 7, 3: 0, 4: 0, 5: 1} read_errors=[]
[arm-position] arm_down settled positions={1: 440, 2: 1005, 3: 717, 4: 500, 5: 508} movement={1: 0, 2: 0, 3: 0, 4: 0, 5: 0} elapsed=4.95s
[base] pickup_push direction=forward requested_speed=0.2 effective_speed=0.2 seconds=3.9
[map] motion direction=forward speed=0.2 effective_seconds=3.9 pose={'x_m': -0.4293776321702027, 'y_m': 0.5353273786291455, 'heading_rad': -1.2889814228721765}
[arm] pose grab
[arm] grab servo=5 angle=0 speed=85
[arm] grab servo=4 angle=-55 speed=85
[arm] grab servo=3 angle=45 speed=85
[arm] grab servo=2 angle=105 speed=85
[arm] grab servo=1 angle=-16 speed=85
[arm] pose carry
[arm] carry servo=5 angle=0 speed=85
[arm] carry servo=4 angle=-55 speed=85
[arm] carry servo=3 angle=45 speed=85
[arm] carry servo=2 angle=60 speed=85
[arm] carry servo=1 angle=-16 speed=85
[mission] completed_pickups=1
[fsm] FINALIZING --FINALIZED--> PLANNING
[fsm] PLANNING --MAP_TARGET_AVAILABLE--> MAP_NAVIGATING
[can] backend=detectnet_native no detections
[tag] cv2=4.1.1
[tag] has pupil_apriltags=True
[tag] has aruco=False
[tag] has ArucoDetector=False
[tag] has DICT_APRILTAG_36h11=False
[tag] calibration loaded /workspace/robot_code/temp_car/calibration_320.yaml
[tag] detector loaded backend=pupil_apriltags family=tag36h11 dictionary=DICT_APRILTAG_36h11
[tag] no detections
[map] navigate label=bin_docking distance_m=3.568 heading_error_rad=-1.987
[base] continuous start label=map_turn_bin_docking direction=left requested_speed=0.15 effective_speed=0.15
[can] backend=detectnet_native detections=1 best_confidence=0.228
[depth] map_can_0_depth mean=1.670 min=1.455 max=1.981
[map] can added id=1 position={'x_m': -0.5897132932552331, 'y_m': 0.5821034468594857}
[tag] no detections
[map] motion direction=left speed=0.15 effective_seconds=0.2232968807220459 pose={'x_m': -0.4293776321702027, 'y_m': 0.5353273786291455, 'heading_rad': -1.3227077613359237}
[map] navigate label=bin_docking distance_m=3.568 heading_error_rad=-1.954
[can] backend=detectnet_native detections=1 best_confidence=0.217
[depth] map_can_0_depth mean=1.744 min=1.492 max=2.044
[map] can merged id=1 position={'x_m': -0.5939085074129614, 'y_m': 0.5807866004863278} observations=2
[tag] no detections
[map] motion direction=left speed=0.15 effective_seconds=0.11692285537719727 pose={'x_m': -0.4293776321702027, 'y_m': 0.5353273786291455, 'heading_rad': -1.3403675682344702}
[map] navigate label=bin_docking distance_m=3.568 heading_error_rad=-1.936
[can] backend=detectnet_native detections=1 best_confidence=0.237
[depth] map_can_0_depth mean=1.651 min=1.403 max=1.976
[map] can merged id=1 position={'x_m': -0.5925719277473727, 'y_m': 0.5784750503337631} observations=3
[tag] no detections
[map] motion direction=left speed=0.15 effective_seconds=0.12189555168151855 pose={'x_m': -0.4293776321702027, 'y_m': 0.5353273786291455, 'heading_rad': -1.358778441776199}
[map] navigate label=bin_docking distance_m=3.568 heading_error_rad=-1.918
[can] backend=detectnet_native no detections
[tag] no detections
[map] motion direction=left speed=0.15 effective_seconds=0.07274460792541504 pose={'x_m': -0.4293776321702027, 'y_m': 0.5353273786291455, 'heading_rad': -1.3697656497496014}
[map] navigate label=bin_docking distance_m=3.568 heading_error_rad=-1.907
[can] backend=detectnet_native detections=1 best_confidence=0.260
[depth] map_can_0_depth mean=1.891 min=1.610 max=2.097
[map] can added id=2 position={'x_m': -0.6145006007025305, 'y_m': 0.5741380842222511}
[tag] no detections
[map] motion direction=left speed=0.15 effective_seconds=0.08993673324584961 pose={'x_m': -0.4293776321702027, 'y_m': 0.5353273786291455, 'heading_rad': -1.3833495238098439}
[map] navigate label=bin_docking distance_m=3.568 heading_error_rad=-1.893
[can] backend=detectnet_native detections=1 best_confidence=0.291
[depth] map_can_0_depth mean=1.953 min=1.576 max=2.188
[map] can merged id=2 position={'x_m': -0.6177232425853949, 'y_m': 0.5737135457226898} observations=2
[tag] no detections
[map] motion direction=left speed=0.15 effective_seconds=0.09136581420898438 pose={'x_m': -0.4293776321702027, 'y_m': 0.5353273786291455, 'heading_rad': -1.3971492435554311}
[map] navigate label=bin_docking distance_m=3.568 heading_error_rad=-1.879
[can] backend=detectnet_native detections=1 best_confidence=0.206
[depth] map_can_0_depth mean=2.024 min=1.788 max=2.230
[map] can added id=3 position={'x_m': -0.6285173469139401, 'y_m': 0.5715200975743329}
[tag] no detections
[map] motion direction=left speed=0.15 effective_seconds=0.08791661262512207 pose={'x_m': -0.4293776321702027, 'y_m': 0.5353273786291455, 'heading_rad': -1.410428002418489}
[map] navigate label=bin_docking distance_m=3.568 heading_error_rad=-1.866
[can] backend=detectnet_native detections=1 best_confidence=0.217
[depth] map_can_0_depth mean=2.014 min=1.800 max=2.183
[map] can merged id=3 position={'x_m': -0.6281325060181137, 'y_m': 0.5707714899636176} observations=2
[tag] no detections
[map] motion direction=left speed=0.15 effective_seconds=0.08788847923278809 pose={'x_m': -0.4293776321702027, 'y_m': 0.5353273786291455, 'heading_rad': -1.4237025120671873}
[map] navigate label=bin_docking distance_m=3.568 heading_error_rad=-1.853
[can] backend=detectnet_native detections=1 best_confidence=0.244
[depth] map_can_0_depth mean=1.901 min=1.574 max=2.172
[map] can merged id=2 position={'x_m': -0.6175314034128493, 'y_m': 0.5707812809719328} observations=3
[tag] no detections
[map] motion direction=left speed=0.15 effective_seconds=0.08958983421325684 pose={'x_m': -0.4293776321702027, 'y_m': 0.5353273786291455, 'heading_rad': -1.4372339911537602}
[map] navigate label=bin_docking distance_m=3.568 heading_error_rad=-1.839
[can] backend=detectnet_native no detections
[tag] no detections
[map] motion direction=left speed=0.15 effective_seconds=0.06287503242492676 pose={'x_m': -0.4293776321702027, 'y_m': 0.5353273786291455, 'heading_rad': -1.446730517113394}
[map] navigate label=bin_docking distance_m=3.568 heading_error_rad=-1.830
[can] backend=detectnet_native detections=1 best_confidence=0.200
[depth] map_can_0_depth mean=1.800 min=1.581 max=1.983
[map] can added id=4 position={'x_m': -0.6078041419704077, 'y_m': 0.5593408900667561}
[tag] no detections
[map] motion direction=left speed=0.15 effective_seconds=0.08746457099914551 pose={'x_m': -0.4293776321702027, 'y_m': 0.5353273786291455, 'heading_rad': -1.4599410004643707}
[map] navigate label=bin_docking distance_m=3.568 heading_error_rad=-1.816
[can] backend=detectnet_native no detections
[tag] no detections
[map] motion direction=left speed=0.15 effective_seconds=0.06337594985961914 pose={'x_m': -0.4293776321702027, 'y_m': 0.5353273786291455, 'heading_rad': -1.4695131840457778}
[map] navigate label=bin_docking distance_m=3.568 heading_error_rad=-1.807
[can] backend=detectnet_native no detections
[tag] no detections
[map] motion direction=left speed=0.15 effective_seconds=0.06333112716674805 pose={'x_m': -0.4293776321702027, 'y_m': 0.5353273786291455, 'heading_rad': -1.4790785976924428}
[map] navigate label=bin_docking distance_m=3.568 heading_error_rad=-1.797
[can] backend=detectnet_native no detections
[tag] no detections
[map] motion direction=left speed=0.15 effective_seconds=0.06219887733459473 pose={'x_m': -0.4293776321702027, 'y_m': 0.5353273786291455, 'heading_rad': -1.4884729984662846}
[map] navigate label=bin_docking distance_m=3.568 heading_error_rad=-1.788
[can] backend=detectnet_native no detections
[tag] no detections
[map] motion direction=left speed=0.15 effective_seconds=0.06438612937927246 pose={'x_m': -0.4293776321702027, 'y_m': 0.5353273786291455, 'heading_rad': -1.4981977576514296}
[map] navigate label=bin_docking distance_m=3.568 heading_error_rad=-1.778
[can] backend=detectnet_native detections=1 best_confidence=0.275
[depth] map_can_0_depth mean=1.810 min=1.508 max=2.095
[map] can merged id=4 position={'x_m': -0.6087640205526269, 'y_m': 0.5548198590296634} observations=2
[tag] no detections
[map] motion direction=left speed=0.15 effective_seconds=0.08579444885253906 pose={'x_m': -0.4293776321702027, 'y_m': 0.5353273786291455, 'heading_rad': -1.5111559889126767}
[map] navigate label=bin_docking distance_m=3.568 heading_error_rad=-1.765
[can] backend=detectnet_native no detections
[tag] no detections
[map] motion direction=left speed=0.15 effective_seconds=0.06502652168273926 pose={'x_m': -0.4293776321702027, 'y_m': 0.5353273786291455, 'heading_rad': -1.5209774717399365}
[map] navigate label=bin_docking distance_m=3.568 heading_error_rad=-1.755
[can] backend=detectnet_native no detections
[tag] no detections
[map] motion direction=left speed=0.15 effective_seconds=0.05947566032409668 pose={'x_m': -0.4293776321702027, 'y_m': 0.5353273786291455, 'heading_rad': -1.5299605629678978}
[map] navigate label=bin_docking distance_m=3.568 heading_error_rad=-1.746
[can] backend=detectnet_native detections=1 best_confidence=0.258
[depth] map_can_0_depth mean=2.043 min=1.596 max=2.383
[map] can added id=5 position={'x_m': -0.6333967454818896, 'y_m': 0.5456495377415939}
[tag] no detections
[map] motion direction=left speed=0.15 effective_seconds=0.08982229232788086 pose={'x_m': -0.4293776321702027, 'y_m': 0.5353273786291455, 'heading_rad': -1.543527152088373}
[map] navigate label=bin_docking distance_m=3.568 heading_error_rad=-1.733
[can] backend=detectnet_native detections=1 best_confidence=0.220
[depth] map_can_0_depth mean=2.032 min=1.678 max=2.313
[map] can merged id=5 position={'x_m': -0.6329225399915477, 'y_m': 0.5440374540554418} observations=2
[tag] no detections
[map] motion direction=left speed=0.15 effective_seconds=0.08853316307067871 pose={'x_m': -0.4293776321702027, 'y_m': 0.5353273786291455, 'heading_rad': -1.5568990335644275}
[map] navigate label=bin_docking distance_m=3.568 heading_error_rad=-1.719
[can] backend=detectnet_native no detections
[tag] no detections
[map] motion direction=left speed=0.15 effective_seconds=0.06163358688354492 pose={'x_m': -0.4293776321702027, 'y_m': 0.5353273786291455, 'heading_rad': -1.5662080539378769}
[map] navigate label=bin_docking distance_m=3.568 heading_error_rad=-1.710
[can] backend=detectnet_native no detections
[tag] no detections
[map] motion direction=left speed=0.15 effective_seconds=0.06021237373352051 pose={'x_m': -0.4293776321702027, 'y_m': 0.5353273786291455, 'heading_rad': -1.5753024169655905}
[map] navigate label=bin_docking distance_m=3.568 heading_error_rad=-1.701
[can] backend=detectnet_native no detections
[tag] no detections
[map] motion direction=left speed=0.15 effective_seconds=0.06272125244140625 pose={'x_m': -0.4293776321702027, 'y_m': 0.5353273786291455, 'heading_rad': -1.5847757162874119}
[map] navigate label=bin_docking distance_m=3.568 heading_error_rad=-1.692
[can] backend=detectnet_native no detections
[tag] no detections
[map] motion direction=left speed=0.15 effective_seconds=0.06453752517700195 pose={'x_m': -0.4293776321702027, 'y_m': 0.5353273786291455, 'heading_rad': -1.5945233420074576}
[map] navigate label=bin_docking distance_m=3.568 heading_error_rad=-1.682
[can] backend=detectnet_native detections=1 best_confidence=0.211
[depth] map_can_0_depth mean=2.196 min=1.879 max=2.610
[map] can added id=6 position={'x_m': -0.6489518483564726, 'y_m': 0.5328400810655645}
[tag] no detections
[map] motion direction=left speed=0.15 effective_seconds=0.08868026733398438 pose={'x_m': -0.4293776321702027, 'y_m': 0.5353273786291455, 'heading_rad': -1.6079174418331712}
[map] navigate label=bin_docking distance_m=3.568 heading_error_rad=-1.668
[can] backend=detectnet_native detections=1 best_confidence=0.205
[depth] map_can_0_depth mean=2.094 min=1.759 max=2.461
[map] can added id=7 position={'x_m': -0.6386804955693207, 'y_m': 0.5293488194538917}
[tag] no detections
[map] motion direction=left speed=0.15 effective_seconds=0.0902717113494873 pose={'x_m': -0.4293776321702027, 'y_m': 0.5353273786291455, 'heading_rad': -1.6215519103525244}
[map] navigate label=bin_docking distance_m=3.568 heading_error_rad=-1.655
[can] backend=detectnet_native detections=1 best_confidence=0.234
[depth] map_can_0_depth mean=1.776 min=1.468 max=2.082
[map] can added id=8 position={'x_m': -0.606829694337941, 'y_m': 0.5282223589327313}
[tag] no detections
[map] motion direction=left speed=0.15 effective_seconds=0.08993291854858398 pose={'x_m': -0.4293776321702027, 'y_m': 0.5353273786291455, 'heading_rad': -1.635135208248108}
[map] navigate label=bin_docking distance_m=3.568 heading_error_rad=-1.641
[can] backend=detectnet_native no detections
[tag] no detections
[map] motion direction=left speed=0.15 effective_seconds=0.06424999237060547 pose={'x_m': -0.4293776321702027, 'y_m': 0.5353273786291455, 'heading_rad': -1.6448394055569884}
[map] navigate label=bin_docking distance_m=3.568 heading_error_rad=-1.632
[can] backend=detectnet_native no detections
[tag] no detections
[map] motion direction=left speed=0.15 effective_seconds=0.0638890266418457 pose={'x_m': -0.4293776321702027, 'y_m': 0.5353273786291455, 'heading_rad': -1.654489083285019}
[map] navigate label=bin_docking distance_m=3.568 heading_error_rad=-1.622
[can] backend=detectnet_native no detections
[tag] no detections
[map] motion direction=left speed=0.15 effective_seconds=0.0634162425994873 pose={'x_m': -0.4293776321702027, 'y_m': 0.5353273786291455, 'heading_rad': -1.6640673526056358}
[map] navigate label=bin_docking distance_m=3.568 heading_error_rad=-1.612
[can] backend=detectnet_native detections=1 best_confidence=0.262
[depth] map_can_0_depth mean=1.762 min=1.419 max=2.087
[map] can merged id=8 position={'x_m': -0.6058889672798322, 'y_m': 0.5243775747666761} observations=2
[tag] no detections
[map] motion direction=left speed=0.15 effective_seconds=0.08863496780395508 pose={'x_m': -0.4293776321702027, 'y_m': 0.5353273786291455, 'heading_rad': -1.6774546104760248}
[map] navigate label=bin_docking distance_m=3.568 heading_error_rad=-1.599
[can] backend=detectnet_native detections=1 best_confidence=0.250
[depth] map_can_0_depth mean=1.643 min=1.339 max=2.013
[map] can added id=9 position={'x_m': -0.5929934515344234, 'y_m': 0.5199226473224977}
[tag] no detections
[map] motion direction=left speed=0.15 effective_seconds=0.08925962448120117 pose={'x_m': -0.4293776321702027, 'y_m': 0.5353273786291455, 'heading_rad': -1.6909362153093106}
[map] navigate label=bin_docking distance_m=3.568 heading_error_rad=-1.585
[can] backend=detectnet_native detections=1 best_confidence=0.220
[depth] map_can_0_depth mean=1.706 min=1.435 max=2.015
[map] can merged id=9 position={'x_m': -0.5959929132941995, 'y_m': 0.5184413613557907} observations=2
[tag] no detections
[map] motion direction=left speed=0.15 effective_seconds=0.0877997875213623 pose={'x_m': -0.4293776321702027, 'y_m': 0.5353273786291455, 'heading_rad': -1.7041973291296892}
[map] navigate label=bin_docking distance_m=3.568 heading_error_rad=-1.572
[can] backend=detectnet_native detections=1 best_confidence=0.236
[depth] map_can_0_depth mean=1.897 min=1.553 max=2.189
[map] can added id=10 position={'x_m': -0.6176368793534752, 'y_m': 0.5117029457384373}
[tag] no detections
[map] motion direction=left speed=0.15 effective_seconds=0.08733630180358887 pose={'x_m': -0.4293776321702027, 'y_m': 0.5353273786291455, 'heading_rad': -1.7173884389440102}
[map] navigate label=bin_docking distance_m=3.568 heading_error_rad=-1.559
[can] backend=detectnet_native detections=1 best_confidence=0.211
[depth] map_can_0_depth mean=1.924 min=1.500 max=2.278
[map] can merged id=10 position={'x_m': -0.6187916600681231, 'y_m': 0.5101549661961255} observations=2
[tag] no detections
[map] motion direction=left speed=0.15 effective_seconds=0.09098219871520996 pose={'x_m': -0.4293776321702027, 'y_m': 0.5353273786291455, 'heading_rad': -1.7311302181310857}
[map] navigate label=bin_docking distance_m=3.568 heading_error_rad=-1.545
[can] backend=detectnet_native no detections
[tag] no detections
[map] motion direction=left speed=0.15 effective_seconds=0.06392955780029297 pose={'x_m': -0.4293776321702027, 'y_m': 0.5353273786291455, 'heading_rad': -1.7407860176086174}
[map] navigate label=bin_docking distance_m=3.568 heading_error_rad=-1.536
[can] backend=detectnet_native no detections
[tag] no detections
[map] motion direction=left speed=0.15 effective_seconds=0.06264448165893555 pose={'x_m': -0.4293776321702027, 'y_m': 0.5353273786291455, 'heading_rad': -1.7502477216166783}
[map] navigate label=bin_docking distance_m=3.568 heading_error_rad=-1.526
[can] backend=detectnet_native no detections
[tag] no detections
[map] motion direction=left speed=0.15 effective_seconds=0.061743974685668945 pose={'x_m': -0.4293776321702027, 'y_m': 0.5353273786291455, 'heading_rad': -1.7595734147549449}
[map] navigate label=bin_docking distance_m=3.568 heading_error_rad=-1.517
[can] backend=detectnet_native no detections
[tag] no detections
[map] motion direction=left speed=0.15 effective_seconds=0.06286454200744629 pose={'x_m': -0.4293776321702027, 'y_m': 0.5353273786291455, 'heading_rad': -1.7690683562617666}
[map] navigate label=bin_docking distance_m=3.568 heading_error_rad=-1.507
[can] backend=detectnet_native no detections
[tag] no detections
[map] motion direction=left speed=0.15 effective_seconds=0.06122231483459473 pose={'x_m': -0.4293776321702027, 'y_m': 0.5353273786291455, 'heading_rad': -1.778315258882927}
[map] navigate label=bin_docking distance_m=3.568 heading_error_rad=-1.498
[can] backend=detectnet_native detections=1 best_confidence=0.256
[depth] map_can_0_depth mean=1.935 min=1.496 max=2.300
[map] can added id=11 position={'x_m': -0.619072414678957, 'y_m': 0.4969041569891563}
[tag] no detections
[map] motion direction=left speed=0.15 effective_seconds=0.08795928955078125 pose={'x_m': -0.4293776321702027, 'y_m': 0.5353273786291455, 'heading_rad': -1.7916004635881062}
[map] navigate label=bin_docking distance_m=3.568 heading_error_rad=-1.485
[can] backend=detectnet_native no detections
[tag] no detections
[map] motion direction=left speed=0.15 effective_seconds=0.06487846374511719 pose={'x_m': -0.4293776321702027, 'y_m': 0.5353273786291455, 'heading_rad': -1.801399584024542}
[map] navigate label=bin_docking distance_m=3.568 heading_error_rad=-1.475
[can] backend=detectnet_native no detections
[tag] no detections
[map] motion direction=left speed=0.15 effective_seconds=0.06250643730163574 pose={'x_m': -0.4293776321702027, 'y_m': 0.5353273786291455, 'heading_rad': -1.8108404380740084}
[map] navigate label=bin_docking distance_m=3.568 heading_error_rad=-1.466
[can] backend=detectnet_native no detections
[tag] no detections
[map] motion direction=left speed=0.15 effective_seconds=0.06277775764465332 pose={'x_m': -0.4293776321702027, 'y_m': 0.5353273786291455, 'heading_rad': -1.82032227183484}
[map] navigate label=bin_docking distance_m=3.568 heading_error_rad=-1.456
[can] backend=detectnet_native detections=1 best_confidence=0.204
[depth] map_can_0_depth mean=1.993 min=1.452 max=2.446
[map] can merged id=11 position={'x_m': -0.6210144364716993, 'y_m': 0.4924491969530813} observations=2
[tag] no detections
[map] motion direction=left speed=0.15 effective_seconds=0.08782196044921875 pose={'x_m': -0.4293776321702027, 'y_m': 0.5353273786291455, 'heading_rad': -1.8335867346122985}
[map] navigate label=bin_docking distance_m=3.568 heading_error_rad=-1.443
[can] backend=detectnet_native no detections
[tag] no detections
[map] motion direction=left speed=0.15 effective_seconds=0.061316728591918945 pose={'x_m': -0.4293776321702027, 'y_m': 0.5353273786291455, 'heading_rad': -1.842847897308767}
[map] navigate label=bin_docking distance_m=3.568 heading_error_rad=-1.434
[can] backend=detectnet_native no detections
[tag] no detections
[map] motion direction=left speed=0.15 effective_seconds=0.06297492980957031 pose={'x_m': -0.4293776321702027, 'y_m': 0.5353273786291455, 'heading_rad': -1.852359511580406}
[map] navigate label=bin_docking distance_m=3.568 heading_error_rad=-1.424
[can] backend=detectnet_native no detections
[tag] no detections
[map] motion direction=left speed=0.15 effective_seconds=0.061432838439941406 pose={'x_m': -0.4293776321702027, 'y_m': 0.5353273786291455, 'heading_rad': -1.86163821128868}
[map] navigate label=bin_docking distance_m=3.568 heading_error_rad=-1.415
[can] backend=detectnet_native no detections
[tag] no detections
[map] motion direction=left speed=0.15 effective_seconds=0.06276822090148926 pose={'x_m': -0.4293776321702027, 'y_m': 0.5353273786291455, 'heading_rad': -1.8711186046378643}
[map] navigate label=bin_docking distance_m=3.568 heading_error_rad=-1.405
[can] backend=detectnet_native no detections
[tag] no detections
[map] motion direction=left speed=0.15 effective_seconds=0.06210732460021973 pose={'x_m': -0.4293776321702027, 'y_m': 0.5353273786291455, 'heading_rad': -1.8804991774598923}
[map] navigate label=bin_docking distance_m=3.568 heading_error_rad=-1.396
[can] backend=detectnet_native no detections
[tag] no detections
[map] motion direction=left speed=0.15 effective_seconds=0.06382942199707031 pose={'x_m': -0.4293776321702027, 'y_m': 0.5353273786291455, 'heading_rad': -1.8901398526151274}
[map] navigate label=bin_docking distance_m=3.568 heading_error_rad=-1.386
[can] backend=detectnet_native no detections
[tag] no detections
[map] motion direction=left speed=0.15 effective_seconds=0.06240534782409668 pose={'x_m': -0.4293776321702027, 'y_m': 0.5353273786291455, 'heading_rad': -1.8995654383011327}
[map] navigate label=bin_docking distance_m=3.568 heading_error_rad=-1.377
[can] backend=detectnet_native no detections
[tag] no detections
[map] motion direction=left speed=0.15 effective_seconds=0.06101536750793457 pose={'x_m': -0.4293776321702027, 'y_m': 0.5353273786291455, 'heading_rad': -1.9087810839895472}
[map] navigate label=bin_docking distance_m=3.568 heading_error_rad=-1.368
[can] backend=detectnet_native no detections
[tag] no detections
[map] motion direction=left speed=0.15 effective_seconds=0.0632941722869873 pose={'x_m': -0.4293776321702027, 'y_m': 0.5353273786291455, 'heading_rad': -1.918340916041079}
[map] navigate label=bin_docking distance_m=3.568 heading_error_rad=-1.358
[can] backend=detectnet_native no detections
[tag] no detections
[map] motion direction=left speed=0.15 effective_seconds=0.06153607368469238 pose={'x_m': -0.4293776321702027, 'y_m': 0.5353273786291455, 'heading_rad': -1.9276352082054349}
[map] navigate label=bin_docking distance_m=3.568 heading_error_rad=-1.349
[can] backend=detectnet_native no detections
[tag] no detections
[map] motion direction=left speed=0.15 effective_seconds=0.06337356567382812 pose={'x_m': -0.4293776321702027, 'y_m': 0.5353273786291455, 'heading_rad': -1.9372070316839303}
[map] navigate label=bin_docking distance_m=3.568 heading_error_rad=-1.339
[can] backend=detectnet_native detections=1 best_confidence=0.232
[depth] map_can_0_depth mean=2.407 min=1.819 max=2.830
[map] can added id=12 position={'x_m': -0.6550296570001344, 'y_m': 0.45163555848770626}
[tag] no detections
[map] motion direction=left speed=0.15 effective_seconds=0.08784985542297363 pose={'x_m': -0.4293776321702027, 'y_m': 0.5353273786291455, 'heading_rad': -1.950475707665457}
[map] navigate label=bin_docking distance_m=3.568 heading_error_rad=-1.326
[can] backend=detectnet_native no detections
[tag] no detections
[map] motion direction=left speed=0.15 effective_seconds=0.06144118309020996 pose={'x_m': -0.4293776321702027, 'y_m': 0.5353273786291455, 'heading_rad': -1.9597556677339225}
[map] navigate label=bin_docking distance_m=3.568 heading_error_rad=-1.317
[can] backend=detectnet_native no detections
[tag] no detections
[map] motion direction=left speed=0.15 effective_seconds=0.06261205673217773 pose={'x_m': -0.4293776321702027, 'y_m': 0.5353273786291455, 'heading_rad': -1.9692124743423827}
[map] navigate label=bin_docking distance_m=3.568 heading_error_rad=-1.307
[can] backend=detectnet_native no detections
[tag] no detections
[map] motion direction=left speed=0.15 effective_seconds=0.0609128475189209 pose={'x_m': -0.4293776321702027, 'y_m': 0.5353273786291455, 'heading_rad': -1.9784126356055889}
[map] navigate label=bin_docking distance_m=3.568 heading_error_rad=-1.298
[can] backend=detectnet_native no detections
[tag] no detections
[map] motion direction=left speed=0.15 effective_seconds=0.06136775016784668 pose={'x_m': -0.4293776321702027, 'y_m': 0.5353273786291455, 'heading_rad': -1.9876815045043703}
[map] navigate label=bin_docking distance_m=3.568 heading_error_rad=-1.289
[can] backend=detectnet_native no detections
[tag] no detections
[map] motion direction=left speed=0.15 effective_seconds=0.06185793876647949 pose={'x_m': -0.4293776321702027, 'y_m': 0.5353273786291455, 'heading_rad': -1.9970244105618218}
[map] navigate label=bin_docking distance_m=3.568 heading_error_rad=-1.279
[can] backend=detectnet_native no detections
[tag] no detections
[map] motion direction=left speed=0.15 effective_seconds=0.06417179107666016 pose={'x_m': -0.4293776321702027, 'y_m': 0.5353273786291455, 'heading_rad': -2.006716796495194}
[map] navigate label=bin_docking distance_m=3.568 heading_error_rad=-1.270
[can] backend=detectnet_native no detections
[tag] no detections
[map] motion direction=left speed=0.15 effective_seconds=0.06264591217041016 pose={'x_m': -0.4293776321702027, 'y_m': 0.5353273786291455, 'heading_rad': -2.016178716565002}
[map] navigate label=bin_docking distance_m=3.568 heading_error_rad=-1.260
[can] backend=detectnet_native no detections
[tag] no detections
[map] motion direction=left speed=0.15 effective_seconds=0.062194108963012695 pose={'x_m': -0.4293776321702027, 'y_m': 0.5353273786291455, 'heading_rad': -2.02557239713302}
[map] navigate label=bin_docking distance_m=3.568 heading_error_rad=-1.251
[can] backend=detectnet_native no detections
[tag] no detections
[map] motion direction=left speed=0.15 effective_seconds=0.06196308135986328 pose={'x_m': -0.4293776321702027, 'y_m': 0.5353273786291455, 'heading_rad': -2.034931183728883}
[map] navigate label=bin_docking distance_m=3.568 heading_error_rad=-1.241
[can] backend=detectnet_native no detections
[tag] no detections
[map] motion direction=left speed=0.15 effective_seconds=0.06660032272338867 pose={'x_m': -0.4293776321702027, 'y_m': 0.5353273786291455, 'heading_rad': -2.044990370488235}
[map] navigate label=bin_docking distance_m=3.568 heading_error_rad=-1.231
[can] backend=detectnet_native no detections
[tag] no detections
[map] motion direction=left speed=0.15 effective_seconds=0.06189370155334473 pose={'x_m': -0.4293776321702027, 'y_m': 0.5353273786291455, 'heading_rad': -2.0543386780893638}
[map] navigate label=bin_docking distance_m=3.568 heading_error_rad=-1.222
[can] backend=detectnet_native no detections
[tag] no detections
[map] motion direction=left speed=0.15 effective_seconds=0.061817169189453125 pose={'x_m': -0.4293776321702027, 'y_m': 0.5353273786291455, 'heading_rad': -2.0636754263870234}
[map] navigate label=bin_docking distance_m=3.568 heading_error_rad=-1.213
[can] backend=detectnet_native no detections
[tag] no detections
[map] motion direction=left speed=0.15 effective_seconds=0.06429719924926758 pose={'x_m': -0.4293776321702027, 'y_m': 0.5353273786291455, 'heading_rad': -2.0733867537335575}
[map] navigate label=bin_docking distance_m=3.568 heading_error_rad=-1.203
[can] backend=detectnet_native no detections
[tag] no detections
[map] motion direction=left speed=0.15 effective_seconds=0.06389999389648438 pose={'x_m': -0.4293776321702027, 'y_m': 0.5353273786291455, 'heading_rad': -2.0830380879349826}
[map] navigate label=bin_docking distance_m=3.568 heading_error_rad=-1.193
[can] backend=detectnet_native no detections
[tag] no detections
[map] motion direction=left speed=0.15 effective_seconds=0.06247115135192871 pose={'x_m': -0.4293776321702027, 'y_m': 0.5353273786291455, 'heading_rad': -2.092473612461354}
[map] navigate label=bin_docking distance_m=3.568 heading_error_rad=-1.184
[can] backend=detectnet_native no detections
[tag] no detections
[map] motion direction=left speed=0.15 effective_seconds=0.06132912635803223 pose={'x_m': -0.4293776321702027, 'y_m': 0.5353273786291455, 'heading_rad': -2.101736647692964}
[map] navigate label=bin_docking distance_m=3.568 heading_error_rad=-1.175
[can] backend=detectnet_native no detections
[tag] no detections
[map] motion direction=left speed=0.15 effective_seconds=0.06249403953552246 pose={'x_m': -0.4293776321702027, 'y_m': 0.5353273786291455, 'heading_rad': -2.111175629207289}
[map] navigate label=bin_docking distance_m=3.568 heading_error_rad=-1.165
[can] backend=detectnet_native no detections
[tag] no detections
[map] motion direction=left speed=0.15 effective_seconds=0.05985760688781738 pose={'x_m': -0.4293776321702027, 'y_m': 0.5353273786291455, 'heading_rad': -2.120216408921724}
[map] navigate label=bin_docking distance_m=3.568 heading_error_rad=-1.156
[can] backend=detectnet_native no detections
[tag] no detections
[map] motion direction=left speed=0.15 effective_seconds=0.0617985725402832 pose={'x_m': -0.4293776321702027, 'y_m': 0.5353273786291455, 'heading_rad': -2.1295503484166716}
[map] navigate label=bin_docking distance_m=3.568 heading_error_rad=-1.147
[can] backend=detectnet_native no detections
[tag] no detections
[map] motion direction=left speed=0.15 effective_seconds=0.0633077621459961 pose={'x_m': -0.4293776321702027, 'y_m': 0.5353273786291455, 'heading_rad': -2.1391122330548007}
[map] navigate label=bin_docking distance_m=3.568 heading_error_rad=-1.137
[can] backend=detectnet_native no detections
[tag] no detections
[map] motion direction=left speed=0.15 effective_seconds=0.06304168701171875 pose={'x_m': -0.4293776321702027, 'y_m': 0.5353273786291455, 'heading_rad': -2.148633930207971}
[map] navigate label=bin_docking distance_m=3.568 heading_error_rad=-1.128
[can] backend=detectnet_native no detections
[tag] no detections
[map] motion direction=left speed=0.15 effective_seconds=0.06426286697387695 pose={'x_m': -0.4293776321702027, 'y_m': 0.5353273786291455, 'heading_rad': -2.158340072072575}
[map] navigate label=bin_docking distance_m=3.568 heading_error_rad=-1.118
[can] backend=detectnet_native no detections
[tag] no detections
[map] motion direction=left speed=0.15 effective_seconds=0.06468653678894043 pose={'x_m': -0.4293776321702027, 'y_m': 0.5353273786291455, 'heading_rad': -2.168110204224609}
[map] navigate label=bin_docking distance_m=3.568 heading_error_rad=-1.108
[can] backend=detectnet_native no detections
[tag] no detections
[map] motion direction=left speed=0.15 effective_seconds=0.06069493293762207 pose={'x_m': -0.4293776321702027, 'y_m': 0.5353273786291455, 'heading_rad': -2.1772774520816753}
[map] navigate label=bin_docking distance_m=3.568 heading_error_rad=-1.099
[can] backend=detectnet_native no detections
[tag] no detections
[map] motion direction=left speed=0.15 effective_seconds=0.057878732681274414 pose={'x_m': -0.4293776321702027, 'y_m': 0.5353273786291455, 'heading_rad': -2.1860193463793}
[map] navigate label=bin_docking distance_m=3.568 heading_error_rad=-1.090
[can] backend=detectnet_native no detections
[tag] no detections
[map] motion direction=left speed=0.15 effective_seconds=0.06097674369812012 pose={'x_m': -0.4293776321702027, 'y_m': 0.5353273786291455, 'heading_rad': -2.195229158400543}
[map] navigate label=bin_docking distance_m=3.568 heading_error_rad=-1.081
[can] backend=detectnet_native no detections
[tag] no detections
[map] motion direction=left speed=0.15 effective_seconds=0.060529232025146484 pose={'x_m': -0.4293776321702027, 'y_m': 0.5353273786291455, 'heading_rad': -2.204371379105237}
[map] navigate label=bin_docking distance_m=3.568 heading_error_rad=-1.072
[can] backend=detectnet_native no detections
[tag] no detections
[map] motion direction=left speed=0.15 effective_seconds=0.06320977210998535 pose={'x_m': -0.4293776321702027, 'y_m': 0.5353273786291455, 'heading_rad': -2.21391846351369}
[map] navigate label=bin_docking distance_m=3.568 heading_error_rad=-1.062
[can] backend=detectnet_native no detections
[tag] no detections
[map] motion direction=left speed=0.15 effective_seconds=0.06387567520141602 pose={'x_m': -0.4293776321702027, 'y_m': 0.5353273786291455, 'heading_rad': -2.223566124665415}
[map] navigate label=bin_docking distance_m=3.568 heading_error_rad=-1.053
[can] backend=detectnet_native no detections
[tag] no detections
[map] motion direction=left speed=0.15 effective_seconds=0.06074333190917969 pose={'x_m': -0.4293776321702027, 'y_m': 0.5353273786291455, 'heading_rad': -2.2327406826115905}
[map] navigate label=bin_docking distance_m=3.568 heading_error_rad=-1.044
[can] backend=detectnet_native no detections
[tag] no detections
[map] motion direction=left speed=0.15 effective_seconds=0.061748504638671875 pose={'x_m': -0.4293776321702027, 'y_m': 0.5353273786291455, 'heading_rad': -2.2420670599453896}
[map] navigate label=bin_docking distance_m=3.568 heading_error_rad=-1.034
[can] backend=detectnet_native no detections
[tag] no detections
[map] motion direction=left speed=0.15 effective_seconds=0.06040167808532715 pose={'x_m': -0.4293776321702027, 'y_m': 0.5353273786291455, 'heading_rad': -2.2511900151443016}
[map] navigate label=bin_docking distance_m=3.568 heading_error_rad=-1.025
[can] backend=detectnet_native no detections
[tag] no detections
[map] motion direction=left speed=0.15 effective_seconds=0.061348915100097656 pose={'x_m': -0.4293776321702027, 'y_m': 0.5353273786291455, 'heading_rad': -2.2604560392300797}
[map] navigate label=bin_docking distance_m=3.568 heading_error_rad=-1.016
[can] backend=detectnet_native no detections
[tag] no detections
[map] motion direction=left speed=0.15 effective_seconds=0.06352829933166504 pose={'x_m': -0.4293776321702027, 'y_m': 0.5353273786291455, 'heading_rad': -2.270051233387552}
[map] navigate label=bin_docking distance_m=3.568 heading_error_rad=-1.006
[can] backend=detectnet_native no detections
[tag] no detections
[map] motion direction=left speed=0.15 effective_seconds=0.06102943420410156 pose={'x_m': -0.4293776321702027, 'y_m': 0.5353273786291455, 'heading_rad': -2.279269003683146}
[map] navigate label=bin_docking distance_m=3.568 heading_error_rad=-0.997
[can] backend=detectnet_native no detections
[tag] no detections
[map] motion direction=left speed=0.15 effective_seconds=0.062311649322509766 pose={'x_m': -0.4293776321702027, 'y_m': 0.5353273786291455, 'heading_rad': -2.2886804373247167}
[map] navigate label=bin_docking distance_m=3.568 heading_error_rad=-0.988
[can] backend=detectnet_native no detections
[tag] no detections
[map] motion direction=left speed=0.15 effective_seconds=0.060936927795410156 pose={'x_m': -0.4293776321702027, 'y_m': 0.5353273786291455, 'heading_rad': -2.297884235627332}
[map] navigate label=bin_docking distance_m=3.568 heading_error_rad=-0.978
[can] backend=detectnet_native no detections
[tag] no detections
[map] motion direction=left speed=0.15 effective_seconds=0.059606075286865234 pose={'x_m': -0.4293776321702027, 'y_m': 0.5353273786291455, 'heading_rad': -2.30688702448457}
[map] navigate label=bin_docking distance_m=3.568 heading_error_rad=-0.969
[can] backend=detectnet_native no detections
[tag] no detections
[map] motion direction=left speed=0.15 effective_seconds=0.06110525131225586 pose={'x_m': -0.4293776321702027, 'y_m': 0.5353273786291455, 'heading_rad': -2.31611624605276}
[map] navigate label=bin_docking distance_m=3.568 heading_error_rad=-0.960
[can] backend=detectnet_native no detections
[tag] no detections
[map] motion direction=left speed=0.15 effective_seconds=0.06145119667053223 pose={'x_m': -0.4293776321702027, 'y_m': 0.5353273786291455, 'heading_rad': -2.325397718553455}
[map] navigate label=bin_docking distance_m=3.568 heading_error_rad=-0.951
[can] backend=detectnet_native no detections
[tag] no detections
[map] motion direction=left speed=0.15 effective_seconds=0.06100034713745117 pose={'x_m': -0.4293776321702027, 'y_m': 0.5353273786291455, 'heading_rad': -2.3346110955935253}
[map] navigate label=bin_docking distance_m=3.568 heading_error_rad=-0.942
[can] backend=detectnet_native no detections
[tag] no detections
[map] motion direction=left speed=0.15 effective_seconds=0.06137251853942871 pose={'x_m': -0.4293776321702027, 'y_m': 0.5353273786291455, 'heading_rad': -2.34388068469813}
[map] navigate label=bin_docking distance_m=3.568 heading_error_rad=-0.932
[can] backend=detectnet_native no detections
[tag] no detections
[map] motion direction=left speed=0.15 effective_seconds=0.06049060821533203 pose={'x_m': -0.4293776321702027, 'y_m': 0.5353273786291455, 'heading_rad': -2.3530170717356533}
[map] navigate label=bin_docking distance_m=3.568 heading_error_rad=-0.923
[can] backend=detectnet_native no detections
[tag] no detections
[map] motion direction=left speed=0.15 effective_seconds=0.059647560119628906 pose={'x_m': -0.4293776321702027, 'y_m': 0.5353273786291455, 'heading_rad': -2.3620261263835567}
[map] navigate label=bin_docking distance_m=3.568 heading_error_rad=-0.914
[can] backend=detectnet_native no detections
[tag] no detections
[map] motion direction=left speed=0.15 effective_seconds=0.06195664405822754 pose={'x_m': -0.4293776321702027, 'y_m': 0.5353273786291455, 'heading_rad': -2.371383940701558}
[map] navigate label=bin_docking distance_m=3.568 heading_error_rad=-0.905
[can] backend=detectnet_native no detections
[tag] no detections
[map] motion direction=left speed=0.15 effective_seconds=0.06136608123779297 pose={'x_m': -0.4293776321702027, 'y_m': 0.5353273786291455, 'heading_rad': -2.380652557528301}
[map] navigate label=bin_docking distance_m=3.568 heading_error_rad=-0.896
[can] backend=detectnet_native no detections
[tag] no detections
[map] motion direction=left speed=0.15 effective_seconds=0.0630192756652832 pose={'x_m': -0.4293776321702027, 'y_m': 0.5353273786291455, 'heading_rad': -2.3901708697140998}
[map] navigate label=bin_docking distance_m=3.568 heading_error_rad=-0.886
[can] backend=detectnet_native no detections
[tag] no detections
[map] motion direction=left speed=0.15 effective_seconds=0.06318974494934082 pose={'x_m': -0.4293776321702027, 'y_m': 0.5353273786291455, 'heading_rad': -2.399714929258094}
[map] navigate label=bin_docking distance_m=3.568 heading_error_rad=-0.877
[can] backend=detectnet_native no detections
[tag] no detections
[map] motion direction=left speed=0.15 effective_seconds=0.06079292297363281 pose={'x_m': -0.4293776321702027, 'y_m': 0.5353273786291455, 'heading_rad': -2.4088969773448357}
[map] navigate label=bin_docking distance_m=3.568 heading_error_rad=-0.867
[can] backend=detectnet_native no detections
[tag] no detections
[map] motion direction=left speed=0.15 effective_seconds=0.05958080291748047 pose={'x_m': -0.4293776321702027, 'y_m': 0.5353273786291455, 'heading_rad': -2.4178959491112084}
[map] navigate label=bin_docking distance_m=3.568 heading_error_rad=-0.858
[can] backend=detectnet_native no detections
[tag] no detections
[map] motion direction=left speed=0.15 effective_seconds=0.059626102447509766 pose={'x_m': -0.4293776321702027, 'y_m': 0.5353273786291455, 'heading_rad': -2.4269017628329057}
[map] navigate label=bin_docking distance_m=3.568 heading_error_rad=-0.849
[can] backend=detectnet_native no detections
[tag] no detections
[map] motion direction=left speed=0.15 effective_seconds=0.06202387809753418 pose={'x_m': -0.4293776321702027, 'y_m': 0.5353273786291455, 'heading_rad': -2.4362697320530198}
[map] navigate label=bin_docking distance_m=3.568 heading_error_rad=-0.840
[can] backend=detectnet_native no detections
[tag] no detections
[map] motion direction=left speed=0.15 effective_seconds=0.061203956604003906 pose={'x_m': -0.4293776321702027, 'y_m': 0.5353273786291455, 'heading_rad': -2.4455138618817593}
[map] navigate label=bin_docking distance_m=3.568 heading_error_rad=-0.831
[can] backend=detectnet_native no detections
[tag] no detections
[map] motion direction=left speed=0.15 effective_seconds=0.06135153770446777 pose={'x_m': -0.4293776321702027, 'y_m': 0.5353273786291455, 'heading_rad': -2.4547802820807405}
[map] navigate label=bin_docking distance_m=3.568 heading_error_rad=-0.822
[can] backend=detectnet_native no detections
[tag] no detections
[map] motion direction=left speed=0.15 effective_seconds=0.06255841255187988 pose={'x_m': -0.4293776321702027, 'y_m': 0.5353273786291455, 'heading_rad': -2.464228986373685}
[map] navigate label=bin_docking distance_m=3.568 heading_error_rad=-0.812
[can] backend=detectnet_native no detections
[tag] no detections
[map] motion direction=left speed=0.15 effective_seconds=0.06097126007080078 pose={'x_m': -0.4293776321702027, 'y_m': 0.5353273786291455, 'heading_rad': -2.4734379701582307}
[map] navigate label=bin_docking distance_m=3.568 heading_error_rad=-0.803
[can] backend=detectnet_native no detections
[tag] no detections
[map] motion direction=left speed=0.15 effective_seconds=0.06051230430603027 pose={'x_m': -0.4293776321702027, 'y_m': 0.5353273786291455, 'heading_rad': -2.482577634132251}
[map] navigate label=bin_docking distance_m=3.568 heading_error_rad=-0.794
[can] backend=detectnet_native no detections
[tag] no detections
[map] motion direction=left speed=0.15 effective_seconds=0.05976128578186035 pose={'x_m': -0.4293776321702027, 'y_m': 0.5353273786291455, 'heading_rad': -2.4916038656890485}
[map] navigate label=bin_docking distance_m=3.568 heading_error_rad=-0.785
[can] backend=detectnet_native no detections
[tag] no detections
[map] motion direction=left speed=0.15 effective_seconds=0.060942649841308594 pose={'x_m': -0.4293776321702027, 'y_m': 0.5353273786291455, 'heading_rad': -2.5008085282386525}
[map] navigate label=bin_docking distance_m=3.568 heading_error_rad=-0.776
[can] backend=detectnet_native no detections
[tag] no detections
[map] motion direction=left speed=0.15 effective_seconds=0.06204795837402344 pose={'x_m': -0.4293776321702027, 'y_m': 0.5353273786291455, 'heading_rad': -2.5101801344981762}
[map] navigate label=bin_docking distance_m=3.568 heading_error_rad=-0.766
[can] backend=detectnet_native no detections
[tag] no detections
[map] motion direction=left speed=0.15 effective_seconds=0.06275343894958496 pose={'x_m': -0.4293776321702027, 'y_m': 0.5353273786291455, 'heading_rad': -2.5196582952093074}
[map] navigate label=bin_docking distance_m=3.568 heading_error_rad=-0.757
[can] backend=detectnet_native no detections
[tag] no detections
[map] motion direction=left speed=0.15 effective_seconds=0.06252884864807129 pose={'x_m': -0.4293776321702027, 'y_m': 0.5353273786291455, 'heading_rad': -2.529102534226145}
[map] navigate label=bin_docking distance_m=3.568 heading_error_rad=-0.747
[can] backend=detectnet_native no detections
[tag] no detections
[map] motion direction=left speed=0.15 effective_seconds=0.061242103576660156 pose={'x_m': -0.4293776321702027, 'y_m': 0.5353273786291455, 'heading_rad': -2.538352425701474}
[map] navigate label=bin_docking distance_m=3.568 heading_error_rad=-0.738
[can] backend=detectnet_native no detections
[tag] no detections
[map] motion direction=left speed=0.15 effective_seconds=0.06047463417053223 pose={'x_m': -0.4293776321702027, 'y_m': 0.5353273786291455, 'heading_rad': -2.5474864000494875}
[map] navigate label=bin_docking distance_m=3.568 heading_error_rad=-0.729
[can] backend=detectnet_native no detections
[tag] no detections
[map] motion direction=left speed=0.15 effective_seconds=0.06125831604003906 pose={'x_m': -0.4293776321702027, 'y_m': 0.5353273786291455, 'heading_rad': -2.5567387402246164}
[map] navigate label=bin_docking distance_m=3.568 heading_error_rad=-0.720
[can] backend=detectnet_native no detections
[tag] no detections
[map] motion direction=left speed=0.15 effective_seconds=0.06141972541809082 pose={'x_m': -0.4293776321702027, 'y_m': 0.5353273786291455, 'heading_rad': -2.5660154593668754}
[map] navigate label=bin_docking distance_m=3.568 heading_error_rad=-0.710
[can] backend=detectnet_native no detections
[tag] no detections
[map] motion direction=left speed=0.15 effective_seconds=0.06239938735961914 pose={'x_m': -0.4293776321702027, 'y_m': 0.5353273786291455, 'heading_rad': -2.5754401447956012}
[map] navigate label=bin_docking distance_m=3.568 heading_error_rad=-0.701
[can] backend=detectnet_native no detections
[tag] no detections
[map] motion direction=left speed=0.15 effective_seconds=0.06043362617492676 pose={'x_m': -0.4293776321702027, 'y_m': 0.5353273786291455, 'heading_rad': -2.584567925373532}
[map] navigate label=bin_docking distance_m=3.568 heading_error_rad=-0.692
[can] backend=detectnet_native no detections
[tag] no detections
[map] motion direction=left speed=0.15 effective_seconds=0.06061124801635742 pose={'x_m': -0.4293776321702027, 'y_m': 0.5353273786291455, 'heading_rad': -2.593722533618393}
[map] navigate label=bin_docking distance_m=3.568 heading_error_rad=-0.683
[can] backend=detectnet_native no detections
[tag] no detections
[map] motion direction=left speed=0.15 effective_seconds=0.06002449989318848 pose={'x_m': -0.4293776321702027, 'y_m': 0.5353273786291455, 'heading_rad': -2.6027885205366554}
[map] navigate label=bin_docking distance_m=3.568 heading_error_rad=-0.674
[can] backend=detectnet_native no detections
[tag] no detections
[map] motion direction=left speed=0.15 effective_seconds=0.060147762298583984 pose={'x_m': -0.4293776321702027, 'y_m': 0.5353273786291455, 'heading_rad': -2.611873124775459}
[map] navigate label=bin_docking distance_m=3.568 heading_error_rad=-0.664
[can] backend=detectnet_native no detections
[tag] no detections
[map] motion direction=left speed=0.15 effective_seconds=0.05998539924621582 pose={'x_m': -0.4293776321702027, 'y_m': 0.5353273786291455, 'heading_rad': -2.6209332060059674}
[map] navigate label=bin_docking distance_m=3.568 heading_error_rad=-0.655
[can] backend=detectnet_native no detections
[tag] no detections
[map] motion direction=left speed=0.15 effective_seconds=0.06579113006591797 pose={'x_m': -0.4293776321702027, 'y_m': 0.5353273786291455, 'heading_rad': -2.6308701738370477}
[map] navigate label=bin_docking distance_m=3.568 heading_error_rad=-0.645
[can] backend=detectnet_native no detections
[tag] no detections
[map] motion direction=left speed=0.15 effective_seconds=0.06281828880310059 pose={'x_m': -0.4293776321702027, 'y_m': 0.5353273786291455, 'heading_rad': -2.6403581293473803}
[map] navigate label=bin_docking distance_m=3.568 heading_error_rad=-0.636
[can] backend=detectnet_native no detections
[tag] no detections
[map] motion direction=left speed=0.15 effective_seconds=0.06354546546936035 pose={'x_m': -0.4293776321702027, 'y_m': 0.5353273786291455, 'heading_rad': -2.6499559162458177}
[map] navigate label=bin_docking distance_m=3.568 heading_error_rad=-0.626
[can] backend=detectnet_native no detections
[tag] no detections
[map] motion direction=left speed=0.15 effective_seconds=0.059232234954833984 pose={'x_m': -0.4293776321702027, 'y_m': 0.5353273786291455, 'heading_rad': -2.658902240966482}
[map] navigate label=bin_docking distance_m=3.568 heading_error_rad=-0.617
[can] backend=detectnet_native no detections
[tag] no detections
[map] motion direction=left speed=0.15 effective_seconds=0.059976816177368164 pose={'x_m': -0.4293776321702027, 'y_m': 0.5353273786291455, 'heading_rad': -2.667961025826508}
[map] navigate label=bin_docking distance_m=3.568 heading_error_rad=-0.608
[can] backend=detectnet_native no detections
[tag] no detections
[map] motion direction=left speed=0.15 effective_seconds=0.06295490264892578 pose={'x_m': -0.4293776321702027, 'y_m': 0.5353273786291455, 'heading_rad': -2.677469615233688}
[map] navigate label=bin_docking distance_m=3.568 heading_error_rad=-0.599
[can] backend=detectnet_native no detections
[tag] no detections
[map] motion direction=left speed=0.15 effective_seconds=0.06268620491027832 pose={'x_m': -0.4293776321702027, 'y_m': 0.5353273786291455, 'heading_rad': -2.6869376210427056}
[map] navigate label=bin_docking distance_m=3.568 heading_error_rad=-0.589
[can] backend=detectnet_native no detections
[tag] no detections
[map] motion direction=left speed=0.15 effective_seconds=0.06183028221130371 pose={'x_m': -0.4293776321702027, 'y_m': 0.5353273786291455, 'heading_rad': -2.69627634990638}
[map] navigate label=bin_docking distance_m=3.568 heading_error_rad=-0.580
[can] backend=detectnet_native no detections
[tag] no detections
[map] motion direction=left speed=0.15 effective_seconds=0.061554670333862305 pose={'x_m': -0.4293776321702027, 'y_m': 0.5353273786291455, 'heading_rad': -2.705573450873448}
[map] navigate label=bin_docking distance_m=3.568 heading_error_rad=-0.571
[can] backend=detectnet_native no detections
[tag] no detections
[map] motion direction=left speed=0.15 effective_seconds=0.06055045127868652 pose={'x_m': -0.4293776321702027, 'y_m': 0.5353273786291455, 'heading_rad': -2.7147188764940577}
[map] navigate label=bin_docking distance_m=3.568 heading_error_rad=-0.562
[can] backend=detectnet_native no detections
[tag] no detections
[map] motion direction=left speed=0.15 effective_seconds=0.06373858451843262 pose={'x_m': -0.4293776321702027, 'y_m': 0.5353273786291455, 'heading_rad': -2.7243458317283524}
[map] navigate label=bin_docking distance_m=3.568 heading_error_rad=-0.552
[can] backend=detectnet_native no detections
[tag] no detections
[map] motion direction=left speed=0.15 effective_seconds=0.06146383285522461 pose={'x_m': -0.4293776321702027, 'y_m': 0.5353273786291455, 'heading_rad': -2.7336292127744803}
[map] navigate label=bin_docking distance_m=3.568 heading_error_rad=-0.543
[can] backend=detectnet_native no detections
[tag] no detections
[map] motion direction=left speed=0.15 effective_seconds=0.061571598052978516 pose={'x_m': -0.4293776321702027, 'y_m': 0.5353273786291455, 'heading_rad': -2.7429288704722223}
[map] navigate label=bin_docking distance_m=3.568 heading_error_rad=-0.533
[can] backend=detectnet_native no detections
[tag] no detections
[map] motion direction=left speed=0.15 effective_seconds=0.06393599510192871 pose={'x_m': -0.4293776321702027, 'y_m': 0.5353273786291455, 'heading_rad': -2.752585642227616}
[map] navigate label=bin_docking distance_m=3.568 heading_error_rad=-0.524
[can] backend=detectnet_native no detections
[tag] no detections
[map] motion direction=left speed=0.15 effective_seconds=0.06316304206848145 pose={'x_m': -0.4293776321702027, 'y_m': 0.5353273786291455, 'heading_rad': -2.762125668618997}
[map] navigate label=bin_docking distance_m=3.568 heading_error_rad=-0.514
[can] backend=detectnet_native no detections
[tag] no detections
[map] motion direction=left speed=0.15 effective_seconds=0.06254863739013672 pose={'x_m': -0.4293776321702027, 'y_m': 0.5353273786291455, 'heading_rad': -2.771572896490003}
[map] navigate label=bin_docking distance_m=3.568 heading_error_rad=-0.505
[can] backend=detectnet_native no detections
[tag] no detections
[map] motion direction=left speed=0.15 effective_seconds=0.06279110908508301 pose={'x_m': -0.4293776321702027, 'y_m': 0.5353273786291455, 'heading_rad': -2.781056746827141}
[map] navigate label=bin_docking distance_m=3.568 heading_error_rad=-0.495
[can] backend=detectnet_native no detections
[tag] no detections
[map] motion direction=left speed=0.15 effective_seconds=0.06184673309326172 pose={'x_m': -0.4293776321702027, 'y_m': 0.5353273786291455, 'heading_rad': -2.790397960400907}
[map] navigate label=bin_docking distance_m=3.568 heading_error_rad=-0.486
[can] backend=detectnet_native no detections
[tag] no detections
[map] motion direction=left speed=0.15 effective_seconds=0.0630030632019043 pose={'x_m': -0.4293776321702027, 'y_m': 0.5353273786291455, 'heading_rad': -2.7999138238869055}
[map] navigate label=bin_docking distance_m=3.568 heading_error_rad=-0.476
[can] backend=detectnet_native no detections
[tag] no detections
[map] motion direction=left speed=0.15 effective_seconds=0.06296300888061523 pose={'x_m': -0.4293776321702027, 'y_m': 0.5353273786291455, 'heading_rad': -2.8094236376439854}
[map] navigate label=bin_docking distance_m=3.568 heading_error_rad=-0.467
[can] backend=detectnet_native no detections
[tag] no detections
[map] motion direction=left speed=0.15 effective_seconds=0.06354904174804688 pose={'x_m': -0.4293776321702027, 'y_m': 0.5353273786291455, 'heading_rad': -2.8190219646967907}
[map] navigate label=bin_docking distance_m=3.568 heading_error_rad=-0.457
[can] backend=detectnet_native no detections
[tag] no detections
[map] motion direction=left speed=0.15 effective_seconds=0.06095290184020996 pose={'x_m': -0.4293776321702027, 'y_m': 0.5353273786291455, 'heading_rad': -2.8282281756889156}
[map] navigate label=bin_docking distance_m=3.568 heading_error_rad=-0.448
[can] backend=detectnet_native no detections
[tag] no detections
[map] motion direction=left speed=0.15 effective_seconds=0.060442209243774414 pose={'x_m': -0.4293776321702027, 'y_m': 0.5353273786291455, 'heading_rad': -2.8373572526373287}
[map] navigate label=bin_docking distance_m=3.568 heading_error_rad=-0.439
[can] backend=detectnet_native no detections
[tag] no detections
[map] motion direction=left speed=0.15 effective_seconds=0.05992698669433594 pose={'x_m': -0.4293776321702027, 'y_m': 0.5353273786291455, 'heading_rad': -2.8464085113464974}
[map] navigate label=bin_docking distance_m=3.568 heading_error_rad=-0.430
[can] backend=detectnet_native no detections
[tag] no detections
[map] motion direction=left speed=0.15 effective_seconds=0.0611264705657959 pose={'x_m': -0.4293776321702027, 'y_m': 0.5353273786291455, 'heading_rad': -2.8556409378306027}
[map] navigate label=bin_docking distance_m=3.568 heading_error_rad=-0.421
[can] backend=detectnet_native no detections
[tag] no detections
[map] motion direction=left speed=0.15 effective_seconds=0.060675859451293945 pose={'x_m': -0.4293776321702027, 'y_m': 0.5353273786291455, 'heading_rad': -2.8648053048643742}
[map] navigate label=bin_docking distance_m=3.568 heading_error_rad=-0.412
[can] backend=detectnet_native no detections
[tag] no detections
[map] motion direction=left speed=0.15 effective_seconds=0.061775922775268555 pose={'x_m': -0.4293776321702027, 'y_m': 0.5353273786291455, 'heading_rad': -2.874135823381659}
[map] navigate label=bin_docking distance_m=3.568 heading_error_rad=-0.402
[can] backend=detectnet_native no detections
[tag] no detections
[map] motion direction=left speed=0.15 effective_seconds=0.0637664794921875 pose={'x_m': -0.4293776321702027, 'y_m': 0.5353273786291455, 'heading_rad': -2.883766991820022}
[map] navigate label=bin_docking distance_m=3.568 heading_error_rad=-0.393
[can] backend=detectnet_native no detections
[tag] no detections
[map] motion direction=left speed=0.15 effective_seconds=0.0604395866394043 pose={'x_m': -0.4293776321702027, 'y_m': 0.5353273786291455, 'heading_rad': -2.892895672655232}
[map] navigate label=bin_docking distance_m=3.568 heading_error_rad=-0.383
[can] backend=detectnet_native no detections
[tag] no detections
[map] motion direction=left speed=0.15 effective_seconds=0.06058835983276367 pose={'x_m': -0.4293776321702027, 'y_m': 0.5353273786291455, 'heading_rad': -2.9020468239121398}
[map] navigate label=bin_docking distance_m=3.568 heading_error_rad=-0.374
[can] backend=detectnet_native no detections
[tag] no detections
[map] motion direction=left speed=0.15 effective_seconds=0.062331199645996094 pose={'x_m': -0.4293776321702027, 'y_m': 0.5353273786291455, 'heading_rad': -2.9114612103975874}
[map] navigate label=bin_docking distance_m=3.568 heading_error_rad=-0.365
[can] backend=detectnet_native no detections
[tag] no detections
[map] motion direction=left speed=0.15 effective_seconds=0.059061527252197266 pose={'x_m': -0.4293776321702027, 'y_m': 0.5353273786291455, 'heading_rad': -2.920381751749766}
[map] navigate label=bin_docking distance_m=3.568 heading_error_rad=-0.356
[can] backend=detectnet_native no detections
[tag] no detections
[map] motion direction=left speed=0.15 effective_seconds=0.060431480407714844 pose={'x_m': -0.4293776321702027, 'y_m': 0.5353273786291455, 'heading_rad': -2.9295092082350758}
[map] navigate label=bin_docking distance_m=3.568 heading_error_rad=-0.347
[can] backend=detectnet_native no detections
[tag] no detections
[map] motion direction=left speed=0.15 effective_seconds=0.06262946128845215 pose={'x_m': -0.4293776321702027, 'y_m': 0.5353273786291455, 'heading_rad': -2.938968643594792}
[map] navigate label=bin_docking distance_m=3.568 heading_error_rad=-0.337
[can] backend=detectnet_native no detections
[tag] no detections
[map] motion direction=left speed=0.15 effective_seconds=0.06142830848693848 pose={'x_m': -0.4293776321702027, 'y_m': 0.5353273786291455, 'heading_rad': -2.9482466591075336}
[map] navigate label=bin_docking distance_m=3.568 heading_error_rad=-0.328
[can] backend=detectnet_native no detections
[tag] no detections
[map] motion direction=left speed=0.15 effective_seconds=0.06161928176879883 pose={'x_m': -0.4293776321702027, 'y_m': 0.5353273786291455, 'heading_rad': -2.957553518863512}
[map] navigate label=bin_docking distance_m=3.568 heading_error_rad=-0.319
[can] backend=detectnet_native no detections
[tag] no detections
[map] motion direction=left speed=0.15 effective_seconds=0.058141231536865234 pose={'x_m': -0.4293776321702027, 'y_m': 0.5353273786291455, 'heading_rad': -2.966335060491728}
[map] navigate label=bin_docking distance_m=3.568 heading_error_rad=-0.310
[can] backend=detectnet_native no detections
[tag] no detections
[map] motion direction=left speed=0.15 effective_seconds=0.06023001670837402 pose={'x_m': -0.4293776321702027, 'y_m': 0.5353273786291455, 'heading_rad': -2.9754320882809893}
[map] navigate label=bin_docking distance_m=3.568 heading_error_rad=-0.301
[can] backend=detectnet_native no detections
[tag] no detections
[map] motion direction=left speed=0.15 effective_seconds=0.06225275993347168 pose={'x_m': -0.4293776321702027, 'y_m': 0.5353273786291455, 'heading_rad': -2.9848346273806383}
[map] navigate label=bin_docking distance_m=3.568 heading_error_rad=-0.292
[can] backend=detectnet_native no detections
[tag] no detections
[map] motion direction=left speed=0.15 effective_seconds=0.06303191184997559 pose={'x_m': -0.4293776321702027, 'y_m': 0.5353273786291455, 'heading_rad': -2.99435484811187}
[map] navigate label=bin_docking distance_m=3.568 heading_error_rad=-0.282
[can] backend=detectnet_native no detections
[tag] no detections
[map] motion direction=left speed=0.15 effective_seconds=0.061028480529785156 pose={'x_m': -0.4293776321702027, 'y_m': 0.5353273786291455, 'heading_rad': -3.0035724743662997}
[map] navigate label=bin_docking distance_m=3.568 heading_error_rad=-0.273
[can] backend=detectnet_native no detections
[tag] no detections
[map] motion direction=left speed=0.15 effective_seconds=0.06226229667663574 pose={'x_m': -0.4293776321702027, 'y_m': 0.5353273786291455, 'heading_rad': -3.012976453877596}
[map] navigate label=bin_docking distance_m=3.568 heading_error_rad=-0.263
[can] backend=detectnet_native no detections
[tag] no detections
[map] motion direction=left speed=0.15 effective_seconds=0.060127973556518555 pose={'x_m': -0.4293776321702027, 'y_m': 0.5353273786291455, 'heading_rad': -3.0220580692622314}
[map] navigate label=bin_docking distance_m=3.568 heading_error_rad=-0.254
[can] backend=detectnet_native no detections
[tag] no detections
[map] motion direction=left speed=0.15 effective_seconds=0.059569358825683594 pose={'x_m': -0.4293776321702027, 'y_m': 0.5353273786291455, 'heading_rad': -3.0310553125346273}
[map] navigate label=bin_docking distance_m=3.568 heading_error_rad=-0.245
[can] backend=detectnet_native no detections
[tag] no detections
[map] motion direction=left speed=0.15 effective_seconds=0.061614274978637695 pose={'x_m': -0.4293776321702027, 'y_m': 0.5353273786291455, 'heading_rad': -3.0403614160744907}
[map] navigate label=bin_docking distance_m=3.568 heading_error_rad=-0.236
[can] backend=detectnet_native no detections
[tag] no detections
[map] motion direction=left speed=0.15 effective_seconds=0.06369709968566895 pose={'x_m': -0.4293776321702027, 'y_m': 0.5353273786291455, 'heading_rad': -3.04998210551812}
[map] navigate label=bin_docking distance_m=3.568 heading_error_rad=-0.226
[can] backend=detectnet_native no detections
[tag] no detections
[map] motion direction=left speed=0.15 effective_seconds=0.06070733070373535 pose={'x_m': -0.4293776321702027, 'y_m': 0.5353273786291455, 'heading_rad': -3.0591512259103273}
[map] navigate label=bin_docking distance_m=3.568 heading_error_rad=-0.217
[can] backend=detectnet_native no detections
[tag] no detections
[map] motion direction=left speed=0.15 effective_seconds=0.06014657020568848 pose={'x_m': -0.4293776321702027, 'y_m': 0.5353273786291455, 'heading_rad': -3.068235650097675}
[map] navigate label=bin_docking distance_m=3.568 heading_error_rad=-0.208
[can] backend=detectnet_native no detections
[tag] no detections
[map] motion direction=left speed=0.15 effective_seconds=0.06108236312866211 pose={'x_m': -0.4293776321702027, 'y_m': 0.5353273786291455, 'heading_rad': -3.0774614146779116}
[map] navigate label=bin_docking distance_m=3.568 heading_error_rad=-0.199
[can] backend=detectnet_native no detections
[tag] no detections
[map] motion direction=left speed=0.15 effective_seconds=0.06068253517150879 pose={'x_m': -0.4293776321702027, 'y_m': 0.5353273786291455, 'heading_rad': -3.086626789999836}
[map] navigate label=bin_docking distance_m=3.568 heading_error_rad=-0.190
[can] backend=detectnet_native no detections
[tag] no detections
[map] motion direction=left speed=0.15 effective_seconds=0.061342716217041016 pose={'x_m': -0.4293776321702027, 'y_m': 0.5353273786291455, 'heading_rad': -3.0958918778180435}
[map] navigate label=bin_docking distance_m=3.568 heading_error_rad=-0.180
[can] backend=detectnet_native no detections
[tag] no detections
[map] motion direction=left speed=0.15 effective_seconds=0.0645287036895752 pose={'x_m': -0.4293776321702027, 'y_m': 0.5353273786291455, 'heading_rad': -3.1056381711573153}
[map] navigate label=bin_docking distance_m=3.568 heading_error_rad=-0.171
[can] backend=detectnet_native no detections
[tag] no detections
[map] motion direction=left speed=0.15 effective_seconds=0.06241321563720703 pose={'x_m': -0.4293776321702027, 'y_m': 0.5353273786291455, 'heading_rad': -3.1150649451829295}
[map] navigate label=bin_docking distance_m=3.568 heading_error_rad=-0.161
[can] backend=detectnet_native no detections
[tag] no detections
[map] motion direction=left speed=0.15 effective_seconds=0.06340765953063965 pose={'x_m': -0.4293776321702027, 'y_m': 0.5353273786291455, 'heading_rad': -3.124641918133064}
[map] navigate label=bin_docking distance_m=3.568 heading_error_rad=-0.152
[can] backend=detectnet_native no detections
[tag] no detections
[map] motion direction=left speed=0.15 effective_seconds=0.06161308288574219 pose={'x_m': -0.4293776321702027, 'y_m': 0.5353273786291455, 'heading_rad': -3.1339478416214717}
[map] navigate label=bin_docking distance_m=3.568 heading_error_rad=-0.142
[can] backend=detectnet_native no detections
[tag] no detections
[map] motion direction=left speed=0.15 effective_seconds=0.05934405326843262 pose={'x_m': -0.4293776321702027, 'y_m': 0.5353273786291455, 'heading_rad': 3.1402742520108857}
[map] navigate label=bin_docking distance_m=3.568 heading_error_rad=-0.133
[can] backend=detectnet_native no detections
[tag] no detections
[map] motion direction=left speed=0.15 effective_seconds=0.059264183044433594 pose={'x_m': -0.4293776321702027, 'y_m': 0.5353273786291455, 'heading_rad': 3.131323101911203}
[map] navigate label=bin_docking distance_m=3.568 heading_error_rad=-0.125
[can] backend=detectnet_native no detections
[tag] no detections
[map] motion direction=left speed=0.15 effective_seconds=0.061620235443115234 pose={'x_m': -0.4293776321702027, 'y_m': 0.5353273786291455, 'heading_rad': 3.1220160981140594}
[map] navigate label=bin_docking distance_m=3.568 heading_error_rad=-0.115
[map] motion direction=left speed=0.15 effective_seconds=0.018225669860839844 pose={'x_m': -0.4293776321702027, 'y_m': 0.5353273786291455, 'heading_rad': 3.119263327414945}
[base] continuous stop label=map_turn_bin_docking elapsed=0.018s
[base] stop
[base] continuous start label=map_forward_bin_docking direction=forward requested_speed=0.2 effective_speed=0.2
[can] backend=detectnet_native no detections
[tag] no detections
[map] motion direction=forward speed=0.2 effective_seconds=0.060674190521240234 pose={'x_m': -0.4293336043809234, 'y_m': 0.5333559590130641, 'heading_rad': 3.119263327414945}
[map] navigate label=bin_docking distance_m=3.566 heading_error_rad=-0.113
[can] backend=detectnet_native no detections
[tag] no detections
[map] motion direction=forward speed=0.2 effective_seconds=0.06266403198242188 pose={'x_m': -0.4292881326775218, 'y_m': 0.5313198856709789, 'heading_rad': 3.119263327414945}
[map] navigate label=bin_docking distance_m=3.564 heading_error_rad=-0.113
[can] backend=detectnet_native no detections
[tag] no detections
[map] motion direction=forward speed=0.2 effective_seconds=0.0630643367767334 pose={'x_m': -0.42924237049582986, 'y_m': 0.5292708056663055, 'heading_rad': 3.119263327414945}
[map] navigate label=bin_docking distance_m=3.562 heading_error_rad=-0.113
[can] backend=detectnet_native no detections
[tag] no detections
[map] motion direction=forward speed=0.2 effective_seconds=0.06088519096374512 pose={'x_m': -0.4291981895955994, 'y_m': 0.5272925302453458, 'heading_rad': 3.119263327414945}
[map] navigate label=bin_docking distance_m=3.560 heading_error_rad=-0.113
[can] backend=detectnet_native no detections
[tag] no detections
[map] motion direction=forward speed=0.2 effective_seconds=0.060781240463256836 pose={'x_m': -0.42915408412630085, 'y_m': 0.5253176323734562, 'heading_rad': 3.119263327414945}
[map] navigate label=bin_docking distance_m=3.558 heading_error_rad=-0.113
[can] backend=detectnet_native no detections
[tag] no detections
[map] motion direction=forward speed=0.2 effective_seconds=0.0593409538269043 pose={'x_m': -0.4291110237906247, 'y_m': 0.5233895321481984, 'heading_rad': 3.119263327414945}
[map] navigate label=bin_docking distance_m=3.556 heading_error_rad=-0.113
[can] backend=detectnet_native no detections
[tag] no detections
[map] motion direction=forward speed=0.2 effective_seconds=0.06152796745300293 pose={'x_m': -0.42906637646426515, 'y_m': 0.5213903716990449, 'heading_rad': 3.119263327414945}
[map] navigate label=bin_docking distance_m=3.554 heading_error_rad=-0.113
[can] backend=detectnet_native no detections
[tag] no detections
[map] motion direction=forward speed=0.2 effective_seconds=0.06240677833557129 pose={'x_m': -0.42902109143511924, 'y_m': 0.5193626570162405, 'heading_rad': 3.119263327414945}
[map] navigate label=bin_docking distance_m=3.552 heading_error_rad=-0.113
[can] backend=detectnet_native no detections
[tag] no detections
[map] motion direction=forward speed=0.2 effective_seconds=0.06185102462768555 pose={'x_m': -0.42897620968464806, 'y_m': 0.5173529998262848, 'heading_rad': 3.119263327414945}
[map] navigate label=bin_docking distance_m=3.550 heading_error_rad=-0.113
[can] backend=detectnet_native no detections
[tag] no detections
[map] motion direction=forward speed=0.2 effective_seconds=0.062041521072387695 pose={'x_m': -0.42893118970180405, 'y_m': 0.5153371530452583, 'heading_rad': 3.119263327414945}
[map] navigate label=bin_docking distance_m=3.548 heading_error_rad=-0.113
[can] backend=detectnet_native no detections
[tag] no detections
[map] motion direction=forward speed=0.2 effective_seconds=0.06142926216125488 pose={'x_m': -0.4288866140002284, 'y_m': 0.5133411997183868, 'heading_rad': 3.119263327414945}
[map] navigate label=bin_docking distance_m=3.546 heading_error_rad=-0.113
[can] backend=detectnet_native no detections
[tag] no detections
[map] motion direction=forward speed=0.2 effective_seconds=0.05968165397644043 pose={'x_m': -0.42884330643794305, 'y_m': 0.5114020294985855, 'heading_rad': 3.119263327414945}
[map] navigate label=bin_docking distance_m=3.544 heading_error_rad=-0.113
[can] backend=detectnet_native no detections
[tag] no detections
[map] motion direction=forward speed=0.2 effective_seconds=0.06024312973022461 pose={'x_m': -0.42879959144482155, 'y_m': 0.5094446158658033, 'heading_rad': 3.119263327414945}
[map] navigate label=bin_docking distance_m=3.542 heading_error_rad=-0.113
[can] backend=detectnet_native no detections
[tag] no detections
[map] motion direction=forward speed=0.2 effective_seconds=0.06185030937194824 pose={'x_m': -0.4287547102133705, 'y_m': 0.507434981915864, 'heading_rad': 3.119263327414945}
[map] navigate label=bin_docking distance_m=3.540 heading_error_rad=-0.113
[can] backend=detectnet_native no detections
[tag] no detections
[map] motion direction=forward speed=0.2 effective_seconds=0.06224799156188965 pose={'x_m': -0.4287095404067031, 'y_m': 0.5054124265167307, 'heading_rad': 3.119263327414945}
[map] navigate label=bin_docking distance_m=3.538 heading_error_rad=-0.113
[can] backend=detectnet_native no detections
[tag] no detections
[map] motion direction=forward speed=0.2 effective_seconds=0.0626215934753418 pose={'x_m': -0.4286640994984985, 'y_m': 0.5033777320822932, 'heading_rad': 3.119263327414945}
[map] navigate label=bin_docking distance_m=3.536 heading_error_rad=-0.113
[can] backend=detectnet_native no detections
[tag] no detections
[map] motion direction=forward speed=0.2 effective_seconds=0.06181526184082031 pose={'x_m': -0.428619243699036, 'y_m': 0.5013692368931643, 'heading_rad': 3.119263327414945}
[map] navigate label=bin_docking distance_m=3.534 heading_error_rad=-0.114
[can] backend=detectnet_native no detections
[tag] no detections
[map] motion direction=forward speed=0.2 effective_seconds=0.06155252456665039 pose={'x_m': -0.4285745785529838, 'y_m': 0.4993692785367763, 'heading_rad': 3.119263327414945}
[map] navigate label=bin_docking distance_m=3.532 heading_error_rad=-0.114
[can] backend=detectnet_native no detections
[tag] no detections
[map] motion direction=forward speed=0.2 effective_seconds=0.06044960021972656 pose={'x_m': -0.42853071373603896, 'y_m': 0.4974051562858873, 'heading_rad': 3.119263327414945}
[map] navigate label=bin_docking distance_m=3.530 heading_error_rad=-0.114
[can] backend=detectnet_native no detections
[tag] no detections
[map] motion direction=forward speed=0.2 effective_seconds=0.060045480728149414 pose={'x_m': -0.42848714216549205, 'y_m': 0.4954541646443412, 'heading_rad': 3.119263327414945}
[map] navigate label=bin_docking distance_m=3.528 heading_error_rad=-0.114
[can] backend=detectnet_native no detections
[tag] no detections
[map] motion direction=forward speed=0.2 effective_seconds=0.06304144859313965 pose={'x_m': -0.4284413965924457, 'y_m': 0.49340582832019697, 'heading_rad': 3.119263327414945}
[map] navigate label=bin_docking distance_m=3.526 heading_error_rad=-0.114
[can] backend=detectnet_native no detections
[tag] no detections
[map] motion direction=forward speed=0.2 effective_seconds=0.06340360641479492 pose={'x_m': -0.4283953882221848, 'y_m': 0.49134572480101324, 'heading_rad': 3.119263327414945}
[map] navigate label=bin_docking distance_m=3.524 heading_error_rad=-0.114
[can] backend=detectnet_native no detections
[tag] no detections
[map] motion direction=forward speed=0.2 effective_seconds=0.0628516674041748 pose={'x_m': -0.4283497803624911, 'y_m': 0.4893035548279233, 'heading_rad': 3.119263327414945}
[map] navigate label=bin_docking distance_m=3.522 heading_error_rad=-0.114
[can] backend=detectnet_native no detections
[tag] no detections
[map] motion direction=forward speed=0.2 effective_seconds=0.0604710578918457 pose={'x_m': -0.42830589997494106, 'y_m': 0.4873387353765382, 'heading_rad': 3.119263327414945}
[map] navigate label=bin_docking distance_m=3.520 heading_error_rad=-0.114
[can] backend=detectnet_native no detections
[tag] no detections
[map] motion direction=forward speed=0.2 effective_seconds=0.06050515174865723 pose={'x_m': -0.4282619948474294, 'y_m': 0.4853728081510315, 'heading_rad': 3.119263327414945}
[map] navigate label=bin_docking distance_m=3.518 heading_error_rad=-0.114
[can] backend=detectnet_native no detections
[tag] no detections
[map] motion direction=forward speed=0.2 effective_seconds=0.05923056602478027 pose={'x_m': -0.42821901461386663, 'y_m': 0.4834482946349924, 'heading_rad': 3.119263327414945}
[map] navigate label=bin_docking distance_m=3.516 heading_error_rad=-0.114
[can] backend=detectnet_native no detections
[tag] no detections
[map] motion direction=forward speed=0.2 effective_seconds=0.06059002876281738 pose={'x_m': -0.42817504789596106, 'y_m': 0.48147960959419006, 'heading_rad': 3.119263327414945}
[map] navigate label=bin_docking distance_m=3.514 heading_error_rad=-0.114
[can] backend=detectnet_native no detections
[tag] no detections
[map] motion direction=forward speed=0.2 effective_seconds=0.06296658515930176 pose={'x_m': -0.42812935664702617, 'y_m': 0.47943370572510996, 'heading_rad': 3.119263327414945}
[map] navigate label=bin_docking distance_m=3.512 heading_error_rad=-0.114
[can] backend=detectnet_native no detections
[tag] no detections
[map] motion direction=forward speed=0.2 effective_seconds=0.062392234802246094 pose={'x_m': -0.42808408217129046, 'y_m': 0.47740646358930844, 'heading_rad': 3.119263327414945}
[map] navigate label=bin_docking distance_m=3.510 heading_error_rad=-0.114
[can] backend=detectnet_native no detections
[tag] no detections
[map] motion direction=forward speed=0.2 effective_seconds=0.06080770492553711 pose={'x_m': -0.42803995749824547, 'y_m': 0.4754307058368069, 'heading_rad': 3.119263327414945}
[map] navigate label=bin_docking distance_m=3.508 heading_error_rad=-0.114
[can] backend=detectnet_native no detections
[tag] no detections
[map] motion direction=forward speed=0.2 effective_seconds=0.059858083724975586 pose={'x_m': -0.427996521910984, 'y_m': 0.47348580307959337, 'heading_rad': 3.119263327414945}
[map] navigate label=bin_docking distance_m=3.506 heading_error_rad=-0.114
[can] backend=detectnet_native no detections
[tag] no detections
[map] motion direction=forward speed=0.2 effective_seconds=0.06133890151977539 pose={'x_m': -0.4279520117789569, 'y_m': 0.47149278574147757, 'heading_rad': 3.119263327414945}
[map] navigate label=bin_docking distance_m=3.504 heading_error_rad=-0.114
[can] backend=detectnet_native no detections
[tag] no detections
[map] motion direction=forward speed=0.2 effective_seconds=0.06068778038024902 pose={'x_m': -0.42790797412829434, 'y_m': 0.469520924565082, 'heading_rad': 3.119263327414945}
[map] navigate label=bin_docking distance_m=3.502 heading_error_rad=-0.115
[can] backend=detectnet_native no detections
[tag] no detections
[map] motion direction=forward speed=0.2 effective_seconds=0.06183743476867676 pose={'x_m': -0.4278631022392064, 'y_m': 0.4675117089354404, 'heading_rad': 3.119263327414945}
[map] navigate label=bin_docking distance_m=3.500 heading_error_rad=-0.115
[can] backend=detectnet_native no detections
[tag] backend=pupil_apriltags id=0 center=(146.9,119.5) error_x=-0.041 yaw_deg=5.01 height=9.5px height_norm=0.040 margin=29.82 distance=1.5199506283322608
[map] motion direction=forward speed=0.2 effective_seconds=0.08452630043029785 pose={'x_m': -0.4278017663381926, 'y_m': 0.4647652889945803, 'heading_rad': 3.119263327414945}
[base] continuous stop label=map_forward_bin_docking elapsed=0.085s
[base] stop
[fsm] MAP_NAVIGATING --TARGET_FOUND--> ALIGNING
[can] backend=detectnet_native no detections
[tag] no detections
[base] stop
[can] backend=detectnet_native no detections
[tag] no detections
[base] stop
[can] backend=detectnet_native no detections
[tag] no detections
[base] stop
[can] backend=detectnet_native detections=1 best_confidence=0.202
[depth] map_can_0_depth mean=4.209 min=3.719 max=4.535
[map] can added id=13 position={'x_m': -0.3880673059283416, 'y_m': 0.04578917430518109}
[tag] no detections
[base] stop
[can] backend=detectnet_native detections=1 best_confidence=0.203
[depth] map_can_0_depth mean=4.248 min=3.837 max=4.517
[map] can merged id=13 position={'x_m': -0.38617918475804114, 'y_m': 0.0439971984923338} observations=2
[tag] no detections
[base] stop
[can] backend=detectnet_native no detections
[tag] no detections
[base] stop
[can] backend=detectnet_native no detections
[tag] no detections
[base] stop
[can] backend=detectnet_native no detections
[tag] no detections
[base] stop
[fsm] ALIGNING --TARGET_MISSING--> SEARCHING reason=alignment target lost
[can] backend=detectnet_native no detections
[tag] no detections
[base] continuous start label=search_bin_routine_2_step_0 direction=forward requested_speed=0.6 effective_speed=0.6
[can] backend=detectnet_native no detections
[tag] no detections
[map] motion direction=forward speed=0.6 effective_seconds=0.06359195709228516 pose={'x_m': -0.42765445715424755, 'y_m': 0.45816926817200293, 'heading_rad': 3.119263327414945}
[can] backend=detectnet_native no detections
[tag] no detections
[map] motion direction=forward speed=0.6 effective_seconds=0.060546875 pose={'x_m': -0.4275142018270883, 'y_m': 0.45188909585929327, 'heading_rad': 3.119263327414945}
[can] backend=detectnet_native no detections
[tag] backend=pupil_apriltags id=0 center=(147.7,119.8) error_x=-0.038 yaw_deg=-32.36 height=10.0px height_norm=0.042 margin=27.24 distance=1.2764383346199009
[map] motion direction=forward speed=0.6 effective_seconds=0.08272957801818848 pose={'x_m': -0.42732256082116216, 'y_m': 0.443308041836076, 'heading_rad': 3.119263327414945}
[base] continuous stop label=search_bin_routine_2_step_0 elapsed=0.083s
[base] stop
[fsm] SEARCHING --TARGET_FOUND--> ALIGNING
[can] backend=detectnet_native no detections
[tag] backend=pupil_apriltags id=0 center=(147.9,119.6) error_x=-0.038 yaw_deg=31.4 height=9.4px height_norm=0.039 margin=28.32 distance=1.2980743742989442
[base] stop
[fsm] ALIGNING --TARGET_ALIGNED--> APPROACHING
[can] backend=detectnet_native no detections
[tag] no detections
[base] stop
[can] backend=detectnet_native detections=1 best_confidence=0.242
[depth] map_can_0_depth mean=4.187 min=3.181 max=4.637
[map] can added id=14 position={'x_m': -0.3877398028767202, 'y_m': 0.02649842032750821}
[tag] no detections
[base] stop
[can] backend=detectnet_native detections=1 best_confidence=0.268
[depth] map_can_0_depth mean=4.187 min=3.690 max=4.616
[map] can merged id=14 position={'x_m': -0.3869921939769222, 'y_m': 0.026552371977918487} observations=2
[tag] backend=pupil_apriltags id=0 center=(148.9,119.9) error_x=-0.035 yaw_deg=-32.99 height=10.0px height_norm=0.042 margin=29.31 distance=1.2757851019931508
[approach] target=bin mode=bbox_height bbox=0.042/0.22 bbox_ok=False depth_raw=n/a/0.22 depth_ok=False error_x=-0.035
[base] continuous start label=approach_bin_forward direction=forward requested_speed=0.6 effective_speed=0.6
[can] backend=detectnet_native no detections
[tag] backend=pupil_apriltags id=0 center=(148.9,119.9) error_x=-0.035 yaw_deg=-33.17 height=10.0px height_norm=0.042 margin=28.83 distance=1.274520886911471
[approach] target=bin mode=bbox_height bbox=0.042/0.22 bbox_ok=False depth_raw=n/a/0.22 depth_ok=False error_x=-0.035
[can] backend=detectnet_native detections=1 best_confidence=0.209
[depth] map_can_0_depth mean=4.350 min=3.839 max=4.873
[map] can added id=15 position={'x_m': -0.3859774569297229, 'y_m': 0.01029340360344233}
[tag] backend=pupil_apriltags id=0 center=(148.9,120.0) error_x=-0.035 yaw_deg=-32.84 height=10.3px height_norm=0.043 margin=28.81 distance=1.2541916738954737
[approach] target=bin mode=bbox_height bbox=0.043/0.22 bbox_ok=False depth_raw=n/a/0.22 depth_ok=False error_x=-0.035
[can] backend=detectnet_native no detections
[tag] backend=pupil_apriltags id=0 center=(148.8,120.2) error_x=-0.035 yaw_deg=-36.39 height=10.7px height_norm=0.044 margin=27.00 distance=1.2087805569633627
[approach] target=bin mode=bbox_height bbox=0.044/0.22 bbox_ok=False depth_raw=n/a/0.22 depth_ok=False error_x=-0.035
[can] backend=detectnet_native no detections
[tag] no detections
[map] motion direction=forward speed=0.6 effective_seconds=0.3000180721282959 pose={'x_m': -0.42662757643328025, 'y_m': 0.4121889264417199, 'heading_rad': 3.119263327414945}
[base] continuous stop label=approach_bin_forward elapsed=0.300s
[base] stop
[can] backend=detectnet_native no detections
[tag] backend=pupil_apriltags id=0 center=(149.9,121.0) error_x=-0.032 yaw_deg=-37.18 height=10.6px height_norm=0.044 margin=25.85 distance=1.1760862142599375
[approach] target=bin mode=bbox_height bbox=0.044/0.22 bbox_ok=False depth_raw=n/a/0.22 depth_ok=False error_x=-0.032
[base] continuous start label=approach_bin_forward direction=forward requested_speed=0.6 effective_speed=0.6
[can] backend=detectnet_native no detections
[tag] no detections
[map] motion direction=forward speed=0.6 effective_seconds=0.0764625072479248 pose={'x_m': -0.42645045294062317, 'y_m': 0.40425791892103813, 'heading_rad': 3.119263327414945}
[base] continuous stop label=approach_bin_forward elapsed=0.076s
[base] stop
[can] backend=detectnet_native detections=1 best_confidence=0.215
[depth] map_can_0_depth mean=4.339 min=3.800 max=4.778
[map] can added id=16 position={'x_m': -0.39006957558884126, 'y_m': -0.02811708509569616}
[tag] no detections
[base] stop
[can] backend=detectnet_native no detections
[tag] no detections
[base] stop
[can] backend=detectnet_native no detections
[tag] no detections
[base] stop
[can] backend=detectnet_native no detections
[tag] no detections
[base] stop
[fsm] APPROACHING --TARGET_MISSING--> SEARCHING reason=approach target lost
[can] backend=detectnet_native no detections
[tag] no detections
[base] continuous start label=search_bin_routine_2_step_0 direction=forward requested_speed=0.6 effective_speed=0.6
[can] backend=detectnet_native no detections
[tag] no detections
[map] motion direction=forward speed=0.6 effective_seconds=0.06331038475036621 pose={'x_m': -0.4263037960119916, 'y_m': 0.39769110394642143, 'heading_rad': 3.119263327414945}
[can] backend=detectnet_native no detections
[tag] no detections
[map] motion direction=forward speed=0.6 effective_seconds=0.05867624282836914 pose={'x_m': -0.42616787395764333, 'y_m': 0.3916049613399772, 'heading_rad': 3.119263327414945}
[can] backend=detectnet_native no detections
[tag] no detections
[map] motion direction=forward speed=0.6 effective_seconds=0.061804771423339844 pose={'x_m': -0.42602470474476517, 'y_m': 0.38519431480725014, 'heading_rad': 3.119263327414945}
[can] backend=detectnet_native no detections
[tag] no detections
[map] motion direction=forward speed=0.6 effective_seconds=0.0633082389831543 pose={'x_m': -0.4258780527867499, 'y_m': 0.3786277224004841, 'heading_rad': 3.119263327414945}
[can] backend=detectnet_native no detections
[tag] backend=pupil_apriltags id=0 center=(150.5,121.6) error_x=-0.030 yaw_deg=-42.08 height=11.6px height_norm=0.048 margin=23.85 distance=1.0862420852144943
[map] motion direction=forward speed=0.6 effective_seconds=0.08283329010009766 pose={'x_m': -0.4256861715343704, 'y_m': 0.3700359109311509, 'heading_rad': 3.119263327414945}
[base] continuous stop label=search_bin_routine_2_step_0 elapsed=0.083s
[base] stop
[fsm] SEARCHING --TARGET_FOUND--> ALIGNING
[can] backend=detectnet_native detections=1 best_confidence=0.241
[depth] map_can_0_depth mean=4.094 min=3.725 max=4.369
[map] can merged id=16 position={'x_m': -0.3902957223720992, 'y_m': -0.03300489219914246} observations=2
[tag] no detections
[base] stop
[can] backend=detectnet_native detections=1 best_confidence=0.277
[depth] map_can_0_depth mean=4.186 min=3.773 max=4.517
[map] can added id=17 position={'x_m': -0.39186930172049744, 'y_m': -0.04718301232778144}
[tag] no detections
[base] stop
[can] backend=detectnet_native detections=1 best_confidence=0.259
[depth] map_can_0_depth mean=4.204 min=3.772 max=4.510
[map] can merged id=17 position={'x_m': -0.39166230114655765, 'y_m': -0.048073909105422585} observations=2
[tag] no detections
[base] stop
[can] backend=detectnet_native detections=1 best_confidence=0.348
[depth] map_can_0_depth mean=4.186 min=3.766 max=4.498
[map] can merged id=17 position={'x_m': -0.3918366965215485, 'y_m': -0.04780143947193827} observations=3
[tag] no detections
[base] stop
[can] backend=detectnet_native detections=1 best_confidence=0.247
[depth] map_can_0_depth mean=4.104 min=3.746 max=4.392
[map] can merged id=16 position={'x_m': -0.3911456961712609, 'y_m': -0.03501440660842373} observations=3
[tag] no detections
[base] stop
[can] backend=detectnet_native detections=1 best_confidence=0.252
[depth] map_can_0_depth mean=4.122 min=3.726 max=4.395
[map] can merged id=16 position={'x_m': -0.39137644402241956, 'y_m': -0.036463187201880576} observations=4
[tag] no detections
[base] stop
[can] backend=detectnet_native detections=1 best_confidence=0.317
[depth] map_can_0_depth mean=4.219 min=3.820 max=4.484
[map] can merged id=17 position={'x_m': -0.3915771366606572, 'y_m': -0.04844655703820304} observations=4
[tag] no detections
[base] stop
[can] backend=detectnet_native detections=1 best_confidence=0.352
[depth] map_can_0_depth mean=4.143 min=3.773 max=4.424
[map] can merged id=17 position={'x_m': -0.39166286491060276, 'y_m': -0.04733266990403582} observations=5
[tag] no detections
[base] stop
[fsm] ALIGNING --TARGET_MISSING--> SEARCHING reason=alignment target lost
[can] backend=detectnet_native detections=1 best_confidence=0.241
[depth] map_can_0_depth mean=4.126 min=3.749 max=4.420
[map] can merged id=16 position={'x_m': -0.39151986770442326, 'y_m': -0.03740099050398199} observations=5
[tag] no detections
[base] continuous start label=search_bin_routine_2_step_0 direction=forward requested_speed=0.6 effective_speed=0.6
[can] backend=detectnet_native detections=1 best_confidence=0.259
[depth] map_can_0_depth mean=4.238 min=3.806 max=4.532
[map] can merged id=17 position={'x_m': -0.391663473046385, 'y_m': -0.04817173707256887} observations=6
[tag] no detections
[map] motion direction=forward speed=0.6 effective_seconds=0.08954119682312012 pose={'x_m': -0.4254787515832225, 'y_m': 0.36074832763084935, 'heading_rad': 3.119263327414945}
[can] backend=detectnet_native detections=1 best_confidence=0.280
[depth] map_can_0_depth mean=4.151 min=3.749 max=4.449
[map] can merged id=17 position={'x_m': -0.3916727130546027, 'y_m': -0.04886511724523982} observations=7
[tag] no detections
[map] motion direction=forward speed=0.6 effective_seconds=0.09361600875854492 pose={'x_m': -0.4252618924317672, 'y_m': 0.35103808798211766, 'heading_rad': 3.119263327414945}
[can] backend=detectnet_native detections=1 best_confidence=0.313
[depth] map_can_0_depth mean=4.082 min=3.707 max=4.377
[map] can merged id=17 position={'x_m': -0.39169751999513763, 'y_m': -0.049726540644433284} observations=8
[tag] no detections
[map] motion direction=forward speed=0.6 effective_seconds=0.0927438735961914 pose={'x_m': -0.4250470535596826, 'y_m': 0.3414183097998044, 'heading_rad': 3.119263327414945}
[can] backend=detectnet_native detections=1 best_confidence=0.315
[depth] map_can_0_depth mean=3.992 min=3.675 max=4.184
[map] can merged id=17 position={'x_m': -0.39180236915560557, 'y_m': -0.050478857994360075} observations=9
[tag] no detections
[map] motion direction=forward speed=0.6 effective_seconds=0.09267830848693848 pose={'x_m': -0.4248323665675397, 'y_m': 0.33180533230181736, 'heading_rad': 3.119263327414945}
[can] backend=detectnet_native no detections
[tag] backend=pupil_apriltags id=0 center=(153.4,123.0) error_x=-0.020 yaw_deg=-39.71 height=12.4px height_norm=0.052 margin=23.99 distance=1.0301792337769704
[map] motion direction=forward speed=0.6 effective_seconds=0.08430266380310059 pose={'x_m': -0.4246370815475928, 'y_m': 0.3230611113142948, 'heading_rad': 3.119263327414945}
[base] continuous stop label=search_bin_routine_2_step_0 elapsed=0.084s
[base] stop
[fsm] SEARCHING --TARGET_FOUND--> ALIGNING
[can] backend=detectnet_native detections=1 best_confidence=0.248
[depth] map_can_0_depth mean=4.036 min=3.686 max=4.389
[map] can added id=18 position={'x_m': -0.3940904386702417, 'y_m': -0.0793540278154165}
[tag] backend=pupil_apriltags id=0 center=(153.5,123.0) error_x=-0.020 yaw_deg=-40.53 height=12.4px height_norm=0.052 margin=23.14 distance=1.023017984223365
[base] stop
[fsm] ALIGNING --TARGET_ALIGNED--> APPROACHING
[can] backend=detectnet_native detections=1 best_confidence=0.215
[depth] map_can_0_depth mean=4.143 min=3.782 max=4.441
[map] can added id=19 position={'x_m': -0.39332822924768207, 'y_m': -0.09009498570471325}
[tag] no detections
[base] stop
[can] backend=detectnet_native detections=1 best_confidence=0.296
[depth] map_can_0_depth mean=3.933 min=3.671 max=4.157
[map] can added id=20 position={'x_m': -0.3929145695465162, 'y_m': -0.0689407641422694}
[tag] no detections
[base] stop
[can] backend=detectnet_native detections=1 best_confidence=0.328
[depth] map_can_0_depth mean=3.969 min=3.696 max=4.188
[map] can merged id=20 position={'x_m': -0.393249405040909, 'y_m': -0.07077863582504945} observations=2
[tag] no detections
[base] stop
[can] backend=detectnet_native detections=1 best_confidence=0.334
[depth] map_can_0_depth mean=3.981 min=3.662 max=4.276
[map] can merged id=20 position={'x_m': -0.3931099877711286, 'y_m': -0.07177140413578903} observations=3
[tag] no detections
[base] stop
[can] backend=detectnet_native detections=1 best_confidence=0.255
[depth] map_can_0_depth mean=3.944 min=3.645 max=4.230
[map] can merged id=20 position={'x_m': -0.39312571968629934, 'y_m': -0.071359586592739} observations=4
[tag] no detections
[base] stop
[fsm] APPROACHING --TARGET_MISSING--> SEARCHING reason=approach target lost
[can] backend=detectnet_native detections=1 best_confidence=0.271
[depth] map_can_0_depth mean=3.949 min=3.678 max=4.158
[map] can merged id=20 position={'x_m': -0.3928460458029675, 'y_m': -0.0711814155636752} observations=5
[tag] no detections
[base] continuous start label=search_bin_routine_2_step_0 direction=forward requested_speed=0.6 effective_speed=0.6
[can] backend=detectnet_native detections=1 best_confidence=0.332
[depth] map_can_0_depth mean=3.946 min=3.675 max=4.178
[map] can merged id=20 position={'x_m': -0.3929653411148779, 'y_m': -0.07103839432383251} observations=6
[tag] no detections
[map] motion direction=forward speed=0.6 effective_seconds=0.08435678482055664 pose={'x_m': -0.4244416711576576, 'y_m': 0.3143112766709831, 'heading_rad': 3.119263327414945}
[can] backend=detectnet_native detections=1 best_confidence=0.345
[depth] map_can_0_depth mean=3.978 min=3.653 max=4.284
[map] can merged id=18 position={'x_m': -0.3934507724533428, 'y_m': -0.0807911662664996} observations=2
[tag] no detections
[map] motion direction=forward speed=0.6 effective_seconds=0.09001421928405762 pose={'x_m': -0.42423315546176626, 'y_m': 0.30497462952448845, 'heading_rad': 3.119263327414945}
[can] backend=detectnet_native detections=1 best_confidence=0.309
[depth] map_can_0_depth mean=3.909 min=3.674 max=4.077
[map] can merged id=18 position={'x_m': -0.3941137651695698, 'y_m': -0.08216337512889725} observations=3
[tag] no detections
[map] motion direction=forward speed=0.6 effective_seconds=0.0866701602935791 pose={'x_m': -0.42403238619519523, 'y_m': 0.2959848420083888, 'heading_rad': 3.119263327414945}
[can] backend=detectnet_native detections=1 best_confidence=0.262
[depth] map_can_0_depth mean=3.893 min=3.592 max=4.054
[map] can merged id=19 position={'x_m': -0.39414440167733156, 'y_m': -0.09117822173185766} observations=2
[tag] no detections
[map] motion direction=forward speed=0.6 effective_seconds=0.08947110176086426 pose={'x_m': -0.42382512861751237, 'y_m': 0.28670452925787593, 'heading_rad': 3.119263327414945}
[can] backend=detectnet_native no detections
[tag] no detections
[map] motion direction=forward speed=0.6 effective_seconds=0.06276607513427734 pose={'x_m': -0.42367973256854274, 'y_m': 0.2801941723280469, 'heading_rad': 3.119263327414945}
[can] backend=detectnet_native no detections
[tag] backend=pupil_apriltags id=0 center=(156.8,124.4) error_x=-0.010 yaw_deg=-37.29 height=13.1px height_norm=0.055 margin=19.86 distance=0.9656973476691751
[map] motion direction=forward speed=0.6 effective_seconds=0.08093094825744629 pose={'x_m': -0.42349225804363694, 'y_m': 0.2717996796232169, 'heading_rad': 3.119263327414945}
[base] continuous stop label=search_bin_routine_2_step_0 elapsed=0.081s
[base] stop
[fsm] SEARCHING --TARGET_FOUND--> ALIGNING
[can] backend=detectnet_native no detections
[tag] backend=pupil_apriltags id=0 center=(158.0,124.5) error_x=-0.006 yaw_deg=-37.65 height=13.4px height_norm=0.056 margin=28.59 distance=0.9470813615251168
[base] stop
[fsm] ALIGNING --TARGET_ALIGNED--> APPROACHING
[can] backend=detectnet_native no detections
[tag] backend=pupil_apriltags id=0 center=(158.7,124.5) error_x=-0.004 yaw_deg=-37.97 height=13.4px height_norm=0.056 margin=27.52 distance=0.9374097216166191
[approach] target=bin mode=bbox_height bbox=0.056/0.22 bbox_ok=False depth_raw=n/a/0.22 depth_ok=False error_x=-0.004
[base] continuous start label=approach_bin_forward direction=forward requested_speed=0.6 effective_speed=0.6
[can] backend=detectnet_native no detections
[tag] no detections
[map] motion direction=forward speed=0.6 effective_seconds=0.07856988906860352 pose={'x_m': -0.42331025285350643, 'y_m': 0.263650085743412, 'heading_rad': 3.119263327414945}
[base] continuous stop label=approach_bin_forward elapsed=0.079s
[base] stop
[can] backend=detectnet_native no detections
[tag] backend=pupil_apriltags id=0 center=(159.9,124.5) error_x=-0.000 yaw_deg=-38.22 height=13.3px height_norm=0.055 margin=27.84 distance=0.9316774633256277
[approach] target=bin mode=bbox_height bbox=0.055/0.22 bbox_ok=False depth_raw=n/a/0.22 depth_ok=False error_x=-0.000
[base] continuous start label=approach_bin_forward direction=forward requested_speed=0.6 effective_speed=0.6
[can] backend=detectnet_native no detections
[tag] backend=pupil_apriltags id=0 center=(159.9,124.5) error_x=-0.000 yaw_deg=-38.55 height=13.4px height_norm=0.056 margin=29.07 distance=0.9314268952938424
[approach] target=bin mode=bbox_height bbox=0.056/0.22 bbox_ok=False depth_raw=n/a/0.22 depth_ok=False error_x=-0.000
[can] backend=detectnet_native no detections
[tag] backend=pupil_apriltags id=0 center=(159.9,124.6) error_x=-0.000 yaw_deg=-38.36 height=13.3px height_norm=0.056 margin=25.54 distance=0.9300544573912031
[approach] target=bin mode=bbox_height bbox=0.056/0.22 bbox_ok=False depth_raw=n/a/0.22 depth_ok=False error_x=-0.000
[can] backend=detectnet_native no detections
[tag] no detections
[map] motion direction=forward speed=0.6 effective_seconds=0.2083725929260254 pose={'x_m': -0.4228275629344667, 'y_m': 0.24203681852158512, 'heading_rad': 3.119263327414945}
[base] continuous stop label=approach_bin_forward elapsed=0.208s
[base] stop
[can] backend=detectnet_native no detections
[tag] backend=pupil_apriltags id=0 center=(161.5,125.0) error_x=0.005 yaw_deg=-39.63 height=14.5px height_norm=0.060 margin=31.11 distance=0.8723522550446116
[approach] target=bin mode=bbox_height bbox=0.060/0.22 bbox_ok=False depth_raw=n/a/0.22 depth_ok=False error_x=0.005
[base] continuous start label=approach_bin_forward direction=forward requested_speed=0.6 effective_speed=0.6
[can] backend=detectnet_native no detections
[tag] no detections
[map] motion direction=forward speed=0.6 effective_seconds=0.08144521713256836 pose={'x_m': -0.42263889711852687, 'y_m': 0.23358898372187692, 'heading_rad': 3.119263327414945}
[base] continuous stop label=approach_bin_forward elapsed=0.081s
[base] stop
[can] backend=detectnet_native no detections
[tag] backend=pupil_apriltags id=0 center=(162.2,125.1) error_x=0.007 yaw_deg=-40.18 height=14.6px height_norm=0.061 margin=32.47 distance=0.8547724079560243
[approach] target=bin mode=bbox_height bbox=0.061/0.22 bbox_ok=False depth_raw=n/a/0.22 depth_ok=False error_x=0.007
[base] continuous start label=approach_bin_forward direction=forward requested_speed=0.6 effective_speed=0.6
[can] backend=detectnet_native no detections
[tag] no detections
[map] motion direction=forward speed=0.6 effective_seconds=0.07909297943115234 pose={'x_m': -0.42245568020260654, 'y_m': 0.2253851327460299, 'heading_rad': 3.119263327414945}
[base] continuous stop label=approach_bin_forward elapsed=0.079s
[base] stop
[can] backend=detectnet_native no detections
[tag] backend=pupil_apriltags id=0 center=(162.4,125.4) error_x=0.008 yaw_deg=39.14 height=15.1px height_norm=0.063 margin=29.77 distance=0.8659550823300933
[approach] target=bin mode=bbox_height bbox=0.063/0.22 bbox_ok=False depth_raw=n/a/0.22 depth_ok=False error_x=0.008
[base] continuous start label=approach_bin_forward direction=forward requested_speed=0.6 effective_speed=0.6
[can] backend=detectnet_native no detections
[tag] backend=pupil_apriltags id=0 center=(163.5,125.8) error_x=0.011 yaw_deg=-35.59 height=14.8px height_norm=0.062 margin=28.86 distance=0.8732673544240591
[approach] target=bin mode=bbox_height bbox=0.062/0.22 bbox_ok=False depth_raw=n/a/0.22 depth_ok=False error_x=0.011
[can] backend=detectnet_native no detections
[tag] backend=pupil_apriltags id=0 center=(163.5,125.6) error_x=0.011 yaw_deg=-36.24 height=15.0px height_norm=0.063 margin=28.62 distance=0.8694605013556188
[approach] target=bin mode=bbox_height bbox=0.063/0.22 bbox_ok=False depth_raw=n/a/0.22 depth_ok=False error_x=0.011
[can] backend=detectnet_native no detections
[tag] backend=pupil_apriltags id=0 center=(163.5,126.5) error_x=0.011 yaw_deg=-38.88 height=15.4px height_norm=0.064 margin=32.42 distance=0.8462244780003955
[approach] target=bin mode=bbox_height bbox=0.064/0.22 bbox_ok=False depth_raw=n/a/0.22 depth_ok=False error_x=0.011
[can] backend=detectnet_native no detections
[tag] backend=pupil_apriltags id=0 center=(163.5,125.5) error_x=0.011 yaw_deg=-38.85 height=15.5px height_norm=0.064 margin=28.68 distance=0.8436651504912986
[approach] target=bin mode=bbox_height bbox=0.064/0.22 bbox_ok=False depth_raw=n/a/0.22 depth_ok=False error_x=0.011
[can] backend=detectnet_native no detections
[tag] backend=pupil_apriltags id=0 center=(163.5,126.5) error_x=0.011 yaw_deg=-39.46 height=15.4px height_norm=0.064 margin=30.40 distance=0.8250046008939249
[approach] target=bin mode=bbox_height bbox=0.064/0.22 bbox_ok=False depth_raw=n/a/0.22 depth_ok=False error_x=0.011
[can] backend=detectnet_native no detections
[tag] backend=pupil_apriltags id=0 center=(164.0,126.6) error_x=0.013 yaw_deg=38.13 height=15.5px height_norm=0.064 margin=27.88 distance=0.828110189720343
[approach] target=bin mode=bbox_height bbox=0.064/0.22 bbox_ok=False depth_raw=n/a/0.22 depth_ok=False error_x=0.013
[can] backend=detectnet_native no detections
[tag] backend=pupil_apriltags id=0 center=(164.7,127.3) error_x=0.015 yaw_deg=-36.42 height=15.8px height_norm=0.066 margin=35.35 distance=0.8104666483445
[approach] target=bin mode=bbox_height bbox=0.066/0.22 bbox_ok=False depth_raw=n/a/0.22 depth_ok=False error_x=0.015
[can] backend=detectnet_native no detections
[tag] backend=pupil_apriltags id=0 center=(164.9,127.6) error_x=0.015 yaw_deg=-34.81 height=15.5px height_norm=0.065 margin=34.13 distance=0.8258116352180035
[approach] target=bin mode=bbox_height bbox=0.065/0.22 bbox_ok=False depth_raw=n/a/0.22 depth_ok=False error_x=0.015
[can] backend=detectnet_native detections=1 best_confidence=0.250
[depth] map_can_0_depth mean=3.491 min=3.271 max=3.693
[map] can added id=21 position={'x_m': -0.3981711536372443, 'y_m': -0.1228310374593275}
[tag] backend=pupil_apriltags id=0 center=(165.0,127.9) error_x=0.016 yaw_deg=-38.74 height=16.2px height_norm=0.067 margin=34.47 distance=0.7892381845427134
[approach] target=bin mode=bbox_height bbox=0.067/0.22 bbox_ok=False depth_raw=n/a/0.22 depth_ok=False error_x=0.016
[can] backend=detectnet_native detections=1 best_confidence=0.276
[depth] map_can_0_depth mean=3.402 min=3.118 max=3.699
[map] can merged id=21 position={'x_m': -0.39960815751007506, 'y_m': -0.11847736227425756} observations=2
[tag] backend=pupil_apriltags id=0 center=(166.3,128.0) error_x=0.020 yaw_deg=-36.72 height=16.3px height_norm=0.068 margin=30.43 distance=0.7573587924496843
[approach] target=bin mode=bbox_height bbox=0.068/0.22 bbox_ok=False depth_raw=n/a/0.22 depth_ok=False error_x=0.020
[can] backend=detectnet_native detections=1 best_confidence=0.321
[depth] map_can_0_depth mean=3.295 min=2.998 max=3.573
[map] can added id=22 position={'x_m': -0.4036122989913301, 'y_m': -0.10352741222007134}
[tag] backend=pupil_apriltags id=0 center=(167.1,128.4) error_x=0.022 yaw_deg=-39.56 height=17.6px height_norm=0.073 margin=34.57 distance=0.731702440792605
[approach] target=bin mode=bbox_height bbox=0.073/0.22 bbox_ok=False depth_raw=n/a/0.22 depth_ok=False error_x=0.022
[can] backend=detectnet_native no detections
[tag] backend=pupil_apriltags id=0 center=(168.3,129.5) error_x=0.026 yaw_deg=-38.37 height=17.6px height_norm=0.073 margin=35.82 distance=0.7237995841645708
[approach] target=bin mode=bbox_height bbox=0.073/0.22 bbox_ok=False depth_raw=n/a/0.22 depth_ok=False error_x=0.026
[can] backend=detectnet_native no detections
[tag] backend=pupil_apriltags id=0 center=(168.4,129.7) error_x=0.026 yaw_deg=-36.95 height=17.7px height_norm=0.074 margin=35.45 distance=0.7279210328146336
[approach] target=bin mode=bbox_height bbox=0.074/0.22 bbox_ok=False depth_raw=n/a/0.22 depth_ok=False error_x=0.026
[can] backend=detectnet_native no detections
[tag] backend=pupil_apriltags id=0 center=(168.9,130.2) error_x=0.028 yaw_deg=-37.21 height=18.0px height_norm=0.075 margin=36.03 distance=0.7078887153236336
[approach] target=bin mode=bbox_height bbox=0.075/0.22 bbox_ok=False depth_raw=n/a/0.22 depth_ok=False error_x=0.028
[can] backend=detectnet_native no detections
[tag] backend=pupil_apriltags id=0 center=(169.5,130.3) error_x=0.030 yaw_deg=-35.79 height=18.1px height_norm=0.076 margin=37.54 distance=0.7185918963183249
[approach] target=bin mode=bbox_height bbox=0.076/0.22 bbox_ok=False depth_raw=n/a/0.22 depth_ok=False error_x=0.030
[can] backend=detectnet_native no detections
[tag] backend=pupil_apriltags id=0 center=(169.9,131.4) error_x=0.031 yaw_deg=-40.54 height=19.2px height_norm=0.080 margin=36.74 distance=0.6743696419472447
[approach] target=bin mode=bbox_height bbox=0.080/0.22 bbox_ok=False depth_raw=n/a/0.22 depth_ok=False error_x=0.031
[can] backend=detectnet_native no detections
[tag] backend=pupil_apriltags id=0 center=(170.9,132.1) error_x=0.034 yaw_deg=-35.86 height=18.6px height_norm=0.077 margin=39.46 distance=0.6847156418690699
[approach] target=bin mode=bbox_height bbox=0.077/0.22 bbox_ok=False depth_raw=n/a/0.22 depth_ok=False error_x=0.034
[can] backend=detectnet_native no detections
[tag] backend=pupil_apriltags id=0 center=(172.0,132.2) error_x=0.038 yaw_deg=-37.37 height=19.0px height_norm=0.079 margin=33.66 distance=0.6690646298073623
[approach] target=bin mode=bbox_height bbox=0.079/0.22 bbox_ok=False depth_raw=n/a/0.22 depth_ok=False error_x=0.038
[can] backend=detectnet_native no detections
[tag] backend=pupil_apriltags id=0 center=(172.4,132.8) error_x=0.039 yaw_deg=-37.9 height=20.3px height_norm=0.085 margin=37.18 distance=0.6478753396147533
[approach] target=bin mode=bbox_height bbox=0.085/0.22 bbox_ok=False depth_raw=n/a/0.22 depth_ok=False error_x=0.039
[can] backend=detectnet_native no detections
[tag] backend=pupil_apriltags id=0 center=(173.2,133.6) error_x=0.041 yaw_deg=-37.11 height=19.5px height_norm=0.081 margin=38.07 distance=0.6527348026650096
[approach] target=bin mode=bbox_height bbox=0.081/0.22 bbox_ok=False depth_raw=n/a/0.22 depth_ok=False error_x=0.041
[can] backend=detectnet_native no detections
[tag] backend=pupil_apriltags id=0 center=(174.5,133.8) error_x=0.045 yaw_deg=-35.69 height=19.8px height_norm=0.083 margin=39.37 distance=0.6443486626442891
[approach] target=bin mode=bbox_height bbox=0.083/0.22 bbox_ok=False depth_raw=n/a/0.22 depth_ok=False error_x=0.045
[can] backend=detectnet_native no detections
[tag] backend=pupil_apriltags id=0 center=(175.0,134.4) error_x=0.047 yaw_deg=-39.09 height=21.1px height_norm=0.088 margin=38.57 distance=0.6103999096271354
[approach] target=bin mode=bbox_height bbox=0.088/0.22 bbox_ok=False depth_raw=n/a/0.22 depth_ok=False error_x=0.047
[can] backend=detectnet_native no detections
[tag] backend=pupil_apriltags id=0 center=(176.0,135.3) error_x=0.050 yaw_deg=-38.23 height=21.0px height_norm=0.088 margin=39.59 distance=0.6054750017412407
[approach] target=bin mode=bbox_height bbox=0.088/0.22 bbox_ok=False depth_raw=n/a/0.22 depth_ok=False error_x=0.050
[can] backend=detectnet_native no detections
[tag] backend=pupil_apriltags id=0 center=(177.1,135.6) error_x=0.054 yaw_deg=-37.71 height=21.3px height_norm=0.089 margin=39.02 distance=0.5962110942636967
[approach] target=bin mode=bbox_height bbox=0.089/0.22 bbox_ok=False depth_raw=n/a/0.22 depth_ok=False error_x=0.054
[can] backend=detectnet_native no detections
[tag] backend=pupil_apriltags id=0 center=(177.4,136.0) error_x=0.054 yaw_deg=-39.21 height=22.7px height_norm=0.095 margin=38.26 distance=0.5774051351336422
[approach] target=bin mode=bbox_height bbox=0.095/0.22 bbox_ok=False depth_raw=n/a/0.22 depth_ok=False error_x=0.054
[can] backend=detectnet_native no detections
[tag] backend=pupil_apriltags id=0 center=(177.9,136.8) error_x=0.056 yaw_deg=-39.73 height=23.0px height_norm=0.096 margin=39.12 distance=0.567128764694223
[approach] target=bin mode=bbox_height bbox=0.096/0.22 bbox_ok=False depth_raw=n/a/0.22 depth_ok=False error_x=0.056
[can] backend=detectnet_native no detections
[tag] backend=pupil_apriltags id=0 center=(178.5,137.8) error_x=0.058 yaw_deg=-39.18 height=23.3px height_norm=0.097 margin=40.17 distance=0.5607441267104568
[approach] target=bin mode=bbox_height bbox=0.097/0.22 bbox_ok=False depth_raw=n/a/0.22 depth_ok=False error_x=0.058
[can] backend=detectnet_native no detections
[tag] backend=pupil_apriltags id=0 center=(179.6,138.8) error_x=0.061 yaw_deg=-39.88 height=24.3px height_norm=0.101 margin=39.93 distance=0.5422272123975234
[approach] target=bin mode=bbox_height bbox=0.101/0.22 bbox_ok=False depth_raw=n/a/0.22 depth_ok=False error_x=0.061
[can] backend=detectnet_native no detections
[tag] backend=pupil_apriltags id=0 center=(180.2,139.2) error_x=0.063 yaw_deg=-39.65 height=25.0px height_norm=0.104 margin=40.71 distance=0.5295504057266107
[approach] target=bin mode=bbox_height bbox=0.104/0.22 bbox_ok=False depth_raw=n/a/0.22 depth_ok=False error_x=0.063
[can] backend=detectnet_native no detections
[tag] backend=pupil_apriltags id=0 center=(181.2,139.5) error_x=0.066 yaw_deg=-40.9 height=25.8px height_norm=0.107 margin=39.57 distance=0.5132072756676029
[approach] target=bin mode=bbox_height bbox=0.107/0.22 bbox_ok=False depth_raw=n/a/0.22 depth_ok=False error_x=0.066
[can] backend=detectnet_native no detections
[tag] backend=pupil_apriltags id=0 center=(181.9,141.6) error_x=0.068 yaw_deg=-39.69 height=25.5px height_norm=0.106 margin=39.17 distance=0.5087107788243183
[approach] target=bin mode=bbox_height bbox=0.106/0.22 bbox_ok=False depth_raw=n/a/0.22 depth_ok=False error_x=0.068
[can] backend=detectnet_native no detections
[tag] backend=pupil_apriltags id=0 center=(182.5,142.1) error_x=0.070 yaw_deg=-39.73 height=26.9px height_norm=0.112 margin=40.29 distance=0.4926270820198676
[approach] target=bin mode=bbox_height bbox=0.112/0.22 bbox_ok=False depth_raw=n/a/0.22 depth_ok=False error_x=0.070
[can] backend=detectnet_native no detections
[tag] backend=pupil_apriltags id=0 center=(183.9,142.9) error_x=0.075 yaw_deg=-39.1 height=27.2px height_norm=0.113 margin=40.77 distance=0.4887204450629542
[approach] target=bin mode=bbox_height bbox=0.113/0.22 bbox_ok=False depth_raw=n/a/0.22 depth_ok=False error_x=0.075
[can] backend=detectnet_native no detections
[tag] backend=pupil_apriltags id=0 center=(185.3,143.9) error_x=0.079 yaw_deg=-39.24 height=28.0px height_norm=0.117 margin=38.82 distance=0.4740330267949894
[approach] target=bin mode=bbox_height bbox=0.117/0.22 bbox_ok=False depth_raw=n/a/0.22 depth_ok=False error_x=0.079
[can] backend=detectnet_native no detections
[tag] backend=pupil_apriltags id=0 center=(185.9,145.0) error_x=0.081 yaw_deg=-39.8 height=28.9px height_norm=0.121 margin=38.95 distance=0.4615912086954134
[approach] target=bin mode=bbox_height bbox=0.121/0.22 bbox_ok=False depth_raw=n/a/0.22 depth_ok=False error_x=0.081
[can] backend=detectnet_native no detections
[tag] backend=pupil_apriltags id=0 center=(187.3,146.3) error_x=0.085 yaw_deg=-40.94 height=30.0px height_norm=0.125 margin=40.51 distance=0.4436983190643479
[approach] target=bin mode=bbox_height bbox=0.125/0.22 bbox_ok=False depth_raw=n/a/0.22 depth_ok=False error_x=0.085
[can] backend=detectnet_native no detections
[tag] backend=pupil_apriltags id=0 center=(188.4,147.3) error_x=0.089 yaw_deg=-40.6 height=31.0px height_norm=0.129 margin=39.29 distance=0.4361962029403265
[approach] target=bin mode=bbox_height bbox=0.129/0.22 bbox_ok=False depth_raw=n/a/0.22 depth_ok=False error_x=0.089
[can] backend=detectnet_native no detections
[tag] backend=pupil_apriltags id=0 center=(190.2,148.3) error_x=0.094 yaw_deg=-40.76 height=31.5px height_norm=0.131 margin=38.88 distance=0.42611764512855443
[approach] target=bin mode=bbox_height bbox=0.131/0.22 bbox_ok=False depth_raw=n/a/0.22 depth_ok=False error_x=0.094
[can] backend=detectnet_native no detections
[tag] backend=pupil_apriltags id=0 center=(191.2,149.8) error_x=0.098 yaw_deg=-41.41 height=32.7px height_norm=0.136 margin=38.04 distance=0.41315910835680136
[approach] target=bin mode=bbox_height bbox=0.136/0.22 bbox_ok=False depth_raw=n/a/0.22 depth_ok=False error_x=0.098
[can] backend=detectnet_native no detections
[tag] backend=pupil_apriltags id=0 center=(192.8,151.4) error_x=0.102 yaw_deg=-41.23 height=33.7px height_norm=0.141 margin=40.55 distance=0.40238747208884856
[approach] target=bin mode=bbox_height bbox=0.141/0.22 bbox_ok=False depth_raw=n/a/0.22 depth_ok=False error_x=0.102
[map] motion direction=forward speed=0.6 effective_seconds=2.7302820682525635 pose={'x_m': -0.41613104982788024, 'y_m': -0.05781101653380405, 'heading_rad': 3.119263327414945}
[base] continuous stop label=approach_bin_forward elapsed=2.730s
[base] stop
[base] continuous start label=approach_bin_steer direction=right requested_speed=0.15 effective_speed=0.15
[visual-turn] label=approach_bin_steer direction=right speed=0.15
[can] backend=detectnet_native no detections
[tag] backend=pupil_apriltags id=0 center=(195.5,153.7) error_x=0.111 yaw_deg=-41.47 height=35.1px height_norm=0.146 margin=37.77 distance=0.3879250348139111
[approach] target=bin mode=bbox_height bbox=0.146/0.22 bbox_ok=False depth_raw=n/a/0.22 depth_ok=False error_x=0.111
[can] backend=detectnet_native no detections
[tag] backend=pupil_apriltags id=0 center=(197.9,155.2) error_x=0.118 yaw_deg=-41.84 height=36.1px height_norm=0.150 margin=40.17 distance=0.3758209508883682
[approach] target=bin mode=bbox_height bbox=0.150/0.22 bbox_ok=False depth_raw=n/a/0.22 depth_ok=False error_x=0.118
[can] backend=detectnet_native no detections
[tag] backend=pupil_apriltags id=0 center=(198.1,155.7) error_x=0.119 yaw_deg=-42.04 height=36.5px height_norm=0.152 margin=40.20 distance=0.37063551400088346
[approach] target=bin mode=bbox_height bbox=0.152/0.22 bbox_ok=False depth_raw=n/a/0.22 depth_ok=False error_x=0.119
[can] backend=detectnet_native no detections
[tag] backend=pupil_apriltags id=0 center=(197.4,155.7) error_x=0.117 yaw_deg=-41.9 height=36.4px height_norm=0.152 margin=40.10 distance=0.37251051208111713
[approach] target=bin mode=bbox_height bbox=0.152/0.22 bbox_ok=False depth_raw=n/a/0.22 depth_ok=False error_x=0.117
[can] backend=detectnet_native no detections
[tag] backend=pupil_apriltags id=0 center=(196.7,155.6) error_x=0.115 yaw_deg=-41.95 height=36.3px height_norm=0.151 margin=39.15 distance=0.37324495239936595
[approach] target=bin mode=bbox_height bbox=0.151/0.22 bbox_ok=False depth_raw=n/a/0.22 depth_ok=False error_x=0.115
[can] backend=detectnet_native no detections
[tag] backend=pupil_apriltags id=0 center=(194.5,155.6) error_x=0.108 yaw_deg=-42.36 height=36.4px height_norm=0.152 margin=39.00 distance=0.3731313574557467
[approach] target=bin mode=bbox_height bbox=0.152/0.22 bbox_ok=False depth_raw=n/a/0.22 depth_ok=False error_x=0.108
[can] backend=detectnet_native no detections
[tag] backend=pupil_apriltags id=0 center=(192.0,155.6) error_x=0.100 yaw_deg=-42.48 height=36.5px height_norm=0.152 margin=39.68 distance=0.3721069526686865
[approach] target=bin mode=bbox_height bbox=0.152/0.22 bbox_ok=False depth_raw=n/a/0.22 depth_ok=False error_x=0.100
[map] motion direction=right speed=0.15 effective_seconds=0.48398327827453613 pose={'x_m': -0.41613104982788024, 'y_m': -0.05781101653380405, 'heading_rad': -3.07945096245977}
[base] continuous stop label=approach_bin_steer elapsed=0.484s
[base] stop
[base] continuous start label=approach_bin_forward direction=forward requested_speed=0.6 effective_speed=0.6
[can] backend=detectnet_native no detections
[tag] backend=pupil_apriltags id=0 center=(187.7,155.3) error_x=0.086 yaw_deg=-42.5 height=36.7px height_norm=0.153 margin=38.94 distance=0.37244773954873267
[approach] target=bin mode=bbox_height bbox=0.153/0.22 bbox_ok=False depth_raw=n/a/0.22 depth_ok=False error_x=0.086
[can] backend=detectnet_native no detections
[tag] backend=pupil_apriltags id=0 center=(184.8,155.6) error_x=0.078 yaw_deg=-42.64 height=36.8px height_norm=0.153 margin=39.90 distance=0.3725011207788595
[approach] target=bin mode=bbox_height bbox=0.153/0.22 bbox_ok=False depth_raw=n/a/0.22 depth_ok=False error_x=0.078
[can] backend=detectnet_native no detections
[tag] backend=pupil_apriltags id=0 center=(184.1,156.4) error_x=0.075 yaw_deg=-42.62 height=37.9px height_norm=0.158 margin=40.70 distance=0.364263227365375
[approach] target=bin mode=bbox_height bbox=0.158/0.22 bbox_ok=False depth_raw=n/a/0.22 depth_ok=False error_x=0.075
[can] backend=detectnet_native no detections
[tag] backend=pupil_apriltags id=0 center=(183.9,158.1) error_x=0.075 yaw_deg=-43.24 height=39.2px height_norm=0.163 margin=40.65 distance=0.35308382387796045
[approach] target=bin mode=bbox_height bbox=0.163/0.22 bbox_ok=False depth_raw=n/a/0.22 depth_ok=False error_x=0.075
[can] backend=detectnet_native no detections
[tag] backend=pupil_apriltags id=0 center=(185.5,159.6) error_x=0.080 yaw_deg=-43.12 height=40.5px height_norm=0.169 margin=41.01 distance=0.34447225257817016
[approach] target=bin mode=bbox_height bbox=0.169/0.22 bbox_ok=False depth_raw=n/a/0.22 depth_ok=False error_x=0.080
[can] backend=detectnet_native no detections
[tag] backend=pupil_apriltags id=0 center=(186.9,161.4) error_x=0.084 yaw_deg=-43.63 height=42.2px height_norm=0.176 margin=40.24 distance=0.3322299507262942
[approach] target=bin mode=bbox_height bbox=0.176/0.22 bbox_ok=False depth_raw=n/a/0.22 depth_ok=False error_x=0.084
[can] backend=detectnet_native no detections
[tag] backend=pupil_apriltags id=0 center=(188.2,163.8) error_x=0.088 yaw_deg=-43.52 height=43.5px height_norm=0.181 margin=40.47 distance=0.3237519128433924
[approach] target=bin mode=bbox_height bbox=0.181/0.22 bbox_ok=False depth_raw=n/a/0.22 depth_ok=False error_x=0.088
[can] backend=detectnet_native no detections
[tag] backend=pupil_apriltags id=0 center=(189.6,166.1) error_x=0.093 yaw_deg=-43.71 height=45.5px height_norm=0.189 margin=40.23 distance=0.3110819159334882
[approach] target=bin mode=bbox_height bbox=0.189/0.22 bbox_ok=False depth_raw=n/a/0.22 depth_ok=False error_x=0.093
[can] backend=detectnet_native no detections
[tag] backend=pupil_apriltags id=0 center=(191.8,168.7) error_x=0.099 yaw_deg=-44.35 height=47.8px height_norm=0.199 margin=40.34 distance=0.2982549074361419
[approach] target=bin mode=bbox_height bbox=0.199/0.22 bbox_ok=False depth_raw=n/a/0.22 depth_ok=False error_x=0.099
[can] backend=detectnet_native no detections
[tag] backend=pupil_apriltags id=0 center=(194.0,171.5) error_x=0.106 yaw_deg=-44.78 height=49.8px height_norm=0.207 margin=39.16 distance=0.2879015722052751
[approach] target=bin mode=bbox_height bbox=0.207/0.22 bbox_ok=False depth_raw=n/a/0.22 depth_ok=False error_x=0.106
[map] motion direction=forward speed=0.6 effective_seconds=0.6770663261413574 pose={'x_m': -0.42049342327215317, 'y_m': -0.12792106160503272, 'heading_rad': -3.07945096245977}
[base] continuous stop label=approach_bin_forward elapsed=0.677s
[base] stop
[base] continuous start label=approach_bin_steer direction=right requested_speed=0.15 effective_speed=0.15
[visual-turn] label=approach_bin_steer direction=right speed=0.15
[can] backend=detectnet_native no detections
[tag] backend=pupil_apriltags id=0 center=(197.5,176.3) error_x=0.117 yaw_deg=-45.26 height=53.5px height_norm=0.223 margin=40.09 distance=0.27043270669088604
[approach] target=bin mode=bbox_height bbox=0.223/0.22 bbox_ok=True depth_raw=n/a/0.22 depth_ok=False error_x=0.117
[map] motion direction=right speed=0.15 effective_seconds=0.08436965942382812 pose={'x_m': -0.42049342327215317, 'y_m': -0.12792106160503272, 'heading_rad': -3.0647256790024486}
[base] continuous stop label=approach_bin_steer elapsed=0.084s
[base] stop
[fsm] APPROACHING --TARGET_REACHED--> FINAL_VERIFY
[can] backend=detectnet_native no detections
[tag] backend=pupil_apriltags id=0 center=(201.4,180.6) error_x=0.129 yaw_deg=-45.65 height=56.6px height_norm=0.236 margin=39.81 distance=0.2586962320200527
[base] continuous start label=align_bin direction=right requested_speed=0.15 effective_speed=0.15
[visual-turn] label=align_bin direction=right speed=0.15
[can] backend=detectnet_native no detections
[tag] backend=pupil_apriltags id=0 center=(201.2,180.8) error_x=0.129 yaw_deg=-45.54 height=56.7px height_norm=0.236 margin=40.13 distance=0.25819123687501533
[can] backend=detectnet_native no detections
[tag] backend=pupil_apriltags id=0 center=(201.1,180.8) error_x=0.129 yaw_deg=-45.55 height=56.6px height_norm=0.236 margin=40.16 distance=0.2583149047597244
[can] backend=detectnet_native no detections
[tag] backend=pupil_apriltags id=0 center=(200.6,180.7) error_x=0.127 yaw_deg=-45.81 height=56.7px height_norm=0.236 margin=40.89 distance=0.25783845805612304
[can] backend=detectnet_native no detections
[tag] backend=pupil_apriltags id=0 center=(199.0,180.6) error_x=0.122 yaw_deg=-45.79 height=56.4px height_norm=0.235 margin=39.89 distance=0.25886651775973873
[can] backend=detectnet_native no detections
[tag] backend=pupil_apriltags id=0 center=(195.7,180.7) error_x=0.112 yaw_deg=-46.23 height=56.8px height_norm=0.237 margin=39.81 distance=0.2572748074482583
[can] backend=detectnet_native no detections
[tag] backend=pupil_apriltags id=0 center=(192.0,180.4) error_x=0.100 yaw_deg=-46.05 height=56.6px height_norm=0.236 margin=39.12 distance=0.25908820270053845
[can] backend=detectnet_native no detections
[tag] backend=pupil_apriltags id=0 center=(188.0,180.2) error_x=0.088 yaw_deg=-45.98 height=56.7px height_norm=0.236 margin=39.53 distance=0.25904815248606927
[can] backend=detectnet_native no detections
[tag] backend=pupil_apriltags id=0 center=(183.8,179.8) error_x=0.074 yaw_deg=-45.99 height=56.7px height_norm=0.236 margin=38.88 distance=0.25949708276690986
[map] motion direction=right speed=0.15 effective_seconds=0.5426359176635742 pose={'x_m': -0.42049342327215317, 'y_m': -0.12792106160503272, 'heading_rad': -2.97001784497434}
[base] continuous stop label=align_bin elapsed=0.543s
[base] stop
[can] backend=detectnet_native no detections
[tag] backend=pupil_apriltags id=0 center=(180.0,179.6) error_x=0.062 yaw_deg=-45.87 height=56.8px height_norm=0.236 margin=40.32 distance=0.25971832451697036
[base] stop
[fsm] FINAL_VERIFY --SIDE_DOCK_REQUIRED--> BIN_SIDE_DOCKING
[base] stop
[exp2] phase=side_view_pose base_direction=left reference_base_angle_deg=90.00 servo1_fixed=70
[arm] pose side_view_grabbing
[arm] side_view_grabbing servo=5 angle=0 speed=85
[arm] side_view_grabbing servo=4 angle=-55 speed=85
[arm] side_view_grabbing servo=3 angle=45 speed=85
[arm] side_view_grabbing servo=2 angle=60 speed=85
[arm] side_view_grabbing servo=1 angle=70 speed=85
[arm-position] side_view_grabbing waiting for motion to settle servos=[1, 2, 3, 4, 5] stability_delta=3 min_wait=0.5 timeout=10.0 stable_samples=2
[arm-position] side_view_grabbing waiting positions={1: 509, 2: 804, 3: 717, 4: 275, 5: 509} movement={} read_errors=[]
[arm-position] side_view_grabbing waiting positions={1: 522, 2: 804, 3: 717, 4: 275, 5: 508} movement={1: 13, 2: 0, 3: 0, 4: 0, 5: 1} read_errors=[]
[arm-position] side_view_grabbing waiting positions={1: 535, 2: 804, 3: 717, 4: 275, 5: 508} movement={1: 13, 2: 0, 3: 0, 4: 0, 5: 0} read_errors=[]
[arm-position] side_view_grabbing waiting positions={1: 548, 2: 804, 3: 717, 4: 275, 5: 509} movement={1: 13, 2: 0, 3: 0, 4: 0, 5: 1} read_errors=[]
[arm-position] side_view_grabbing waiting positions={1: 560, 2: 804, 3: 717, 4: 275, 5: 508} movement={1: 12, 2: 0, 3: 0, 4: 0, 5: 1} read_errors=[]
[arm-position] side_view_grabbing waiting positions={1: 574, 2: 804, 3: 717, 4: 275, 5: 509} movement={1: 14, 2: 0, 3: 0, 4: 0, 5: 1} read_errors=[]
[arm-position] side_view_grabbing waiting positions={1: 588, 2: 804, 3: 717, 4: 275, 5: 508} movement={1: 14, 2: 0, 3: 0, 4: 0, 5: 1} read_errors=[]
[arm-position] side_view_grabbing waiting positions={1: 600, 2: 804, 3: 717, 4: 275, 5: 508} movement={1: 12, 2: 0, 3: 0, 4: 0, 5: 0} read_errors=[]
[arm-position] side_view_grabbing waiting positions={1: 614, 2: 804, 3: 717, 4: 275, 5: 508} movement={1: 14, 2: 0, 3: 0, 4: 0, 5: 0} read_errors=[]
[arm-position] side_view_grabbing waiting positions={1: 626, 2: 804, 3: 717, 4: 274, 5: 508} movement={1: 12, 2: 0, 3: 0, 4: 1, 5: 0} read_errors=[]
[arm-position] side_view_grabbing waiting positions={1: 640, 2: 804, 3: 717, 4: 274, 5: 508} movement={1: 14, 2: 0, 3: 0, 4: 0, 5: 0} read_errors=[]
[arm-position] side_view_grabbing waiting positions={1: 652, 2: 804, 3: 717, 4: 274, 5: 509} movement={1: 12, 2: 0, 3: 0, 4: 0, 5: 1} read_errors=[]
[arm-position] side_view_grabbing waiting positions={1: 665, 2: 804, 3: 717, 4: 275, 5: 509} movement={1: 13, 2: 0, 3: 0, 4: 1, 5: 0} read_errors=[]
[arm-position] side_view_grabbing waiting positions={1: 679, 2: 804, 3: 717, 4: 274, 5: 509} movement={1: 14, 2: 0, 3: 0, 4: 1, 5: 0} read_errors=[]
[arm-position] side_view_grabbing waiting positions={1: 693, 2: 804, 3: 717, 4: 275, 5: 509} movement={1: 14, 2: 0, 3: 0, 4: 1, 5: 0} read_errors=[]
[arm-position] side_view_grabbing waiting positions={1: 704, 2: 804, 3: 717, 4: 274, 5: 509} movement={1: 11, 2: 0, 3: 0, 4: 1, 5: 0} read_errors=[]
[arm-position] side_view_grabbing waiting positions={1: 717, 2: 804, 3: 717, 4: 275, 5: 508} movement={1: 13, 2: 0, 3: 0, 4: 1, 5: 1} read_errors=[]
[arm-position] side_view_grabbing waiting positions={1: 732, 2: 804, 3: 717, 4: 275, 5: 509} movement={1: 15, 2: 0, 3: 0, 4: 0, 5: 1} read_errors=[]
[arm-position] side_view_grabbing waiting positions={1: 744, 2: 804, 3: 717, 4: 275, 5: 508} movement={1: 12, 2: 0, 3: 0, 4: 0, 5: 1} read_errors=[]
[arm-position] side_view_grabbing waiting positions={1: 755, 2: 804, 3: 717, 4: 275, 5: 509} movement={1: 11, 2: 0, 3: 0, 4: 0, 5: 1} read_errors=[]
[arm-position] side_view_grabbing waiting positions={1: 770, 2: 804, 3: 717, 4: 275, 5: 509} movement={1: 15, 2: 0, 3: 0, 4: 0, 5: 0} read_errors=[]
[arm-position] side_view_grabbing waiting positions={1: 784, 2: 804, 3: 717, 4: 275, 5: 508} movement={1: 14, 2: 0, 3: 0, 4: 0, 5: 1} read_errors=[]
[arm-position] side_view_grabbing waiting positions={1: 795, 2: 804, 3: 717, 4: 275, 5: 508} movement={1: 11, 2: 0, 3: 0, 4: 0, 5: 0} read_errors=[]
[arm-position] side_view_grabbing waiting positions={1: 810, 2: 804, 3: 717, 4: 275, 5: 508} movement={1: 15, 2: 0, 3: 0, 4: 0, 5: 0} read_errors=[]
[arm-position] side_view_grabbing waiting positions={1: 824, 2: 804, 3: 717, 4: 275, 5: 509} movement={1: 14, 2: 0, 3: 0, 4: 0, 5: 1} read_errors=[]
[arm-position] side_view_grabbing waiting positions={1: 835, 2: 804, 3: 717, 4: 275, 5: 509} movement={1: 11, 2: 0, 3: 0, 4: 0, 5: 0} read_errors=[]
[arm-position] side_view_grabbing settled positions={1: 837, 2: 804, 3: 717, 4: 274, 5: 508} movement={1: 0, 2: 0, 3: 0, 4: 0, 5: 1} elapsed=4.18s
[base] exp2_side_entry_turn direction=left requested_speed=0.15 effective_speed=0.15 seconds=10.4
[map] motion direction=left speed=0.15 effective_seconds=10.4 pose={'x_m': -0.42049342327215317, 'y_m': -0.12792106160503272, 'heading_rad': 1.742371135410246}
[exp2] side entry direction=left angle_deg=90.00 speed=0.15 seconds=10.400
[exp2] phase=camera_settle seconds=0.40 discard_frames=3
[base] stop
[base] stop
[base] stop
[base] stop
[base] stop
[base] stop
[base] stop
[base] stop
[base] stop
[base] stop
[base] stop
[base] stop
[base] stop
[base] stop
[base] stop
[base] stop
[base] stop
[base] stop
[base] stop
[exp2] phase=geometry_alignment_ready
[tag] backend=pupil_apriltags id=0 center=(158.1,172.0) error_x=-0.006 yaw_deg=-58.61 height=60.6px height_norm=0.253 margin=42.82 distance=0.25750684720509975
[exp2] phase=continuous_yaw center_error=-0.006 raw_yaw_deg=-58.61 calibrated_yaw_deg=-58.61 target_yaw_deg=0.00 yaw_source=calibrated_pnp corner_error_deg=42.72 height_norm=0.253
[base] continuous start label=exp2_yaw_align direction=left requested_speed=0.15 effective_speed=0.15
[exp2] continuous yaw correction direction=left
[tag] backend=pupil_apriltags id=0 center=(158.1,172.0) error_x=-0.006 yaw_deg=-58.59 height=60.6px height_norm=0.252 margin=43.09 distance=0.2576271540375463
[exp2] phase=continuous_yaw center_error=-0.006 raw_yaw_deg=-58.59 calibrated_yaw_deg=-58.59 target_yaw_deg=0.00 yaw_source=calibrated_pnp corner_error_deg=42.67 height_norm=0.252
[exp2] continuous yaw correction direction=left
[tag] backend=pupil_apriltags id=0 center=(158.2,171.9) error_x=-0.006 yaw_deg=-58.42 height=60.4px height_norm=0.252 margin=42.92 distance=0.258289006489254
[exp2] phase=continuous_yaw center_error=-0.006 raw_yaw_deg=-58.42 calibrated_yaw_deg=-58.42 target_yaw_deg=0.00 yaw_source=calibrated_pnp corner_error_deg=42.77 height_norm=0.252
[exp2] continuous yaw correction direction=left
[tag] backend=pupil_apriltags id=0 center=(160.0,171.7) error_x=0.000 yaw_deg=-58.77 height=60.3px height_norm=0.251 margin=42.39 distance=0.2578693627535805
[exp2] phase=continuous_yaw center_error=0.000 raw_yaw_deg=-58.77 calibrated_yaw_deg=-58.77 target_yaw_deg=0.00 yaw_source=calibrated_pnp corner_error_deg=43.28 height_norm=0.251
[exp2] continuous yaw correction direction=left
[tag] backend=pupil_apriltags id=0 center=(161.0,171.5) error_x=0.003 yaw_deg=-58.76 height=60.1px height_norm=0.250 margin=42.45 distance=0.2594879967498171
[exp2] phase=continuous_yaw center_error=0.003 raw_yaw_deg=-58.76 calibrated_yaw_deg=-58.76 target_yaw_deg=0.00 yaw_source=calibrated_pnp corner_error_deg=43.22 height_norm=0.250
[exp2] continuous yaw correction direction=left
[tag] backend=pupil_apriltags id=0 center=(162.2,171.5) error_x=0.007 yaw_deg=-58.77 height=60.2px height_norm=0.251 margin=42.93 distance=0.2584724619425914
[exp2] phase=continuous_yaw center_error=0.007 raw_yaw_deg=-58.77 calibrated_yaw_deg=-58.77 target_yaw_deg=0.00 yaw_source=calibrated_pnp corner_error_deg=44.03 height_norm=0.251
[exp2] continuous yaw correction direction=left
[tag] backend=pupil_apriltags id=0 center=(163.5,171.4) error_x=0.011 yaw_deg=-59.16 height=60.3px height_norm=0.251 margin=42.57 distance=0.25801934203617316
[exp2] phase=continuous_yaw center_error=0.011 raw_yaw_deg=-59.16 calibrated_yaw_deg=-59.16 target_yaw_deg=0.00 yaw_source=calibrated_pnp corner_error_deg=43.52 height_norm=0.251
[exp2] continuous yaw correction direction=left
[tag] backend=pupil_apriltags id=0 center=(165.7,171.3) error_x=0.018 yaw_deg=-59.21 height=60.2px height_norm=0.251 margin=42.80 distance=0.25794340101598895
[exp2] phase=continuous_yaw center_error=0.018 raw_yaw_deg=-59.21 calibrated_yaw_deg=-59.21 target_yaw_deg=0.00 yaw_source=calibrated_pnp corner_error_deg=44.47 height_norm=0.251
[map] motion direction=left speed=0.15 effective_seconds=0.3386952877044678 pose={'x_m': -0.42049342327215317, 'y_m': -0.12792106160503272, 'heading_rad': 1.69121523984977}
[base] continuous stop label=exp2_yaw_align elapsed=0.339s
[base] stop
[exp2] continuous x guard preempted yaw error=0.018 limit=0.012; camera_settle_seconds=0.200
[base] stop
[base] stop
[base] stop
[base] stop
[base] stop
[base] stop
[base] stop
[base] stop
[base] stop
[tag] backend=pupil_apriltags id=0 center=(168.7,171.1) error_x=0.027 yaw_deg=-58.63 height=59.8px height_norm=0.249 margin=43.66 distance=0.25875742840123767
[exp2] phase=continuous_center center_error=0.027 raw_yaw_deg=-58.63 calibrated_yaw_deg=-58.63 target_yaw_deg=0.00 yaw_source=calibrated_pnp corner_error_deg=44.87 height_norm=0.249
[base] continuous start label=exp2_center_align direction=backward requested_speed=0.2 effective_speed=0.2
[exp2] continuous center correction direction=backward
[tag] backend=pupil_apriltags id=0 center=(168.7,171.1) error_x=0.027 yaw_deg=-58.61 height=59.8px height_norm=0.249 margin=43.05 distance=0.2589041750124476
[exp2] phase=continuous_center center_error=0.027 raw_yaw_deg=-58.61 calibrated_yaw_deg=-58.61 target_yaw_deg=0.00 yaw_source=calibrated_pnp corner_error_deg=44.94 height_norm=0.249
[exp2] continuous center correction direction=backward
[tag] backend=pupil_apriltags id=0 center=(168.6,171.0) error_x=0.027 yaw_deg=-58.65 height=59.6px height_norm=0.248 margin=43.29 distance=0.25969403828648047
[exp2] phase=continuous_center center_error=0.027 raw_yaw_deg=-58.65 calibrated_yaw_deg=-58.65 target_yaw_deg=0.00 yaw_source=calibrated_pnp corner_error_deg=44.38 height_norm=0.248
[exp2] continuous center correction direction=backward
[tag] backend=pupil_apriltags id=0 center=(168.1,170.9) error_x=0.025 yaw_deg=-59.08 height=59.4px height_norm=0.248 margin=42.42 distance=0.26026127887337375
[exp2] phase=continuous_center center_error=0.025 raw_yaw_deg=-59.08 calibrated_yaw_deg=-59.08 target_yaw_deg=0.00 yaw_source=calibrated_pnp corner_error_deg=44.84 height_norm=0.248
[exp2] continuous center correction direction=backward
[tag] backend=pupil_apriltags id=0 center=(165.7,171.3) error_x=0.018 yaw_deg=-58.67 height=59.7px height_norm=0.249 margin=43.13 distance=0.2591097809004306
[exp2] phase=continuous_center center_error=0.018 raw_yaw_deg=-58.67 calibrated_yaw_deg=-58.67 target_yaw_deg=0.00 yaw_source=calibrated_pnp corner_error_deg=43.49 height_norm=0.249
[exp2] continuous center correction direction=backward
[tag] backend=pupil_apriltags id=0 center=(165.7,171.0) error_x=0.018 yaw_deg=-58.84 height=59.3px height_norm=0.247 margin=43.47 distance=0.26062082021579086
[exp2] phase=continuous_center center_error=0.018 raw_yaw_deg=-58.84 calibrated_yaw_deg=-58.84 target_yaw_deg=0.00 yaw_source=calibrated_pnp corner_error_deg=43.91 height_norm=0.247
[exp2] continuous center correction direction=backward
[tag] backend=pupil_apriltags id=0 center=(163.5,171.0) error_x=0.011 yaw_deg=-58.1 height=59.2px height_norm=0.247 margin=42.59 distance=0.2612267297627054
[exp2] phase=continuous_center center_error=0.011 raw_yaw_deg=-58.1 calibrated_yaw_deg=-58.1 target_yaw_deg=0.00 yaw_source=calibrated_pnp corner_error_deg=42.46 height_norm=0.247
[map] motion direction=backward speed=0.2 effective_seconds=0.30434632301330566 pose={'x_m': -0.4303130502516585, 'y_m': -0.12673284390244213, 'heading_rad': 1.69121523984977}
[base] continuous stop label=exp2_center_align elapsed=0.304s
[base] stop
[exp2] center accepted; switching to yaw after 0.200s
[base] stop
[base] stop
[base] stop
[base] stop
[base] stop
[base] stop
[base] stop
[base] stop
[base] stop
[tag] backend=pupil_apriltags id=0 center=(158.2,171.2) error_x=-0.006 yaw_deg=-57.08 height=59.5px height_norm=0.248 margin=42.70 distance=0.26006286065602124
[exp2] phase=continuous_yaw center_error=-0.006 raw_yaw_deg=-57.08 calibrated_yaw_deg=-57.08 target_yaw_deg=0.00 yaw_source=calibrated_pnp corner_error_deg=40.53 height_norm=0.248
[base] continuous start label=exp2_yaw_align direction=left requested_speed=0.15 effective_speed=0.15
[exp2] continuous yaw correction direction=left
[tag] backend=pupil_apriltags id=0 center=(158.1,171.3) error_x=-0.006 yaw_deg=-56.97 height=59.5px height_norm=0.248 margin=43.12 distance=0.2603145832340079
[exp2] phase=continuous_yaw center_error=-0.006 raw_yaw_deg=-56.97 calibrated_yaw_deg=-56.97 target_yaw_deg=0.00 yaw_source=calibrated_pnp corner_error_deg=40.55 height_norm=0.248
[exp2] continuous yaw correction direction=left
[tag] backend=pupil_apriltags id=0 center=(158.0,171.2) error_x=-0.006 yaw_deg=-56.89 height=59.5px height_norm=0.248 margin=42.91 distance=0.26041049982806785
[exp2] phase=continuous_yaw center_error=-0.006 raw_yaw_deg=-56.89 calibrated_yaw_deg=-56.89 target_yaw_deg=0.00 yaw_source=calibrated_pnp corner_error_deg=40.47 height_norm=0.248
[exp2] continuous yaw correction direction=left
[tag] backend=pupil_apriltags id=0 center=(159.0,171.0) error_x=-0.003 yaw_deg=-56.91 height=59.2px height_norm=0.247 margin=42.35 distance=0.2613886324681261
[exp2] phase=continuous_yaw center_error=-0.003 raw_yaw_deg=-56.91 calibrated_yaw_deg=-56.91 target_yaw_deg=0.00 yaw_source=calibrated_pnp corner_error_deg=42.03 height_norm=0.247
[exp2] continuous yaw correction direction=left
[tag] backend=pupil_apriltags id=0 center=(160.0,171.2) error_x=0.000 yaw_deg=-57.24 height=59.5px height_norm=0.248 margin=42.57 distance=0.2604751117227235
[exp2] phase=continuous_yaw center_error=0.000 raw_yaw_deg=-57.24 calibrated_yaw_deg=-57.24 target_yaw_deg=0.00 yaw_source=calibrated_pnp corner_error_deg=41.26 height_norm=0.248
[exp2] continuous yaw correction direction=left
[tag] backend=pupil_apriltags id=0 center=(162.5,171.0) error_x=0.008 yaw_deg=-57.02 height=59.1px height_norm=0.246 margin=42.77 distance=0.26202367074701594
[exp2] phase=continuous_yaw center_error=0.008 raw_yaw_deg=-57.02 calibrated_yaw_deg=-57.02 target_yaw_deg=0.00 yaw_source=calibrated_pnp corner_error_deg=41.55 height_norm=0.246
[exp2] continuous yaw correction direction=left
[tag] backend=pupil_apriltags id=0 center=(163.9,171.0) error_x=0.012 yaw_deg=-57.63 height=59.1px height_norm=0.246 margin=42.52 distance=0.26134748030235366
[exp2] phase=continuous_yaw center_error=0.012 raw_yaw_deg=-57.63 calibrated_yaw_deg=-57.63 target_yaw_deg=0.00 yaw_source=calibrated_pnp corner_error_deg=41.83 height_norm=0.246
[map] motion direction=left speed=0.15 effective_seconds=0.29405665397644043 pose={'x_m': -0.4303130502516585, 'y_m': -0.12673284390244213, 'heading_rad': 1.6468014790867098}
[base] continuous stop label=exp2_yaw_align elapsed=0.294s
[base] stop
[exp2] continuous x guard preempted yaw error=0.012 limit=0.012; camera_settle_seconds=0.200
[base] stop
[base] stop
[base] stop
[base] stop
[base] stop
[base] stop
[base] stop
[base] stop
[base] stop
[tag] backend=pupil_apriltags id=0 center=(167.9,170.5) error_x=0.025 yaw_deg=-57.35 height=58.2px height_norm=0.243 margin=43.06 distance=0.26375250315271503
[exp2] phase=continuous_center center_error=0.025 raw_yaw_deg=-57.35 calibrated_yaw_deg=-57.35 target_yaw_deg=0.00 yaw_source=calibrated_pnp corner_error_deg=42.26 height_norm=0.243
[base] continuous start label=exp2_center_align direction=backward requested_speed=0.2 effective_speed=0.2
[exp2] continuous center correction direction=backward
[tag] backend=pupil_apriltags id=0 center=(167.9,170.5) error_x=0.025 yaw_deg=-57.38 height=58.3px height_norm=0.243 margin=42.61 distance=0.2636357049303857
[exp2] phase=continuous_center center_error=0.025 raw_yaw_deg=-57.38 calibrated_yaw_deg=-57.38 target_yaw_deg=0.00 yaw_source=calibrated_pnp corner_error_deg=42.25 height_norm=0.243
[exp2] continuous center correction direction=backward
[tag] backend=pupil_apriltags id=0 center=(167.8,170.5) error_x=0.024 yaw_deg=-57.46 height=58.3px height_norm=0.243 margin=42.96 distance=0.2632348681496805
[exp2] phase=continuous_center center_error=0.024 raw_yaw_deg=-57.46 calibrated_yaw_deg=-57.46 target_yaw_deg=0.00 yaw_source=calibrated_pnp corner_error_deg=42.27 height_norm=0.243
[exp2] continuous center correction direction=backward
[tag] backend=pupil_apriltags id=0 center=(167.1,170.6) error_x=0.022 yaw_deg=-57.09 height=58.7px height_norm=0.244 margin=42.88 distance=0.261600388970261
[exp2] phase=continuous_center center_error=0.022 raw_yaw_deg=-57.09 calibrated_yaw_deg=-57.09 target_yaw_deg=0.00 yaw_source=calibrated_pnp corner_error_deg=42.54 height_norm=0.244
[exp2] continuous center correction direction=backward
[tag] backend=pupil_apriltags id=0 center=(165.0,170.5) error_x=0.016 yaw_deg=-56.77 height=58.6px height_norm=0.244 margin=43.21 distance=0.262040733074825
[exp2] phase=continuous_center center_error=0.016 raw_yaw_deg=-56.77 calibrated_yaw_deg=-56.77 target_yaw_deg=0.00 yaw_source=calibrated_pnp corner_error_deg=41.83 height_norm=0.244
[exp2] continuous center correction direction=backward
[tag] backend=pupil_apriltags id=0 center=(164.0,170.6) error_x=0.012 yaw_deg=-56.78 height=58.6px height_norm=0.244 margin=43.78 distance=0.2624060240001113
[exp2] phase=continuous_center center_error=0.012 raw_yaw_deg=-56.78 calibrated_yaw_deg=-56.78 target_yaw_deg=0.00 yaw_source=calibrated_pnp corner_error_deg=41.38 height_norm=0.244
[exp2] continuous center correction direction=backward
[tag] backend=pupil_apriltags id=0 center=(161.4,170.7) error_x=0.004 yaw_deg=-56.07 height=58.9px height_norm=0.245 margin=43.30 distance=0.26109180283140876
[exp2] phase=continuous_center center_error=0.004 raw_yaw_deg=-56.07 calibrated_yaw_deg=-56.07 target_yaw_deg=0.00 yaw_source=calibrated_pnp corner_error_deg=40.98 height_norm=0.245
[map] motion direction=backward speed=0.2 effective_seconds=0.30425453186035156 pose={'x_m': -0.4401727750813117, 'y_m': -0.1259820076520224, 'heading_rad': 1.6468014790867098}
[base] continuous stop label=exp2_center_align elapsed=0.304s
[base] stop
[exp2] center accepted; switching to yaw after 0.200s
[base] stop
[base] stop
[base] stop
[base] stop
[base] stop
[base] stop
[base] stop
[base] stop
[base] stop
[tag] backend=pupil_apriltags id=0 center=(158.2,170.7) error_x=-0.006 yaw_deg=-55.55 height=58.8px height_norm=0.245 margin=42.84 distance=0.2616546966656426
[exp2] phase=continuous_yaw center_error=-0.006 raw_yaw_deg=-55.55 calibrated_yaw_deg=-55.55 target_yaw_deg=0.00 yaw_source=calibrated_pnp corner_error_deg=39.91 height_norm=0.245
[base] continuous start label=exp2_yaw_align direction=left requested_speed=0.15 effective_speed=0.15
[exp2] continuous yaw correction direction=left
[tag] backend=pupil_apriltags id=0 center=(158.2,170.8) error_x=-0.006 yaw_deg=-55.52 height=58.7px height_norm=0.245 margin=42.94 distance=0.26179448623677015
[exp2] phase=continuous_yaw center_error=-0.006 raw_yaw_deg=-55.52 calibrated_yaw_deg=-55.52 target_yaw_deg=0.00 yaw_source=calibrated_pnp corner_error_deg=39.97 height_norm=0.245
[exp2] continuous yaw correction direction=left
[tag] backend=pupil_apriltags id=0 center=(158.2,170.7) error_x=-0.006 yaw_deg=-55.46 height=58.6px height_norm=0.244 margin=43.20 distance=0.26220445194364694
[exp2] phase=continuous_yaw center_error=-0.006 raw_yaw_deg=-55.46 calibrated_yaw_deg=-55.46 target_yaw_deg=0.00 yaw_source=calibrated_pnp corner_error_deg=39.66 height_norm=0.244
[exp2] continuous yaw correction direction=left
[tag] backend=pupil_apriltags id=0 center=(158.3,170.7) error_x=-0.005 yaw_deg=-55.57 height=58.9px height_norm=0.245 margin=43.49 distance=0.2610638363779765
[exp2] phase=continuous_yaw center_error=-0.005 raw_yaw_deg=-55.57 calibrated_yaw_deg=-55.57 target_yaw_deg=0.00 yaw_source=calibrated_pnp corner_error_deg=40.24 height_norm=0.245
[exp2] continuous yaw correction direction=left
[tag] backend=pupil_apriltags id=0 center=(159.0,170.7) error_x=-0.003 yaw_deg=-55.27 height=58.6px height_norm=0.244 margin=43.14 distance=0.26253268507992167
[exp2] phase=continuous_yaw center_error=-0.003 raw_yaw_deg=-55.27 calibrated_yaw_deg=-55.27 target_yaw_deg=0.00 yaw_source=calibrated_pnp corner_error_deg=39.53 height_norm=0.244
[exp2] continuous yaw correction direction=left
[tag] backend=pupil_apriltags id=0 center=(161.3,170.4) error_x=0.004 yaw_deg=-54.95 height=58.3px height_norm=0.243 margin=42.58 distance=0.2639976603336733
[exp2] phase=continuous_yaw center_error=0.004 raw_yaw_deg=-54.95 calibrated_yaw_deg=-54.95 target_yaw_deg=0.00 yaw_source=calibrated_pnp corner_error_deg=38.59 height_norm=0.243
[exp2] continuous yaw correction direction=left
[tag] backend=pupil_apriltags id=0 center=(162.4,170.6) error_x=0.008 yaw_deg=-55.38 height=58.4px height_norm=0.244 margin=42.86 distance=0.26269259959213853
[exp2] phase=continuous_yaw center_error=0.008 raw_yaw_deg=-55.38 calibrated_yaw_deg=-55.38 target_yaw_deg=0.00 yaw_source=calibrated_pnp corner_error_deg=39.15 height_norm=0.244
[exp2] continuous yaw correction direction=left
[tag] backend=pupil_apriltags id=0 center=(165.1,170.5) error_x=0.016 yaw_deg=-55.38 height=57.9px height_norm=0.241 margin=43.06 distance=0.2642476682839519
[exp2] phase=continuous_yaw center_error=0.016 raw_yaw_deg=-55.38 calibrated_yaw_deg=-55.38 target_yaw_deg=0.00 yaw_source=calibrated_pnp corner_error_deg=39.58 height_norm=0.241
[map] motion direction=left speed=0.15 effective_seconds=0.3532230854034424 pose={'x_m': -0.4401727750813117, 'y_m': -0.1259820076520224, 'heading_rad': 1.593451332443352}
[base] continuous stop label=exp2_yaw_align elapsed=0.353s
[base] stop
[exp2] continuous x guard preempted yaw error=0.016 limit=0.012; camera_settle_seconds=0.200
[base] stop
[base] stop
[base] stop
[base] stop
[base] stop
[base] stop
[base] stop
[base] stop
[base] stop
[tag] backend=pupil_apriltags id=0 center=(168.7,170.2) error_x=0.027 yaw_deg=-55.41 height=58.1px height_norm=0.242 margin=42.50 distance=0.262570959517492
[exp2] phase=continuous_center center_error=0.027 raw_yaw_deg=-55.41 calibrated_yaw_deg=-55.41 target_yaw_deg=0.00 yaw_source=calibrated_pnp corner_error_deg=41.28 height_norm=0.242
[base] continuous start label=exp2_center_align direction=backward requested_speed=0.2 effective_speed=0.2
[exp2] continuous center correction direction=backward
[tag] backend=pupil_apriltags id=0 center=(168.7,170.1) error_x=0.027 yaw_deg=-55.32 height=57.9px height_norm=0.241 margin=42.22 distance=0.26326707891752155
[exp2] phase=continuous_center center_error=0.027 raw_yaw_deg=-55.32 calibrated_yaw_deg=-55.32 target_yaw_deg=0.00 yaw_source=calibrated_pnp corner_error_deg=41.08 height_norm=0.241
[exp2] continuous center correction direction=backward
[tag] backend=pupil_apriltags id=0 center=(168.7,170.1) error_x=0.027 yaw_deg=-55.46 height=58.0px height_norm=0.242 margin=42.44 distance=0.2631198772748338
[exp2] phase=continuous_center center_error=0.027 raw_yaw_deg=-55.46 calibrated_yaw_deg=-55.46 target_yaw_deg=0.00 yaw_source=calibrated_pnp corner_error_deg=41.16 height_norm=0.242
[exp2] continuous center correction direction=backward
[tag] backend=pupil_apriltags id=0 center=(166.8,170.4) error_x=0.021 yaw_deg=-55.12 height=57.9px height_norm=0.241 margin=42.71 distance=0.2629997570136929
[exp2] phase=continuous_center center_error=0.021 raw_yaw_deg=-55.12 calibrated_yaw_deg=-55.12 target_yaw_deg=0.00 yaw_source=calibrated_pnp corner_error_deg=40.36 height_norm=0.241
[exp2] continuous center correction direction=backward
[tag] backend=pupil_apriltags id=0 center=(165.6,170.3) error_x=0.017 yaw_deg=-54.67 height=57.9px height_norm=0.241 margin=42.48 distance=0.2636845742682222
[exp2] phase=continuous_center center_error=0.017 raw_yaw_deg=-54.67 calibrated_yaw_deg=-54.67 target_yaw_deg=0.00 yaw_source=calibrated_pnp corner_error_deg=39.54 height_norm=0.241
[exp2] continuous center correction direction=backward
[tag] backend=pupil_apriltags id=0 center=(164.2,170.3) error_x=0.013 yaw_deg=-54.11 height=57.6px height_norm=0.240 margin=41.96 distance=0.26517275400487406
[exp2] phase=continuous_center center_error=0.013 raw_yaw_deg=-54.11 calibrated_yaw_deg=-54.11 target_yaw_deg=0.00 yaw_source=calibrated_pnp corner_error_deg=39.31 height_norm=0.240
[exp2] continuous center correction direction=backward
[tag] backend=pupil_apriltags id=0 center=(163.4,170.1) error_x=0.011 yaw_deg=-54.15 height=57.6px height_norm=0.240 margin=42.03 distance=0.2643024098547479
[exp2] phase=continuous_center center_error=0.011 raw_yaw_deg=-54.15 calibrated_yaw_deg=-54.15 target_yaw_deg=0.00 yaw_source=calibrated_pnp corner_error_deg=38.77 height_norm=0.240
[map] motion direction=backward speed=0.2 effective_seconds=0.31519055366516113 pose={'x_m': -0.45041383940383095, 'y_m': -0.12574995658057586, 'heading_rad': 1.593451332443352}
[base] continuous stop label=exp2_center_align elapsed=0.315s
[base] stop
[exp2] center accepted; switching to yaw after 0.200s
[base] stop
[base] stop
[base] stop
[base] stop
[base] stop
[base] stop
[base] stop
[base] stop
[base] stop
[tag] backend=pupil_apriltags id=0 center=(158.6,170.2) error_x=-0.004 yaw_deg=-53.23 height=57.7px height_norm=0.240 margin=41.80 distance=0.2642852595122512
[exp2] phase=continuous_yaw center_error=-0.004 raw_yaw_deg=-53.23 calibrated_yaw_deg=-53.23 target_yaw_deg=0.00 yaw_source=calibrated_pnp corner_error_deg=36.77 height_norm=0.240
[base] continuous start label=exp2_yaw_align direction=left requested_speed=0.15 effective_speed=0.15
[exp2] continuous yaw correction direction=left
[tag] backend=pupil_apriltags id=0 center=(158.6,170.1) error_x=-0.004 yaw_deg=-53.17 height=57.7px height_norm=0.240 margin=42.27 distance=0.2644819348548722
[exp2] phase=continuous_yaw center_error=-0.004 raw_yaw_deg=-53.17 calibrated_yaw_deg=-53.17 target_yaw_deg=0.00 yaw_source=calibrated_pnp corner_error_deg=36.57 height_norm=0.240
[exp2] continuous yaw correction direction=left
[tag] backend=pupil_apriltags id=0 center=(158.6,170.2) error_x=-0.004 yaw_deg=-53.03 height=57.4px height_norm=0.239 margin=41.80 distance=0.2651388696325058
[exp2] phase=continuous_yaw center_error=-0.004 raw_yaw_deg=-53.03 calibrated_yaw_deg=-53.03 target_yaw_deg=0.00 yaw_source=calibrated_pnp corner_error_deg=36.36 height_norm=0.239
[exp2] continuous yaw correction direction=left
[tag] backend=pupil_apriltags id=0 center=(159.3,170.2) error_x=-0.002 yaw_deg=-53.31 height=57.8px height_norm=0.241 margin=41.95 distance=0.2636020377209085
[exp2] phase=continuous_yaw center_error=-0.002 raw_yaw_deg=-53.31 calibrated_yaw_deg=-53.31 target_yaw_deg=0.00 yaw_source=calibrated_pnp corner_error_deg=37.28 height_norm=0.241
[exp2] continuous yaw correction direction=left
[tag] backend=pupil_apriltags id=0 center=(160.5,170.1) error_x=0.002 yaw_deg=-52.87 height=57.4px height_norm=0.239 margin=42.08 distance=0.26560116128474537
[exp2] phase=continuous_yaw center_error=0.002 raw_yaw_deg=-52.87 calibrated_yaw_deg=-52.87 target_yaw_deg=0.00 yaw_source=calibrated_pnp corner_error_deg=36.85 height_norm=0.239
[exp2] continuous yaw correction direction=left
[tag] backend=pupil_apriltags id=0 center=(162.8,170.0) error_x=0.009 yaw_deg=-53.17 height=57.0px height_norm=0.238 margin=41.67 distance=0.2662720672120725
[exp2] phase=continuous_yaw center_error=0.009 raw_yaw_deg=-53.17 calibrated_yaw_deg=-53.17 target_yaw_deg=0.00 yaw_source=calibrated_pnp corner_error_deg=36.85 height_norm=0.238
[exp2] continuous yaw correction direction=left
[tag] backend=pupil_apriltags id=0 center=(163.8,170.0) error_x=0.012 yaw_deg=-52.97 height=57.1px height_norm=0.238 margin=41.43 distance=0.2658591690789317
[exp2] phase=continuous_yaw center_error=0.012 raw_yaw_deg=-52.97 calibrated_yaw_deg=-52.97 target_yaw_deg=0.00 yaw_source=calibrated_pnp corner_error_deg=37.18 height_norm=0.238
[exp2] continuous yaw correction direction=left
[tag] backend=pupil_apriltags id=0 center=(166.1,169.8) error_x=0.019 yaw_deg=-52.93 height=56.9px height_norm=0.237 margin=41.55 distance=0.2666226979234625
[exp2] phase=continuous_yaw center_error=0.019 raw_yaw_deg=-52.93 calibrated_yaw_deg=-52.93 target_yaw_deg=0.00 yaw_source=calibrated_pnp corner_error_deg=37.23 height_norm=0.237
[map] motion direction=left speed=0.15 effective_seconds=0.3702356815338135 pose={'x_m': -0.45041383940383095, 'y_m': -0.12574995658057586, 'heading_rad': 1.5375316354624138}
[base] continuous stop label=exp2_yaw_align elapsed=0.370s
[base] stop
[exp2] continuous x guard preempted yaw error=0.019 limit=0.012; camera_settle_seconds=0.200
[base] stop
[base] stop
[base] stop
[base] stop
[base] stop
[base] stop
[base] stop
[base] stop
[base] stop
[tag] backend=pupil_apriltags id=0 center=(170.2,169.6) error_x=0.032 yaw_deg=-53.22 height=57.2px height_norm=0.238 margin=41.68 distance=0.26505195393972275
[exp2] phase=continuous_center center_error=0.032 raw_yaw_deg=-53.22 calibrated_yaw_deg=-53.22 target_yaw_deg=0.00 yaw_source=calibrated_pnp corner_error_deg=39.36 height_norm=0.238
[base] continuous start label=exp2_center_align direction=backward requested_speed=0.2 effective_speed=0.2
[exp2] continuous center correction direction=backward
[tag] backend=pupil_apriltags id=0 center=(170.2,169.6) error_x=0.032 yaw_deg=-53.18 height=57.1px height_norm=0.238 margin=42.33 distance=0.26534379635622607
[exp2] phase=continuous_center center_error=0.032 raw_yaw_deg=-53.18 calibrated_yaw_deg=-53.18 target_yaw_deg=0.00 yaw_source=calibrated_pnp corner_error_deg=39.33 height_norm=0.238
[exp2] continuous center correction direction=backward
[tag] backend=pupil_apriltags id=0 center=(170.2,169.5) error_x=0.032 yaw_deg=-53.31 height=57.0px height_norm=0.238 margin=42.42 distance=0.2656102428734027
[exp2] phase=continuous_center center_error=0.032 raw_yaw_deg=-53.31 calibrated_yaw_deg=-53.31 target_yaw_deg=0.00 yaw_source=calibrated_pnp corner_error_deg=39.11 height_norm=0.238
[exp2] continuous center correction direction=backward
[tag] backend=pupil_apriltags id=0 center=(169.3,169.4) error_x=0.029 yaw_deg=-53.01 height=57.0px height_norm=0.237 margin=42.27 distance=0.26545598232473233
[exp2] phase=continuous_center center_error=0.029 raw_yaw_deg=-53.01 calibrated_yaw_deg=-53.01 target_yaw_deg=0.00 yaw_source=calibrated_pnp corner_error_deg=38.63 height_norm=0.237
[exp2] continuous center correction direction=backward
[tag] backend=pupil_apriltags id=0 center=(168.2,169.4) error_x=0.026 yaw_deg=-52.8 height=57.0px height_norm=0.238 margin=41.95 distance=0.265107765265993
[exp2] phase=continuous_center center_error=0.026 raw_yaw_deg=-52.8 calibrated_yaw_deg=-52.8 target_yaw_deg=0.00 yaw_source=calibrated_pnp corner_error_deg=38.43 height_norm=0.238
[exp2] continuous center correction direction=backward
[tag] backend=pupil_apriltags id=0 center=(165.9,169.7) error_x=0.018 yaw_deg=-52.7 height=57.3px height_norm=0.239 margin=42.17 distance=0.26365812268471583
[exp2] phase=continuous_center center_error=0.018 raw_yaw_deg=-52.7 calibrated_yaw_deg=-52.7 target_yaw_deg=0.00 yaw_source=calibrated_pnp corner_error_deg=38.14 height_norm=0.239
[exp2] continuous center correction direction=backward
[tag] backend=pupil_apriltags id=0 center=(164.7,169.7) error_x=0.015 yaw_deg=-52.34 height=57.0px height_norm=0.237 margin=41.91 distance=0.26500535040087125
[exp2] phase=continuous_center center_error=0.015 raw_yaw_deg=-52.34 calibrated_yaw_deg=-52.34 target_yaw_deg=0.00 yaw_source=calibrated_pnp corner_error_deg=37.59 height_norm=0.237
[exp2] continuous center correction direction=backward
[tag] backend=pupil_apriltags id=0 center=(162.4,169.6) error_x=0.007 yaw_deg=-51.78 height=56.9px height_norm=0.237 margin=42.60 distance=0.2652831295993815
[exp2] phase=continuous_center center_error=0.007 raw_yaw_deg=-51.78 calibrated_yaw_deg=-51.78 target_yaw_deg=0.00 yaw_source=calibrated_pnp corner_error_deg=36.49 height_norm=0.237
[map] motion direction=backward speed=0.2 effective_seconds=0.3760342597961426 pose={'x_m': -0.4626281918971412, 'y_m': -0.1261564131772714, 'heading_rad': 1.5375316354624138}
[base] continuous stop label=exp2_center_align elapsed=0.376s
[base] stop
[exp2] center accepted; switching to yaw after 0.200s
[base] stop
[base] stop
[base] stop
[base] stop
[base] stop
[base] stop
[base] stop
[base] stop
[base] stop
[tag] backend=pupil_apriltags id=0 center=(159.5,169.5) error_x=-0.002 yaw_deg=-51.72 height=57.4px height_norm=0.239 margin=42.45 distance=0.26290573808937345
[exp2] phase=continuous_yaw center_error=-0.002 raw_yaw_deg=-51.72 calibrated_yaw_deg=-51.72 target_yaw_deg=0.00 yaw_source=calibrated_pnp corner_error_deg=36.41 height_norm=0.239
[base] continuous start label=exp2_yaw_align direction=left requested_speed=0.15 effective_speed=0.15
[exp2] continuous yaw correction direction=left
[tag] backend=pupil_apriltags id=0 center=(159.4,169.5) error_x=-0.002 yaw_deg=-51.71 height=57.4px height_norm=0.239 margin=42.94 distance=0.2628957292625315
[exp2] phase=continuous_yaw center_error=-0.002 raw_yaw_deg=-51.71 calibrated_yaw_deg=-51.71 target_yaw_deg=0.00 yaw_source=calibrated_pnp corner_error_deg=36.59 height_norm=0.239
[exp2] continuous yaw correction direction=left
[tag] backend=pupil_apriltags id=0 center=(159.5,169.5) error_x=-0.002 yaw_deg=-51.59 height=57.3px height_norm=0.239 margin=42.52 distance=0.2634374366495243
[exp2] phase=continuous_yaw center_error=-0.002 raw_yaw_deg=-51.59 calibrated_yaw_deg=-51.59 target_yaw_deg=0.00 yaw_source=calibrated_pnp corner_error_deg=36.58 height_norm=0.239
[exp2] continuous yaw correction direction=left
[tag] backend=pupil_apriltags id=0 center=(159.5,169.4) error_x=-0.002 yaw_deg=-51.62 height=57.2px height_norm=0.238 margin=42.63 distance=0.2634593509131903
[exp2] phase=continuous_yaw center_error=-0.002 raw_yaw_deg=-51.62 calibrated_yaw_deg=-51.62 target_yaw_deg=0.00 yaw_source=calibrated_pnp corner_error_deg=36.20 height_norm=0.238
[exp2] continuous yaw correction direction=left
[tag] backend=pupil_apriltags id=0 center=(160.3,169.5) error_x=0.001 yaw_deg=-50.76 height=56.7px height_norm=0.236 margin=42.97 distance=0.2669141477450736
[exp2] phase=continuous_yaw center_error=0.001 raw_yaw_deg=-50.76 calibrated_yaw_deg=-50.76 target_yaw_deg=0.00 yaw_source=calibrated_pnp corner_error_deg=35.10 height_norm=0.236
[exp2] continuous yaw correction direction=left
[tag] backend=pupil_apriltags id=0 center=(163.1,169.1) error_x=0.010 yaw_deg=-50.55 height=56.2px height_norm=0.234 margin=43.03 distance=0.26812893843697955
[exp2] phase=continuous_yaw center_error=0.010 raw_yaw_deg=-50.55 calibrated_yaw_deg=-50.55 target_yaw_deg=0.00 yaw_source=calibrated_pnp corner_error_deg=34.80 height_norm=0.234
[exp2] continuous yaw correction direction=left
[tag] backend=pupil_apriltags id=0 center=(164.1,169.4) error_x=0.013 yaw_deg=-50.87 height=56.4px height_norm=0.235 margin=42.88 distance=0.26671558605610884
[exp2] phase=continuous_yaw center_error=0.013 raw_yaw_deg=-50.87 calibrated_yaw_deg=-50.87 target_yaw_deg=0.00 yaw_source=calibrated_pnp corner_error_deg=35.49 height_norm=0.235
[map] motion direction=left speed=0.15 effective_seconds=0.32228851318359375 pose={'x_m': -0.4626281918971412, 'y_m': -0.1261564131772714, 'heading_rad': 1.4888537880896244}
[base] continuous stop label=exp2_yaw_align elapsed=0.322s
[base] stop
[exp2] continuous x guard preempted yaw error=0.013 limit=0.012; camera_settle_seconds=0.200
[base] stop
[base] stop
[base] stop
[base] stop
[base] stop
[base] stop
[base] stop
[base] stop
[base] stop
[tag] backend=pupil_apriltags id=0 center=(168.0,169.2) error_x=0.025 yaw_deg=-50.92 height=56.0px height_norm=0.233 margin=43.60 distance=0.26708878530670604
[exp2] phase=continuous_center center_error=0.025 raw_yaw_deg=-50.92 calibrated_yaw_deg=-50.92 target_yaw_deg=0.00 yaw_source=calibrated_pnp corner_error_deg=35.46 height_norm=0.233
[base] continuous start label=exp2_center_align direction=backward requested_speed=0.2 effective_speed=0.2
[exp2] continuous center correction direction=backward
[tag] backend=pupil_apriltags id=0 center=(168.0,169.1) error_x=0.025 yaw_deg=-50.75 height=56.0px height_norm=0.233 margin=42.94 distance=0.26730716269463756
[exp2] phase=continuous_center center_error=0.025 raw_yaw_deg=-50.75 calibrated_yaw_deg=-50.75 target_yaw_deg=0.00 yaw_source=calibrated_pnp corner_error_deg=35.41 height_norm=0.233
[exp2] continuous center correction direction=backward
[tag] backend=pupil_apriltags id=0 center=(168.0,169.1) error_x=0.025 yaw_deg=-50.93 height=56.0px height_norm=0.233 margin=42.91 distance=0.2669298179508218
[exp2] phase=continuous_center center_error=0.025 raw_yaw_deg=-50.93 calibrated_yaw_deg=-50.93 target_yaw_deg=0.00 yaw_source=calibrated_pnp corner_error_deg=35.61 height_norm=0.233
[exp2] continuous center correction direction=backward
[tag] backend=pupil_apriltags id=0 center=(166.4,169.2) error_x=0.020 yaw_deg=-50.6 height=56.4px height_norm=0.235 margin=42.86 distance=0.2658840370056468
[exp2] phase=continuous_center center_error=0.020 raw_yaw_deg=-50.6 calibrated_yaw_deg=-50.6 target_yaw_deg=0.00 yaw_source=calibrated_pnp corner_error_deg=36.33 height_norm=0.235
[exp2] continuous center correction direction=backward
[tag] backend=pupil_apriltags id=0 center=(164.6,169.0) error_x=0.014 yaw_deg=-49.9 height=56.3px height_norm=0.235 margin=42.92 distance=0.2662199760325995
[exp2] phase=continuous_center center_error=0.014 raw_yaw_deg=-49.9 calibrated_yaw_deg=-49.9 target_yaw_deg=0.00 yaw_source=calibrated_pnp corner_error_deg=35.46 height_norm=0.235
[exp2] continuous center correction direction=backward
[tag] backend=pupil_apriltags id=0 center=(164.2,169.1) error_x=0.013 yaw_deg=-50.47 height=56.3px height_norm=0.234 margin=43.01 distance=0.26621586821256077
[exp2] phase=continuous_center center_error=0.013 raw_yaw_deg=-50.47 calibrated_yaw_deg=-50.47 target_yaw_deg=0.00 yaw_source=calibrated_pnp corner_error_deg=35.20 height_norm=0.234
[exp2] continuous center correction direction=backward
[tag] backend=pupil_apriltags id=0 center=(161.5,169.0) error_x=0.005 yaw_deg=-49.32 height=55.7px height_norm=0.232 margin=42.70 distance=0.2688700676800126
[exp2] phase=continuous_center center_error=0.005 raw_yaw_deg=-49.32 calibrated_yaw_deg=-49.32 target_yaw_deg=0.00 yaw_source=calibrated_pnp corner_error_deg=33.98 height_norm=0.232
[map] motion direction=backward speed=0.2 effective_seconds=0.3335433006286621 pose={'x_m': -0.47343197597726194, 'y_m': -0.12704368945770464, 'heading_rad': 1.4888537880896244}
[base] continuous stop label=exp2_center_align elapsed=0.334s
[base] stop
[exp2] center accepted; switching to yaw after 0.200s
[base] stop
[base] stop
[base] stop
[base] stop
[base] stop
[base] stop
[base] stop
[base] stop
[base] stop
[tag] backend=pupil_apriltags id=0 center=(157.8,169.0) error_x=-0.007 yaw_deg=-48.81 height=55.8px height_norm=0.233 margin=41.82 distance=0.2678246159451274
[exp2] phase=continuous_yaw center_error=-0.007 raw_yaw_deg=-48.81 calibrated_yaw_deg=-48.81 target_yaw_deg=0.00 yaw_source=calibrated_pnp corner_error_deg=32.19 height_norm=0.233
[base] continuous start label=exp2_yaw_align direction=left requested_speed=0.15 effective_speed=0.15
[exp2] continuous yaw correction direction=left
[tag] backend=pupil_apriltags id=0 center=(157.8,169.1) error_x=-0.007 yaw_deg=-48.75 height=55.8px height_norm=0.232 margin=42.21 distance=0.2680483655942586
[exp2] phase=continuous_yaw center_error=-0.007 raw_yaw_deg=-48.75 calibrated_yaw_deg=-48.75 target_yaw_deg=0.00 yaw_source=calibrated_pnp corner_error_deg=32.17 height_norm=0.232
[exp2] continuous yaw correction direction=left
[tag] backend=pupil_apriltags id=0 center=(157.8,169.1) error_x=-0.007 yaw_deg=-48.96 height=56.0px height_norm=0.233 margin=41.94 distance=0.26731259945998914
[exp2] phase=continuous_yaw center_error=-0.007 raw_yaw_deg=-48.96 calibrated_yaw_deg=-48.96 target_yaw_deg=0.00 yaw_source=calibrated_pnp corner_error_deg=32.52 height_norm=0.233
[exp2] continuous yaw correction direction=left
[tag] backend=pupil_apriltags id=0 center=(157.8,169.1) error_x=-0.007 yaw_deg=-48.71 height=55.8px height_norm=0.232 margin=42.49 distance=0.26822277372797526
[exp2] phase=continuous_yaw center_error=-0.007 raw_yaw_deg=-48.71 calibrated_yaw_deg=-48.71 target_yaw_deg=0.00 yaw_source=calibrated_pnp corner_error_deg=32.30 height_norm=0.232
[exp2] continuous yaw correction direction=left
[tag] backend=pupil_apriltags id=0 center=(158.7,168.9) error_x=-0.004 yaw_deg=-48.94 height=55.9px height_norm=0.233 margin=42.84 distance=0.26820075007191946
[exp2] phase=continuous_yaw center_error=-0.004 raw_yaw_deg=-48.94 calibrated_yaw_deg=-48.94 target_yaw_deg=0.00 yaw_source=calibrated_pnp corner_error_deg=33.58 height_norm=0.233
[exp2] continuous yaw correction direction=left
[tag] backend=pupil_apriltags id=0 center=(161.0,168.8) error_x=0.003 yaw_deg=-48.67 height=56.0px height_norm=0.233 margin=42.77 distance=0.26754416913747187
[exp2] phase=continuous_yaw center_error=0.003 raw_yaw_deg=-48.67 calibrated_yaw_deg=-48.67 target_yaw_deg=0.00 yaw_source=calibrated_pnp corner_error_deg=32.79 height_norm=0.233
[exp2] continuous yaw correction direction=left
[tag] backend=pupil_apriltags id=0 center=(163.1,168.5) error_x=0.010 yaw_deg=-48.47 height=55.4px height_norm=0.231 margin=42.67 distance=0.26946163484074054
[exp2] phase=continuous_yaw center_error=0.010 raw_yaw_deg=-48.47 calibrated_yaw_deg=-48.47 target_yaw_deg=0.00 yaw_source=calibrated_pnp corner_error_deg=32.25 height_norm=0.231
[exp2] continuous yaw correction direction=left
[tag] backend=pupil_apriltags id=0 center=(164.5,168.6) error_x=0.014 yaw_deg=-49.16 height=55.8px height_norm=0.232 margin=42.64 distance=0.2669729599130353
[exp2] phase=continuous_yaw center_error=0.014 raw_yaw_deg=-49.16 calibrated_yaw_deg=-49.16 target_yaw_deg=0.00 yaw_source=calibrated_pnp corner_error_deg=33.96 height_norm=0.232
[map] motion direction=left speed=0.15 effective_seconds=0.3858809471130371 pose={'x_m': -0.47343197597726194, 'y_m': -0.12704368945770464, 'heading_rad': 1.4305710597910348}
[base] continuous stop label=exp2_yaw_align elapsed=0.386s
[base] stop
[exp2] continuous x guard preempted yaw error=0.014 limit=0.012; camera_settle_seconds=0.200
[base] stop
[base] stop
[base] stop
[base] stop
[base] stop
[base] stop
[base] stop
[base] stop
[base] stop
[tag] backend=pupil_apriltags id=0 center=(168.6,168.3) error_x=0.027 yaw_deg=-49.01 height=55.4px height_norm=0.231 margin=43.10 distance=0.2681231176610716
[exp2] phase=continuous_center center_error=0.027 raw_yaw_deg=-49.01 calibrated_yaw_deg=-49.01 target_yaw_deg=0.00 yaw_source=calibrated_pnp corner_error_deg=34.96 height_norm=0.231
[base] continuous start label=exp2_center_align direction=backward requested_speed=0.2 effective_speed=0.2
[exp2] continuous center correction direction=backward
[tag] backend=pupil_apriltags id=0 center=(168.6,168.3) error_x=0.027 yaw_deg=-48.99 height=55.4px height_norm=0.231 margin=42.65 distance=0.26806771512057015
[exp2] phase=continuous_center center_error=0.027 raw_yaw_deg=-48.99 calibrated_yaw_deg=-48.99 target_yaw_deg=0.00 yaw_source=calibrated_pnp corner_error_deg=34.87 height_norm=0.231
[exp2] continuous center correction direction=backward
[tag] backend=pupil_apriltags id=0 center=(168.4,168.3) error_x=0.026 yaw_deg=-49.21 height=55.1px height_norm=0.230 margin=42.79 distance=0.2689520246337797
[exp2] phase=continuous_center center_error=0.026 raw_yaw_deg=-49.21 calibrated_yaw_deg=-49.21 target_yaw_deg=0.00 yaw_source=calibrated_pnp corner_error_deg=34.60 height_norm=0.230
[exp2] continuous center correction direction=backward
[tag] backend=pupil_apriltags id=0 center=(167.5,168.4) error_x=0.023 yaw_deg=-48.66 height=55.2px height_norm=0.230 margin=43.14 distance=0.26891363239600025
[exp2] phase=continuous_center center_error=0.023 raw_yaw_deg=-48.66 calibrated_yaw_deg=-48.66 target_yaw_deg=0.00 yaw_source=calibrated_pnp corner_error_deg=34.61 height_norm=0.230
[exp2] continuous center correction direction=backward
[tag] backend=pupil_apriltags id=0 center=(165.3,168.2) error_x=0.017 yaw_deg=-48.08 height=55.0px height_norm=0.229 margin=42.44 distance=0.2698329969459656
[exp2] phase=continuous_center center_error=0.017 raw_yaw_deg=-48.08 calibrated_yaw_deg=-48.08 target_yaw_deg=0.00 yaw_source=calibrated_pnp corner_error_deg=33.22 height_norm=0.229
[exp2] continuous center correction direction=backward
[tag] backend=pupil_apriltags id=0 center=(163.3,168.1) error_x=0.010 yaw_deg=-47.88 height=54.9px height_norm=0.229 margin=42.98 distance=0.2697167857258918
[exp2] phase=continuous_center center_error=0.010 raw_yaw_deg=-47.88 calibrated_yaw_deg=-47.88 target_yaw_deg=0.00 yaw_source=calibrated_pnp corner_error_deg=32.75 height_norm=0.229
[map] motion direction=backward speed=0.2 effective_seconds=0.28635072708129883 pose={'x_m': -0.48264702799253584, 'y_m': -0.12834440918881856, 'heading_rad': 1.4305710597910348}
[base] continuous stop label=exp2_center_align elapsed=0.286s
[base] stop
[exp2] center accepted; switching to yaw after 0.200s
[base] stop
[base] stop
[base] stop
[base] stop
[base] stop
[base] stop
[base] stop
[base] stop
[base] stop
[tag] backend=pupil_apriltags id=0 center=(160.1,168.2) error_x=0.000 yaw_deg=-47.4 height=55.0px height_norm=0.229 margin=42.29 distance=0.26973126704366707
[exp2] phase=continuous_yaw center_error=0.000 raw_yaw_deg=-47.4 calibrated_yaw_deg=-47.4 target_yaw_deg=0.00 yaw_source=calibrated_pnp corner_error_deg=30.85 height_norm=0.229
[base] continuous start label=exp2_yaw_align direction=left requested_speed=0.15 effective_speed=0.15
[exp2] continuous yaw correction direction=left
[tag] backend=pupil_apriltags id=0 center=(160.1,168.3) error_x=0.000 yaw_deg=-47.41 height=55.0px height_norm=0.229 margin=42.50 distance=0.2698651166265395
[exp2] phase=continuous_yaw center_error=0.000 raw_yaw_deg=-47.41 calibrated_yaw_deg=-47.41 target_yaw_deg=0.00 yaw_source=calibrated_pnp corner_error_deg=30.91 height_norm=0.229
[exp2] continuous yaw correction direction=left
[tag] backend=pupil_apriltags id=0 center=(160.1,168.3) error_x=0.000 yaw_deg=-47.43 height=55.0px height_norm=0.229 margin=42.46 distance=0.2696294438304521
[exp2] phase=continuous_yaw center_error=0.000 raw_yaw_deg=-47.43 calibrated_yaw_deg=-47.43 target_yaw_deg=0.00 yaw_source=calibrated_pnp corner_error_deg=30.85 height_norm=0.229
[exp2] continuous yaw correction direction=left
[tag] backend=pupil_apriltags id=0 center=(160.4,168.3) error_x=0.001 yaw_deg=-47.14 height=54.8px height_norm=0.228 margin=42.98 distance=0.2707425756686315
[exp2] phase=continuous_yaw center_error=0.001 raw_yaw_deg=-47.14 calibrated_yaw_deg=-47.14 target_yaw_deg=0.00 yaw_source=calibrated_pnp corner_error_deg=31.58 height_norm=0.228
[exp2] continuous yaw correction direction=left
[tag] backend=pupil_apriltags id=0 center=(161.6,168.1) error_x=0.005 yaw_deg=-46.94 height=54.6px height_norm=0.228 margin=42.83 distance=0.2712473795658926
[exp2] phase=continuous_yaw center_error=0.005 raw_yaw_deg=-46.94 calibrated_yaw_deg=-46.94 target_yaw_deg=0.00 yaw_source=calibrated_pnp corner_error_deg=31.64 height_norm=0.228
[exp2] continuous yaw correction direction=left
[tag] backend=pupil_apriltags id=0 center=(164.0,168.1) error_x=0.013 yaw_deg=-46.73 height=54.3px height_norm=0.226 margin=43.00 distance=0.2721439278550571
[exp2] phase=continuous_yaw center_error=0.013 raw_yaw_deg=-46.73 calibrated_yaw_deg=-46.73 target_yaw_deg=0.00 yaw_source=calibrated_pnp corner_error_deg=32.01 height_norm=0.226
[map] motion direction=left speed=0.15 effective_seconds=0.2880265712738037 pose={'x_m': -0.48264702799253584, 'y_m': -0.12834440918881856, 'heading_rad': 1.3870680713125498}
[base] continuous stop label=exp2_yaw_align elapsed=0.288s
[base] stop
[exp2] continuous x guard preempted yaw error=0.013 limit=0.012; camera_settle_seconds=0.200
[base] stop
[base] stop
[base] stop
[base] stop
[base] stop
[base] stop
[base] stop
[base] stop
[base] stop
[tag] backend=pupil_apriltags id=0 center=(167.1,168.0) error_x=0.022 yaw_deg=-46.76 height=54.6px height_norm=0.227 margin=42.45 distance=0.2697527358320565
[exp2] phase=continuous_center center_error=0.022 raw_yaw_deg=-46.76 calibrated_yaw_deg=-46.76 target_yaw_deg=0.00 yaw_source=calibrated_pnp corner_error_deg=31.84 height_norm=0.227
[base] continuous start label=exp2_center_align direction=backward requested_speed=0.2 effective_speed=0.2
[exp2] continuous center correction direction=backward
[tag] backend=pupil_apriltags id=0 center=(167.1,167.9) error_x=0.022 yaw_deg=-46.64 height=54.6px height_norm=0.227 margin=42.85 distance=0.2697302236176622
[exp2] phase=continuous_center center_error=0.022 raw_yaw_deg=-46.64 calibrated_yaw_deg=-46.64 target_yaw_deg=0.00 yaw_source=calibrated_pnp corner_error_deg=31.53 height_norm=0.227
[exp2] continuous center correction direction=backward
[tag] backend=pupil_apriltags id=0 center=(167.0,167.8) error_x=0.022 yaw_deg=-47.08 height=54.4px height_norm=0.227 margin=42.26 distance=0.27064971102282853
[exp2] phase=continuous_center center_error=0.022 raw_yaw_deg=-47.08 calibrated_yaw_deg=-47.08 target_yaw_deg=0.00 yaw_source=calibrated_pnp corner_error_deg=32.14 height_norm=0.227
[exp2] continuous center correction direction=backward
[tag] backend=pupil_apriltags id=0 center=(166.0,167.8) error_x=0.019 yaw_deg=-46.87 height=54.3px height_norm=0.226 margin=42.49 distance=0.27042666956826167
[exp2] phase=continuous_center center_error=0.019 raw_yaw_deg=-46.87 calibrated_yaw_deg=-46.87 target_yaw_deg=0.00 yaw_source=calibrated_pnp corner_error_deg=31.99 height_norm=0.226
[exp2] continuous center correction direction=backward
[tag] backend=pupil_apriltags id=0 center=(163.5,167.5) error_x=0.011 yaw_deg=-45.94 height=54.5px height_norm=0.227 margin=42.81 distance=0.27056331299505726
[exp2] phase=continuous_center center_error=0.011 raw_yaw_deg=-45.94 calibrated_yaw_deg=-45.94 target_yaw_deg=0.00 yaw_source=calibrated_pnp corner_error_deg=31.56 height_norm=0.227
[map] motion direction=backward speed=0.2 effective_seconds=0.2400963306427002 pose={'x_m': -0.4903188272778749, 'y_m': -0.12977001262697735, 'heading_rad': 1.3870680713125498}
[base] continuous stop label=exp2_center_align elapsed=0.240s
[base] stop
[exp2] center accepted; switching to yaw after 0.200s
[base] stop
[base] stop
[base] stop
[base] stop
[base] stop
[base] stop
[base] stop
[base] stop
[base] stop
[tag] backend=pupil_apriltags id=0 center=(160.0,168.0) error_x=0.000 yaw_deg=-45.62 height=53.9px height_norm=0.225 margin=42.31 distance=0.27268986017287183
[exp2] phase=continuous_yaw center_error=0.000 raw_yaw_deg=-45.62 calibrated_yaw_deg=-45.62 target_yaw_deg=0.00 yaw_source=calibrated_pnp corner_error_deg=29.67 height_norm=0.225
[base] continuous start label=exp2_yaw_align direction=left requested_speed=0.15 effective_speed=0.15
[exp2] continuous yaw correction direction=left
[tag] backend=pupil_apriltags id=0 center=(160.1,168.0) error_x=0.000 yaw_deg=-45.74 height=54.0px height_norm=0.225 margin=42.62 distance=0.2722610985037518
[exp2] phase=continuous_yaw center_error=0.000 raw_yaw_deg=-45.74 calibrated_yaw_deg=-45.74 target_yaw_deg=0.00 yaw_source=calibrated_pnp corner_error_deg=30.00 height_norm=0.225
[exp2] continuous yaw correction direction=left
[tag] backend=pupil_apriltags id=0 center=(160.2,167.9) error_x=0.001 yaw_deg=-45.98 height=54.2px height_norm=0.226 margin=42.93 distance=0.2714061866358981
[exp2] phase=continuous_yaw center_error=0.001 raw_yaw_deg=-45.98 calibrated_yaw_deg=-45.98 target_yaw_deg=0.00 yaw_source=calibrated_pnp corner_error_deg=30.31 height_norm=0.226
[exp2] continuous yaw correction direction=left
[tag] backend=pupil_apriltags id=0 center=(160.9,167.9) error_x=0.003 yaw_deg=-45.84 height=54.2px height_norm=0.226 margin=42.34 distance=0.27169977275098683
[exp2] phase=continuous_yaw center_error=0.003 raw_yaw_deg=-45.84 calibrated_yaw_deg=-45.84 target_yaw_deg=0.00 yaw_source=calibrated_pnp corner_error_deg=30.70 height_norm=0.226
[exp2] continuous yaw correction direction=left
[tag] backend=pupil_apriltags id=0 center=(163.3,167.8) error_x=0.010 yaw_deg=-46.07 height=54.3px height_norm=0.226 margin=42.62 distance=0.2704014459664497
[exp2] phase=continuous_yaw center_error=0.010 raw_yaw_deg=-46.07 calibrated_yaw_deg=-46.07 target_yaw_deg=0.00 yaw_source=calibrated_pnp corner_error_deg=30.62 height_norm=0.226
[exp2] continuous yaw correction direction=left
[tag] backend=pupil_apriltags id=0 center=(164.2,167.5) error_x=0.013 yaw_deg=-45.49 height=54.0px height_norm=0.225 margin=42.60 distance=0.27294280301703616
[exp2] phase=continuous_yaw center_error=0.013 raw_yaw_deg=-45.49 calibrated_yaw_deg=-45.49 target_yaw_deg=0.00 yaw_source=calibrated_pnp corner_error_deg=30.42 height_norm=0.225
[map] motion direction=left speed=0.15 effective_seconds=0.2933938503265381 pose={'x_m': -0.4903188272778749, 'y_m': -0.12977001262697735, 'heading_rad': 1.3427544191589762}
[base] continuous stop label=exp2_yaw_align elapsed=0.293s
[base] stop
[exp2] continuous x guard preempted yaw error=0.013 limit=0.012; camera_settle_seconds=0.200
[base] stop
[base] stop
[base] stop
[base] stop
[base] stop
[base] stop
[base] stop
[base] stop
[base] stop
[tag] backend=pupil_apriltags id=0 center=(169.1,167.2) error_x=0.029 yaw_deg=-45.82 height=53.6px height_norm=0.223 margin=42.89 distance=0.27276277978616087
[exp2] phase=continuous_center center_error=0.029 raw_yaw_deg=-45.82 calibrated_yaw_deg=-45.82 target_yaw_deg=0.00 yaw_source=calibrated_pnp corner_error_deg=30.58 height_norm=0.223
[base] continuous start label=exp2_center_align direction=backward requested_speed=0.2 effective_speed=0.2
[exp2] continuous center correction direction=backward
[tag] backend=pupil_apriltags id=0 center=(169.1,167.3) error_x=0.028 yaw_deg=-45.82 height=53.6px height_norm=0.224 margin=42.37 distance=0.2726504707902564
[exp2] phase=continuous_center center_error=0.028 raw_yaw_deg=-45.82 calibrated_yaw_deg=-45.82 target_yaw_deg=0.00 yaw_source=calibrated_pnp corner_error_deg=30.63 height_norm=0.224
[exp2] continuous center correction direction=backward
[tag] backend=pupil_apriltags id=0 center=(169.2,167.2) error_x=0.029 yaw_deg=-45.86 height=53.6px height_norm=0.223 margin=42.63 distance=0.2729869516127205
[exp2] phase=continuous_center center_error=0.029 raw_yaw_deg=-45.86 calibrated_yaw_deg=-45.86 target_yaw_deg=0.00 yaw_source=calibrated_pnp corner_error_deg=30.96 height_norm=0.223
[exp2] continuous center correction direction=backward
[tag] backend=pupil_apriltags id=0 center=(167.6,167.2) error_x=0.024 yaw_deg=-45.0 height=53.8px height_norm=0.224 margin=42.36 distance=0.27111857672351475
[exp2] phase=continuous_center center_error=0.024 raw_yaw_deg=-45.0 calibrated_yaw_deg=-45.0 target_yaw_deg=0.00 yaw_source=calibrated_pnp corner_error_deg=30.39 height_norm=0.224
[exp2] continuous center correction direction=backward
[tag] backend=pupil_apriltags id=0 center=(165.8,167.4) error_x=0.018 yaw_deg=-44.93 height=53.8px height_norm=0.224 margin=42.15 distance=0.27145903071009797
[exp2] phase=continuous_center center_error=0.018 raw_yaw_deg=-44.93 calibrated_yaw_deg=-44.93 target_yaw_deg=0.00 yaw_source=calibrated_pnp corner_error_deg=30.79 height_norm=0.224
[exp2] continuous center correction direction=backward
[tag] backend=pupil_apriltags id=0 center=(164.7,167.4) error_x=0.015 yaw_deg=-44.53 height=53.3px height_norm=0.222 margin=42.66 distance=0.2735274747714674
[exp2] phase=continuous_center center_error=0.015 raw_yaw_deg=-44.53 calibrated_yaw_deg=-44.53 target_yaw_deg=0.00 yaw_source=calibrated_pnp corner_error_deg=29.96 height_norm=0.222
[exp2] continuous center correction direction=backward
[tag] backend=pupil_apriltags id=0 center=(162.4,167.6) error_x=0.008 yaw_deg=-44.23 height=53.4px height_norm=0.222 margin=41.97 distance=0.2729273114881021
[exp2] phase=continuous_center center_error=0.008 raw_yaw_deg=-44.23 calibrated_yaw_deg=-44.23 target_yaw_deg=0.00 yaw_source=calibrated_pnp corner_error_deg=29.55 height_norm=0.222
[map] motion direction=backward speed=0.2 effective_seconds=0.36047983169555664 pose={'x_m': -0.5017311159515982, 'y_m': -0.1324185636311014, 'heading_rad': 1.3427544191589762}
[base] continuous stop label=exp2_center_align elapsed=0.360s
[base] stop
[exp2] center accepted; switching to yaw after 0.200s
[base] stop
[base] stop
[base] stop
[base] stop
[base] stop
[base] stop
[base] stop
[base] stop
[base] stop
[tag] backend=pupil_apriltags id=0 center=(158.8,167.4) error_x=-0.004 yaw_deg=-43.31 height=53.3px height_norm=0.222 margin=42.03 distance=0.27333815003520734
[exp2] phase=continuous_yaw center_error=-0.004 raw_yaw_deg=-43.31 calibrated_yaw_deg=-43.31 target_yaw_deg=0.00 yaw_source=calibrated_pnp corner_error_deg=27.79 height_norm=0.222
[base] continuous start label=exp2_yaw_align direction=left requested_speed=0.15 effective_speed=0.15
[exp2] continuous yaw correction direction=left
[tag] backend=pupil_apriltags id=0 center=(158.9,167.3) error_x=-0.004 yaw_deg=-43.29 height=53.3px height_norm=0.222 margin=42.67 distance=0.2735762181263685
[exp2] phase=continuous_yaw center_error=-0.004 raw_yaw_deg=-43.29 calibrated_yaw_deg=-43.29 target_yaw_deg=0.00 yaw_source=calibrated_pnp corner_error_deg=27.35 height_norm=0.222
[exp2] continuous yaw correction direction=left
[tag] backend=pupil_apriltags id=0 center=(158.8,167.4) error_x=-0.004 yaw_deg=-43.19 height=53.2px height_norm=0.222 margin=41.83 distance=0.27362209554565226
[exp2] phase=continuous_yaw center_error=-0.004 raw_yaw_deg=-43.19 calibrated_yaw_deg=-43.19 target_yaw_deg=0.00 yaw_source=calibrated_pnp corner_error_deg=27.28 height_norm=0.222
[exp2] continuous yaw correction direction=left
[tag] backend=pupil_apriltags id=0 center=(158.9,167.3) error_x=-0.003 yaw_deg=-43.26 height=53.3px height_norm=0.222 margin=41.96 distance=0.27391654351590183
[exp2] phase=continuous_yaw center_error=-0.003 raw_yaw_deg=-43.26 calibrated_yaw_deg=-43.26 target_yaw_deg=0.00 yaw_source=calibrated_pnp corner_error_deg=27.49 height_norm=0.222
[exp2] continuous yaw correction direction=left
[tag] backend=pupil_apriltags id=0 center=(159.8,167.2) error_x=-0.001 yaw_deg=-43.08 height=52.8px height_norm=0.220 margin=42.18 distance=0.27641381169397866
[exp2] phase=continuous_yaw center_error=-0.001 raw_yaw_deg=-43.08 calibrated_yaw_deg=-43.08 target_yaw_deg=0.00 yaw_source=calibrated_pnp corner_error_deg=27.45 height_norm=0.220
[exp2] continuous yaw correction direction=left
[tag] backend=pupil_apriltags id=0 center=(162.3,167.1) error_x=0.007 yaw_deg=-43.04 height=53.2px height_norm=0.222 margin=42.12 distance=0.27404776599097525
[exp2] phase=continuous_yaw center_error=0.007 raw_yaw_deg=-43.04 calibrated_yaw_deg=-43.04 target_yaw_deg=0.00 yaw_source=calibrated_pnp corner_error_deg=28.36 height_norm=0.222
[exp2] continuous yaw correction direction=left
[tag] backend=pupil_apriltags id=0 center=(164.7,167.0) error_x=0.015 yaw_deg=-43.04 height=52.9px height_norm=0.220 margin=42.03 distance=0.27433979717985935
[exp2] phase=continuous_yaw center_error=0.015 raw_yaw_deg=-43.04 calibrated_yaw_deg=-43.04 target_yaw_deg=0.00 yaw_source=calibrated_pnp corner_error_deg=28.57 height_norm=0.220
[map] motion direction=left speed=0.15 effective_seconds=0.35774898529052734 pose={'x_m': -0.5017311159515982, 'y_m': -0.1324185636311014, 'heading_rad': 1.2887206891581107}
[base] continuous stop label=exp2_yaw_align elapsed=0.358s
[base] stop
[exp2] continuous x guard preempted yaw error=0.015 limit=0.012; camera_settle_seconds=0.200
[base] stop
[base] stop
[base] stop
[base] stop
[base] stop
[base] stop
[base] stop
[base] stop
[base] stop
[tag] backend=pupil_apriltags id=0 center=(168.0,167.0) error_x=0.025 yaw_deg=-43.5 height=53.3px height_norm=0.222 margin=42.24 distance=0.2712420282337051
[exp2] phase=continuous_center center_error=0.025 raw_yaw_deg=-43.5 calibrated_yaw_deg=-43.5 target_yaw_deg=0.00 yaw_source=calibrated_pnp corner_error_deg=29.75 height_norm=0.222
[base] continuous start label=exp2_center_align direction=backward requested_speed=0.2 effective_speed=0.2
[exp2] continuous center correction direction=backward
[tag] backend=pupil_apriltags id=0 center=(168.0,167.0) error_x=0.025 yaw_deg=-43.62 height=53.4px height_norm=0.222 margin=42.18 distance=0.2709603504679275
[exp2] phase=continuous_center center_error=0.025 raw_yaw_deg=-43.62 calibrated_yaw_deg=-43.62 target_yaw_deg=0.00 yaw_source=calibrated_pnp corner_error_deg=29.85 height_norm=0.222
[exp2] continuous center correction direction=backward
[tag] backend=pupil_apriltags id=0 center=(167.7,166.7) error_x=0.024 yaw_deg=-43.23 height=52.7px height_norm=0.220 margin=42.28 distance=0.2743711887154092
[exp2] phase=continuous_center center_error=0.024 raw_yaw_deg=-43.23 calibrated_yaw_deg=-43.23 target_yaw_deg=0.00 yaw_source=calibrated_pnp corner_error_deg=29.45 height_norm=0.220
[exp2] continuous center correction direction=backward
[tag] backend=pupil_apriltags id=0 center=(166.7,166.8) error_x=0.021 yaw_deg=-42.87 height=52.8px height_norm=0.220 margin=41.86 distance=0.27325477120239555
[exp2] phase=continuous_center center_error=0.021 raw_yaw_deg=-42.87 calibrated_yaw_deg=-42.87 target_yaw_deg=0.00 yaw_source=calibrated_pnp corner_error_deg=29.36 height_norm=0.220
[exp2] continuous center correction direction=backward
[tag] backend=pupil_apriltags id=0 center=(164.3,166.8) error_x=0.013 yaw_deg=-42.35 height=52.8px height_norm=0.220 margin=42.49 distance=0.27352257217991915
[exp2] phase=continuous_center center_error=0.013 raw_yaw_deg=-42.35 calibrated_yaw_deg=-42.35 target_yaw_deg=0.00 yaw_source=calibrated_pnp corner_error_deg=28.54 height_norm=0.220
[exp2] continuous center correction direction=backward
[tag] backend=pupil_apriltags id=0 center=(162.6,166.7) error_x=0.008 yaw_deg=-41.68 height=52.8px height_norm=0.220 margin=42.14 distance=0.27409629997845947
[exp2] phase=continuous_center center_error=0.008 raw_yaw_deg=-41.68 calibrated_yaw_deg=-41.68 target_yaw_deg=0.00 yaw_source=calibrated_pnp corner_error_deg=28.31 height_norm=0.220
[map] motion direction=backward speed=0.2 effective_seconds=0.3093252182006836 pose={'x_m': -0.5113868857627657, 'y_m': -0.13521683409082033, 'heading_rad': 1.2887206891581107}
[base] continuous stop label=exp2_center_align elapsed=0.309s
[base] stop
[exp2] center accepted; switching to yaw after 0.200s
[base] stop
[base] stop
[base] stop
[base] stop
[base] stop
[base] stop
[base] stop
[base] stop
[base] stop
[tag] backend=pupil_apriltags id=0 center=(159.0,166.9) error_x=-0.003 yaw_deg=-41.46 height=52.5px height_norm=0.219 margin=41.80 distance=0.27511882003811633
[exp2] phase=continuous_yaw center_error=-0.003 raw_yaw_deg=-41.46 calibrated_yaw_deg=-41.46 target_yaw_deg=0.00 yaw_source=calibrated_pnp corner_error_deg=26.29 height_norm=0.219
[base] continuous start label=exp2_yaw_align direction=left requested_speed=0.15 effective_speed=0.15
[exp2] continuous yaw correction direction=left
[tag] backend=pupil_apriltags id=0 center=(159.0,166.9) error_x=-0.003 yaw_deg=-41.43 height=52.5px height_norm=0.219 margin=42.08 distance=0.2750570495767146
[exp2] phase=continuous_yaw center_error=-0.003 raw_yaw_deg=-41.43 calibrated_yaw_deg=-41.43 target_yaw_deg=0.00 yaw_source=calibrated_pnp corner_error_deg=26.26 height_norm=0.219
[exp2] continuous yaw correction direction=left
[tag] backend=pupil_apriltags id=0 center=(159.0,166.8) error_x=-0.003 yaw_deg=-41.48 height=52.6px height_norm=0.219 margin=42.09 distance=0.27488782268199363
[exp2] phase=continuous_yaw center_error=-0.003 raw_yaw_deg=-41.48 calibrated_yaw_deg=-41.48 target_yaw_deg=0.00 yaw_source=calibrated_pnp corner_error_deg=26.49 height_norm=0.219
[exp2] continuous yaw correction direction=left
[tag] backend=pupil_apriltags id=0 center=(159.9,166.7) error_x=-0.000 yaw_deg=-41.31 height=52.5px height_norm=0.219 margin=42.28 distance=0.2757326575732538
[exp2] phase=continuous_yaw center_error=-0.000 raw_yaw_deg=-41.31 calibrated_yaw_deg=-41.31 target_yaw_deg=0.00 yaw_source=calibrated_pnp corner_error_deg=26.94 height_norm=0.219
[exp2] continuous yaw correction direction=left
[tag] backend=pupil_apriltags id=0 center=(161.2,166.7) error_x=0.004 yaw_deg=-41.46 height=52.4px height_norm=0.219 margin=42.13 distance=0.2758437705063633
[exp2] phase=continuous_yaw center_error=0.004 raw_yaw_deg=-41.46 calibrated_yaw_deg=-41.46 target_yaw_deg=0.00 yaw_source=calibrated_pnp corner_error_deg=26.41 height_norm=0.219
[exp2] continuous yaw correction direction=left
[tag] backend=pupil_apriltags id=0 center=(163.8,166.5) error_x=0.012 yaw_deg=-41.45 height=52.3px height_norm=0.218 margin=41.99 distance=0.2752533624156894
[exp2] phase=continuous_yaw center_error=0.012 raw_yaw_deg=-41.45 calibrated_yaw_deg=-41.45 target_yaw_deg=0.00 yaw_source=calibrated_pnp corner_error_deg=27.17 height_norm=0.218
[exp2] continuous yaw correction direction=left
[tag] backend=pupil_apriltags id=0 center=(166.3,166.1) error_x=0.020 yaw_deg=-41.19 height=52.2px height_norm=0.218 margin=41.77 distance=0.27460767772617745
[exp2] phase=continuous_yaw center_error=0.020 raw_yaw_deg=-41.19 calibrated_yaw_deg=-41.19 target_yaw_deg=0.00 yaw_source=calibrated_pnp corner_error_deg=27.43 height_norm=0.218
[map] motion direction=left speed=0.15 effective_seconds=0.3716459274291992 pose={'x_m': -0.5113868857627657, 'y_m': -0.13521683409082033, 'heading_rad': 1.2325879913048308}
[base] continuous stop label=exp2_yaw_align elapsed=0.372s
[base] stop
[exp2] continuous x guard preempted yaw error=0.020 limit=0.012; camera_settle_seconds=0.200
[base] stop
[base] stop
[base] stop
[base] stop
[base] stop
[base] stop
[base] stop
[base] stop
[base] stop
[tag] backend=pupil_apriltags id=0 center=(169.6,165.8) error_x=0.030 yaw_deg=-41.58 height=52.1px height_norm=0.217 margin=42.59 distance=0.27512745217767576
[exp2] phase=continuous_center center_error=0.030 raw_yaw_deg=-41.58 calibrated_yaw_deg=-41.58 target_yaw_deg=0.00 yaw_source=calibrated_pnp corner_error_deg=29.00 height_norm=0.217
[base] continuous start label=exp2_center_align direction=backward requested_speed=0.2 effective_speed=0.2
[exp2] continuous center correction direction=backward
[tag] backend=pupil_apriltags id=0 center=(169.6,165.7) error_x=0.030 yaw_deg=-41.53 height=52.0px height_norm=0.217 margin=42.22 distance=0.27594493956611066
[exp2] phase=continuous_center center_error=0.030 raw_yaw_deg=-41.53 calibrated_yaw_deg=-41.53 target_yaw_deg=0.00 yaw_source=calibrated_pnp corner_error_deg=28.85 height_norm=0.217
[exp2] continuous center correction direction=backward
[tag] backend=pupil_apriltags id=0 center=(169.3,165.7) error_x=0.029 yaw_deg=-41.3 height=52.1px height_norm=0.217 margin=42.29 distance=0.27482026191735376
[exp2] phase=continuous_center center_error=0.029 raw_yaw_deg=-41.3 calibrated_yaw_deg=-41.3 target_yaw_deg=0.00 yaw_source=calibrated_pnp corner_error_deg=28.11 height_norm=0.217
[exp2] continuous center correction direction=backward
[tag] backend=pupil_apriltags id=0 center=(167.6,165.8) error_x=0.024 yaw_deg=-40.8 height=52.0px height_norm=0.217 margin=42.12 distance=0.2749434984391282
[exp2] phase=continuous_center center_error=0.024 raw_yaw_deg=-40.8 calibrated_yaw_deg=-40.8 target_yaw_deg=0.00 yaw_source=calibrated_pnp corner_error_deg=27.63 height_norm=0.217
[exp2] continuous center correction direction=backward
[tag] backend=pupil_apriltags id=0 center=(167.5,165.9) error_x=0.023 yaw_deg=-41.01 height=52.1px height_norm=0.217 margin=42.56 distance=0.27406907265603114
[exp2] phase=continuous_center center_error=0.023 raw_yaw_deg=-41.01 calibrated_yaw_deg=-41.01 target_yaw_deg=0.00 yaw_source=calibrated_pnp corner_error_deg=27.92 height_norm=0.217
[exp2] continuous center correction direction=backward
[tag] backend=pupil_apriltags id=0 center=(165.3,166.1) error_x=0.017 yaw_deg=-40.57 height=51.9px height_norm=0.216 margin=42.24 distance=0.27496397417460045
[exp2] phase=continuous_center center_error=0.017 raw_yaw_deg=-40.57 calibrated_yaw_deg=-40.57 target_yaw_deg=0.00 yaw_source=calibrated_pnp corner_error_deg=26.76 height_norm=0.216
[exp2] continuous center correction direction=backward
[tag] backend=pupil_apriltags id=0 center=(163.0,166.0) error_x=0.009 yaw_deg=-39.56 height=51.5px height_norm=0.215 margin=41.56 distance=0.27681582703788843
[exp2] phase=continuous_center center_error=0.009 raw_yaw_deg=-39.56 calibrated_yaw_deg=-39.56 target_yaw_deg=0.00 yaw_source=calibrated_pnp corner_error_deg=25.86 height_norm=0.215
[map] motion direction=backward speed=0.2 effective_seconds=0.3699803352355957 pose={'x_m': -0.5227300744175785, 'y_m': -0.13920648646644218, 'heading_rad': 1.2325879913048308}
[base] continuous stop label=exp2_center_align elapsed=0.370s
[base] stop
[exp2] center accepted; switching to yaw after 0.200s
[base] stop
[base] stop
[base] stop
[base] stop
[base] stop
[base] stop
[base] stop
[base] stop
[base] stop
[tag] backend=pupil_apriltags id=0 center=(158.9,165.9) error_x=-0.003 yaw_deg=-39.02 height=51.5px height_norm=0.215 margin=42.30 distance=0.27772870217134804
[exp2] phase=continuous_yaw center_error=-0.003 raw_yaw_deg=-39.02 calibrated_yaw_deg=-39.02 target_yaw_deg=0.00 yaw_source=calibrated_pnp corner_error_deg=24.88 height_norm=0.215
[base] continuous start label=exp2_yaw_align direction=left requested_speed=0.15 effective_speed=0.15
[exp2] continuous yaw correction direction=left
[tag] backend=pupil_apriltags id=0 center=(158.9,166.0) error_x=-0.004 yaw_deg=-39.19 height=51.6px height_norm=0.215 margin=42.07 distance=0.27735419761668584
[exp2] phase=continuous_yaw center_error=-0.004 raw_yaw_deg=-39.19 calibrated_yaw_deg=-39.19 target_yaw_deg=0.00 yaw_source=calibrated_pnp corner_error_deg=24.99 height_norm=0.215
[exp2] continuous yaw correction direction=left
[tag] backend=pupil_apriltags id=0 center=(158.9,166.0) error_x=-0.003 yaw_deg=-39.06 height=51.6px height_norm=0.215 margin=42.03 distance=0.2773047740386677
[exp2] phase=continuous_yaw center_error=-0.003 raw_yaw_deg=-39.06 calibrated_yaw_deg=-39.06 target_yaw_deg=0.00 yaw_source=calibrated_pnp corner_error_deg=25.09 height_norm=0.215
[exp2] continuous yaw correction direction=left
[tag] backend=pupil_apriltags id=0 center=(159.7,165.9) error_x=-0.001 yaw_deg=-39.37 height=51.5px height_norm=0.215 margin=41.45 distance=0.2766758309343594
[exp2] phase=continuous_yaw center_error=-0.001 raw_yaw_deg=-39.37 calibrated_yaw_deg=-39.37 target_yaw_deg=0.00 yaw_source=calibrated_pnp corner_error_deg=25.51 height_norm=0.215
[exp2] continuous yaw correction direction=left
[tag] backend=pupil_apriltags id=0 center=(160.5,165.9) error_x=0.001 yaw_deg=-38.88 height=51.4px height_norm=0.214 margin=42.16 distance=0.2785972544655525
[exp2] phase=continuous_yaw center_error=0.001 raw_yaw_deg=-38.88 calibrated_yaw_deg=-38.88 target_yaw_deg=0.00 yaw_source=calibrated_pnp corner_error_deg=24.95 height_norm=0.214
[exp2] continuous yaw correction direction=left
[tag] backend=pupil_apriltags id=0 center=(162.6,166.0) error_x=0.008 yaw_deg=-39.08 height=51.4px height_norm=0.214 margin=41.73 distance=0.27648130617884
[exp2] phase=continuous_yaw center_error=0.008 raw_yaw_deg=-39.08 calibrated_yaw_deg=-39.08 target_yaw_deg=0.00 yaw_source=calibrated_pnp corner_error_deg=25.12 height_norm=0.214
[exp2] continuous yaw correction direction=left
[tag] backend=pupil_apriltags id=0 center=(164.7,165.6) error_x=0.015 yaw_deg=-39.42 height=51.3px height_norm=0.214 margin=41.84 distance=0.27654612873254353
[exp2] phase=continuous_yaw center_error=0.015 raw_yaw_deg=-39.42 calibrated_yaw_deg=-39.42 target_yaw_deg=0.00 yaw_source=calibrated_pnp corner_error_deg=25.63 height_norm=0.214
[map] motion direction=left speed=0.15 effective_seconds=0.38008880615234375 pose={'x_m': -0.5227300744175785, 'y_m': -0.13920648646644218, 'heading_rad': 1.175180097020215}
[base] continuous stop label=exp2_yaw_align elapsed=0.380s
[base] stop
[exp2] continuous x guard preempted yaw error=0.015 limit=0.012; camera_settle_seconds=0.200
[base] stop
[base] stop
[base] stop
[base] stop
[base] stop
[base] stop
[base] stop
[base] stop
[base] stop
[tag] backend=pupil_apriltags id=0 center=(167.8,165.1) error_x=0.024 yaw_deg=-38.23 height=50.6px height_norm=0.211 margin=41.94 distance=0.2809275905808526
[exp2] phase=continuous_center center_error=0.024 raw_yaw_deg=-38.23 calibrated_yaw_deg=-38.23 target_yaw_deg=0.00 yaw_source=calibrated_pnp corner_error_deg=25.26 height_norm=0.211
[base] continuous start label=exp2_center_align direction=backward requested_speed=0.2 effective_speed=0.2
[exp2] continuous center correction direction=backward
[tag] backend=pupil_apriltags id=0 center=(167.8,165.2) error_x=0.024 yaw_deg=-38.25 height=50.6px height_norm=0.211 margin=42.02 distance=0.2807126360567569
[exp2] phase=continuous_center center_error=0.024 raw_yaw_deg=-38.25 calibrated_yaw_deg=-38.25 target_yaw_deg=0.00 yaw_source=calibrated_pnp corner_error_deg=25.45 height_norm=0.211
[exp2] continuous center correction direction=backward
[tag] backend=pupil_apriltags id=0 center=(167.8,165.3) error_x=0.024 yaw_deg=-38.77 height=51.0px height_norm=0.213 margin=41.79 distance=0.2784772227472163
[exp2] phase=continuous_center center_error=0.024 raw_yaw_deg=-38.77 calibrated_yaw_deg=-38.77 target_yaw_deg=0.00 yaw_source=calibrated_pnp corner_error_deg=25.80 height_norm=0.213
[exp2] continuous center correction direction=backward
[tag] backend=pupil_apriltags id=0 center=(166.3,165.1) error_x=0.020 yaw_deg=-38.85 height=50.9px height_norm=0.212 margin=42.01 distance=0.2782324234328425
[exp2] phase=continuous_center center_error=0.020 raw_yaw_deg=-38.85 calibrated_yaw_deg=-38.85 target_yaw_deg=0.00 yaw_source=calibrated_pnp corner_error_deg=26.21 height_norm=0.212
[exp2] continuous center correction direction=backward
[tag] backend=pupil_apriltags id=0 center=(164.1,165.0) error_x=0.013 yaw_deg=-38.09 height=50.8px height_norm=0.211 margin=41.82 distance=0.2786903558618994
[exp2] phase=continuous_center center_error=0.013 raw_yaw_deg=-38.09 calibrated_yaw_deg=-38.09 target_yaw_deg=0.00 yaw_source=calibrated_pnp corner_error_deg=25.37 height_norm=0.211
[exp2] continuous center correction direction=backward
[tag] backend=pupil_apriltags id=0 center=(162.2,165.2) error_x=0.007 yaw_deg=-37.64 height=50.7px height_norm=0.211 margin=41.55 distance=0.2791474858849872
[exp2] phase=continuous_center center_error=0.007 raw_yaw_deg=-37.64 calibrated_yaw_deg=-37.64 target_yaw_deg=0.00 yaw_source=calibrated_pnp corner_error_deg=24.73 height_norm=0.211
[map] motion direction=backward speed=0.2 effective_seconds=0.31832361221313477 pose={'x_m': -0.5322764963833487, 'y_m': -0.14319340982431786, 'heading_rad': 1.175180097020215}
[base] continuous stop label=exp2_center_align elapsed=0.318s
[base] stop
[exp2] center accepted; switching to yaw after 0.200s
[base] stop
[base] stop
[base] stop
[base] stop
[base] stop
[base] stop
[base] stop
[base] stop
[base] stop
[tag] backend=pupil_apriltags id=0 center=(158.1,165.2) error_x=-0.006 yaw_deg=-37.21 height=50.6px height_norm=0.211 margin=41.55 distance=0.2792696676862773
[exp2] phase=continuous_yaw center_error=-0.006 raw_yaw_deg=-37.21 calibrated_yaw_deg=-37.21 target_yaw_deg=0.00 yaw_source=calibrated_pnp corner_error_deg=22.46 height_norm=0.211
[base] continuous start label=exp2_yaw_align direction=left requested_speed=0.15 effective_speed=0.15
[exp2] continuous yaw correction direction=left
[tag] backend=pupil_apriltags id=0 center=(158.1,165.2) error_x=-0.006 yaw_deg=-37.17 height=50.5px height_norm=0.211 margin=41.37 distance=0.2792962422156406
[exp2] phase=continuous_yaw center_error=-0.006 raw_yaw_deg=-37.17 calibrated_yaw_deg=-37.17 target_yaw_deg=0.00 yaw_source=calibrated_pnp corner_error_deg=22.40 height_norm=0.211
[exp2] continuous yaw correction direction=left
[tag] backend=pupil_apriltags id=0 center=(158.2,165.1) error_x=-0.005 yaw_deg=-37.2 height=50.5px height_norm=0.211 margin=41.11 distance=0.27928134634355595
[exp2] phase=continuous_yaw center_error=-0.005 raw_yaw_deg=-37.2 calibrated_yaw_deg=-37.2 target_yaw_deg=0.00 yaw_source=calibrated_pnp corner_error_deg=22.67 height_norm=0.211
[exp2] continuous yaw correction direction=left
[tag] backend=pupil_apriltags id=0 center=(160.1,164.9) error_x=0.000 yaw_deg=-37.78 height=50.8px height_norm=0.211 margin=42.18 distance=0.2792212238505099
[exp2] phase=continuous_yaw center_error=0.000 raw_yaw_deg=-37.78 calibrated_yaw_deg=-37.78 target_yaw_deg=0.00 yaw_source=calibrated_pnp corner_error_deg=24.22 height_norm=0.211
[exp2] continuous yaw correction direction=left
[tag] backend=pupil_apriltags id=0 center=(161.7,164.9) error_x=0.005 yaw_deg=-37.31 height=50.3px height_norm=0.210 margin=41.96 distance=0.28006700022717435
[exp2] phase=continuous_yaw center_error=0.005 raw_yaw_deg=-37.31 calibrated_yaw_deg=-37.31 target_yaw_deg=0.00 yaw_source=calibrated_pnp corner_error_deg=23.80 height_norm=0.210
[exp2] continuous yaw correction direction=left
[tag] backend=pupil_apriltags id=0 center=(163.9,164.7) error_x=0.012 yaw_deg=-36.91 height=50.4px height_norm=0.210 margin=41.70 distance=0.27988941200813167
[exp2] phase=continuous_yaw center_error=0.012 raw_yaw_deg=-36.91 calibrated_yaw_deg=-36.91 target_yaw_deg=0.00 yaw_source=calibrated_pnp corner_error_deg=24.31 height_norm=0.210
[map] motion direction=left speed=0.15 effective_seconds=0.32343602180480957 pose={'x_m': -0.5322764963833487, 'y_m': -0.14319340982431786, 'heading_rad': 1.1263289321159666}
[base] continuous stop label=exp2_yaw_align elapsed=0.323s
[base] stop
[exp2] continuous x guard preempted yaw error=0.012 limit=0.012; camera_settle_seconds=0.200
[base] stop
[base] stop
[base] stop
[base] stop
[base] stop
[base] stop
[base] stop
[base] stop
[base] stop
[tag] backend=pupil_apriltags id=0 center=(168.0,164.7) error_x=0.025 yaw_deg=-36.99 height=50.2px height_norm=0.209 margin=41.28 distance=0.2792164594684443
[exp2] phase=continuous_center center_error=0.025 raw_yaw_deg=-36.99 calibrated_yaw_deg=-36.99 target_yaw_deg=0.00 yaw_source=calibrated_pnp corner_error_deg=23.86 height_norm=0.209
[base] continuous start label=exp2_center_align direction=backward requested_speed=0.2 effective_speed=0.2
[exp2] continuous center correction direction=backward
[tag] backend=pupil_apriltags id=0 center=(168.0,164.7) error_x=0.025 yaw_deg=-37.0 height=50.2px height_norm=0.209 margin=42.16 distance=0.27923763354806147
[exp2] phase=continuous_center center_error=0.025 raw_yaw_deg=-37.0 calibrated_yaw_deg=-37.0 target_yaw_deg=0.00 yaw_source=calibrated_pnp corner_error_deg=23.89 height_norm=0.209
[exp2] continuous center correction direction=backward
[tag] backend=pupil_apriltags id=0 center=(167.3,164.7) error_x=0.023 yaw_deg=-36.25 height=50.0px height_norm=0.208 margin=42.06 distance=0.28078288570538057
[exp2] phase=continuous_center center_error=0.023 raw_yaw_deg=-36.25 calibrated_yaw_deg=-36.25 target_yaw_deg=0.00 yaw_source=calibrated_pnp corner_error_deg=23.83 height_norm=0.208
[exp2] continuous center correction direction=backward
[tag] backend=pupil_apriltags id=0 center=(167.1,164.8) error_x=0.022 yaw_deg=-37.22 height=50.1px height_norm=0.209 margin=41.70 distance=0.2792797459530506
[exp2] phase=continuous_center center_error=0.022 raw_yaw_deg=-37.22 calibrated_yaw_deg=-37.22 target_yaw_deg=0.00 yaw_source=calibrated_pnp corner_error_deg=24.11 height_norm=0.209
[exp2] continuous center correction direction=backward
[tag] backend=pupil_apriltags id=0 center=(165.7,164.6) error_x=0.018 yaw_deg=-36.31 height=50.1px height_norm=0.209 margin=41.95 distance=0.27897623035145885
[exp2] phase=continuous_center center_error=0.018 raw_yaw_deg=-36.31 calibrated_yaw_deg=-36.31 target_yaw_deg=0.00 yaw_source=calibrated_pnp corner_error_deg=24.44 height_norm=0.209
[exp2] continuous center correction direction=backward
[tag] backend=pupil_apriltags id=0 center=(163.4,164.5) error_x=0.011 yaw_deg=-36.14 height=50.0px height_norm=0.208 margin=41.67 distance=0.27850394824967156
[exp2] phase=continuous_center center_error=0.011 raw_yaw_deg=-36.14 calibrated_yaw_deg=-36.14 target_yaw_deg=0.00 yaw_source=calibrated_pnp corner_error_deg=23.78 height_norm=0.208
[map] motion direction=backward speed=0.2 effective_seconds=0.3295621871948242 pose={'x_m': -0.5419466068228205, 'y_m': -0.14779879594262177, 'heading_rad': 1.1263289321159666}
[base] continuous stop label=exp2_center_align elapsed=0.330s
[base] stop
[exp2] center accepted; switching to yaw after 0.200s
[base] stop
[base] stop
[base] stop
[base] stop
[base] stop
[base] stop
[base] stop
[base] stop
[base] stop
[tag] backend=pupil_apriltags id=0 center=(158.9,164.6) error_x=-0.003 yaw_deg=-34.8 height=49.8px height_norm=0.207 margin=40.38 distance=0.2805618177105951
[exp2] phase=continuous_yaw center_error=-0.003 raw_yaw_deg=-34.8 calibrated_yaw_deg=-34.8 target_yaw_deg=0.00 yaw_source=calibrated_pnp corner_error_deg=23.09 height_norm=0.207
[base] continuous start label=exp2_yaw_align direction=left requested_speed=0.15 effective_speed=0.15
[exp2] continuous yaw correction direction=left
[tag] backend=pupil_apriltags id=0 center=(158.9,164.7) error_x=-0.004 yaw_deg=-34.76 height=49.8px height_norm=0.207 margin=39.27 distance=0.2806875748024741
[exp2] phase=continuous_yaw center_error=-0.004 raw_yaw_deg=-34.76 calibrated_yaw_deg=-34.76 target_yaw_deg=0.00 yaw_source=calibrated_pnp corner_error_deg=23.01 height_norm=0.207
[exp2] continuous yaw correction direction=left
[tag] backend=pupil_apriltags id=0 center=(158.9,164.6) error_x=-0.003 yaw_deg=-34.77 height=49.8px height_norm=0.207 margin=39.57 distance=0.2805581246258586
[exp2] phase=continuous_yaw center_error=-0.003 raw_yaw_deg=-34.77 calibrated_yaw_deg=-34.77 target_yaw_deg=0.00 yaw_source=calibrated_pnp corner_error_deg=23.07 height_norm=0.207
[exp2] continuous yaw correction direction=left
[tag] backend=pupil_apriltags id=0 center=(159.1,164.6) error_x=-0.003 yaw_deg=-34.98 height=50.0px height_norm=0.208 margin=38.78 distance=0.2804280225408031
[exp2] phase=continuous_yaw center_error=-0.003 raw_yaw_deg=-34.98 calibrated_yaw_deg=-34.98 target_yaw_deg=0.00 yaw_source=calibrated_pnp corner_error_deg=23.22 height_norm=0.208
[exp2] continuous yaw correction direction=left
[tag] backend=pupil_apriltags id=0 center=(160.6,164.5) error_x=0.002 yaw_deg=-34.87 height=49.6px height_norm=0.207 margin=39.59 distance=0.2822486822101772
[exp2] phase=continuous_yaw center_error=0.002 raw_yaw_deg=-34.87 calibrated_yaw_deg=-34.87 target_yaw_deg=0.00 yaw_source=calibrated_pnp corner_error_deg=22.26 height_norm=0.207
[exp2] continuous yaw correction direction=left
[tag] backend=pupil_apriltags id=0 center=(163.2,164.1) error_x=0.010 yaw_deg=-34.78 height=49.4px height_norm=0.206 margin=39.65 distance=0.2813292485713924
[exp2] phase=continuous_yaw center_error=0.010 raw_yaw_deg=-34.78 calibrated_yaw_deg=-34.78 target_yaw_deg=0.00 yaw_source=calibrated_pnp corner_error_deg=22.06 height_norm=0.206
[exp2] continuous yaw correction direction=left
[tag] backend=pupil_apriltags id=0 center=(165.5,164.1) error_x=0.017 yaw_deg=-35.08 height=49.4px height_norm=0.206 margin=39.37 distance=0.28036194743301807
[exp2] phase=continuous_yaw center_error=0.017 raw_yaw_deg=-35.08 calibrated_yaw_deg=-35.08 target_yaw_deg=0.00 yaw_source=calibrated_pnp corner_error_deg=22.59 height_norm=0.206
[map] motion direction=left speed=0.15 effective_seconds=0.3879358768463135 pose={'x_m': -0.5419466068228205, 'y_m': -0.14779879594262177, 'heading_rad': 1.0677358311176794}
[base] continuous stop label=exp2_yaw_align elapsed=0.388s
[base] stop
[exp2] continuous x guard preempted yaw error=0.017 limit=0.012; camera_settle_seconds=0.200
[base] stop
[base] stop
[base] stop
[base] stop
[base] stop
[base] stop
[base] stop
[base] stop
[base] stop
[tag] backend=pupil_apriltags id=0 center=(169.3,164.0) error_x=0.029 yaw_deg=-35.75 height=49.3px height_norm=0.205 margin=40.16 distance=0.28096742422442134
[exp2] phase=continuous_center center_error=0.029 raw_yaw_deg=-35.75 calibrated_yaw_deg=-35.75 target_yaw_deg=0.00 yaw_source=calibrated_pnp corner_error_deg=23.11 height_norm=0.205
[base] continuous start label=exp2_center_align direction=backward requested_speed=0.2 effective_speed=0.2
[exp2] continuous center correction direction=backward
[tag] backend=pupil_apriltags id=0 center=(169.3,164.0) error_x=0.029 yaw_deg=-35.85 height=49.4px height_norm=0.206 margin=39.77 distance=0.28073818808289047
[exp2] phase=continuous_center center_error=0.029 raw_yaw_deg=-35.85 calibrated_yaw_deg=-35.85 target_yaw_deg=0.00 yaw_source=calibrated_pnp corner_error_deg=23.15 height_norm=0.206
[exp2] continuous center correction direction=backward
[tag] backend=pupil_apriltags id=0 center=(169.3,164.0) error_x=0.029 yaw_deg=-35.7 height=49.3px height_norm=0.206 margin=39.77 distance=0.281115028076681
[exp2] phase=continuous_center center_error=0.029 raw_yaw_deg=-35.7 calibrated_yaw_deg=-35.7 target_yaw_deg=0.00 yaw_source=calibrated_pnp corner_error_deg=23.20 height_norm=0.206
[exp2] continuous center correction direction=backward
[tag] backend=pupil_apriltags id=0 center=(167.5,164.0) error_x=0.024 yaw_deg=-34.53 height=49.1px height_norm=0.205 margin=39.48 distance=0.28107200952805844
[exp2] phase=continuous_center center_error=0.024 raw_yaw_deg=-34.53 calibrated_yaw_deg=-34.53 target_yaw_deg=0.00 yaw_source=calibrated_pnp corner_error_deg=22.20 height_norm=0.205
[exp2] continuous center correction direction=backward
[tag] backend=pupil_apriltags id=0 center=(165.6,164.1) error_x=0.018 yaw_deg=-34.37 height=49.1px height_norm=0.205 margin=39.38 distance=0.28060642669503155
[exp2] phase=continuous_center center_error=0.018 raw_yaw_deg=-34.37 calibrated_yaw_deg=-34.37 target_yaw_deg=0.00 yaw_source=calibrated_pnp corner_error_deg=22.10 height_norm=0.205
[exp2] continuous center correction direction=backward
[tag] backend=pupil_apriltags id=0 center=(163.8,164.1) error_x=0.012 yaw_deg=-34.23 height=49.2px height_norm=0.205 margin=39.20 distance=0.2800698624808432
[exp2] phase=continuous_center center_error=0.012 raw_yaw_deg=-34.23 calibrated_yaw_deg=-34.23 target_yaw_deg=0.00 yaw_source=calibrated_pnp corner_error_deg=21.30 height_norm=0.205
[map] motion direction=backward speed=0.2 effective_seconds=0.34171152114868164 pose={'x_m': -0.55167636849104, 'y_m': -0.15315291884209992, 'heading_rad': 1.0677358311176794}
[base] continuous stop label=exp2_center_align elapsed=0.342s
[base] stop
[exp2] center accepted; switching to yaw after 0.200s
[base] stop
[base] stop
[base] stop
[base] stop
[base] stop
[base] stop
[base] stop
[base] stop
[base] stop
[tag] backend=pupil_apriltags id=0 center=(159.2,164.2) error_x=-0.003 yaw_deg=-32.23 height=48.8px height_norm=0.203 margin=38.53 distance=0.28310709647241195
[exp2] phase=continuous_yaw center_error=-0.003 raw_yaw_deg=-32.23 calibrated_yaw_deg=-32.23 target_yaw_deg=0.00 yaw_source=calibrated_pnp corner_error_deg=20.70 height_norm=0.203
[base] continuous start label=exp2_yaw_align direction=left requested_speed=0.15 effective_speed=0.15
[exp2] continuous yaw correction direction=left
[tag] backend=pupil_apriltags id=0 center=(159.2,164.2) error_x=-0.003 yaw_deg=-32.24 height=48.9px height_norm=0.204 margin=38.82 distance=0.28293452339909136
[exp2] phase=continuous_yaw center_error=-0.003 raw_yaw_deg=-32.24 calibrated_yaw_deg=-32.24 target_yaw_deg=0.00 yaw_source=calibrated_pnp corner_error_deg=20.72 height_norm=0.204
[exp2] continuous yaw correction direction=left
[tag] backend=pupil_apriltags id=0 center=(159.2,164.2) error_x=-0.003 yaw_deg=-32.24 height=48.9px height_norm=0.204 margin=39.13 distance=0.2830742930069121
[exp2] phase=continuous_yaw center_error=-0.003 raw_yaw_deg=-32.24 calibrated_yaw_deg=-32.24 target_yaw_deg=0.00 yaw_source=calibrated_pnp corner_error_deg=20.82 height_norm=0.204
[exp2] continuous yaw correction direction=left
[tag] backend=pupil_apriltags id=0 center=(161.4,164.0) error_x=0.004 yaw_deg=-32.95 height=48.8px height_norm=0.203 margin=39.06 distance=0.28369927971779696
[exp2] phase=continuous_yaw center_error=0.004 raw_yaw_deg=-32.95 calibrated_yaw_deg=-32.95 target_yaw_deg=0.00 yaw_source=calibrated_pnp corner_error_deg=20.98 height_norm=0.203
[exp2] continuous yaw correction direction=left
[tag] backend=pupil_apriltags id=0 center=(163.9,163.8) error_x=0.012 yaw_deg=-32.54 height=48.6px height_norm=0.202 margin=38.74 distance=0.2833690254652343
[exp2] phase=continuous_yaw center_error=0.012 raw_yaw_deg=-32.54 calibrated_yaw_deg=-32.54 target_yaw_deg=0.00 yaw_source=calibrated_pnp corner_error_deg=20.91 height_norm=0.202
[map] motion direction=left speed=0.15 effective_seconds=0.27611827850341797 pose={'x_m': -0.55167636849104, 'y_m': -0.15315291884209992, 'heading_rad': 1.0260314486528594}
[base] continuous stop label=exp2_yaw_align elapsed=0.276s
[base] stop
[exp2] continuous x guard preempted yaw error=0.012 limit=0.012; camera_settle_seconds=0.200
[base] stop
[base] stop
[base] stop
[base] stop
[base] stop
[base] stop
[base] stop
[base] stop
[base] stop
[tag] backend=pupil_apriltags id=0 center=(167.6,163.6) error_x=0.024 yaw_deg=-33.23 height=48.4px height_norm=0.202 margin=39.59 distance=0.2832215527327622
[exp2] phase=continuous_center center_error=0.024 raw_yaw_deg=-33.23 calibrated_yaw_deg=-33.23 target_yaw_deg=0.00 yaw_source=calibrated_pnp corner_error_deg=20.98 height_norm=0.202
[base] continuous start label=exp2_center_align direction=backward requested_speed=0.2 effective_speed=0.2
[exp2] continuous center correction direction=backward
[tag] backend=pupil_apriltags id=0 center=(167.6,163.6) error_x=0.024 yaw_deg=-33.55 height=48.5px height_norm=0.202 margin=39.41 distance=0.28267407520077287
[exp2] phase=continuous_center center_error=0.024 raw_yaw_deg=-33.55 calibrated_yaw_deg=-33.55 target_yaw_deg=0.00 yaw_source=calibrated_pnp corner_error_deg=20.97 height_norm=0.202
[exp2] continuous center correction direction=backward
[tag] backend=pupil_apriltags id=0 center=(167.6,163.6) error_x=0.024 yaw_deg=-33.34 height=48.4px height_norm=0.202 margin=39.30 distance=0.28361996923371
[exp2] phase=continuous_center center_error=0.024 raw_yaw_deg=-33.34 calibrated_yaw_deg=-33.34 target_yaw_deg=0.00 yaw_source=calibrated_pnp corner_error_deg=20.78 height_norm=0.202
[exp2] continuous center correction direction=backward
[tag] backend=pupil_apriltags id=0 center=(166.3,163.5) error_x=0.020 yaw_deg=-32.19 height=48.3px height_norm=0.201 margin=39.01 distance=0.2835753918032819
[exp2] phase=continuous_center center_error=0.020 raw_yaw_deg=-32.19 calibrated_yaw_deg=-32.19 target_yaw_deg=0.00 yaw_source=calibrated_pnp corner_error_deg=20.64 height_norm=0.201
[exp2] continuous center correction direction=backward
[tag] backend=pupil_apriltags id=0 center=(164.3,163.6) error_x=0.013 yaw_deg=-31.74 height=48.3px height_norm=0.201 margin=39.44 distance=0.2828585653378252
[exp2] phase=continuous_center center_error=0.013 raw_yaw_deg=-31.74 calibrated_yaw_deg=-31.74 target_yaw_deg=0.00 yaw_source=calibrated_pnp corner_error_deg=20.88 height_norm=0.201
[exp2] continuous center correction direction=backward
[tag] backend=pupil_apriltags id=0 center=(162.5,163.6) error_x=0.008 yaw_deg=-32.09 height=48.2px height_norm=0.201 margin=39.45 distance=0.28402986142602576
[exp2] phase=continuous_center center_error=0.008 raw_yaw_deg=-32.09 calibrated_yaw_deg=-32.09 target_yaw_deg=0.00 yaw_source=calibrated_pnp corner_error_deg=20.44 height_norm=0.201
[map] motion direction=backward speed=0.2 effective_seconds=0.34152913093566895 pose={'x_m': -0.5611693748014565, 'y_m': -0.15890497058495084, 'heading_rad': 1.0260314486528594}
[base] continuous stop label=exp2_center_align elapsed=0.342s
[base] stop
[exp2] center accepted; switching to yaw after 0.200s
[base] stop
[base] stop
[base] stop
[base] stop
[base] stop
[base] stop
[base] stop
[base] stop
[base] stop
[tag] backend=pupil_apriltags id=0 center=(158.8,163.8) error_x=-0.004 yaw_deg=-31.24 height=48.2px height_norm=0.201 margin=38.65 distance=0.28373518733940234
[exp2] phase=continuous_yaw center_error=-0.004 raw_yaw_deg=-31.24 calibrated_yaw_deg=-31.24 target_yaw_deg=0.00 yaw_source=calibrated_pnp corner_error_deg=20.17 height_norm=0.201
[base] continuous start label=exp2_yaw_align direction=left requested_speed=0.15 effective_speed=0.15
[exp2] continuous yaw correction direction=left
[tag] backend=pupil_apriltags id=0 center=(158.8,163.8) error_x=-0.004 yaw_deg=-31.18 height=48.1px height_norm=0.200 margin=38.76 distance=0.2840195969886824
[exp2] phase=continuous_yaw center_error=-0.004 raw_yaw_deg=-31.18 calibrated_yaw_deg=-31.18 target_yaw_deg=0.00 yaw_source=calibrated_pnp corner_error_deg=19.86 height_norm=0.200
[exp2] continuous yaw correction direction=left
[tag] backend=pupil_apriltags id=0 center=(158.8,163.7) error_x=-0.004 yaw_deg=-31.23 height=48.1px height_norm=0.200 margin=38.77 distance=0.2835330584790561
[exp2] phase=continuous_yaw center_error=-0.004 raw_yaw_deg=-31.23 calibrated_yaw_deg=-31.23 target_yaw_deg=0.00 yaw_source=calibrated_pnp corner_error_deg=20.28 height_norm=0.200
[exp2] continuous yaw correction direction=left
[tag] backend=pupil_apriltags id=0 center=(159.1,163.6) error_x=-0.003 yaw_deg=-30.71 height=48.0px height_norm=0.200 margin=38.33 distance=0.28522924229771335
[exp2] phase=continuous_yaw center_error=-0.003 raw_yaw_deg=-30.71 calibrated_yaw_deg=-30.71 target_yaw_deg=0.00 yaw_source=calibrated_pnp corner_error_deg=19.08 height_norm=0.200
[exp2] continuous yaw correction direction=left
[tag] backend=pupil_apriltags id=0 center=(161.2,163.5) error_x=0.004 yaw_deg=-30.52 height=47.8px height_norm=0.199 margin=39.07 distance=0.28563567804146744
[exp2] phase=continuous_yaw center_error=0.004 raw_yaw_deg=-30.52 calibrated_yaw_deg=-30.52 target_yaw_deg=0.00 yaw_source=calibrated_pnp corner_error_deg=19.26 height_norm=0.199
[exp2] continuous yaw correction direction=left
[tag] backend=pupil_apriltags id=0 center=(163.5,163.3) error_x=0.011 yaw_deg=-30.63 height=47.7px height_norm=0.199 margin=38.77 distance=0.28566244595696194
[exp2] phase=continuous_yaw center_error=0.011 raw_yaw_deg=-30.63 calibrated_yaw_deg=-30.63 target_yaw_deg=0.00 yaw_source=calibrated_pnp corner_error_deg=19.51 height_norm=0.199
[exp2] continuous yaw correction direction=left
[tag] backend=pupil_apriltags id=0 center=(165.8,163.2) error_x=0.018 yaw_deg=-30.71 height=47.6px height_norm=0.198 margin=38.36 distance=0.28512306024570105
[exp2] phase=continuous_yaw center_error=0.018 raw_yaw_deg=-30.71 calibrated_yaw_deg=-30.71 target_yaw_deg=0.00 yaw_source=calibrated_pnp corner_error_deg=19.69 height_norm=0.198
[map] motion direction=left speed=0.15 effective_seconds=0.42255425453186035 pose={'x_m': -0.5611693748014565, 'y_m': -0.15890497058495084, 'heading_rad': 0.9622096533749511}
[base] continuous stop label=exp2_yaw_align elapsed=0.423s
[base] stop
[exp2] continuous x guard preempted yaw error=0.018 limit=0.012; camera_settle_seconds=0.200
[base] stop
[base] stop
[base] stop
[base] stop
[base] stop
[base] stop
[base] stop
[base] stop
[base] stop
[tag] backend=pupil_apriltags id=0 center=(169.8,163.0) error_x=0.031 yaw_deg=-31.12 height=47.2px height_norm=0.197 margin=38.98 distance=0.28686413733829513
[exp2] phase=continuous_center center_error=0.031 raw_yaw_deg=-31.12 calibrated_yaw_deg=-31.12 target_yaw_deg=0.00 yaw_source=calibrated_pnp corner_error_deg=20.40 height_norm=0.197
[base] continuous start label=exp2_center_align direction=backward requested_speed=0.2 effective_speed=0.2
[exp2] continuous center correction direction=backward
[tag] backend=pupil_apriltags id=0 center=(169.7,163.0) error_x=0.030 yaw_deg=-31.09 height=47.2px height_norm=0.197 margin=39.11 distance=0.2870131545162705
[exp2] phase=continuous_center center_error=0.030 raw_yaw_deg=-31.09 calibrated_yaw_deg=-31.09 target_yaw_deg=0.00 yaw_source=calibrated_pnp corner_error_deg=20.39 height_norm=0.197
[exp2] continuous center correction direction=backward
[tag] backend=pupil_apriltags id=0 center=(169.2,163.0) error_x=0.029 yaw_deg=-30.45 height=47.2px height_norm=0.197 margin=39.38 distance=0.2864922427530035
[exp2] phase=continuous_center center_error=0.029 raw_yaw_deg=-30.45 calibrated_yaw_deg=-30.45 target_yaw_deg=0.00 yaw_source=calibrated_pnp corner_error_deg=20.56 height_norm=0.197
[exp2] continuous center correction direction=backward
[tag] backend=pupil_apriltags id=0 center=(168.0,163.1) error_x=0.025 yaw_deg=-30.59 height=47.1px height_norm=0.196 margin=38.16 distance=0.2861562243993069
[exp2] phase=continuous_center center_error=0.025 raw_yaw_deg=-30.59 calibrated_yaw_deg=-30.59 target_yaw_deg=0.00 yaw_source=calibrated_pnp corner_error_deg=20.04 height_norm=0.196
[exp2] continuous center correction direction=backward
[tag] backend=pupil_apriltags id=0 center=(166.0,163.2) error_x=0.019 yaw_deg=-29.69 height=47.1px height_norm=0.196 margin=38.89 distance=0.2867388005563156
[exp2] phase=continuous_center center_error=0.019 raw_yaw_deg=-29.69 calibrated_yaw_deg=-29.69 target_yaw_deg=0.00 yaw_source=calibrated_pnp corner_error_deg=19.18 height_norm=0.196
[exp2] continuous center correction direction=backward
[tag] backend=pupil_apriltags id=0 center=(164.3,163.0) error_x=0.013 yaw_deg=-29.5 height=47.1px height_norm=0.196 margin=38.59 distance=0.28553248306832507
[exp2] phase=continuous_center center_error=0.013 raw_yaw_deg=-29.5 calibrated_yaw_deg=-29.5 target_yaw_deg=0.00 yaw_source=calibrated_pnp corner_error_deg=18.96 height_norm=0.196
[exp2] continuous center correction direction=backward
[tag] backend=pupil_apriltags id=0 center=(162.5,163.1) error_x=0.008 yaw_deg=-29.38 height=46.9px height_norm=0.196 margin=38.47 distance=0.2871765168008024
[exp2] phase=continuous_center center_error=0.008 raw_yaw_deg=-29.38 calibrated_yaw_deg=-29.38 target_yaw_deg=0.00 yaw_source=calibrated_pnp corner_error_deg=19.16 height_norm=0.196
[map] motion direction=backward speed=0.2 effective_seconds=0.42647600173950195 pose={'x_m': -0.5725412923725688, 'y_m': -0.16682911854822724, 'heading_rad': 0.9622096533749511}
[base] continuous stop label=exp2_center_align elapsed=0.426s
[base] stop
[exp2] center accepted; switching to yaw after 0.200s
[base] stop
[base] stop
[base] stop
[base] stop
[base] stop
[base] stop
[base] stop
[base] stop
[base] stop
[tag] backend=pupil_apriltags id=0 center=(157.1,163.3) error_x=-0.009 yaw_deg=-28.15 height=46.9px height_norm=0.195 margin=38.66 distance=0.28759595412513406
[exp2] phase=continuous_yaw center_error=-0.009 raw_yaw_deg=-28.15 calibrated_yaw_deg=-28.15 target_yaw_deg=0.00 yaw_source=calibrated_pnp corner_error_deg=17.35 height_norm=0.195
[base] continuous start label=exp2_yaw_align direction=left requested_speed=0.15 effective_speed=0.15
[exp2] continuous yaw correction direction=left
[tag] backend=pupil_apriltags id=0 center=(157.1,163.4) error_x=-0.009 yaw_deg=-28.24 height=46.9px height_norm=0.195 margin=38.11 distance=0.2874018099974643
[exp2] phase=continuous_yaw center_error=-0.009 raw_yaw_deg=-28.24 calibrated_yaw_deg=-28.24 target_yaw_deg=0.00 yaw_source=calibrated_pnp corner_error_deg=17.36 height_norm=0.195
[exp2] continuous yaw correction direction=left
[tag] backend=pupil_apriltags id=0 center=(157.1,163.4) error_x=-0.009 yaw_deg=-28.29 height=47.0px height_norm=0.196 margin=38.47 distance=0.2872334827035071
[exp2] phase=continuous_yaw center_error=-0.009 raw_yaw_deg=-28.29 calibrated_yaw_deg=-28.29 target_yaw_deg=0.00 yaw_source=calibrated_pnp corner_error_deg=17.52 height_norm=0.196
[exp2] continuous yaw correction direction=left
[tag] backend=pupil_apriltags id=0 center=(158.3,163.2) error_x=-0.005 yaw_deg=-28.2 height=46.7px height_norm=0.195 margin=38.60 distance=0.2886295350346832
[exp2] phase=continuous_yaw center_error=-0.005 raw_yaw_deg=-28.2 calibrated_yaw_deg=-28.2 target_yaw_deg=0.00 yaw_source=calibrated_pnp corner_error_deg=18.11 height_norm=0.195
[exp2] continuous yaw correction direction=left
[tag] backend=pupil_apriltags id=0 center=(159.6,163.1) error_x=-0.001 yaw_deg=-27.61 height=46.5px height_norm=0.194 margin=38.93 distance=0.28955748369318396
[exp2] phase=continuous_yaw center_error=-0.001 raw_yaw_deg=-27.61 calibrated_yaw_deg=-27.61 target_yaw_deg=0.00 yaw_source=calibrated_pnp corner_error_deg=17.40 height_norm=0.194
[exp2] continuous yaw correction direction=left
[tag] backend=pupil_apriltags id=0 center=(162.1,162.9) error_x=0.007 yaw_deg=-27.58 height=46.3px height_norm=0.193 margin=38.89 distance=0.28961748361939904
[exp2] phase=continuous_yaw center_error=0.007 raw_yaw_deg=-27.58 calibrated_yaw_deg=-27.58 target_yaw_deg=0.00 yaw_source=calibrated_pnp corner_error_deg=17.91 height_norm=0.193
[exp2] continuous yaw correction direction=left
[tag] backend=pupil_apriltags id=0 center=(164.5,162.8) error_x=0.014 yaw_deg=-28.27 height=46.4px height_norm=0.193 margin=37.90 distance=0.2869940509456256
[exp2] phase=continuous_yaw center_error=0.014 raw_yaw_deg=-28.27 calibrated_yaw_deg=-28.27 target_yaw_deg=0.00 yaw_source=calibrated_pnp corner_error_deg=18.23 height_norm=0.193
[map] motion direction=left speed=0.15 effective_seconds=0.42288923263549805 pose={'x_m': -0.5725412923725688, 'y_m': -0.16682911854822724, 'heading_rad': 0.8983372636379325}
[base] continuous stop label=exp2_yaw_align elapsed=0.423s
[base] stop
[exp2] continuous x guard preempted yaw error=0.014 limit=0.012; camera_settle_seconds=0.200
[base] stop
[base] stop
[base] stop
[base] stop
[base] stop
[base] stop
[base] stop
[base] stop
[base] stop
[tag] backend=pupil_apriltags id=0 center=(169.9,162.5) error_x=0.031 yaw_deg=-28.33 height=46.2px height_norm=0.192 margin=38.86 distance=0.2897814687473276
[exp2] phase=continuous_center center_error=0.031 raw_yaw_deg=-28.33 calibrated_yaw_deg=-28.33 target_yaw_deg=0.00 yaw_source=calibrated_pnp corner_error_deg=19.00 height_norm=0.192
[base] continuous start label=exp2_center_align direction=backward requested_speed=0.2 effective_speed=0.2
[exp2] continuous center correction direction=backward
[tag] backend=pupil_apriltags id=0 center=(169.9,162.5) error_x=0.031 yaw_deg=-28.24 height=46.1px height_norm=0.192 margin=39.29 distance=0.28991397700934574
[exp2] phase=continuous_center center_error=0.031 raw_yaw_deg=-28.24 calibrated_yaw_deg=-28.24 target_yaw_deg=0.00 yaw_source=calibrated_pnp corner_error_deg=19.10 height_norm=0.192
[exp2] continuous center correction direction=backward
[tag] backend=pupil_apriltags id=0 center=(169.2,162.8) error_x=0.029 yaw_deg=-28.15 height=45.9px height_norm=0.191 margin=38.68 distance=0.2889501897496988
[exp2] phase=continuous_center center_error=0.029 raw_yaw_deg=-28.15 calibrated_yaw_deg=-28.15 target_yaw_deg=0.00 yaw_source=calibrated_pnp corner_error_deg=18.69 height_norm=0.191
[exp2] continuous center correction direction=backward
[tag] backend=pupil_apriltags id=0 center=(167.5,162.7) error_x=0.024 yaw_deg=-27.83 height=46.1px height_norm=0.192 margin=38.86 distance=0.28877330476516944
[exp2] phase=continuous_center center_error=0.024 raw_yaw_deg=-27.83 calibrated_yaw_deg=-27.83 target_yaw_deg=0.00 yaw_source=calibrated_pnp corner_error_deg=18.86 height_norm=0.192
[exp2] continuous center correction direction=backward
[tag] backend=pupil_apriltags id=0 center=(165.4,162.6) error_x=0.017 yaw_deg=-26.85 height=46.1px height_norm=0.192 margin=38.90 distance=0.28873863500106656
[exp2] phase=continuous_center center_error=0.017 raw_yaw_deg=-26.85 calibrated_yaw_deg=-26.85 target_yaw_deg=0.00 yaw_source=calibrated_pnp corner_error_deg=17.95 height_norm=0.192
[exp2] continuous center correction direction=backward
[tag] backend=pupil_apriltags id=0 center=(163.6,162.6) error_x=0.011 yaw_deg=-27.13 height=46.1px height_norm=0.192 margin=38.34 distance=0.28864453808522644
[exp2] phase=continuous_center center_error=0.011 raw_yaw_deg=-27.13 calibrated_yaw_deg=-27.13 target_yaw_deg=0.00 yaw_source=calibrated_pnp corner_error_deg=17.86 height_norm=0.192
[map] motion direction=backward speed=0.2 effective_seconds=0.3657517433166504 pose={'x_m': -0.581840346929645, 'y_m': -0.17423362586347219, 'heading_rad': 0.8983372636379325}
[base] continuous stop label=exp2_center_align elapsed=0.366s
[base] stop
[exp2] center accepted; switching to yaw after 0.200s
[base] stop
[base] stop
[base] stop
[base] stop
[base] stop
[base] stop
[base] stop
[base] stop
[base] stop
[tag] backend=pupil_apriltags id=0 center=(159.9,162.8) error_x=-0.000 yaw_deg=-25.27 height=45.6px height_norm=0.190 margin=38.35 distance=0.2897361411716991
[exp2] phase=continuous_yaw center_error=-0.000 raw_yaw_deg=-25.27 calibrated_yaw_deg=-25.27 target_yaw_deg=0.00 yaw_source=calibrated_pnp corner_error_deg=17.20 height_norm=0.190
[base] continuous start label=exp2_yaw_align direction=left requested_speed=0.15 effective_speed=0.15
[exp2] continuous yaw correction direction=left
[tag] backend=pupil_apriltags id=0 center=(159.9,162.8) error_x=-0.000 yaw_deg=-25.34 height=45.6px height_norm=0.190 margin=38.18 distance=0.28992862632014393
[exp2] phase=continuous_yaw center_error=-0.000 raw_yaw_deg=-25.34 calibrated_yaw_deg=-25.34 target_yaw_deg=0.00 yaw_source=calibrated_pnp corner_error_deg=17.26 height_norm=0.190
[exp2] continuous yaw correction direction=left
[tag] backend=pupil_apriltags id=0 center=(159.8,162.8) error_x=-0.001 yaw_deg=-25.36 height=45.5px height_norm=0.190 margin=38.53 distance=0.2900418899916375
[exp2] phase=continuous_yaw center_error=-0.001 raw_yaw_deg=-25.36 calibrated_yaw_deg=-25.36 target_yaw_deg=0.00 yaw_source=calibrated_pnp corner_error_deg=17.00 height_norm=0.190
[exp2] continuous yaw correction direction=left
[tag] backend=pupil_apriltags id=0 center=(160.7,162.7) error_x=0.002 yaw_deg=-26.03 height=45.8px height_norm=0.191 margin=37.84 distance=0.29108385803467224
[exp2] phase=continuous_yaw center_error=0.002 raw_yaw_deg=-26.03 calibrated_yaw_deg=-26.03 target_yaw_deg=0.00 yaw_source=calibrated_pnp corner_error_deg=16.71 height_norm=0.191
[exp2] continuous yaw correction direction=left
[tag] backend=pupil_apriltags id=0 center=(163.2,162.5) error_x=0.010 yaw_deg=-26.47 height=45.7px height_norm=0.190 margin=37.89 distance=0.29026610019237187
[exp2] phase=continuous_yaw center_error=0.010 raw_yaw_deg=-26.47 calibrated_yaw_deg=-26.47 target_yaw_deg=0.00 yaw_source=calibrated_pnp corner_error_deg=16.93 height_norm=0.190
[exp2] continuous yaw correction direction=left
[tag] backend=pupil_apriltags id=0 center=(164.9,162.3) error_x=0.015 yaw_deg=-24.87 height=45.2px height_norm=0.188 margin=37.81 distance=0.2915738013694937
[exp2] phase=continuous_yaw center_error=0.015 raw_yaw_deg=-24.87 calibrated_yaw_deg=-24.87 target_yaw_deg=0.00 yaw_source=calibrated_pnp corner_error_deg=16.76 height_norm=0.188
[map] motion direction=left speed=0.15 effective_seconds=0.3614373207092285 pose={'x_m': -0.581840346929645, 'y_m': -0.17423362586347219, 'heading_rad': 0.8437464544324822}
[base] continuous stop label=exp2_yaw_align elapsed=0.361s
[base] stop
[exp2] continuous x guard preempted yaw error=0.015 limit=0.012; camera_settle_seconds=0.200
[base] stop
[base] stop
[base] stop
[base] stop
[base] stop
[base] stop
[base] stop
[base] stop
[base] stop
[tag] backend=pupil_apriltags id=0 center=(169.4,162.2) error_x=0.029 yaw_deg=-26.28 height=45.2px height_norm=0.188 margin=38.22 distance=0.29028986351088326
[exp2] phase=continuous_center center_error=0.029 raw_yaw_deg=-26.28 calibrated_yaw_deg=-26.28 target_yaw_deg=0.00 yaw_source=calibrated_pnp corner_error_deg=18.04 height_norm=0.188
[base] continuous start label=exp2_center_align direction=backward requested_speed=0.2 effective_speed=0.2
[exp2] continuous center correction direction=backward
[tag] backend=pupil_apriltags id=0 center=(169.5,162.2) error_x=0.030 yaw_deg=-26.21 height=45.1px height_norm=0.188 margin=38.25 distance=0.2908169155846136
[exp2] phase=continuous_center center_error=0.030 raw_yaw_deg=-26.21 calibrated_yaw_deg=-26.21 target_yaw_deg=0.00 yaw_source=calibrated_pnp corner_error_deg=17.77 height_norm=0.188
[exp2] continuous center correction direction=backward
[tag] backend=pupil_apriltags id=0 center=(168.7,162.2) error_x=0.027 yaw_deg=-25.83 height=45.2px height_norm=0.188 margin=38.49 distance=0.2892504764297017
[exp2] phase=continuous_center center_error=0.027 raw_yaw_deg=-25.83 calibrated_yaw_deg=-25.83 target_yaw_deg=0.00 yaw_source=calibrated_pnp corner_error_deg=17.49 height_norm=0.188
[exp2] continuous center correction direction=backward
[tag] backend=pupil_apriltags id=0 center=(167.1,162.2) error_x=0.022 yaw_deg=-25.47 height=45.1px height_norm=0.188 margin=38.35 distance=0.290968655244865
[exp2] phase=continuous_center center_error=0.022 raw_yaw_deg=-25.47 calibrated_yaw_deg=-25.47 target_yaw_deg=0.00 yaw_source=calibrated_pnp corner_error_deg=17.55 height_norm=0.188
[exp2] continuous center correction direction=backward
[tag] backend=pupil_apriltags id=0 center=(165.6,162.2) error_x=0.018 yaw_deg=-24.6 height=45.0px height_norm=0.188 margin=38.14 distance=0.29194056187272693
[exp2] phase=continuous_center center_error=0.018 raw_yaw_deg=-24.6 calibrated_yaw_deg=-24.6 target_yaw_deg=0.00 yaw_source=calibrated_pnp corner_error_deg=16.09 height_norm=0.188
[exp2] continuous center correction direction=backward
[tag] backend=pupil_apriltags id=0 center=(164.0,162.2) error_x=0.012 yaw_deg=-24.69 height=44.9px height_norm=0.187 margin=38.53 distance=0.2915666708286405
[exp2] phase=continuous_center center_error=0.012 raw_yaw_deg=-24.69 calibrated_yaw_deg=-24.69 target_yaw_deg=0.00 yaw_source=calibrated_pnp corner_error_deg=16.72 height_norm=0.187
[exp2] continuous center correction direction=backward
[tag] backend=pupil_apriltags id=0 center=(161.7,162.3) error_x=0.005 yaw_deg=-24.84 height=45.0px height_norm=0.188 margin=38.15 distance=0.2904174615119246
[exp2] phase=continuous_center center_error=0.005 raw_yaw_deg=-24.84 calibrated_yaw_deg=-24.84 target_yaw_deg=0.00 yaw_source=calibrated_pnp corner_error_deg=16.29 height_norm=0.188
[map] motion direction=backward speed=0.2 effective_seconds=0.4288365840911865 pose={'x_m': -0.5922533575025252, 'y_m': -0.1834972346395339, 'heading_rad': 0.8437464544324822}
[base] continuous stop label=exp2_center_align elapsed=0.429s
[base] stop
[exp2] center accepted; switching to yaw after 0.200s
[base] stop
[base] stop
[base] stop
[base] stop
[base] stop
[base] stop
[base] stop
[base] stop
[base] stop
[tag] backend=pupil_apriltags id=0 center=(158.1,162.3) error_x=-0.006 yaw_deg=-24.24 height=44.9px height_norm=0.187 margin=38.18 distance=0.29042889916577075
[exp2] phase=continuous_yaw center_error=-0.006 raw_yaw_deg=-24.24 calibrated_yaw_deg=-24.24 target_yaw_deg=0.00 yaw_source=calibrated_pnp corner_error_deg=16.14 height_norm=0.187
[base] continuous start label=exp2_yaw_align direction=left requested_speed=0.15 effective_speed=0.15
[exp2] continuous yaw correction direction=left
[tag] backend=pupil_apriltags id=0 center=(158.1,162.3) error_x=-0.006 yaw_deg=-24.06 height=44.9px height_norm=0.187 margin=38.37 distance=0.2906769174598043
[exp2] phase=continuous_yaw center_error=-0.006 raw_yaw_deg=-24.06 calibrated_yaw_deg=-24.06 target_yaw_deg=0.00 yaw_source=calibrated_pnp corner_error_deg=16.07 height_norm=0.187
[exp2] continuous yaw correction direction=left
[tag] backend=pupil_apriltags id=0 center=(158.1,162.3) error_x=-0.006 yaw_deg=-23.97 height=44.8px height_norm=0.187 margin=38.07 distance=0.29082616118073223
[exp2] phase=continuous_yaw center_error=-0.006 raw_yaw_deg=-23.97 calibrated_yaw_deg=-23.97 target_yaw_deg=0.00 yaw_source=calibrated_pnp corner_error_deg=16.09 height_norm=0.187
[exp2] continuous yaw correction direction=left
[tag] backend=pupil_apriltags id=0 center=(158.9,162.1) error_x=-0.004 yaw_deg=-23.26 height=44.7px height_norm=0.186 margin=37.80 distance=0.2933176114044832
[exp2] phase=continuous_yaw center_error=-0.004 raw_yaw_deg=-23.26 calibrated_yaw_deg=-23.26 target_yaw_deg=0.00 yaw_source=calibrated_pnp corner_error_deg=15.12 height_norm=0.186
[exp2] continuous yaw correction direction=left
[tag] backend=pupil_apriltags id=0 center=(160.5,161.7) error_x=0.002 yaw_deg=-23.45 height=44.9px height_norm=0.187 margin=37.58 distance=0.2927581506463944
[exp2] phase=continuous_yaw center_error=0.002 raw_yaw_deg=-23.45 calibrated_yaw_deg=-23.45 target_yaw_deg=0.00 yaw_source=calibrated_pnp corner_error_deg=15.38 height_norm=0.187
[exp2] continuous yaw correction direction=left
[tag] backend=pupil_apriltags id=0 center=(164.0,161.3) error_x=0.012 yaw_deg=-23.91 height=44.9px height_norm=0.187 margin=37.77 distance=0.29153724479675
[exp2] phase=continuous_yaw center_error=0.012 raw_yaw_deg=-23.91 calibrated_yaw_deg=-23.91 target_yaw_deg=0.00 yaw_source=calibrated_pnp corner_error_deg=15.92 height_norm=0.187
[map] motion direction=left speed=0.15 effective_seconds=0.38149547576904297 pose={'x_m': -0.5922533575025252, 'y_m': -0.1834972346395339, 'heading_rad': 0.7861260994298935}
[base] continuous stop label=exp2_yaw_align elapsed=0.381s
[base] stop
[exp2] continuous x guard preempted yaw error=0.012 limit=0.012; camera_settle_seconds=0.200
[base] stop
[base] stop
[base] stop
[base] stop
[base] stop
[base] stop
[base] stop
[base] stop
[base] stop
[tag] backend=pupil_apriltags id=0 center=(167.8,161.4) error_x=0.024 yaw_deg=-24.11 height=44.5px height_norm=0.185 margin=38.32 distance=0.29217780510663
[exp2] phase=continuous_center center_error=0.024 raw_yaw_deg=-24.11 calibrated_yaw_deg=-24.11 target_yaw_deg=0.00 yaw_source=calibrated_pnp corner_error_deg=16.36 height_norm=0.185
[base] continuous start label=exp2_center_align direction=backward requested_speed=0.2 effective_speed=0.2
[exp2] continuous center correction direction=backward
[tag] backend=pupil_apriltags id=0 center=(167.7,161.3) error_x=0.024 yaw_deg=-24.09 height=44.6px height_norm=0.186 margin=37.73 distance=0.2921417794867571
[exp2] phase=continuous_center center_error=0.024 raw_yaw_deg=-24.09 calibrated_yaw_deg=-24.09 target_yaw_deg=0.00 yaw_source=calibrated_pnp corner_error_deg=16.29 height_norm=0.186
[exp2] continuous center correction direction=backward
[tag] backend=pupil_apriltags id=0 center=(167.3,161.2) error_x=0.023 yaw_deg=-23.71 height=44.4px height_norm=0.185 margin=38.27 distance=0.29286163592712605
[exp2] phase=continuous_center center_error=0.023 raw_yaw_deg=-23.71 calibrated_yaw_deg=-23.71 target_yaw_deg=0.00 yaw_source=calibrated_pnp corner_error_deg=16.28 height_norm=0.185
[exp2] continuous center correction direction=backward
[tag] backend=pupil_apriltags id=0 center=(165.5,161.5) error_x=0.017 yaw_deg=-23.46 height=44.3px height_norm=0.185 margin=37.76 distance=0.29295990186445653
[exp2] phase=continuous_center center_error=0.017 raw_yaw_deg=-23.46 calibrated_yaw_deg=-23.46 target_yaw_deg=0.00 yaw_source=calibrated_pnp corner_error_deg=15.29 height_norm=0.185
[exp2] continuous center correction direction=backward
[tag] backend=pupil_apriltags id=0 center=(164.1,161.3) error_x=0.013 yaw_deg=-22.89 height=44.3px height_norm=0.184 margin=38.23 distance=0.29310454635776206
[exp2] phase=continuous_center center_error=0.013 raw_yaw_deg=-22.89 calibrated_yaw_deg=-22.89 target_yaw_deg=0.00 yaw_source=calibrated_pnp corner_error_deg=15.87 height_norm=0.184
[exp2] continuous center correction direction=backward
[tag] backend=pupil_apriltags id=0 center=(162.3,161.3) error_x=0.007 yaw_deg=-22.26 height=44.1px height_norm=0.184 margin=38.02 distance=0.29415367162850414
[exp2] phase=continuous_center center_error=0.007 raw_yaw_deg=-22.26 calibrated_yaw_deg=-22.26 target_yaw_deg=0.00 yaw_source=calibrated_pnp corner_error_deg=15.16 height_norm=0.184
[map] motion direction=backward speed=0.2 effective_seconds=0.37264060974121094 pose={'x_m': -0.6008232318352916, 'y_m': -0.192054641405049, 'heading_rad': 0.7861260994298935}
[base] continuous stop label=exp2_center_align elapsed=0.373s
[base] stop
[exp2] center accepted; switching to yaw after 0.200s
[base] stop
[base] stop
[base] stop
[base] stop
[base] stop
[base] stop
[base] stop
[base] stop
[base] stop
[tag] backend=pupil_apriltags id=0 center=(157.5,161.6) error_x=-0.008 yaw_deg=-21.75 height=43.8px height_norm=0.183 margin=37.86 distance=0.29434717600885457
[exp2] phase=continuous_yaw center_error=-0.008 raw_yaw_deg=-21.75 calibrated_yaw_deg=-21.75 target_yaw_deg=0.00 yaw_source=calibrated_pnp corner_error_deg=14.39 height_norm=0.183
[base] continuous start label=exp2_yaw_align direction=left requested_speed=0.15 effective_speed=0.15
[exp2] continuous yaw correction direction=left
[tag] backend=pupil_apriltags id=0 center=(157.4,161.5) error_x=-0.008 yaw_deg=-21.58 height=43.8px height_norm=0.182 margin=37.83 distance=0.29491061528914814
[exp2] phase=continuous_yaw center_error=-0.008 raw_yaw_deg=-21.58 calibrated_yaw_deg=-21.58 target_yaw_deg=0.00 yaw_source=calibrated_pnp corner_error_deg=14.31 height_norm=0.182
[exp2] continuous yaw correction direction=left
[tag] backend=pupil_apriltags id=0 center=(157.5,161.5) error_x=-0.008 yaw_deg=-21.74 height=43.8px height_norm=0.183 margin=37.82 distance=0.2943703796660703
[exp2] phase=continuous_yaw center_error=-0.008 raw_yaw_deg=-21.74 calibrated_yaw_deg=-21.74 target_yaw_deg=0.00 yaw_source=calibrated_pnp corner_error_deg=14.34 height_norm=0.183
[exp2] continuous yaw correction direction=left
[tag] backend=pupil_apriltags id=0 center=(159.1,161.4) error_x=-0.003 yaw_deg=-21.28 height=43.6px height_norm=0.182 margin=37.79 distance=0.2970164733267791
[exp2] phase=continuous_yaw center_error=-0.003 raw_yaw_deg=-21.28 calibrated_yaw_deg=-21.28 target_yaw_deg=0.00 yaw_source=calibrated_pnp corner_error_deg=13.58 height_norm=0.182
[exp2] continuous yaw correction direction=left
[tag] backend=pupil_apriltags id=0 center=(161.8,161.3) error_x=0.006 yaw_deg=-21.92 height=43.8px height_norm=0.182 margin=37.63 distance=0.2951000352315084
[exp2] phase=continuous_yaw center_error=0.006 raw_yaw_deg=-21.92 calibrated_yaw_deg=-21.92 target_yaw_deg=0.00 yaw_source=calibrated_pnp corner_error_deg=14.65 height_norm=0.182
[exp2] continuous yaw correction direction=left
[tag] backend=pupil_apriltags id=0 center=(164.5,161.1) error_x=0.014 yaw_deg=-21.69 height=43.6px height_norm=0.182 margin=37.34 distance=0.2953281317608348
[exp2] phase=continuous_yaw center_error=0.014 raw_yaw_deg=-21.69 calibrated_yaw_deg=-21.69 target_yaw_deg=0.00 yaw_source=calibrated_pnp corner_error_deg=14.48 height_norm=0.182
[map] motion direction=left speed=0.15 effective_seconds=0.3995780944824219 pose={'x_m': -0.6008232318352916, 'y_m': -0.192054641405049, 'heading_rad': 0.7257745799028998}
[base] continuous stop label=exp2_yaw_align elapsed=0.400s
[base] stop
[exp2] continuous x guard preempted yaw error=0.014 limit=0.012; camera_settle_seconds=0.200
[base] stop
[base] stop
[base] stop
[base] stop
[base] stop
[base] stop
[base] stop
[base] stop
[base] stop
[tag] backend=pupil_apriltags id=0 center=(170.0,160.7) error_x=0.031 yaw_deg=-21.81 height=43.6px height_norm=0.182 margin=38.55 distance=0.2944207148717604
[exp2] phase=continuous_center center_error=0.031 raw_yaw_deg=-21.81 calibrated_yaw_deg=-21.81 target_yaw_deg=0.00 yaw_source=calibrated_pnp corner_error_deg=15.80 height_norm=0.182
[base] continuous start label=exp2_center_align direction=backward requested_speed=0.2 effective_speed=0.2
[exp2] continuous center correction direction=backward
[tag] backend=pupil_apriltags id=0 center=(170.0,160.7) error_x=0.031 yaw_deg=-21.76 height=43.6px height_norm=0.182 margin=38.37 distance=0.29457009824037655
[exp2] phase=continuous_center center_error=0.031 raw_yaw_deg=-21.76 calibrated_yaw_deg=-21.76 target_yaw_deg=0.00 yaw_source=calibrated_pnp corner_error_deg=15.79 height_norm=0.182
[exp2] continuous center correction direction=backward
[tag] backend=pupil_apriltags id=0 center=(169.9,160.8) error_x=0.031 yaw_deg=-22.68 height=43.7px height_norm=0.182 margin=38.35 distance=0.2930546871134932
[exp2] phase=continuous_center center_error=0.031 raw_yaw_deg=-22.68 calibrated_yaw_deg=-22.68 target_yaw_deg=0.00 yaw_source=calibrated_pnp corner_error_deg=15.57 height_norm=0.182
[exp2] continuous center correction direction=backward
[tag] backend=pupil_apriltags id=0 center=(168.9,161.0) error_x=0.028 yaw_deg=-22.34 height=43.5px height_norm=0.181 margin=37.82 distance=0.29316912750679636
[exp2] phase=continuous_center center_error=0.028 raw_yaw_deg=-22.34 calibrated_yaw_deg=-22.34 target_yaw_deg=0.00 yaw_source=calibrated_pnp corner_error_deg=15.42 height_norm=0.181
[exp2] continuous center correction direction=backward
[tag] backend=pupil_apriltags id=0 center=(166.8,161.1) error_x=0.021 yaw_deg=-21.55 height=43.3px height_norm=0.180 margin=37.69 distance=0.2948148894835791
[exp2] phase=continuous_center center_error=0.021 raw_yaw_deg=-21.55 calibrated_yaw_deg=-21.55 target_yaw_deg=0.00 yaw_source=calibrated_pnp corner_error_deg=14.72 height_norm=0.180
[exp2] continuous center correction direction=backward
[tag] backend=pupil_apriltags id=0 center=(165.0,161.0) error_x=0.015 yaw_deg=-21.38 height=43.3px height_norm=0.180 margin=37.86 distance=0.29396527179104553
[exp2] phase=continuous_center center_error=0.015 raw_yaw_deg=-21.38 calibrated_yaw_deg=-21.38 target_yaw_deg=0.00 yaw_source=calibrated_pnp corner_error_deg=14.43 height_norm=0.180
[exp2] continuous center correction direction=backward
[tag] backend=pupil_apriltags id=0 center=(162.0,160.9) error_x=0.006 yaw_deg=-21.23 height=43.2px height_norm=0.180 margin=37.81 distance=0.2939265918326422
[exp2] phase=continuous_center center_error=0.006 raw_yaw_deg=-21.23 calibrated_yaw_deg=-21.23 target_yaw_deg=0.00 yaw_source=calibrated_pnp corner_error_deg=14.07 height_norm=0.180
[map] motion direction=backward speed=0.2 effective_seconds=0.46134376525878906 pose={'x_m': -0.6107747573370919, 'y_m': -0.2032696916213088, 'heading_rad': 0.7257745799028998}
[base] continuous stop label=exp2_center_align elapsed=0.461s
[base] stop
[exp2] center accepted; switching to yaw after 0.200s
[base] stop
[base] stop
[base] stop
[base] stop
[base] stop
[base] stop
[base] stop
[base] stop
[base] stop
[tag] backend=pupil_apriltags id=0 center=(159.2,161.0) error_x=-0.002 yaw_deg=-19.05 height=42.9px height_norm=0.179 margin=37.92 distance=0.2963737434141635
[exp2] phase=continuous_yaw center_error=-0.002 raw_yaw_deg=-19.05 calibrated_yaw_deg=-19.05 target_yaw_deg=0.00 yaw_source=calibrated_pnp corner_error_deg=13.38 height_norm=0.179
[base] continuous start label=exp2_yaw_align direction=left requested_speed=0.15 effective_speed=0.15
[exp2] continuous yaw correction direction=left
[tag] backend=pupil_apriltags id=0 center=(159.1,161.0) error_x=-0.003 yaw_deg=-19.02 height=43.0px height_norm=0.179 margin=38.09 distance=0.29655452035440105
[exp2] phase=continuous_yaw center_error=-0.003 raw_yaw_deg=-19.02 calibrated_yaw_deg=-19.02 target_yaw_deg=0.00 yaw_source=calibrated_pnp corner_error_deg=13.25 height_norm=0.179
[exp2] continuous yaw correction direction=left
[tag] backend=pupil_apriltags id=0 center=(159.0,161.0) error_x=-0.003 yaw_deg=-18.89 height=42.9px height_norm=0.179 margin=37.50 distance=0.2969910492433481
[exp2] phase=continuous_yaw center_error=-0.003 raw_yaw_deg=-18.89 calibrated_yaw_deg=-18.89 target_yaw_deg=0.00 yaw_source=calibrated_pnp corner_error_deg=13.09 height_norm=0.179
[exp2] continuous yaw correction direction=left
[tag] backend=pupil_apriltags id=0 center=(159.0,160.9) error_x=-0.003 yaw_deg=-18.94 height=42.9px height_norm=0.179 margin=37.97 distance=0.2968396408762114
[exp2] phase=continuous_yaw center_error=-0.003 raw_yaw_deg=-18.94 calibrated_yaw_deg=-18.94 target_yaw_deg=0.00 yaw_source=calibrated_pnp corner_error_deg=13.22 height_norm=0.179
[exp2] continuous yaw correction direction=left
[tag] backend=pupil_apriltags id=0 center=(160.2,160.7) error_x=0.001 yaw_deg=-19.12 height=42.8px height_norm=0.178 margin=38.32 distance=0.29702684254124895
[exp2] phase=continuous_yaw center_error=0.001 raw_yaw_deg=-19.12 calibrated_yaw_deg=-19.12 target_yaw_deg=0.00 yaw_source=calibrated_pnp corner_error_deg=13.02 height_norm=0.178
[exp2] continuous yaw correction direction=left
[tag] backend=pupil_apriltags id=0 center=(162.9,160.2) error_x=0.009 yaw_deg=-19.16 height=42.8px height_norm=0.179 margin=37.70 distance=0.29777385279861124
[exp2] phase=continuous_yaw center_error=0.009 raw_yaw_deg=-19.16 calibrated_yaw_deg=-19.16 target_yaw_deg=0.00 yaw_source=calibrated_pnp corner_error_deg=12.96 height_norm=0.179
[exp2] continuous yaw correction direction=left
[tag] backend=pupil_apriltags id=0 center=(164.8,160.2) error_x=0.015 yaw_deg=-19.45 height=42.7px height_norm=0.178 margin=38.01 distance=0.2965469336310082
[exp2] phase=continuous_yaw center_error=0.015 raw_yaw_deg=-19.45 calibrated_yaw_deg=-19.45 target_yaw_deg=0.00 yaw_source=calibrated_pnp corner_error_deg=13.20 height_norm=0.178
[map] motion direction=left speed=0.15 effective_seconds=0.45551061630249023 pose={'x_m': -0.6107747573370919, 'y_m': -0.2032696916213088, 'heading_rad': 0.6569751180851999}
[base] continuous stop label=exp2_yaw_align elapsed=0.456s
[base] stop
[exp2] continuous x guard preempted yaw error=0.015 limit=0.012; camera_settle_seconds=0.200
[base] stop
[base] stop
[base] stop
[base] stop
[base] stop
[base] stop
[base] stop
[base] stop
[base] stop
[tag] backend=pupil_apriltags id=0 center=(168.9,160.0) error_x=0.028 yaw_deg=-20.63 height=42.5px height_norm=0.177 margin=38.07 distance=0.29783792420868843
[exp2] phase=continuous_center center_error=0.028 raw_yaw_deg=-20.63 calibrated_yaw_deg=-20.63 target_yaw_deg=0.00 yaw_source=calibrated_pnp corner_error_deg=13.68 height_norm=0.177
[base] continuous start label=exp2_center_align direction=backward requested_speed=0.2 effective_speed=0.2
[exp2] continuous center correction direction=backward
[tag] backend=pupil_apriltags id=0 center=(168.9,160.0) error_x=0.028 yaw_deg=-20.55 height=42.4px height_norm=0.177 margin=37.49 distance=0.2979088215305675
[exp2] phase=continuous_center center_error=0.028 raw_yaw_deg=-20.55 calibrated_yaw_deg=-20.55 target_yaw_deg=0.00 yaw_source=calibrated_pnp corner_error_deg=13.67 height_norm=0.177
[exp2] continuous center correction direction=backward
[tag] backend=pupil_apriltags id=0 center=(168.3,159.9) error_x=0.026 yaw_deg=-18.9 height=42.2px height_norm=0.176 margin=38.11 distance=0.29970222956502984
[exp2] phase=continuous_center center_error=0.026 raw_yaw_deg=-18.9 calibrated_yaw_deg=-18.9 target_yaw_deg=0.00 yaw_source=calibrated_pnp corner_error_deg=13.37 height_norm=0.176
[exp2] continuous center correction direction=backward
[tag] backend=pupil_apriltags id=0 center=(166.6,160.0) error_x=0.021 yaw_deg=-18.98 height=42.3px height_norm=0.176 margin=37.44 distance=0.2991818503264305
[exp2] phase=continuous_center center_error=0.021 raw_yaw_deg=-18.98 calibrated_yaw_deg=-18.98 target_yaw_deg=0.00 yaw_source=calibrated_pnp corner_error_deg=13.38 height_norm=0.176
[exp2] continuous center correction direction=backward
[tag] backend=pupil_apriltags id=0 center=(165.1,159.7) error_x=0.016 yaw_deg=-17.69 height=42.2px height_norm=0.176 margin=38.01 distance=0.2975925280665763
[exp2] phase=continuous_center center_error=0.016 raw_yaw_deg=-17.69 calibrated_yaw_deg=-17.69 target_yaw_deg=0.00 yaw_source=calibrated_pnp corner_error_deg=11.95 height_norm=0.176
[exp2] continuous center correction direction=backward
[tag] backend=pupil_apriltags id=0 center=(164.1,159.7) error_x=0.013 yaw_deg=-18.93 height=42.2px height_norm=0.176 margin=38.08 distance=0.2968538484713161
[exp2] phase=continuous_center center_error=0.013 raw_yaw_deg=-18.93 calibrated_yaw_deg=-18.93 target_yaw_deg=0.00 yaw_source=calibrated_pnp corner_error_deg=12.72 height_norm=0.176
[exp2] continuous center correction direction=backward
[tag] backend=pupil_apriltags id=0 center=(161.8,159.8) error_x=0.006 yaw_deg=-18.46 height=42.1px height_norm=0.175 margin=37.78 distance=0.2976298988149301
[exp2] phase=continuous_center center_error=0.006 raw_yaw_deg=-18.46 calibrated_yaw_deg=-18.46 target_yaw_deg=0.00 yaw_source=calibrated_pnp corner_error_deg=12.58 height_norm=0.175
[map] motion direction=backward speed=0.2 effective_seconds=0.4652736186981201 pose={'x_m': -0.6200097610280569, 'y_m': -0.2152434638432834, 'heading_rad': 0.6569751180851999}
[base] continuous stop label=exp2_center_align elapsed=0.465s
[base] stop
[exp2] center accepted; switching to yaw after 0.200s
[base] stop
[base] stop
[base] stop
[base] stop
[base] stop
[base] stop
[base] stop
[base] stop
[base] stop
[tag] backend=pupil_apriltags id=0 center=(157.3,159.7) error_x=-0.008 yaw_deg=-16.83 height=42.0px height_norm=0.175 margin=37.93 distance=0.2987416668235937
[exp2] phase=continuous_yaw center_error=-0.008 raw_yaw_deg=-16.83 calibrated_yaw_deg=-16.83 target_yaw_deg=0.00 yaw_source=calibrated_pnp corner_error_deg=11.78 height_norm=0.175
[base] continuous start label=exp2_yaw_align direction=left requested_speed=0.15 effective_speed=0.15
[exp2] continuous yaw correction direction=left
[tag] backend=pupil_apriltags id=0 center=(157.3,159.7) error_x=-0.009 yaw_deg=-16.82 height=42.0px height_norm=0.175 margin=38.02 distance=0.2989476182719961
[exp2] phase=continuous_yaw center_error=-0.009 raw_yaw_deg=-16.82 calibrated_yaw_deg=-16.82 target_yaw_deg=0.00 yaw_source=calibrated_pnp corner_error_deg=11.62 height_norm=0.175
[exp2] continuous yaw correction direction=left
[tag] backend=pupil_apriltags id=0 center=(157.1,159.6) error_x=-0.009 yaw_deg=-16.55 height=42.1px height_norm=0.175 margin=37.66 distance=0.2991577975364711
[exp2] phase=continuous_yaw center_error=-0.009 raw_yaw_deg=-16.55 calibrated_yaw_deg=-16.55 target_yaw_deg=0.00 yaw_source=calibrated_pnp corner_error_deg=11.52 height_norm=0.175
[exp2] continuous yaw correction direction=left
[tag] backend=pupil_apriltags id=0 center=(158.0,159.5) error_x=-0.006 yaw_deg=-17.38 height=42.1px height_norm=0.175 margin=37.73 distance=0.2986393965882757
[exp2] phase=continuous_yaw center_error=-0.006 raw_yaw_deg=-17.38 calibrated_yaw_deg=-17.38 target_yaw_deg=0.00 yaw_source=calibrated_pnp corner_error_deg=11.56 height_norm=0.175
[exp2] continuous yaw correction direction=left
[tag] backend=pupil_apriltags id=0 center=(160.1,159.4) error_x=0.000 yaw_deg=-17.6 height=42.0px height_norm=0.175 margin=37.53 distance=0.2986182461001502
[exp2] phase=continuous_yaw center_error=0.000 raw_yaw_deg=-17.6 calibrated_yaw_deg=-17.6 target_yaw_deg=0.00 yaw_source=calibrated_pnp corner_error_deg=12.02 height_norm=0.175
[exp2] continuous yaw correction direction=left
[tag] backend=pupil_apriltags id=0 center=(163.0,159.2) error_x=0.009 yaw_deg=-16.33 height=41.5px height_norm=0.173 margin=37.47 distance=0.30043995251669203
[exp2] phase=continuous_yaw center_error=0.009 raw_yaw_deg=-16.33 calibrated_yaw_deg=-16.33 target_yaw_deg=0.00 yaw_source=calibrated_pnp corner_error_deg=11.92 height_norm=0.173
[exp2] continuous yaw correction direction=left
[tag] backend=pupil_apriltags id=0 center=(165.0,159.1) error_x=0.016 yaw_deg=-16.45 height=41.4px height_norm=0.173 margin=38.06 distance=0.2993300447973543
[exp2] phase=continuous_yaw center_error=0.016 raw_yaw_deg=-16.45 calibrated_yaw_deg=-16.45 target_yaw_deg=0.00 yaw_source=calibrated_pnp corner_error_deg=11.55 height_norm=0.173
[map] motion direction=left speed=0.15 effective_seconds=0.4729166030883789 pose={'x_m': -0.6200097610280569, 'y_m': -0.2152434638432834, 'heading_rad': 0.5855466889494698}
[base] continuous stop label=exp2_yaw_align elapsed=0.473s
[base] stop
[exp2] continuous x guard preempted yaw error=0.016 limit=0.012; camera_settle_seconds=0.200
[base] stop
[base] stop
[base] stop
[base] stop
[base] stop
[base] stop
[base] stop
[base] stop
[base] stop
[tag] backend=pupil_apriltags id=0 center=(168.3,159.0) error_x=0.026 yaw_deg=-15.52 height=41.0px height_norm=0.171 margin=37.44 distance=0.3023853703120493
[exp2] phase=continuous_center center_error=0.026 raw_yaw_deg=-15.52 calibrated_yaw_deg=-15.52 target_yaw_deg=0.00 yaw_source=calibrated_pnp corner_error_deg=12.20 height_norm=0.171
[base] continuous start label=exp2_center_align direction=backward requested_speed=0.2 effective_speed=0.2
[exp2] continuous center correction direction=backward
[tag] backend=pupil_apriltags id=0 center=(168.3,159.0) error_x=0.026 yaw_deg=-15.5 height=41.0px height_norm=0.171 margin=38.33 distance=0.3024914915573237
[exp2] phase=continuous_center center_error=0.026 raw_yaw_deg=-15.5 calibrated_yaw_deg=-15.5 target_yaw_deg=0.00 yaw_source=calibrated_pnp corner_error_deg=12.22 height_norm=0.171
[exp2] continuous center correction direction=backward
[tag] backend=pupil_apriltags id=0 center=(168.1,159.0) error_x=0.025 yaw_deg=-16.36 height=41.0px height_norm=0.171 margin=38.45 distance=0.3009190533403182
[exp2] phase=continuous_center center_error=0.025 raw_yaw_deg=-16.36 calibrated_yaw_deg=-16.36 target_yaw_deg=0.00 yaw_source=calibrated_pnp corner_error_deg=12.20 height_norm=0.171
[exp2] continuous center correction direction=backward
[tag] backend=pupil_apriltags id=0 center=(167.2,159.0) error_x=0.022 yaw_deg=-16.4 height=40.9px height_norm=0.171 margin=37.91 distance=0.3004689240333877
[exp2] phase=continuous_center center_error=0.022 raw_yaw_deg=-16.4 calibrated_yaw_deg=-16.4 target_yaw_deg=0.00 yaw_source=calibrated_pnp corner_error_deg=11.81 height_norm=0.171
[exp2] continuous center correction direction=backward
[tag] backend=pupil_apriltags id=0 center=(164.2,159.0) error_x=0.013 yaw_deg=-16.16 height=41.1px height_norm=0.171 margin=37.92 distance=0.299850803312074
[exp2] phase=continuous_center center_error=0.013 raw_yaw_deg=-16.16 calibrated_yaw_deg=-16.16 target_yaw_deg=0.00 yaw_source=calibrated_pnp corner_error_deg=11.73 height_norm=0.171
[exp2] continuous center correction direction=backward
[tag] backend=pupil_apriltags id=0 center=(163.2,159.0) error_x=0.010 yaw_deg=-15.01 height=40.8px height_norm=0.170 margin=37.68 distance=0.30218495936120876
[exp2] phase=continuous_center center_error=0.010 raw_yaw_deg=-15.01 calibrated_yaw_deg=-15.01 target_yaw_deg=0.00 yaw_source=calibrated_pnp corner_error_deg=11.00 height_norm=0.170
[map] motion direction=backward speed=0.2 effective_seconds=0.398726224899292 pose={'x_m': -0.627171398436577, 'y_m': -0.2260432936307194, 'heading_rad': 0.5855466889494698}
[base] continuous stop label=exp2_center_align elapsed=0.399s
[base] stop
[exp2] center accepted; switching to yaw after 0.200s
[base] stop
[base] stop
[base] stop
[base] stop
[base] stop
[base] stop
[base] stop
[base] stop
[base] stop
[tag] backend=pupil_apriltags id=0 center=(158.2,159.0) error_x=-0.006 yaw_deg=-14.8 height=40.8px height_norm=0.170 margin=37.85 distance=0.3016326468287725
[exp2] phase=continuous_yaw center_error=-0.006 raw_yaw_deg=-14.8 calibrated_yaw_deg=-14.8 target_yaw_deg=0.00 yaw_source=calibrated_pnp corner_error_deg=9.98 height_norm=0.170
[base] continuous start label=exp2_yaw_align direction=left requested_speed=0.15 effective_speed=0.15
[exp2] continuous yaw correction direction=left
[tag] backend=pupil_apriltags id=0 center=(158.2,159.0) error_x=-0.006 yaw_deg=-15.13 height=40.9px height_norm=0.170 margin=37.71 distance=0.3012566124340844
[exp2] phase=continuous_yaw center_error=-0.006 raw_yaw_deg=-15.13 calibrated_yaw_deg=-15.13 target_yaw_deg=0.00 yaw_source=calibrated_pnp corner_error_deg=10.02 height_norm=0.170
[exp2] continuous yaw correction direction=left
[tag] backend=pupil_apriltags id=0 center=(158.2,158.9) error_x=-0.005 yaw_deg=-14.72 height=40.7px height_norm=0.169 margin=38.31 distance=0.30173698489682443
[exp2] phase=continuous_yaw center_error=-0.005 raw_yaw_deg=-14.72 calibrated_yaw_deg=-14.72 target_yaw_deg=0.00 yaw_source=calibrated_pnp corner_error_deg=10.05 height_norm=0.169
[exp2] continuous yaw correction direction=left
[tag] backend=pupil_apriltags id=0 center=(158.9,158.8) error_x=-0.003 yaw_deg=-12.77 height=40.5px height_norm=0.169 margin=37.85 distance=0.3037759377854564
[exp2] phase=continuous_yaw center_error=-0.003 raw_yaw_deg=-12.77 calibrated_yaw_deg=-12.77 target_yaw_deg=0.00 yaw_source=calibrated_pnp corner_error_deg=9.82 height_norm=0.169
[exp2] continuous yaw correction direction=left
[tag] backend=pupil_apriltags id=0 center=(161.0,158.6) error_x=0.003 yaw_deg=-12.89 height=40.2px height_norm=0.168 margin=38.06 distance=0.30504314958190937
[exp2] phase=continuous_yaw center_error=0.003 raw_yaw_deg=-12.89 calibrated_yaw_deg=-12.89 target_yaw_deg=0.00 yaw_source=calibrated_pnp corner_error_deg=10.04 height_norm=0.168
[exp2] continuous yaw correction direction=left
[tag] backend=pupil_apriltags id=0 center=(163.3,158.5) error_x=0.010 yaw_deg=-13.27 height=40.1px height_norm=0.167 margin=37.94 distance=0.3055895442573911
[exp2] phase=continuous_yaw center_error=0.010 raw_yaw_deg=-13.27 calibrated_yaw_deg=-13.27 target_yaw_deg=0.00 yaw_source=calibrated_pnp corner_error_deg=10.08 height_norm=0.167
[exp2] continuous yaw correction direction=left
[tag] backend=pupil_apriltags id=0 center=(166.7,158.4) error_x=0.021 yaw_deg=-14.3 height=40.0px height_norm=0.167 margin=37.67 distance=0.30537922220451597
[exp2] phase=continuous_yaw center_error=0.021 raw_yaw_deg=-14.3 calibrated_yaw_deg=-14.3 target_yaw_deg=0.00 yaw_source=calibrated_pnp corner_error_deg=10.55 height_norm=0.167
[map] motion direction=left speed=0.15 effective_seconds=0.47721099853515625 pose={'x_m': -0.627171398436577, 'y_m': -0.2260432936307194, 'heading_rad': 0.5134696424489702}
[base] continuous stop label=exp2_yaw_align elapsed=0.477s
[base] stop
[exp2] continuous x guard preempted yaw error=0.021 limit=0.012; camera_settle_seconds=0.200
[base] stop
[base] stop
[base] stop
[base] stop
[base] stop
[base] stop
[base] stop
[base] stop
[base] stop
[tag] backend=pupil_apriltags id=0 center=(170.6,157.8) error_x=0.033 yaw_deg=-13.88 height=39.8px height_norm=0.166 margin=38.03 distance=0.30713933448374925
[exp2] phase=continuous_center center_error=0.033 raw_yaw_deg=-13.88 calibrated_yaw_deg=-13.88 target_yaw_deg=0.00 yaw_source=calibrated_pnp corner_error_deg=10.36 height_norm=0.166
[base] continuous start label=exp2_center_align direction=backward requested_speed=0.2 effective_speed=0.2
[exp2] continuous center correction direction=backward
[tag] backend=pupil_apriltags id=0 center=(170.7,157.8) error_x=0.033 yaw_deg=-14.09 height=39.8px height_norm=0.166 margin=37.62 distance=0.3068243617497017
[exp2] phase=continuous_center center_error=0.033 raw_yaw_deg=-14.09 calibrated_yaw_deg=-14.09 target_yaw_deg=0.00 yaw_source=calibrated_pnp corner_error_deg=10.56 height_norm=0.166
[exp2] continuous center correction direction=backward
[tag] backend=pupil_apriltags id=0 center=(170.0,157.7) error_x=0.031 yaw_deg=-14.19 height=39.8px height_norm=0.166 margin=37.99 distance=0.3047525924823652
[exp2] phase=continuous_center center_error=0.031 raw_yaw_deg=-14.19 calibrated_yaw_deg=-14.19 target_yaw_deg=0.00 yaw_source=calibrated_pnp corner_error_deg=10.91 height_norm=0.166
[exp2] continuous center correction direction=backward
[tag] backend=pupil_apriltags id=0 center=(169.1,157.6) error_x=0.028 yaw_deg=-13.87 height=39.7px height_norm=0.165 margin=38.24 distance=0.3043011821124585
[exp2] phase=continuous_center center_error=0.028 raw_yaw_deg=-13.87 calibrated_yaw_deg=-13.87 target_yaw_deg=0.00 yaw_source=calibrated_pnp corner_error_deg=10.34 height_norm=0.165
[exp2] continuous center correction direction=backward
[tag] backend=pupil_apriltags id=0 center=(167.4,157.7) error_x=0.023 yaw_deg=-13.21 height=39.6px height_norm=0.165 margin=37.25 distance=0.30523635407375194
[exp2] phase=continuous_center center_error=0.023 raw_yaw_deg=-13.21 calibrated_yaw_deg=-13.21 target_yaw_deg=0.00 yaw_source=calibrated_pnp corner_error_deg=9.86 height_norm=0.165
[exp2] continuous center correction direction=backward
[tag] backend=pupil_apriltags id=0 center=(164.3,158.0) error_x=0.013 yaw_deg=-12.57 height=39.5px height_norm=0.164 margin=38.36 distance=0.30633734380966465
[exp2] phase=continuous_center center_error=0.013 raw_yaw_deg=-12.57 calibrated_yaw_deg=-12.57 target_yaw_deg=0.00 yaw_source=calibrated_pnp corner_error_deg=9.76 height_norm=0.164
[exp2] continuous center correction direction=backward
[tag] backend=pupil_apriltags id=0 center=(162.2,157.8) error_x=0.007 yaw_deg=-12.97 height=39.6px height_norm=0.165 margin=38.13 distance=0.3049296473465194
[exp2] phase=continuous_center center_error=0.007 raw_yaw_deg=-12.97 calibrated_yaw_deg=-12.97 target_yaw_deg=0.00 yaw_source=calibrated_pnp corner_error_deg=9.33 height_norm=0.165
[map] motion direction=backward speed=0.2 effective_seconds=0.47648048400878906 pose={'x_m': -0.6347779702618536, 'y_m': -0.23953196886637465, 'heading_rad': 0.5134696424489702}
[base] continuous stop label=exp2_center_align elapsed=0.476s
[base] stop
[exp2] center accepted; switching to yaw after 0.200s
[base] stop
[base] stop
[base] stop
[base] stop
[base] stop
[base] stop
[base] stop
[base] stop
[base] stop
[tag] backend=pupil_apriltags id=0 center=(158.1,158.0) error_x=-0.006 yaw_deg=-11.84 height=39.2px height_norm=0.163 margin=38.27 distance=0.30606427621042753
[exp2] phase=continuous_yaw center_error=-0.006 raw_yaw_deg=-11.84 calibrated_yaw_deg=-11.84 target_yaw_deg=0.00 yaw_source=calibrated_pnp corner_error_deg=8.70 height_norm=0.163
[base] continuous start label=exp2_yaw_align direction=left requested_speed=0.15 effective_speed=0.15
[exp2] continuous yaw correction direction=left
[tag] backend=pupil_apriltags id=0 center=(158.1,158.0) error_x=-0.006 yaw_deg=-11.87 height=39.1px height_norm=0.163 margin=38.50 distance=0.30594236308975276
[exp2] phase=continuous_yaw center_error=-0.006 raw_yaw_deg=-11.87 calibrated_yaw_deg=-11.87 target_yaw_deg=0.00 yaw_source=calibrated_pnp corner_error_deg=8.75 height_norm=0.163
[exp2] continuous yaw correction direction=left
[tag] backend=pupil_apriltags id=0 center=(158.1,158.0) error_x=-0.006 yaw_deg=-11.63 height=39.1px height_norm=0.163 margin=38.45 distance=0.3064664841347539
[exp2] phase=continuous_yaw center_error=-0.006 raw_yaw_deg=-11.63 calibrated_yaw_deg=-11.63 target_yaw_deg=0.00 yaw_source=calibrated_pnp corner_error_deg=8.58 height_norm=0.163
[exp2] continuous yaw correction direction=left
[tag] backend=pupil_apriltags id=0 center=(158.8,157.7) error_x=-0.004 yaw_deg=-9.35 height=39.3px height_norm=0.164 margin=38.25 distance=0.30815849313826843
[exp2] phase=continuous_yaw center_error=-0.004 raw_yaw_deg=-9.35 calibrated_yaw_deg=-9.35 target_yaw_deg=0.00 yaw_source=calibrated_pnp corner_error_deg=7.62 height_norm=0.164
[exp2] continuous yaw correction direction=left
[tag] backend=pupil_apriltags id=0 center=(161.2,157.7) error_x=0.004 yaw_deg=-9.87 height=39.1px height_norm=0.163 margin=38.06 distance=0.3079587197178631
[exp2] phase=continuous_yaw center_error=0.004 raw_yaw_deg=-9.87 calibrated_yaw_deg=-9.87 target_yaw_deg=0.00 yaw_source=calibrated_pnp corner_error_deg=8.19 height_norm=0.163
[exp2] continuous yaw correction direction=left
[tag] backend=pupil_apriltags id=0 center=(164.2,157.2) error_x=0.013 yaw_deg=-10.86 height=39.2px height_norm=0.163 margin=37.89 distance=0.3062894835834063
[exp2] phase=continuous_yaw center_error=0.013 raw_yaw_deg=-10.86 calibrated_yaw_deg=-10.86 target_yaw_deg=0.00 yaw_source=calibrated_pnp corner_error_deg=8.58 height_norm=0.163
[map] motion direction=left speed=0.15 effective_seconds=0.4092140197753906 pose={'x_m': -0.6347779702618536, 'y_m': -0.23953196886637465, 'heading_rad': 0.45166273099356635}
[base] continuous stop label=exp2_yaw_align elapsed=0.409s
[base] stop
[exp2] continuous x guard preempted yaw error=0.013 limit=0.012; camera_settle_seconds=0.200
[base] stop
[base] stop
[base] stop
[base] stop
[base] stop
[base] stop
[base] stop
[base] stop
[base] stop
[tag] backend=pupil_apriltags id=0 center=(167.3,157.0) error_x=0.023 yaw_deg=-10.3 height=39.0px height_norm=0.162 margin=38.22 distance=0.30577632059178816
[exp2] phase=continuous_center center_error=0.023 raw_yaw_deg=-10.3 calibrated_yaw_deg=-10.3 target_yaw_deg=0.00 yaw_source=calibrated_pnp corner_error_deg=8.89 height_norm=0.162
[base] continuous start label=exp2_center_align direction=backward requested_speed=0.2 effective_speed=0.2
[exp2] continuous center correction direction=backward
[tag] backend=pupil_apriltags id=0 center=(167.3,157.0) error_x=0.023 yaw_deg=-10.17 height=39.0px height_norm=0.162 margin=37.87 distance=0.3058367967750692
[exp2] phase=continuous_center center_error=0.023 raw_yaw_deg=-10.17 calibrated_yaw_deg=-10.17 target_yaw_deg=0.00 yaw_source=calibrated_pnp corner_error_deg=8.73 height_norm=0.162
[exp2] continuous center correction direction=backward
[tag] backend=pupil_apriltags id=0 center=(167.2,157.1) error_x=0.022 yaw_deg=-10.46 height=38.9px height_norm=0.162 margin=37.64 distance=0.3059113968807395
[exp2] phase=continuous_center center_error=0.022 raw_yaw_deg=-10.46 calibrated_yaw_deg=-10.46 target_yaw_deg=0.00 yaw_source=calibrated_pnp corner_error_deg=8.81 height_norm=0.162
[exp2] continuous center correction direction=backward
[tag] backend=pupil_apriltags id=0 center=(165.1,157.0) error_x=0.016 yaw_deg=-10.05 height=38.8px height_norm=0.162 margin=37.42 distance=0.30579447191124576
[exp2] phase=continuous_center center_error=0.016 raw_yaw_deg=-10.05 calibrated_yaw_deg=-10.05 target_yaw_deg=0.00 yaw_source=calibrated_pnp corner_error_deg=7.52 height_norm=0.162
[exp2] continuous center correction direction=backward
[tag] backend=pupil_apriltags id=0 center=(163.8,157.0) error_x=0.012 yaw_deg=-10.96 height=38.9px height_norm=0.162 margin=38.64 distance=0.30797809922091773
[exp2] phase=continuous_center center_error=0.012 raw_yaw_deg=-10.96 calibrated_yaw_deg=-10.96 target_yaw_deg=0.00 yaw_source=calibrated_pnp corner_error_deg=8.11 height_norm=0.162
[map] motion direction=backward speed=0.2 effective_seconds=0.3290677070617676 pose={'x_m': -0.6394458020498295, 'y_m': -0.24915423287987679, 'heading_rad': 0.45166273099356635}
[base] continuous stop label=exp2_center_align elapsed=0.329s
[base] stop
[exp2] center accepted; switching to yaw after 0.200s
[base] stop
[base] stop
[base] stop
[base] stop
[base] stop
[base] stop
[base] stop
[base] stop
[base] stop
[tag] backend=pupil_apriltags id=0 center=(158.1,157.2) error_x=-0.006 yaw_deg=-7.81 height=38.7px height_norm=0.161 margin=38.59 distance=0.3075651641188476
[exp2] phase=continuous_yaw center_error=-0.006 raw_yaw_deg=-7.81 calibrated_yaw_deg=-7.81 target_yaw_deg=0.00 yaw_source=calibrated_pnp corner_error_deg=6.39 height_norm=0.161
[base] continuous start label=exp2_yaw_align direction=left requested_speed=0.15 effective_speed=0.15
[exp2] continuous yaw correction direction=left
[tag] backend=pupil_apriltags id=0 center=(158.1,157.2) error_x=-0.006 yaw_deg=-8.08 height=38.7px height_norm=0.161 margin=38.33 distance=0.3075353290234665
[exp2] phase=continuous_yaw center_error=-0.006 raw_yaw_deg=-8.08 calibrated_yaw_deg=-8.08 target_yaw_deg=0.00 yaw_source=calibrated_pnp corner_error_deg=6.53 height_norm=0.161
[exp2] continuous yaw correction direction=left
[tag] backend=pupil_apriltags id=0 center=(158.4,157.2) error_x=-0.005 yaw_deg=-8.0 height=38.8px height_norm=0.161 margin=38.39 distance=0.3075826340544609
[exp2] phase=continuous_yaw center_error=-0.005 raw_yaw_deg=-8.0 calibrated_yaw_deg=-8.0 target_yaw_deg=0.00 yaw_source=calibrated_pnp corner_error_deg=6.82 height_norm=0.161
[exp2] continuous yaw correction direction=left
[tag] backend=pupil_apriltags id=0 center=(160.0,157.0) error_x=0.000 yaw_deg=-10.83 height=38.9px height_norm=0.162 margin=38.27 distance=0.30712328095853614
[exp2] phase=continuous_yaw center_error=0.000 raw_yaw_deg=-10.83 calibrated_yaw_deg=-10.83 target_yaw_deg=0.00 yaw_source=calibrated_pnp corner_error_deg=7.84 height_norm=0.162
[exp2] continuous yaw correction direction=left
[tag] backend=pupil_apriltags id=0 center=(162.0,157.0) error_x=0.006 yaw_deg=-10.65 height=38.9px height_norm=0.162 margin=38.22 distance=0.30663334161655087
[exp2] phase=continuous_yaw center_error=0.006 raw_yaw_deg=-10.65 calibrated_yaw_deg=-10.65 target_yaw_deg=0.00 yaw_source=calibrated_pnp corner_error_deg=8.10 height_norm=0.162
[exp2] continuous yaw correction direction=left
[tag] backend=pupil_apriltags id=0 center=(165.0,156.9) error_x=0.016 yaw_deg=-9.16 height=38.5px height_norm=0.161 margin=38.37 distance=0.30760481622227775
[exp2] phase=continuous_yaw center_error=0.016 raw_yaw_deg=-9.16 calibrated_yaw_deg=-9.16 target_yaw_deg=0.00 yaw_source=calibrated_pnp corner_error_deg=7.43 height_norm=0.161
[map] motion direction=left speed=0.15 effective_seconds=0.40951061248779297 pose={'x_m': -0.6394458020498295, 'y_m': -0.24915423287987679, 'heading_rad': 0.38981102273593216}
[base] continuous stop label=exp2_yaw_align elapsed=0.410s
[base] stop
[exp2] continuous x guard preempted yaw error=0.016 limit=0.012; camera_settle_seconds=0.200
[base] stop
[base] stop
[base] stop
[base] stop
[base] stop
[base] stop
[base] stop
[base] stop
[base] stop
[tag] backend=pupil_apriltags id=0 center=(169.1,157.0) error_x=0.029 yaw_deg=-9.66 height=38.1px height_norm=0.159 margin=38.05 distance=0.3087577033103034
[exp2] phase=continuous_center center_error=0.029 raw_yaw_deg=-9.66 calibrated_yaw_deg=-9.66 target_yaw_deg=0.00 yaw_source=calibrated_pnp corner_error_deg=8.70 height_norm=0.159
[base] continuous start label=exp2_center_align direction=backward requested_speed=0.2 effective_speed=0.2
[exp2] continuous center correction direction=backward
[tag] backend=pupil_apriltags id=0 center=(169.1,157.0) error_x=0.028 yaw_deg=-9.9 height=38.2px height_norm=0.159 margin=38.24 distance=0.30827411365815005
[exp2] phase=continuous_center center_error=0.028 raw_yaw_deg=-9.9 calibrated_yaw_deg=-9.9 target_yaw_deg=0.00 yaw_source=calibrated_pnp corner_error_deg=8.63 height_norm=0.159
[exp2] continuous center correction direction=backward
[tag] backend=pupil_apriltags id=0 center=(168.3,156.8) error_x=0.026 yaw_deg=-9.45 height=38.2px height_norm=0.159 margin=38.34 distance=0.3101028510881026
[exp2] phase=continuous_center center_error=0.026 raw_yaw_deg=-9.45 calibrated_yaw_deg=-9.45 target_yaw_deg=0.00 yaw_source=calibrated_pnp corner_error_deg=8.58 height_norm=0.159
[exp2] continuous center correction direction=backward
[tag] backend=pupil_apriltags id=0 center=(166.5,156.7) error_x=0.020 yaw_deg=-8.17 height=37.8px height_norm=0.157 margin=37.77 distance=0.31128501979468187
[exp2] phase=continuous_center center_error=0.020 raw_yaw_deg=-8.17 calibrated_yaw_deg=-8.17 target_yaw_deg=0.00 yaw_source=calibrated_pnp corner_error_deg=7.82 height_norm=0.157
[exp2] continuous center correction direction=backward
[tag] backend=pupil_apriltags id=0 center=(164.5,156.7) error_x=0.014 yaw_deg=-6.89 height=37.8px height_norm=0.158 margin=37.88 distance=0.3114555194625047
[exp2] phase=continuous_center center_error=0.014 raw_yaw_deg=-6.89 calibrated_yaw_deg=-6.89 target_yaw_deg=0.00 yaw_source=calibrated_pnp corner_error_deg=7.31 height_norm=0.158
[exp2] continuous center correction direction=backward
[tag] backend=pupil_apriltags id=0 center=(162.2,156.9) error_x=0.007 yaw_deg=-11.16 height=38.5px height_norm=0.161 margin=38.10 distance=0.3073235745003185
[exp2] phase=continuous_center center_error=0.007 raw_yaw_deg=-11.16 calibrated_yaw_deg=-11.16 target_yaw_deg=0.00 yaw_source=calibrated_pnp corner_error_deg=7.83 height_norm=0.161
[map] motion direction=backward speed=0.2 effective_seconds=0.4094808101654053 pose={'x_m': -0.6445030713327049, 'y_m': -0.26146399542127957, 'heading_rad': 0.38981102273593216}
[base] continuous stop label=exp2_center_align elapsed=0.409s
[base] stop
[exp2] center accepted; switching to yaw after 0.200s
[base] stop
[base] stop
[base] stop
[base] stop
[base] stop
[base] stop
[base] stop
[base] stop
[base] stop
[tag] backend=pupil_apriltags id=0 center=(158.2,156.7) error_x=-0.006 yaw_deg=-9.71 height=38.3px height_norm=0.160 margin=37.59 distance=0.30868013698856833
[exp2] phase=continuous_yaw center_error=-0.006 raw_yaw_deg=-9.71 calibrated_yaw_deg=-9.71 target_yaw_deg=0.00 yaw_source=calibrated_pnp corner_error_deg=6.65 height_norm=0.160
[base] continuous start label=exp2_yaw_align direction=left requested_speed=0.15 effective_speed=0.15
[exp2] continuous yaw correction direction=left
[tag] backend=pupil_apriltags id=0 center=(158.2,156.7) error_x=-0.006 yaw_deg=-9.78 height=38.3px height_norm=0.160 margin=37.27 distance=0.3088227737072346
[exp2] phase=continuous_yaw center_error=-0.006 raw_yaw_deg=-9.78 calibrated_yaw_deg=-9.78 target_yaw_deg=0.00 yaw_source=calibrated_pnp corner_error_deg=6.80 height_norm=0.160
[exp2] continuous yaw correction direction=left
[tag] backend=pupil_apriltags id=0 center=(158.2,156.7) error_x=-0.006 yaw_deg=-8.47 height=38.2px height_norm=0.159 margin=38.16 distance=0.3091614468687794
[exp2] phase=continuous_yaw center_error=-0.006 raw_yaw_deg=-8.47 calibrated_yaw_deg=-8.47 target_yaw_deg=0.00 yaw_source=calibrated_pnp corner_error_deg=6.33 height_norm=0.159
[exp2] continuous yaw correction direction=left
[tag] backend=pupil_apriltags id=0 center=(160.0,156.7) error_x=0.000 yaw_deg=-6.88 height=37.5px height_norm=0.156 margin=38.02 distance=0.3110622599823412
[exp2] phase=continuous_yaw center_error=0.000 raw_yaw_deg=-6.88 calibrated_yaw_deg=-6.88 target_yaw_deg=0.00 yaw_source=calibrated_pnp corner_error_deg=6.38 height_norm=0.156
[map] motion direction=left speed=0.15 effective_seconds=0.2649374008178711 pose={'x_m': -0.6445030713327049, 'y_m': -0.26146399542127957, 'heading_rad': 0.3497953788863817}
[base] continuous stop label=exp2_yaw_align elapsed=0.265s
[base] stop
[exp2] yaw accepted; switching to center after 0.200s
[base] stop
[base] stop
[base] stop
[base] stop
[base] stop
[base] stop
[base] stop
[base] stop
[base] stop
[tag] backend=pupil_apriltags id=0 center=(165.1,156.6) error_x=0.016 yaw_deg=-7.76 height=37.7px height_norm=0.157 margin=37.80 distance=0.30966425956470345
[exp2] phase=continuous_center center_error=0.016 raw_yaw_deg=-7.76 calibrated_yaw_deg=-7.76 target_yaw_deg=0.00 yaw_source=calibrated_pnp corner_error_deg=6.74 height_norm=0.157
[base] stop
[exp2] center accepted; switching to yaw
[tag] backend=pupil_apriltags id=0 center=(165.1,156.6) error_x=0.016 yaw_deg=-7.81 height=37.7px height_norm=0.157 margin=37.91 distance=0.3095876860149026
[exp2] phase=continuous_yaw center_error=0.016 raw_yaw_deg=-7.81 calibrated_yaw_deg=-7.81 target_yaw_deg=0.00 yaw_source=calibrated_pnp corner_error_deg=6.75 height_norm=0.157
[base] stop
[exp2] continuous x guard preempted yaw error=0.016 limit=0.012; camera_settle_seconds=0.200
[base] stop
[base] stop
[base] stop
[base] stop
[base] stop
[base] stop
[base] stop
[base] stop
[base] stop
[tag] backend=pupil_apriltags id=0 center=(165.1,156.6) error_x=0.016 yaw_deg=-7.85 height=37.7px height_norm=0.157 margin=38.22 distance=0.30956064893571045
[exp2] phase=continuous_center center_error=0.016 raw_yaw_deg=-7.85 calibrated_yaw_deg=-7.85 target_yaw_deg=0.00 yaw_source=calibrated_pnp corner_error_deg=6.79 height_norm=0.157
[base] continuous start label=exp2_center_align direction=backward requested_speed=0.2 effective_speed=0.2
[exp2] continuous center correction direction=backward
[tag] backend=pupil_apriltags id=0 center=(165.1,156.6) error_x=0.016 yaw_deg=-7.76 height=37.6px height_norm=0.157 margin=37.88 distance=0.3097243580081582
[exp2] phase=continuous_center center_error=0.016 raw_yaw_deg=-7.76 calibrated_yaw_deg=-7.76 target_yaw_deg=0.00 yaw_source=calibrated_pnp corner_error_deg=6.72 height_norm=0.157
[exp2] continuous center correction direction=backward
[tag] backend=pupil_apriltags id=0 center=(164.3,156.5) error_x=0.013 yaw_deg=-6.32 height=37.7px height_norm=0.157 margin=37.60 distance=0.31084133799928587
[exp2] phase=continuous_center center_error=0.013 raw_yaw_deg=-6.32 calibrated_yaw_deg=-6.32 target_yaw_deg=0.00 yaw_source=calibrated_pnp corner_error_deg=6.64 height_norm=0.157
[exp2] continuous center correction direction=backward
[tag] backend=pupil_apriltags id=0 center=(162.8,156.5) error_x=0.009 yaw_deg=-7.06 height=37.7px height_norm=0.157 margin=37.81 distance=0.31056372995864706
[exp2] phase=continuous_center center_error=0.009 raw_yaw_deg=-7.06 calibrated_yaw_deg=-7.06 target_yaw_deg=0.00 yaw_source=calibrated_pnp corner_error_deg=6.41 height_norm=0.157
[map] motion direction=backward speed=0.2 effective_seconds=0.2610194683074951 pose={'x_m': -0.6474102882923416, 'y_m': -0.26943341386271097, 'heading_rad': 0.3497953788863817}
[base] continuous stop label=exp2_center_align elapsed=0.261s
[base] stop
[exp2] center accepted; switching to yaw after 0.200s
[base] stop
[base] stop
[base] stop
[base] stop
[base] stop
[base] stop
[base] stop
[base] stop
[base] stop
[tag] backend=pupil_apriltags id=0 center=(158.2,156.5) error_x=-0.006 yaw_deg=-5.1 height=37.7px height_norm=0.157 margin=37.89 distance=0.31087108698669613
[exp2] phase=continuous_yaw center_error=-0.006 raw_yaw_deg=-5.1 calibrated_yaw_deg=-5.1 target_yaw_deg=0.00 yaw_source=calibrated_pnp corner_error_deg=5.00 height_norm=0.157
[base] stop
[base] stop
[exp2] stable frame 1/5
[tag] backend=pupil_apriltags id=0 center=(158.2,156.5) error_x=-0.006 yaw_deg=-5.22 height=37.8px height_norm=0.157 margin=37.49 distance=0.31096000469285595
[exp2] phase=continuous_yaw center_error=-0.006 raw_yaw_deg=-5.22 calibrated_yaw_deg=-5.22 target_yaw_deg=0.00 yaw_source=calibrated_pnp corner_error_deg=4.98 height_norm=0.157
[base] stop
[base] stop
[exp2] stable frame 2/5
[tag] backend=pupil_apriltags id=0 center=(158.2,156.5) error_x=-0.006 yaw_deg=-4.84 height=37.7px height_norm=0.157 margin=37.42 distance=0.3111180331572531
[exp2] phase=continuous_yaw center_error=-0.006 raw_yaw_deg=-4.84 calibrated_yaw_deg=-4.84 target_yaw_deg=0.00 yaw_source=calibrated_pnp corner_error_deg=4.85 height_norm=0.157
[base] stop
[base] stop
[exp2] stable frame 3/5
[tag] backend=pupil_apriltags id=0 center=(158.2,156.5) error_x=-0.006 yaw_deg=-5.08 height=37.7px height_norm=0.157 margin=37.54 distance=0.31105576212369
[exp2] phase=continuous_yaw center_error=-0.006 raw_yaw_deg=-5.08 calibrated_yaw_deg=-5.08 target_yaw_deg=0.00 yaw_source=calibrated_pnp corner_error_deg=4.96 height_norm=0.157
[base] stop
[base] stop
[exp2] stable frame 4/5
[tag] backend=pupil_apriltags id=0 center=(158.2,156.5) error_x=-0.006 yaw_deg=-4.89 height=37.7px height_norm=0.157 margin=37.30 distance=0.3110659908817887
[exp2] phase=continuous_yaw center_error=-0.006 raw_yaw_deg=-4.89 calibrated_yaw_deg=-4.89 target_yaw_deg=0.00 yaw_source=calibrated_pnp corner_error_deg=4.90 height_norm=0.157
[base] stop
[base] stop
[exp2] stable frame 5/5
[fsm] BIN_SIDE_DOCKING --TARGET_STABLE--> FINALIZING
[exp2] phase=release
[arm] pose release
[arm] release servo=4 angle=0 speed=85
[arm-position] release waiting for motion to settle servos=[4] stability_delta=3 min_wait=0.5 timeout=10.0 stable_samples=2
[arm-position] release waiting positions={4: 328} movement={} read_errors=[]
[arm-position] release waiting positions={4: 339} movement={4: 11} read_errors=[]
[arm-position] release waiting positions={4: 353} movement={4: 14} read_errors=[]
[arm-position] release waiting positions={4: 364} movement={4: 11} read_errors=[]
[arm-position] release waiting positions={4: 378} movement={4: 14} read_errors=[]
[arm-position] release waiting positions={4: 391} movement={4: 13} read_errors=[]
[arm-position] release waiting positions={4: 404} movement={4: 13} read_errors=[]
[arm-position] release waiting positions={4: 416} movement={4: 12} read_errors=[]
[arm-position] release waiting positions={4: 429} movement={4: 13} read_errors=[]
[arm-position] release waiting positions={4: 442} movement={4: 13} read_errors=[]
[arm-position] release waiting positions={4: 455} movement={4: 13} read_errors=[]
[arm-position] release waiting positions={4: 468} movement={4: 13} read_errors=[]
[arm-position] release waiting positions={4: 478} movement={4: 10} read_errors=[]
[arm-position] release waiting positions={4: 491} movement={4: 13} read_errors=[]
[arm-position] release waiting positions={4: 500} movement={4: 9} read_errors=[]
[arm-position] release settled positions={4: 500} movement={4: 0} elapsed=2.42s
[exp2] phase=safe_home
[arm] pose safe_home
[arm] safe_home servo=5 angle=0 speed=85
[arm] safe_home servo=4 angle=0 speed=85
[arm] safe_home servo=3 angle=0 speed=85
[arm] safe_home servo=2 angle=0 speed=85
[arm] safe_home servo=1 angle=-16 speed=85
[arm-position] safe_home waiting for motion to settle servos=[1, 2, 3, 4, 5] stability_delta=3 min_wait=0.5 timeout=10.0 stable_samples=2
[arm-position] safe_home waiting positions={1: 771, 2: 700, 3: 590, 4: 500, 5: 508} movement={} read_errors=[]
[arm-position] safe_home waiting positions={1: 755, 2: 687, 3: 577, 4: 500, 5: 509} movement={1: 16, 2: 13, 3: 13, 4: 0, 5: 1} read_errors=[]
[arm-position] safe_home waiting positions={1: 744, 2: 672, 3: 565, 4: 500, 5: 509} movement={1: 11, 2: 15, 3: 12, 4: 0, 5: 0} read_errors=[]
[arm-position] safe_home waiting positions={1: 731, 2: 659, 3: 552, 4: 500, 5: 508} movement={1: 13, 2: 13, 3: 13, 4: 0, 5: 1} read_errors=[]
[arm-position] safe_home waiting positions={1: 719, 2: 647, 3: 539, 4: 500, 5: 508} movement={1: 12, 2: 12, 3: 13, 4: 0, 5: 0} read_errors=[]
[arm-position] safe_home waiting positions={1: 704, 2: 634, 3: 526, 4: 500, 5: 508} movement={1: 15, 2: 13, 3: 13, 4: 0, 5: 0} read_errors=[]
[arm-position] safe_home waiting positions={1: 692, 2: 622, 3: 514, 4: 500, 5: 509} movement={1: 12, 2: 12, 3: 12, 4: 0, 5: 1} read_errors=[]
[arm-position] safe_home waiting positions={1: 679, 2: 608, 3: 514, 4: 500, 5: 508} movement={1: 13, 2: 14, 3: 0, 4: 0, 5: 1} read_errors=[]
[arm-position] safe_home waiting positions={1: 665, 2: 593, 3: 514, 4: 500, 5: 508} movement={1: 14, 2: 15, 3: 0, 4: 0, 5: 0} read_errors=[]
[arm-position] safe_home waiting positions={1: 652, 2: 580, 3: 514, 4: 500, 5: 508} movement={1: 13, 2: 13, 3: 0, 4: 0, 5: 0} read_errors=[]
[arm-position] safe_home waiting positions={1: 638, 2: 567, 3: 514, 4: 500, 5: 509} movement={1: 14, 2: 13, 3: 0, 4: 0, 5: 1} read_errors=[]
[arm-position] safe_home waiting positions={1: 626, 2: 554, 3: 514, 4: 500, 5: 508} movement={1: 12, 2: 13, 3: 0, 4: 0, 5: 1} read_errors=[]
[arm-position] safe_home waiting positions={1: 614, 2: 539, 3: 514, 4: 500, 5: 509} movement={1: 12, 2: 15, 3: 0, 4: 0, 5: 1} read_errors=[]
[arm-position] safe_home waiting positions={1: 601, 2: 526, 3: 514, 4: 500, 5: 508} movement={1: 13, 2: 13, 3: 0, 4: 0, 5: 1} read_errors=[]
[arm-position] safe_home waiting positions={1: 587, 2: 518, 3: 514, 4: 500, 5: 508} movement={1: 14, 2: 8, 3: 0, 4: 0, 5: 0} read_errors=[]
[arm-position] safe_home waiting positions={1: 573, 2: 518, 3: 515, 4: 500, 5: 509} movement={1: 14, 2: 0, 3: 1, 4: 0, 5: 1} read_errors=[]
[arm-position] safe_home waiting positions={1: 560, 2: 518, 3: 515, 4: 500, 5: 508} movement={1: 13, 2: 0, 3: 0, 4: 0, 5: 1} read_errors=[]
[arm-position] safe_home waiting positions={1: 547, 2: 518, 3: 514, 4: 500, 5: 508} movement={1: 13, 2: 0, 3: 1, 4: 0, 5: 0} read_errors=[]
[arm-position] safe_home waiting positions={1: 534, 2: 518, 3: 515, 4: 500, 5: 508} movement={1: 13, 2: 0, 3: 1, 4: 0, 5: 0} read_errors=[]
[arm-position] safe_home waiting positions={1: 521, 2: 518, 3: 515, 4: 500, 5: 509} movement={1: 13, 2: 0, 3: 0, 4: 0, 5: 1} read_errors=[]
[arm-position] safe_home waiting positions={1: 508, 2: 518, 3: 515, 4: 500, 5: 508} movement={1: 13, 2: 0, 3: 0, 4: 0, 5: 1} read_errors=[]
[arm-position] safe_home waiting positions={1: 493, 2: 518, 3: 515, 4: 500, 5: 508} movement={1: 15, 2: 0, 3: 0, 4: 0, 5: 0} read_errors=[]
[arm-position] safe_home waiting positions={1: 482, 2: 518, 3: 514, 4: 500, 5: 509} movement={1: 11, 2: 0, 3: 1, 4: 0, 5: 1} read_errors=[]
[arm-position] safe_home waiting positions={1: 468, 2: 518, 3: 515, 4: 500, 5: 509} movement={1: 14, 2: 0, 3: 1, 4: 0, 5: 0} read_errors=[]
[arm-position] safe_home waiting positions={1: 456, 2: 518, 3: 515, 4: 500, 5: 508} movement={1: 12, 2: 0, 3: 0, 4: 0, 5: 1} read_errors=[]
[arm-position] safe_home waiting positions={1: 442, 2: 518, 3: 515, 4: 500, 5: 508} movement={1: 14, 2: 0, 3: 0, 4: 0, 5: 0} read_errors=[]
[arm-position] safe_home settled positions={1: 441, 2: 518, 3: 514, 4: 500, 5: 509} movement={1: 0, 2: 0, 3: 1, 4: 0, 5: 0} elapsed=4.18s
[map] pose corrected reason=exp2_side_parked_after_release pose={'x_m': 0.05, 'y_m': -3.0, 'heading_rad': 0.0} transformed_cans=22
[exp2] phase=side_parked
[fsm] FINALIZING --FINALIZED--> PLANNING
[fsm] PLANNING --MISSION_COMPLETE--> DONE
[fsm] terminal=DONE context={'vague_map': {'robot_pose': {'x_m': 0.05, 'y_m': -3.0, 'heading_rad': 0.0}, 'bin_marker_position': {'x_m': 0.05, 'y_m': -3.0, 'heading_rad': 0.0}, 'bin_docking_pose': {'x_m': 0.05, 'y_m': -3.0, 'heading_rad': 1.57079632679}, 'bin_side_docking_pose': {'x_m': 0.05, 'y_m': -3.0, 'heading_rad': 0.0}, 'bin_position_in_robot_frame': {'x_m': 0.0, 'y_m': 0.0}, 'selected_can_id': None, 'known_cans': [{'can_id': 1, 'position': {'x_m': -0.1890654599481607, 'y_m': -2.1846450372365065}, 'confidence': 0.2370070219039917, 'observations': 3, 'last_seen_at': 1788757213.8003538}, {'can_id': 2, 'position': {'x_m': -0.20987676335598893, 'y_m': -2.2004266456132178}, 'confidence': 0.2907290756702423, 'observations': 3, 'last_seen_at': 1788757214.3349252}, {'can_id': 3, 'position': {'x_m': -0.21983253804491049, 'y_m': -2.2040689007737764}, 'confidence': 0.21695880591869354, 'observations': 2, 'last_seen_at': 1788757214.2469049}, {'can_id': 4, 'position': {'x_m': -0.19617023970986158, 'y_m': -2.212416858379263}, 'confidence': 0.2750323712825775, 'observations': 2, 'last_seen_at': 1788757214.8281443}, {'can_id': 5, 'position': {'x_m': -0.21517059783789133, 'y_m': -2.2308255712488645}, 'confidence': 0.25767165422439575, 'observations': 2, 'last_seen_at': 1788757215.128241}, {'can_id': 6, 'position': {'x_m': -0.2263918148303971, 'y_m': -2.2468381968218116}, 'confidence': 0.2109490931034088, 'observations': 1, 'last_seen_at': 1788757215.4660351}, {'can_id': 7, 'position': {'x_m': -0.21554599096729604, 'y_m': -2.2465979876424256}, 'confidence': 0.20465964078903198, 'observations': 1, 'last_seen_at': 1788757215.5551465}, {'can_id': 8, 'position': {'x_m': -0.18303655061772273, 'y_m': -2.2400303480772523}, 'confidence': 0.262321799993515, 'observations': 2, 'last_seen_at': 1788757215.9274585}, {'can_id': 9, 'position': {'x_m': -0.17170539989693995, 'y_m': -2.2422156483973543}, 'confidence': 0.25022509694099426, 'observations': 2, 'last_seen_at': 1788757216.1042025}, {'can_id': 10, 'position': {'x_m': -0.19028372581040287, 'y_m': -2.2578135009885534}, 'confidence': 0.23555320501327515, 'observations': 2, 'last_seen_at': 1788757216.2817981}, {'can_id': 11, 'position': {'x_m': -0.18630403122359235, 'y_m': -2.275208817324393}, 'confidence': 0.25622665882110596, 'observations': 2, 'last_seen_at': 1788757216.9611752}, {'can_id': 12, 'position': {'x_m': -0.2042723253513496, 'y_m': -2.3252081045045}, 'confidence': 0.23248432576656342, 'observations': 1, 'last_seen_at': 1788757217.734918}, {'can_id': 13, 'position': {'x_m': 0.18799727302565483, 'y_m': -2.6160244918585436}, 'confidence': 0.20315365493297577, 'observations': 2, 'last_seen_at': 1788757228.7297862}, {'can_id': 14, 'position': {'x_m': 0.1932119367941898, 'y_m': -2.63269153232436}, 'confidence': 0.2677909731864929, 'observations': 2, 'last_seen_at': 1788757230.02467}, {'can_id': 15, 'position': {'x_m': 0.19973726353005034, 'y_m': -2.647618147977864}, 'confidence': 0.20898494124412537, 'observations': 1, 'last_seen_at': 1788757230.195071}, {'can_id': 16, 'position': {'x_m': 0.21087562053914438, 'y_m': -2.6943237209816053}, 'confidence': 0.2522919476032257, 'observations': 5, 'last_seen_at': 1788757233.2016175}, {'can_id': 17, 'position': {'x_m': 0.21509208479471625, 'y_m': -2.7067064450093503}, 'confidence': 0.3515336513519287, 'observations': 9, 'last_seen_at': 1788757233.5859616}, {'can_id': 18, 'position': {'x_m': 0.22377912129228322, 'y_m': -2.7372643666414262}, 'confidence': 0.3448294401168823, 'observations': 3, 'last_seen_at': 1788757234.9819899}, {'can_id': 19, 'position': {'x_m': 0.226839778320732, 'y_m': -2.745743799194653}, 'confidence': 0.26151949167251587, 'observations': 2, 'last_seen_at': 1788757235.0688477}, {'can_id': 20, 'position': {'x_m': 0.22104540701507813, 'y_m': -2.726419511549123}, 'confidence': 0.33437207341194153, 'observations': 6, 'last_seen_at': 1788757234.8080842}, {'can_id': 21, 'position': {'x_m': 0.2310624598533455, 'y_m': -2.773262241425776}, 'confidence': 0.27595824003219604, 'observations': 2, 'last_seen_at': 1788757237.2590058}, {'can_id': 22, 'position': {'x_m': 0.22217736636324592, 'y_m': -2.7605898592780993}, 'confidence': 0.3210873305797577, 'observations': 1, 'last_seen_at': 1788757237.3507383}]}, 'distance_to_target': None, 'grabbed': False, 'completed_pickups': 1, 'target_found': False, 'obstacle_found': False, 'target_type': 'bin', 'last_error': 'approach target lost', 'retry_counts': {}, 'searching_routine': {}, 'metrics': {'state_seconds': {'IDLE': 0.008025169372558594, 'INITIALIZING': 4.7340288162231445, 'PLANNING': 0.06095075607299805, 'SEARCHING': 14.089203119277954, 'ALIGNING': 4.721490859985352, 'APPROACHING': 10.189114570617676, 'FINAL_VERIFY': 2.0121359825134277, 'FINALIZING': 33.06818246841431, 'MAP_NAVIGATING': 15.950726509094238, 'BIN_SIDE_DOCKING': 50.10333776473999}, 'detector_calls': {'can': 323, 'bin': 362}, 'detector_seconds': {'can': 9.723092794418335, 'bin': 6.8729822635650635}}}
[media] shutdown result={'stopped': True, 'stopping': False, 'last_recording': None, 'last_events': None}
[fsm] stop_all owner=Thread-72
[base] stop
[arm] pose safe_home
[arm] safe_home servo=5 angle=0 speed=85
[arm] safe_home servo=4 angle=0 speed=85
[arm] safe_home servo=3 angle=0 speed=85
[arm] safe_home servo=2 angle=0 speed=85
[arm] safe_home servo=1 angle=-16 speed=85
[camera] stopped
[depth] stop
[result] True
[integration] SUCCESS elapsed=139.6s
