
>>> run_full_background log=/workspace/robot_code/temp_car/logs/integration_run_full_20260907_061427.log
[fsm] IDLE --START--> INITIALIZING
[depth] loading network fcn-mobilenet
[camera] starting JetBot Camera 320x240
[warmup] frame 1/2 processed
[warmup] frame 2/2 processed
[depth] started enabled=True
[arm] pose safe_home
[arm] TTLServo connected
[arm] safe_home servo=5 angle=0 speed=85
[arm] safe_home servo=4 angle=0 speed=85
[arm] safe_home servo=3 angle=0 speed=85
[arm] safe_home servo=2 angle=0 speed=85
[arm] safe_home servo=1 angle=-16 speed=85
[base] stop
[fsm] INITIALIZING --INITIALIZED--> PLANNING
[fsm] PLANNING --TARGET_REQUIRED--> SEARCHING
[can] loading native detectNet model=/workspace/robot_code/temp_car/assets/models/detectnet_native_can/can_ssd_mobilenet_v1.onnx
[can] native detectNet loaded threshold=0.200 clustering=0.300
[can] backend=detectnet_native no detections
[base] Robot connected
[base] continuous start label=search_can_routine_2_step_0 direction=forward requested_speed=0.6 effective_speed=0.6
[can] backend=detectnet_native no detections
[map] motion direction=forward speed=0.6 effective_seconds=0.06786108016967773 pose={'x_m': 0.0, 'y_m': 0.007040587067604065, 'heading_rad': 0.0}
[can] backend=detectnet_native no detections
[map] motion direction=forward speed=0.6 effective_seconds=0.06807804107666016 pose={'x_m': 0.0, 'y_m': 0.014103683829307555, 'heading_rad': 0.0}
[can] backend=detectnet_native no detections
[map] motion direction=forward speed=0.6 effective_seconds=0.05067276954650879 pose={'x_m': 0.0, 'y_m': 0.01936098366975784, 'heading_rad': 0.0}
[can] backend=detectnet_native no detections
[map] motion direction=forward speed=0.6 effective_seconds=0.05705094337463379 pose={'x_m': 0.0, 'y_m': 0.025280019044876097, 'heading_rad': 0.0}
[can] backend=detectnet_native no detections
[map] motion direction=forward speed=0.6 effective_seconds=0.05784034729003906 pose={'x_m': 0.0, 'y_m': 0.03128095507621765, 'heading_rad': 0.0}
[can] backend=detectnet_native no detections
[map] motion direction=forward speed=0.6 effective_seconds=0.04724931716918945 pose={'x_m': 0.0, 'y_m': 0.036183071732521055, 'heading_rad': 0.0}
[can] backend=detectnet_native no detections
[map] motion direction=forward speed=0.6 effective_seconds=0.05110812187194824 pose={'x_m': 0.0, 'y_m': 0.041485539376735686, 'heading_rad': 0.0}
[can] backend=detectnet_native no detections
[map] motion direction=forward speed=0.6 effective_seconds=0.05135917663574219 pose={'x_m': 0.0, 'y_m': 0.04681405395269394, 'heading_rad': 0.0}
[can] backend=detectnet_native no detections
[map] motion direction=forward speed=0.6 effective_seconds=0.051015615463256836 pose={'x_m': 0.0, 'y_m': 0.052106924057006836, 'heading_rad': 0.0}
[can] backend=detectnet_native no detections
[map] motion direction=forward speed=0.6 effective_seconds=0.04873061180114746 pose={'x_m': 0.0, 'y_m': 0.057162725031375886, 'heading_rad': 0.0}
[can] backend=detectnet_native no detections
[map] motion direction=forward speed=0.6 effective_seconds=0.048686981201171875 pose={'x_m': 0.0, 'y_m': 0.062213999330997465, 'heading_rad': 0.0}
[can] backend=detectnet_native no detections
[map] motion direction=forward speed=0.6 effective_seconds=0.048888206481933594 pose={'x_m': 0.0, 'y_m': 0.06728615075349807, 'heading_rad': 0.0}
[can] backend=detectnet_native no detections
[map] motion direction=forward speed=0.6 effective_seconds=0.04953503608703613 pose={'x_m': 0.0, 'y_m': 0.07242541074752808, 'heading_rad': 0.0}
[can] backend=detectnet_native no detections
[map] motion direction=forward speed=0.6 effective_seconds=0.047344207763671875 pose={'x_m': 0.0, 'y_m': 0.07733737230300904, 'heading_rad': 0.0}
[can] backend=detectnet_native no detections
[map] motion direction=forward speed=0.6 effective_seconds=0.04765033721923828 pose={'x_m': 0.0, 'y_m': 0.082281094789505, 'heading_rad': 0.0}
[can] backend=detectnet_native no detections
[map] motion direction=forward speed=0.6 effective_seconds=0.04738211631774902 pose={'x_m': 0.0, 'y_m': 0.08719698935747146, 'heading_rad': 0.0}
[can] backend=detectnet_native no detections
[map] motion direction=forward speed=0.6 effective_seconds=0.047353267669677734 pose={'x_m': 0.0, 'y_m': 0.09210989087820053, 'heading_rad': 0.0}
[can] backend=detectnet_native no detections
[map] motion direction=forward speed=0.6 effective_seconds=0.04695725440979004 pose={'x_m': 0.0, 'y_m': 0.09698170602321624, 'heading_rad': 0.0}
[can] backend=detectnet_native no detections
[map] motion direction=forward speed=0.6 effective_seconds=0.046724557876586914 pose={'x_m': 0.0, 'y_m': 0.10182937890291213, 'heading_rad': 0.0}
[can] backend=detectnet_native no detections
[map] motion direction=forward speed=0.6 effective_seconds=0.04742789268493652 pose={'x_m': 0.0, 'y_m': 0.1067500227689743, 'heading_rad': 0.0}
[can] backend=detectnet_native no detections
[map] motion direction=forward speed=0.6 effective_seconds=0.04760003089904785 pose={'x_m': 0.0, 'y_m': 0.11168852597475051, 'heading_rad': 0.0}
[can] backend=detectnet_native no detections
[map] motion direction=forward speed=0.6 effective_seconds=0.04729461669921875 pose={'x_m': 0.0, 'y_m': 0.11659534245729446, 'heading_rad': 0.0}
[can] backend=detectnet_native no detections
[map] motion direction=forward speed=0.6 effective_seconds=0.04727482795715332 pose={'x_m': 0.0, 'y_m': 0.12150010585784911, 'heading_rad': 0.0}
[can] backend=detectnet_native no detections
[map] motion direction=forward speed=0.6 effective_seconds=0.04729008674621582 pose={'x_m': 0.0, 'y_m': 0.126406452357769, 'heading_rad': 0.0}
[can] backend=detectnet_native no detections
[map] motion direction=forward speed=0.6 effective_seconds=0.04762125015258789 pose={'x_m': 0.0, 'y_m': 0.1313471570611, 'heading_rad': 0.0}
[can] backend=detectnet_native no detections
[map] motion direction=forward speed=0.6 effective_seconds=0.04713320732116699 pose={'x_m': 0.0, 'y_m': 0.1362372273206711, 'heading_rad': 0.0}
[can] backend=detectnet_native no detections
[map] motion direction=forward speed=0.6 effective_seconds=0.04672837257385254 pose={'x_m': 0.0, 'y_m': 0.1410852959752083, 'heading_rad': 0.0}
[can] backend=detectnet_native no detections
[map] motion direction=forward speed=0.6 effective_seconds=0.04735207557678223 pose={'x_m': 0.0, 'y_m': 0.14599807381629945, 'heading_rad': 0.0}
[can] backend=detectnet_native no detections
[map] motion direction=forward speed=0.6 effective_seconds=0.04760932922363281 pose={'x_m': 0.0, 'y_m': 0.15093754172325136, 'heading_rad': 0.0}
[can] backend=detectnet_native no detections
[map] motion direction=forward speed=0.6 effective_seconds=0.047308921813964844 pose={'x_m': 0.0, 'y_m': 0.15584584236145022, 'heading_rad': 0.0}
[can] backend=detectnet_native no detections
[map] motion direction=forward speed=0.6 effective_seconds=0.047237396240234375 pose={'x_m': 0.0, 'y_m': 0.16074672222137454, 'heading_rad': 0.0}
[can] backend=detectnet_native no detections
[map] motion direction=forward speed=0.6 effective_seconds=0.047606706619262695 pose={'x_m': 0.0, 'y_m': 0.16568591803312305, 'heading_rad': 0.0}
[can] backend=detectnet_native no detections
[map] motion direction=forward speed=0.6 effective_seconds=0.04739046096801758 pose={'x_m': 0.0, 'y_m': 0.17060267835855486, 'heading_rad': 0.0}
[can] backend=detectnet_native no detections
[map] motion direction=forward speed=0.6 effective_seconds=0.04724311828613281 pose={'x_m': 0.0, 'y_m': 0.17550415188074114, 'heading_rad': 0.0}
[can] backend=detectnet_native no detections
[map] motion direction=forward speed=0.6 effective_seconds=0.04671597480773926 pose={'x_m': 0.0, 'y_m': 0.1803509342670441, 'heading_rad': 0.0}
[can] backend=detectnet_native no detections
[map] motion direction=forward speed=0.6 effective_seconds=0.04694485664367676 pose={'x_m': 0.0, 'y_m': 0.18522146314382557, 'heading_rad': 0.0}
[can] backend=detectnet_native no detections
[map] motion direction=forward speed=0.6 effective_seconds=0.047379255294799805 pose={'x_m': 0.0, 'y_m': 0.19013706088066104, 'heading_rad': 0.0}
[can] backend=detectnet_native no detections
[map] motion direction=forward speed=0.6 effective_seconds=0.04779410362243652 pose={'x_m': 0.0, 'y_m': 0.19509569913148883, 'heading_rad': 0.0}
[can] backend=detectnet_native no detections
[map] motion direction=forward speed=0.6 effective_seconds=0.050223350524902344 pose={'x_m': 0.0, 'y_m': 0.20030637174844745, 'heading_rad': 0.0}
[can] backend=detectnet_native no detections
[map] motion direction=forward speed=0.6 effective_seconds=0.04736638069152832 pose={'x_m': 0.0, 'y_m': 0.2052206337451935, 'heading_rad': 0.0}
[can] backend=detectnet_native no detections
[map] motion direction=forward speed=0.6 effective_seconds=0.04739260673522949 pose={'x_m': 0.0, 'y_m': 0.21013761669397357, 'heading_rad': 0.0}
[can] backend=detectnet_native no detections
[map] motion direction=forward speed=0.6 effective_seconds=0.04726123809814453 pose={'x_m': 0.0, 'y_m': 0.21504097014665607, 'heading_rad': 0.0}
[can] backend=detectnet_native no detections
[map] motion direction=forward speed=0.6 effective_seconds=0.04690074920654297 pose={'x_m': 0.0, 'y_m': 0.21990692287683491, 'heading_rad': 0.0}
[can] backend=detectnet_native no detections
[map] motion direction=forward speed=0.6 effective_seconds=0.04713749885559082 pose={'x_m': 0.0, 'y_m': 0.22479743838310245, 'heading_rad': 0.0}
[can] backend=detectnet_native no detections
[map] motion direction=forward speed=0.6 effective_seconds=0.04729032516479492 pose={'x_m': 0.0, 'y_m': 0.22970380961894993, 'heading_rad': 0.0}
[can] backend=detectnet_native no detections
[map] motion direction=forward speed=0.6 effective_seconds=0.04725289344787598 pose={'x_m': 0.0, 'y_m': 0.23460629731416707, 'heading_rad': 0.0}
[can] backend=detectnet_native no detections
[map] motion direction=forward speed=0.6 effective_seconds=0.04736828804016113 pose={'x_m': 0.0, 'y_m': 0.2395207571983338, 'heading_rad': 0.0}
[can] backend=detectnet_native no detections
[map] motion direction=forward speed=0.6 effective_seconds=0.04729747772216797 pose={'x_m': 0.0, 'y_m': 0.24442787051200873, 'heading_rad': 0.0}
[can] backend=detectnet_native no detections
[map] motion direction=forward speed=0.6 effective_seconds=0.047357797622680664 pose={'x_m': 0.0, 'y_m': 0.24934124201536184, 'heading_rad': 0.0}
[can] backend=detectnet_native no detections
[map] motion direction=forward speed=0.6 effective_seconds=0.0470731258392334 pose={'x_m': 0.0, 'y_m': 0.2542250788211823, 'heading_rad': 0.0}
[can] backend=detectnet_native no detections
[map] motion direction=forward speed=0.6 effective_seconds=0.046885013580322266 pose={'x_m': 0.0, 'y_m': 0.2590893989801407, 'heading_rad': 0.0}
[can] backend=detectnet_native no detections
[map] motion direction=forward speed=0.6 effective_seconds=0.04717659950256348 pose={'x_m': 0.0, 'y_m': 0.2639839711785317, 'heading_rad': 0.0}
[can] backend=detectnet_native no detections
[map] motion direction=forward speed=0.6 effective_seconds=0.047351837158203125 pose={'x_m': 0.0, 'y_m': 0.26889672428369527, 'heading_rad': 0.0}
[can] backend=detectnet_native no detections
[map] motion direction=forward speed=0.6 effective_seconds=0.047469139099121094 pose={'x_m': 0.0, 'y_m': 0.2738216474652291, 'heading_rad': 0.0}
[can] backend=detectnet_native no detections
[map] motion direction=forward speed=0.6 effective_seconds=0.04758024215698242 pose={'x_m': 0.0, 'y_m': 0.278758097589016, 'heading_rad': 0.0}
[can] backend=detectnet_native no detections
[map] motion direction=forward speed=0.6 effective_seconds=0.047338008880615234 pose={'x_m': 0.0, 'y_m': 0.2836694160103798, 'heading_rad': 0.0}
[can] backend=detectnet_native no detections
[map] motion direction=forward speed=0.6 effective_seconds=0.04718828201293945 pose={'x_m': 0.0, 'y_m': 0.2885652002692223, 'heading_rad': 0.0}
[can] backend=detectnet_native no detections
[map] motion direction=forward speed=0.6 effective_seconds=0.047899484634399414 pose={'x_m': 0.0, 'y_m': 0.2935347718000412, 'heading_rad': 0.0}
[can] backend=detectnet_native no detections
[map] motion direction=forward speed=0.6 effective_seconds=0.0466616153717041 pose={'x_m': 0.0, 'y_m': 0.2983759143948555, 'heading_rad': 0.0}
[can] backend=detectnet_native no detections
[map] motion direction=forward speed=0.6 effective_seconds=0.04708051681518555 pose={'x_m': 0.0, 'y_m': 0.303260518014431, 'heading_rad': 0.0}
[map] motion direction=forward speed=0.6 effective_seconds=0.01946091651916504 pose={'x_m': 0.0, 'y_m': 0.30527958810329436, 'heading_rad': 0.0}
[base] continuous stop label=search_can_routine_2_step_0 elapsed=0.019s
[base] stop
[can] backend=detectnet_native no detections
[base] continuous start label=search_can_routine_2_step_1 direction=left requested_speed=0.15 effective_speed=0.15
[can] backend=detectnet_native no detections
[map] motion direction=left speed=0.15 effective_seconds=0.04709124565124512 pose={'x_m': 0.0, 'y_m': 0.30527958810329436, 'heading_rad': -0.007112572662805405}
[can] backend=detectnet_native no detections
[map] motion direction=left speed=0.15 effective_seconds=0.04740500450134277 pose={'x_m': 0.0, 'y_m': 0.30527958810329436, 'heading_rad': -0.014272534868806197}
[can] backend=detectnet_native no detections
[map] motion direction=left speed=0.15 effective_seconds=0.047351837158203125 pose={'x_m': 0.0, 'y_m': 0.30527958810329436, 'heading_rad': -0.02142446677987353}
[can] backend=detectnet_native no detections
[map] motion direction=left speed=0.15 effective_seconds=0.04732179641723633 pose={'x_m': 0.0, 'y_m': 0.30527958810329436, 'heading_rad': -0.02857186139425183}
[can] backend=detectnet_native no detections
[map] motion direction=left speed=0.15 effective_seconds=0.04696345329284668 pose={'x_m': 0.0, 'y_m': 0.30527958810329436, 'heading_rad': -0.0356651325409838}
[can] backend=detectnet_native no detections
[map] motion direction=left speed=0.15 effective_seconds=0.04719734191894531 pose={'x_m': 0.0, 'y_m': 0.30527958810329436, 'heading_rad': -0.042793729783365375}
[can] backend=detectnet_native no detections
[map] motion direction=left speed=0.15 effective_seconds=0.047302961349487305 pose={'x_m': 0.0, 'y_m': 0.30527958810329436, 'heading_rad': -0.049938279584740286}
[can] backend=detectnet_native no detections
[map] motion direction=left speed=0.15 effective_seconds=0.04725456237792969 pose={'x_m': 0.0, 'y_m': 0.30527958810329436, 'heading_rad': -0.057075519297005606}
[can] backend=detectnet_native no detections
[map] motion direction=left speed=0.15 effective_seconds=0.047659873962402344 pose={'x_m': 0.0, 'y_m': 0.30527958810329436, 'heading_rad': -0.06427397650428013}
[can] backend=detectnet_native no detections
[map] motion direction=left speed=0.15 effective_seconds=0.04733896255493164 pose={'x_m': 0.0, 'y_m': 0.30527958810329436, 'heading_rad': -0.07142396385962346}
[can] backend=detectnet_native no detections
[map] motion direction=left speed=0.15 effective_seconds=0.04745984077453613 pose={'x_m': 0.0, 'y_m': 0.30527958810329436, 'heading_rad': -0.07859220843259607}
[can] backend=detectnet_native no detections
[map] motion direction=left speed=0.15 effective_seconds=0.04708600044250488 pose={'x_m': 0.0, 'y_m': 0.30527958810329436, 'heading_rad': -0.08570398886899566}
[can] backend=detectnet_native no detections
[map] motion direction=left speed=0.15 effective_seconds=0.04696154594421387 pose={'x_m': 0.0, 'y_m': 0.30527958810329436, 'heading_rad': -0.09279697193339809}
[can] backend=detectnet_native no detections
[map] motion direction=left speed=0.15 effective_seconds=0.04969930648803711 pose={'x_m': 0.0, 'y_m': 0.30527958810329436, 'heading_rad': -0.10030346117144306}
[can] backend=detectnet_native no detections
[map] motion direction=left speed=0.15 effective_seconds=0.04726719856262207 pose={'x_m': 0.0, 'y_m': 0.30527958810329436, 'heading_rad': -0.10744260942914075}
[can] backend=detectnet_native no detections
[map] motion direction=left speed=0.15 effective_seconds=0.04997396469116211 pose={'x_m': 0.0, 'y_m': 0.30527958810329436, 'heading_rad': -0.11499058252262717}
[can] backend=detectnet_native no detections
[map] motion direction=left speed=0.15 effective_seconds=0.04729342460632324 pose={'x_m': 0.0, 'y_m': 0.30527958810329436, 'heading_rad': -0.12213369191235479}
[can] backend=detectnet_native no detections
[map] motion direction=left speed=0.15 effective_seconds=0.047365427017211914 pose={'x_m': 0.0, 'y_m': 0.30527958810329436, 'heading_rad': -0.1292876764100197}
[can] backend=detectnet_native no detections
[map] motion direction=left speed=0.15 effective_seconds=0.04717206954956055 pose={'x_m': 0.0, 'y_m': 0.30527958810329436, 'heading_rad': -0.13641245656153567}
[can] backend=detectnet_native no detections
[map] motion direction=left speed=0.15 effective_seconds=0.04741096496582031 pose={'x_m': 0.0, 'y_m': 0.30527958810329436, 'heading_rad': -0.1435733190248163}
[can] backend=detectnet_native no detections
[map] motion direction=left speed=0.15 effective_seconds=0.04705047607421875 pose={'x_m': 0.0, 'y_m': 0.30527958810329436, 'heading_rad': -0.15067973392782985}
[can] backend=detectnet_native no detections
[map] motion direction=left speed=0.15 effective_seconds=0.047486305236816406 pose={'x_m': 0.0, 'y_m': 0.30527958810329436, 'heading_rad': -0.15785197564312403}
[can] backend=detectnet_native no detections
[map] motion direction=left speed=0.15 effective_seconds=0.04727959632873535 pose={'x_m': 0.0, 'y_m': 0.30527958810329436, 'heading_rad': -0.16499299643596332}
[can] backend=detectnet_native no detections
[map] motion direction=left speed=0.15 effective_seconds=0.04697728157043457 pose={'x_m': 0.0, 'y_m': 0.30527958810329436, 'heading_rad': -0.17208835617958362}
[can] backend=detectnet_native no detections
[map] motion direction=left speed=0.15 effective_seconds=0.04750561714172363 pose={'x_m': 0.0, 'y_m': 0.30527958810329436, 'heading_rad': -0.17926351472846314}
[can] backend=detectnet_native no detections
[map] motion direction=left speed=0.15 effective_seconds=0.04727745056152344 pose={'x_m': 0.0, 'y_m': 0.30527958810329436, 'heading_rad': -0.1864042114286817}
[can] backend=detectnet_native no detections
[map] motion direction=left speed=0.15 effective_seconds=0.04739093780517578 pose={'x_m': 0.0, 'y_m': 0.30527958810329436, 'heading_rad': -0.19356204902750296}
[can] backend=detectnet_native no detections
[map] motion direction=left speed=0.15 effective_seconds=0.04984235763549805 pose={'x_m': 0.0, 'y_m': 0.30527958810329436, 'heading_rad': -0.2010901444402573}
[can] backend=detectnet_native no detections
[map] motion direction=left speed=0.15 effective_seconds=0.046792030334472656 pose={'x_m': 0.0, 'y_m': 0.30527958810329436, 'heading_rad': -0.20815752418762923}
[can] backend=detectnet_native no detections
[map] motion direction=left speed=0.15 effective_seconds=0.046613216400146484 pose={'x_m': 0.0, 'y_m': 0.30527958810329436, 'heading_rad': -0.215197896216615}
[can] backend=detectnet_native no detections
[map] motion direction=left speed=0.15 effective_seconds=0.047013044357299805 pose={'x_m': 0.0, 'y_m': 0.30527958810329436, 'heading_rad': -0.22229865750391298}
[can] backend=detectnet_native no detections
[map] motion direction=left speed=0.15 effective_seconds=0.04735207557678223 pose={'x_m': 0.0, 'y_m': 0.30527958810329436, 'heading_rad': -0.2294506254252715}
[can] backend=detectnet_native no detections
[map] motion direction=left speed=0.15 effective_seconds=0.04731297492980957 pose={'x_m': 0.0, 'y_m': 0.30527958810329436, 'heading_rad': -0.2365966876588761}
[can] backend=detectnet_native no detections
[map] motion direction=left speed=0.15 effective_seconds=0.04732561111450195 pose={'x_m': 0.0, 'y_m': 0.30527958810329436, 'heading_rad': -0.2437446584379135}
[can] backend=detectnet_native no detections
[map] motion direction=left speed=0.15 effective_seconds=0.04758882522583008 pose={'x_m': 0.0, 'y_m': 0.30527958810329436, 'heading_rad': -0.25093238457841593}
[can] backend=detectnet_native no detections
[map] motion direction=left speed=0.15 effective_seconds=0.04841041564941406 pose={'x_m': 0.0, 'y_m': 0.30527958810329436, 'heading_rad': -0.25824420218233124}
[can] backend=detectnet_native no detections
[map] motion direction=left speed=0.15 effective_seconds=0.04714465141296387 pose={'x_m': 0.0, 'y_m': 0.30527958810329436, 'heading_rad': -0.2653648411503613}
[can] backend=detectnet_native no detections
[map] motion direction=left speed=0.15 effective_seconds=0.04686450958251953 pose={'x_m': 0.0, 'y_m': 0.30527958810329436, 'heading_rad': -0.2724431680262529}
[can] backend=detectnet_native no detections
[map] motion direction=left speed=0.15 effective_seconds=0.04741024971008301 pose={'x_m': 0.0, 'y_m': 0.30527958810329436, 'heading_rad': -0.27960392245865995}
[can] backend=detectnet_native no detections
[map] motion direction=left speed=0.15 effective_seconds=0.04747891426086426 pose={'x_m': 0.0, 'y_m': 0.30527958810329436, 'heading_rad': -0.28677504785492713}
[can] backend=detectnet_native no detections
[map] motion direction=left speed=0.15 effective_seconds=0.04760336875915527 pose={'x_m': 0.0, 'y_m': 0.30527958810329436, 'heading_rad': -0.2939649706231915}
[can] backend=detectnet_native no detections
[map] motion direction=left speed=0.15 effective_seconds=0.04757571220397949 pose={'x_m': 0.0, 'y_m': 0.30527958810329436, 'heading_rad': -0.30115071619767875}
[can] backend=detectnet_native no detections
[map] motion direction=left speed=0.15 effective_seconds=0.04732990264892578 pose={'x_m': 0.0, 'y_m': 0.30527958810329436, 'heading_rad': -0.3082993351619572}
[can] backend=detectnet_native no detections
[map] motion direction=left speed=0.15 effective_seconds=0.04744243621826172 pose={'x_m': 0.0, 'y_m': 0.30527958810329436, 'heading_rad': -0.31546495098367355}
[can] backend=detectnet_native no detections
[map] motion direction=left speed=0.15 effective_seconds=0.0479121208190918 pose={'x_m': 0.0, 'y_m': 0.30527958810329436, 'heading_rad': -0.3227015070790187}
[can] backend=detectnet_native no detections
[map] motion direction=left speed=0.15 effective_seconds=0.047066450119018555 pose={'x_m': 0.0, 'y_m': 0.30527958810329436, 'heading_rad': -0.3298103346715413}
[can] backend=detectnet_native no detections
[map] motion direction=left speed=0.15 effective_seconds=0.047376394271850586 pose={'x_m': 0.0, 'y_m': 0.30527958810329436, 'heading_rad': -0.3369659756426002}
[can] backend=detectnet_native no detections
[map] motion direction=left speed=0.15 effective_seconds=0.04717421531677246 pose={'x_m': 0.0, 'y_m': 0.30527958810329436, 'heading_rad': -0.34409107988673693}
[can] backend=detectnet_native no detections
[map] motion direction=left speed=0.15 effective_seconds=0.04778718948364258 pose={'x_m': 0.0, 'y_m': 0.30527958810329436, 'heading_rad': -0.3513087665895025}
[can] backend=detectnet_native no detections
[map] motion direction=left speed=0.15 effective_seconds=0.047353267669677734 pose={'x_m': 0.0, 'y_m': 0.30527958810329436, 'heading_rad': -0.358460914562317}
[can] backend=detectnet_native no detections
[map] motion direction=left speed=0.15 effective_seconds=0.047763824462890625 pose={'x_m': 0.0, 'y_m': 0.30527958810329436, 'heading_rad': -0.36567507225654694}
[can] backend=detectnet_native no detections
[map] motion direction=left speed=0.15 effective_seconds=0.04703712463378906 pose={'x_m': 0.0, 'y_m': 0.30527958810329436, 'heading_rad': -0.3727794705832541}
[can] backend=detectnet_native no detections
[map] motion direction=left speed=0.15 effective_seconds=0.046730756759643555 pose={'x_m': 0.0, 'y_m': 0.30527958810329436, 'heading_rad': -0.37983759568579245}
[can] backend=detectnet_native no detections
[map] motion direction=left speed=0.15 effective_seconds=0.04956340789794922 pose={'x_m': 0.0, 'y_m': 0.30527958810329436, 'heading_rad': -0.38732355905786386}
[can] backend=detectnet_native no detections
[map] motion direction=left speed=0.15 effective_seconds=0.04742264747619629 pose={'x_m': 0.0, 'y_m': 0.30527958810329436, 'heading_rad': -0.3944861860254121}
[can] backend=detectnet_native no detections
[map] motion direction=left speed=0.15 effective_seconds=0.04723930358886719 pose={'x_m': 0.0, 'y_m': 0.30527958810329436, 'heading_rad': -0.40162112107904147}
[can] backend=detectnet_native no detections
[map] motion direction=left speed=0.15 effective_seconds=0.04729056358337402 pose={'x_m': 0.0, 'y_m': 0.30527958810329436, 'heading_rad': -0.4087637983452752}
[can] backend=detectnet_native no detections
[map] motion direction=left speed=0.15 effective_seconds=0.04762411117553711 pose={'x_m': 0.0, 'y_m': 0.30527958810329436, 'heading_rad': -0.4159568540088725}
[can] backend=detectnet_native no detections
[map] motion direction=left speed=0.15 effective_seconds=0.04716205596923828 pose={'x_m': 0.0, 'y_m': 0.30527958810329436, 'heading_rad': -0.4230801217281588}
[can] backend=detectnet_native no detections
[map] motion direction=left speed=0.15 effective_seconds=0.047232627868652344 pose={'x_m': 0.0, 'y_m': 0.30527958810329436, 'heading_rad': -0.4302140484936352}
[can] backend=detectnet_native no detections
[map] motion direction=left speed=0.15 effective_seconds=0.047113895416259766 pose={'x_m': 0.0, 'y_m': 0.30527958810329436, 'heading_rad': -0.4373300421341031}
[can] backend=detectnet_native no detections
[map] motion direction=left speed=0.15 effective_seconds=0.04713082313537598 pose={'x_m': 0.0, 'y_m': 0.30527958810329436, 'heading_rad': -0.4444485925052448}
[can] backend=detectnet_native no detections
[map] motion direction=left speed=0.15 effective_seconds=0.04768514633178711 pose={'x_m': 0.0, 'y_m': 0.30527958810329436, 'heading_rad': -0.4516508668033845}
[can] backend=detectnet_native no detections
[map] motion direction=left speed=0.15 effective_seconds=0.047472476959228516 pose={'x_m': 0.0, 'y_m': 0.30527958810329436, 'heading_rad': -0.4588210199217899}
[can] backend=detectnet_native no detections
[map] motion direction=left speed=0.15 effective_seconds=0.047437191009521484 pose={'x_m': 0.0, 'y_m': 0.30527958810329436, 'heading_rad': -0.4659858435171005}
[can] backend=detectnet_native no detections
[map] motion direction=left speed=0.15 effective_seconds=0.04713845252990723 pose={'x_m': 0.0, 'y_m': 0.30527958810329436, 'heading_rad': -0.47310554621755996}
[can] backend=detectnet_native no detections
[map] motion direction=left speed=0.15 effective_seconds=0.04718589782714844 pose={'x_m': 0.0, 'y_m': 0.30527958810329436, 'heading_rad': -0.4802324149659647}
[can] backend=detectnet_native no detections
[map] motion direction=left speed=0.15 effective_seconds=0.047104835510253906 pose={'x_m': 0.0, 'y_m': 0.30527958810329436, 'heading_rad': -0.4873470402153677}
[can] backend=detectnet_native no detections
[map] motion direction=left speed=0.15 effective_seconds=0.047097206115722656 pose={'x_m': 0.0, 'y_m': 0.30527958810329436, 'heading_rad': -0.4944605131354525}
[can] backend=detectnet_native no detections
[map] motion direction=left speed=0.15 effective_seconds=0.047447919845581055 pose={'x_m': 0.0, 'y_m': 0.30527958810329436, 'heading_rad': -0.5016269571938663}
[can] backend=detectnet_native no detections
[map] motion direction=left speed=0.15 effective_seconds=0.04738807678222656 pose={'x_m': 0.0, 'y_m': 0.30527958810329436, 'heading_rad': -0.5087843626691932}
[can] backend=detectnet_native no detections
[map] motion direction=left speed=0.15 effective_seconds=0.04736638069152832 pose={'x_m': 0.0, 'y_m': 0.30527958810329436, 'heading_rad': -0.5159384912080229}
[can] backend=detectnet_native no detections
[map] motion direction=left speed=0.15 effective_seconds=0.047551631927490234 pose={'x_m': 0.0, 'y_m': 0.30527958810329436, 'heading_rad': -0.523120599743101}
[can] backend=detectnet_native no detections
[map] motion direction=left speed=0.15 effective_seconds=0.04745936393737793 pose={'x_m': 0.0, 'y_m': 0.30527958810329436, 'heading_rad': -0.5302887722954912}
[can] backend=detectnet_native no detections
[map] motion direction=left speed=0.15 effective_seconds=0.04743361473083496 pose={'x_m': 0.0, 'y_m': 0.30527958810329436, 'heading_rad': -0.5374530557364339}
[can] backend=detectnet_native no detections
[map] motion direction=left speed=0.15 effective_seconds=0.04704403877258301 pose={'x_m': 0.0, 'y_m': 0.30527958810329436, 'heading_rad': -0.5445584983615852}
[can] backend=detectnet_native no detections
[map] motion direction=left speed=0.15 effective_seconds=0.04765582084655762 pose={'x_m': 0.0, 'y_m': 0.30527958810329436, 'heading_rad': -0.5517563433939094}
[can] backend=detectnet_native no detections
[map] motion direction=left speed=0.15 effective_seconds=0.04704165458679199 pose={'x_m': 0.0, 'y_m': 0.30527958810329436, 'heading_rad': -0.5588614259161488}
[can] backend=detectnet_native no detections
[map] motion direction=left speed=0.15 effective_seconds=0.04726576805114746 pose={'x_m': 0.0, 'y_m': 0.30527958810329436, 'heading_rad': -0.5660003581120994}
[can] backend=detectnet_native no detections
[map] motion direction=left speed=0.15 effective_seconds=0.047452449798583984 pose={'x_m': 0.0, 'y_m': 0.30527958810329436, 'heading_rad': -0.5731674863660454}
[can] backend=detectnet_native no detections
[map] motion direction=left speed=0.15 effective_seconds=0.04734015464782715 pose={'x_m': 0.0, 'y_m': 0.30527958810329436, 'heading_rad': -0.5803176537728447}
[can] backend=detectnet_native no detections
[map] motion direction=left speed=0.15 effective_seconds=0.047499656677246094 pose={'x_m': 0.0, 'y_m': 0.30527958810329436, 'heading_rad': -0.5874919120644448}
[can] backend=detectnet_native detections=1 best_confidence=0.208
[can] backend=detectnet_native confidence=0.208 class_id=1 center=(76.5,124.2) error_x=-0.261 bbox=[68.1640625, 104.00390625, 84.921875, 144.375]
[map] motion direction=left speed=0.15 effective_seconds=0.06451177597045898 pose={'x_m': 0.0, 'y_m': 0.30527958810329436, 'heading_rad': -0.5972356486730428}
[base] continuous stop label=search_can_routine_2_step_1 elapsed=0.065s
[base] stop
[fsm] SEARCHING --TARGET_FOUND--> ALIGNING
[can] backend=detectnet_native no detections
[base] stop
[can] backend=detectnet_native no detections
[base] stop
[can] backend=detectnet_native no detections
[base] stop
[can] backend=detectnet_native no detections
[base] stop
[can] backend=detectnet_native no detections
[base] stop
[can] backend=detectnet_native no detections
[base] stop
[can] backend=detectnet_native no detections
[base] stop
[can] backend=detectnet_native no detections
[base] stop
[fsm] ALIGNING --TARGET_MISSING--> SEARCHING reason=alignment target lost
[can] backend=detectnet_native no detections
[base] continuous start label=search_can_routine_2_step_0 direction=forward requested_speed=0.6 effective_speed=0.6
[can] backend=detectnet_native no detections
[map] motion direction=forward speed=0.6 effective_seconds=0.04714679718017578 pose={'x_m': -0.002750766946055809, 'y_m': 0.3093243204588768, 'heading_rad': -0.5972356486730428}
[can] backend=detectnet_native no detections
[map] motion direction=forward speed=0.6 effective_seconds=0.04713273048400879 pose={'x_m': -0.005500713174583161, 'y_m': 0.3133678460300216, 'heading_rad': -0.5972356486730428}
[can] backend=detectnet_native no detections
[map] motion direction=forward speed=0.6 effective_seconds=0.04770684242248535 pose={'x_m': -0.008284155806644822, 'y_m': 0.31746062476940196, 'heading_rad': -0.5972356486730428}
[can] backend=detectnet_native no detections
[map] motion direction=forward speed=0.6 effective_seconds=0.047806501388549805 pose={'x_m': -0.011073413013738601, 'y_m': 0.32156195326971354, 'heading_rad': -0.5972356486730428}
[can] backend=detectnet_native no detections
[map] motion direction=forward speed=0.6 effective_seconds=0.04768562316894531 pose={'x_m': -0.013855617614274285, 'y_m': 0.3256529116054506, 'heading_rad': -0.5972356486730428}
[can] backend=detectnet_native no detections
[map] motion direction=forward speed=0.6 effective_seconds=0.0475153923034668 pose={'x_m': -0.01662789014166898, 'y_m': 0.3297292658040946, 'heading_rad': -0.5972356486730428}
[can] backend=detectnet_native no detections
[map] motion direction=forward speed=0.6 effective_seconds=0.04741191864013672 pose={'x_m': -0.019394125526566216, 'y_m': 0.33379674297823103, 'heading_rad': -0.5972356486730428}
[can] backend=detectnet_native no detections
[map] motion direction=forward speed=0.6 effective_seconds=0.04766082763671875 pose={'x_m': -0.02217488343857716, 'y_m': 0.33788557410072206, 'heading_rad': -0.5972356486730428}
[can] backend=detectnet_native no detections
[map] motion direction=forward speed=0.6 effective_seconds=0.04719996452331543 pose={'x_m': -0.024928752418681206, 'y_m': 0.34193486769239945, 'heading_rad': -0.5972356486730428}
[can] backend=detectnet_native no detections
[map] motion direction=forward speed=0.6 effective_seconds=0.04712414741516113 pose={'x_m': -0.027678197870411536, 'y_m': 0.34597765692049753, 'heading_rad': -0.5972356486730428}
[can] backend=detectnet_native no detections
[map] motion direction=forward speed=0.6 effective_seconds=0.04728984832763672 pose={'x_m': -0.030437311096417754, 'y_m': 0.35003466166019187, 'heading_rad': -0.5972356486730428}
[can] backend=detectnet_native no detections
[map] motion direction=forward speed=0.6 effective_seconds=0.047322750091552734 pose={'x_m': -0.033198343966812566, 'y_m': 0.35409448904823193, 'heading_rad': -0.5972356486730428}
[can] backend=detectnet_native no detections
[map] motion direction=forward speed=0.6 effective_seconds=0.04737138748168945 pose={'x_m': -0.035962214572390516, 'y_m': 0.35815848904687, 'heading_rad': -0.5972356486730428}
[can] backend=detectnet_native no detections
[map] motion direction=forward speed=0.6 effective_seconds=0.04739117622375488 pose={'x_m': -0.03872723974669494, 'y_m': 0.3622241867253102, 'heading_rad': -0.5972356486730428}
[can] backend=detectnet_native no detections
[map] motion direction=forward speed=0.6 effective_seconds=0.047559499740600586 pose={'x_m': -0.04150208571040768, 'y_m': 0.36630432490905535, 'heading_rad': -0.5972356486730428}
[can] backend=detectnet_native no detections
[map] motion direction=forward speed=0.6 effective_seconds=0.04718899726867676 pose={'x_m': -0.04425531480904886, 'y_m': 0.3703526776179508, 'heading_rad': -0.5972356486730428}
[can] backend=detectnet_native no detections
[map] motion direction=forward speed=0.6 effective_seconds=0.04702305793762207 pose={'x_m': -0.046998862222947566, 'y_m': 0.37438679436127653, 'heading_rad': -0.5972356486730428}
[can] backend=detectnet_native no detections
[map] motion direction=forward speed=0.6 effective_seconds=0.0468897819519043 pose={'x_m': -0.049734633686025806, 'y_m': 0.37840947733340474, 'heading_rad': -0.5972356486730428}
[can] backend=detectnet_native no detections
[map] motion direction=forward speed=0.6 effective_seconds=0.04727530479431152 pose={'x_m': -0.0524928983735704, 'y_m': 0.38246523438071434, 'heading_rad': -0.5972356486730428}
[can] backend=detectnet_native no detections
[map] motion direction=forward speed=0.6 effective_seconds=0.048211097717285156 pose={'x_m': -0.05530576164245725, 'y_m': 0.38660127327408894, 'heading_rad': -0.5972356486730428}
[can] backend=detectnet_native no detections
[map] motion direction=forward speed=0.6 effective_seconds=0.047417402267456055 pose={'x_m': -0.058072316968085916, 'y_m': 0.3906692208896163, 'heading_rad': -0.5972356486730428}
[can] backend=detectnet_native no detections
[map] motion direction=forward speed=0.6 effective_seconds=0.047472238540649414 pose={'x_m': -0.060842071701028906, 'y_m': 0.3947418729190532, 'heading_rad': -0.5972356486730428}
[can] backend=detectnet_native no detections
[map] motion direction=forward speed=0.6 effective_seconds=0.0474245548248291 pose={'x_m': -0.06360904434065509, 'y_m': 0.3988104341537862, 'heading_rad': -0.5972356486730428}
[can] backend=detectnet_native no detections
[map] motion direction=forward speed=0.6 effective_seconds=0.04750466346740723 pose={'x_m': -0.06638069089705351, 'y_m': 0.4028858679236218, 'heading_rad': -0.5972356486730428}
[can] backend=detectnet_native no detections
[map] motion direction=forward speed=0.6 effective_seconds=0.04718303680419922 pose={'x_m': -0.06913357223403009, 'y_m': 0.4069337092831793, 'heading_rad': -0.5972356486730428}
[can] backend=detectnet_native no detections
[map] motion direction=forward speed=0.6 effective_seconds=0.0468907356262207 pose={'x_m': -0.07186939933897467, 'y_m': 0.41095647407120156, 'heading_rad': -0.5972356486730428}
[can] backend=detectnet_native no detections
[map] motion direction=forward speed=0.6 effective_seconds=0.04764294624328613 pose={'x_m': -0.07464911396599182, 'y_m': 0.41504377114567864, 'heading_rad': -0.5972356486730428}
[can] backend=detectnet_native no detections
[map] motion direction=forward speed=0.6 effective_seconds=0.047202348709106445 pose={'x_m': -0.0774031220507617, 'y_m': 0.41909326927709123, 'heading_rad': -0.5972356486730428}
[can] backend=detectnet_native no detections
[map] motion direction=forward speed=0.6 effective_seconds=0.04770779609680176 pose={'x_m': -0.0801866203246897, 'y_m': 0.42318612983236564, 'heading_rad': -0.5972356486730428}
[can] backend=detectnet_native no detections
[map] motion direction=forward speed=0.6 effective_seconds=0.04764509201049805 pose={'x_m': -0.08296646014590611, 'y_m': 0.42727361099260436, 'heading_rad': -0.5972356486730428}
[can] backend=detectnet_native no detections
[map] motion direction=forward speed=0.6 effective_seconds=0.04727602005004883 pose={'x_m': -0.08572476656485045, 'y_m': 0.43132942940183455, 'heading_rad': -0.5972356486730428}
[can] backend=detectnet_native no detections
[map] motion direction=forward speed=0.6 effective_seconds=0.04731893539428711 pose={'x_m': -0.08848557686777991, 'y_m': 0.43538892952629826, 'heading_rad': -0.5972356486730428}
[can] backend=detectnet_native no detections
[map] motion direction=forward speed=0.6 effective_seconds=0.047057390213012695 pose={'x_m': -0.09123112738886671, 'y_m': 0.43942599164181084, 'heading_rad': -0.5972356486730428}
[can] backend=detectnet_native no detections
[map] motion direction=forward speed=0.6 effective_seconds=0.04704141616821289 pose={'x_m': -0.09397574590869238, 'y_m': 0.4434616833410976, 'heading_rad': -0.5972356486730428}
[can] backend=detectnet_native no detections
[map] motion direction=forward speed=0.6 effective_seconds=0.04719233512878418 pose={'x_m': -0.09672916975386574, 'y_m': 0.44751032240562233, 'heading_rad': -0.5972356486730428}
[can] backend=detectnet_native no detections
[map] motion direction=forward speed=0.6 effective_seconds=0.04777240753173828 pose={'x_m': -0.099516437764238, 'y_m': 0.4516087259877206, 'heading_rad': -0.5972356486730428}
[can] backend=detectnet_native no detections
[map] motion direction=forward speed=0.6 effective_seconds=0.04747915267944336 pose={'x_m': -0.10228659590071193, 'y_m': 0.4556819711823896, 'heading_rad': -0.5972356486730428}
[can] backend=detectnet_native no detections
[map] motion direction=forward speed=0.6 effective_seconds=0.04736638069152832 pose={'x_m': -0.10505017438649161, 'y_m': 0.4597455416475838, 'heading_rad': -0.5972356486730428}
[can] backend=detectnet_native no detections
[map] motion direction=forward speed=0.6 effective_seconds=0.047484397888183594 pose={'x_m': -0.10782063855323039, 'y_m': 0.46381923682967025, 'heading_rad': -0.5972356486730428}
[can] backend=detectnet_native no detections
[map] motion direction=forward speed=0.6 effective_seconds=0.04749178886413574 pose={'x_m': -0.11059153394443327, 'y_m': 0.46789356608493576, 'heading_rad': -0.5972356486730428}
[can] backend=detectnet_native no detections
[map] motion direction=forward speed=0.6 effective_seconds=0.047168731689453125 pose={'x_m': -0.11334358065341481, 'y_m': 0.471940180206082, 'heading_rad': -0.5972356486730428}
[can] backend=detectnet_native no detections
[map] motion direction=forward speed=0.6 effective_seconds=0.046972036361694336 pose={'x_m': -0.11608415122746453, 'y_m': 0.47596991979907455, 'heading_rad': -0.5972356486730428}
[can] backend=detectnet_native no detections
[map] motion direction=forward speed=0.6 effective_seconds=0.04732322692871094 pose={'x_m': -0.1188452119187925, 'y_m': 0.48002978809506164, 'heading_rad': -0.5972356486730428}
[can] backend=detectnet_native no detections
[map] motion direction=forward speed=0.6 effective_seconds=0.04735994338989258 pose={'x_m': -0.12160841482197443, 'y_m': 0.48409280630297075, 'heading_rad': -0.5972356486730428}
[can] backend=detectnet_native detections=1 best_confidence=0.229
[can] backend=detectnet_native confidence=0.229 class_id=1 center=(57.0,132.8) error_x=-0.322 bbox=[48.203125, 108.28125, 65.78125, 157.265625]
[map] motion direction=forward speed=0.6 effective_seconds=0.06465935707092285 pose={'x_m': -0.1253809472700259, 'y_m': 0.489639944375499, 'heading_rad': -0.5972356486730428}
[base] continuous stop label=search_can_routine_2_step_0 elapsed=0.065s
[base] stop
[fsm] SEARCHING --TARGET_FOUND--> ALIGNING
[can] backend=detectnet_native detections=1 best_confidence=0.225
[can] backend=detectnet_native confidence=0.225 class_id=1 center=(56.1,131.5) error_x=-0.325 bbox=[46.328125, 104.4140625, 65.9375, 158.5546875]
[base] continuous start label=align_can direction=left requested_speed=0.15 effective_speed=0.15
[visual-turn] label=align_can direction=left speed=0.15
[can] backend=detectnet_native no detections
[visual-turn] label=align_can target temporarily missing; holding motion frame=1/2
[can] backend=detectnet_native no detections
[visual-turn] label=align_can target temporarily missing; holding motion frame=2/2
[can] backend=detectnet_native detections=1 best_confidence=0.225
[can] backend=detectnet_native confidence=0.225 class_id=1 center=(58.1,130.3) error_x=-0.318 bbox=[48.8671875, 103.7109375, 67.3046875, 156.9140625]
[can] backend=detectnet_native detections=1 best_confidence=0.201
[can] backend=detectnet_native confidence=0.201 class_id=1 center=(59.6,130.2) error_x=-0.314 bbox=[49.6484375, 102.890625, 69.5703125, 157.5]
[can] backend=detectnet_native no detections
[visual-turn] label=align_can target temporarily missing; holding motion frame=1/2
[can] backend=detectnet_native no detections
[visual-turn] label=align_can target temporarily missing; holding motion frame=2/2
[can] backend=detectnet_native no detections
[map] motion direction=left speed=0.15 effective_seconds=0.74875807762146 pose={'x_m': -0.1253809472700259, 'y_m': 0.489639944375499, 'heading_rad': -0.7103266523255307}
[base] continuous stop label=align_can elapsed=0.749s
[base] stop
[can] backend=detectnet_native no detections
[base] stop
[can] backend=detectnet_native no detections
[base] stop
[can] backend=detectnet_native no detections
[base] stop
[can] backend=detectnet_native no detections
[base] stop
[can] backend=detectnet_native no detections
[base] stop
[fsm] ALIGNING --TARGET_MISSING--> SEARCHING reason=alignment target lost
[can] backend=detectnet_native no detections
[base] continuous start label=search_can_routine_2_step_0 direction=forward requested_speed=0.6 effective_speed=0.6
[can] backend=detectnet_native no detections
[map] motion direction=forward speed=0.6 effective_seconds=0.04667210578918457 pose={'x_m': -0.12853847629931592, 'y_m': 0.4933110765238316, 'heading_rad': -0.7103266523255307}
[can] backend=detectnet_native no detections
[map] motion direction=forward speed=0.6 effective_seconds=0.04700207710266113 pose={'x_m': -0.13171832902674463, 'y_m': 0.4970081635391334, 'heading_rad': -0.7103266523255307}
[can] backend=detectnet_native no detections
[map] motion direction=forward speed=0.6 effective_seconds=0.047020673751831055 pose={'x_m': -0.13489943988166958, 'y_m': 0.5007067133287297, 'heading_rad': -0.7103266523255307}
[can] backend=detectnet_native no detections
[map] motion direction=forward speed=0.6 effective_seconds=0.047370195388793945 pose={'x_m': -0.13810419708158828, 'y_m': 0.5044327557736562, 'heading_rad': -0.7103266523255307}
[can] backend=detectnet_native no detections
[map] motion direction=forward speed=0.6 effective_seconds=0.04728221893310547 pose={'x_m': -0.1413030023706593, 'y_m': 0.5081518781709586, 'heading_rad': -0.7103266523255307}
[can] backend=detectnet_native no detections
[map] motion direction=forward speed=0.6 effective_seconds=0.047290802001953125 pose={'x_m': -0.14450238833395937, 'y_m': 0.5118716756948585, 'heading_rad': -0.7103266523255307}
[can] backend=detectnet_native no detections
[map] motion direction=forward speed=0.6 effective_seconds=0.04762554168701172 pose={'x_m': -0.14772442059219204, 'y_m': 0.5156178031560595, 'heading_rad': -0.7103266523255307}
[can] backend=detectnet_native no detections
[map] motion direction=forward speed=0.6 effective_seconds=0.047303199768066406 pose={'x_m': -0.15092464530715627, 'y_m': 0.5193385758628224, 'heading_rad': -0.7103266523255307}
[can] backend=detectnet_native no detections
[map] motion direction=forward speed=0.6 effective_seconds=0.04725813865661621 pose={'x_m': -0.15412182148241804, 'y_m': 0.5230558041549486, 'heading_rad': -0.7103266523255307}
[can] backend=detectnet_native detections=1 best_confidence=0.206
[can] backend=detectnet_native confidence=0.206 class_id=1 center=(67.8,129.6) error_x=-0.288 bbox=[56.328125, 101.30859375, 79.21875, 157.8515625]
[map] motion direction=forward speed=0.6 effective_seconds=0.06418609619140625 pose={'x_m': -0.15846423240590654, 'y_m': 0.5281045508789253, 'heading_rad': -0.7103266523255307}
[base] continuous stop label=search_can_routine_2_step_0 elapsed=0.064s
[base] stop
[fsm] SEARCHING --TARGET_FOUND--> ALIGNING
[can] backend=detectnet_native detections=1 best_confidence=0.244
[can] backend=detectnet_native confidence=0.244 class_id=1 center=(64.9,133.7) error_x=-0.297 bbox=[53.59375, 104.53125, 76.171875, 162.890625]
[base] continuous start label=align_can direction=left requested_speed=0.15 effective_speed=0.15
[visual-turn] label=align_can direction=left speed=0.15
[can] backend=detectnet_native detections=1 best_confidence=0.485
[can] backend=detectnet_native confidence=0.485 class_id=1 center=(65.1,132.3) error_x=-0.297 bbox=[52.734375, 103.359375, 77.5, 161.25]
[can] backend=detectnet_native detections=1 best_confidence=0.345
[can] backend=detectnet_native confidence=0.345 class_id=1 center=(64.1,132.8) error_x=-0.300 bbox=[52.2265625, 104.765625, 75.9765625, 160.78125]
[can] backend=detectnet_native detections=1 best_confidence=0.251
[can] backend=detectnet_native confidence=0.251 class_id=1 center=(64.8,133.5) error_x=-0.297 bbox=[52.96875, 105.703125, 76.71875, 161.25]
[can] backend=detectnet_native detections=1 best_confidence=0.311
[can] backend=detectnet_native confidence=0.311 class_id=1 center=(65.3,134.2) error_x=-0.296 bbox=[52.96875, 105.234375, 77.578125, 163.125]
[can] backend=detectnet_native no detections
[visual-turn] label=align_can target temporarily missing; holding motion frame=1/2
[can] backend=detectnet_native no detections
[visual-turn] label=align_can target temporarily missing; holding motion frame=2/2
[can] backend=detectnet_native no detections
[map] motion direction=left speed=0.15 effective_seconds=0.5485060214996338 pose={'x_m': -0.15846423240590654, 'y_m': 0.5281045508789253, 'heading_rad': -0.7931719642290465}
[base] continuous stop label=align_can elapsed=0.549s
[base] stop
[can] backend=detectnet_native detections=1 best_confidence=0.387
[can] backend=detectnet_native confidence=0.387 class_id=1 center=(75.6,131.2) error_x=-0.264 bbox=[64.8828125, 103.0078125, 86.25, 159.4921875]
[base] continuous start label=align_can direction=left requested_speed=0.15 effective_speed=0.15
[visual-turn] label=align_can direction=left speed=0.15
[can] backend=detectnet_native detections=1 best_confidence=0.454
[can] backend=detectnet_native confidence=0.454 class_id=1 center=(75.8,130.6) error_x=-0.263 bbox=[64.53125, 101.66015625, 87.109375, 159.4921875]
[can] backend=detectnet_native detections=1 best_confidence=0.374
[can] backend=detectnet_native confidence=0.374 class_id=1 center=(75.8,130.5) error_x=-0.263 bbox=[64.9609375, 102.1875, 86.5625, 158.90625]
[can] backend=detectnet_native detections=1 best_confidence=0.337
[can] backend=detectnet_native confidence=0.337 class_id=1 center=(75.9,129.1) error_x=-0.263 bbox=[64.9609375, 101.3671875, 86.875, 156.9140625]
[can] backend=detectnet_native detections=1 best_confidence=0.393
[can] backend=detectnet_native confidence=0.393 class_id=1 center=(78.1,128.6) error_x=-0.256 bbox=[66.171875, 100.13671875, 90.0, 157.03125]
[can] backend=detectnet_native detections=1 best_confidence=0.260
[can] backend=detectnet_native confidence=0.260 class_id=1 center=(77.9,127.6) error_x=-0.257 bbox=[67.734375, 101.8359375, 87.96875, 153.3984375]
[can] backend=detectnet_native detections=1 best_confidence=0.428
[can] backend=detectnet_native confidence=0.428 class_id=1 center=(78.8,127.4) error_x=-0.254 bbox=[65.3515625, 96.73828125, 92.265625, 157.96875]
[can] backend=detectnet_native detections=1 best_confidence=0.203
[can] backend=detectnet_native confidence=0.203 class_id=1 center=(80.2,129.4) error_x=-0.249 bbox=[69.921875, 101.25, 90.546875, 157.5]
[can] backend=detectnet_native detections=1 best_confidence=0.425
[can] backend=detectnet_native confidence=0.425 class_id=1 center=(80.5,127.3) error_x=-0.249 bbox=[66.875, 95.7421875, 94.0625, 158.7890625]
[can] backend=detectnet_native detections=1 best_confidence=0.248
[can] backend=detectnet_native confidence=0.248 class_id=1 center=(84.1,128.3) error_x=-0.237 bbox=[71.875, 98.671875, 96.40625, 157.96875]
[can] backend=detectnet_native detections=1 best_confidence=0.219
[can] backend=detectnet_native confidence=0.219 class_id=1 center=(84.7,128.3) error_x=-0.235 bbox=[72.2265625, 98.7890625, 97.265625, 157.8515625]
[can] backend=detectnet_native no detections
[visual-turn] label=align_can target temporarily missing; holding motion frame=1/2
[can] backend=detectnet_native detections=1 best_confidence=0.369
[can] backend=detectnet_native confidence=0.369 class_id=1 center=(89.7,130.0) error_x=-0.220 bbox=[78.6328125, 103.4765625, 100.859375, 156.4453125]
[can] backend=detectnet_native detections=1 best_confidence=0.260
[can] backend=detectnet_native confidence=0.260 class_id=1 center=(90.9,130.7) error_x=-0.216 bbox=[80.3125, 103.828125, 101.5625, 157.5]
[can] backend=detectnet_native detections=1 best_confidence=0.315
[can] backend=detectnet_native confidence=0.315 class_id=1 center=(91.9,130.1) error_x=-0.213 bbox=[80.9375, 103.125, 102.8125, 157.03125]
[can] backend=detectnet_native detections=1 best_confidence=0.357
[can] backend=detectnet_native confidence=0.357 class_id=1 center=(92.4,129.6) error_x=-0.211 bbox=[80.78125, 100.8984375, 104.0625, 158.3203125]
[can] backend=detectnet_native detections=1 best_confidence=0.319
[can] backend=detectnet_native confidence=0.319 class_id=1 center=(92.3,126.4) error_x=-0.211 bbox=[80.234375, 97.1484375, 104.453125, 155.625]
[can] backend=detectnet_native detections=1 best_confidence=0.238
[can] backend=detectnet_native confidence=0.238 class_id=1 center=(95.0,128.1) error_x=-0.203 bbox=[83.984375, 100.8984375, 106.015625, 155.2734375]
[can] backend=detectnet_native detections=1 best_confidence=0.231
[can] backend=detectnet_native confidence=0.231 class_id=1 center=(95.2,125.8) error_x=-0.203 bbox=[82.65625, 95.09765625, 107.734375, 156.5625]
[can] backend=detectnet_native detections=1 best_confidence=0.218
[can] backend=detectnet_native confidence=0.218 class_id=1 center=(96.6,128.7) error_x=-0.198 bbox=[85.15625, 101.1328125, 107.96875, 156.2109375]
[can] backend=detectnet_native detections=1 best_confidence=0.448
[can] backend=detectnet_native confidence=0.448 class_id=1 center=(97.2,126.7) error_x=-0.196 bbox=[85.078125, 96.4453125, 109.375, 156.9140625]
[can] backend=detectnet_native detections=1 best_confidence=0.287
[can] backend=detectnet_native confidence=0.287 class_id=1 center=(99.6,128.0) error_x=-0.189 bbox=[88.046875, 99.7265625, 111.171875, 156.2109375]
[can] backend=detectnet_native detections=1 best_confidence=0.391
[can] backend=detectnet_native confidence=0.391 class_id=1 center=(100.9,128.3) error_x=-0.185 bbox=[88.59375, 99.2578125, 113.203125, 157.265625]
[can] backend=detectnet_native no detections
[visual-turn] label=align_can target temporarily missing; holding motion frame=1/2
[can] backend=detectnet_native no detections
[visual-turn] label=align_can target temporarily missing; holding motion frame=2/2
[can] backend=detectnet_native detections=1 best_confidence=0.441
[can] backend=detectnet_native confidence=0.441 class_id=1 center=(106.8,126.1) error_x=-0.166 bbox=[94.53125, 96.6796875, 119.0625, 155.5078125]
[can] backend=detectnet_native detections=1 best_confidence=0.336
[can] backend=detectnet_native confidence=0.336 class_id=1 center=(109.5,125.3) error_x=-0.158 bbox=[96.171875, 95.0390625, 122.890625, 155.625]
[can] backend=detectnet_native detections=1 best_confidence=0.204
[can] backend=detectnet_native confidence=0.204 class_id=1 center=(111.2,127.4) error_x=-0.153 bbox=[100.46875, 100.78125, 121.875, 153.984375]
[can] backend=detectnet_native detections=1 best_confidence=0.262
[can] backend=detectnet_native confidence=0.262 class_id=1 center=(111.0,126.6) error_x=-0.153 bbox=[98.75, 98.26171875, 123.203125, 154.921875]
[can] backend=detectnet_native detections=1 best_confidence=0.321
[can] backend=detectnet_native confidence=0.321 class_id=1 center=(113.1,125.5) error_x=-0.147 bbox=[100.078125, 96.5625, 126.09375, 154.453125]
[map] motion direction=left speed=0.15 effective_seconds=1.6971406936645508 pose={'x_m': -0.15846423240590654, 'y_m': 0.5281045508789253, 'heading_rad': -1.0495048841966037}
[base] continuous stop label=align_can elapsed=1.697s
[base] stop
[fsm] ALIGNING --TARGET_ALIGNED--> APPROACHING
[can] backend=detectnet_native detections=1 best_confidence=0.380
[can] backend=detectnet_native confidence=0.380 class_id=1 center=(114.3,124.6) error_x=-0.143 bbox=[101.171875, 95.15625, 127.5, 154.1015625]
[approach] target=can mode=bbox_height bbox=0.246/0.36 bbox_ok=False depth_raw=n/a/2.05 depth_ok=False pnp_z=n/a/None pnp_ok=False error_x=-0.143
[base] continuous start label=approach_can_steer direction=left requested_speed=0.15 effective_speed=0.15
[visual-turn] label=approach_can_steer direction=left speed=0.15
[can] backend=detectnet_native detections=1 best_confidence=0.366
[can] backend=detectnet_native confidence=0.366 class_id=1 center=(116.0,125.0) error_x=-0.138 bbox=[102.5, 95.80078125, 129.453125, 154.1015625]
[approach] target=can mode=bbox_height bbox=0.243/0.36 bbox_ok=False depth_raw=n/a/2.05 depth_ok=False pnp_z=n/a/None pnp_ok=False error_x=-0.138
[can] backend=detectnet_native detections=1 best_confidence=0.339
[can] backend=detectnet_native confidence=0.339 class_id=1 center=(117.4,127.3) error_x=-0.133 bbox=[105.546875, 100.48828125, 129.296875, 154.1015625]
[approach] target=can mode=bbox_height bbox=0.223/0.36 bbox_ok=False depth_raw=n/a/2.05 depth_ok=False pnp_z=n/a/None pnp_ok=False error_x=-0.133
[can] backend=detectnet_native detections=1 best_confidence=0.407
[can] backend=detectnet_native confidence=0.407 class_id=1 center=(116.7,125.3) error_x=-0.135 bbox=[103.515625, 95.91796875, 129.84375, 154.6875]
[approach] target=can mode=bbox_height bbox=0.245/0.36 bbox_ok=False depth_raw=n/a/2.05 depth_ok=False pnp_z=n/a/None pnp_ok=False error_x=-0.135
[can] backend=detectnet_native detections=1 best_confidence=0.419
[can] backend=detectnet_native confidence=0.419 class_id=1 center=(119.3,125.5) error_x=-0.127 bbox=[105.3125, 96.2109375, 133.28125, 154.8046875]
[approach] target=can mode=bbox_height bbox=0.244/0.36 bbox_ok=False depth_raw=n/a/2.05 depth_ok=False pnp_z=n/a/None pnp_ok=False error_x=-0.127
[can] backend=detectnet_native detections=1 best_confidence=0.221
[can] backend=detectnet_native confidence=0.221 class_id=1 center=(119.4,125.5) error_x=-0.127 bbox=[107.265625, 98.14453125, 131.484375, 152.9296875]
[approach] target=can mode=bbox_height bbox=0.228/0.36 bbox_ok=False depth_raw=n/a/2.05 depth_ok=False pnp_z=n/a/None pnp_ok=False error_x=-0.127
[can] backend=detectnet_native detections=1 best_confidence=0.264
[can] backend=detectnet_native confidence=0.264 class_id=1 center=(120.2,126.6) error_x=-0.125 bbox=[107.8125, 100.4296875, 132.5, 152.6953125]
[approach] target=can mode=bbox_height bbox=0.218/0.36 bbox_ok=False depth_raw=n/a/2.05 depth_ok=False pnp_z=n/a/None pnp_ok=False error_x=-0.125
[can] backend=detectnet_native detections=1 best_confidence=0.286
[can] backend=detectnet_native confidence=0.286 class_id=1 center=(123.7,126.2) error_x=-0.114 bbox=[111.71875, 99.609375, 135.625, 152.8125]
[approach] target=can mode=bbox_height bbox=0.222/0.36 bbox_ok=False depth_raw=n/a/2.05 depth_ok=False pnp_z=n/a/None pnp_ok=False error_x=-0.114
[map] motion direction=left speed=0.15 effective_seconds=0.35190749168395996 pose={'x_m': -0.15846423240590654, 'y_m': 0.5281045508789253, 'heading_rad': -1.1026563260532196}
[base] continuous stop label=approach_can_steer elapsed=0.352s
[base] stop
[base] continuous start label=approach_can_forward direction=forward requested_speed=0.6 effective_speed=0.6
[can] backend=detectnet_native detections=1 best_confidence=0.389
[can] backend=detectnet_native confidence=0.389 class_id=1 center=(123.3,125.7) error_x=-0.115 bbox=[112.109375, 99.7265625, 134.453125, 151.7578125]
[approach] target=can mode=bbox_height bbox=0.217/0.36 bbox_ok=False depth_raw=n/a/2.05 depth_ok=False pnp_z=n/a/None pnp_ok=False error_x=-0.115
[can] backend=detectnet_native detections=1 best_confidence=0.393
[can] backend=detectnet_native confidence=0.393 class_id=1 center=(123.1,124.7) error_x=-0.115 bbox=[111.328125, 96.9140625, 134.921875, 152.4609375]
[approach] target=can mode=bbox_height bbox=0.231/0.36 bbox_ok=False depth_raw=n/a/2.05 depth_ok=False pnp_z=n/a/None pnp_ok=False error_x=-0.115
[can] backend=detectnet_native detections=1 best_confidence=0.369
[can] backend=detectnet_native confidence=0.369 class_id=1 center=(123.8,124.3) error_x=-0.113 bbox=[112.03125, 96.9140625, 135.625, 151.7578125]
[approach] target=can mode=bbox_height bbox=0.229/0.36 bbox_ok=False depth_raw=n/a/2.05 depth_ok=False pnp_z=n/a/None pnp_ok=False error_x=-0.113
[can] backend=detectnet_native detections=1 best_confidence=0.502
[can] backend=detectnet_native confidence=0.502 class_id=1 center=(124.5,126.0) error_x=-0.111 bbox=[112.96875, 99.0234375, 135.9375, 152.9296875]
[approach] target=can mode=bbox_height bbox=0.225/0.36 bbox_ok=False depth_raw=n/a/2.05 depth_ok=False pnp_z=n/a/None pnp_ok=False error_x=-0.111
[can] backend=detectnet_native detections=1 best_confidence=0.516
[can] backend=detectnet_native confidence=0.516 class_id=1 center=(125.1,125.8) error_x=-0.109 bbox=[112.265625, 93.75, 137.96875, 157.8515625]
[approach] target=can mode=bbox_height bbox=0.267/0.36 bbox_ok=False depth_raw=n/a/2.05 depth_ok=False pnp_z=n/a/None pnp_ok=False error_x=-0.109
[can] backend=detectnet_native detections=1 best_confidence=0.330
[can] backend=detectnet_native confidence=0.330 class_id=1 center=(125.8,129.1) error_x=-0.107 bbox=[114.140625, 100.25390625, 137.421875, 157.8515625]
[approach] target=can mode=bbox_height bbox=0.240/0.36 bbox_ok=False depth_raw=n/a/2.05 depth_ok=False pnp_z=n/a/None pnp_ok=False error_x=-0.107
[can] backend=detectnet_native detections=1 best_confidence=0.494
[can] backend=detectnet_native confidence=0.494 class_id=1 center=(125.3,127.6) error_x=-0.108 bbox=[113.359375, 98.7890625, 137.265625, 156.4453125]
[approach] target=can mode=bbox_height bbox=0.240/0.36 bbox_ok=False depth_raw=n/a/2.05 depth_ok=False pnp_z=n/a/None pnp_ok=False error_x=-0.108
[can] backend=detectnet_native detections=1 best_confidence=0.478
[can] backend=detectnet_native confidence=0.478 class_id=1 center=(124.5,124.5) error_x=-0.111 bbox=[112.03125, 92.98828125, 137.03125, 156.09375]
[approach] target=can mode=bbox_height bbox=0.263/0.36 bbox_ok=False depth_raw=n/a/2.05 depth_ok=False pnp_z=n/a/None pnp_ok=False error_x=-0.111
[can] backend=detectnet_native detections=1 best_confidence=0.582
[can] backend=detectnet_native confidence=0.582 class_id=1 center=(123.9,127.3) error_x=-0.113 bbox=[111.796875, 97.734375, 136.09375, 156.796875]
[approach] target=can mode=bbox_height bbox=0.246/0.36 bbox_ok=False depth_raw=n/a/2.05 depth_ok=False pnp_z=n/a/None pnp_ok=False error_x=-0.113
[can] backend=detectnet_native detections=1 best_confidence=0.668
[can] backend=detectnet_native confidence=0.668 class_id=1 center=(124.5,127.8) error_x=-0.111 bbox=[111.171875, 96.6796875, 137.890625, 158.90625]
[approach] target=can mode=bbox_height bbox=0.259/0.36 bbox_ok=False depth_raw=n/a/2.05 depth_ok=False pnp_z=n/a/None pnp_ok=False error_x=-0.111
[can] backend=detectnet_native detections=1 best_confidence=0.607
[can] backend=detectnet_native confidence=0.607 class_id=1 center=(123.9,128.6) error_x=-0.113 bbox=[110.9375, 98.61328125, 136.953125, 158.5546875]
[approach] target=can mode=bbox_height bbox=0.250/0.36 bbox_ok=False depth_raw=n/a/2.05 depth_ok=False pnp_z=n/a/None pnp_ok=False error_x=-0.113
[can] backend=detectnet_native detections=1 best_confidence=0.650
[can] backend=detectnet_native confidence=0.650 class_id=1 center=(125.2,129.1) error_x=-0.109 bbox=[112.109375, 99.0234375, 138.203125, 159.2578125]
[approach] target=can mode=bbox_height bbox=0.251/0.36 bbox_ok=False depth_raw=n/a/2.05 depth_ok=False pnp_z=n/a/None pnp_ok=False error_x=-0.109
[can] backend=detectnet_native detections=1 best_confidence=0.624
[can] backend=detectnet_native confidence=0.624 class_id=1 center=(124.4,129.0) error_x=-0.111 bbox=[111.484375, 98.7890625, 137.265625, 159.2578125]
[approach] target=can mode=bbox_height bbox=0.252/0.36 bbox_ok=False depth_raw=n/a/2.05 depth_ok=False pnp_z=n/a/None pnp_ok=False error_x=-0.111
[can] backend=detectnet_native detections=1 best_confidence=0.505
[can] backend=detectnet_native confidence=0.505 class_id=1 center=(123.6,130.4) error_x=-0.114 bbox=[110.703125, 99.7265625, 136.484375, 161.1328125]
[approach] target=can mode=bbox_height bbox=0.256/0.36 bbox_ok=False depth_raw=n/a/2.05 depth_ok=False pnp_z=n/a/None pnp_ok=False error_x=-0.114
[can] backend=detectnet_native detections=1 best_confidence=0.488
[can] backend=detectnet_native confidence=0.488 class_id=1 center=(122.3,130.0) error_x=-0.118 bbox=[109.453125, 99.31640625, 135.234375, 160.6640625]
[approach] target=can mode=bbox_height bbox=0.256/0.36 bbox_ok=False depth_raw=n/a/2.05 depth_ok=False pnp_z=n/a/None pnp_ok=False error_x=-0.118
[can] backend=detectnet_native detections=1 best_confidence=0.634
[can] backend=detectnet_native confidence=0.634 class_id=1 center=(123.2,128.8) error_x=-0.115 bbox=[110.0, 97.32421875, 136.484375, 160.1953125]
[approach] target=can mode=bbox_height bbox=0.262/0.36 bbox_ok=False depth_raw=n/a/2.05 depth_ok=False pnp_z=n/a/None pnp_ok=False error_x=-0.115
[can] backend=detectnet_native detections=1 best_confidence=0.551
[can] backend=detectnet_native confidence=0.551 class_id=1 center=(122.9,129.4) error_x=-0.116 bbox=[109.0625, 97.5, 136.640625, 161.25]
[approach] target=can mode=bbox_height bbox=0.266/0.36 bbox_ok=False depth_raw=n/a/2.05 depth_ok=False pnp_z=n/a/None pnp_ok=False error_x=-0.116
[can] backend=detectnet_native detections=1 best_confidence=0.518
[can] backend=detectnet_native confidence=0.518 class_id=1 center=(122.4,130.5) error_x=-0.117 bbox=[108.59375, 99.0234375, 136.25, 161.953125]
[approach] target=can mode=bbox_height bbox=0.262/0.36 bbox_ok=False depth_raw=n/a/2.05 depth_ok=False pnp_z=n/a/None pnp_ok=False error_x=-0.117
[can] backend=detectnet_native detections=1 best_confidence=0.372
[can] backend=detectnet_native confidence=0.372 class_id=1 center=(122.2,131.4) error_x=-0.118 bbox=[108.515625, 100.78125, 135.859375, 161.953125]
[approach] target=can mode=bbox_height bbox=0.255/0.36 bbox_ok=False depth_raw=n/a/2.05 depth_ok=False pnp_z=n/a/None pnp_ok=False error_x=-0.118
[can] backend=detectnet_native detections=1 best_confidence=0.432
[can] backend=detectnet_native confidence=0.432 class_id=1 center=(122.3,130.9) error_x=-0.118 bbox=[108.125, 99.2578125, 136.40625, 162.5390625]
[approach] target=can mode=bbox_height bbox=0.264/0.36 bbox_ok=False depth_raw=n/a/2.05 depth_ok=False pnp_z=n/a/None pnp_ok=False error_x=-0.118
[can] backend=detectnet_native detections=1 best_confidence=0.743
[can] backend=detectnet_native confidence=0.743 class_id=1 center=(121.9,132.5) error_x=-0.119 bbox=[107.03125, 100.1953125, 136.796875, 164.765625]
[approach] target=can mode=bbox_height bbox=0.269/0.36 bbox_ok=False depth_raw=n/a/2.05 depth_ok=False pnp_z=n/a/None pnp_ok=False error_x=-0.119
[can] backend=detectnet_native detections=1 best_confidence=0.690
[can] backend=detectnet_native confidence=0.690 class_id=1 center=(119.3,132.1) error_x=-0.127 bbox=[102.890625, 98.3203125, 135.78125, 165.9375]
[approach] target=can mode=bbox_height bbox=0.282/0.36 bbox_ok=False depth_raw=n/a/2.05 depth_ok=False pnp_z=n/a/None pnp_ok=False error_x=-0.127
[map] motion direction=forward speed=0.6 effective_seconds=1.0688550472259521 pose={'x_m': -0.25742679088029785, 'y_m': 0.5781428081702631, 'heading_rad': -1.1026563260532196}
[base] continuous stop label=approach_can_forward elapsed=1.069s
[base] stop
[base] continuous start label=approach_can_steer direction=left requested_speed=0.15 effective_speed=0.15
[visual-turn] label=approach_can_steer direction=left speed=0.15
[can] backend=detectnet_native detections=1 best_confidence=0.875
[can] backend=detectnet_native confidence=0.875 class_id=1 center=(120.3,134.5) error_x=-0.124 bbox=[103.125, 99.0234375, 137.5, 170.0390625]
[approach] target=can mode=bbox_height bbox=0.296/0.36 bbox_ok=False depth_raw=n/a/2.05 depth_ok=False pnp_z=n/a/None pnp_ok=False error_x=-0.124
[can] backend=detectnet_native detections=1 best_confidence=0.717
[can] backend=detectnet_native confidence=0.717 class_id=1 center=(119.7,133.2) error_x=-0.126 bbox=[103.4375, 98.671875, 135.9375, 167.6953125]
[approach] target=can mode=bbox_height bbox=0.288/0.36 bbox_ok=False depth_raw=n/a/2.05 depth_ok=False pnp_z=n/a/None pnp_ok=False error_x=-0.126
[can] backend=detectnet_native detections=1 best_confidence=0.861
[can] backend=detectnet_native confidence=0.861 class_id=1 center=(119.8,130.6) error_x=-0.126 bbox=[102.34375, 91.9921875, 137.1875, 169.21875]
[approach] target=can mode=bbox_height bbox=0.322/0.36 bbox_ok=False depth_raw=n/a/2.05 depth_ok=False pnp_z=n/a/None pnp_ok=False error_x=-0.126
[can] backend=detectnet_native detections=1 best_confidence=0.877
[can] backend=detectnet_native confidence=0.877 class_id=1 center=(119.5,133.0) error_x=-0.127 bbox=[102.265625, 96.09375, 136.71875, 169.921875]
[approach] target=can mode=bbox_height bbox=0.308/0.36 bbox_ok=False depth_raw=n/a/2.05 depth_ok=False pnp_z=n/a/None pnp_ok=False error_x=-0.127
[can] backend=detectnet_native detections=1 best_confidence=0.860
[can] backend=detectnet_native confidence=0.860 class_id=1 center=(122.4,134.8) error_x=-0.118 bbox=[106.953125, 100.546875, 137.8125, 168.984375]
[approach] target=can mode=bbox_height bbox=0.285/0.36 bbox_ok=False depth_raw=n/a/2.05 depth_ok=False pnp_z=n/a/None pnp_ok=False error_x=-0.118
[map] motion direction=left speed=0.15 effective_seconds=0.25704050064086914 pose={'x_m': -0.25742679088029785, 'y_m': 0.5781428081702631, 'heading_rad': -1.141479237038241}
[base] continuous stop label=approach_can_steer elapsed=0.257s
[base] stop
[base] continuous start label=approach_can_forward direction=forward requested_speed=0.6 effective_speed=0.6
[can] backend=detectnet_native detections=1 best_confidence=0.924
[can] backend=detectnet_native confidence=0.924 class_id=1 center=(124.5,133.1) error_x=-0.111 bbox=[108.828125, 98.37890625, 140.078125, 167.8125]
[approach] target=can mode=bbox_height bbox=0.289/0.36 bbox_ok=False depth_raw=n/a/2.05 depth_ok=False pnp_z=n/a/None pnp_ok=False error_x=-0.111
[can] backend=detectnet_native detections=1 best_confidence=0.957
[can] backend=detectnet_native confidence=0.957 class_id=1 center=(125.0,133.9) error_x=-0.109 bbox=[109.0625, 96.73828125, 140.859375, 171.09375]
[approach] target=can mode=bbox_height bbox=0.310/0.36 bbox_ok=False depth_raw=n/a/2.05 depth_ok=False pnp_z=n/a/None pnp_ok=False error_x=-0.109
[can] backend=detectnet_native detections=1 best_confidence=0.985
[can] backend=detectnet_native confidence=0.985 class_id=1 center=(125.2,133.1) error_x=-0.109 bbox=[109.140625, 96.4453125, 141.328125, 169.6875]
[approach] target=can mode=bbox_height bbox=0.305/0.36 bbox_ok=False depth_raw=n/a/2.05 depth_ok=False pnp_z=n/a/None pnp_ok=False error_x=-0.109
[can] backend=detectnet_native detections=1 best_confidence=0.989
[can] backend=detectnet_native confidence=0.989 class_id=1 center=(125.2,133.7) error_x=-0.109 bbox=[108.90625, 97.55859375, 141.40625, 169.921875]
[approach] target=can mode=bbox_height bbox=0.302/0.36 bbox_ok=False depth_raw=n/a/2.05 depth_ok=False pnp_z=n/a/None pnp_ok=False error_x=-0.109
[can] backend=detectnet_native detections=1 best_confidence=0.981
[can] backend=detectnet_native confidence=0.981 class_id=1 center=(125.4,134.3) error_x=-0.108 bbox=[109.140625, 97.32421875, 141.5625, 171.2109375]
[approach] target=can mode=bbox_height bbox=0.308/0.36 bbox_ok=False depth_raw=n/a/2.05 depth_ok=False pnp_z=n/a/None pnp_ok=False error_x=-0.108
[can] backend=detectnet_native detections=1 best_confidence=0.941
[can] backend=detectnet_native confidence=0.941 class_id=1 center=(124.5,134.4) error_x=-0.111 bbox=[108.359375, 97.44140625, 140.625, 171.328125]
[approach] target=can mode=bbox_height bbox=0.308/0.36 bbox_ok=False depth_raw=n/a/2.05 depth_ok=False pnp_z=n/a/None pnp_ok=False error_x=-0.111
[can] backend=detectnet_native detections=1 best_confidence=0.940
[can] backend=detectnet_native confidence=0.940 class_id=1 center=(124.4,133.7) error_x=-0.111 bbox=[107.96875, 97.32421875, 140.859375, 170.0390625]
[approach] target=can mode=bbox_height bbox=0.303/0.36 bbox_ok=False depth_raw=n/a/2.05 depth_ok=False pnp_z=n/a/None pnp_ok=False error_x=-0.111
[can] backend=detectnet_native detections=1 best_confidence=0.974
[can] backend=detectnet_native confidence=0.974 class_id=1 center=(124.8,135.1) error_x=-0.110 bbox=[107.734375, 97.96875, 141.796875, 172.265625]
[approach] target=can mode=bbox_height bbox=0.310/0.36 bbox_ok=False depth_raw=n/a/2.05 depth_ok=False pnp_z=n/a/None pnp_ok=False error_x=-0.110
[can] backend=detectnet_native detections=1 best_confidence=0.969
[can] backend=detectnet_native confidence=0.969 class_id=1 center=(125.0,134.5) error_x=-0.109 bbox=[107.1875, 96.5625, 142.734375, 172.5]
[approach] target=can mode=bbox_height bbox=0.316/0.36 bbox_ok=False depth_raw=n/a/2.05 depth_ok=False pnp_z=n/a/None pnp_ok=False error_x=-0.109
[can] backend=detectnet_native detections=1 best_confidence=0.982
[can] backend=detectnet_native confidence=0.982 class_id=1 center=(124.5,135.4) error_x=-0.111 bbox=[106.953125, 96.2109375, 142.03125, 174.609375]
[approach] target=can mode=bbox_height bbox=0.327/0.36 bbox_ok=False depth_raw=n/a/2.05 depth_ok=False pnp_z=n/a/None pnp_ok=False error_x=-0.111
[can] backend=detectnet_native detections=1 best_confidence=0.996
[can] backend=detectnet_native confidence=0.996 class_id=1 center=(123.7,134.4) error_x=-0.113 bbox=[105.078125, 94.39453125, 142.34375, 174.375]
[approach] target=can mode=bbox_height bbox=0.333/0.36 bbox_ok=False depth_raw=n/a/2.05 depth_ok=False pnp_z=n/a/None pnp_ok=False error_x=-0.113
[can] backend=detectnet_native detections=1 best_confidence=0.987
[can] backend=detectnet_native confidence=0.987 class_id=1 center=(122.7,132.9) error_x=-0.117 bbox=[102.5, 90.8203125, 142.8125, 175.078125]
[approach] target=can mode=bbox_height bbox=0.351/0.36 bbox_ok=False depth_raw=n/a/2.05 depth_ok=False pnp_z=n/a/None pnp_ok=False error_x=-0.117
[can] backend=detectnet_native detections=1 best_confidence=0.977
[can] backend=detectnet_native confidence=0.977 class_id=1 center=(121.8,134.2) error_x=-0.119 bbox=[101.875, 91.5234375, 141.796875, 176.953125]
[approach] target=can mode=bbox_height bbox=0.356/0.36 bbox_ok=False depth_raw=n/a/2.05 depth_ok=False pnp_z=n/a/None pnp_ok=False error_x=-0.119
[can] backend=detectnet_native detections=1 best_confidence=0.990
[can] backend=detectnet_native confidence=0.990 class_id=1 center=(121.1,134.0) error_x=-0.122 bbox=[99.53125, 89.296875, 142.65625, 178.7109375]
[approach] target=can mode=bbox_height bbox=0.373/0.36 bbox_ok=True depth_raw=n/a/2.05 depth_ok=False pnp_z=n/a/None pnp_ok=False error_x=-0.122
[map] motion direction=forward speed=0.6 effective_seconds=0.6883237361907959 pose={'x_m': -0.322359611360658, 'y_m': 0.6078687113966369, 'heading_rad': -1.141479237038241}
[base] continuous stop label=approach_can_forward elapsed=0.688s
[base] stop
[fsm] APPROACHING --TARGET_REACHED--> FINAL_VERIFY
[can] backend=detectnet_native detections=1 best_confidence=0.906
[can] backend=detectnet_native confidence=0.906 class_id=1 center=(119.4,134.5) error_x=-0.127 bbox=[97.34375, 89.0625, 141.40625, 180.0]
[base] continuous start label=align_can direction=left requested_speed=0.15 effective_speed=0.15
[visual-turn] label=align_can direction=left speed=0.15
[can] backend=detectnet_native detections=1 best_confidence=0.711
[can] backend=detectnet_native confidence=0.711 class_id=1 center=(119.4,134.7) error_x=-0.127 bbox=[96.09375, 89.4140625, 142.734375, 180.0]
[can] backend=detectnet_native detections=1 best_confidence=0.912
[can] backend=detectnet_native confidence=0.912 class_id=1 center=(120.7,133.9) error_x=-0.123 bbox=[98.90625, 88.88671875, 142.421875, 178.828125]
[can] backend=detectnet_native detections=1 best_confidence=0.946
[can] backend=detectnet_native confidence=0.946 class_id=1 center=(120.9,134.4) error_x=-0.122 bbox=[98.515625, 87.0703125, 143.359375, 181.640625]
[can] backend=detectnet_native detections=1 best_confidence=0.924
[can] backend=detectnet_native confidence=0.924 class_id=1 center=(121.4,135.4) error_x=-0.121 bbox=[99.21875, 90.703125, 143.515625, 180.0]
[can] backend=detectnet_native detections=1 best_confidence=0.997
[can] backend=detectnet_native confidence=0.997 class_id=1 center=(124.4,136.1) error_x=-0.111 bbox=[103.203125, 92.87109375, 145.625, 179.4140625]
[can] backend=detectnet_native detections=1 best_confidence=0.999
[can] backend=detectnet_native confidence=0.999 class_id=1 center=(125.4,136.4) error_x=-0.108 bbox=[103.59375, 92.75390625, 147.109375, 180.0]
[can] backend=detectnet_native detections=1 best_confidence=0.999
[can] backend=detectnet_native confidence=0.999 class_id=1 center=(125.8,136.8) error_x=-0.107 bbox=[104.53125, 92.75390625, 147.03125, 180.8203125]
[can] backend=detectnet_native detections=1 best_confidence=1.000
[can] backend=detectnet_native confidence=1.000 class_id=1 center=(126.6,136.0) error_x=-0.104 bbox=[105.46875, 90.234375, 147.65625, 181.7578125]
[can] backend=detectnet_native detections=1 best_confidence=1.000
[can] backend=detectnet_native confidence=1.000 class_id=1 center=(127.7,134.8) error_x=-0.101 bbox=[106.328125, 88.4765625, 148.984375, 181.0546875]
[can] backend=detectnet_native detections=1 best_confidence=1.000
[can] backend=detectnet_native confidence=1.000 class_id=1 center=(128.4,134.4) error_x=-0.099 bbox=[105.625, 86.484375, 151.09375, 182.2265625]
[can] backend=detectnet_native detections=1 best_confidence=0.999
[can] backend=detectnet_native confidence=0.999 class_id=1 center=(129.5,136.3) error_x=-0.095 bbox=[108.203125, 90.1171875, 150.859375, 182.4609375]
[can] backend=detectnet_native detections=1 best_confidence=0.999
[can] backend=detectnet_native confidence=0.999 class_id=1 center=(131.1,135.3) error_x=-0.090 bbox=[109.6875, 89.765625, 152.5, 180.8203125]
[can] backend=detectnet_native detections=1 best_confidence=1.000
[can] backend=detectnet_native confidence=1.000 class_id=1 center=(131.6,134.5) error_x=-0.089 bbox=[109.453125, 87.0703125, 153.828125, 181.875]
[can] backend=detectnet_native detections=1 best_confidence=0.999
[can] backend=detectnet_native confidence=0.999 class_id=1 center=(132.6,135.7) error_x=-0.086 bbox=[109.6875, 87.5390625, 155.546875, 183.8671875]
[can] backend=detectnet_native detections=1 best_confidence=0.992
[can] backend=detectnet_native confidence=0.992 class_id=1 center=(135.0,135.2) error_x=-0.078 bbox=[113.75, 88.2421875, 156.25, 182.109375]
[can] backend=detectnet_native detections=1 best_confidence=0.985
[can] backend=detectnet_native confidence=0.985 class_id=1 center=(135.2,134.2) error_x=-0.078 bbox=[112.5, 87.36328125, 157.8125, 180.9375]
[can] backend=detectnet_native detections=1 best_confidence=0.874
[can] backend=detectnet_native confidence=0.874 class_id=1 center=(138.2,133.0) error_x=-0.068 bbox=[117.03125, 87.5390625, 159.453125, 178.4765625]
[can] backend=detectnet_native detections=1 best_confidence=0.986
[can] backend=detectnet_native confidence=0.986 class_id=1 center=(140.2,133.3) error_x=-0.062 bbox=[118.359375, 86.66015625, 162.03125, 180.0]
[can] backend=detectnet_native detections=1 best_confidence=0.999
[can] backend=detectnet_native confidence=0.999 class_id=1 center=(141.7,135.9) error_x=-0.057 bbox=[119.921875, 90.41015625, 163.4375, 181.40625]
[can] backend=detectnet_native detections=1 best_confidence=1.000
[can] backend=detectnet_native confidence=1.000 class_id=1 center=(143.5,135.1) error_x=-0.052 bbox=[121.875, 89.0625, 165.15625, 181.171875]
[can] backend=detectnet_native detections=1 best_confidence=1.000
[can] backend=detectnet_native confidence=1.000 class_id=1 center=(143.9,136.5) error_x=-0.050 bbox=[121.796875, 89.8828125, 165.9375, 183.1640625]
[can] backend=detectnet_native detections=1 best_confidence=1.000
[can] backend=detectnet_native confidence=1.000 class_id=1 center=(145.7,134.6) error_x=-0.045 bbox=[123.828125, 87.890625, 167.5, 181.2890625]
[can] backend=detectnet_native detections=1 best_confidence=1.000
[can] backend=detectnet_native confidence=1.000 class_id=1 center=(147.2,134.5) error_x=-0.040 bbox=[125.15625, 86.3671875, 169.21875, 182.578125]
[can] backend=detectnet_native detections=1 best_confidence=1.000
[can] backend=detectnet_native confidence=1.000 class_id=1 center=(148.3,133.6) error_x=-0.037 bbox=[126.5625, 86.953125, 170.0, 180.234375]
[can] backend=detectnet_native detections=1 best_confidence=1.000
[can] backend=detectnet_native confidence=1.000 class_id=1 center=(149.4,134.5) error_x=-0.033 bbox=[127.03125, 85.4296875, 171.71875, 183.515625]
[can] backend=detectnet_native detections=1 best_confidence=0.999
[can] backend=detectnet_native confidence=0.999 class_id=1 center=(149.9,133.6) error_x=-0.031 bbox=[127.65625, 85.48828125, 172.1875, 181.640625]
[can] backend=detectnet_native detections=1 best_confidence=0.995
[can] backend=detectnet_native confidence=0.995 class_id=1 center=(151.8,135.5) error_x=-0.026 bbox=[129.921875, 87.5390625, 173.59375, 183.3984375]
[map] motion direction=left speed=0.15 effective_seconds=1.2923529148101807 pose={'x_m': -0.322359611360658, 'y_m': 0.6078687113966369, 'heading_rad': -1.3366737766061874}
[base] continuous stop label=align_can elapsed=1.292s
[base] stop
[can] backend=detectnet_native detections=1 best_confidence=0.875
[can] backend=detectnet_native confidence=0.875 class_id=1 center=(154.1,133.4) error_x=-0.019 bbox=[131.09375, 86.484375, 177.03125, 180.234375]
[base] stop
[fsm] FINAL_VERIFY --TARGET_STABLE--> FINALIZING
[arm] pose arm_down
[arm] arm_down servo=5 angle=0 speed=85
[arm] arm_down servo=4 angle=0 speed=85
[arm] arm_down servo=3 angle=45 speed=85
[arm] arm_down servo=2 angle=105 speed=85
[arm] arm_down servo=1 angle=-16 speed=85
[arm-position] arm_down waiting for motion to settle servos=[1, 2, 3, 4, 5] stability_delta=3 min_wait=0.5 timeout=10.0 stable_samples=2
[arm-position] arm_down waiting positions={1: 441, 2: 612, 3: 641, 4: 502, 5: 508} movement={} read_errors=[]
[arm-position] arm_down waiting positions={1: 441, 2: 625, 3: 654, 4: 502, 5: 508} movement={1: 0, 2: 13, 3: 13, 4: 0, 5: 0} read_errors=[]
[arm-position] arm_down waiting positions={1: 441, 2: 639, 3: 666, 4: 502, 5: 508} movement={1: 0, 2: 14, 3: 12, 4: 0, 5: 0} read_errors=[]
[arm-position] arm_down waiting positions={1: 441, 2: 652, 3: 680, 4: 502, 5: 508} movement={1: 0, 2: 13, 3: 14, 4: 0, 5: 0} read_errors=[]
[arm-position] arm_down waiting positions={1: 441, 2: 666, 3: 694, 4: 502, 5: 508} movement={1: 0, 2: 14, 3: 14, 4: 0, 5: 0} read_errors=[]
[arm-position] arm_down waiting positions={1: 441, 2: 679, 3: 706, 4: 502, 5: 508} movement={1: 0, 2: 13, 3: 12, 4: 0, 5: 0} read_errors=[]
[arm-position] arm_down waiting positions={1: 441, 2: 694, 3: 716, 4: 502, 5: 508} movement={1: 0, 2: 15, 3: 10, 4: 0, 5: 0} read_errors=[]
[arm-position] arm_down waiting positions={1: 441, 2: 708, 3: 717, 4: 502, 5: 508} movement={1: 0, 2: 14, 3: 1, 4: 0, 5: 0} read_errors=[]
[arm-position] arm_down waiting positions={1: 441, 2: 721, 3: 717, 4: 502, 5: 508} movement={1: 0, 2: 13, 3: 0, 4: 0, 5: 0} read_errors=[]
[arm-position] arm_down waiting positions={1: 441, 2: 733, 3: 717, 4: 502, 5: 508} movement={1: 0, 2: 12, 3: 0, 4: 0, 5: 0} read_errors=[]
[arm-position] arm_down waiting positions={1: 441, 2: 747, 3: 717, 4: 502, 5: 508} movement={1: 0, 2: 14, 3: 0, 4: 0, 5: 0} read_errors=[]
[arm-position] arm_down waiting positions={1: 441, 2: 761, 3: 717, 4: 502, 5: 508} movement={1: 0, 2: 14, 3: 0, 4: 0, 5: 0} read_errors=[]
[arm-position] arm_down waiting positions={1: 441, 2: 773, 3: 717, 4: 502, 5: 508} movement={1: 0, 2: 12, 3: 0, 4: 0, 5: 0} read_errors=[]
[arm-position] arm_down waiting positions={1: 441, 2: 785, 3: 717, 4: 502, 5: 508} movement={1: 0, 2: 12, 3: 0, 4: 0, 5: 0} read_errors=[]
[arm-position] arm_down waiting positions={1: 441, 2: 800, 3: 717, 4: 502, 5: 508} movement={1: 0, 2: 15, 3: 0, 4: 0, 5: 0} read_errors=[]
[arm-position] arm_down waiting positions={1: 441, 2: 812, 3: 717, 4: 502, 5: 508} movement={1: 0, 2: 12, 3: 0, 4: 0, 5: 0} read_errors=[]
[arm-position] arm_down waiting positions={1: 441, 2: 828, 3: 717, 4: 502, 5: 508} movement={1: 0, 2: 16, 3: 0, 4: 0, 5: 0} read_errors=[]
[arm-position] arm_down waiting positions={1: 441, 2: 839, 3: 717, 4: 502, 5: 508} movement={1: 0, 2: 11, 3: 0, 4: 0, 5: 0} read_errors=[]
[arm-position] arm_down waiting positions={1: 441, 2: 854, 3: 717, 4: 502, 5: 508} movement={1: 0, 2: 15, 3: 0, 4: 0, 5: 0} read_errors=[]
[arm-position] arm_down waiting positions={1: 441, 2: 866, 3: 717, 4: 502, 5: 508} movement={1: 0, 2: 12, 3: 0, 4: 0, 5: 0} read_errors=[]
[arm-position] arm_down waiting positions={1: 441, 2: 880, 3: 717, 4: 502, 5: 508} movement={1: 0, 2: 14, 3: 0, 4: 0, 5: 0} read_errors=[]
[arm-position] arm_down waiting positions={1: 441, 2: 892, 3: 717, 4: 502, 5: 508} movement={1: 0, 2: 12, 3: 0, 4: 0, 5: 0} read_errors=[]
[arm-position] arm_down waiting positions={1: 441, 2: 905, 3: 717, 4: 502, 5: 508} movement={1: 0, 2: 13, 3: 0, 4: 0, 5: 0} read_errors=[]
[arm-position] arm_down waiting positions={1: 441, 2: 919, 3: 717, 4: 502, 5: 508} movement={1: 0, 2: 14, 3: 0, 4: 0, 5: 0} read_errors=[]
[arm-position] arm_down waiting positions={1: 441, 2: 934, 3: 717, 4: 502, 5: 508} movement={1: 0, 2: 15, 3: 0, 4: 0, 5: 0} read_errors=[]
[arm-position] arm_down waiting positions={1: 441, 2: 946, 3: 717, 4: 502, 5: 508} movement={1: 0, 2: 12, 3: 0, 4: 0, 5: 0} read_errors=[]
[arm-position] arm_down waiting positions={1: 441, 2: 959, 3: 717, 4: 502, 5: 508} movement={1: 0, 2: 13, 3: 0, 4: 0, 5: 0} read_errors=[]
[arm-position] arm_down waiting positions={1: 441, 2: 972, 3: 717, 4: 502, 5: 508} movement={1: 0, 2: 13, 3: 0, 4: 0, 5: 0} read_errors=[]
[arm-position] arm_down waiting positions={1: 441, 2: 984, 3: 717, 4: 502, 5: 508} movement={1: 0, 2: 12, 3: 0, 4: 0, 5: 0} read_errors=[]
[arm-position] arm_down waiting positions={1: 441, 2: 998, 3: 717, 4: 502, 5: 508} movement={1: 0, 2: 14, 3: 0, 4: 0, 5: 0} read_errors=[]
[arm-position] arm_down waiting positions={1: 441, 2: 1005, 3: 717, 4: 502, 5: 508} movement={1: 0, 2: 7, 3: 0, 4: 0, 5: 0} read_errors=[]
[arm-position] arm_down settled positions={1: 441, 2: 1006, 3: 717, 4: 502, 5: 508} movement={1: 0, 2: 0, 3: 0, 4: 0, 5: 0} elapsed=4.95s
[base] pickup_push direction=forward requested_speed=0.2 effective_speed=0.2 seconds=3.9
[map] motion direction=forward speed=0.2 effective_seconds=3.9 pose={'x_m': -0.44565165271208096, 'y_m': 0.6372733885653972, 'heading_rad': -1.3366737766061874}
[arm] pose grab
[arm] grab servo=5 angle=0 speed=85
[arm] grab servo=4 angle=-55 speed=85
[arm] grab servo=3 angle=45 speed=85
[arm] grab servo=2 angle=105 speed=85
[arm] grab servo=1 angle=-16 speed=85
[arm] pose carry
[arm] carry servo=5 angle=0 speed=85
[arm] carry servo=4 angle=-55 speed=85
[arm] carry servo=3 angle=45 speed=85
[arm] carry servo=2 angle=60 speed=85
[arm] carry servo=1 angle=-16 speed=85
[mission] completed_pickups=1
[fsm] FINALIZING --FINALIZED--> PLANNING
[fsm] PLANNING --MAP_TARGET_AVAILABLE--> MAP_NAVIGATING
[can] backend=detectnet_native no detections
[tag] cv2=4.1.1
[tag] has pupil_apriltags=True
[tag] has aruco=False
[tag] has ArucoDetector=False
[tag] has DICT_APRILTAG_36h11=False
[tag] calibration loaded /workspace/robot_code/temp_car/calibration_320.yaml
[tag] detector loaded backend=pupil_apriltags family=tag36h11 dictionary=DICT_APRILTAG_36h11
[tag] no detections
[map] navigate label=bin_docking distance_m=7.653 heading_error_rad=-1.870
[base] continuous start label=map_turn_bin_docking direction=left requested_speed=0.15 effective_speed=0.15
[can] backend=detectnet_native no detections
[tag] no detections
[map] motion direction=left speed=0.15 effective_seconds=0.08118391036987305 pose={'x_m': -0.44565165271208096, 'y_m': 0.6372733885653972, 'heading_rad': -1.3489356408565576}
[map] navigate label=bin_docking distance_m=7.653 heading_error_rad=-1.857
[can] backend=detectnet_native no detections
[tag] no detections
[map] motion direction=left speed=0.15 effective_seconds=0.07959914207458496 pose={'x_m': -0.44565165271208096, 'y_m': 0.6372733885653972, 'heading_rad': -1.3609581447014414}
[map] navigate label=bin_docking distance_m=7.653 heading_error_rad=-1.845
[can] backend=detectnet_native no detections
[tag] no detections
[map] motion direction=left speed=0.15 effective_seconds=0.06362104415893555 pose={'x_m': -0.44565165271208096, 'y_m': 0.6372733885653972, 'heading_rad': -1.3705673468621835}
[map] navigate label=bin_docking distance_m=7.653 heading_error_rad=-1.836
[can] backend=detectnet_native no detections
[tag] no detections
[map] motion direction=left speed=0.15 effective_seconds=0.06439733505249023 pose={'x_m': -0.44565165271208096, 'y_m': 0.6372733885653972, 'heading_rad': -1.3802937985310142}
[map] navigate label=bin_docking distance_m=7.653 heading_error_rad=-1.826
[can] backend=detectnet_native detections=1 best_confidence=0.312
[depth] map_can_0_depth mean=1.845 min=1.538 max=2.206
[map] can added id=1 position={'x_m': -0.6266255718931952, 'y_m': 0.6734219154305731}
[tag] no detections
[map] motion direction=left speed=0.15 effective_seconds=0.09956121444702148 pose={'x_m': -0.44565165271208096, 'y_m': 0.6372733885653972, 'heading_rad': -1.3953313360256903}
[map] navigate label=bin_docking distance_m=7.653 heading_error_rad=-1.811
[can] backend=detectnet_native detections=1 best_confidence=0.467
[depth] map_can_0_depth mean=1.645 min=1.367 max=2.015
[map] can added id=2 position={'x_m': -0.6075250636777305, 'y_m': 0.6667406105220842}
[tag] no detections
[map] motion direction=left speed=0.15 effective_seconds=0.09251260757446289 pose={'x_m': -0.44565165271208096, 'y_m': 0.6372733885653972, 'heading_rad': -1.4093042652718628}
[map] navigate label=bin_docking distance_m=7.653 heading_error_rad=-1.797
[can] backend=detectnet_native detections=1 best_confidence=0.741
[depth] map_can_0_depth mean=1.609 min=1.304 max=2.040
[map] can merged id=2 position={'x_m': -0.6058941148773099, 'y_m': 0.6653850860023884} observations=2
[tag] no detections
[map] motion direction=left speed=0.15 effective_seconds=0.08625149726867676 pose={'x_m': -0.44565165271208096, 'y_m': 0.6372733885653972, 'heading_rad': -1.4223315282613058}
[map] navigate label=bin_docking distance_m=7.653 heading_error_rad=-1.784
[can] backend=detectnet_native detections=1 best_confidence=0.369
[depth] map_can_0_depth mean=1.465 min=1.251 max=1.796
[map] can added id=3 position={'x_m': -0.5904833099175872, 'y_m': 0.6595412584649468}
[tag] no detections
[map] motion direction=left speed=0.15 effective_seconds=0.08695173263549805 pose={'x_m': -0.44565165271208096, 'y_m': 0.6372733885653972, 'heading_rad': -1.4354645534759503}
[map] navigate label=bin_docking distance_m=7.653 heading_error_rad=-1.771
[can] backend=detectnet_native detections=1 best_confidence=0.438
[depth] map_can_0_depth mean=1.636 min=1.280 max=2.271
[map] can merged id=2 position={'x_m': -0.6064570228044389, 'y_m': 0.6637300438268862} observations=3
[tag] no detections
[map] motion direction=left speed=0.15 effective_seconds=0.08635616302490234 pose={'x_m': -0.44565165271208096, 'y_m': 0.6372733885653972, 'heading_rad': -1.448507624983222}
[map] navigate label=bin_docking distance_m=7.653 heading_error_rad=-1.758
[can] backend=detectnet_native detections=1 best_confidence=0.333
[depth] map_can_0_depth mean=1.917 min=1.423 max=2.675
[map] can added id=4 position={'x_m': -0.6359563123446854, 'y_m': 0.6605634327740781}
[tag] no detections
[map] motion direction=left speed=0.15 effective_seconds=0.08673739433288574 pose={'x_m': -0.44565165271208096, 'y_m': 0.6372733885653972, 'heading_rad': -1.4616082769460939}
[map] navigate label=bin_docking distance_m=7.653 heading_error_rad=-1.745
[can] backend=detectnet_native no detections
[tag] no detections
[map] motion direction=left speed=0.15 effective_seconds=0.061440229415893555 pose={'x_m': -0.44565165271208096, 'y_m': 0.6372733885653972, 'heading_rad': -1.4708880929733945}
[map] navigate label=bin_docking distance_m=7.653 heading_error_rad=-1.736
[can] backend=detectnet_native no detections
[tag] no detections
[map] motion direction=left speed=0.15 effective_seconds=0.06290936470031738 pose={'x_m': -0.44565165271208096, 'y_m': 0.6372733885653972, 'heading_rad': -1.4803898044149586}
[map] navigate label=bin_docking distance_m=7.653 heading_error_rad=-1.726
[can] backend=detectnet_native no detections
[tag] no detections
[map] motion direction=left speed=0.15 effective_seconds=0.060455322265625 pose={'x_m': -0.44565165271208096, 'y_m': 0.6372733885653972, 'heading_rad': -1.4895208619293867}
[map] navigate label=bin_docking distance_m=7.653 heading_error_rad=-1.717
[can] backend=detectnet_native no detections
[tag] no detections
[map] motion direction=left speed=0.15 effective_seconds=0.06201291084289551 pose={'x_m': -0.44565165271208096, 'y_m': 0.6372733885653972, 'heading_rad': -1.4988871746761065}
[map] navigate label=bin_docking distance_m=7.653 heading_error_rad=-1.708
[can] backend=detectnet_native detections=1 best_confidence=0.232
[depth] map_can_0_depth mean=1.764 min=1.557 max=1.973
[map] can added id=5 position={'x_m': -0.6214234780059308, 'y_m': 0.6518109489145895}
[tag] no detections
[map] motion direction=left speed=0.15 effective_seconds=0.08597445487976074 pose={'x_m': -0.44565165271208096, 'y_m': 0.6372733885653972, 'heading_rad': -1.511872593707196}
[map] navigate label=bin_docking distance_m=7.653 heading_error_rad=-1.695
[can] backend=detectnet_native detections=1 best_confidence=0.209
[depth] map_can_0_depth mean=1.890 min=1.673 max=2.147
[map] can merged id=4 position={'x_m': -0.6350580323220569, 'y_m': 0.6557371300289241} observations=2
[tag] no detections
[map] motion direction=left speed=0.15 effective_seconds=0.08893609046936035 pose={'x_m': -0.44565165271208096, 'y_m': 0.6372733885653972, 'heading_rad': -1.5253053325753478}
[map] navigate label=bin_docking distance_m=7.653 heading_error_rad=-1.681
[can] backend=detectnet_native detections=1 best_confidence=0.236
[depth] map_can_0_depth mean=1.917 min=1.663 max=2.240
[map] can merged id=4 position={'x_m': -0.635702066557585, 'y_m': 0.6532461967584514} observations=3
[tag] no detections
[map] motion direction=left speed=0.15 effective_seconds=0.08723711967468262 pose={'x_m': -0.44565165271208096, 'y_m': 0.6372733885653972, 'heading_rad': -1.538481462108537}
[map] navigate label=bin_docking distance_m=7.653 heading_error_rad=-1.668
[can] backend=detectnet_native detections=1 best_confidence=0.296
[depth] map_can_0_depth mean=2.006 min=1.629 max=2.371
[map] can added id=6 position={'x_m': -0.646058024077447, 'y_m': 0.6460094303751894}
[tag] no detections
[map] motion direction=left speed=0.15 effective_seconds=0.08675646781921387 pose={'x_m': -0.44565165271208096, 'y_m': 0.6372733885653972, 'heading_rad': -1.5515849948947034}
[map] navigate label=bin_docking distance_m=7.653 heading_error_rad=-1.655
[can] backend=detectnet_native detections=1 best_confidence=0.309
[depth] map_can_0_depth mean=2.042 min=1.715 max=2.458
[map] can merged id=6 position={'x_m': -0.6478973691358685, 'y_m': 0.6445548055896955} observations=2
[tag] no detections
[map] motion direction=left speed=0.15 effective_seconds=0.08785581588745117 pose={'x_m': -0.44565165271208096, 'y_m': 0.6372733885653972, 'heading_rad': -1.5648545711335098}
[map] navigate label=bin_docking distance_m=7.653 heading_error_rad=-1.642
[can] backend=detectnet_native detections=1 best_confidence=0.217
[depth] map_can_0_depth mean=2.260 min=1.950 max=2.658
[map] can added id=7 position={'x_m': -0.6716155185915463, 'y_m': 0.6410427298101993}
[tag] no detections
[map] motion direction=left speed=0.15 effective_seconds=0.08574509620666504 pose={'x_m': -0.44565165271208096, 'y_m': 0.6372733885653972, 'heading_rad': -1.5778053482644823}
[map] navigate label=bin_docking distance_m=7.653 heading_error_rad=-1.629
[can] backend=detectnet_native detections=1 best_confidence=0.312
[depth] map_can_0_depth mean=2.129 min=1.783 max=2.591
[map] can added id=8 position={'x_m': -0.6585715508583441, 'y_m': 0.6382034291718262}
[tag] no detections
[map] motion direction=left speed=0.15 effective_seconds=0.08856916427612305 pose={'x_m': -0.44565165271208096, 'y_m': 0.6372733885653972, 'heading_rad': -1.591182667294505}
[map] navigate label=bin_docking distance_m=7.653 heading_error_rad=-1.615
[can] backend=detectnet_native detections=1 best_confidence=0.287
[depth] map_can_0_depth mean=1.831 min=1.482 max=2.080
[map] can added id=9 position={'x_m': -0.6287038869065674, 'y_m': 0.6349454909610142}
[tag] no detections
[map] motion direction=left speed=0.15 effective_seconds=0.08473873138427734 pose={'x_m': -0.44565165271208096, 'y_m': 0.6372733885653972, 'heading_rad': -1.6039814449863985}
[map] navigate label=bin_docking distance_m=7.653 heading_error_rad=-1.602
[can] backend=detectnet_native detections=1 best_confidence=0.279
[depth] map_can_0_depth mean=2.085 min=1.635 max=2.513
[map] can merged id=8 position={'x_m': -0.6563566486037473, 'y_m': 0.6355579859720328} observations=2
[tag] no detections
[map] motion direction=left speed=0.15 effective_seconds=0.08771085739135742 pose={'x_m': -0.44565165271208096, 'y_m': 0.6372733885653972, 'heading_rad': -1.6172291269681662}
[map] navigate label=bin_docking distance_m=7.653 heading_error_rad=-1.589
[can] backend=detectnet_native detections=1 best_confidence=0.264
[depth] map_can_0_depth mean=1.838 min=1.505 max=2.188
[map] can merged id=9 position={'x_m': -0.6290430021210287, 'y_m': 0.6329347430154929} observations=2
[tag] no detections
[map] motion direction=left speed=0.15 effective_seconds=0.0847470760345459 pose={'x_m': -0.44565165271208096, 'y_m': 0.6372733885653972, 'heading_rad': -1.630029165020251}
[map] navigate label=bin_docking distance_m=7.653 heading_error_rad=-1.576
[can] backend=detectnet_native detections=1 best_confidence=0.221
[depth] map_can_0_depth mean=2.101 min=1.722 max=2.560
[map] can merged id=8 position={'x_m': -0.6560859875642518, 'y_m': 0.6326983461019129} observations=3
[tag] no detections
[map] motion direction=left speed=0.15 effective_seconds=0.08701229095458984 pose={'x_m': -0.44565165271208096, 'y_m': 0.6372733885653972, 'heading_rad': -1.6431713368488556}
[map] navigate label=bin_docking distance_m=7.653 heading_error_rad=-1.563
[can] backend=detectnet_native detections=1 best_confidence=0.247
[depth] map_can_0_depth mean=1.799 min=1.483 max=2.148
[map] can merged id=9 position={'x_m': -0.6277597756519936, 'y_m': 0.6306644286143995} observations=3
[tag] no detections
[map] motion direction=left speed=0.15 effective_seconds=0.08992171287536621 pose={'x_m': -0.44565165271208096, 'y_m': 0.6372733885653972, 'heading_rad': -1.6567529422607536}
[map] navigate label=bin_docking distance_m=7.653 heading_error_rad=-1.550
[can] backend=detectnet_native detections=1 best_confidence=0.243
[depth] map_can_0_depth mean=1.937 min=1.542 max=2.305
[map] can added id=10 position={'x_m': -0.6387631413812338, 'y_m': 0.62182627561827}
[tag] no detections
[map] motion direction=left speed=0.15 effective_seconds=0.08549642562866211 pose={'x_m': -0.44565165271208096, 'y_m': 0.6372733885653972, 'heading_rad': -1.6696661606580232}
[map] navigate label=bin_docking distance_m=7.653 heading_error_rad=-1.537
[can] backend=detectnet_native detections=1 best_confidence=0.291
[depth] map_can_0_depth mean=1.823 min=1.468 max=2.120
[map] can added id=11 position={'x_m': -0.6271659220770682, 'y_m': 0.6202988227360106}
[tag] no detections
[map] motion direction=left speed=0.15 effective_seconds=0.08983540534973145 pose={'x_m': -0.44565165271208096, 'y_m': 0.6372733885653972, 'heading_rad': -1.6832347303445134}
[map] navigate label=bin_docking distance_m=7.653 heading_error_rad=-1.523
[can] backend=detectnet_native detections=1 best_confidence=0.317
[depth] map_can_0_depth mean=1.877 min=1.513 max=2.197
[map] can merged id=11 position={'x_m': -0.6297130124674611, 'y_m': 0.6187335902452493} observations=2
[tag] no detections
[map] motion direction=left speed=0.15 effective_seconds=0.08936500549316406 pose={'x_m': -0.44565165271208096, 'y_m': 0.6372733885653972, 'heading_rad': -1.6967322517265016}
[map] navigate label=bin_docking distance_m=7.653 heading_error_rad=-1.510
[can] backend=detectnet_native detections=1 best_confidence=0.323
[depth] map_can_0_depth mean=1.719 min=1.392 max=2.107
[map] can added id=12 position={'x_m': -0.6163671437714211, 'y_m': 0.6169224904001434}
[tag] no detections
[map] motion direction=left speed=0.15 effective_seconds=0.08752250671386719 pose={'x_m': -0.44565165271208096, 'y_m': 0.6372733885653972, 'heading_rad': -1.7099514855782356}
[map] navigate label=bin_docking distance_m=7.653 heading_error_rad=-1.496
[can] backend=detectnet_native detections=1 best_confidence=0.255
[depth] map_can_0_depth mean=2.120 min=1.664 max=2.635
[map] can added id=13 position={'x_m': -0.655916893603048, 'y_m': 0.6098763041287385}
[tag] no detections
[map] motion direction=left speed=0.15 effective_seconds=0.09053802490234375 pose={'x_m': -0.44565165271208096, 'y_m': 0.6372733885653972, 'heading_rad': -1.723626177592839}
[map] navigate label=bin_docking distance_m=7.653 heading_error_rad=-1.483
[can] backend=detectnet_native detections=1 best_confidence=0.328
[depth] map_can_0_depth mean=1.958 min=1.548 max=2.440
[map] can added id=14 position={'x_m': -0.6394708838329914, 'y_m': 0.6094199454895598}
[tag] no detections
[map] motion direction=left speed=0.15 effective_seconds=0.09405207633972168 pose={'x_m': -0.44565165271208096, 'y_m': 0.6372733885653972, 'heading_rad': -1.7378316252891735}
[map] navigate label=bin_docking distance_m=7.653 heading_error_rad=-1.469
[can] backend=detectnet_native detections=1 best_confidence=0.286
[depth] map_can_0_depth mean=2.123 min=1.635 max=2.689
[map] can merged id=13 position={'x_m': -0.6556335782631396, 'y_m': 0.606928762339377} observations=2
[tag] no detections
[map] motion direction=left speed=0.15 effective_seconds=0.08653569221496582 pose={'x_m': -0.44565165271208096, 'y_m': 0.6372733885653972, 'heading_rad': -1.7509018125457052}
[map] navigate label=bin_docking distance_m=7.653 heading_error_rad=-1.455
[can] backend=detectnet_native detections=1 best_confidence=0.237
[depth] map_can_0_depth mean=1.999 min=1.597 max=2.400
[map] can merged id=14 position={'x_m': -0.6411258149727868, 'y_m': 0.6066341652797113} observations=2
[tag] no detections
[map] motion direction=left speed=0.15 effective_seconds=0.08690214157104492 pose={'x_m': -0.44565165271208096, 'y_m': 0.6372733885653972, 'heading_rad': -1.7640273476197836}
[map] navigate label=bin_docking distance_m=7.653 heading_error_rad=-1.442
[can] backend=detectnet_native detections=1 best_confidence=0.236
[depth] map_can_0_depth mean=2.266 min=1.728 max=2.756
[map] can added id=15 position={'x_m': -0.6684974249696723, 'y_m': 0.5960006982101702}
[tag] no detections
[map] motion direction=left speed=0.15 effective_seconds=0.08857202529907227 pose={'x_m': -0.44565165271208096, 'y_m': 0.6372733885653972, 'heading_rad': -1.7774050987733006}
[map] navigate label=bin_docking distance_m=7.653 heading_error_rad=-1.429
[can] backend=detectnet_native detections=1 best_confidence=0.269
[depth] map_can_0_depth mean=2.238 min=1.720 max=2.786
[map] can merged id=15 position={'x_m': -0.666835837813113, 'y_m': 0.5948587725272455} observations=2
[tag] no detections
[map] motion direction=left speed=0.15 effective_seconds=0.09009051322937012 pose={'x_m': -0.44565165271208096, 'y_m': 0.6372733885653972, 'heading_rad': -1.7910121994713555}
[map] navigate label=bin_docking distance_m=7.653 heading_error_rad=-1.415
[can] backend=detectnet_native detections=1 best_confidence=0.245
[depth] map_can_0_depth mean=2.209 min=1.693 max=2.762
[map] can merged id=15 position={'x_m': -0.6651492802509461, 'y_m': 0.5937581714170016} observations=3
[tag] no detections
[map] motion direction=left speed=0.15 effective_seconds=0.08830857276916504 pose={'x_m': -0.44565165271208096, 'y_m': 0.6372733885653972, 'heading_rad': -1.8043501592531164}
[map] navigate label=bin_docking distance_m=7.653 heading_error_rad=-1.402
[can] backend=detectnet_native detections=1 best_confidence=0.279
[depth] map_can_0_depth mean=2.259 min=1.712 max=2.865
[map] can merged id=15 position={'x_m': -0.6653580213629708, 'y_m': 0.5922229505639935} observations=4
[tag] no detections
[map] motion direction=left speed=0.15 effective_seconds=0.08813834190368652 pose={'x_m': -0.44565165271208096, 'y_m': 0.6372733885653972, 'heading_rad': -1.8176624076869734}
[map] navigate label=bin_docking distance_m=7.653 heading_error_rad=-1.389
[can] backend=detectnet_native detections=1 best_confidence=0.298
[depth] map_can_0_depth mean=2.166 min=1.642 max=2.664
[map] can added id=16 position={'x_m': -0.6562339575272267, 'y_m': 0.5864043376031207}
[tag] no detections
[map] motion direction=left speed=0.15 effective_seconds=0.09582734107971191 pose={'x_m': -0.44565165271208096, 'y_m': 0.6372733885653972, 'heading_rad': -1.8321359880114487}
[map] navigate label=bin_docking distance_m=7.653 heading_error_rad=-1.374
[can] backend=detectnet_native detections=1 best_confidence=0.235
[depth] map_can_0_depth mean=2.303 min=1.756 max=2.837
[map] can added id=17 position={'x_m': -0.6686667994065538, 'y_m': 0.5796990114501791}
[tag] no detections
[map] motion direction=left speed=0.15 effective_seconds=0.09374809265136719 pose={'x_m': -0.44565165271208096, 'y_m': 0.6372733885653972, 'heading_rad': -1.846295522586526}
[map] navigate label=bin_docking distance_m=7.653 heading_error_rad=-1.360
[can] backend=detectnet_native detections=1 best_confidence=0.244
[depth] map_can_0_depth mean=2.268 min=1.712 max=2.850
[map] can merged id=17 position={'x_m': -0.6664776401807564, 'y_m': 0.5784266453690123} observations=2
[tag] no detections
[map] motion direction=left speed=0.15 effective_seconds=0.08684420585632324 pose={'x_m': -0.44565165271208096, 'y_m': 0.6372733885653972, 'heading_rad': -1.8594123071598474}
[map] navigate label=bin_docking distance_m=7.653 heading_error_rad=-1.347
[can] backend=detectnet_native detections=1 best_confidence=0.252
[depth] map_can_0_depth mean=2.560 min=2.138 max=3.081
[map] can added id=18 position={'x_m': -0.6916511219399202, 'y_m': 0.5662490633076076}
[tag] no detections
[map] motion direction=left speed=0.15 effective_seconds=0.08926653861999512 pose={'x_m': -0.44565165271208096, 'y_m': 0.6372733885653972, 'heading_rad': -1.8728949562915775}
[map] navigate label=bin_docking distance_m=7.653 heading_error_rad=-1.334
[can] backend=detectnet_native detections=1 best_confidence=0.211
[depth] map_can_0_depth mean=2.384 min=1.856 max=2.957
[map] can added id=19 position={'x_m': -0.6737370867403369, 'y_m': 0.5679490165209012}
[tag] no detections
[map] motion direction=left speed=0.15 effective_seconds=0.08891463279724121 pose={'x_m': -0.44565165271208096, 'y_m': 0.6372733885653972, 'heading_rad': -1.886324454233523}
[map] navigate label=bin_docking distance_m=7.653 heading_error_rad=-1.320
[can] backend=detectnet_native detections=1 best_confidence=0.264
[depth] map_can_0_depth mean=2.334 min=1.819 max=2.911
[map] can merged id=19 position={'x_m': -0.6709427380294967, 'y_m': 0.5673004537347374} observations=2
[tag] no detections
[map] motion direction=left speed=0.15 effective_seconds=0.08611392974853516 pose={'x_m': -0.44565165271208096, 'y_m': 0.6372733885653972, 'heading_rad': -1.8993309392849538}
[map] navigate label=bin_docking distance_m=7.653 heading_error_rad=-1.307
[can] backend=detectnet_native detections=1 best_confidence=0.219
[depth] map_can_0_depth mean=2.192 min=1.797 max=2.750
[map] can added id=20 position={'x_m': -0.6541342617335935, 'y_m': 0.56943146202083}
[tag] no detections
[map] motion direction=left speed=0.15 effective_seconds=0.08591270446777344 pose={'x_m': -0.44565165271208096, 'y_m': 0.6372733885653972, 'heading_rad': -1.9123070316506272}
[map] navigate label=bin_docking distance_m=7.653 heading_error_rad=-1.294
[can] backend=detectnet_native detections=1 best_confidence=0.208
[depth] map_can_0_depth mean=2.321 min=1.848 max=2.871
[map] can merged id=19 position={'x_m': -0.6690205709961927, 'y_m': 0.5654555159709644} observations=3
[tag] no detections
[map] motion direction=left speed=0.15 effective_seconds=0.08481001853942871 pose={'x_m': -0.44565165271208096, 'y_m': 0.6372733885653972, 'heading_rad': -1.925116576419584}
[map] navigate label=bin_docking distance_m=7.653 heading_error_rad=-1.281
[can] backend=detectnet_native detections=1 best_confidence=0.212
[depth] map_can_0_depth mean=2.330 min=1.840 max=2.805
[map] can merged id=19 position={'x_m': -0.6680661542200035, 'y_m': 0.5639307714694551} observations=4
[tag] no detections
[map] motion direction=left speed=0.15 effective_seconds=0.08803915977478027 pose={'x_m': -0.44565165271208096, 'y_m': 0.6372733885653972, 'heading_rad': -1.9384138445723091}
[map] navigate label=bin_docking distance_m=7.653 heading_error_rad=-1.268
[can] backend=detectnet_native detections=1 best_confidence=0.213
[depth] map_can_0_depth mean=2.378 min=2.083 max=2.740
[map] can merged id=19 position={'x_m': -0.6682027372525776, 'y_m': 0.5621124228126048} observations=5
[tag] no detections
[map] motion direction=left speed=0.15 effective_seconds=0.08542490005493164 pose={'x_m': -0.44565165271208096, 'y_m': 0.6372733885653972, 'heading_rad': -1.9513162598822242}
[map] navigate label=bin_docking distance_m=7.653 heading_error_rad=-1.255
[can] backend=detectnet_native detections=1 best_confidence=0.275
[depth] map_can_0_depth mean=2.355 min=1.858 max=2.867
[map] can merged id=19 position={'x_m': -0.667746927128027, 'y_m': 0.5605731714332127} observations=6
[tag] no detections
[map] motion direction=left speed=0.15 effective_seconds=0.08756375312805176 pose={'x_m': -0.44565165271208096, 'y_m': 0.6372733885653972, 'heading_rad': -1.9645417235143328}
[map] navigate label=bin_docking distance_m=7.653 heading_error_rad=-1.242
[can] backend=detectnet_native detections=1 best_confidence=0.268
[depth] map_can_0_depth mean=2.248 min=1.795 max=2.696
[map] can added id=21 position={'x_m': -0.6539363534052423, 'y_m': 0.5526109347569381}
[tag] no detections
[map] motion direction=left speed=0.15 effective_seconds=0.08818483352661133 pose={'x_m': -0.44565165271208096, 'y_m': 0.6372733885653972, 'heading_rad': -1.9778609939549703}
[map] navigate label=bin_docking distance_m=7.653 heading_error_rad=-1.229
[can] backend=detectnet_native detections=1 best_confidence=0.248
[depth] map_can_0_depth mean=2.464 min=2.109 max=2.950
[map] can added id=22 position={'x_m': -0.6729788121862869, 'y_m': 0.542143765896109}
[tag] no detections
[map] motion direction=left speed=0.15 effective_seconds=0.08535027503967285 pose={'x_m': -0.44565165271208096, 'y_m': 0.6372733885653972, 'heading_rad': -1.9907521380437454}
[map] navigate label=bin_docking distance_m=7.653 heading_error_rad=-1.216
[can] backend=detectnet_native detections=1 best_confidence=0.286
[depth] map_can_0_depth mean=2.573 min=2.174 max=2.960
[map] can added id=23 position={'x_m': -0.6816096761935035, 'y_m': 0.5347946071983866}
[tag] no detections
[map] motion direction=left speed=0.15 effective_seconds=0.08752965927124023 pose={'x_m': -0.44565165271208096, 'y_m': 0.6372733885653972, 'heading_rad': -2.003972452204215}
[map] navigate label=bin_docking distance_m=7.653 heading_error_rad=-1.202
[can] backend=detectnet_native detections=1 best_confidence=0.214
[depth] map_can_0_depth mean=2.435 min=1.995 max=2.888
[map] can merged id=22 position={'x_m': -0.6704059498056993, 'y_m': 0.5398585980771224} observations=2
[tag] no detections
[map] motion direction=left speed=0.15 effective_seconds=0.0898275375366211 pose={'x_m': -0.44565165271208096, 'y_m': 0.6372733885653972, 'heading_rad': -2.0175398335510963}
[map] navigate label=bin_docking distance_m=7.653 heading_error_rad=-1.189
[can] backend=detectnet_native detections=1 best_confidence=0.245
[depth] map_can_0_depth mean=2.187 min=1.637 max=2.692
[map] can added id=24 position={'x_m': -0.6437992657236684, 'y_m': 0.54483109034327}
[tag] no detections
[map] motion direction=left speed=0.15 effective_seconds=0.08508992195129395 pose={'x_m': -0.44565165271208096, 'y_m': 0.6372733885653972, 'heading_rad': -2.030391654401901}
[map] navigate label=bin_docking distance_m=7.653 heading_error_rad=-1.176
[can] backend=detectnet_native detections=1 best_confidence=0.278
[depth] map_can_0_depth mean=2.444 min=2.035 max=2.858
[map] can added id=25 position={'x_m': -0.6656566508162359, 'y_m': 0.5308926249994097}
[tag] no detections
[map] motion direction=left speed=0.15 effective_seconds=0.08744668960571289 pose={'x_m': -0.44565165271208096, 'y_m': 0.6372733885653972, 'heading_rad': -2.043599436981039}
[map] navigate label=bin_docking distance_m=7.653 heading_error_rad=-1.163
[can] backend=detectnet_native detections=1 best_confidence=0.211
[depth] map_can_0_depth mean=2.271 min=1.793 max=2.745
[map] can added id=26 position={'x_m': -0.6489963019898658, 'y_m': 0.5361326843223069}
[tag] no detections
[map] motion direction=left speed=0.15 effective_seconds=0.08793520927429199 pose={'x_m': -0.44565165271208096, 'y_m': 0.6372733885653972, 'heading_rad': -2.056881004646809}
[map] navigate label=bin_docking distance_m=7.653 heading_error_rad=-1.150
[can] backend=detectnet_native detections=1 best_confidence=0.249
[depth] map_can_0_depth mean=2.332 min=1.819 max=2.721
[map] can merged id=26 position={'x_m': -0.6512156718361379, 'y_m': 0.5337151140190328} observations=2
[tag] no detections
[map] motion direction=left speed=0.15 effective_seconds=0.08408284187316895 pose={'x_m': -0.44565165271208096, 'y_m': 0.6372733885653972, 'heading_rad': -2.0695807180276606}
[map] navigate label=bin_docking distance_m=7.653 heading_error_rad=-1.137
[can] backend=detectnet_native detections=1 best_confidence=0.247
[depth] map_can_0_depth mean=2.224 min=1.904 max=2.569
[map] can merged id=26 position={'x_m': -0.6482407940119854, 'y_m': 0.533608794199482} observations=3
[tag] no detections
[map] motion direction=left speed=0.15 effective_seconds=0.0855565071105957 pose={'x_m': -0.44565165271208096, 'y_m': 0.6372733885653972, 'heading_rad': -2.082503011018308}
[map] navigate label=bin_docking distance_m=7.653 heading_error_rad=-1.124
[can] backend=detectnet_native detections=1 best_confidence=0.268
[depth] map_can_0_depth mean=2.455 min=2.115 max=2.767
[map] can added id=27 position={'x_m': -0.6610073527663777, 'y_m': 0.5193171954839946}
[tag] no detections
[map] motion direction=left speed=0.15 effective_seconds=0.08824658393859863 pose={'x_m': -0.44565165271208096, 'y_m': 0.6372733885653972, 'heading_rad': -2.0958316081243615}
[map] navigate label=bin_docking distance_m=7.653 heading_error_rad=-1.111
[can] backend=detectnet_native detections=1 best_confidence=0.250
[depth] map_can_0_depth mean=2.460 min=2.152 max=2.781
[map] can merged id=27 position={'x_m': -0.660314662357997, 'y_m': 0.5176304491727508} observations=2
[tag] no detections
[map] motion direction=left speed=0.15 effective_seconds=0.08780241012573242 pose={'x_m': -0.44565165271208096, 'y_m': 0.6372733885653972, 'heading_rad': -2.109093118057943}
[map] navigate label=bin_docking distance_m=7.653 heading_error_rad=-1.097
[can] backend=detectnet_native detections=1 best_confidence=0.309
[depth] map_can_0_depth mean=2.470 min=2.113 max=2.805
[map] can merged id=27 position={'x_m': -0.6598414810944128, 'y_m': 0.5159503370399484} observations=3
[tag] no detections
[map] motion direction=left speed=0.15 effective_seconds=0.08472228050231934 pose={'x_m': -0.44565165271208096, 'y_m': 0.6372733885653972, 'heading_rad': -2.121889411039745}
[map] navigate label=bin_docking distance_m=7.653 heading_error_rad=-1.085
[can] backend=detectnet_native detections=1 best_confidence=0.276
[depth] map_can_0_depth mean=2.288 min=1.893 max=2.714
[map] can added id=28 position={'x_m': -0.641692972640388, 'y_m': 0.519290544507346}
[tag] no detections
[map] motion direction=left speed=0.15 effective_seconds=0.08507108688354492 pose={'x_m': -0.44565165271208096, 'y_m': 0.6372733885653972, 'heading_rad': -2.134738387077546}
[map] navigate label=bin_docking distance_m=7.653 heading_error_rad=-1.072
[can] backend=detectnet_native detections=1 best_confidence=0.254
[depth] map_can_0_depth mean=2.269 min=1.913 max=2.699
[map] can merged id=28 position={'x_m': -0.6401516832083172, 'y_m': 0.5186356132850292} observations=2
[tag] no detections
[map] motion direction=left speed=0.15 effective_seconds=0.08623147010803223 pose={'x_m': -0.44565165271208096, 'y_m': 0.6372733885653972, 'heading_rad': -2.1477626252025295}
[map] navigate label=bin_docking distance_m=7.653 heading_error_rad=-1.059
[can] backend=detectnet_native no detections
[tag] no detections
[map] motion direction=left speed=0.15 effective_seconds=0.06303071975708008 pose={'x_m': -0.44565165271208096, 'y_m': 0.6372733885653972, 'heading_rad': -2.157282665882305}
[map] navigate label=bin_docking distance_m=7.653 heading_error_rad=-1.049
[can] backend=detectnet_native no detections
[tag] no detections
[map] motion direction=left speed=0.15 effective_seconds=0.05966901779174805 pose={'x_m': -0.44565165271208096, 'y_m': 0.6372733885653972, 'heading_rad': -2.166294961456415}
[map] navigate label=bin_docking distance_m=7.653 heading_error_rad=-1.040
[can] backend=detectnet_native no detections
[tag] no detections
[map] motion direction=left speed=0.15 effective_seconds=0.06242990493774414 pose={'x_m': -0.44565165271208096, 'y_m': 0.6372733885653972, 'heading_rad': -2.175724256202412}
[map] navigate label=bin_docking distance_m=7.653 heading_error_rad=-1.031
[can] backend=detectnet_native detections=1 best_confidence=0.233
[depth] map_can_0_depth mean=2.449 min=1.914 max=2.961
[map] can added id=29 position={'x_m': -0.6486981040869937, 'y_m': 0.5002757718494336}
[tag] no detections
[map] motion direction=left speed=0.15 effective_seconds=0.08731818199157715 pose={'x_m': -0.44565165271208096, 'y_m': 0.6372733885653972, 'heading_rad': -2.188912629234603}
[map] navigate label=bin_docking distance_m=7.653 heading_error_rad=-1.017
[can] backend=detectnet_native detections=1 best_confidence=0.215
[depth] map_can_0_depth mean=2.494 min=1.952 max=3.011
[map] can merged id=29 position={'x_m': -0.6496379254859093, 'y_m': 0.497715611979279} observations=2
[tag] no detections
[map] motion direction=left speed=0.15 effective_seconds=0.08952856063842773 pose={'x_m': -0.44565165271208096, 'y_m': 0.6372733885653972, 'heading_rad': -2.202434853676342}
[map] navigate label=bin_docking distance_m=7.653 heading_error_rad=-1.004
[can] backend=detectnet_native no detections
[tag] no detections
[map] motion direction=left speed=0.15 effective_seconds=0.059741973876953125 pose={'x_m': -0.44565165271208096, 'y_m': 0.6372733885653972, 'heading_rad': -2.2114581683995533}
[map] navigate label=bin_docking distance_m=7.653 heading_error_rad=-0.995
[can] backend=detectnet_native detections=1 best_confidence=0.237
[depth] map_can_0_depth mean=2.564 min=1.946 max=3.048
[map] can added id=30 position={'x_m': -0.6532693839010181, 'y_m': 0.4868937123846888}
[tag] no detections
[map] motion direction=left speed=0.15 effective_seconds=0.08679509162902832 pose={'x_m': -0.44565165271208096, 'y_m': 0.6372733885653972, 'heading_rad': -2.2245675348528913}
[map] navigate label=bin_docking distance_m=7.653 heading_error_rad=-0.982
[can] backend=detectnet_native detections=1 best_confidence=0.229
[depth] map_can_0_depth mean=2.512 min=1.996 max=2.890
[map] can merged id=30 position={'x_m': -0.6503123313732986, 'y_m': 0.487240560910606} observations=2
[tag] no detections
[map] motion direction=left speed=0.15 effective_seconds=0.08408403396606445 pose={'x_m': -0.44565165271208096, 'y_m': 0.6372733885653972, 'heading_rad': -2.237267428285199}
[map] navigate label=bin_docking distance_m=7.653 heading_error_rad=-0.969
[can] backend=detectnet_native no detections
[tag] no detections
[map] motion direction=left speed=0.15 effective_seconds=0.06169867515563965 pose={'x_m': -0.44565165271208096, 'y_m': 0.6372733885653972, 'heading_rad': -2.246586279468141}
[map] navigate label=bin_docking distance_m=7.653 heading_error_rad=-0.960
[can] backend=detectnet_native detections=1 best_confidence=0.272
[depth] map_can_0_depth mean=2.760 min=2.217 max=3.057
[map] can added id=31 position={'x_m': -0.6631584250119431, 'y_m': 0.4674149382969303}
[tag] no detections
[map] motion direction=left speed=0.15 effective_seconds=0.08925008773803711 pose={'x_m': -0.44565165271208096, 'y_m': 0.6372733885653972, 'heading_rad': -2.2600664438897793}
[map] navigate label=bin_docking distance_m=7.653 heading_error_rad=-0.946
[can] backend=detectnet_native detections=1 best_confidence=0.209
[depth] map_can_0_depth mean=2.770 min=2.066 max=3.093
[map] can merged id=31 position={'x_m': -0.6621820474147188, 'y_m': 0.4653594156262565} observations=2
[tag] no detections
[map] motion direction=left speed=0.15 effective_seconds=0.08707046508789062 pose={'x_m': -0.44565165271208096, 'y_m': 0.6372733885653972, 'heading_rad': -2.2732174022294322}
[map] navigate label=bin_docking distance_m=7.653 heading_error_rad=-0.933
[can] backend=detectnet_native detections=1 best_confidence=0.214
[depth] map_can_0_depth mean=2.681 min=2.007 max=2.989
[map] can added id=32 position={'x_m': -0.6521916983346191, 'y_m': 0.46640112357587526}
[tag] no detections
[map] motion direction=left speed=0.15 effective_seconds=0.08770918846130371 pose={'x_m': -0.44565165271208096, 'y_m': 0.6372733885653972, 'heading_rad': -2.2864648321391616}
[map] navigate label=bin_docking distance_m=7.653 heading_error_rad=-0.920
[can] backend=detectnet_native detections=1 best_confidence=0.246
[depth] map_can_0_depth mean=2.848 min=2.213 max=3.127
[map] can added id=33 position={'x_m': -0.663387144413322, 'y_m': 0.4537073247511413}
[tag] no detections
[map] motion direction=left speed=0.15 effective_seconds=0.0860605239868164 pose={'x_m': -0.44565165271208096, 'y_m': 0.6372733885653972, 'heading_rad': -2.299463250885368}
[map] navigate label=bin_docking distance_m=7.653 heading_error_rad=-0.907
[can] backend=detectnet_native detections=1 best_confidence=0.213
[depth] map_can_0_depth mean=2.862 min=2.372 max=3.114
[map] can merged id=33 position={'x_m': -0.6624268415262463, 'y_m': 0.45153426993015067} observations=2
[tag] no detections
[map] motion direction=left speed=0.15 effective_seconds=0.08659029006958008 pose={'x_m': -0.44565165271208096, 'y_m': 0.6372733885653972, 'heading_rad': -2.3125416844985804}
[map] navigate label=bin_docking distance_m=7.653 heading_error_rad=-0.894
[can] backend=detectnet_native no detections
[tag] no detections
[map] motion direction=left speed=0.15 effective_seconds=0.06208229064941406 pose={'x_m': -0.44565165271208096, 'y_m': 0.6372733885653972, 'heading_rad': -2.3219184762400342}
[map] navigate label=bin_docking distance_m=7.653 heading_error_rad=-0.884
[can] backend=detectnet_native no detections
[tag] no detections
[map] motion direction=left speed=0.15 effective_seconds=0.06225872039794922 pose={'x_m': -0.44565165271208096, 'y_m': 0.6372733885653972, 'heading_rad': -2.3313219155969627}
[map] navigate label=bin_docking distance_m=7.653 heading_error_rad=-0.875
[can] backend=detectnet_native no detections
[tag] no detections
[map] motion direction=left speed=0.15 effective_seconds=0.06537723541259766 pose={'x_m': -0.44565165271208096, 'y_m': 0.6372733885653972, 'heading_rad': -2.3411963695625513}
[map] navigate label=bin_docking distance_m=7.653 heading_error_rad=-0.865
[can] backend=detectnet_native no detections
[tag] no detections
[map] motion direction=left speed=0.15 effective_seconds=0.06152653694152832 pose={'x_m': -0.44565165271208096, 'y_m': 0.6372733885653972, 'heading_rad': -2.35048922131526}
[map] navigate label=bin_docking distance_m=7.653 heading_error_rad=-0.856
[can] backend=detectnet_native no detections
[tag] no detections
[map] motion direction=left speed=0.15 effective_seconds=0.061310768127441406 pose={'x_m': -0.44565165271208096, 'y_m': 0.6372733885653972, 'heading_rad': -2.359749483754449}
[map] navigate label=bin_docking distance_m=7.653 heading_error_rad=-0.847
[can] backend=detectnet_native no detections
[tag] no detections
[map] motion direction=left speed=0.15 effective_seconds=0.060593605041503906 pose={'x_m': -0.44565165271208096, 'y_m': 0.6372733885653972, 'heading_rad': -2.368901427237762}
[map] navigate label=bin_docking distance_m=7.653 heading_error_rad=-0.837
[can] backend=detectnet_native no detections
[tag] no detections
[map] motion direction=left speed=0.15 effective_seconds=0.060474395751953125 pose={'x_m': -0.44565165271208096, 'y_m': 0.6372733885653972, 'heading_rad': -2.3780353655754847}
[map] navigate label=bin_docking distance_m=7.653 heading_error_rad=-0.828
[can] backend=detectnet_native no detections
[tag] no detections
[map] motion direction=left speed=0.15 effective_seconds=0.060127973556518555 pose={'x_m': -0.44565165271208096, 'y_m': 0.6372733885653972, 'heading_rad': -2.38711698096012}
[map] navigate label=bin_docking distance_m=7.653 heading_error_rad=-0.819
[can] backend=detectnet_native no detections
[tag] no detections
[map] motion direction=left speed=0.15 effective_seconds=0.06267237663269043 pose={'x_m': -0.44565165271208096, 'y_m': 0.6372733885653972, 'heading_rad': -2.396582898172249}
[map] navigate label=bin_docking distance_m=7.653 heading_error_rad=-0.810
[can] backend=detectnet_native no detections
[tag] no detections
[map] motion direction=left speed=0.15 effective_seconds=0.06262087821960449 pose={'x_m': -0.44565165271208096, 'y_m': 0.6372733885653972, 'heading_rad': -2.406041037161483}
[map] navigate label=bin_docking distance_m=7.653 heading_error_rad=-0.800
[can] backend=detectnet_native detections=1 best_confidence=0.220
[depth] map_can_0_depth mean=2.777 min=2.669 max=2.908
[map] can added id=34 position={'x_m': -0.6330244544534154, 'y_m': 0.4323397173868251}
[tag] no detections
[map] motion direction=left speed=0.15 effective_seconds=0.08785438537597656 pose={'x_m': -0.44565165271208096, 'y_m': 0.6372733885653972, 'heading_rad': -2.419310397338542}
[map] navigate label=bin_docking distance_m=7.653 heading_error_rad=-0.787
[can] backend=detectnet_native no detections
[tag] no detections
[map] motion direction=left speed=0.15 effective_seconds=0.06055927276611328 pose={'x_m': -0.44565165271208096, 'y_m': 0.6372733885653972, 'heading_rad': -2.4284571553399252}
[map] navigate label=bin_docking distance_m=7.653 heading_error_rad=-0.778
[can] backend=detectnet_native no detections
[tag] no detections
[map] motion direction=left speed=0.15 effective_seconds=0.06154942512512207 pose={'x_m': -0.44565165271208096, 'y_m': 0.6372733885653972, 'heading_rad': -2.437753464080587}
[map] navigate label=bin_docking distance_m=7.653 heading_error_rad=-0.769
[can] backend=detectnet_native no detections
[tag] no detections
[map] motion direction=left speed=0.15 effective_seconds=0.06238389015197754 pose={'x_m': -0.44565165271208096, 'y_m': 0.6372733885653972, 'heading_rad': -2.447175808840386}
[map] navigate label=bin_docking distance_m=7.653 heading_error_rad=-0.759
[can] backend=detectnet_native no detections
[tag] no detections
[map] motion direction=left speed=0.15 effective_seconds=0.062067270278930664 pose={'x_m': -0.44565165271208096, 'y_m': 0.6372733885653972, 'heading_rad': -2.4565503319334954}
[map] navigate label=bin_docking distance_m=7.653 heading_error_rad=-0.750
[can] backend=detectnet_native no detections
[tag] no detections
[map] motion direction=left speed=0.15 effective_seconds=0.05874991416931152 pose={'x_m': -0.44565165271208096, 'y_m': 0.6372733885653972, 'heading_rad': -2.4654238078350987}
[map] navigate label=bin_docking distance_m=7.653 heading_error_rad=-0.741
[can] backend=detectnet_native no detections
[tag] no detections
[map] motion direction=left speed=0.15 effective_seconds=0.06219005584716797 pose={'x_m': -0.44565165271208096, 'y_m': 0.6372733885653972, 'heading_rad': -2.4748168762281666}
[map] navigate label=bin_docking distance_m=7.653 heading_error_rad=-0.732
[can] backend=detectnet_native no detections
[tag] no detections
[map] motion direction=left speed=0.15 effective_seconds=0.06057238578796387 pose={'x_m': -0.44565165271208096, 'y_m': 0.6372733885653972, 'heading_rad': -2.483965614795565}
[map] navigate label=bin_docking distance_m=7.653 heading_error_rad=-0.722
[can] backend=detectnet_native no detections
[tag] no detections
[map] motion direction=left speed=0.15 effective_seconds=0.06160259246826172 pose={'x_m': -0.44565165271208096, 'y_m': 0.6372733885653972, 'heading_rad': -2.493269953831161}
[map] navigate label=bin_docking distance_m=7.653 heading_error_rad=-0.713
[can] backend=detectnet_native no detections
[tag] no detections
[map] motion direction=left speed=0.15 effective_seconds=0.06299114227294922 pose={'x_m': -0.44565165271208096, 'y_m': 0.6372733885653972, 'heading_rad': -2.5027840168026003}
[map] navigate label=bin_docking distance_m=7.653 heading_error_rad=-0.704
[can] backend=detectnet_native no detections
[tag] no detections
[map] motion direction=left speed=0.15 effective_seconds=0.06073427200317383 pose={'x_m': -0.44565165271208096, 'y_m': 0.6372733885653972, 'heading_rad': -2.511957206357711}
[map] navigate label=bin_docking distance_m=7.653 heading_error_rad=-0.694
[can] backend=detectnet_native no detections
[tag] no detections
[map] motion direction=left speed=0.15 effective_seconds=0.05948376655578613 pose={'x_m': -0.44565165271208096, 'y_m': 0.6372733885653972, 'heading_rad': -2.5209415219355726}
[map] navigate label=bin_docking distance_m=7.653 heading_error_rad=-0.685
[can] backend=detectnet_native no detections
[tag] no detections
[map] motion direction=left speed=0.15 effective_seconds=0.06013798713684082 pose={'x_m': -0.44565165271208096, 'y_m': 0.6372733885653972, 'heading_rad': -2.5300246497524377}
[map] navigate label=bin_docking distance_m=7.653 heading_error_rad=-0.676
[can] backend=detectnet_native no detections
[tag] no detections
[map] motion direction=left speed=0.15 effective_seconds=0.05925703048706055 pose={'x_m': -0.44565165271208096, 'y_m': 0.6372733885653972, 'heading_rad': -2.5389747195433854}
[map] navigate label=bin_docking distance_m=7.653 heading_error_rad=-0.667
[can] backend=detectnet_native no detections
[tag] no detections
[map] motion direction=left speed=0.15 effective_seconds=0.06032371520996094 pose={'x_m': -0.44565165271208096, 'y_m': 0.6372733885653972, 'heading_rad': -2.548085899377081}
[map] navigate label=bin_docking distance_m=7.653 heading_error_rad=-0.658
[can] backend=detectnet_native no detections
[tag] no detections
[map] motion direction=left speed=0.15 effective_seconds=0.06201648712158203 pose={'x_m': -0.44565165271208096, 'y_m': 0.6372733885653972, 'heading_rad': -2.5574527522781687}
[map] navigate label=bin_docking distance_m=7.653 heading_error_rad=-0.649
[can] backend=detectnet_native no detections
[tag] no detections
[map] motion direction=left speed=0.15 effective_seconds=0.05915522575378418 pose={'x_m': -0.44565165271208096, 'y_m': 0.6372733885653972, 'heading_rad': -2.5663874456747817}
[map] navigate label=bin_docking distance_m=7.653 heading_error_rad=-0.640
[can] backend=detectnet_native no detections
[tag] no detections
[map] motion direction=left speed=0.15 effective_seconds=0.06046628952026367 pose={'x_m': -0.44565165271208096, 'y_m': 0.6372733885653972, 'heading_rad': -2.575520159662604}
[map] navigate label=bin_docking distance_m=7.653 heading_error_rad=-0.631
[can] backend=detectnet_native no detections
[tag] no detections
[map] motion direction=left speed=0.15 effective_seconds=0.0583803653717041 pose={'x_m': -0.44565165271208096, 'y_m': 0.6372733885653972, 'heading_rad': -2.5843378196128755}
[map] navigate label=bin_docking distance_m=7.653 heading_error_rad=-0.622
[can] backend=detectnet_native no detections
[tag] no detections
[map] motion direction=left speed=0.15 effective_seconds=0.06073474884033203 pose={'x_m': -0.44565165271208096, 'y_m': 0.6372733885653972, 'heading_rad': -2.5935110811885687}
[map] navigate label=bin_docking distance_m=7.653 heading_error_rad=-0.613
[can] backend=detectnet_native no detections
[tag] no detections
[map] motion direction=left speed=0.15 effective_seconds=0.06313538551330566 pose={'x_m': -0.44565165271208096, 'y_m': 0.6372733885653972, 'heading_rad': -2.603046930386173}
[map] navigate label=bin_docking distance_m=7.653 heading_error_rad=-0.603
[can] backend=detectnet_native no detections
[tag] no detections
[map] motion direction=left speed=0.15 effective_seconds=0.06099843978881836 pose={'x_m': -0.44565165271208096, 'y_m': 0.6372733885653972, 'heading_rad': -2.6122600193439136}
[map] navigate label=bin_docking distance_m=7.653 heading_error_rad=-0.594
[can] backend=detectnet_native no detections
[tag] no detections
[map] motion direction=left speed=0.15 effective_seconds=0.060526371002197266 pose={'x_m': -0.44565165271208096, 'y_m': 0.6372733885653972, 'heading_rad': -2.621401807925114}
[map] navigate label=bin_docking distance_m=7.653 heading_error_rad=-0.585
[can] backend=detectnet_native no detections
[tag] no detections
[map] motion direction=left speed=0.15 effective_seconds=0.05970644950866699 pose={'x_m': -0.44565165271208096, 'y_m': 0.6372733885653972, 'heading_rad': -2.6304197571149395}
[map] navigate label=bin_docking distance_m=7.653 heading_error_rad=-0.576
[can] backend=detectnet_native no detections
[tag] no detections
[map] motion direction=left speed=0.15 effective_seconds=0.05951261520385742 pose={'x_m': -0.44565165271208096, 'y_m': 0.6372733885653972, 'heading_rad': -2.639408429938034}
[map] navigate label=bin_docking distance_m=7.653 heading_error_rad=-0.567
[can] backend=detectnet_native no detections
[tag] no detections
[map] motion direction=left speed=0.15 effective_seconds=0.06176614761352539 pose={'x_m': -0.44565165271208096, 'y_m': 0.6372733885653972, 'heading_rad': -2.6487374720333805}
[map] navigate label=bin_docking distance_m=7.653 heading_error_rad=-0.558
[can] backend=detectnet_native no detections
[tag] no detections
[map] motion direction=left speed=0.15 effective_seconds=0.06181907653808594 pose={'x_m': -0.44565165271208096, 'y_m': 0.6372733885653972, 'heading_rad': -2.6580745084133692}
[map] navigate label=bin_docking distance_m=7.653 heading_error_rad=-0.548
[can] backend=detectnet_native no detections
[tag] no detections
[map] motion direction=left speed=0.15 effective_seconds=0.06158924102783203 pose={'x_m': -0.44565165271208096, 'y_m': 0.6372733885653972, 'heading_rad': -2.6673768308726586}
[map] navigate label=bin_docking distance_m=7.653 heading_error_rad=-0.539
[can] backend=detectnet_native no detections
[tag] no detections
[map] motion direction=left speed=0.15 effective_seconds=0.06088852882385254 pose={'x_m': -0.44565165271208096, 'y_m': 0.6372733885653972, 'heading_rad': -2.6765733190861645}
[map] navigate label=bin_docking distance_m=7.653 heading_error_rad=-0.530
[can] backend=detectnet_native no detections
[tag] no detections
[map] motion direction=left speed=0.15 effective_seconds=0.060335636138916016 pose={'x_m': -0.44565165271208096, 'y_m': 0.6372733885653972, 'heading_rad': -2.685686299434419}
[map] navigate label=bin_docking distance_m=7.653 heading_error_rad=-0.521
[can] backend=detectnet_native no detections
[tag] no detections
[map] motion direction=left speed=0.15 effective_seconds=0.05858135223388672 pose={'x_m': -0.44565165271208096, 'y_m': 0.6372733885653972, 'heading_rad': -2.6945343160601567}
[map] navigate label=bin_docking distance_m=7.653 heading_error_rad=-0.512
[can] backend=detectnet_native no detections
[tag] no detections
[map] motion direction=left speed=0.15 effective_seconds=0.05881953239440918 pose={'x_m': -0.44565165271208096, 'y_m': 0.6372733885653972, 'heading_rad': -2.7034183069667854}
[map] navigate label=bin_docking distance_m=7.653 heading_error_rad=-0.503
[can] backend=detectnet_native no detections
[tag] no detections
[map] motion direction=left speed=0.15 effective_seconds=0.061064958572387695 pose={'x_m': -0.44565165271208096, 'y_m': 0.6372733885653972, 'heading_rad': -2.712641442795766}
[map] navigate label=bin_docking distance_m=7.653 heading_error_rad=-0.494
[can] backend=detectnet_native no detections
[tag] no detections
[map] motion direction=left speed=0.15 effective_seconds=0.05985522270202637 pose={'x_m': -0.44565165271208096, 'y_m': 0.6372733885653972, 'heading_rad': -2.721681862407289}
[map] navigate label=bin_docking distance_m=7.653 heading_error_rad=-0.485
[can] backend=detectnet_native no detections
[tag] no detections
[map] motion direction=left speed=0.15 effective_seconds=0.05972003936767578 pose={'x_m': -0.44565165271208096, 'y_m': 0.6372733885653972, 'heading_rad': -2.730701864183712}
[map] navigate label=bin_docking distance_m=7.653 heading_error_rad=-0.476
[can] backend=detectnet_native no detections
[tag] no detections
[map] motion direction=left speed=0.15 effective_seconds=0.05873870849609375 pose={'x_m': -0.44565165271208096, 'y_m': 0.6372733885653972, 'heading_rad': -2.7395736476016297}
[map] navigate label=bin_docking distance_m=7.653 heading_error_rad=-0.467
[can] backend=detectnet_native no detections
[tag] no detections
[map] motion direction=left speed=0.15 effective_seconds=0.05804181098937988 pose={'x_m': -0.44565165271208096, 'y_m': 0.6372733885653972, 'heading_rad': -2.748340172938423}
[map] navigate label=bin_docking distance_m=7.653 heading_error_rad=-0.458
[can] backend=detectnet_native no detections
[tag] no detections
[map] motion direction=left speed=0.15 effective_seconds=0.0590362548828125 pose={'x_m': -0.44565165271208096, 'y_m': 0.6372733885653972, 'heading_rad': -2.7572568971997358}
[map] navigate label=bin_docking distance_m=7.653 heading_error_rad=-0.449
[can] backend=detectnet_native no detections
[tag] no detections
[map] motion direction=left speed=0.15 effective_seconds=0.059499263763427734 pose={'x_m': -0.44565165271208096, 'y_m': 0.6372733885653972, 'heading_rad': -2.766243553446524}
[map] navigate label=bin_docking distance_m=7.653 heading_error_rad=-0.440
[can] backend=detectnet_native no detections
[tag] no detections
[map] motion direction=left speed=0.15 effective_seconds=0.05911111831665039 pose={'x_m': -0.44565165271208096, 'y_m': 0.6372733885653972, 'heading_rad': -2.775171584939268}
[map] navigate label=bin_docking distance_m=7.653 heading_error_rad=-0.431
[can] backend=detectnet_native no detections
[tag] no detections
[map] motion direction=left speed=0.15 effective_seconds=0.06096792221069336 pose={'x_m': -0.44565165271208096, 'y_m': 0.6372733885653972, 'heading_rad': -2.784380064579737}
[map] navigate label=bin_docking distance_m=7.653 heading_error_rad=-0.422
[can] backend=detectnet_native no detections
[tag] no detections
[map] motion direction=left speed=0.15 effective_seconds=0.05987668037414551 pose={'x_m': -0.44565165271208096, 'y_m': 0.6372733885653972, 'heading_rad': -2.7934237251174667}
[map] navigate label=bin_docking distance_m=7.653 heading_error_rad=-0.413
[can] backend=detectnet_native no detections
[tag] no detections
[map] motion direction=left speed=0.15 effective_seconds=0.061830997467041016 pose={'x_m': -0.44565165271208096, 'y_m': 0.6372733885653972, 'heading_rad': -2.8027625620120147}
[map] navigate label=bin_docking distance_m=7.653 heading_error_rad=-0.404
[can] backend=detectnet_native no detections
[tag] no detections
[map] motion direction=left speed=0.15 effective_seconds=0.060009002685546875 pose={'x_m': -0.44565165271208096, 'y_m': 0.6372733885653972, 'heading_rad': -2.81182620826135}
[map] navigate label=bin_docking distance_m=7.653 heading_error_rad=-0.395
[can] backend=detectnet_native no detections
[tag] no detections
[map] motion direction=left speed=0.15 effective_seconds=0.05977821350097656 pose={'x_m': -0.44565165271208096, 'y_m': 0.6372733885653972, 'heading_rad': -2.820854996548821}
[map] navigate label=bin_docking distance_m=7.653 heading_error_rad=-0.386
[can] backend=detectnet_native no detections
[tag] no detections
[map] motion direction=left speed=0.15 effective_seconds=0.058897972106933594 pose={'x_m': -0.44565165271208096, 'y_m': 0.6372733885653972, 'heading_rad': -2.8297508348412483}
[map] navigate label=bin_docking distance_m=7.653 heading_error_rad=-0.377
[can] backend=detectnet_native no detections
[tag] no detections
[map] motion direction=left speed=0.15 effective_seconds=0.06125211715698242 pose={'x_m': -0.44565165271208096, 'y_m': 0.6372733885653972, 'heading_rad': -2.8390022387488063}
[map] navigate label=bin_docking distance_m=7.653 heading_error_rad=-0.367
[can] backend=detectnet_native no detections
[tag] no detections
[map] motion direction=left speed=0.15 effective_seconds=0.06186652183532715 pose={'x_m': -0.44565165271208096, 'y_m': 0.6372733885653972, 'heading_rad': -2.8483464411767403}
[map] navigate label=bin_docking distance_m=7.653 heading_error_rad=-0.358
[can] backend=detectnet_native no detections
[tag] no detections
[map] motion direction=left speed=0.15 effective_seconds=0.06165814399719238 pose={'x_m': -0.44565165271208096, 'y_m': 0.6372733885653972, 'heading_rad': -2.8576591706101815}
[map] navigate label=bin_docking distance_m=7.653 heading_error_rad=-0.349
[can] backend=detectnet_native no detections
[tag] no detections
[map] motion direction=left speed=0.15 effective_seconds=0.05818772315979004 pose={'x_m': -0.44565165271208096, 'y_m': 0.6372733885653972, 'heading_rad': -2.866447734245178}
[map] navigate label=bin_docking distance_m=7.653 heading_error_rad=-0.340
[can] backend=detectnet_native no detections
[tag] no detections
[map] motion direction=left speed=0.15 effective_seconds=0.05960559844970703 pose={'x_m': -0.44565165271208096, 'y_m': 0.6372733885653972, 'heading_rad': -2.8754504510818335}
[map] navigate label=bin_docking distance_m=7.653 heading_error_rad=-0.331
[can] backend=detectnet_native no detections
[tag] no detections
[map] motion direction=left speed=0.15 effective_seconds=0.06258654594421387 pose={'x_m': -0.44565165271208096, 'y_m': 0.6372733885653972, 'heading_rad': -2.8849034045891373}
[map] navigate label=bin_docking distance_m=7.653 heading_error_rad=-0.321
[can] backend=detectnet_native no detections
[tag] no detections
[map] motion direction=left speed=0.15 effective_seconds=0.06248593330383301 pose={'x_m': -0.44565165271208096, 'y_m': 0.6372733885653972, 'heading_rad': -2.894341161753562}
[map] navigate label=bin_docking distance_m=7.653 heading_error_rad=-0.312
[can] backend=detectnet_native no detections
[tag] no detections
[map] motion direction=left speed=0.15 effective_seconds=0.05969071388244629 pose={'x_m': -0.44565165271208096, 'y_m': 0.6372733885653972, 'heading_rad': -2.9033567342641695}
[map] navigate label=bin_docking distance_m=7.653 heading_error_rad=-0.303
[can] backend=detectnet_native no detections
[tag] no detections
[map] motion direction=left speed=0.15 effective_seconds=0.060567617416381836 pose={'x_m': -0.44565165271208096, 'y_m': 0.6372733885653972, 'heading_rad': -2.912504752625744}
[map] navigate label=bin_docking distance_m=7.653 heading_error_rad=-0.294
[can] backend=detectnet_native no detections
[tag] no detections
[map] motion direction=left speed=0.15 effective_seconds=0.06465387344360352 pose={'x_m': -0.44565165271208096, 'y_m': 0.6372733885653972, 'heading_rad': -2.9222699513678867}
[map] navigate label=bin_docking distance_m=7.653 heading_error_rad=-0.284
[can] backend=detectnet_native no detections
[tag] no detections
[map] motion direction=left speed=0.15 effective_seconds=0.05993795394897461 pose={'x_m': -0.44565165271208096, 'y_m': 0.6372733885653972, 'heading_rad': -2.93132286655045}
[map] navigate label=bin_docking distance_m=7.653 heading_error_rad=-0.275
[can] backend=detectnet_native no detections
[tag] no detections
[map] motion direction=left speed=0.15 effective_seconds=0.06263446807861328 pose={'x_m': -0.44565165271208096, 'y_m': 0.6372733885653972, 'heading_rad': -2.940783058126281}
[map] navigate label=bin_docking distance_m=7.653 heading_error_rad=-0.266
[can] backend=detectnet_native no detections
[tag] no detections
[map] motion direction=left speed=0.15 effective_seconds=0.061136722564697266 pose={'x_m': -0.44565165271208096, 'y_m': 0.6372733885653972, 'heading_rad': -2.950017033052907}
[map] navigate label=bin_docking distance_m=7.653 heading_error_rad=-0.256
[can] backend=detectnet_native no detections
[tag] no detections
[map] motion direction=left speed=0.15 effective_seconds=0.06167197227478027 pose={'x_m': -0.44565165271208096, 'y_m': 0.6372733885653972, 'heading_rad': -2.9593318510832365}
[map] navigate label=bin_docking distance_m=7.653 heading_error_rad=-0.247
[can] backend=detectnet_native no detections
[tag] no detections
[map] motion direction=left speed=0.15 effective_seconds=0.061028480529785156 pose={'x_m': -0.44565165271208096, 'y_m': 0.6372733885653972, 'heading_rad': -2.968549477337666}
[map] navigate label=bin_docking distance_m=7.653 heading_error_rad=-0.238
[can] backend=detectnet_native no detections
[tag] no detections
[map] motion direction=left speed=0.15 effective_seconds=0.05906820297241211 pose={'x_m': -0.44565165271208096, 'y_m': 0.6372733885653972, 'heading_rad': -2.9774710269779976}
[map] navigate label=bin_docking distance_m=7.653 heading_error_rad=-0.229
[can] backend=detectnet_native no detections
[tag] no detections
[map] motion direction=left speed=0.15 effective_seconds=0.06017899513244629 pose={'x_m': -0.44565165271208096, 'y_m': 0.6372733885653972, 'heading_rad': -2.9865603485649457}
[map] navigate label=bin_docking distance_m=7.653 heading_error_rad=-0.220
[can] backend=detectnet_native no detections
[tag] no detections
[map] motion direction=left speed=0.15 effective_seconds=0.06197786331176758 pose={'x_m': -0.44565165271208096, 'y_m': 0.6372733885653972, 'heading_rad': -2.9959213677988616}
[map] navigate label=bin_docking distance_m=7.653 heading_error_rad=-0.210
[can] backend=detectnet_native no detections
[tag] no detections
[map] motion direction=left speed=0.15 effective_seconds=0.06112241744995117 pose={'x_m': -0.44565165271208096, 'y_m': 0.6372733885653972, 'heading_rad': -3.0051531821080166}
[map] navigate label=bin_docking distance_m=7.653 heading_error_rad=-0.201
[can] backend=detectnet_native no detections
[tag] no detections
[map] motion direction=left speed=0.15 effective_seconds=0.061511993408203125 pose={'x_m': -0.44565165271208096, 'y_m': 0.6372733885653972, 'heading_rad': -3.014443837232963}
[map] navigate label=bin_docking distance_m=7.653 heading_error_rad=-0.192
[can] backend=detectnet_native no detections
[tag] no detections
[map] motion direction=left speed=0.15 effective_seconds=0.060480356216430664 pose={'x_m': -0.44565165271208096, 'y_m': 0.6372733885653972, 'heading_rad': -3.0235786758279652}
[map] navigate label=bin_docking distance_m=7.653 heading_error_rad=-0.183
[can] backend=detectnet_native no detections
[tag] no detections
[map] motion direction=left speed=0.15 effective_seconds=0.06452202796936035 pose={'x_m': -0.44565165271208096, 'y_m': 0.6372733885653972, 'heading_rad': -3.033323960879084}
[map] navigate label=bin_docking distance_m=7.653 heading_error_rad=-0.173
[can] backend=detectnet_native no detections
[tag] no detections
[map] motion direction=left speed=0.15 effective_seconds=0.06121206283569336 pose={'x_m': -0.44565165271208096, 'y_m': 0.6372733885653972, 'heading_rad': -3.0425693150577238}
[map] navigate label=bin_docking distance_m=7.653 heading_error_rad=-0.164
[can] backend=detectnet_native no detections
[tag] no detections
[map] motion direction=left speed=0.15 effective_seconds=0.06306052207946777 pose={'x_m': -0.44565165271208096, 'y_m': 0.6372733885653972, 'heading_rad': -3.0520938570238973}
[map] navigate label=bin_docking distance_m=7.653 heading_error_rad=-0.154
[can] backend=detectnet_native no detections
[tag] no detections
[map] motion direction=left speed=0.15 effective_seconds=0.06112408638000488 pose={'x_m': -0.44565165271208096, 'y_m': 0.6372733885653972, 'heading_rad': -3.0613259234050907}
[map] navigate label=bin_docking distance_m=7.653 heading_error_rad=-0.145
[can] backend=detectnet_native no detections
[tag] no detections
[map] motion direction=left speed=0.15 effective_seconds=0.06199812889099121 pose={'x_m': -0.44565165271208096, 'y_m': 0.6372733885653972, 'heading_rad': -3.070690003513757}
[map] navigate label=bin_docking distance_m=7.653 heading_error_rad=-0.136
[can] backend=detectnet_native no detections
[tag] no detections
[map] motion direction=left speed=0.15 effective_seconds=0.06043219566345215 pose={'x_m': -0.44565165271208096, 'y_m': 0.6372733885653972, 'heading_rad': -3.0798175680299407}
[map] navigate label=bin_docking distance_m=7.653 heading_error_rad=-0.127
[can] backend=detectnet_native no detections
[tag] no detections
[map] motion direction=left speed=0.15 effective_seconds=0.06827306747436523 pose={'x_m': -0.44565165271208096, 'y_m': 0.6372733885653972, 'heading_rad': -3.0901294029922255}
[map] navigate label=bin_docking distance_m=7.653 heading_error_rad=-0.116
[map] motion direction=left speed=0.15 effective_seconds=0.01674962043762207 pose={'x_m': -0.44565165271208096, 'y_m': 0.6372733885653972, 'heading_rad': -3.092659233978632}
[base] continuous stop label=map_turn_bin_docking elapsed=0.017s
[base] stop
[base] continuous start label=map_forward_bin_docking direction=forward requested_speed=0.2 effective_speed=0.2
[can] backend=detectnet_native no detections
[tag] no detections
[map] motion direction=forward speed=0.2 effective_seconds=0.0651693344116211 pose={'x_m': -0.4457552525034938, 'y_m': 0.6351579204489561, 'heading_rad': -3.092659233978632}
[map] navigate label=bin_docking distance_m=7.651 heading_error_rad=-0.114
[can] backend=detectnet_native no detections
[tag] no detections
[map] motion direction=forward speed=0.2 effective_seconds=0.0601959228515625 pose={'x_m': -0.44585094605488, 'y_m': 0.6332038947299284, 'heading_rad': -3.092659233978632}
[map] navigate label=bin_docking distance_m=7.649 heading_error_rad=-0.114
[can] backend=detectnet_native no detections
[tag] no detections
[map] motion direction=forward speed=0.2 effective_seconds=0.059227705001831055 pose={'x_m': -0.44594510042885743, 'y_m': 0.6312812984248939, 'heading_rad': -3.092659233978632}
[map] navigate label=bin_docking distance_m=7.647 heading_error_rad=-0.114
[can] backend=detectnet_native no detections
[tag] no detections
[map] motion direction=forward speed=0.2 effective_seconds=0.061769723892211914 pose={'x_m': -0.44604329585418495, 'y_m': 0.6292761853968861, 'heading_rad': -3.092659233978632}
[map] navigate label=bin_docking distance_m=7.645 heading_error_rad=-0.114
[can] backend=detectnet_native no detections
[tag] no detections
[map] motion direction=forward speed=0.2 effective_seconds=0.06347036361694336 pose={'x_m': -0.4461441947891055, 'y_m': 0.6272158677370111, 'heading_rad': -3.092659233978632}
[map] navigate label=bin_docking distance_m=7.643 heading_error_rad=-0.114
[can] backend=detectnet_native no detections
[tag] no detections
[map] motion direction=forward speed=0.2 effective_seconds=0.06196403503417969 pose={'x_m': -0.44624269911115505, 'y_m': 0.6252044471560843, 'heading_rad': -3.092659233978632}
[map] navigate label=bin_docking distance_m=7.641 heading_error_rad=-0.114
[can] backend=detectnet_native no detections
[tag] no detections
[map] motion direction=forward speed=0.2 effective_seconds=0.06153678894042969 pose={'x_m': -0.44634052423943055, 'y_m': 0.6232068954522506, 'heading_rad': -3.092659233978632}
[map] navigate label=bin_docking distance_m=7.639 heading_error_rad=-0.114
[can] backend=detectnet_native no detections
[tag] no detections
[map] motion direction=forward speed=0.2 effective_seconds=0.06279587745666504 pose={'x_m': -0.44644035094266193, 'y_m': 0.6211684723533671, 'heading_rad': -3.092659233978632}
[map] navigate label=bin_docking distance_m=7.637 heading_error_rad=-0.114
[can] backend=detectnet_native no detections
[tag] no detections
[map] motion direction=forward speed=0.2 effective_seconds=0.06066727638244629 pose={'x_m': -0.4465367938054831, 'y_m': 0.6191991459814302, 'heading_rad': -3.092659233978632}
[map] navigate label=bin_docking distance_m=7.635 heading_error_rad=-0.114
[can] backend=detectnet_native no detections
[tag] no detections
[map] motion direction=forward speed=0.2 effective_seconds=0.06120109558105469 pose={'x_m': -0.4466340852815075, 'y_m': 0.6172124912524556, 'heading_rad': -3.092659233978632}
[map] navigate label=bin_docking distance_m=7.633 heading_error_rad=-0.114
[can] backend=detectnet_native no detections
[tag] no detections
[map] motion direction=forward speed=0.2 effective_seconds=0.06004762649536133 pose={'x_m': -0.4467295430859476, 'y_m': 0.6152632793959011, 'heading_rad': -3.092659233978632}
[map] navigate label=bin_docking distance_m=7.631 heading_error_rad=-0.114
[can] backend=detectnet_native no detections
[tag] no detections
[map] motion direction=forward speed=0.2 effective_seconds=0.06425070762634277 pose={'x_m': -0.4468316825349432, 'y_m': 0.6131776309130763, 'heading_rad': -3.092659233978632}
[map] navigate label=bin_docking distance_m=7.629 heading_error_rad=-0.114
[can] backend=detectnet_native no detections
[tag] no detections
[map] motion direction=forward speed=0.2 effective_seconds=0.06210207939147949 pose={'x_m': -0.44693040630632047, 'y_m': 0.6111617292608118, 'heading_rad': -3.092659233978632}
[map] navigate label=bin_docking distance_m=7.627 heading_error_rad=-0.114
[can] backend=detectnet_native no detections
[tag] no detections
[map] motion direction=forward speed=0.2 effective_seconds=0.06341099739074707 pose={'x_m': -0.44703121086665965, 'y_m': 0.6091033386937919, 'heading_rad': -3.092659233978632}
[map] navigate label=bin_docking distance_m=7.625 heading_error_rad=-0.114
[can] backend=detectnet_native no detections
[tag] no detections
[map] motion direction=forward speed=0.2 effective_seconds=0.06096911430358887 pose={'x_m': -0.4471281335616895, 'y_m': 0.6071242143316764, 'heading_rad': -3.092659233978632}
[map] navigate label=bin_docking distance_m=7.623 heading_error_rad=-0.114
[can] backend=detectnet_native no detections
[tag] no detections
[map] motion direction=forward speed=0.2 effective_seconds=0.0604093074798584 pose={'x_m': -0.4472241663309484, 'y_m': 0.6051632619134308, 'heading_rad': -3.092659233978632}
[map] navigate label=bin_docking distance_m=7.621 heading_error_rad=-0.114
[can] backend=detectnet_native no detections
[tag] no detections
[map] motion direction=forward speed=0.2 effective_seconds=0.05979275703430176 pose={'x_m': -0.4473192189690132, 'y_m': 0.6032223233992942, 'heading_rad': -3.092659233978632}
[map] navigate label=bin_docking distance_m=7.619 heading_error_rad=-0.114
[can] backend=detectnet_native no detections
[tag] no detections
[map] motion direction=forward speed=0.2 effective_seconds=0.059978485107421875 pose={'x_m': -0.44741456685928227, 'y_m': 0.6012753559480729, 'heading_rad': -3.092659233978632}
[map] navigate label=bin_docking distance_m=7.618 heading_error_rad=-0.114
[can] backend=detectnet_native no detections
[tag] no detections
[map] motion direction=forward speed=0.2 effective_seconds=0.06245899200439453 pose={'x_m': -0.44751385801519067, 'y_m': 0.599247868520692, 'heading_rad': -3.092659233978632}
[map] navigate label=bin_docking distance_m=7.616 heading_error_rad=-0.114
[can] backend=detectnet_native detections=1 best_confidence=0.231
[depth] map_can_0_depth mean=4.139 min=3.287 max=4.874
[map] can added id=35 position={'x_m': -0.36016656471550573, 'y_m': 0.19462408493535682}
[tag] no detections
[map] motion direction=forward speed=0.2 effective_seconds=0.08565449714660645 pose={'x_m': -0.4476500231013938, 'y_m': 0.596467429540006, 'heading_rad': -3.092659233978632}
[map] navigate label=bin_docking distance_m=7.613 heading_error_rad=-0.114
[can] backend=detectnet_native no detections
[tag] no detections
[map] motion direction=forward speed=0.2 effective_seconds=0.061231374740600586 pose={'x_m': -0.4477473627122448, 'y_m': 0.594479791916282, 'heading_rad': -3.092659233978632}
[map] navigate label=bin_docking distance_m=7.611 heading_error_rad=-0.114
[can] backend=detectnet_native no detections
[tag] no detections
[map] motion direction=forward speed=0.2 effective_seconds=0.05982065200805664 pose={'x_m': -0.4478424596949924, 'y_m': 0.5925379479006833, 'heading_rad': -3.092659233978632}
[map] navigate label=bin_docking distance_m=7.609 heading_error_rad=-0.114
[can] backend=detectnet_native no detections
[tag] no detections
[map] motion direction=forward speed=0.2 effective_seconds=0.06040525436401367 pose={'x_m': -0.44793848602100683, 'y_m': 0.5905771270510262, 'heading_rad': -3.092659233978632}
[map] navigate label=bin_docking distance_m=7.607 heading_error_rad=-0.114
[can] backend=detectnet_native no detections
[tag] no detections
[map] motion direction=forward speed=0.2 effective_seconds=0.06150507926940918 pose={'x_m': -0.4480362607403694, 'y_m': 0.5885806046779143, 'heading_rad': -3.092659233978632}
[map] navigate label=bin_docking distance_m=7.605 heading_error_rad=-0.114
[can] backend=detectnet_native no detections
[tag] no detections
[map] motion direction=forward speed=0.2 effective_seconds=0.060662269592285156 pose={'x_m': -0.4481326956438885, 'y_m': 0.5866114408318809, 'heading_rad': -3.092659233978632}
[map] navigate label=bin_docking distance_m=7.603 heading_error_rad=-0.114
[can] backend=detectnet_native detections=1 best_confidence=0.231
[depth] map_can_0_depth mean=4.005 min=3.397 max=4.576
[map] can merged id=35 position={'x_m': -0.3610591268481891, 'y_m': 0.19507090019069256} observations=2
[tag] no detections
[map] motion direction=forward speed=0.2 effective_seconds=0.0873100757598877 pose={'x_m': -0.44827149260596627, 'y_m': 0.5837772599524587, 'heading_rad': -3.092659233978632}
[map] navigate label=bin_docking distance_m=7.600 heading_error_rad=-0.115
[can] backend=detectnet_native detections=1 best_confidence=0.208
[depth] map_can_0_depth mean=3.992 min=3.450 max=4.514
[map] can merged id=35 position={'x_m': -0.36165259409377165, 'y_m': 0.19465725765292383} observations=3
[tag] no detections
[map] motion direction=forward speed=0.2 effective_seconds=0.08846020698547363 pose={'x_m': -0.448412117933427, 'y_m': 0.5809057445512185, 'heading_rad': -3.092659233978632}
[map] navigate label=bin_docking distance_m=7.597 heading_error_rad=-0.115
[can] backend=detectnet_native detections=1 best_confidence=0.211
[depth] map_can_0_depth mean=4.045 min=3.212 max=4.647
[map] can merged id=35 position={'x_m': -0.3618470851036446, 'y_m': 0.19241080627461551} observations=4
[tag] no detections
[map] motion direction=forward speed=0.2 effective_seconds=0.08663010597229004 pose={'x_m': -0.44854983394648484, 'y_m': 0.5780936362373486, 'heading_rad': -3.092659233978632}
[map] navigate label=bin_docking distance_m=7.594 heading_error_rad=-0.115
[can] backend=detectnet_native no detections
[tag] no detections
[map] motion direction=forward speed=0.2 effective_seconds=0.05878186225891113 pose={'x_m': -0.4486432795635663, 'y_m': 0.5761855124770485, 'heading_rad': -3.092659233978632}
[map] navigate label=bin_docking distance_m=7.593 heading_error_rad=-0.115
[can] backend=detectnet_native no detections
[tag] no detections
[map] motion direction=forward speed=0.2 effective_seconds=0.06047224998474121 pose={'x_m': -0.44873941239262227, 'y_m': 0.5742225168760169, 'heading_rad': -3.092659233978632}
[map] navigate label=bin_docking distance_m=7.591 heading_error_rad=-0.115
[can] backend=detectnet_native no detections
[tag] no detections
[map] motion direction=forward speed=0.2 effective_seconds=0.06093263626098633 pose={'x_m': -0.4488362770984516, 'y_m': 0.5722445766311979, 'heading_rad': -3.092659233978632}
[map] navigate label=bin_docking distance_m=7.589 heading_error_rad=-0.115
[can] backend=detectnet_native no detections
[tag] no detections
[map] motion direction=forward speed=0.2 effective_seconds=0.06422781944274902 pose={'x_m': -0.4489383801620665, 'y_m': 0.5701596711239316, 'heading_rad': -3.092659233978632}
[map] navigate label=bin_docking distance_m=7.587 heading_error_rad=-0.115
[can] backend=detectnet_native no detections
[tag] no detections
[map] motion direction=forward speed=0.2 effective_seconds=0.061249494552612305 pose={'x_m': -0.4490357485780106, 'y_m': 0.5681714453112238, 'heading_rad': -3.092659233978632}
[map] navigate label=bin_docking distance_m=7.585 heading_error_rad=-0.115
[can] backend=detectnet_native no detections
[tag] no detections
[map] motion direction=forward speed=0.2 effective_seconds=0.05930328369140625 pose={'x_m': -0.44913002309954736, 'y_m': 0.5662463956389802, 'heading_rad': -3.092659233978632}
[map] navigate label=bin_docking distance_m=7.583 heading_error_rad=-0.115
[can] backend=detectnet_native no detections
[tag] no detections
[map] motion direction=forward speed=0.2 effective_seconds=0.05881500244140625 pose={'x_m': -0.449223521399628, 'y_m': 0.564337196111986, 'heading_rad': -3.092659233978632}
[map] navigate label=bin_docking distance_m=7.581 heading_error_rad=-0.115
[can] backend=detectnet_native no detections
[tag] no detections
[map] motion direction=forward speed=0.2 effective_seconds=0.06100273132324219 pose={'x_m': -0.44932049753568587, 'y_m': 0.5623569805045189, 'heading_rad': -3.092659233978632}
[map] navigate label=bin_docking distance_m=7.579 heading_error_rad=-0.115
[can] backend=detectnet_native no detections
[tag] no detections
[map] motion direction=forward speed=0.2 effective_seconds=0.06430864334106445 pose={'x_m': -0.44942272908517655, 'y_m': 0.5602694513648114, 'heading_rad': -3.092659233978632}
[map] navigate label=bin_docking distance_m=7.577 heading_error_rad=-0.115
[can] backend=detectnet_native no detections
[tag] no detections
[map] motion direction=forward speed=0.2 effective_seconds=0.0605471134185791 pose={'x_m': -0.44951898092474873, 'y_m': 0.558304025614557, 'heading_rad': -3.092659233978632}
[map] navigate label=bin_docking distance_m=7.575 heading_error_rad=-0.115
[can] backend=detectnet_native no detections
[tag] no detections
[map] motion direction=forward speed=0.2 effective_seconds=0.060393333435058594 pose={'x_m': -0.449614988300044, 'y_m': 0.5563435917313367, 'heading_rad': -3.092659233978632}
[map] navigate label=bin_docking distance_m=7.573 heading_error_rad=-0.115
[can] backend=detectnet_native no detections
[tag] no detections
[map] motion direction=forward speed=0.2 effective_seconds=0.05985283851623535 pose={'x_m': -0.4497101364497333, 'y_m': 0.5544007029063588, 'heading_rad': -3.092659233978632}
[map] navigate label=bin_docking distance_m=7.571 heading_error_rad=-0.115
[can] backend=detectnet_native no detections
[tag] no detections
[map] motion direction=forward speed=0.2 effective_seconds=0.06573319435119629 pose={'x_m': -0.4498146326101616, 'y_m': 0.5522669312774594, 'heading_rad': -3.092659233978632}
[map] navigate label=bin_docking distance_m=7.569 heading_error_rad=-0.115
[can] backend=detectnet_native no detections
[tag] no detections
[map] motion direction=forward speed=0.2 effective_seconds=0.06391096115112305 pose={'x_m': -0.44991623196366165, 'y_m': 0.550192311338082, 'heading_rad': -3.092659233978632}
[map] navigate label=bin_docking distance_m=7.567 heading_error_rad=-0.115
[can] backend=detectnet_native no detections
[tag] no detections
[map] motion direction=forward speed=0.2 effective_seconds=0.061235904693603516 pose={'x_m': -0.45001357877578596, 'y_m': 0.548204526667112, 'heading_rad': -3.092659233978632}
[map] navigate label=bin_docking distance_m=7.565 heading_error_rad=-0.115
[can] backend=detectnet_native no detections
[tag] no detections
[map] motion direction=forward speed=0.2 effective_seconds=0.061936140060424805 pose={'x_m': -0.45011203875315275, 'y_m': 0.5461940115876471, 'heading_rad': -3.092659233978632}
[map] navigate label=bin_docking distance_m=7.563 heading_error_rad=-0.115
[can] backend=detectnet_native no detections
[tag] no detections
[map] motion direction=forward speed=0.2 effective_seconds=0.06141304969787598 pose={'x_m': -0.4502096671729635, 'y_m': 0.544200476595427, 'heading_rad': -3.092659233978632}
[map] navigate label=bin_docking distance_m=7.561 heading_error_rad=-0.115
[can] backend=detectnet_native no detections
[tag] no detections
[map] motion direction=forward speed=0.2 effective_seconds=0.06408166885375977 pose={'x_m': -0.4503115379007617, 'y_m': 0.5421203152966754, 'heading_rad': -3.092659233978632}
[map] navigate label=bin_docking distance_m=7.559 heading_error_rad=-0.115
[can] backend=detectnet_native no detections
[tag] no detections
[map] motion direction=forward speed=0.2 effective_seconds=0.06367063522338867 pose={'x_m': -0.45041275520776386, 'y_m': 0.5400534966006629, 'heading_rad': -3.092659233978632}
[map] navigate label=bin_docking distance_m=7.557 heading_error_rad=-0.115
[can] backend=detectnet_native no detections
[tag] no detections
[map] motion direction=forward speed=0.2 effective_seconds=0.06000518798828125 pose={'x_m': -0.4505081455476438, 'y_m': 0.5381056623446233, 'heading_rad': -3.092659233978632}
[map] navigate label=bin_docking distance_m=7.555 heading_error_rad=-0.115
[can] backend=detectnet_native no detections
[tag] no detections
[map] motion direction=forward speed=0.2 effective_seconds=0.06244468688964844 pose={'x_m': -0.4506074139626892, 'y_m': 0.5360786392769665, 'heading_rad': -3.092659233978632}
[map] navigate label=bin_docking distance_m=7.553 heading_error_rad=-0.115
[can] backend=detectnet_native no detections
[tag] no detections
[map] motion direction=forward speed=0.2 effective_seconds=0.059535980224609375 pose={'x_m': -0.4507020584022637, 'y_m': 0.5341460360198775, 'heading_rad': -3.092659233978632}
[map] navigate label=bin_docking distance_m=7.551 heading_error_rad=-0.115
[can] backend=detectnet_native no detections
[tag] no detections
[map] motion direction=forward speed=0.2 effective_seconds=0.0609588623046875 pose={'x_m': -0.4507989647996751, 'y_m': 0.5321672444488976, 'heading_rad': -3.092659233978632}
[map] navigate label=bin_docking distance_m=7.549 heading_error_rad=-0.115
[can] backend=detectnet_native no detections
[tag] no detections
[map] motion direction=forward speed=0.2 effective_seconds=0.06127500534057617 pose={'x_m': -0.4508963737701582, 'y_m': 0.5301781905280151, 'heading_rad': -3.092659233978632}
[map] navigate label=bin_docking distance_m=7.547 heading_error_rad=-0.115
[can] backend=detectnet_native no detections
[tag] no detections
[map] motion direction=forward speed=0.2 effective_seconds=0.07246255874633789 pose={'x_m': -0.45101156761154293, 'y_m': 0.5278259763455686, 'heading_rad': -3.092659233978632}
[map] navigate label=bin_docking distance_m=7.544 heading_error_rad=-0.115
[can] backend=detectnet_native no detections
[tag] no detections
[map] motion direction=forward speed=0.2 effective_seconds=0.059572458267211914 pose={'x_m': -0.45110627004031795, 'y_m': 0.5258921889711831, 'heading_rad': -3.092659233978632}
[map] navigate label=bin_docking distance_m=7.543 heading_error_rad=-0.115
[can] backend=detectnet_native no detections
[tag] no detections
[map] motion direction=forward speed=0.2 effective_seconds=0.06043243408203125 pose={'x_m': -0.451202339573972, 'y_m': 0.5239304858380502, 'heading_rad': -3.092659233978632}
[map] navigate label=bin_docking distance_m=7.541 heading_error_rad=-0.115
[can] backend=detectnet_native no detections
[tag] no detections
[map] motion direction=forward speed=0.2 effective_seconds=0.060160160064697266 pose={'x_m': -0.4512979762732008, 'y_m': 0.5219776210183328, 'heading_rad': -3.092659233978632}
[map] navigate label=bin_docking distance_m=7.539 heading_error_rad=-0.115
[can] backend=detectnet_native no detections
[tag] no detections
[map] motion direction=forward speed=0.2 effective_seconds=0.06078028678894043 pose={'x_m': -0.4513945987888394, 'y_m': 0.5200046262045754, 'heading_rad': -3.092659233978632}
[map] navigate label=bin_docking distance_m=7.537 heading_error_rad=-0.116
[can] backend=detectnet_native no detections
[tag] no detections
[map] motion direction=forward speed=0.2 effective_seconds=0.06552243232727051 pose={'x_m': -0.45149875990055327, 'y_m': 0.5178776961422779, 'heading_rad': -3.092659233978632}
[map] navigate label=bin_docking distance_m=7.535 heading_error_rad=-0.116
[can] backend=detectnet_native no detections
[tag] no detections
[map] motion direction=forward speed=0.2 effective_seconds=0.06471657752990723 pose={'x_m': -0.45160163994365304, 'y_m': 0.5157769250111047, 'heading_rad': -3.092659233978632}
[map] navigate label=bin_docking distance_m=7.532 heading_error_rad=-0.116
[can] backend=detectnet_native no detections
[tag] no detections
[map] motion direction=forward speed=0.2 effective_seconds=0.0605921745300293 pose={'x_m': -0.45169796341694357, 'y_m': 0.5138100365277194, 'heading_rad': -3.092659233978632}
[map] navigate label=bin_docking distance_m=7.531 heading_error_rad=-0.116
[can] backend=detectnet_native no detections
[tag] no detections
[map] motion direction=forward speed=0.2 effective_seconds=0.06099867820739746 pose={'x_m': -0.45179493310975694, 'y_m': 0.5118299524888408, 'heading_rad': -3.092659233978632}
[map] navigate label=bin_docking distance_m=7.529 heading_error_rad=-0.116
[can] backend=detectnet_native no detections
[tag] no detections
[map] motion direction=forward speed=0.2 effective_seconds=0.06089186668395996 pose={'x_m': -0.45189173300412677, 'y_m': 0.5098533356692355, 'heading_rad': -3.092659233978632}
[map] navigate label=bin_docking distance_m=7.527 heading_error_rad=-0.116
[can] backend=detectnet_native no detections
[tag] no detections
[map] motion direction=forward speed=0.2 effective_seconds=0.06046700477600098 pose={'x_m': -0.4519878574948663, 'y_m': 0.5078905103334361, 'heading_rad': -3.092659233978632}
[map] navigate label=bin_docking distance_m=7.525 heading_error_rad=-0.116
[can] backend=detectnet_native no detections
[tag] no detections
[map] motion direction=forward speed=0.2 effective_seconds=0.06125044822692871 pose={'x_m': -0.45208522742686796, 'y_m': 0.5059022535634133, 'heading_rad': -3.092659233978632}
[map] navigate label=bin_docking distance_m=7.523 heading_error_rad=-0.116
[can] backend=detectnet_native no detections
[tag] no detections
[map] motion direction=forward speed=0.2 effective_seconds=0.06498885154724121 pose={'x_m': -0.452188540304393, 'y_m': 0.5037926441188247, 'heading_rad': -3.092659233978632}
[map] navigate label=bin_docking distance_m=7.521 heading_error_rad=-0.116
[can] backend=detectnet_native no detections
[tag] no detections
[map] motion direction=forward speed=0.2 effective_seconds=0.05988287925720215 pose={'x_m': -0.4522837362098945, 'y_m': 0.5018487801384262, 'heading_rad': -3.092659233978632}
[map] navigate label=bin_docking distance_m=7.519 heading_error_rad=-0.116
[can] backend=detectnet_native no detections
[tag] no detections
[map] motion direction=forward speed=0.2 effective_seconds=0.0630943775177002 pose={'x_m': -0.45238403743913325, 'y_m': 0.49980066739996637, 'heading_rad': -3.092659233978632}
[map] navigate label=bin_docking distance_m=7.517 heading_error_rad=-0.116
[can] backend=detectnet_native no detections
[tag] no detections
[map] motion direction=forward speed=0.2 effective_seconds=0.061248779296875 pose={'x_m': -0.4524814047180342, 'y_m': 0.49781246480524466, 'heading_rad': -3.092659233978632}
[map] navigate label=bin_docking distance_m=7.515 heading_error_rad=-0.116
[can] backend=detectnet_native no detections
[tag] no detections
[map] motion direction=forward speed=0.2 effective_seconds=0.06075572967529297 pose={'x_m': -0.4525779881951914, 'y_m': 0.4958402671423471, 'heading_rad': -3.092659233978632}
[map] navigate label=bin_docking distance_m=7.513 heading_error_rad=-0.116
[can] backend=detectnet_native no detections
[tag] no detections
[map] motion direction=forward speed=0.2 effective_seconds=0.0595703125 pose={'x_m': -0.452672687212837, 'y_m': 0.4939065494219202, 'heading_rad': -3.092659233978632}
[map] navigate label=bin_docking distance_m=7.511 heading_error_rad=-0.116
[can] backend=detectnet_native no detections
[tag] no detections
[map] motion direction=forward speed=0.2 effective_seconds=0.05937647819519043 pose={'x_m': -0.4527670780917893, 'y_m': 0.4919791237757549, 'heading_rad': -3.092659233978632}
[map] navigate label=bin_docking distance_m=7.509 heading_error_rad=-0.116
[can] backend=detectnet_native no detections
[tag] no detections
[map] motion direction=forward speed=0.2 effective_seconds=0.05869436264038086 pose={'x_m': -0.45286038461059225, 'y_m': 0.4900738403491007, 'heading_rad': -3.092659233978632}
[map] navigate label=bin_docking distance_m=7.507 heading_error_rad=-0.116
[can] backend=detectnet_native no detections
[tag] no detections
[map] motion direction=forward speed=0.2 effective_seconds=0.06034207344055176 pose={'x_m': -0.45295631049779517, 'y_m': 0.48811507042155844, 'heading_rad': -3.092659233978632}
[map] navigate label=bin_docking distance_m=7.505 heading_error_rad=-0.116
[can] backend=detectnet_native no detections
[tag] no detections
[map] motion direction=forward speed=0.2 effective_seconds=0.06127190589904785 pose={'x_m': -0.4530537145410913, 'y_m': 0.4861261171119494, 'heading_rad': -3.092659233978632}
[map] navigate label=bin_docking distance_m=7.503 heading_error_rad=-0.116
[can] backend=detectnet_native no detections
[tag] no detections
[map] motion direction=forward speed=0.2 effective_seconds=0.05930924415588379 pose={'x_m': -0.45314799853798765, 'y_m': 0.4842008739564874, 'heading_rad': -3.092659233978632}
[map] navigate label=bin_docking distance_m=7.501 heading_error_rad=-0.116
[can] backend=detectnet_native no detections
[tag] no detections
[map] motion direction=forward speed=0.2 effective_seconds=0.061589717864990234 pose={'x_m': -0.4532459078074561, 'y_m': 0.4822016041216746, 'heading_rad': -3.092659233978632}
[map] navigate label=bin_docking distance_m=7.499 heading_error_rad=-0.116
[can] backend=detectnet_native no detections
[tag] no detections
[map] motion direction=forward speed=0.2 effective_seconds=0.06270694732666016 pose={'x_m': -0.4533455931383227, 'y_m': 0.48016606779240933, 'heading_rad': -3.092659233978632}
[map] navigate label=bin_docking distance_m=7.497 heading_error_rad=-0.116
[can] backend=detectnet_native no detections
[tag] no detections
[map] motion direction=forward speed=0.2 effective_seconds=0.06872320175170898 pose={'x_m': -0.4534548425181265, 'y_m': 0.47793523724184356, 'heading_rad': -3.092659233978632}
[map] navigate label=bin_docking distance_m=7.495 heading_error_rad=-0.116
[can] backend=detectnet_native no detections
[tag] no detections
[map] motion direction=forward speed=0.2 effective_seconds=0.06166553497314453 pose={'x_m': -0.45355287231416874, 'y_m': 0.47593350630049297, 'heading_rad': -3.092659233978632}
[map] navigate label=bin_docking distance_m=7.493 heading_error_rad=-0.116
[can] backend=detectnet_native no detections
[tag] no detections
[map] motion direction=forward speed=0.2 effective_seconds=0.06271791458129883 pose={'x_m': -0.4536525750796969, 'y_m': 0.47389761396210583, 'heading_rad': -3.092659233978632}
[map] navigate label=bin_docking distance_m=7.491 heading_error_rad=-0.116
[can] backend=detectnet_native no detections
[tag] no detections
[map] motion direction=forward speed=0.2 effective_seconds=0.0607302188873291 pose={'x_m': -0.45374911800231515, 'y_m': 0.4719262444073829, 'heading_rad': -3.092659233978632}
[map] navigate label=bin_docking distance_m=7.489 heading_error_rad=-0.116
[can] backend=detectnet_native no detections
[tag] no detections
[map] motion direction=forward speed=0.2 effective_seconds=0.05989432334899902 pose={'x_m': -0.45384433210050706, 'y_m': 0.46998200893920505, 'heading_rad': -3.092659233978632}
[map] navigate label=bin_docking distance_m=7.487 heading_error_rad=-0.116
[can] backend=detectnet_native no detections
[tag] no detections
[map] motion direction=forward speed=0.2 effective_seconds=0.06097149848937988 pose={'x_m': -0.45394125858568074, 'y_m': 0.4680028071838022, 'heading_rad': -3.092659233978632}
[map] navigate label=bin_docking distance_m=7.485 heading_error_rad=-0.116
[can] backend=detectnet_native no detections
[tag] no detections
[map] motion direction=forward speed=0.2 effective_seconds=0.061292171478271484 pose={'x_m': -0.4540386948451994, 'y_m': 0.46601319603125074, 'heading_rad': -3.092659233978632}
[map] navigate label=bin_docking distance_m=7.483 heading_error_rad=-0.116
[can] backend=detectnet_native no detections
[tag] no detections
[map] motion direction=forward speed=0.2 effective_seconds=0.06104445457458496 pose={'x_m': -0.4541357373087742, 'y_m': 0.464031626041255, 'heading_rad': -3.092659233978632}
[map] navigate label=bin_docking distance_m=7.481 heading_error_rad=-0.116
[can] backend=detectnet_native no detections
[tag] no detections
[map] motion direction=forward speed=0.2 effective_seconds=0.059819936752319336 pose={'x_m': -0.45423083315447865, 'y_m': 0.4620898052436425, 'heading_rad': -3.092659233978632}
[map] navigate label=bin_docking distance_m=7.479 heading_error_rad=-0.116
[can] backend=detectnet_native no detections
[tag] no detections
[map] motion direction=forward speed=0.2 effective_seconds=0.06129312515258789 pose={'x_m': -0.45432827093005484, 'y_m': 0.4601001631337761, 'heading_rad': -3.092659233978632}
[map] navigate label=bin_docking distance_m=7.477 heading_error_rad=-0.116
[can] backend=detectnet_native no detections
[tag] no detections
[map] motion direction=forward speed=0.2 effective_seconds=0.06025862693786621 pose={'x_m': -0.45442406416222375, 'y_m': 0.45814410197129113, 'heading_rad': -3.092659233978632}
[map] navigate label=bin_docking distance_m=7.475 heading_error_rad=-0.116
[can] backend=detectnet_native no detections
[tag] no detections
[map] motion direction=forward speed=0.2 effective_seconds=0.060703277587890625 pose={'x_m': -0.45452056425621673, 'y_m': 0.45617360696071524, 'heading_rad': -3.092659233978632}
[map] navigate label=bin_docking distance_m=7.473 heading_error_rad=-0.116
[can] backend=detectnet_native no detections
[tag] no detections
[map] motion direction=forward speed=0.2 effective_seconds=0.0649571418762207 pose={'x_m': -0.4546238267248288, 'y_m': 0.45406502684684846, 'heading_rad': -3.092659233978632}
[map] navigate label=bin_docking distance_m=7.471 heading_error_rad=-0.117
[can] backend=detectnet_native no detections
[tag] no detections
[map] motion direction=forward speed=0.2 effective_seconds=0.060090065002441406 pose={'x_m': -0.45471935199382907, 'y_m': 0.45211443738977913, 'heading_rad': -3.092659233978632}
[map] navigate label=bin_docking distance_m=7.469 heading_error_rad=-0.117
[can] backend=detectnet_native no detections
[tag] no detections
[map] motion direction=forward speed=0.2 effective_seconds=0.060506582260131836 pose={'x_m': -0.45481553940095615, 'y_m': 0.45015032732540966, 'heading_rad': -3.092659233978632}
[map] navigate label=bin_docking distance_m=7.467 heading_error_rad=-0.117
[can] backend=detectnet_native no detections
[tag] no detections
[map] motion direction=forward speed=0.2 effective_seconds=0.05991220474243164 pose={'x_m': -0.45491078192522677, 'y_m': 0.4482055114075767, 'heading_rad': -3.092659233978632}
[map] navigate label=bin_docking distance_m=7.465 heading_error_rad=-0.117
[can] backend=detectnet_native no detections
[tag] no detections
[map] motion direction=forward speed=0.2 effective_seconds=0.06213665008544922 pose={'x_m': -0.4550095606536895, 'y_m': 0.4461884875526456, 'heading_rad': -3.092659233978632}
[map] navigate label=bin_docking distance_m=7.463 heading_error_rad=-0.117
[can] backend=detectnet_native no detections
[tag] no detections
[map] motion direction=forward speed=0.2 effective_seconds=0.0597381591796875 pose={'x_m': -0.45510452649746064, 'y_m': 0.4442493213447893, 'heading_rad': -3.092659233978632}
[map] navigate label=bin_docking distance_m=7.461 heading_error_rad=-0.117
[can] backend=detectnet_native no detections
[tag] no detections
[map] motion direction=forward speed=0.2 effective_seconds=0.0626363754272461 pose={'x_m': -0.4552040996400699, 'y_m': 0.44221607585682954, 'heading_rad': -3.092659233978632}
[map] navigate label=bin_docking distance_m=7.459 heading_error_rad=-0.117
[can] backend=detectnet_native no detections
[tag] no detections
[map] motion direction=forward speed=0.2 effective_seconds=0.061246395111083984 pose={'x_m': -0.4553014631288271, 'y_m': 0.4402279506553952, 'heading_rad': -3.092659233978632}
[map] navigate label=bin_docking distance_m=7.457 heading_error_rad=-0.117
[can] backend=detectnet_native no detections
[tag] no detections
[map] motion direction=forward speed=0.2 effective_seconds=0.06400871276855469 pose={'x_m': -0.45540321787822413, 'y_m': 0.4381501575912365, 'heading_rad': -3.092659233978632}
[map] navigate label=bin_docking distance_m=7.455 heading_error_rad=-0.117
[can] backend=detectnet_native no detections
[tag] no detections
[map] motion direction=forward speed=0.2 effective_seconds=0.06191444396972656 pose={'x_m': -0.45550164336528204, 'y_m': 0.43614034679068653, 'heading_rad': -3.092659233978632}
[map] navigate label=bin_docking distance_m=7.453 heading_error_rad=-0.117
[can] backend=detectnet_native no detections
[tag] no detections
[map] motion direction=forward speed=0.2 effective_seconds=0.061820030212402344 pose={'x_m': -0.45559991876264433, 'y_m': 0.4341336007643156, 'heading_rad': -3.092659233978632}
[map] navigate label=bin_docking distance_m=7.451 heading_error_rad=-0.117
[can] backend=detectnet_native no detections
[tag] no detections
[map] motion direction=forward speed=0.2 effective_seconds=0.060433149337768555 pose={'x_m': -0.4556959894333415, 'y_m': 0.43217187441319654, 'heading_rad': -3.092659233978632}
[map] navigate label=bin_docking distance_m=7.449 heading_error_rad=-0.117
[can] backend=detectnet_native no detections
[tag] no detections
[map] motion direction=forward speed=0.2 effective_seconds=0.06163215637207031 pose={'x_m': -0.4557939661673701, 'y_m': 0.43017122697786886, 'heading_rad': -3.092659233978632}
[map] navigate label=bin_docking distance_m=7.447 heading_error_rad=-0.117
[can] backend=detectnet_native no detections
[tag] no detections
[map] motion direction=forward speed=0.2 effective_seconds=0.06074690818786621 pose={'x_m': -0.45589053562099513, 'y_m': 0.4281993156701345, 'heading_rad': -3.092659233978632}
[map] navigate label=bin_docking distance_m=7.445 heading_error_rad=-0.117
[can] backend=detectnet_native no detections
[tag] no detections
[map] motion direction=forward speed=0.2 effective_seconds=0.063232421875 pose={'x_m': -0.45599105629956155, 'y_m': 0.4261467218603371, 'heading_rad': -3.092659233978632}
[map] navigate label=bin_docking distance_m=7.443 heading_error_rad=-0.117
[can] backend=detectnet_native no detections
[tag] no detections
[map] motion direction=forward speed=0.2 effective_seconds=0.06486892700195312 pose={'x_m': -0.45609417853285195, 'y_m': 0.42404100529810224, 'heading_rad': -3.092659233978632}
[map] navigate label=bin_docking distance_m=7.441 heading_error_rad=-0.117
[can] backend=detectnet_native no detections
[tag] no detections
[map] motion direction=forward speed=0.2 effective_seconds=0.06175065040588379 pose={'x_m': -0.4561923436370289, 'y_m': 0.42203651141639326, 'heading_rad': -3.092659233978632}
[map] navigate label=bin_docking distance_m=7.439 heading_error_rad=-0.117
[can] backend=detectnet_native no detections
[tag] no detections
[map] motion direction=forward speed=0.2 effective_seconds=0.062135934829711914 pose={'x_m': -0.4562911212284485, 'y_m': 0.42001951077944844, 'heading_rad': -3.092659233978632}
[map] navigate label=bin_docking distance_m=7.437 heading_error_rad=-0.117
[can] backend=detectnet_native no detections
[tag] no detections
[map] motion direction=forward speed=0.2 effective_seconds=0.0650632381439209 pose={'x_m': -0.45639455235846094, 'y_m': 0.41790748666429456, 'heading_rad': -3.092659233978632}
[map] navigate label=bin_docking distance_m=7.435 heading_error_rad=-0.117
[can] backend=detectnet_native no detections
[tag] no detections
[map] motion direction=forward speed=0.2 effective_seconds=0.058556318283081055 pose={'x_m': -0.4564876394279362, 'y_m': 0.41600668430897786, 'heading_rad': -3.092659233978632}
[map] navigate label=bin_docking distance_m=7.433 heading_error_rad=-0.117
[can] backend=detectnet_native no detections
[tag] no detections
[map] motion direction=forward speed=0.2 effective_seconds=0.06101703643798828 pose={'x_m': -0.456584638304857, 'y_m': 0.41402600434178666, 'heading_rad': -3.092659233978632}
[map] navigate label=bin_docking distance_m=7.431 heading_error_rad=-0.117
[can] backend=detectnet_native no detections
[tag] backend=pupil_apriltags id=0 center=(84.0,125.6) error_x=-0.237 yaw_deg=-56.17 height=11.6px height_norm=0.049 margin=38.03 distance=1.1677688955319838
[map] motion direction=forward speed=0.2 effective_seconds=0.08223819732666016 pose={'x_m': -0.45671537249396804, 'y_m': 0.4113564622025453, 'heading_rad': -3.092659233978632}
[base] continuous stop label=map_forward_bin_docking elapsed=0.082s
[base] stop
[fsm] MAP_NAVIGATING --TARGET_FOUND--> ALIGNING
[can] backend=detectnet_native no detections
[tag] no detections
[base] stop
[can] backend=detectnet_native no detections
[tag] no detections
[base] stop
[can] backend=detectnet_native no detections
[tag] no detections
[base] stop
[can] backend=detectnet_native no detections
[tag] no detections
[base] stop
[can] backend=detectnet_native no detections
[tag] no detections
[base] stop
[can] backend=detectnet_native no detections
[tag] no detections
[base] stop
[can] backend=detectnet_native no detections
[tag] no detections
[base] stop
[can] backend=detectnet_native no detections
[tag] no detections
[base] stop
[fsm] ALIGNING --TARGET_MISSING--> SEARCHING reason=alignment target lost
[can] backend=detectnet_native no detections
[tag] no detections
[base] continuous start label=search_bin_routine_2_step_0 direction=forward requested_speed=0.6 effective_speed=0.6
[can] backend=detectnet_native no detections
[tag] no detections
[map] motion direction=forward speed=0.6 effective_seconds=0.059174537658691406 pose={'x_m': -0.4570156724117724, 'y_m': 0.4052244527378409, 'heading_rad': -3.092659233978632}
[can] backend=detectnet_native no detections
[tag] no detections
[map] motion direction=forward speed=0.6 effective_seconds=0.060751914978027344 pose={'x_m': -0.45732397722996265, 'y_m': 0.39892898626892015, 'heading_rad': -3.092659233978632}
[can] backend=detectnet_native no detections
[tag] no detections
[map] motion direction=forward speed=0.6 effective_seconds=0.062018632888793945 pose={'x_m': -0.4576387104090584, 'y_m': 0.39250225512898945, 'heading_rad': -3.092659233978632}
[can] backend=detectnet_native no detections
[tag] no detections
[map] motion direction=forward speed=0.6 effective_seconds=0.06146645545959473 pose={'x_m': -0.45795064138904684, 'y_m': 0.38613274382306195, 'heading_rad': -3.092659233978632}
[can] backend=detectnet_native no detections
[tag] no detections
[map] motion direction=forward speed=0.6 effective_seconds=0.06205153465270996 pose={'x_m': -0.4582655415385557, 'y_m': 0.379702603211157, 'heading_rad': -3.092659233978632}
[can] backend=detectnet_native no detections
[tag] backend=pupil_apriltags id=0 center=(81.9,126.4) error_x=-0.244 yaw_deg=31.18 height=12.4px height_norm=0.052 margin=32.21 distance=1.101967135302075
[map] motion direction=forward speed=0.6 effective_seconds=0.08320164680480957 pose={'x_m': -0.45868777462537386, 'y_m': 0.3710807650714356, 'heading_rad': -3.092659233978632}
[base] continuous stop label=search_bin_routine_2_step_0 elapsed=0.083s
[base] stop
[fsm] SEARCHING --TARGET_FOUND--> ALIGNING
[can] backend=detectnet_native no detections
[tag] backend=pupil_apriltags id=0 center=(81.1,126.9) error_x=-0.247 yaw_deg=31.38 height=12.6px height_norm=0.053 margin=40.22 distance=1.1029540293944222
[base] continuous start label=align_bin direction=left requested_speed=0.15 effective_speed=0.15
[visual-turn] label=align_bin direction=left speed=0.15
[can] backend=detectnet_native no detections
[tag] backend=pupil_apriltags id=0 center=(81.1,127.0) error_x=-0.247 yaw_deg=32.17 height=12.8px height_norm=0.053 margin=51.99 distance=1.1015695425086647
[can] backend=detectnet_native no detections
[tag] backend=pupil_apriltags id=0 center=(81.0,127.2) error_x=-0.247 yaw_deg=-59.34 height=12.9px height_norm=0.054 margin=54.79 distance=1.1002939516406494
[can] backend=detectnet_native no detections
[tag] no detections
[map] motion direction=left speed=0.15 effective_seconds=0.20891404151916504 pose={'x_m': -0.45868777462537386, 'y_m': 0.3710807650714356, 'heading_rad': -3.124213215616536}
[base] continuous stop label=align_bin elapsed=0.209s
[base] stop
[can] backend=detectnet_native no detections
[tag] no detections
[base] stop
[can] backend=detectnet_native no detections
[tag] no detections
[base] stop
[can] backend=detectnet_native no detections
[tag] no detections
[base] stop
[can] backend=detectnet_native no detections
[tag] no detections
[base] stop
[can] backend=detectnet_native no detections
[tag] no detections
[base] stop
[can] backend=detectnet_native no detections
[tag] no detections
[base] stop
[can] backend=detectnet_native no detections
[tag] no detections
[base] stop
[fsm] ALIGNING --TARGET_MISSING--> SEARCHING reason=alignment target lost
[can] backend=detectnet_native no detections
[tag] no detections
[base] continuous start label=search_bin_routine_2_step_0 direction=forward requested_speed=0.6 effective_speed=0.6
[can] backend=detectnet_native no detections
[tag] no detections
[map] motion direction=forward speed=0.6 effective_seconds=0.06261825561523438 pose={'x_m': -0.4588006769633597, 'y_m': 0.3645851021656403, 'heading_rad': -3.124213215616536}
[can] backend=detectnet_native no detections
[tag] backend=pupil_apriltags id=0 center=(85.8,126.6) error_x=-0.232 yaw_deg=-61.2 height=12.5px height_norm=0.052 margin=37.77 distance=1.0717831097373092
[map] motion direction=forward speed=0.6 effective_seconds=0.08451128005981445 pose={'x_m': -0.4589530529919025, 'y_m': 0.35581838099763213, 'heading_rad': -3.124213215616536}
[base] continuous stop label=search_bin_routine_2_step_0 elapsed=0.085s
[base] stop
[fsm] SEARCHING --TARGET_FOUND--> ALIGNING
[can] backend=detectnet_native no detections
[tag] no detections
[base] stop
[can] backend=detectnet_native no detections
[tag] no detections
[base] stop
[can] backend=detectnet_native no detections
[tag] backend=pupil_apriltags id=0 center=(85.9,127.6) error_x=-0.232 yaw_deg=-60.64 height=13.1px height_norm=0.055 margin=50.57 distance=1.077253024485408
[base] continuous start label=align_bin direction=left requested_speed=0.15 effective_speed=0.15
[visual-turn] label=align_bin direction=left speed=0.15
[can] backend=detectnet_native no detections
[tag] backend=pupil_apriltags id=0 center=(85.8,127.6) error_x=-0.232 yaw_deg=-60.6 height=13.3px height_norm=0.055 margin=50.07 distance=1.071138152038803
[can] backend=detectnet_native no detections
[tag] backend=pupil_apriltags id=0 center=(85.9,127.7) error_x=-0.231 yaw_deg=-61.29 height=13.2px height_norm=0.055 margin=52.88 distance=1.0652064196441544
[can] backend=detectnet_native detections=1 best_confidence=0.212
[depth] map_can_0_depth mean=3.568 min=3.005 max=4.359
[map] can added id=36 position={'x_m': -0.36617686950048534, 'y_m': 0.011342780073393066}
[tag] backend=pupil_apriltags id=0 center=(86.6,127.5) error_x=-0.229 yaw_deg=-56.9 height=13.4px height_norm=0.056 margin=38.03 distance=1.0672162619033727
[can] backend=detectnet_native no detections
[tag] no detections
[map] motion direction=left speed=0.15 effective_seconds=0.29636240005493164 pose={'x_m': -0.4589530529919025, 'y_m': 0.35581838099763213, 'heading_rad': 3.11421007527397}
[base] continuous stop label=align_bin elapsed=0.296s
[base] stop
[can] backend=detectnet_native no detections
[tag] backend=pupil_apriltags id=0 center=(92.9,126.3) error_x=-0.210 yaw_deg=36.85 height=13.0px height_norm=0.054 margin=44.19 distance=1.0552676796806528
[base] stop
[fsm] ALIGNING --TARGET_ALIGNED--> APPROACHING
[can] backend=detectnet_native no detections
[tag] backend=pupil_apriltags id=0 center=(93.0,126.4) error_x=-0.209 yaw_deg=35.96 height=12.8px height_norm=0.053 margin=45.79 distance=1.0619629679246745
[approach] target=bin mode=pnp_z bbox=0.053/None bbox_ok=False depth_raw=n/a/None depth_ok=False pnp_z=1.039/0.28 pnp_ok=False error_x=-0.209
[base] continuous start label=approach_bin_steer direction=left requested_speed=0.15 effective_speed=0.15
[visual-turn] label=approach_bin_steer direction=left speed=0.15
[can] backend=detectnet_native no detections
[tag] backend=pupil_apriltags id=0 center=(93.0,126.4) error_x=-0.209 yaw_deg=35.53 height=12.9px height_norm=0.054 margin=48.78 distance=1.0560877364055534
[approach] target=bin mode=pnp_z bbox=0.054/None bbox_ok=False depth_raw=n/a/None depth_ok=False pnp_z=1.034/0.28 pnp_ok=False error_x=-0.209
[can] backend=detectnet_native no detections
[tag] no detections
[map] motion direction=left speed=0.15 effective_seconds=0.14887428283691406 pose={'x_m': -0.4589530529919025, 'y_m': 0.35581838099763213, 'heading_rad': 3.091724385212964}
[base] continuous stop label=approach_bin_steer elapsed=0.149s
[base] stop
[can] backend=detectnet_native no detections
[tag] no detections
[base] stop
[can] backend=detectnet_native no detections
[tag] no detections
[base] stop
[can] backend=detectnet_native no detections
[tag] no detections
[base] stop
[can] backend=detectnet_native no detections
[tag] no detections
[base] stop
[fsm] APPROACHING --TARGET_MISSING--> SEARCHING reason=approach target lost
[can] backend=detectnet_native no detections
[tag] no detections
[base] continuous start label=search_bin_routine_2_step_0 direction=forward requested_speed=0.6 effective_speed=0.6
[can] backend=detectnet_native no detections
[tag] no detections
[map] motion direction=forward speed=0.6 effective_seconds=0.06131625175476074 pose={'x_m': -0.4586359444261056, 'y_m': 0.3494647283446025, 'heading_rad': 3.091724385212964}
[can] backend=detectnet_native no detections
[tag] backend=pupil_apriltags id=0 center=(95.9,126.6) error_x=-0.200 yaw_deg=34.75 height=12.7px height_norm=0.053 margin=49.80 distance=1.0541543350481732
[map] motion direction=forward speed=0.6 effective_seconds=0.08491730690002441 pose={'x_m': -0.4581967785503097, 'y_m': 0.3406655102444586, 'heading_rad': 3.091724385212964}
[base] continuous stop label=search_bin_routine_2_step_0 elapsed=0.085s
[base] stop
[fsm] SEARCHING --TARGET_FOUND--> ALIGNING
[can] backend=detectnet_native no detections
[tag] backend=pupil_apriltags id=0 center=(97.1,127.0) error_x=-0.197 yaw_deg=-57.37 height=12.8px height_norm=0.053 margin=42.57 distance=1.0569057930449375
[base] stop
[fsm] ALIGNING --TARGET_ALIGNED--> APPROACHING
[can] backend=detectnet_native no detections
[tag] no detections
[base] stop
[can] backend=detectnet_native no detections
[tag] no detections
[base] stop
[can] backend=detectnet_native no detections
[tag] backend=pupil_apriltags id=0 center=(97.6,126.7) error_x=-0.195 yaw_deg=-53.08 height=13.0px height_norm=0.054 margin=43.05 distance=1.0435670827541264
[approach] target=bin mode=pnp_z bbox=0.054/None bbox_ok=False depth_raw=n/a/None depth_ok=False pnp_z=1.024/0.28 pnp_ok=False error_x=-0.195
[base] continuous start label=approach_bin_steer direction=left requested_speed=0.15 effective_speed=0.15
[visual-turn] label=approach_bin_steer direction=left speed=0.15
[can] backend=detectnet_native no detections
[tag] backend=pupil_apriltags id=0 center=(97.5,126.8) error_x=-0.195 yaw_deg=-52.92 height=12.8px height_norm=0.053 margin=41.29 distance=1.0495837964403285
[approach] target=bin mode=pnp_z bbox=0.053/None bbox_ok=False depth_raw=n/a/None depth_ok=False pnp_z=1.030/0.28 pnp_ok=False error_x=-0.195
[can] backend=detectnet_native no detections
[tag] no detections
[map] motion direction=left speed=0.15 effective_seconds=0.1394972801208496 pose={'x_m': -0.4581967785503097, 'y_m': 0.3406655102444586, 'heading_rad': 3.0706549799041447}
[base] continuous stop label=approach_bin_steer elapsed=0.139s
[base] stop
[can] backend=detectnet_native no detections
[tag] no detections
[base] stop
[can] backend=detectnet_native no detections
[tag] no detections
[base] stop
[can] backend=detectnet_native no detections
[tag] no detections
[base] stop
[can] backend=detectnet_native no detections
[tag] no detections
[base] stop
[fsm] APPROACHING --TARGET_MISSING--> SEARCHING reason=approach target lost
[can] backend=detectnet_native no detections
[tag] no detections
[base] continuous start label=search_bin_routine_2_step_0 direction=forward requested_speed=0.6 effective_speed=0.6
[can] backend=detectnet_native no detections
[tag] no detections
[map] motion direction=forward speed=0.6 effective_seconds=0.06473898887634277 pose={'x_m': -0.45772071310572493, 'y_m': 0.3339657327205474, 'heading_rad': 3.0706549799041447}
[can] backend=detectnet_native no detections
[tag] no detections
[map] motion direction=forward speed=0.6 effective_seconds=0.05837416648864746 pose={'x_m': -0.45729145209927385, 'y_m': 0.32792464472387334, 'heading_rad': 3.0706549799041447}
[can] backend=detectnet_native no detections
[tag] no detections
[map] motion direction=forward speed=0.6 effective_seconds=0.060262203216552734 pose={'x_m': -0.45684830720214326, 'y_m': 0.3216881655687414, 'heading_rad': 3.0706549799041447}
[can] backend=detectnet_native no detections
[tag] no detections
[map] motion direction=forward speed=0.6 effective_seconds=0.063079833984375 pose={'x_m': -0.45638444253988436, 'y_m': 0.3151600924357518, 'heading_rad': 3.0706549799041447}
[can] backend=detectnet_native no detections
[tag] backend=pupil_apriltags id=0 center=(99.4,127.5) error_x=-0.189 yaw_deg=31.69 height=13.6px height_norm=0.057 margin=40.22 distance=1.012325494106694
[map] motion direction=forward speed=0.6 effective_seconds=0.08193111419677734 pose={'x_m': -0.4557819528658501, 'y_m': 0.3066811179115581, 'heading_rad': 3.0706549799041447}
[base] continuous stop label=search_bin_routine_2_step_0 elapsed=0.082s
[base] stop
[fsm] SEARCHING --TARGET_FOUND--> ALIGNING
[can] backend=detectnet_native no detections
[tag] no detections
[base] stop
[can] backend=detectnet_native no detections
[tag] backend=pupil_apriltags id=0 center=(99.4,127.5) error_x=-0.189 yaw_deg=33.25 height=13.7px height_norm=0.057 margin=46.01 distance=0.9880045637289119
[base] stop
[fsm] ALIGNING --TARGET_ALIGNED--> APPROACHING
[can] backend=detectnet_native no detections
[tag] backend=pupil_apriltags id=0 center=(99.3,127.4) error_x=-0.190 yaw_deg=33.88 height=13.7px height_norm=0.057 margin=42.40 distance=0.9844673749213432
[approach] target=bin mode=pnp_z bbox=0.057/None bbox_ok=False depth_raw=n/a/None depth_ok=False pnp_z=0.967/0.28 pnp_ok=False error_x=-0.190
[base] continuous start label=approach_bin_steer direction=left requested_speed=0.15 effective_speed=0.15
[visual-turn] label=approach_bin_steer direction=left speed=0.15
[can] backend=detectnet_native no detections
[tag] no detections
[map] motion direction=left speed=0.15 effective_seconds=0.08075165748596191 pose={'x_m': -0.4557819528658501, 'y_m': 0.3066811179115581, 'heading_rad': 3.058458402311688}
[base] continuous stop label=approach_bin_steer elapsed=0.081s
[base] stop
[can] backend=detectnet_native no detections
[tag] backend=pupil_apriltags id=0 center=(100.5,127.5) error_x=-0.186 yaw_deg=-55.84 height=13.6px height_norm=0.057 margin=40.65 distance=0.9898224311917305
[approach] target=bin mode=pnp_z bbox=0.057/None bbox_ok=False depth_raw=n/a/None depth_ok=False pnp_z=0.973/0.28 pnp_ok=False error_x=-0.186
[base] continuous start label=approach_bin_steer direction=left requested_speed=0.15 effective_speed=0.15
[visual-turn] label=approach_bin_steer direction=left speed=0.15
[can] backend=detectnet_native no detections
[tag] backend=pupil_apriltags id=0 center=(100.5,127.5) error_x=-0.186 yaw_deg=-55.89 height=13.6px height_norm=0.057 margin=43.10 distance=0.9847059349300652
[approach] target=bin mode=pnp_z bbox=0.057/None bbox_ok=False depth_raw=n/a/None depth_ok=False pnp_z=0.968/0.28 pnp_ok=False error_x=-0.186
[can] backend=detectnet_native no detections
[tag] backend=pupil_apriltags id=0 center=(100.5,127.5) error_x=-0.186 yaw_deg=-56.05 height=13.5px height_norm=0.056 margin=42.52 distance=0.9861961686068985
[approach] target=bin mode=pnp_z bbox=0.056/None bbox_ok=False depth_raw=n/a/None depth_ok=False pnp_z=0.970/0.28 pnp_ok=False error_x=-0.186
[can] backend=detectnet_native detections=1 best_confidence=0.210
[depth] map_can_0_depth mean=3.413 min=2.524 max=4.313
[map] can added id=37 position={'x_m': -0.3511852864144954, 'y_m': -0.018236092861303232}
[tag] backend=pupil_apriltags id=0 center=(101.5,127.3) error_x=-0.183 yaw_deg=-54.59 height=14.0px height_norm=0.058 margin=40.17 distance=0.9721182217641601
[approach] target=bin mode=pnp_z bbox=0.058/None bbox_ok=False depth_raw=n/a/None depth_ok=False pnp_z=0.957/0.28 pnp_ok=False error_x=-0.183
[can] backend=detectnet_native detections=1 best_confidence=0.247
[depth] map_can_0_depth mean=3.390 min=2.680 max=4.385
[map] can merged id=37 position={'x_m': -0.35138283001792814, 'y_m': -0.01705682097261052} observations=2
[tag] no detections
[map] motion direction=left speed=0.15 effective_seconds=0.3297286033630371 pose={'x_m': -0.4557819528658501, 'y_m': 0.3066811179115581, 'heading_rad': 3.008656817792274}
[base] continuous stop label=approach_bin_steer elapsed=0.330s
[base] stop
[can] backend=detectnet_native no detections
[tag] no detections
[base] stop
[can] backend=detectnet_native no detections
[tag] no detections
[base] stop
[can] backend=detectnet_native no detections
[tag] backend=pupil_apriltags id=0 center=(108.3,126.5) error_x=-0.162 yaw_deg=-51.43 height=13.2px height_norm=0.055 margin=31.54 distance=0.9888400868414903
[approach] target=bin mode=pnp_z bbox=0.055/None bbox_ok=False depth_raw=n/a/None depth_ok=False pnp_z=0.977/0.28 pnp_ok=False error_x=-0.162
[base] continuous start label=approach_bin_steer direction=left requested_speed=0.15 effective_speed=0.15
[visual-turn] label=approach_bin_steer direction=left speed=0.15
[can] backend=detectnet_native no detections
[tag] backend=pupil_apriltags id=0 center=(108.3,126.5) error_x=-0.162 yaw_deg=-51.31 height=13.1px height_norm=0.055 margin=32.59 distance=0.9893073023447678
[approach] target=bin mode=pnp_z bbox=0.055/None bbox_ok=False depth_raw=n/a/None depth_ok=False pnp_z=0.977/0.28 pnp_ok=False error_x=-0.162
[can] backend=detectnet_native no detections
[tag] no detections
[map] motion direction=left speed=0.15 effective_seconds=0.1448974609375 pose={'x_m': -0.4557819528658501, 'y_m': 0.3066811179115581, 'heading_rad': 2.9867717793881834}
[base] continuous stop label=approach_bin_steer elapsed=0.145s
[base] stop
[can] backend=detectnet_native no detections
[tag] no detections
[base] stop
[can] backend=detectnet_native no detections
[tag] no detections
[base] stop
[can] backend=detectnet_native no detections
[tag] no detections
[base] stop
[can] backend=detectnet_native no detections
[tag] no detections
[base] stop
[fsm] APPROACHING --TARGET_MISSING--> SEARCHING reason=approach target lost
[can] backend=detectnet_native no detections
[tag] no detections
[base] continuous start label=search_bin_routine_2_step_0 direction=forward requested_speed=0.6 effective_speed=0.6
[can] backend=detectnet_native no detections
[tag] no detections
[map] motion direction=forward speed=0.6 effective_seconds=0.06148505210876465 pose={'x_m': -0.4547982797380565, 'y_m': 0.3003783427871362, 'heading_rad': 2.9867717793881834}
[can] backend=detectnet_native no detections
[tag] no detections
[map] motion direction=forward speed=0.6 effective_seconds=0.06371402740478516 pose={'x_m': -0.45377894618506986, 'y_m': 0.29384707749206507, 'heading_rad': 2.9867717793881834}
[can] backend=detectnet_native no detections
[tag] no detections
[map] motion direction=forward speed=0.6 effective_seconds=0.061818599700927734 pose={'x_m': -0.4527899367715938, 'y_m': 0.2875101107162646, 'heading_rad': 2.9867717793881834}
[can] backend=detectnet_native no detections
[tag] backend=pupil_apriltags id=0 center=(111.4,126.8) error_x=-0.152 yaw_deg=-54.82 height=14.3px height_norm=0.060 margin=36.57 distance=0.9557130136299853
[map] motion direction=forward speed=0.6 effective_seconds=0.0835120677947998 pose={'x_m': -0.45145386281347294, 'y_m': 0.27894936683732974, 'heading_rad': 2.9867717793881834}
[base] continuous stop label=search_bin_routine_2_step_0 elapsed=0.084s
[base] stop
[fsm] SEARCHING --TARGET_FOUND--> ALIGNING
[can] backend=detectnet_native no detections
[tag] backend=pupil_apriltags id=0 center=(111.0,127.0) error_x=-0.153 yaw_deg=-49.86 height=14.7px height_norm=0.061 margin=43.30 distance=0.9375158440280202
[base] stop
[fsm] ALIGNING --TARGET_ALIGNED--> APPROACHING
[can] backend=detectnet_native no detections
[tag] backend=pupil_apriltags id=0 center=(111.0,126.8) error_x=-0.153 yaw_deg=-48.94 height=13.9px height_norm=0.058 margin=44.13 distance=0.9489912272110104
[approach] target=bin mode=pnp_z bbox=0.058/None bbox_ok=False depth_raw=n/a/None depth_ok=False pnp_z=0.938/0.28 pnp_ok=False error_x=-0.153
[base] continuous start label=approach_bin_steer direction=left requested_speed=0.15 effective_speed=0.15
[visual-turn] label=approach_bin_steer direction=left speed=0.15
[can] backend=detectnet_native no detections
[tag] no detections
[map] motion direction=left speed=0.15 effective_seconds=0.07870650291442871 pose={'x_m': -0.45145386281347294, 'y_m': 0.27894936683732974, 'heading_rad': 2.9748840980734848}
[base] continuous stop label=approach_bin_steer elapsed=0.079s
[base] stop
[can] backend=detectnet_native no detections
[tag] backend=pupil_apriltags id=0 center=(111.4,127.0) error_x=-0.152 yaw_deg=-55.01 height=14.6px height_norm=0.061 margin=44.01 distance=0.9293496945405859
[approach] target=bin mode=pnp_z bbox=0.061/None bbox_ok=False depth_raw=n/a/None depth_ok=False pnp_z=0.919/0.28 pnp_ok=False error_x=-0.152
[base] continuous start label=approach_bin_steer direction=left requested_speed=0.15 effective_speed=0.15
[visual-turn] label=approach_bin_steer direction=left speed=0.15
[can] backend=detectnet_native no detections
[tag] backend=pupil_apriltags id=0 center=(111.3,126.9) error_x=-0.152 yaw_deg=-55.1 height=14.6px height_norm=0.061 margin=37.87 distance=0.9289717695874246
[approach] target=bin mode=pnp_z bbox=0.061/None bbox_ok=False depth_raw=n/a/None depth_ok=False pnp_z=0.919/0.28 pnp_ok=False error_x=-0.152
[can] backend=detectnet_native no detections
[tag] backend=pupil_apriltags id=0 center=(112.0,127.0) error_x=-0.150 yaw_deg=-51.04 height=14.6px height_norm=0.061 margin=38.11 distance=0.9312575214264552
[approach] target=bin mode=pnp_z bbox=0.061/None bbox_ok=False depth_raw=n/a/None depth_ok=False pnp_z=0.921/0.28 pnp_ok=False error_x=-0.150
[can] backend=detectnet_native no detections
[tag] no detections
[map] motion direction=left speed=0.15 effective_seconds=0.20512890815734863 pose={'x_m': -0.45145386281347294, 'y_m': 0.27894936683732974, 'heading_rad': 2.9439018158183856}
[base] continuous stop label=approach_bin_steer elapsed=0.205s
[base] stop
[can] backend=detectnet_native no detections
[tag] backend=pupil_apriltags id=0 center=(117.0,126.9) error_x=-0.134 yaw_deg=-48.08 height=14.3px height_norm=0.059 margin=36.84 distance=0.9350115100621369
[approach] target=bin mode=pnp_z bbox=0.059/None bbox_ok=False depth_raw=n/a/None depth_ok=False pnp_z=0.927/0.28 pnp_ok=False error_x=-0.134
[base] continuous start label=approach_bin_steer direction=left requested_speed=0.15 effective_speed=0.15
[visual-turn] label=approach_bin_steer direction=left speed=0.15
[can] backend=detectnet_native no detections
[tag] backend=pupil_apriltags id=0 center=(117.0,126.9) error_x=-0.134 yaw_deg=-47.75 height=14.2px height_norm=0.059 margin=35.71 distance=0.9386388775389478
[approach] target=bin mode=pnp_z bbox=0.059/None bbox_ok=False depth_raw=n/a/None depth_ok=False pnp_z=0.931/0.28 pnp_ok=False error_x=-0.134
[can] backend=detectnet_native no detections
[tag] backend=pupil_apriltags id=0 center=(117.1,126.9) error_x=-0.134 yaw_deg=-48.19 height=14.2px height_norm=0.059 margin=39.23 distance=0.9362578828191239
[approach] target=bin mode=pnp_z bbox=0.059/None bbox_ok=False depth_raw=n/a/None depth_ok=False pnp_z=0.928/0.28 pnp_ok=False error_x=-0.134
[can] backend=detectnet_native no detections
[tag] backend=pupil_apriltags id=0 center=(118.3,126.7) error_x=-0.130 yaw_deg=-47.99 height=13.8px height_norm=0.057 margin=44.96 distance=0.9519091862413569
[approach] target=bin mode=pnp_z bbox=0.057/None bbox_ok=False depth_raw=n/a/None depth_ok=False pnp_z=0.944/0.28 pnp_ok=False error_x=-0.130
[can] backend=detectnet_native detections=1 best_confidence=0.308
[depth] map_can_0_depth mean=3.039 min=2.097 max=5.080
[map] can added id=38 position={'x_m': -0.3411061669226168, 'y_m': -0.004256176113345389}
[tag] backend=pupil_apriltags id=0 center=(120.2,126.2) error_x=-0.124 yaw_deg=-46.43 height=14.0px height_norm=0.058 margin=34.25 distance=0.9522993509220508
[approach] target=bin mode=pnp_z bbox=0.058/None bbox_ok=False depth_raw=n/a/None depth_ok=False pnp_z=0.945/0.28 pnp_ok=False error_x=-0.124
[can] backend=detectnet_native no detections
[tag] no detections
[map] motion direction=left speed=0.15 effective_seconds=0.36515045166015625 pose={'x_m': -0.45145386281347294, 'y_m': 0.27894936683732974, 'heading_rad': 2.888750182338068}
[base] continuous stop label=approach_bin_steer elapsed=0.365s
[base] stop
[can] backend=detectnet_native no detections
[tag] backend=pupil_apriltags id=0 center=(127.5,125.6) error_x=-0.101 yaw_deg=34.65 height=13.9px height_norm=0.058 margin=34.23 distance=0.9419201982938264
[approach] target=bin mode=pnp_z bbox=0.058/None bbox_ok=False depth_raw=n/a/None depth_ok=False pnp_z=0.938/0.28 pnp_ok=False error_x=-0.101
[base] continuous start label=approach_bin_steer direction=left requested_speed=0.15 effective_speed=0.15
[visual-turn] label=approach_bin_steer direction=left speed=0.15
[can] backend=detectnet_native no detections
[tag] backend=pupil_apriltags id=0 center=(127.6,125.7) error_x=-0.101 yaw_deg=33.36 height=14.1px height_norm=0.059 margin=39.44 distance=0.9423968009783441
[approach] target=bin mode=pnp_z bbox=0.059/None bbox_ok=False depth_raw=n/a/None depth_ok=False pnp_z=0.938/0.28 pnp_ok=False error_x=-0.101
[can] backend=detectnet_native no detections
[tag] backend=pupil_apriltags id=0 center=(128.1,125.7) error_x=-0.100 yaw_deg=36.37 height=14.2px height_norm=0.059 margin=41.69 distance=0.9395738032090095
[approach] target=bin mode=pnp_z bbox=0.059/None bbox_ok=False depth_raw=n/a/None depth_ok=False pnp_z=0.935/0.28 pnp_ok=False error_x=-0.100
[map] motion direction=left speed=0.15 effective_seconds=0.1417522430419922 pose={'x_m': -0.45145386281347294, 'y_m': 0.27894936683732974, 'heading_rad': 2.8673401916952495}
[base] continuous stop label=approach_bin_steer elapsed=0.142s
[base] stop
[base] continuous start label=approach_bin_forward direction=forward requested_speed=0.6 effective_speed=0.6
[can] backend=detectnet_native no detections
[tag] backend=pupil_apriltags id=0 center=(129.9,125.7) error_x=-0.094 yaw_deg=34.23 height=14.0px height_norm=0.058 margin=38.35 distance=0.9378307868849358
[approach] target=bin mode=pnp_z bbox=0.058/None bbox_ok=False depth_raw=n/a/None depth_ok=False pnp_z=0.934/0.28 pnp_ok=False error_x=-0.094
[can] backend=detectnet_native no detections
[tag] backend=pupil_apriltags id=0 center=(132.0,125.8) error_x=-0.088 yaw_deg=35.37 height=14.0px height_norm=0.058 margin=39.99 distance=0.9452186303756485
[approach] target=bin mode=pnp_z bbox=0.058/None bbox_ok=False depth_raw=n/a/None depth_ok=False pnp_z=0.942/0.28 pnp_ok=False error_x=-0.088
[can] backend=detectnet_native no detections
[tag] backend=pupil_apriltags id=0 center=(132.0,125.8) error_x=-0.088 yaw_deg=-44.46 height=13.8px height_norm=0.058 margin=41.21 distance=0.9266122077398463
[approach] target=bin mode=pnp_z bbox=0.058/None bbox_ok=False depth_raw=n/a/None depth_ok=False pnp_z=0.924/0.28 pnp_ok=False error_x=-0.088
[can] backend=detectnet_native no detections
[tag] backend=pupil_apriltags id=0 center=(131.9,125.8) error_x=-0.088 yaw_deg=-46.8 height=13.9px height_norm=0.058 margin=42.52 distance=0.9150301318313988
[approach] target=bin mode=pnp_z bbox=0.058/None bbox_ok=False depth_raw=n/a/None depth_ok=False pnp_z=0.912/0.28 pnp_ok=False error_x=-0.088
[can] backend=detectnet_native no detections
[tag] backend=pupil_apriltags id=0 center=(131.9,125.9) error_x=-0.088 yaw_deg=-47.0 height=14.0px height_norm=0.058 margin=45.19 distance=0.9120875684558277
[approach] target=bin mode=pnp_z bbox=0.058/None bbox_ok=False depth_raw=n/a/None depth_ok=False pnp_z=0.909/0.28 pnp_ok=False error_x=-0.088
[can] backend=detectnet_native no detections
[tag] backend=pupil_apriltags id=0 center=(131.8,125.5) error_x=-0.088 yaw_deg=35.42 height=14.4px height_norm=0.060 margin=45.60 distance=0.902715269548632
[approach] target=bin mode=pnp_z bbox=0.060/None bbox_ok=False depth_raw=n/a/None depth_ok=False pnp_z=0.900/0.28 pnp_ok=False error_x=-0.088
[can] backend=detectnet_native no detections
[tag] backend=pupil_apriltags id=0 center=(132.1,126.5) error_x=-0.087 yaw_deg=-46.96 height=15.2px height_norm=0.063 margin=47.52 distance=0.8910583643976899
[approach] target=bin mode=pnp_z bbox=0.063/None bbox_ok=False depth_raw=n/a/None depth_ok=False pnp_z=0.888/0.28 pnp_ok=False error_x=-0.087
[can] backend=detectnet_native no detections
[tag] backend=pupil_apriltags id=0 center=(132.6,126.9) error_x=-0.086 yaw_deg=-43.01 height=15.0px height_norm=0.063 margin=32.93 distance=0.8801357125455741
[approach] target=bin mode=pnp_z bbox=0.063/None bbox_ok=False depth_raw=n/a/None depth_ok=False pnp_z=0.877/0.28 pnp_ok=False error_x=-0.086
[can] backend=detectnet_native no detections
[tag] backend=pupil_apriltags id=0 center=(132.4,126.6) error_x=-0.086 yaw_deg=34.92 height=15.6px height_norm=0.065 margin=41.68 distance=0.862210316055854
[approach] target=bin mode=pnp_z bbox=0.065/None bbox_ok=False depth_raw=n/a/None depth_ok=False pnp_z=0.859/0.28 pnp_ok=False error_x=-0.086
[can] backend=detectnet_native no detections
[tag] backend=pupil_apriltags id=0 center=(132.6,127.3) error_x=-0.086 yaw_deg=-44.59 height=14.9px height_norm=0.062 margin=38.71 distance=0.8565476240939633
[approach] target=bin mode=pnp_z bbox=0.062/None bbox_ok=False depth_raw=n/a/None depth_ok=False pnp_z=0.854/0.28 pnp_ok=False error_x=-0.086
[can] backend=detectnet_native no detections
[tag] backend=pupil_apriltags id=0 center=(133.3,127.4) error_x=-0.084 yaw_deg=-42.41 height=15.3px height_norm=0.064 margin=41.86 distance=0.8512217733475683
[approach] target=bin mode=pnp_z bbox=0.064/None bbox_ok=False depth_raw=n/a/None depth_ok=False pnp_z=0.849/0.28 pnp_ok=False error_x=-0.084
[can] backend=detectnet_native no detections
[tag] backend=pupil_apriltags id=0 center=(133.4,127.8) error_x=-0.083 yaw_deg=-46.41 height=15.9px height_norm=0.066 margin=49.02 distance=0.8205063132353433
[approach] target=bin mode=pnp_z bbox=0.066/None bbox_ok=False depth_raw=n/a/None depth_ok=False pnp_z=0.818/0.28 pnp_ok=False error_x=-0.083
[can] backend=detectnet_native detections=1 best_confidence=0.244
[depth] map_can_0_depth mean=2.678 min=2.009 max=3.267
[map] can added id=39 position={'x_m': -0.34168682966316083, 'y_m': 0.034649099255146365}
[tag] backend=pupil_apriltags id=0 center=(133.9,128.1) error_x=-0.082 yaw_deg=-43.88 height=17.0px height_norm=0.071 margin=43.86 distance=0.7989088262978524
[approach] target=bin mode=pnp_z bbox=0.071/None bbox_ok=False depth_raw=n/a/None depth_ok=False pnp_z=0.797/0.28 pnp_ok=False error_x=-0.082
[can] backend=detectnet_native no detections
[tag] backend=pupil_apriltags id=0 center=(134.2,128.2) error_x=-0.081 yaw_deg=35.44 height=16.4px height_norm=0.068 margin=37.34 distance=0.8068162185953797
[approach] target=bin mode=pnp_z bbox=0.068/None bbox_ok=False depth_raw=n/a/None depth_ok=False pnp_z=0.805/0.28 pnp_ok=False error_x=-0.081
[can] backend=detectnet_native no detections
[tag] backend=pupil_apriltags id=0 center=(135.0,128.8) error_x=-0.078 yaw_deg=-41.66 height=16.3px height_norm=0.068 margin=44.62 distance=0.7963110566280546
[approach] target=bin mode=pnp_z bbox=0.068/None bbox_ok=False depth_raw=n/a/None depth_ok=False pnp_z=0.794/0.28 pnp_ok=False error_x=-0.078
[can] backend=detectnet_native detections=1 best_confidence=0.207
[depth] map_can_0_depth mean=2.516 min=2.066 max=2.945
[map] can added id=40 position={'x_m': -0.34879419911877485, 'y_m': 0.04921168075750862}
[tag] backend=pupil_apriltags id=0 center=(135.7,129.9) error_x=-0.076 yaw_deg=-41.0 height=17.1px height_norm=0.071 margin=46.08 distance=0.7816193100203553
[approach] target=bin mode=pnp_z bbox=0.071/None bbox_ok=False depth_raw=n/a/None depth_ok=False pnp_z=0.780/0.28 pnp_ok=False error_x=-0.076
[can] backend=detectnet_native no detections
[tag] backend=pupil_apriltags id=0 center=(136.2,130.2) error_x=-0.074 yaw_deg=-43.08 height=16.8px height_norm=0.070 margin=45.76 distance=0.7664053880851517
[approach] target=bin mode=pnp_z bbox=0.070/None bbox_ok=False depth_raw=n/a/None depth_ok=False pnp_z=0.765/0.28 pnp_ok=False error_x=-0.074
[can] backend=detectnet_native no detections
[tag] backend=pupil_apriltags id=0 center=(136.4,130.4) error_x=-0.074 yaw_deg=-42.4 height=17.6px height_norm=0.073 margin=50.17 distance=0.7481376084501775
[approach] target=bin mode=pnp_z bbox=0.073/None bbox_ok=False depth_raw=n/a/None depth_ok=False pnp_z=0.746/0.28 pnp_ok=False error_x=-0.074
[can] backend=detectnet_native no detections
[tag] backend=pupil_apriltags id=0 center=(136.3,130.7) error_x=-0.074 yaw_deg=-43.52 height=18.0px height_norm=0.075 margin=51.28 distance=0.7373337820449527
[approach] target=bin mode=pnp_z bbox=0.075/None bbox_ok=False depth_raw=n/a/None depth_ok=False pnp_z=0.736/0.28 pnp_ok=False error_x=-0.074
[can] backend=detectnet_native no detections
[tag] backend=pupil_apriltags id=0 center=(136.0,131.5) error_x=-0.075 yaw_deg=-41.72 height=18.2px height_norm=0.076 margin=45.24 distance=0.7302796031770936
[approach] target=bin mode=pnp_z bbox=0.076/None bbox_ok=False depth_raw=n/a/None depth_ok=False pnp_z=0.728/0.28 pnp_ok=False error_x=-0.075
[can] backend=detectnet_native no detections
[tag] backend=pupil_apriltags id=0 center=(135.6,132.2) error_x=-0.076 yaw_deg=-42.4 height=18.3px height_norm=0.076 margin=44.35 distance=0.727153104886215
[approach] target=bin mode=pnp_z bbox=0.076/None bbox_ok=False depth_raw=n/a/None depth_ok=False pnp_z=0.725/0.28 pnp_ok=False error_x=-0.076
[can] backend=detectnet_native no detections
[tag] backend=pupil_apriltags id=0 center=(136.0,132.5) error_x=-0.075 yaw_deg=-38.48 height=18.5px height_norm=0.077 margin=51.49 distance=0.7185488302148095
[approach] target=bin mode=pnp_z bbox=0.077/None bbox_ok=False depth_raw=n/a/None depth_ok=False pnp_z=0.717/0.28 pnp_ok=False error_x=-0.075
[can] backend=detectnet_native no detections
[tag] backend=pupil_apriltags id=0 center=(136.0,133.2) error_x=-0.075 yaw_deg=-40.27 height=18.6px height_norm=0.077 margin=51.85 distance=0.702456445737959
[approach] target=bin mode=pnp_z bbox=0.077/None bbox_ok=False depth_raw=n/a/None depth_ok=False pnp_z=0.701/0.28 pnp_ok=False error_x=-0.075
[can] backend=detectnet_native no detections
[tag] backend=pupil_apriltags id=0 center=(136.3,133.6) error_x=-0.074 yaw_deg=-41.79 height=19.9px height_norm=0.083 margin=52.08 distance=0.6759109454442078
[approach] target=bin mode=pnp_z bbox=0.083/None bbox_ok=False depth_raw=n/a/None depth_ok=False pnp_z=0.674/0.28 pnp_ok=False error_x=-0.074
[can] backend=detectnet_native no detections
[tag] backend=pupil_apriltags id=0 center=(137.0,134.1) error_x=-0.072 yaw_deg=-43.35 height=19.7px height_norm=0.082 margin=52.06 distance=0.6727577978172118
[approach] target=bin mode=pnp_z bbox=0.082/None bbox_ok=False depth_raw=n/a/None depth_ok=False pnp_z=0.671/0.28 pnp_ok=False error_x=-0.072
[can] backend=detectnet_native no detections
[tag] backend=pupil_apriltags id=0 center=(138.1,134.8) error_x=-0.068 yaw_deg=-44.24 height=19.8px height_norm=0.082 margin=50.32 distance=0.6619544018818337
[approach] target=bin mode=pnp_z bbox=0.082/None bbox_ok=False depth_raw=n/a/None depth_ok=False pnp_z=0.660/0.28 pnp_ok=False error_x=-0.068
[can] backend=detectnet_native no detections
[tag] backend=pupil_apriltags id=0 center=(138.0,135.1) error_x=-0.069 yaw_deg=-45.25 height=20.8px height_norm=0.087 margin=49.31 distance=0.6439753338320425
[approach] target=bin mode=pnp_z bbox=0.087/None bbox_ok=False depth_raw=n/a/None depth_ok=False pnp_z=0.642/0.28 pnp_ok=False error_x=-0.069
[can] backend=detectnet_native no detections
[tag] backend=pupil_apriltags id=0 center=(138.5,135.5) error_x=-0.067 yaw_deg=-44.65 height=21.3px height_norm=0.089 margin=48.62 distance=0.6290975577099251
[approach] target=bin mode=pnp_z bbox=0.089/None bbox_ok=False depth_raw=n/a/None depth_ok=False pnp_z=0.628/0.28 pnp_ok=False error_x=-0.067
[can] backend=detectnet_native no detections
[tag] backend=pupil_apriltags id=0 center=(138.9,135.9) error_x=-0.066 yaw_deg=-42.0 height=21.5px height_norm=0.089 margin=53.56 distance=0.6197887109111627
[approach] target=bin mode=pnp_z bbox=0.089/None bbox_ok=False depth_raw=n/a/None depth_ok=False pnp_z=0.618/0.28 pnp_ok=False error_x=-0.066
[can] backend=detectnet_native no detections
[tag] backend=pupil_apriltags id=0 center=(139.0,136.4) error_x=-0.066 yaw_deg=-40.02 height=21.9px height_norm=0.091 margin=41.90 distance=0.6136676426539297
[approach] target=bin mode=pnp_z bbox=0.091/None bbox_ok=False depth_raw=n/a/None depth_ok=False pnp_z=0.612/0.28 pnp_ok=False error_x=-0.066
[can] backend=detectnet_native no detections
[tag] backend=pupil_apriltags id=0 center=(138.9,136.9) error_x=-0.066 yaw_deg=-41.85 height=22.2px height_norm=0.092 margin=45.49 distance=0.6078050103515874
[approach] target=bin mode=pnp_z bbox=0.092/None bbox_ok=False depth_raw=n/a/None depth_ok=False pnp_z=0.606/0.28 pnp_ok=False error_x=-0.066
[can] backend=detectnet_native no detections
[tag] backend=pupil_apriltags id=0 center=(139.9,137.7) error_x=-0.063 yaw_deg=-41.29 height=22.2px height_norm=0.092 margin=52.63 distance=0.6003947052406738
[approach] target=bin mode=pnp_z bbox=0.092/None bbox_ok=False depth_raw=n/a/None depth_ok=False pnp_z=0.599/0.28 pnp_ok=False error_x=-0.063
[can] backend=detectnet_native no detections
[tag] backend=pupil_apriltags id=0 center=(139.6,137.9) error_x=-0.064 yaw_deg=-39.81 height=22.7px height_norm=0.094 margin=52.66 distance=0.5884488867082749
[approach] target=bin mode=pnp_z bbox=0.094/None bbox_ok=False depth_raw=n/a/None depth_ok=False pnp_z=0.587/0.28 pnp_ok=False error_x=-0.064
[can] backend=detectnet_native no detections
[tag] backend=pupil_apriltags id=0 center=(140.2,138.2) error_x=-0.062 yaw_deg=-40.4 height=23.6px height_norm=0.098 margin=48.97 distance=0.5668376911242758
[approach] target=bin mode=pnp_z bbox=0.098/None bbox_ok=False depth_raw=n/a/None depth_ok=False pnp_z=0.566/0.28 pnp_ok=False error_x=-0.062
[can] backend=detectnet_native no detections
[tag] backend=pupil_apriltags id=0 center=(140.4,138.8) error_x=-0.061 yaw_deg=-43.3 height=24.2px height_norm=0.101 margin=51.82 distance=0.5563947120830941
[approach] target=bin mode=pnp_z bbox=0.101/None bbox_ok=False depth_raw=n/a/None depth_ok=False pnp_z=0.555/0.28 pnp_ok=False error_x=-0.061
[can] backend=detectnet_native no detections
[tag] backend=pupil_apriltags id=0 center=(141.7,139.0) error_x=-0.057 yaw_deg=-42.28 height=24.9px height_norm=0.104 margin=53.18 distance=0.5440947525585751
[approach] target=bin mode=pnp_z bbox=0.104/None bbox_ok=False depth_raw=n/a/None depth_ok=False pnp_z=0.543/0.28 pnp_ok=False error_x=-0.057
[can] backend=detectnet_native no detections
[tag] backend=pupil_apriltags id=0 center=(142.0,140.3) error_x=-0.056 yaw_deg=-41.01 height=24.9px height_norm=0.104 margin=53.15 distance=0.5388527486520576
[approach] target=bin mode=pnp_z bbox=0.104/None bbox_ok=False depth_raw=n/a/None depth_ok=False pnp_z=0.538/0.28 pnp_ok=False error_x=-0.056
[can] backend=detectnet_native no detections
[tag] backend=pupil_apriltags id=0 center=(142.5,141.2) error_x=-0.055 yaw_deg=-39.45 height=26.0px height_norm=0.108 margin=53.17 distance=0.5196189126429313
[approach] target=bin mode=pnp_z bbox=0.108/None bbox_ok=False depth_raw=n/a/None depth_ok=False pnp_z=0.518/0.28 pnp_ok=False error_x=-0.055
[can] backend=detectnet_native no detections
[tag] backend=pupil_apriltags id=0 center=(143.2,141.7) error_x=-0.052 yaw_deg=-39.0 height=26.3px height_norm=0.110 margin=53.37 distance=0.5134931436210275
[approach] target=bin mode=pnp_z bbox=0.110/None bbox_ok=False depth_raw=n/a/None depth_ok=False pnp_z=0.512/0.28 pnp_ok=False error_x=-0.052
[can] backend=detectnet_native no detections
[tag] backend=pupil_apriltags id=0 center=(143.3,142.2) error_x=-0.052 yaw_deg=-40.13 height=27.3px height_norm=0.114 margin=51.90 distance=0.5007390906507714
[approach] target=bin mode=pnp_z bbox=0.114/None bbox_ok=False depth_raw=n/a/None depth_ok=False pnp_z=0.500/0.28 pnp_ok=False error_x=-0.052
[can] backend=detectnet_native no detections
[tag] backend=pupil_apriltags id=0 center=(144.7,143.5) error_x=-0.048 yaw_deg=-40.24 height=27.6px height_norm=0.115 margin=53.80 distance=0.48772029675475403
[approach] target=bin mode=pnp_z bbox=0.115/None bbox_ok=False depth_raw=n/a/None depth_ok=False pnp_z=0.487/0.28 pnp_ok=False error_x=-0.048
[can] backend=detectnet_native no detections
[tag] backend=pupil_apriltags id=0 center=(145.6,144.4) error_x=-0.045 yaw_deg=-39.95 height=28.4px height_norm=0.118 margin=54.30 distance=0.472438209416452
[approach] target=bin mode=pnp_z bbox=0.118/None bbox_ok=False depth_raw=n/a/None depth_ok=False pnp_z=0.471/0.28 pnp_ok=False error_x=-0.045
[can] backend=detectnet_native no detections
[tag] backend=pupil_apriltags id=0 center=(145.6,145.2) error_x=-0.045 yaw_deg=-41.49 height=28.9px height_norm=0.120 margin=54.58 distance=0.4659404327712927
[approach] target=bin mode=pnp_z bbox=0.120/None bbox_ok=False depth_raw=n/a/None depth_ok=False pnp_z=0.465/0.28 pnp_ok=False error_x=-0.045
[can] backend=detectnet_native no detections
[tag] backend=pupil_apriltags id=0 center=(146.0,145.8) error_x=-0.044 yaw_deg=-40.97 height=29.9px height_norm=0.125 margin=55.03 distance=0.4528403986843613
[approach] target=bin mode=pnp_z bbox=0.125/None bbox_ok=False depth_raw=n/a/None depth_ok=False pnp_z=0.452/0.28 pnp_ok=False error_x=-0.044
[can] backend=detectnet_native no detections
[tag] backend=pupil_apriltags id=0 center=(146.0,147.2) error_x=-0.044 yaw_deg=-40.25 height=31.0px height_norm=0.129 margin=54.37 distance=0.44174726293753874
[approach] target=bin mode=pnp_z bbox=0.129/None bbox_ok=False depth_raw=n/a/None depth_ok=False pnp_z=0.440/0.28 pnp_ok=False error_x=-0.044
[can] backend=detectnet_native no detections
[tag] backend=pupil_apriltags id=0 center=(146.3,148.6) error_x=-0.043 yaw_deg=-40.87 height=31.4px height_norm=0.131 margin=53.40 distance=0.433728489135193
[approach] target=bin mode=pnp_z bbox=0.131/None bbox_ok=False depth_raw=n/a/None depth_ok=False pnp_z=0.432/0.28 pnp_ok=False error_x=-0.043
[can] backend=detectnet_native no detections
[tag] backend=pupil_apriltags id=0 center=(146.3,149.5) error_x=-0.043 yaw_deg=-40.08 height=32.2px height_norm=0.134 margin=53.13 distance=0.42448631672883713
[approach] target=bin mode=pnp_z bbox=0.134/None bbox_ok=False depth_raw=n/a/None depth_ok=False pnp_z=0.423/0.28 pnp_ok=False error_x=-0.043
[can] backend=detectnet_native no detections
[tag] backend=pupil_apriltags id=0 center=(146.0,151.1) error_x=-0.044 yaw_deg=-38.46 height=33.3px height_norm=0.139 margin=52.26 distance=0.4169153150188562
[approach] target=bin mode=pnp_z bbox=0.139/None bbox_ok=False depth_raw=n/a/None depth_ok=False pnp_z=0.415/0.28 pnp_ok=False error_x=-0.044
[can] backend=detectnet_native no detections
[tag] backend=pupil_apriltags id=0 center=(146.3,152.7) error_x=-0.043 yaw_deg=-40.29 height=34.4px height_norm=0.143 margin=51.75 distance=0.39998057461531716
[approach] target=bin mode=pnp_z bbox=0.143/None bbox_ok=False depth_raw=n/a/None depth_ok=False pnp_z=0.398/0.28 pnp_ok=False error_x=-0.043
[can] backend=detectnet_native no detections
[tag] backend=pupil_apriltags id=0 center=(145.9,154.2) error_x=-0.044 yaw_deg=-39.4 height=35.4px height_norm=0.148 margin=52.23 distance=0.3888400008042331
[approach] target=bin mode=pnp_z bbox=0.148/None bbox_ok=False depth_raw=n/a/None depth_ok=False pnp_z=0.387/0.28 pnp_ok=False error_x=-0.044
[can] backend=detectnet_native no detections
[tag] backend=pupil_apriltags id=0 center=(146.1,155.7) error_x=-0.043 yaw_deg=-39.59 height=36.7px height_norm=0.153 margin=51.56 distance=0.37748281585109583
[approach] target=bin mode=pnp_z bbox=0.153/None bbox_ok=False depth_raw=n/a/None depth_ok=False pnp_z=0.376/0.28 pnp_ok=False error_x=-0.043
[can] backend=detectnet_native no detections
[tag] backend=pupil_apriltags id=0 center=(145.9,157.4) error_x=-0.044 yaw_deg=-38.89 height=38.0px height_norm=0.158 margin=51.39 distance=0.36750623920999353
[approach] target=bin mode=pnp_z bbox=0.158/None bbox_ok=False depth_raw=n/a/None depth_ok=False pnp_z=0.365/0.28 pnp_ok=False error_x=-0.044
[can] backend=detectnet_native no detections
[tag] backend=pupil_apriltags id=0 center=(145.5,159.4) error_x=-0.045 yaw_deg=-38.57 height=39.7px height_norm=0.165 margin=51.51 distance=0.35349975752339596
[approach] target=bin mode=pnp_z bbox=0.165/None bbox_ok=False depth_raw=n/a/None depth_ok=False pnp_z=0.351/0.28 pnp_ok=False error_x=-0.045
[can] backend=detectnet_native no detections
[tag] backend=pupil_apriltags id=0 center=(145.3,160.0) error_x=-0.046 yaw_deg=-39.58 height=40.4px height_norm=0.168 margin=51.39 distance=0.34723098564963245
[approach] target=bin mode=pnp_z bbox=0.168/None bbox_ok=False depth_raw=n/a/None depth_ok=False pnp_z=0.345/0.28 pnp_ok=False error_x=-0.046
[can] backend=detectnet_native no detections
[tag] backend=pupil_apriltags id=0 center=(144.9,162.2) error_x=-0.047 yaw_deg=-38.25 height=41.7px height_norm=0.174 margin=50.62 distance=0.3405624201110557
[approach] target=bin mode=pnp_z bbox=0.174/None bbox_ok=False depth_raw=n/a/None depth_ok=False pnp_z=0.338/0.28 pnp_ok=False error_x=-0.047
[can] backend=detectnet_native no detections
[tag] backend=pupil_apriltags id=0 center=(145.0,164.9) error_x=-0.047 yaw_deg=-38.52 height=44.2px height_norm=0.184 margin=50.86 distance=0.32156486692945835
[approach] target=bin mode=pnp_z bbox=0.184/None bbox_ok=False depth_raw=n/a/None depth_ok=False pnp_z=0.319/0.28 pnp_ok=False error_x=-0.047
[can] backend=detectnet_native no detections
[tag] backend=pupil_apriltags id=0 center=(144.9,167.4) error_x=-0.047 yaw_deg=-38.32 height=45.8px height_norm=0.191 margin=49.83 distance=0.3112837666343111
[approach] target=bin mode=pnp_z bbox=0.191/None bbox_ok=False depth_raw=n/a/None depth_ok=False pnp_z=0.308/0.28 pnp_ok=False error_x=-0.047
[can] backend=detectnet_native no detections
[tag] backend=pupil_apriltags id=0 center=(145.1,168.0) error_x=-0.047 yaw_deg=-38.42 height=47.0px height_norm=0.196 margin=49.96 distance=0.3047940614855422
[approach] target=bin mode=pnp_z bbox=0.196/None bbox_ok=False depth_raw=n/a/None depth_ok=False pnp_z=0.302/0.28 pnp_ok=False error_x=-0.047
[can] backend=detectnet_native no detections
[tag] backend=pupil_apriltags id=0 center=(144.5,170.9) error_x=-0.049 yaw_deg=-37.6 height=48.6px height_norm=0.203 margin=49.08 distance=0.2969061745787385
[approach] target=bin mode=pnp_z bbox=0.203/None bbox_ok=False depth_raw=n/a/None depth_ok=False pnp_z=0.294/0.28 pnp_ok=False error_x=-0.049
[can] backend=detectnet_native no detections
[tag] backend=pupil_apriltags id=0 center=(144.2,173.4) error_x=-0.049 yaw_deg=-37.65 height=50.5px height_norm=0.210 margin=49.67 distance=0.2862914284087505
[approach] target=bin mode=pnp_z bbox=0.210/None bbox_ok=False depth_raw=n/a/None depth_ok=False pnp_z=0.283/0.28 pnp_ok=False error_x=-0.049
[can] backend=detectnet_native no detections
[tag] backend=pupil_apriltags id=0 center=(144.3,175.7) error_x=-0.049 yaw_deg=-37.39 height=52.4px height_norm=0.218 margin=49.04 distance=0.27521648528784864
[approach] target=bin mode=pnp_z bbox=0.218/None bbox_ok=False depth_raw=n/a/None depth_ok=False pnp_z=0.272/0.28 pnp_ok=True error_x=-0.049
[map] motion direction=forward speed=0.6 effective_seconds=3.9742417335510254 pose={'x_m': -0.33978425161238734, 'y_m': -0.11796867387641446, 'heading_rad': 2.8673401916952495}
[base] continuous stop label=approach_bin_forward elapsed=3.974s
[base] stop
[fsm] APPROACHING --TARGET_REACHED--> FINAL_VERIFY
[can] backend=detectnet_native no detections
[tag] backend=pupil_apriltags id=0 center=(144.1,179.8) error_x=-0.050 yaw_deg=-37.13 height=55.9px height_norm=0.233 margin=49.29 distance=0.26038577104209765
[base] continuous start label=align_bin direction=right requested_speed=0.15 effective_speed=0.15
[visual-turn] label=align_bin direction=right speed=0.15
[can] backend=detectnet_native no detections
[tag] backend=pupil_apriltags id=0 center=(144.1,183.4) error_x=-0.050 yaw_deg=-36.73 height=58.2px height_norm=0.243 margin=48.96 distance=0.251312148075182
[can] backend=detectnet_native no detections
[tag] backend=pupil_apriltags id=0 center=(144.6,184.3) error_x=-0.048 yaw_deg=-36.86 height=58.9px height_norm=0.246 margin=48.36 distance=0.24761604475415933
[can] backend=detectnet_native no detections
[tag] backend=pupil_apriltags id=0 center=(144.5,183.9) error_x=-0.048 yaw_deg=-36.62 height=58.5px height_norm=0.244 margin=49.16 distance=0.2497498651295981
[can] backend=detectnet_native no detections
[tag] backend=pupil_apriltags id=0 center=(144.5,183.9) error_x=-0.049 yaw_deg=-36.96 height=58.4px height_norm=0.243 margin=48.95 distance=0.2504623199421113
[can] backend=detectnet_native no detections
[tag] backend=pupil_apriltags id=0 center=(143.9,183.8) error_x=-0.050 yaw_deg=-36.93 height=58.3px height_norm=0.243 margin=48.62 distance=0.2513548571814394
[can] backend=detectnet_native no detections
[tag] backend=pupil_apriltags id=0 center=(141.8,183.8) error_x=-0.057 yaw_deg=-36.54 height=58.4px height_norm=0.243 margin=48.63 distance=0.25091500164326386
[can] backend=detectnet_native no detections
[tag] backend=pupil_apriltags id=0 center=(139.2,183.8) error_x=-0.065 yaw_deg=-36.79 height=58.4px height_norm=0.243 margin=48.08 distance=0.2519284909513778
[map] motion direction=right speed=0.15 effective_seconds=0.473832368850708 pose={'x_m': -0.33978425161238734, 'y_m': -0.11796867387641446, 'heading_rad': 2.950039541084946}
[base] continuous stop label=align_bin elapsed=0.474s
[base] stop
[can] backend=detectnet_native no detections
[tag] backend=pupil_apriltags id=0 center=(133.9,183.8) error_x=-0.082 yaw_deg=-37.07 height=58.4px height_norm=0.243 margin=47.54 distance=0.253685254282171
[base] stop
[fsm] FINAL_VERIFY --SIDE_DOCK_REQUIRED--> BIN_SIDE_DOCKING
[base] stop
[exp2] phase=side_view_pose base_direction=left reference_base_angle_deg=90.00 servo1_fixed=70
[arm] pose side_view_grabbing
[arm] side_view_grabbing servo=5 angle=0 speed=85
[arm] side_view_grabbing servo=4 angle=-55 speed=85
[arm] side_view_grabbing servo=3 angle=45 speed=85
[arm] side_view_grabbing servo=2 angle=60 speed=85
[arm] side_view_grabbing servo=1 angle=70 speed=85
[arm-position] side_view_grabbing waiting for motion to settle servos=[1, 2, 3, 4, 5] stability_delta=3 min_wait=0.5 timeout=10.0 stable_samples=2
[arm-position] side_view_grabbing waiting positions={1: 508, 2: 805, 3: 717, 4: 276, 5: 508} movement={} read_errors=[]
[arm-position] side_view_grabbing waiting positions={1: 522, 2: 804, 3: 717, 4: 276, 5: 508} movement={1: 14, 2: 1, 3: 0, 4: 0, 5: 0} read_errors=[]
[arm-position] side_view_grabbing waiting positions={1: 535, 2: 805, 3: 717, 4: 276, 5: 508} movement={1: 13, 2: 1, 3: 0, 4: 0, 5: 0} read_errors=[]
[arm-position] side_view_grabbing waiting positions={1: 547, 2: 805, 3: 717, 4: 276, 5: 508} movement={1: 12, 2: 0, 3: 0, 4: 0, 5: 0} read_errors=[]
[arm-position] side_view_grabbing waiting positions={1: 559, 2: 805, 3: 717, 4: 276, 5: 508} movement={1: 12, 2: 0, 3: 0, 4: 0, 5: 0} read_errors=[]
[arm-position] side_view_grabbing waiting positions={1: 573, 2: 805, 3: 717, 4: 276, 5: 508} movement={1: 14, 2: 0, 3: 0, 4: 0, 5: 0} read_errors=[]
[arm-position] side_view_grabbing waiting positions={1: 586, 2: 805, 3: 717, 4: 276, 5: 508} movement={1: 13, 2: 0, 3: 0, 4: 0, 5: 0} read_errors=[]
[arm-position] side_view_grabbing waiting positions={1: 600, 2: 804, 3: 717, 4: 276, 5: 508} movement={1: 14, 2: 1, 3: 0, 4: 0, 5: 0} read_errors=[]
[arm-position] side_view_grabbing waiting positions={1: 614, 2: 804, 3: 717, 4: 276, 5: 508} movement={1: 14, 2: 0, 3: 0, 4: 0, 5: 0} read_errors=[]
[arm-position] side_view_grabbing waiting positions={1: 625, 2: 805, 3: 717, 4: 276, 5: 508} movement={1: 11, 2: 1, 3: 0, 4: 0, 5: 0} read_errors=[]
[arm-position] side_view_grabbing waiting positions={1: 640, 2: 804, 3: 717, 4: 276, 5: 508} movement={1: 15, 2: 1, 3: 0, 4: 0, 5: 0} read_errors=[]
[arm-position] side_view_grabbing waiting positions={1: 651, 2: 805, 3: 717, 4: 276, 5: 508} movement={1: 11, 2: 1, 3: 0, 4: 0, 5: 0} read_errors=[]
[arm-position] side_view_grabbing waiting positions={1: 664, 2: 805, 3: 717, 4: 276, 5: 508} movement={1: 13, 2: 0, 3: 0, 4: 0, 5: 0} read_errors=[]
[arm-position] side_view_grabbing waiting positions={1: 679, 2: 805, 3: 717, 4: 276, 5: 508} movement={1: 15, 2: 0, 3: 0, 4: 0, 5: 0} read_errors=[]
[arm-position] side_view_grabbing waiting positions={1: 692, 2: 805, 3: 717, 4: 276, 5: 508} movement={1: 13, 2: 0, 3: 0, 4: 0, 5: 0} read_errors=[]
[arm-position] side_view_grabbing waiting positions={1: 703, 2: 805, 3: 717, 4: 276, 5: 508} movement={1: 11, 2: 0, 3: 0, 4: 0, 5: 0} read_errors=[]
[arm-position] side_view_grabbing waiting positions={1: 716, 2: 805, 3: 717, 4: 276, 5: 508} movement={1: 13, 2: 0, 3: 0, 4: 0, 5: 0} read_errors=[]
[arm-position] side_view_grabbing waiting positions={1: 730, 2: 805, 3: 717, 4: 276, 5: 508} movement={1: 14, 2: 0, 3: 0, 4: 0, 5: 0} read_errors=[]
[arm-position] side_view_grabbing waiting positions={1: 744, 2: 805, 3: 717, 4: 276, 5: 508} movement={1: 14, 2: 0, 3: 0, 4: 0, 5: 0} read_errors=[]
[arm-position] side_view_grabbing waiting positions={1: 756, 2: 805, 3: 717, 4: 276, 5: 508} movement={1: 12, 2: 0, 3: 0, 4: 0, 5: 0} read_errors=[]
[arm-position] side_view_grabbing waiting positions={1: 769, 2: 804, 3: 717, 4: 276, 5: 508} movement={1: 13, 2: 1, 3: 0, 4: 0, 5: 0} read_errors=[]
[arm-position] side_view_grabbing waiting positions={1: 783, 2: 804, 3: 717, 4: 276, 5: 508} movement={1: 14, 2: 0, 3: 0, 4: 0, 5: 0} read_errors=[]
[arm-position] side_view_grabbing waiting positions={1: 795, 2: 805, 3: 717, 4: 276, 5: 508} movement={1: 12, 2: 1, 3: 0, 4: 0, 5: 0} read_errors=[]
[arm-position] side_view_grabbing waiting positions={1: 810, 2: 805, 3: 717, 4: 276, 5: 508} movement={1: 15, 2: 0, 3: 0, 4: 0, 5: 0} read_errors=[]
[arm-position] side_view_grabbing waiting positions={1: 824, 2: 805, 3: 717, 4: 276, 5: 508} movement={1: 14, 2: 0, 3: 0, 4: 0, 5: 0} read_errors=[]
[arm-position] side_view_grabbing waiting positions={1: 836, 2: 805, 3: 717, 4: 276, 5: 508} movement={1: 12, 2: 0, 3: 0, 4: 0, 5: 0} read_errors=[]
[arm-position] side_view_grabbing settled positions={1: 837, 2: 805, 3: 717, 4: 276, 5: 508} movement={1: 0, 2: 0, 3: 0, 4: 0, 5: 0} elapsed=4.18s
[base] exp2_side_entry_turn direction=left requested_speed=0.15 effective_speed=0.15 seconds=10.4
[map] motion direction=left speed=0.15 effective_seconds=10.4 pose={'x_m': -0.33978425161238734, 'y_m': -0.11796867387641446, 'heading_rad': 1.3792432142899465}
[exp2] side entry direction=left angle_deg=90.00 speed=0.15 seconds=10.400
[exp2] phase=camera_settle seconds=0.40 discard_frames=3
[base] stop
[base] stop
[base] stop
[base] stop
[base] stop
[base] stop
[base] stop
[base] stop
[base] stop
[base] stop
[base] stop
[base] stop
[base] stop
[base] stop
[base] stop
[base] stop
[base] stop
[base] stop
[base] stop
[exp2] phase=geometry_alignment_ready
[tag] backend=pupil_apriltags id=0 center=(86.1,190.2) error_x=-0.231 yaw_deg=-52.74 height=69.0px height_norm=0.288 margin=53.69 distance=0.24797361869128792
[exp2] phase=continuous_yaw center_error=-0.231 raw_yaw_deg=-52.74 calibrated_yaw_deg=-52.74 target_yaw_deg=0.00 yaw_source=calibrated_pnp corner_error_deg=28.36 height_norm=0.288
[base] stop
[exp2] continuous x guard preempted yaw error=-0.231 limit=0.012; camera_settle_seconds=0.200
[base] stop
[base] stop
[base] stop
[base] stop
[base] stop
[base] stop
[base] stop
[base] stop
[base] stop
[tag] backend=pupil_apriltags id=0 center=(86.1,190.2) error_x=-0.231 yaw_deg=-52.79 height=69.0px height_norm=0.288 margin=53.46 distance=0.24787957373958897
[exp2] phase=continuous_center center_error=-0.231 raw_yaw_deg=-52.79 calibrated_yaw_deg=-52.79 target_yaw_deg=0.00 yaw_source=calibrated_pnp corner_error_deg=28.45 height_norm=0.288
[base] continuous start label=exp2_center_align direction=forward requested_speed=0.2 effective_speed=0.2
[exp2] continuous center correction direction=forward
[tag] backend=pupil_apriltags id=0 center=(86.0,190.1) error_x=-0.231 yaw_deg=-52.7 height=68.9px height_norm=0.287 margin=53.22 distance=0.24818314838557579
[exp2] phase=continuous_center center_error=-0.231 raw_yaw_deg=-52.7 calibrated_yaw_deg=-52.7 target_yaw_deg=0.00 yaw_source=calibrated_pnp corner_error_deg=28.38 height_norm=0.287
[exp2] continuous center correction direction=forward
[tag] backend=pupil_apriltags id=0 center=(86.3,190.3) error_x=-0.230 yaw_deg=-53.35 height=69.3px height_norm=0.289 margin=53.72 distance=0.24699745484060623
[exp2] phase=continuous_center center_error=-0.230 raw_yaw_deg=-53.35 calibrated_yaw_deg=-53.35 target_yaw_deg=0.00 yaw_source=calibrated_pnp corner_error_deg=29.16 height_norm=0.289
[exp2] continuous center correction direction=forward
[tag] backend=pupil_apriltags id=0 center=(87.1,190.3) error_x=-0.228 yaw_deg=-53.06 height=69.2px height_norm=0.288 margin=53.34 distance=0.24725672315226405
[exp2] phase=continuous_center center_error=-0.228 raw_yaw_deg=-53.06 calibrated_yaw_deg=-53.06 target_yaw_deg=0.00 yaw_source=calibrated_pnp corner_error_deg=28.73 height_norm=0.288
[exp2] continuous center correction direction=forward
[tag] backend=pupil_apriltags id=0 center=(89.1,190.5) error_x=-0.222 yaw_deg=-53.15 height=69.6px height_norm=0.290 margin=53.31 distance=0.24563827955618758
[exp2] phase=continuous_center center_error=-0.222 raw_yaw_deg=-53.15 calibrated_yaw_deg=-53.15 target_yaw_deg=0.00 yaw_source=calibrated_pnp corner_error_deg=29.49 height_norm=0.290
[exp2] continuous center correction direction=forward
[tag] backend=pupil_apriltags id=0 center=(90.3,190.6) error_x=-0.218 yaw_deg=-53.21 height=70.0px height_norm=0.292 margin=53.37 distance=0.24435178158777252
[exp2] phase=continuous_center center_error=-0.218 raw_yaw_deg=-53.21 calibrated_yaw_deg=-53.21 target_yaw_deg=0.00 yaw_source=calibrated_pnp corner_error_deg=29.56 height_norm=0.292
[exp2] continuous center correction direction=forward
[tag] backend=pupil_apriltags id=0 center=(91.3,190.7) error_x=-0.215 yaw_deg=-53.44 height=70.4px height_norm=0.293 margin=53.00 distance=0.24282787197491054
[exp2] phase=continuous_center center_error=-0.215 raw_yaw_deg=-53.44 calibrated_yaw_deg=-53.44 target_yaw_deg=0.00 yaw_source=calibrated_pnp corner_error_deg=30.13 height_norm=0.293
[exp2] continuous center correction direction=forward
[tag] backend=pupil_apriltags id=0 center=(93.2,191.0) error_x=-0.209 yaw_deg=-53.69 height=70.7px height_norm=0.295 margin=53.11 distance=0.24139328811033384
[exp2] phase=continuous_center center_error=-0.209 raw_yaw_deg=-53.69 calibrated_yaw_deg=-53.69 target_yaw_deg=0.00 yaw_source=calibrated_pnp corner_error_deg=31.29 height_norm=0.295
[exp2] continuous center correction direction=forward
[tag] backend=pupil_apriltags id=0 center=(94.2,191.1) error_x=-0.206 yaw_deg=-53.77 height=70.9px height_norm=0.295 margin=53.14 distance=0.24063897919296068
[exp2] phase=continuous_center center_error=-0.206 raw_yaw_deg=-53.77 calibrated_yaw_deg=-53.77 target_yaw_deg=0.00 yaw_source=calibrated_pnp corner_error_deg=31.60 height_norm=0.295
[exp2] continuous center correction direction=forward
[tag] backend=pupil_apriltags id=0 center=(95.4,191.4) error_x=-0.202 yaw_deg=-54.07 height=71.2px height_norm=0.297 margin=52.86 distance=0.23967458895351698
[exp2] phase=continuous_center center_error=-0.202 raw_yaw_deg=-54.07 calibrated_yaw_deg=-54.07 target_yaw_deg=0.00 yaw_source=calibrated_pnp corner_error_deg=31.57 height_norm=0.297
[exp2] continuous center correction direction=forward
[tag] backend=pupil_apriltags id=0 center=(97.7,191.7) error_x=-0.195 yaw_deg=-54.16 height=71.7px height_norm=0.299 margin=53.53 distance=0.23792260088809344
[exp2] phase=continuous_center center_error=-0.195 raw_yaw_deg=-54.16 calibrated_yaw_deg=-54.16 target_yaw_deg=0.00 yaw_source=calibrated_pnp corner_error_deg=32.65 height_norm=0.299
[exp2] continuous center correction direction=forward
[tag] backend=pupil_apriltags id=0 center=(98.9,191.8) error_x=-0.191 yaw_deg=-54.36 height=72.0px height_norm=0.300 margin=53.83 distance=0.23689264794587972
[exp2] phase=continuous_center center_error=-0.191 raw_yaw_deg=-54.36 calibrated_yaw_deg=-54.36 target_yaw_deg=0.00 yaw_source=calibrated_pnp corner_error_deg=33.44 height_norm=0.300
[exp2] continuous center correction direction=forward
[tag] backend=pupil_apriltags id=0 center=(100.1,191.8) error_x=-0.187 yaw_deg=-54.5 height=72.3px height_norm=0.301 margin=53.65 distance=0.2359119979643575
[exp2] phase=continuous_center center_error=-0.187 raw_yaw_deg=-54.5 calibrated_yaw_deg=-54.5 target_yaw_deg=0.00 yaw_source=calibrated_pnp corner_error_deg=33.52 height_norm=0.301
[exp2] continuous center correction direction=forward
[tag] backend=pupil_apriltags id=0 center=(102.2,192.0) error_x=-0.181 yaw_deg=-54.96 height=72.8px height_norm=0.303 margin=53.82 distance=0.23403240021947136
[exp2] phase=continuous_center center_error=-0.181 raw_yaw_deg=-54.96 calibrated_yaw_deg=-54.96 target_yaw_deg=0.00 yaw_source=calibrated_pnp corner_error_deg=34.58 height_norm=0.303
[exp2] continuous center correction direction=forward
[tag] backend=pupil_apriltags id=0 center=(103.3,192.1) error_x=-0.177 yaw_deg=-55.04 height=72.9px height_norm=0.304 margin=53.24 distance=0.2335337066915311
[exp2] phase=continuous_center center_error=-0.177 raw_yaw_deg=-55.04 calibrated_yaw_deg=-55.04 target_yaw_deg=0.00 yaw_source=calibrated_pnp corner_error_deg=35.30 height_norm=0.304
[exp2] continuous center correction direction=forward
[tag] backend=pupil_apriltags id=0 center=(105.8,192.5) error_x=-0.169 yaw_deg=-55.18 height=73.0px height_norm=0.304 margin=53.80 distance=0.23313613691354235
[exp2] phase=continuous_center center_error=-0.169 raw_yaw_deg=-55.18 calibrated_yaw_deg=-55.18 target_yaw_deg=0.00 yaw_source=calibrated_pnp corner_error_deg=35.06 height_norm=0.304
[exp2] continuous center correction direction=forward
[tag] backend=pupil_apriltags id=0 center=(106.9,192.6) error_x=-0.166 yaw_deg=-55.52 height=73.4px height_norm=0.306 margin=54.36 distance=0.2319178856003397
[exp2] phase=continuous_center center_error=-0.166 raw_yaw_deg=-55.52 calibrated_yaw_deg=-55.52 target_yaw_deg=0.00 yaw_source=calibrated_pnp corner_error_deg=36.41 height_norm=0.306
[exp2] continuous center correction direction=forward
[tag] backend=pupil_apriltags id=0 center=(108.3,192.7) error_x=-0.162 yaw_deg=-55.79 height=73.7px height_norm=0.307 margin=54.17 distance=0.2308423983527435
[exp2] phase=continuous_center center_error=-0.162 raw_yaw_deg=-55.79 calibrated_yaw_deg=-55.79 target_yaw_deg=0.00 yaw_source=calibrated_pnp corner_error_deg=36.85 height_norm=0.307
[exp2] continuous center correction direction=forward
[tag] backend=pupil_apriltags id=0 center=(110.6,192.8) error_x=-0.154 yaw_deg=-55.99 height=74.0px height_norm=0.308 margin=54.40 distance=0.22958034257086973
[exp2] phase=continuous_center center_error=-0.154 raw_yaw_deg=-55.99 calibrated_yaw_deg=-55.99 target_yaw_deg=0.00 yaw_source=calibrated_pnp corner_error_deg=37.84 height_norm=0.308
[exp2] continuous center correction direction=forward
[tag] backend=pupil_apriltags id=0 center=(112.2,192.8) error_x=-0.150 yaw_deg=-56.41 height=74.4px height_norm=0.310 margin=54.54 distance=0.22835416515214121
[exp2] phase=continuous_center center_error=-0.150 raw_yaw_deg=-56.41 calibrated_yaw_deg=-56.41 target_yaw_deg=0.00 yaw_source=calibrated_pnp corner_error_deg=37.86 height_norm=0.310
[exp2] continuous center correction direction=forward
[tag] backend=pupil_apriltags id=0 center=(114.7,193.0) error_x=-0.142 yaw_deg=-56.86 height=75.0px height_norm=0.312 margin=54.88 distance=0.22639426829849027
[exp2] phase=continuous_center center_error=-0.142 raw_yaw_deg=-56.86 calibrated_yaw_deg=-56.86 target_yaw_deg=0.00 yaw_source=calibrated_pnp corner_error_deg=40.01 height_norm=0.312
[exp2] continuous center correction direction=forward
[tag] backend=pupil_apriltags id=0 center=(115.8,193.2) error_x=-0.138 yaw_deg=-57.11 height=75.1px height_norm=0.313 margin=54.87 distance=0.226193819250098
[exp2] phase=continuous_center center_error=-0.138 raw_yaw_deg=-57.11 calibrated_yaw_deg=-57.11 target_yaw_deg=0.00 yaw_source=calibrated_pnp corner_error_deg=40.41 height_norm=0.313
[exp2] continuous center correction direction=forward
[tag] backend=pupil_apriltags id=0 center=(117.4,193.6) error_x=-0.133 yaw_deg=-57.25 height=75.1px height_norm=0.313 margin=54.91 distance=0.2262824654798587
[exp2] phase=continuous_center center_error=-0.133 raw_yaw_deg=-57.25 calibrated_yaw_deg=-57.25 target_yaw_deg=0.00 yaw_source=calibrated_pnp corner_error_deg=40.53 height_norm=0.313
[exp2] continuous center correction direction=forward
[tag] backend=pupil_apriltags id=0 center=(120.2,193.6) error_x=-0.125 yaw_deg=-57.74 height=75.6px height_norm=0.315 margin=55.17 distance=0.22459854934553475
[exp2] phase=continuous_center center_error=-0.125 raw_yaw_deg=-57.74 calibrated_yaw_deg=-57.74 target_yaw_deg=0.00 yaw_source=calibrated_pnp corner_error_deg=41.73 height_norm=0.315
[exp2] continuous center correction direction=forward
[tag] backend=pupil_apriltags id=0 center=(121.6,193.6) error_x=-0.120 yaw_deg=-57.86 height=75.7px height_norm=0.316 margin=55.27 distance=0.22416284763237299
[exp2] phase=continuous_center center_error=-0.120 raw_yaw_deg=-57.86 calibrated_yaw_deg=-57.86 target_yaw_deg=0.00 yaw_source=calibrated_pnp corner_error_deg=41.93 height_norm=0.316
[exp2] continuous center correction direction=forward
[tag] backend=pupil_apriltags id=0 center=(124.2,193.4) error_x=-0.112 yaw_deg=-58.02 height=75.9px height_norm=0.316 margin=55.24 distance=0.22330150912795005
[exp2] phase=continuous_center center_error=-0.112 raw_yaw_deg=-58.02 calibrated_yaw_deg=-58.02 target_yaw_deg=0.00 yaw_source=calibrated_pnp corner_error_deg=43.09 height_norm=0.316
[exp2] continuous center correction direction=forward
[tag] backend=pupil_apriltags id=0 center=(125.4,193.6) error_x=-0.108 yaw_deg=-58.56 height=76.2px height_norm=0.318 margin=55.69 distance=0.2223391005195547
[exp2] phase=continuous_center center_error=-0.108 raw_yaw_deg=-58.56 calibrated_yaw_deg=-58.56 target_yaw_deg=0.00 yaw_source=calibrated_pnp corner_error_deg=43.71 height_norm=0.318
[exp2] continuous center correction direction=forward
[tag] backend=pupil_apriltags id=0 center=(128.0,193.8) error_x=-0.100 yaw_deg=-59.21 height=76.6px height_norm=0.319 margin=55.91 distance=0.22112719136751433
[exp2] phase=continuous_center center_error=-0.100 raw_yaw_deg=-59.21 calibrated_yaw_deg=-59.21 target_yaw_deg=0.00 yaw_source=calibrated_pnp corner_error_deg=45.21 height_norm=0.319
[exp2] continuous center correction direction=forward
[tag] backend=pupil_apriltags id=0 center=(129.5,194.0) error_x=-0.095 yaw_deg=-59.48 height=76.7px height_norm=0.320 margin=56.11 distance=0.22116303945105545
[exp2] phase=continuous_center center_error=-0.095 raw_yaw_deg=-59.48 calibrated_yaw_deg=-59.48 target_yaw_deg=0.00 yaw_source=calibrated_pnp corner_error_deg=45.31 height_norm=0.320
[exp2] continuous center correction direction=forward
[tag] backend=pupil_apriltags id=0 center=(130.7,194.2) error_x=-0.091 yaw_deg=-59.78 height=76.9px height_norm=0.320 margin=55.93 distance=0.2204207637215092
[exp2] phase=continuous_center center_error=-0.091 raw_yaw_deg=-59.78 calibrated_yaw_deg=-59.78 target_yaw_deg=0.00 yaw_source=calibrated_pnp corner_error_deg=46.36 height_norm=0.320
[exp2] continuous center correction direction=forward
[tag] backend=pupil_apriltags id=0 center=(133.8,194.3) error_x=-0.082 yaw_deg=-60.01 height=77.0px height_norm=0.321 margin=56.46 distance=0.22033623291853965
[exp2] phase=continuous_center center_error=-0.082 raw_yaw_deg=-60.01 calibrated_yaw_deg=-60.01 target_yaw_deg=0.00 yaw_source=calibrated_pnp corner_error_deg=46.88 height_norm=0.321
[exp2] continuous center correction direction=forward
[tag] backend=pupil_apriltags id=0 center=(135.1,194.3) error_x=-0.078 yaw_deg=-60.39 height=77.3px height_norm=0.322 margin=56.12 distance=0.21913262038430986
[exp2] phase=continuous_center center_error=-0.078 raw_yaw_deg=-60.39 calibrated_yaw_deg=-60.39 target_yaw_deg=0.00 yaw_source=calibrated_pnp corner_error_deg=48.20 height_norm=0.322
[exp2] continuous center correction direction=forward
[tag] backend=pupil_apriltags id=0 center=(137.8,194.4) error_x=-0.070 yaw_deg=-60.91 height=77.3px height_norm=0.322 margin=56.89 distance=0.21887041253416611
[exp2] phase=continuous_center center_error=-0.070 raw_yaw_deg=-60.91 calibrated_yaw_deg=-60.91 target_yaw_deg=0.00 yaw_source=calibrated_pnp corner_error_deg=48.79 height_norm=0.322
[exp2] continuous center correction direction=forward
[tag] backend=pupil_apriltags id=0 center=(139.0,194.4) error_x=-0.066 yaw_deg=-61.45 height=77.8px height_norm=0.324 margin=57.04 distance=0.21798714628782803
[exp2] phase=continuous_center center_error=-0.066 raw_yaw_deg=-61.45 calibrated_yaw_deg=-61.45 target_yaw_deg=0.00 yaw_source=calibrated_pnp corner_error_deg=49.69 height_norm=0.324
[exp2] continuous center correction direction=forward
[tag] backend=pupil_apriltags id=0 center=(141.9,194.7) error_x=-0.057 yaw_deg=-61.86 height=77.6px height_norm=0.323 margin=56.54 distance=0.21848332686243818
[exp2] phase=continuous_center center_error=-0.057 raw_yaw_deg=-61.86 calibrated_yaw_deg=-61.86 target_yaw_deg=0.00 yaw_source=calibrated_pnp corner_error_deg=50.75 height_norm=0.323
[exp2] continuous center correction direction=forward
[tag] backend=pupil_apriltags id=0 center=(143.7,194.6) error_x=-0.051 yaw_deg=-62.04 height=78.1px height_norm=0.326 margin=57.00 distance=0.21718779145695263
[exp2] phase=continuous_center center_error=-0.051 raw_yaw_deg=-62.04 calibrated_yaw_deg=-62.04 target_yaw_deg=0.00 yaw_source=calibrated_pnp corner_error_deg=51.55 height_norm=0.326
[exp2] continuous center correction direction=forward
[tag] backend=pupil_apriltags id=0 center=(146.8,194.7) error_x=-0.041 yaw_deg=-62.75 height=77.9px height_norm=0.324 margin=56.27 distance=0.2177417862036348
[exp2] phase=continuous_center center_error=-0.041 raw_yaw_deg=-62.75 calibrated_yaw_deg=-62.75 target_yaw_deg=0.00 yaw_source=calibrated_pnp corner_error_deg=52.22 height_norm=0.324
[exp2] continuous center correction direction=forward
[tag] backend=pupil_apriltags id=0 center=(148.6,194.6) error_x=-0.036 yaw_deg=-62.97 height=78.4px height_norm=0.327 margin=57.27 distance=0.216170161947446
[exp2] phase=continuous_center center_error=-0.036 raw_yaw_deg=-62.97 calibrated_yaw_deg=-62.97 target_yaw_deg=0.00 yaw_source=calibrated_pnp corner_error_deg=52.90 height_norm=0.327
[exp2] continuous center correction direction=forward
[tag] backend=pupil_apriltags id=0 center=(150.0,194.8) error_x=-0.031 yaw_deg=-63.24 height=78.1px height_norm=0.325 margin=57.22 distance=0.21721496757034836
[exp2] phase=continuous_center center_error=-0.031 raw_yaw_deg=-63.24 calibrated_yaw_deg=-63.24 target_yaw_deg=0.00 yaw_source=calibrated_pnp corner_error_deg=53.48 height_norm=0.325
[exp2] continuous center correction direction=forward
[tag] backend=pupil_apriltags id=0 center=(153.1,194.6) error_x=-0.022 yaw_deg=-64.06 height=78.6px height_norm=0.327 margin=57.42 distance=0.2159802194203794
[exp2] phase=continuous_center center_error=-0.022 raw_yaw_deg=-64.06 calibrated_yaw_deg=-64.06 target_yaw_deg=0.00 yaw_source=calibrated_pnp corner_error_deg=55.16 height_norm=0.327
[exp2] continuous center correction direction=forward
[tag] backend=pupil_apriltags id=0 center=(154.7,194.4) error_x=-0.017 yaw_deg=-64.29 height=78.7px height_norm=0.328 margin=57.15 distance=0.21569038335382615
[exp2] phase=continuous_center center_error=-0.017 raw_yaw_deg=-64.29 calibrated_yaw_deg=-64.29 target_yaw_deg=0.00 yaw_source=calibrated_pnp corner_error_deg=55.79 height_norm=0.328
[exp2] continuous center correction direction=forward
[tag] backend=pupil_apriltags id=0 center=(157.7,194.9) error_x=-0.007 yaw_deg=-64.83 height=78.7px height_norm=0.328 margin=56.07 distance=0.21562144423000693
[exp2] phase=continuous_center center_error=-0.007 raw_yaw_deg=-64.83 calibrated_yaw_deg=-64.83 target_yaw_deg=0.00 yaw_source=calibrated_pnp corner_error_deg=56.53 height_norm=0.328
[map] motion direction=forward speed=0.2 effective_seconds=1.9496941566467285 pose={'x_m': -0.2775781554681701, 'y_m': -0.1059049910707861, 'heading_rad': 1.3792432142899465}
[base] continuous stop label=exp2_center_align elapsed=1.950s
[base] stop
[exp2] center accepted; switching to yaw after 0.200s
[base] stop
[base] stop
[base] stop
[base] stop
[base] stop
[base] stop
[base] stop
[base] stop
[base] stop
[tag] backend=pupil_apriltags id=0 center=(163.7,194.5) error_x=0.012 yaw_deg=-65.68 height=78.7px height_norm=0.328 margin=59.06 distance=0.21590816899266715
[exp2] phase=continuous_yaw center_error=0.012 raw_yaw_deg=-65.68 calibrated_yaw_deg=-65.68 target_yaw_deg=0.00 yaw_source=calibrated_pnp corner_error_deg=59.45 height_norm=0.328
[base] continuous start label=exp2_yaw_align direction=left requested_speed=0.15 effective_speed=0.15
[exp2] continuous yaw correction direction=left
[tag] backend=pupil_apriltags id=0 center=(163.7,194.5) error_x=0.012 yaw_deg=-65.66 height=78.7px height_norm=0.328 margin=59.10 distance=0.2160926512010885
[exp2] phase=continuous_yaw center_error=0.012 raw_yaw_deg=-65.66 calibrated_yaw_deg=-65.66 target_yaw_deg=0.00 yaw_source=calibrated_pnp corner_error_deg=59.42 height_norm=0.328
[exp2] continuous yaw correction direction=left
[tag] backend=pupil_apriltags id=0 center=(164.0,194.5) error_x=0.012 yaw_deg=-65.84 height=78.8px height_norm=0.328 margin=57.68 distance=0.21554740747867082
[exp2] phase=continuous_yaw center_error=0.012 raw_yaw_deg=-65.84 calibrated_yaw_deg=-65.84 target_yaw_deg=0.00 yaw_source=calibrated_pnp corner_error_deg=59.60 height_norm=0.328
[map] motion direction=left speed=0.15 effective_seconds=0.12054944038391113 pose={'x_m': -0.2775781554681701, 'y_m': -0.1059049910707861, 'heading_rad': 1.3610356548522313}
[base] continuous stop label=exp2_yaw_align elapsed=0.121s
[base] stop
[exp2] continuous x guard preempted yaw error=0.012 limit=0.012; camera_settle_seconds=0.200
[base] stop
[base] stop
[base] stop
[base] stop
[base] stop
[base] stop
[base] stop
[base] stop
[base] stop
[tag] backend=pupil_apriltags id=0 center=(165.5,194.5) error_x=0.017 yaw_deg=-66.2 height=79.3px height_norm=0.330 margin=58.94 distance=0.21329036031064746
[exp2] phase=continuous_center center_error=0.017 raw_yaw_deg=-66.2 calibrated_yaw_deg=-66.2 target_yaw_deg=0.00 yaw_source=calibrated_pnp corner_error_deg=59.96 height_norm=0.330
[base] continuous start label=exp2_center_align direction=backward requested_speed=0.2 effective_speed=0.2
[exp2] continuous center correction direction=backward
[tag] backend=pupil_apriltags id=0 center=(165.5,194.5) error_x=0.017 yaw_deg=-66.24 height=79.4px height_norm=0.331 margin=58.58 distance=0.21304058025003028
[exp2] phase=continuous_center center_error=0.017 raw_yaw_deg=-66.24 calibrated_yaw_deg=-66.24 target_yaw_deg=0.00 yaw_source=calibrated_pnp corner_error_deg=59.97 height_norm=0.331
[exp2] continuous center correction direction=backward
[tag] backend=pupil_apriltags id=0 center=(165.4,194.6) error_x=0.017 yaw_deg=-66.22 height=79.3px height_norm=0.331 margin=58.51 distance=0.2130020874492578
[exp2] phase=continuous_center center_error=0.017 raw_yaw_deg=-66.22 calibrated_yaw_deg=-66.22 target_yaw_deg=0.00 yaw_source=calibrated_pnp corner_error_deg=59.87 height_norm=0.331
[exp2] continuous center correction direction=backward
[tag] backend=pupil_apriltags id=0 center=(163.3,194.7) error_x=0.010 yaw_deg=-65.6 height=78.9px height_norm=0.329 margin=56.70 distance=0.21460078359571094
[exp2] phase=continuous_center center_error=0.010 raw_yaw_deg=-65.6 calibrated_yaw_deg=-65.6 target_yaw_deg=0.00 yaw_source=calibrated_pnp corner_error_deg=58.35 height_norm=0.329
[map] motion direction=backward speed=0.2 effective_seconds=0.17558717727661133 pose={'x_m': -0.2831596548586789, 'y_m': -0.10709324907057678, 'heading_rad': 1.3610356548522313}
[base] continuous stop label=exp2_center_align elapsed=0.176s
[base] stop
[exp2] center accepted; switching to yaw after 0.200s
[base] stop
[base] stop
[base] stop
[base] stop
[base] stop
[base] stop
[base] stop
[base] stop
[base] stop
[tag] backend=pupil_apriltags id=0 center=(159.4,194.4) error_x=-0.002 yaw_deg=-64.8 height=78.9px height_norm=0.329 margin=58.51 distance=0.21441792516248528
[exp2] phase=continuous_yaw center_error=-0.002 raw_yaw_deg=-64.8 calibrated_yaw_deg=-64.8 target_yaw_deg=0.00 yaw_source=calibrated_pnp corner_error_deg=57.34 height_norm=0.329
[base] continuous start label=exp2_yaw_align direction=left requested_speed=0.15 effective_speed=0.15
[exp2] continuous yaw correction direction=left
[tag] backend=pupil_apriltags id=0 center=(159.4,194.4) error_x=-0.002 yaw_deg=-64.8 height=78.9px height_norm=0.329 margin=58.36 distance=0.21445952261502169
[exp2] phase=continuous_yaw center_error=-0.002 raw_yaw_deg=-64.8 calibrated_yaw_deg=-64.8 target_yaw_deg=0.00 yaw_source=calibrated_pnp corner_error_deg=57.34 height_norm=0.329
[exp2] continuous yaw correction direction=left
[tag] backend=pupil_apriltags id=0 center=(159.4,194.3) error_x=-0.002 yaw_deg=-64.73 height=78.8px height_norm=0.328 margin=58.30 distance=0.21454448100984466
[exp2] phase=continuous_yaw center_error=-0.002 raw_yaw_deg=-64.73 calibrated_yaw_deg=-64.73 target_yaw_deg=0.00 yaw_source=calibrated_pnp corner_error_deg=57.27 height_norm=0.328
[exp2] continuous yaw correction direction=left
[tag] backend=pupil_apriltags id=0 center=(159.5,194.4) error_x=-0.002 yaw_deg=-64.78 height=79.0px height_norm=0.329 margin=58.68 distance=0.21401110107360155
[exp2] phase=continuous_yaw center_error=-0.002 raw_yaw_deg=-64.78 calibrated_yaw_deg=-64.78 target_yaw_deg=0.00 yaw_source=calibrated_pnp corner_error_deg=57.35 height_norm=0.329
[exp2] continuous yaw correction direction=left
[tag] backend=pupil_apriltags id=0 center=(160.2,194.5) error_x=0.001 yaw_deg=-64.65 height=78.4px height_norm=0.327 margin=57.04 distance=0.21561687437477517
[exp2] phase=continuous_yaw center_error=0.001 raw_yaw_deg=-64.65 calibrated_yaw_deg=-64.65 target_yaw_deg=0.00 yaw_source=calibrated_pnp corner_error_deg=57.23 height_norm=0.327
[exp2] continuous yaw correction direction=left
[tag] backend=pupil_apriltags id=0 center=(163.2,194.3) error_x=0.010 yaw_deg=-64.91 height=78.4px height_norm=0.327 margin=58.00 distance=0.21540883078160164
[exp2] phase=continuous_yaw center_error=0.010 raw_yaw_deg=-64.91 calibrated_yaw_deg=-64.91 target_yaw_deg=0.00 yaw_source=calibrated_pnp corner_error_deg=57.63 height_norm=0.327
[exp2] continuous yaw correction direction=left
[tag] backend=pupil_apriltags id=0 center=(164.6,194.1) error_x=0.014 yaw_deg=-64.95 height=78.1px height_norm=0.326 margin=56.94 distance=0.2161019531883896
[exp2] phase=continuous_yaw center_error=0.014 raw_yaw_deg=-64.95 calibrated_yaw_deg=-64.95 target_yaw_deg=0.00 yaw_source=calibrated_pnp corner_error_deg=58.39 height_norm=0.326
[map] motion direction=left speed=0.15 effective_seconds=0.327498197555542 pose={'x_m': -0.2831596548586789, 'y_m': -0.10709324907057678, 'heading_rad': 1.3115709466068246}
[base] continuous stop label=exp2_yaw_align elapsed=0.327s
[base] stop
[exp2] continuous x guard preempted yaw error=0.014 limit=0.012; camera_settle_seconds=0.200
[base] stop
[base] stop
[base] stop
[base] stop
[base] stop
[base] stop
[base] stop
[base] stop
[base] stop
[tag] backend=pupil_apriltags id=0 center=(169.6,193.9) error_x=0.030 yaw_deg=-65.08 height=78.7px height_norm=0.328 margin=57.60 distance=0.21403151466255999
[exp2] phase=continuous_center center_error=0.030 raw_yaw_deg=-65.08 calibrated_yaw_deg=-65.08 target_yaw_deg=0.00 yaw_source=calibrated_pnp corner_error_deg=58.93 height_norm=0.328
[base] continuous start label=exp2_center_align direction=backward requested_speed=0.2 effective_speed=0.2
[exp2] continuous center correction direction=backward
[tag] backend=pupil_apriltags id=0 center=(169.7,193.9) error_x=0.030 yaw_deg=-65.09 height=78.7px height_norm=0.328 margin=57.33 distance=0.21381252100786943
[exp2] phase=continuous_center center_error=0.030 raw_yaw_deg=-65.09 calibrated_yaw_deg=-65.09 target_yaw_deg=0.00 yaw_source=calibrated_pnp corner_error_deg=59.05 height_norm=0.328
[exp2] continuous center correction direction=backward
[tag] backend=pupil_apriltags id=0 center=(169.3,194.0) error_x=0.029 yaw_deg=-64.8 height=78.4px height_norm=0.327 margin=57.21 distance=0.21448332787742208
[exp2] phase=continuous_center center_error=0.029 raw_yaw_deg=-64.8 calibrated_yaw_deg=-64.8 target_yaw_deg=0.00 yaw_source=calibrated_pnp corner_error_deg=59.43 height_norm=0.327
[exp2] continuous center correction direction=backward
[tag] backend=pupil_apriltags id=0 center=(168.3,193.8) error_x=0.026 yaw_deg=-64.78 height=78.0px height_norm=0.325 margin=55.92 distance=0.21533030537589856
[exp2] phase=continuous_center center_error=0.026 raw_yaw_deg=-64.78 calibrated_yaw_deg=-64.78 target_yaw_deg=0.00 yaw_source=calibrated_pnp corner_error_deg=58.55 height_norm=0.325
[exp2] continuous center correction direction=backward
[tag] backend=pupil_apriltags id=0 center=(165.9,194.0) error_x=0.018 yaw_deg=-64.5 height=78.1px height_norm=0.325 margin=58.24 distance=0.2150691377943499
[exp2] phase=continuous_center center_error=0.018 raw_yaw_deg=-64.5 calibrated_yaw_deg=-64.5 target_yaw_deg=0.00 yaw_source=calibrated_pnp corner_error_deg=57.67 height_norm=0.325
[exp2] continuous center correction direction=backward
[tag] backend=pupil_apriltags id=0 center=(163.5,193.7) error_x=0.011 yaw_deg=-63.82 height=77.6px height_norm=0.324 margin=56.49 distance=0.2162689199746881
[exp2] phase=continuous_center center_error=0.011 raw_yaw_deg=-63.82 calibrated_yaw_deg=-63.82 target_yaw_deg=0.00 yaw_source=calibrated_pnp corner_error_deg=56.59 height_norm=0.324
[map] motion direction=backward speed=0.2 effective_seconds=0.28403615951538086 pose={'x_m': -0.29208240565987686, 'y_m': -0.10945949365261638, 'heading_rad': 1.3115709466068246}
[base] continuous stop label=exp2_center_align elapsed=0.284s
[base] stop
[exp2] center accepted; switching to yaw after 0.200s
[base] stop
[base] stop
[base] stop
[base] stop
[base] stop
[base] stop
[base] stop
[base] stop
[base] stop
[tag] backend=pupil_apriltags id=0 center=(158.4,193.7) error_x=-0.005 yaw_deg=-63.07 height=78.5px height_norm=0.327 margin=58.93 distance=0.21354023244421147
[exp2] phase=continuous_yaw center_error=-0.005 raw_yaw_deg=-63.07 calibrated_yaw_deg=-63.07 target_yaw_deg=0.00 yaw_source=calibrated_pnp corner_error_deg=55.19 height_norm=0.327
[base] continuous start label=exp2_yaw_align direction=left requested_speed=0.15 effective_speed=0.15
[exp2] continuous yaw correction direction=left
[tag] backend=pupil_apriltags id=0 center=(158.3,193.5) error_x=-0.005 yaw_deg=-63.09 height=78.7px height_norm=0.328 margin=59.30 distance=0.2133702192573692
[exp2] phase=continuous_yaw center_error=-0.005 raw_yaw_deg=-63.09 calibrated_yaw_deg=-63.09 target_yaw_deg=0.00 yaw_source=calibrated_pnp corner_error_deg=55.23 height_norm=0.328
[exp2] continuous yaw correction direction=left
[tag] backend=pupil_apriltags id=0 center=(158.3,193.5) error_x=-0.005 yaw_deg=-63.08 height=78.7px height_norm=0.328 margin=59.04 distance=0.21338170145215382
[exp2] phase=continuous_yaw center_error=-0.005 raw_yaw_deg=-63.08 calibrated_yaw_deg=-63.08 target_yaw_deg=0.00 yaw_source=calibrated_pnp corner_error_deg=55.20 height_norm=0.328
[exp2] continuous yaw correction direction=left
[tag] backend=pupil_apriltags id=0 center=(158.3,193.5) error_x=-0.005 yaw_deg=-62.99 height=78.4px height_norm=0.327 margin=58.75 distance=0.2137582299958688
[exp2] phase=continuous_yaw center_error=-0.005 raw_yaw_deg=-62.99 calibrated_yaw_deg=-62.99 target_yaw_deg=0.00 yaw_source=calibrated_pnp corner_error_deg=55.20 height_norm=0.327
[exp2] continuous yaw correction direction=left
[tag] backend=pupil_apriltags id=0 center=(158.5,193.8) error_x=-0.005 yaw_deg=-62.49 height=77.5px height_norm=0.323 margin=58.69 distance=0.21671988810746765
[exp2] phase=continuous_yaw center_error=-0.005 raw_yaw_deg=-62.49 calibrated_yaw_deg=-62.49 target_yaw_deg=0.00 yaw_source=calibrated_pnp corner_error_deg=54.31 height_norm=0.323
[exp2] continuous yaw correction direction=left
[tag] backend=pupil_apriltags id=0 center=(161.4,193.2) error_x=0.004 yaw_deg=-62.57 height=77.3px height_norm=0.322 margin=58.36 distance=0.2171386896882974
[exp2] phase=continuous_yaw center_error=0.004 raw_yaw_deg=-62.57 calibrated_yaw_deg=-62.57 target_yaw_deg=0.00 yaw_source=calibrated_pnp corner_error_deg=54.51 height_norm=0.322
[exp2] continuous yaw correction direction=left
[tag] backend=pupil_apriltags id=0 center=(164.2,193.4) error_x=0.013 yaw_deg=-62.92 height=77.1px height_norm=0.321 margin=57.74 distance=0.21681460729569488
[exp2] phase=continuous_yaw center_error=0.013 raw_yaw_deg=-62.92 calibrated_yaw_deg=-62.92 target_yaw_deg=0.00 yaw_source=calibrated_pnp corner_error_deg=55.51 height_norm=0.321
[map] motion direction=left speed=0.15 effective_seconds=0.33795619010925293 pose={'x_m': -0.29208240565987686, 'y_m': -0.10945949365261638, 'heading_rad': 1.2605266829490125}
[base] continuous stop label=exp2_yaw_align elapsed=0.338s
[base] stop
[exp2] continuous x guard preempted yaw error=0.013 limit=0.012; camera_settle_seconds=0.200
[base] stop
[base] stop
[base] stop
[base] stop
[base] stop
[base] stop
[base] stop
[base] stop
[base] stop
[tag] backend=pupil_apriltags id=0 center=(167.0,193.2) error_x=0.022 yaw_deg=-62.86 height=77.4px height_norm=0.322 margin=58.96 distance=0.21627779119146437
[exp2] phase=continuous_center center_error=0.022 raw_yaw_deg=-62.86 calibrated_yaw_deg=-62.86 target_yaw_deg=0.00 yaw_source=calibrated_pnp corner_error_deg=56.86 height_norm=0.322
[base] continuous start label=exp2_center_align direction=backward requested_speed=0.2 effective_speed=0.2
[exp2] continuous center correction direction=backward
[tag] backend=pupil_apriltags id=0 center=(167.1,193.1) error_x=0.022 yaw_deg=-62.76 height=77.2px height_norm=0.321 margin=57.45 distance=0.21668844908457816
[exp2] phase=continuous_center center_error=0.022 raw_yaw_deg=-62.76 calibrated_yaw_deg=-62.76 target_yaw_deg=0.00 yaw_source=calibrated_pnp corner_error_deg=55.92 height_norm=0.321
[exp2] continuous center correction direction=backward
[tag] backend=pupil_apriltags id=0 center=(166.9,193.1) error_x=0.022 yaw_deg=-62.87 height=77.2px height_norm=0.322 margin=58.37 distance=0.2161675490968955
[exp2] phase=continuous_center center_error=0.022 raw_yaw_deg=-62.87 calibrated_yaw_deg=-62.87 target_yaw_deg=0.00 yaw_source=calibrated_pnp corner_error_deg=56.68 height_norm=0.322
[exp2] continuous center correction direction=backward
[tag] backend=pupil_apriltags id=0 center=(164.5,193.2) error_x=0.014 yaw_deg=-62.55 height=77.1px height_norm=0.321 margin=56.17 distance=0.21626149915347065
[exp2] phase=continuous_center center_error=0.014 raw_yaw_deg=-62.55 calibrated_yaw_deg=-62.55 target_yaw_deg=0.00 yaw_source=calibrated_pnp corner_error_deg=54.92 height_norm=0.321
[exp2] continuous center correction direction=backward
[tag] backend=pupil_apriltags id=0 center=(161.4,193.3) error_x=0.004 yaw_deg=-61.69 height=77.1px height_norm=0.321 margin=57.89 distance=0.21653881276015324
[exp2] phase=continuous_center center_error=0.004 raw_yaw_deg=-61.69 calibrated_yaw_deg=-61.69 target_yaw_deg=0.00 yaw_source=calibrated_pnp corner_error_deg=53.53 height_norm=0.321
[map] motion direction=backward speed=0.2 effective_seconds=0.2388911247253418 pose={'x_m': -0.2994756479722447, 'y_m': -0.11182995080599073, 'heading_rad': 1.2605266829490125}
[base] continuous stop label=exp2_center_align elapsed=0.239s
[base] stop
[exp2] center accepted; switching to yaw after 0.200s
[base] stop
[base] stop
[base] stop
[base] stop
[base] stop
[base] stop
[base] stop
[base] stop
[base] stop
[tag] backend=pupil_apriltags id=0 center=(158.3,193.2) error_x=-0.005 yaw_deg=-61.06 height=77.0px height_norm=0.321 margin=58.64 distance=0.21623650779272174
[exp2] phase=continuous_yaw center_error=-0.005 raw_yaw_deg=-61.06 calibrated_yaw_deg=-61.06 target_yaw_deg=0.00 yaw_source=calibrated_pnp corner_error_deg=52.40 height_norm=0.321
[base] continuous start label=exp2_yaw_align direction=left requested_speed=0.15 effective_speed=0.15
[exp2] continuous yaw correction direction=left
[tag] backend=pupil_apriltags id=0 center=(158.2,193.2) error_x=-0.006 yaw_deg=-61.02 height=77.0px height_norm=0.321 margin=58.64 distance=0.2164301537371016
[exp2] phase=continuous_yaw center_error=-0.006 raw_yaw_deg=-61.02 calibrated_yaw_deg=-61.02 target_yaw_deg=0.00 yaw_source=calibrated_pnp corner_error_deg=52.34 height_norm=0.321
[exp2] continuous yaw correction direction=left
[tag] backend=pupil_apriltags id=0 center=(158.1,193.1) error_x=-0.006 yaw_deg=-60.97 height=77.0px height_norm=0.321 margin=58.35 distance=0.21646877808033874
[exp2] phase=continuous_yaw center_error=-0.006 raw_yaw_deg=-60.97 calibrated_yaw_deg=-60.97 target_yaw_deg=0.00 yaw_source=calibrated_pnp corner_error_deg=52.18 height_norm=0.321
[exp2] continuous yaw correction direction=left
[tag] backend=pupil_apriltags id=0 center=(158.4,193.2) error_x=-0.005 yaw_deg=-60.97 height=76.6px height_norm=0.319 margin=58.68 distance=0.21747335228976108
[exp2] phase=continuous_yaw center_error=-0.005 raw_yaw_deg=-60.97 calibrated_yaw_deg=-60.97 target_yaw_deg=0.00 yaw_source=calibrated_pnp corner_error_deg=51.95 height_norm=0.319
[exp2] continuous yaw correction direction=left
[tag] backend=pupil_apriltags id=0 center=(159.8,193.0) error_x=-0.001 yaw_deg=-61.18 height=77.1px height_norm=0.321 margin=58.80 distance=0.2162156270152608
[exp2] phase=continuous_yaw center_error=-0.001 raw_yaw_deg=-61.18 calibrated_yaw_deg=-61.18 target_yaw_deg=0.00 yaw_source=calibrated_pnp corner_error_deg=53.35 height_norm=0.321
[exp2] continuous yaw correction direction=left
[tag] backend=pupil_apriltags id=0 center=(162.7,193.1) error_x=0.009 yaw_deg=-61.27 height=76.6px height_norm=0.319 margin=58.89 distance=0.217288115044017
[exp2] phase=continuous_yaw center_error=0.009 raw_yaw_deg=-61.27 calibrated_yaw_deg=-61.27 target_yaw_deg=0.00 yaw_source=calibrated_pnp corner_error_deg=53.19 height_norm=0.319
[exp2] continuous yaw correction direction=left
[tag] backend=pupil_apriltags id=0 center=(165.5,192.8) error_x=0.017 yaw_deg=-61.48 height=77.0px height_norm=0.321 margin=57.53 distance=0.2158824972314786
[exp2] phase=continuous_yaw center_error=0.017 raw_yaw_deg=-61.48 calibrated_yaw_deg=-61.48 target_yaw_deg=0.00 yaw_source=calibrated_pnp corner_error_deg=54.14 height_norm=0.321
[map] motion direction=left speed=0.15 effective_seconds=0.34123921394348145 pose={'x_m': -0.2994756479722447, 'y_m': -0.11182995080599073, 'heading_rad': 1.2089865575816248}
[base] continuous stop label=exp2_yaw_align elapsed=0.341s
[base] stop
[exp2] continuous x guard preempted yaw error=0.017 limit=0.012; camera_settle_seconds=0.200
[base] stop
[base] stop
[base] stop
[base] stop
[base] stop
[base] stop
[base] stop
[base] stop
[base] stop
[tag] backend=pupil_apriltags id=0 center=(169.0,192.4) error_x=0.028 yaw_deg=-61.65 height=76.6px height_norm=0.319 margin=56.69 distance=0.2164909193527076
[exp2] phase=continuous_center center_error=0.028 raw_yaw_deg=-61.65 calibrated_yaw_deg=-61.65 target_yaw_deg=0.00 yaw_source=calibrated_pnp corner_error_deg=55.12 height_norm=0.319
[base] continuous start label=exp2_center_align direction=backward requested_speed=0.2 effective_speed=0.2
[exp2] continuous center correction direction=backward
[tag] backend=pupil_apriltags id=0 center=(169.1,192.5) error_x=0.029 yaw_deg=-61.71 height=76.6px height_norm=0.319 margin=56.68 distance=0.21605192292180603
[exp2] phase=continuous_center center_error=0.029 raw_yaw_deg=-61.71 calibrated_yaw_deg=-61.71 target_yaw_deg=0.00 yaw_source=calibrated_pnp corner_error_deg=55.18 height_norm=0.319
[exp2] continuous center correction direction=backward
[tag] backend=pupil_apriltags id=0 center=(168.9,192.2) error_x=0.028 yaw_deg=-61.42 height=76.3px height_norm=0.318 margin=56.19 distance=0.2173544198359862
[exp2] phase=continuous_center center_error=0.028 raw_yaw_deg=-61.42 calibrated_yaw_deg=-61.42 target_yaw_deg=0.00 yaw_source=calibrated_pnp corner_error_deg=55.08 height_norm=0.318
[exp2] continuous center correction direction=backward
[tag] backend=pupil_apriltags id=0 center=(166.5,192.5) error_x=0.020 yaw_deg=-60.91 height=76.3px height_norm=0.318 margin=55.44 distance=0.21732013497702965
[exp2] phase=continuous_center center_error=0.020 raw_yaw_deg=-60.91 calibrated_yaw_deg=-60.91 target_yaw_deg=0.00 yaw_source=calibrated_pnp corner_error_deg=53.93 height_norm=0.318
[exp2] continuous center correction direction=backward
[tag] backend=pupil_apriltags id=0 center=(164.7,192.5) error_x=0.015 yaw_deg=-60.4 height=76.3px height_norm=0.318 margin=55.97 distance=0.2170391454334467
[exp2] phase=continuous_center center_error=0.015 raw_yaw_deg=-60.4 calibrated_yaw_deg=-60.4 target_yaw_deg=0.00 yaw_source=calibrated_pnp corner_error_deg=53.21 height_norm=0.318
[exp2] continuous center correction direction=backward
[tag] backend=pupil_apriltags id=0 center=(163.4,192.7) error_x=0.011 yaw_deg=-60.36 height=76.3px height_norm=0.318 margin=55.45 distance=0.21676153029875572
[exp2] phase=continuous_center center_error=0.011 raw_yaw_deg=-60.36 calibrated_yaw_deg=-60.36 target_yaw_deg=0.00 yaw_source=calibrated_pnp corner_error_deg=52.38 height_norm=0.318
[map] motion direction=backward speed=0.2 effective_seconds=0.2965207099914551 pose={'x_m': -0.3084886550248366, 'y_m': -0.11524110753326719, 'heading_rad': 1.2089865575816248}
[base] continuous stop label=exp2_center_align elapsed=0.297s
[base] stop
[exp2] center accepted; switching to yaw after 0.200s
[base] stop
[base] stop
[base] stop
[base] stop
[base] stop
[base] stop
[base] stop
[base] stop
[base] stop
[tag] backend=pupil_apriltags id=0 center=(157.4,192.6) error_x=-0.008 yaw_deg=-59.06 height=76.3px height_norm=0.318 margin=56.81 distance=0.21724712999804946
[exp2] phase=continuous_yaw center_error=-0.008 raw_yaw_deg=-59.06 calibrated_yaw_deg=-59.06 target_yaw_deg=0.00 yaw_source=calibrated_pnp corner_error_deg=50.26 height_norm=0.318
[base] continuous start label=exp2_yaw_align direction=left requested_speed=0.15 effective_speed=0.15
[exp2] continuous yaw correction direction=left
[tag] backend=pupil_apriltags id=0 center=(157.4,192.6) error_x=-0.008 yaw_deg=-59.05 height=76.3px height_norm=0.318 margin=56.90 distance=0.21722461982038996
[exp2] phase=continuous_yaw center_error=-0.008 raw_yaw_deg=-59.05 calibrated_yaw_deg=-59.05 target_yaw_deg=0.00 yaw_source=calibrated_pnp corner_error_deg=50.27 height_norm=0.318
[exp2] continuous yaw correction direction=left
[tag] backend=pupil_apriltags id=0 center=(157.5,192.5) error_x=-0.008 yaw_deg=-59.08 height=76.5px height_norm=0.319 margin=56.53 distance=0.21660996018190054
[exp2] phase=continuous_yaw center_error=-0.008 raw_yaw_deg=-59.08 calibrated_yaw_deg=-59.08 target_yaw_deg=0.00 yaw_source=calibrated_pnp corner_error_deg=50.33 height_norm=0.319
[exp2] continuous yaw correction direction=left
[tag] backend=pupil_apriltags id=0 center=(157.6,192.4) error_x=-0.007 yaw_deg=-59.05 height=76.1px height_norm=0.317 margin=56.50 distance=0.21767862838684413
[exp2] phase=continuous_yaw center_error=-0.007 raw_yaw_deg=-59.05 calibrated_yaw_deg=-59.05 target_yaw_deg=0.00 yaw_source=calibrated_pnp corner_error_deg=49.95 height_norm=0.317
[exp2] continuous yaw correction direction=left
[tag] backend=pupil_apriltags id=0 center=(160.2,192.5) error_x=0.001 yaw_deg=-58.98 height=75.8px height_norm=0.316 margin=55.67 distance=0.21830188850145893
[exp2] phase=continuous_yaw center_error=0.001 raw_yaw_deg=-58.98 calibrated_yaw_deg=-58.98 target_yaw_deg=0.00 yaw_source=calibrated_pnp corner_error_deg=50.07 height_norm=0.316
[exp2] continuous yaw correction direction=left
[tag] backend=pupil_apriltags id=0 center=(161.5,192.5) error_x=0.005 yaw_deg=-59.26 height=75.9px height_norm=0.316 margin=56.48 distance=0.2175810997392276
[exp2] phase=continuous_yaw center_error=0.005 raw_yaw_deg=-59.26 calibrated_yaw_deg=-59.26 target_yaw_deg=0.00 yaw_source=calibrated_pnp corner_error_deg=51.14 height_norm=0.316
[exp2] continuous yaw correction direction=left
[tag] backend=pupil_apriltags id=0 center=(164.0,192.2) error_x=0.012 yaw_deg=-59.51 height=75.8px height_norm=0.316 margin=55.76 distance=0.21765840220762606
[exp2] phase=continuous_yaw center_error=0.012 raw_yaw_deg=-59.51 calibrated_yaw_deg=-59.51 target_yaw_deg=0.00 yaw_source=calibrated_pnp corner_error_deg=51.69 height_norm=0.316
[map] motion direction=left speed=0.15 effective_seconds=0.3569519519805908 pose={'x_m': -0.3084886550248366, 'y_m': -0.11524110753326719, 'heading_rad': 1.155073209984181}
[base] continuous stop label=exp2_yaw_align elapsed=0.357s
[base] stop
[exp2] continuous x guard preempted yaw error=0.012 limit=0.012; camera_settle_seconds=0.200
[base] stop
[base] stop
[base] stop
[base] stop
[base] stop
[base] stop
[base] stop
[base] stop
[base] stop
[tag] backend=pupil_apriltags id=0 center=(168.7,192.0) error_x=0.027 yaw_deg=-59.68 height=75.8px height_norm=0.316 margin=56.93 distance=0.21714106478679457
[exp2] phase=continuous_center center_error=0.027 raw_yaw_deg=-59.68 calibrated_yaw_deg=-59.68 target_yaw_deg=0.00 yaw_source=calibrated_pnp corner_error_deg=53.21 height_norm=0.316
[base] continuous start label=exp2_center_align direction=backward requested_speed=0.2 effective_speed=0.2
[exp2] continuous center correction direction=backward
[tag] backend=pupil_apriltags id=0 center=(168.8,191.9) error_x=0.027 yaw_deg=-59.72 height=76.0px height_norm=0.317 margin=57.00 distance=0.21685254584410293
[exp2] phase=continuous_center center_error=0.027 raw_yaw_deg=-59.72 calibrated_yaw_deg=-59.72 target_yaw_deg=0.00 yaw_source=calibrated_pnp corner_error_deg=53.25 height_norm=0.317
[exp2] continuous center correction direction=backward
[tag] backend=pupil_apriltags id=0 center=(168.4,192.0) error_x=0.026 yaw_deg=-59.63 height=75.8px height_norm=0.316 margin=56.85 distance=0.21684154845728232
[exp2] phase=continuous_center center_error=0.026 raw_yaw_deg=-59.63 calibrated_yaw_deg=-59.63 target_yaw_deg=0.00 yaw_source=calibrated_pnp corner_error_deg=52.96 height_norm=0.316
[exp2] continuous center correction direction=backward
[tag] backend=pupil_apriltags id=0 center=(166.2,192.4) error_x=0.019 yaw_deg=-59.55 height=75.9px height_norm=0.316 margin=55.64 distance=0.2164799723792324
[exp2] phase=continuous_center center_error=0.019 raw_yaw_deg=-59.55 calibrated_yaw_deg=-59.55 target_yaw_deg=0.00 yaw_source=calibrated_pnp corner_error_deg=52.30 height_norm=0.316
[exp2] continuous center correction direction=backward
[tag] backend=pupil_apriltags id=0 center=(164.6,192.2) error_x=0.014 yaw_deg=-58.98 height=75.4px height_norm=0.314 margin=55.92 distance=0.21782712599814544
[exp2] phase=continuous_center center_error=0.014 raw_yaw_deg=-58.98 calibrated_yaw_deg=-58.98 target_yaw_deg=0.00 yaw_source=calibrated_pnp corner_error_deg=51.13 height_norm=0.314
[exp2] continuous center correction direction=backward
[tag] backend=pupil_apriltags id=0 center=(161.9,192.2) error_x=0.006 yaw_deg=-58.53 height=75.6px height_norm=0.315 margin=56.29 distance=0.21732617958067696
[exp2] phase=continuous_center center_error=0.006 raw_yaw_deg=-58.53 calibrated_yaw_deg=-58.53 target_yaw_deg=0.00 yaw_source=calibrated_pnp corner_error_deg=50.74 height_norm=0.315
[map] motion direction=backward speed=0.2 effective_seconds=0.3036460876464844 pose={'x_m': -0.31751659890966216, 'y_m': -0.11922651579322012, 'heading_rad': 1.155073209984181}
[base] continuous stop label=exp2_center_align elapsed=0.304s
[base] stop
[exp2] center accepted; switching to yaw after 0.200s
[base] stop
[base] stop
[base] stop
[base] stop
[base] stop
[base] stop
[base] stop
[base] stop
[base] stop
[tag] backend=pupil_apriltags id=0 center=(156.1,191.9) error_x=-0.012 yaw_deg=-56.93 height=75.1px height_norm=0.313 margin=55.66 distance=0.21886493189688247
[exp2] phase=continuous_yaw center_error=-0.012 raw_yaw_deg=-56.93 calibrated_yaw_deg=-56.93 target_yaw_deg=0.00 yaw_source=calibrated_pnp corner_error_deg=47.70 height_norm=0.313
[base] stop
[exp2] continuous x guard preempted yaw error=-0.012 limit=0.012; camera_settle_seconds=0.200
[base] stop
[base] stop
[base] stop
[base] stop
[base] stop
[base] stop
[base] stop
[base] stop
[base] stop
[tag] backend=pupil_apriltags id=0 center=(156.1,192.0) error_x=-0.012 yaw_deg=-57.02 height=75.2px height_norm=0.313 margin=55.69 distance=0.21862832147439493
[exp2] phase=continuous_center center_error=-0.012 raw_yaw_deg=-57.02 calibrated_yaw_deg=-57.02 target_yaw_deg=0.00 yaw_source=calibrated_pnp corner_error_deg=47.65 height_norm=0.313
[base] continuous start label=exp2_center_align direction=forward requested_speed=0.2 effective_speed=0.2
[exp2] continuous center correction direction=forward
[tag] backend=pupil_apriltags id=0 center=(156.1,192.0) error_x=-0.012 yaw_deg=-56.92 height=75.0px height_norm=0.313 margin=55.84 distance=0.21891965977554534
[exp2] phase=continuous_center center_error=-0.012 raw_yaw_deg=-56.92 calibrated_yaw_deg=-56.92 target_yaw_deg=0.00 yaw_source=calibrated_pnp corner_error_deg=47.60 height_norm=0.313
[exp2] continuous center correction direction=forward
[tag] backend=pupil_apriltags id=0 center=(156.2,191.9) error_x=-0.012 yaw_deg=-56.96 height=75.1px height_norm=0.313 margin=55.89 distance=0.21882076116362212
[exp2] phase=continuous_center center_error=-0.012 raw_yaw_deg=-56.96 calibrated_yaw_deg=-56.96 target_yaw_deg=0.00 yaw_source=calibrated_pnp corner_error_deg=47.74 height_norm=0.313
[map] motion direction=forward speed=0.2 effective_seconds=0.138685941696167 pose={'x_m': -0.31339321662289654, 'y_m': -0.11740623843723867, 'heading_rad': 1.155073209984181}
[base] continuous stop label=exp2_center_align elapsed=0.139s
[base] stop
[exp2] center accepted; switching to yaw after 0.200s
[base] stop
[base] stop
[base] stop
[base] stop
[base] stop
[base] stop
[base] stop
[base] stop
[base] stop
[tag] backend=pupil_apriltags id=0 center=(160.6,192.1) error_x=0.002 yaw_deg=-58.05 height=75.5px height_norm=0.314 margin=55.97 distance=0.21813048760823328
[exp2] phase=continuous_yaw center_error=0.002 raw_yaw_deg=-58.05 calibrated_yaw_deg=-58.05 target_yaw_deg=0.00 yaw_source=calibrated_pnp corner_error_deg=49.86 height_norm=0.314
[base] continuous start label=exp2_yaw_align direction=left requested_speed=0.15 effective_speed=0.15
[exp2] continuous yaw correction direction=left
[tag] backend=pupil_apriltags id=0 center=(160.5,192.1) error_x=0.002 yaw_deg=-58.05 height=75.5px height_norm=0.314 margin=56.14 distance=0.21816067174875453
[exp2] phase=continuous_yaw center_error=0.002 raw_yaw_deg=-58.05 calibrated_yaw_deg=-58.05 target_yaw_deg=0.00 yaw_source=calibrated_pnp corner_error_deg=49.82 height_norm=0.314
[exp2] continuous yaw correction direction=left
[tag] backend=pupil_apriltags id=0 center=(160.7,192.0) error_x=0.002 yaw_deg=-58.07 height=75.3px height_norm=0.314 margin=56.21 distance=0.21845197957055995
[exp2] phase=continuous_yaw center_error=0.002 raw_yaw_deg=-58.07 calibrated_yaw_deg=-58.07 target_yaw_deg=0.00 yaw_source=calibrated_pnp corner_error_deg=49.85 height_norm=0.314
[exp2] continuous yaw correction direction=left
[tag] backend=pupil_apriltags id=0 center=(161.4,191.9) error_x=0.004 yaw_deg=-58.22 height=75.6px height_norm=0.315 margin=56.70 distance=0.2173488359488181
[exp2] phase=continuous_yaw center_error=0.004 raw_yaw_deg=-58.22 calibrated_yaw_deg=-58.22 target_yaw_deg=0.00 yaw_source=calibrated_pnp corner_error_deg=50.32 height_norm=0.315
[exp2] continuous yaw correction direction=left
[tag] backend=pupil_apriltags id=0 center=(163.1,191.9) error_x=0.010 yaw_deg=-58.43 height=75.3px height_norm=0.314 margin=56.43 distance=0.21830068102091443
[exp2] phase=continuous_yaw center_error=0.010 raw_yaw_deg=-58.43 calibrated_yaw_deg=-58.43 target_yaw_deg=0.00 yaw_source=calibrated_pnp corner_error_deg=50.88 height_norm=0.314
[exp2] continuous yaw correction direction=left
[tag] backend=pupil_apriltags id=0 center=(164.2,191.8) error_x=0.013 yaw_deg=-58.64 height=75.5px height_norm=0.314 margin=56.28 distance=0.21772711580994195
[exp2] phase=continuous_yaw center_error=0.013 raw_yaw_deg=-58.64 calibrated_yaw_deg=-58.64 target_yaw_deg=0.00 yaw_source=calibrated_pnp corner_error_deg=50.89 height_norm=0.314
[map] motion direction=left speed=0.15 effective_seconds=0.30417490005493164 pose={'x_m': -0.31339321662289654, 'y_m': -0.11740623843723867, 'heading_rad': 1.1091312084736504}
[base] continuous stop label=exp2_yaw_align elapsed=0.304s
[base] stop
[exp2] continuous x guard preempted yaw error=0.013 limit=0.012; camera_settle_seconds=0.200
[base] stop
[base] stop
[base] stop
[base] stop
[base] stop
[base] stop
[base] stop
[base] stop
[base] stop
[tag] backend=pupil_apriltags id=0 center=(168.6,191.7) error_x=0.027 yaw_deg=-59.18 height=75.8px height_norm=0.316 margin=56.58 distance=0.21598457432505755
[exp2] phase=continuous_center center_error=0.027 raw_yaw_deg=-59.18 calibrated_yaw_deg=-59.18 target_yaw_deg=0.00 yaw_source=calibrated_pnp corner_error_deg=52.38 height_norm=0.316
[base] continuous start label=exp2_center_align direction=backward requested_speed=0.2 effective_speed=0.2
[exp2] continuous center correction direction=backward
[tag] backend=pupil_apriltags id=0 center=(168.6,191.7) error_x=0.027 yaw_deg=-59.13 height=75.7px height_norm=0.315 margin=57.10 distance=0.2163681459633042
[exp2] phase=continuous_center center_error=0.027 raw_yaw_deg=-59.13 calibrated_yaw_deg=-59.13 target_yaw_deg=0.00 yaw_source=calibrated_pnp corner_error_deg=52.32 height_norm=0.315
[exp2] continuous center correction direction=backward
[tag] backend=pupil_apriltags id=0 center=(168.5,191.7) error_x=0.027 yaw_deg=-59.19 height=75.6px height_norm=0.315 margin=56.60 distance=0.21637990868386076
[exp2] phase=continuous_center center_error=0.027 raw_yaw_deg=-59.19 calibrated_yaw_deg=-59.19 target_yaw_deg=0.00 yaw_source=calibrated_pnp corner_error_deg=52.18 height_norm=0.315
[exp2] continuous center correction direction=backward
[tag] backend=pupil_apriltags id=0 center=(166.0,191.7) error_x=0.019 yaw_deg=-58.52 height=75.2px height_norm=0.313 margin=56.47 distance=0.21779394095958152
[exp2] phase=continuous_center center_error=0.019 raw_yaw_deg=-58.52 calibrated_yaw_deg=-58.52 target_yaw_deg=0.00 yaw_source=calibrated_pnp corner_error_deg=51.62 height_norm=0.313
[exp2] continuous center correction direction=backward
[tag] backend=pupil_apriltags id=0 center=(163.7,191.4) error_x=0.012 yaw_deg=-57.89 height=75.1px height_norm=0.313 margin=55.86 distance=0.21810808731815437
[exp2] phase=continuous_center center_error=0.012 raw_yaw_deg=-57.89 calibrated_yaw_deg=-57.89 target_yaw_deg=0.00 yaw_source=calibrated_pnp corner_error_deg=49.88 height_norm=0.313
[map] motion direction=backward speed=0.2 effective_seconds=0.2568085193634033 pose={'x_m': -0.3208657387147708, 'y_m': -0.1211240000396771, 'heading_rad': 1.1091312084736504}
[base] continuous stop label=exp2_center_align elapsed=0.257s
[base] stop
[exp2] center accepted; switching to yaw after 0.200s
[base] stop
[base] stop
[base] stop
[base] stop
[base] stop
[base] stop
[base] stop
[base] stop
[base] stop
[tag] backend=pupil_apriltags id=0 center=(158.9,191.1) error_x=-0.003 yaw_deg=-56.83 height=74.9px height_norm=0.312 margin=56.09 distance=0.2185342985716474
[exp2] phase=continuous_yaw center_error=-0.003 raw_yaw_deg=-56.83 calibrated_yaw_deg=-56.83 target_yaw_deg=0.00 yaw_source=calibrated_pnp corner_error_deg=47.64 height_norm=0.312
[base] continuous start label=exp2_yaw_align direction=left requested_speed=0.15 effective_speed=0.15
[exp2] continuous yaw correction direction=left
[tag] backend=pupil_apriltags id=0 center=(158.9,191.2) error_x=-0.003 yaw_deg=-56.83 height=74.9px height_norm=0.312 margin=56.32 distance=0.2185528891946363
[exp2] phase=continuous_yaw center_error=-0.003 raw_yaw_deg=-56.83 calibrated_yaw_deg=-56.83 target_yaw_deg=0.00 yaw_source=calibrated_pnp corner_error_deg=47.66 height_norm=0.312
[exp2] continuous yaw correction direction=left
[tag] backend=pupil_apriltags id=0 center=(158.9,191.2) error_x=-0.004 yaw_deg=-56.87 height=75.0px height_norm=0.312 margin=56.21 distance=0.21816000577768885
[exp2] phase=continuous_yaw center_error=-0.004 raw_yaw_deg=-56.87 calibrated_yaw_deg=-56.87 target_yaw_deg=0.00 yaw_source=calibrated_pnp corner_error_deg=47.55 height_norm=0.312
[exp2] continuous yaw correction direction=left
[tag] backend=pupil_apriltags id=0 center=(159.4,191.4) error_x=-0.002 yaw_deg=-56.75 height=74.5px height_norm=0.310 margin=56.02 distance=0.2195737719098438
[exp2] phase=continuous_yaw center_error=-0.002 raw_yaw_deg=-56.75 calibrated_yaw_deg=-56.75 target_yaw_deg=0.00 yaw_source=calibrated_pnp corner_error_deg=47.38 height_norm=0.310
[exp2] continuous yaw correction direction=left
[tag] backend=pupil_apriltags id=0 center=(160.8,191.3) error_x=0.003 yaw_deg=-56.98 height=74.7px height_norm=0.311 margin=56.48 distance=0.21878573258605766
[exp2] phase=continuous_yaw center_error=0.003 raw_yaw_deg=-56.98 calibrated_yaw_deg=-56.98 target_yaw_deg=0.00 yaw_source=calibrated_pnp corner_error_deg=48.36 height_norm=0.311
[exp2] continuous yaw correction direction=left
[tag] backend=pupil_apriltags id=0 center=(163.3,191.3) error_x=0.010 yaw_deg=-57.26 height=74.9px height_norm=0.312 margin=56.68 distance=0.2179922538623124
[exp2] phase=continuous_yaw center_error=0.010 raw_yaw_deg=-57.26 calibrated_yaw_deg=-57.26 target_yaw_deg=0.00 yaw_source=calibrated_pnp corner_error_deg=49.01 height_norm=0.312
[exp2] continuous yaw correction direction=left
[tag] backend=pupil_apriltags id=0 center=(165.6,191.2) error_x=0.017 yaw_deg=-57.29 height=74.8px height_norm=0.312 margin=56.22 distance=0.21858790057078745
[exp2] phase=continuous_yaw center_error=0.017 raw_yaw_deg=-57.29 calibrated_yaw_deg=-57.29 target_yaw_deg=0.00 yaw_source=calibrated_pnp corner_error_deg=49.76 height_norm=0.312
[map] motion direction=left speed=0.15 effective_seconds=0.36373257637023926 pose={'x_m': -0.3208657387147708, 'y_m': -0.1211240000396771, 'heading_rad': 1.0541937281949911}
[base] continuous stop label=exp2_yaw_align elapsed=0.364s
[base] stop
[exp2] continuous x guard preempted yaw error=0.017 limit=0.012; camera_settle_seconds=0.200
[base] stop
[base] stop
[base] stop
[base] stop
[base] stop
[base] stop
[base] stop
[base] stop
[base] stop
[tag] backend=pupil_apriltags id=0 center=(168.3,190.9) error_x=0.026 yaw_deg=-57.48 height=74.5px height_norm=0.311 margin=57.46 distance=0.21884456045903844
[exp2] phase=continuous_center center_error=0.026 raw_yaw_deg=-57.48 calibrated_yaw_deg=-57.48 target_yaw_deg=0.00 yaw_source=calibrated_pnp corner_error_deg=50.15 height_norm=0.311
[base] continuous start label=exp2_center_align direction=backward requested_speed=0.2 effective_speed=0.2
[exp2] continuous center correction direction=backward
[tag] backend=pupil_apriltags id=0 center=(168.3,190.9) error_x=0.026 yaw_deg=-57.44 height=74.4px height_norm=0.310 margin=57.42 distance=0.21910493204956175
[exp2] phase=continuous_center center_error=0.026 raw_yaw_deg=-57.44 calibrated_yaw_deg=-57.44 target_yaw_deg=0.00 yaw_source=calibrated_pnp corner_error_deg=50.08 height_norm=0.310
[exp2] continuous center correction direction=backward
[tag] backend=pupil_apriltags id=0 center=(167.8,190.8) error_x=0.024 yaw_deg=-57.29 height=74.3px height_norm=0.310 margin=57.42 distance=0.21892481389951188
[exp2] phase=continuous_center center_error=0.024 raw_yaw_deg=-57.29 calibrated_yaw_deg=-57.29 target_yaw_deg=0.00 yaw_source=calibrated_pnp corner_error_deg=49.74 height_norm=0.310
[exp2] continuous center correction direction=backward
[tag] backend=pupil_apriltags id=0 center=(166.5,190.9) error_x=0.020 yaw_deg=-57.41 height=74.7px height_norm=0.311 margin=57.24 distance=0.21776225921090034
[exp2] phase=continuous_center center_error=0.020 raw_yaw_deg=-57.41 calibrated_yaw_deg=-57.41 target_yaw_deg=0.00 yaw_source=calibrated_pnp corner_error_deg=49.81 height_norm=0.311
[exp2] continuous center correction direction=backward
[tag] backend=pupil_apriltags id=0 center=(163.4,190.8) error_x=0.011 yaw_deg=-56.54 height=74.3px height_norm=0.310 margin=56.69 distance=0.21869837051508662
[exp2] phase=continuous_center center_error=0.011 raw_yaw_deg=-56.54 calibrated_yaw_deg=-56.54 target_yaw_deg=0.00 yaw_source=calibrated_pnp corner_error_deg=48.04 height_norm=0.310
[map] motion direction=backward speed=0.2 effective_seconds=0.25347161293029785 pose={'x_m': -0.3280285483514308, 'y_m': -0.1251929014533933, 'heading_rad': 1.0541937281949911}
[base] continuous stop label=exp2_center_align elapsed=0.253s
[base] stop
[exp2] center accepted; switching to yaw after 0.200s
[base] stop
[base] stop
[base] stop
[base] stop
[base] stop
[base] stop
[base] stop
[base] stop
[base] stop
[tag] backend=pupil_apriltags id=0 center=(157.4,190.8) error_x=-0.008 yaw_deg=-55.14 height=74.0px height_norm=0.308 margin=56.31 distance=0.21937020354805623
[exp2] phase=continuous_yaw center_error=-0.008 raw_yaw_deg=-55.14 calibrated_yaw_deg=-55.14 target_yaw_deg=0.00 yaw_source=calibrated_pnp corner_error_deg=45.89 height_norm=0.308
[base] continuous start label=exp2_yaw_align direction=left requested_speed=0.15 effective_speed=0.15
[exp2] continuous yaw correction direction=left
[tag] backend=pupil_apriltags id=0 center=(157.4,190.7) error_x=-0.008 yaw_deg=-55.05 height=73.9px height_norm=0.308 margin=56.47 distance=0.21956216591068145
[exp2] phase=continuous_yaw center_error=-0.008 raw_yaw_deg=-55.05 calibrated_yaw_deg=-55.05 target_yaw_deg=0.00 yaw_source=calibrated_pnp corner_error_deg=45.50 height_norm=0.308
[exp2] continuous yaw correction direction=left
[tag] backend=pupil_apriltags id=0 center=(157.6,190.7) error_x=-0.008 yaw_deg=-55.09 height=74.0px height_norm=0.308 margin=56.13 distance=0.2195112468995176
[exp2] phase=continuous_yaw center_error=-0.008 raw_yaw_deg=-55.09 calibrated_yaw_deg=-55.09 target_yaw_deg=0.00 yaw_source=calibrated_pnp corner_error_deg=45.43 height_norm=0.308
[exp2] continuous yaw correction direction=left
[tag] backend=pupil_apriltags id=0 center=(159.2,190.8) error_x=-0.003 yaw_deg=-55.22 height=73.5px height_norm=0.306 margin=56.32 distance=0.221018013879038
[exp2] phase=continuous_yaw center_error=-0.003 raw_yaw_deg=-55.22 calibrated_yaw_deg=-55.22 target_yaw_deg=0.00 yaw_source=calibrated_pnp corner_error_deg=46.07 height_norm=0.306
[exp2] continuous yaw correction direction=left
[tag] backend=pupil_apriltags id=0 center=(161.6,190.7) error_x=0.005 yaw_deg=-55.42 height=73.6px height_norm=0.307 margin=56.39 distance=0.2201605041015633
[exp2] phase=continuous_yaw center_error=0.005 raw_yaw_deg=-55.42 calibrated_yaw_deg=-55.42 target_yaw_deg=0.00 yaw_source=calibrated_pnp corner_error_deg=46.57 height_norm=0.307
[exp2] continuous yaw correction direction=left
[tag] backend=pupil_apriltags id=0 center=(164.2,190.7) error_x=0.013 yaw_deg=-55.63 height=73.9px height_norm=0.308 margin=55.78 distance=0.21946646466073275
[exp2] phase=continuous_yaw center_error=0.013 raw_yaw_deg=-55.63 calibrated_yaw_deg=-55.63 target_yaw_deg=0.00 yaw_source=calibrated_pnp corner_error_deg=47.44 height_norm=0.308
[map] motion direction=left speed=0.15 effective_seconds=0.32067084312438965 pose={'x_m': -0.3280285483514308, 'y_m': -0.1251929014533933, 'heading_rad': 1.0057602106478711}
[base] continuous stop label=exp2_yaw_align elapsed=0.321s
[base] stop
[exp2] continuous x guard preempted yaw error=0.013 limit=0.012; camera_settle_seconds=0.200
[base] stop
[base] stop
[base] stop
[base] stop
[base] stop
[base] stop
[base] stop
[base] stop
[base] stop
[tag] backend=pupil_apriltags id=0 center=(167.8,190.6) error_x=0.025 yaw_deg=-55.83 height=73.9px height_norm=0.308 margin=57.26 distance=0.21877745459799697
[exp2] phase=continuous_center center_error=0.025 raw_yaw_deg=-55.83 calibrated_yaw_deg=-55.83 target_yaw_deg=0.00 yaw_source=calibrated_pnp corner_error_deg=47.92 height_norm=0.308
[base] continuous start label=exp2_center_align direction=backward requested_speed=0.2 effective_speed=0.2
[exp2] continuous center correction direction=backward
[tag] backend=pupil_apriltags id=0 center=(167.9,190.6) error_x=0.025 yaw_deg=-55.87 height=74.0px height_norm=0.308 margin=57.24 distance=0.21852281753007613
[exp2] phase=continuous_center center_error=0.025 raw_yaw_deg=-55.87 calibrated_yaw_deg=-55.87 target_yaw_deg=0.00 yaw_source=calibrated_pnp corner_error_deg=48.11 height_norm=0.308
[exp2] continuous center correction direction=backward
[tag] backend=pupil_apriltags id=0 center=(167.5,190.6) error_x=0.023 yaw_deg=-55.77 height=73.7px height_norm=0.307 margin=57.03 distance=0.2187841278999917
[exp2] phase=continuous_center center_error=0.023 raw_yaw_deg=-55.77 calibrated_yaw_deg=-55.77 target_yaw_deg=0.00 yaw_source=calibrated_pnp corner_error_deg=47.80 height_norm=0.307
[exp2] continuous center correction direction=backward
[tag] backend=pupil_apriltags id=0 center=(165.5,190.7) error_x=0.017 yaw_deg=-55.32 height=73.6px height_norm=0.307 margin=57.27 distance=0.2191949215200847
[exp2] phase=continuous_center center_error=0.017 raw_yaw_deg=-55.32 calibrated_yaw_deg=-55.32 target_yaw_deg=0.00 yaw_source=calibrated_pnp corner_error_deg=47.31 height_norm=0.307
[exp2] continuous center correction direction=backward
[tag] backend=pupil_apriltags id=0 center=(164.1,190.6) error_x=0.013 yaw_deg=-55.11 height=73.6px height_norm=0.307 margin=56.65 distance=0.21902273726908117
[exp2] phase=continuous_center center_error=0.013 raw_yaw_deg=-55.11 calibrated_yaw_deg=-55.11 target_yaw_deg=0.00 yaw_source=calibrated_pnp corner_error_deg=46.98 height_norm=0.307
[exp2] continuous center correction direction=backward
[tag] backend=pupil_apriltags id=0 center=(161.4,190.7) error_x=0.004 yaw_deg=-54.87 height=73.8px height_norm=0.307 margin=56.73 distance=0.21834759829175726
[exp2] phase=continuous_center center_error=0.004 raw_yaw_deg=-54.87 calibrated_yaw_deg=-54.87 target_yaw_deg=0.00 yaw_source=calibrated_pnp corner_error_deg=45.93 height_norm=0.307
[map] motion direction=backward speed=0.2 effective_seconds=0.3204360008239746 pose={'x_m': -0.3368240362527488, 'y_m': -0.13076913045913136, 'heading_rad': 1.0057602106478711}
[base] continuous stop label=exp2_center_align elapsed=0.320s
[base] stop
[exp2] center accepted; switching to yaw after 0.200s
[base] stop
[base] stop
[base] stop
[base] stop
[base] stop
[base] stop
[base] stop
[base] stop
[base] stop
[tag] backend=pupil_apriltags id=0 center=(154.7,190.5) error_x=-0.016 yaw_deg=-53.1 height=73.5px height_norm=0.306 margin=56.08 distance=0.21954311877385427
[exp2] phase=continuous_yaw center_error=-0.016 raw_yaw_deg=-53.1 calibrated_yaw_deg=-53.1 target_yaw_deg=0.00 yaw_source=calibrated_pnp corner_error_deg=43.42 height_norm=0.306
[base] stop
[exp2] continuous x guard preempted yaw error=-0.016 limit=0.012; camera_settle_seconds=0.200
[base] stop
[base] stop
[base] stop
[base] stop
[base] stop
[base] stop
[base] stop
[base] stop
[base] stop
[tag] backend=pupil_apriltags id=0 center=(154.7,190.5) error_x=-0.017 yaw_deg=-53.09 height=73.5px height_norm=0.306 margin=56.32 distance=0.2194777006751529
[exp2] phase=continuous_center center_error=-0.017 raw_yaw_deg=-53.09 calibrated_yaw_deg=-53.09 target_yaw_deg=0.00 yaw_source=calibrated_pnp corner_error_deg=43.46 height_norm=0.306
[base] continuous start label=exp2_center_align direction=forward requested_speed=0.2 effective_speed=0.2
[exp2] continuous center correction direction=forward
[tag] backend=pupil_apriltags id=0 center=(154.7,190.5) error_x=-0.017 yaw_deg=-53.06 height=73.4px height_norm=0.306 margin=56.13 distance=0.21968391090768322
[exp2] phase=continuous_center center_error=-0.017 raw_yaw_deg=-53.06 calibrated_yaw_deg=-53.06 target_yaw_deg=0.00 yaw_source=calibrated_pnp corner_error_deg=43.46 height_norm=0.306
[exp2] continuous center correction direction=forward
[tag] backend=pupil_apriltags id=0 center=(154.8,190.5) error_x=-0.016 yaw_deg=-53.12 height=73.5px height_norm=0.306 margin=56.33 distance=0.21951895876466995
[exp2] phase=continuous_center center_error=-0.016 raw_yaw_deg=-53.12 calibrated_yaw_deg=-53.12 target_yaw_deg=0.00 yaw_source=calibrated_pnp corner_error_deg=43.40 height_norm=0.306
[exp2] continuous center correction direction=forward
[tag] backend=pupil_apriltags id=0 center=(157.0,190.6) error_x=-0.009 yaw_deg=-53.69 height=73.3px height_norm=0.305 margin=56.62 distance=0.22045957273018663
[exp2] phase=continuous_center center_error=-0.009 raw_yaw_deg=-53.69 calibrated_yaw_deg=-53.69 target_yaw_deg=0.00 yaw_source=calibrated_pnp corner_error_deg=44.31 height_norm=0.305
[map] motion direction=forward speed=0.2 effective_seconds=0.20511651039123535 pose={'x_m': -0.3311938955043074, 'y_m': -0.1271996918446865, 'heading_rad': 1.0057602106478711}
[base] continuous stop label=exp2_center_align elapsed=0.205s
[base] stop
[exp2] center accepted; switching to yaw after 0.200s
[base] stop
[base] stop
[base] stop
[base] stop
[base] stop
[base] stop
[base] stop
[base] stop
[base] stop
[tag] backend=pupil_apriltags id=0 center=(162.6,190.6) error_x=0.008 yaw_deg=-54.66 height=73.7px height_norm=0.307 margin=56.43 distance=0.219351883735322
[exp2] phase=continuous_yaw center_error=0.008 raw_yaw_deg=-54.66 calibrated_yaw_deg=-54.66 target_yaw_deg=0.00 yaw_source=calibrated_pnp corner_error_deg=46.04 height_norm=0.307
[base] continuous start label=exp2_yaw_align direction=left requested_speed=0.15 effective_speed=0.15
[exp2] continuous yaw correction direction=left
[tag] backend=pupil_apriltags id=0 center=(162.6,190.6) error_x=0.008 yaw_deg=-54.69 height=73.7px height_norm=0.307 margin=56.51 distance=0.2191891583093114
[exp2] phase=continuous_yaw center_error=0.008 raw_yaw_deg=-54.69 calibrated_yaw_deg=-54.69 target_yaw_deg=0.00 yaw_source=calibrated_pnp corner_error_deg=46.11 height_norm=0.307
[exp2] continuous yaw correction direction=left
[tag] backend=pupil_apriltags id=0 center=(162.8,190.6) error_x=0.009 yaw_deg=-54.62 height=73.6px height_norm=0.307 margin=56.63 distance=0.21953436512694516
[exp2] phase=continuous_yaw center_error=0.009 raw_yaw_deg=-54.62 calibrated_yaw_deg=-54.62 target_yaw_deg=0.00 yaw_source=calibrated_pnp corner_error_deg=46.31 height_norm=0.307
[exp2] continuous yaw correction direction=left
[tag] backend=pupil_apriltags id=0 center=(164.2,190.5) error_x=0.013 yaw_deg=-55.05 height=73.8px height_norm=0.308 margin=55.95 distance=0.21895189255612718
[exp2] phase=continuous_yaw center_error=0.013 raw_yaw_deg=-55.05 calibrated_yaw_deg=-55.05 target_yaw_deg=0.00 yaw_source=calibrated_pnp corner_error_deg=47.14 height_norm=0.308
[map] motion direction=left speed=0.15 effective_seconds=0.2123870849609375 pose={'x_m': -0.3311938955043074, 'y_m': -0.1271996918446865, 'heading_rad': 0.9736816670983197}
[base] continuous stop label=exp2_yaw_align elapsed=0.212s
[base] stop
[exp2] continuous x guard preempted yaw error=0.013 limit=0.012; camera_settle_seconds=0.200
[base] stop
[base] stop
[base] stop
[base] stop
[base] stop
[base] stop
[base] stop
[base] stop
[base] stop
[tag] backend=pupil_apriltags id=0 center=(168.2,190.6) error_x=0.026 yaw_deg=-55.28 height=74.0px height_norm=0.308 margin=56.87 distance=0.21852508869030765
[exp2] phase=continuous_center center_error=0.026 raw_yaw_deg=-55.28 calibrated_yaw_deg=-55.28 target_yaw_deg=0.00 yaw_source=calibrated_pnp corner_error_deg=48.26 height_norm=0.308
[base] continuous start label=exp2_center_align direction=backward requested_speed=0.2 effective_speed=0.2
[exp2] continuous center correction direction=backward
[tag] backend=pupil_apriltags id=0 center=(168.2,190.5) error_x=0.026 yaw_deg=-55.15 height=73.7px height_norm=0.307 margin=56.92 distance=0.2193979399641373
[exp2] phase=continuous_center center_error=0.026 raw_yaw_deg=-55.15 calibrated_yaw_deg=-55.15 target_yaw_deg=0.00 yaw_source=calibrated_pnp corner_error_deg=47.85 height_norm=0.307
[exp2] continuous center correction direction=backward
[tag] backend=pupil_apriltags id=0 center=(167.8,190.5) error_x=0.024 yaw_deg=-55.24 height=73.4px height_norm=0.306 margin=57.25 distance=0.21889405729681355
[exp2] phase=continuous_center center_error=0.024 raw_yaw_deg=-55.24 calibrated_yaw_deg=-55.24 target_yaw_deg=0.00 yaw_source=calibrated_pnp corner_error_deg=47.39 height_norm=0.306
[exp2] continuous center correction direction=backward
[tag] backend=pupil_apriltags id=0 center=(165.3,190.5) error_x=0.017 yaw_deg=-54.61 height=73.2px height_norm=0.305 margin=57.22 distance=0.21960250442191323
[exp2] phase=continuous_center center_error=0.017 raw_yaw_deg=-54.61 calibrated_yaw_deg=-54.61 target_yaw_deg=0.00 yaw_source=calibrated_pnp corner_error_deg=46.86 height_norm=0.305
[exp2] continuous center correction direction=backward
[tag] backend=pupil_apriltags id=0 center=(164.2,190.5) error_x=0.013 yaw_deg=-54.6 height=73.5px height_norm=0.306 margin=57.18 distance=0.21863000985987963
[exp2] phase=continuous_center center_error=0.013 raw_yaw_deg=-54.6 calibrated_yaw_deg=-54.6 target_yaw_deg=0.00 yaw_source=calibrated_pnp corner_error_deg=46.41 height_norm=0.306
[exp2] continuous center correction direction=backward
[tag] backend=pupil_apriltags id=0 center=(161.3,190.5) error_x=0.004 yaw_deg=-54.09 height=73.2px height_norm=0.305 margin=57.25 distance=0.21898194737449028
[exp2] phase=continuous_center center_error=0.004 raw_yaw_deg=-54.09 calibrated_yaw_deg=-54.09 target_yaw_deg=0.00 yaw_source=calibrated_pnp corner_error_deg=45.40 height_norm=0.305
[map] motion direction=backward speed=0.2 effective_seconds=0.3335878849029541 pose={'x_m': -0.34015948499147364, 'y_m': -0.1332954798520162, 'heading_rad': 0.9736816670983197}
[base] continuous stop label=exp2_center_align elapsed=0.334s
[base] stop
[exp2] center accepted; switching to yaw after 0.200s
[base] stop
[base] stop
[base] stop
[base] stop
[base] stop
[base] stop
[base] stop
[base] stop
[base] stop
[tag] backend=pupil_apriltags id=0 center=(155.8,190.2) error_x=-0.013 yaw_deg=-52.43 height=72.9px height_norm=0.304 margin=56.55 distance=0.22015800053625592
[exp2] phase=continuous_yaw center_error=-0.013 raw_yaw_deg=-52.43 calibrated_yaw_deg=-52.43 target_yaw_deg=0.00 yaw_source=calibrated_pnp corner_error_deg=43.49 height_norm=0.304
[base] stop
[exp2] continuous x guard preempted yaw error=-0.013 limit=0.012; camera_settle_seconds=0.200
[base] stop
[base] stop
[base] stop
[base] stop
[base] stop
[base] stop
[base] stop
[base] stop
[base] stop
[tag] backend=pupil_apriltags id=0 center=(155.7,190.1) error_x=-0.013 yaw_deg=-52.42 height=72.9px height_norm=0.304 margin=56.16 distance=0.21999272754691238
[exp2] phase=continuous_center center_error=-0.013 raw_yaw_deg=-52.42 calibrated_yaw_deg=-52.42 target_yaw_deg=0.00 yaw_source=calibrated_pnp corner_error_deg=43.49 height_norm=0.304
[base] continuous start label=exp2_center_align direction=forward requested_speed=0.2 effective_speed=0.2
[exp2] continuous center correction direction=forward
[tag] backend=pupil_apriltags id=0 center=(155.7,190.2) error_x=-0.013 yaw_deg=-52.39 height=72.9px height_norm=0.304 margin=56.14 distance=0.22010089239250005
[exp2] phase=continuous_center center_error=-0.013 raw_yaw_deg=-52.39 calibrated_yaw_deg=-52.39 target_yaw_deg=0.00 yaw_source=calibrated_pnp corner_error_deg=43.45 height_norm=0.304
[exp2] continuous center correction direction=forward
[tag] backend=pupil_apriltags id=0 center=(155.7,190.2) error_x=-0.013 yaw_deg=-52.39 height=72.9px height_norm=0.304 margin=56.25 distance=0.2201179565972157
[exp2] phase=continuous_center center_error=-0.013 raw_yaw_deg=-52.39 calibrated_yaw_deg=-52.39 target_yaw_deg=0.00 yaw_source=calibrated_pnp corner_error_deg=43.46 height_norm=0.304
[exp2] continuous center correction direction=forward
[tag] backend=pupil_apriltags id=0 center=(156.7,190.1) error_x=-0.010 yaw_deg=-52.59 height=72.8px height_norm=0.303 margin=56.34 distance=0.22109942867018859
[exp2] phase=continuous_center center_error=-0.010 raw_yaw_deg=-52.59 calibrated_yaw_deg=-52.59 target_yaw_deg=0.00 yaw_source=calibrated_pnp corner_error_deg=43.23 height_norm=0.303
[map] motion direction=forward speed=0.2 effective_seconds=0.20799803733825684 pose={'x_m': -0.3345692789279243, 'y_m': -0.12949464655159967, 'heading_rad': 0.9736816670983197}
[base] continuous stop label=exp2_center_align elapsed=0.208s
[base] stop
[exp2] center accepted; switching to yaw after 0.200s
[base] stop
[base] stop
[base] stop
[base] stop
[base] stop
[base] stop
[base] stop
[base] stop
[base] stop
[tag] backend=pupil_apriltags id=0 center=(162.2,190.3) error_x=0.007 yaw_deg=-53.98 height=73.4px height_norm=0.306 margin=56.81 distance=0.21915033950493318
[exp2] phase=continuous_yaw center_error=0.007 raw_yaw_deg=-53.98 calibrated_yaw_deg=-53.98 target_yaw_deg=0.00 yaw_source=calibrated_pnp corner_error_deg=45.59 height_norm=0.306
[base] continuous start label=exp2_yaw_align direction=left requested_speed=0.15 effective_speed=0.15
[exp2] continuous yaw correction direction=left
[tag] backend=pupil_apriltags id=0 center=(162.2,190.2) error_x=0.007 yaw_deg=-53.74 height=73.0px height_norm=0.304 margin=56.46 distance=0.22009762274094832
[exp2] phase=continuous_yaw center_error=0.007 raw_yaw_deg=-53.74 calibrated_yaw_deg=-53.74 target_yaw_deg=0.00 yaw_source=calibrated_pnp corner_error_deg=45.27 height_norm=0.304
[exp2] continuous yaw correction direction=left
[tag] backend=pupil_apriltags id=0 center=(162.7,190.4) error_x=0.008 yaw_deg=-54.06 height=73.2px height_norm=0.305 margin=56.44 distance=0.21953819558927964
[exp2] phase=continuous_yaw center_error=0.008 raw_yaw_deg=-54.06 calibrated_yaw_deg=-54.06 target_yaw_deg=0.00 yaw_source=calibrated_pnp corner_error_deg=45.93 height_norm=0.305
[exp2] continuous yaw correction direction=left
[tag] backend=pupil_apriltags id=0 center=(163.0,190.4) error_x=0.009 yaw_deg=-54.02 height=73.2px height_norm=0.305 margin=56.97 distance=0.21962276581215043
[exp2] phase=continuous_yaw center_error=0.009 raw_yaw_deg=-54.02 calibrated_yaw_deg=-54.02 target_yaw_deg=0.00 yaw_source=calibrated_pnp corner_error_deg=46.30 height_norm=0.305
[exp2] continuous yaw correction direction=left
[tag] backend=pupil_apriltags id=0 center=(165.3,190.0) error_x=0.016 yaw_deg=-54.31 height=72.9px height_norm=0.304 margin=56.72 distance=0.2203115454796303
[exp2] phase=continuous_yaw center_error=0.016 raw_yaw_deg=-54.31 calibrated_yaw_deg=-54.31 target_yaw_deg=0.00 yaw_source=calibrated_pnp corner_error_deg=46.29 height_norm=0.304
[map] motion direction=left speed=0.15 effective_seconds=0.26878809928894043 pose={'x_m': -0.3345692789279243, 'y_m': -0.12949464655159967, 'heading_rad': 0.9330844210358888}
[base] continuous stop label=exp2_yaw_align elapsed=0.269s
[base] stop
[exp2] continuous x guard preempted yaw error=0.016 limit=0.012; camera_settle_seconds=0.200
[base] stop
[base] stop
[base] stop
[base] stop
[base] stop
[base] stop
[base] stop
[base] stop
[base] stop
[tag] backend=pupil_apriltags id=0 center=(169.9,189.5) error_x=0.031 yaw_deg=-54.87 height=72.8px height_norm=0.303 margin=57.36 distance=0.21999646901126757
[exp2] phase=continuous_center center_error=0.031 raw_yaw_deg=-54.87 calibrated_yaw_deg=-54.87 target_yaw_deg=0.00 yaw_source=calibrated_pnp corner_error_deg=46.62 height_norm=0.303
[base] continuous start label=exp2_center_align direction=backward requested_speed=0.2 effective_speed=0.2
[exp2] continuous center correction direction=backward
[tag] backend=pupil_apriltags id=0 center=(169.9,189.5) error_x=0.031 yaw_deg=-55.0 height=73.0px height_norm=0.304 margin=57.29 distance=0.219407206660849
[exp2] phase=continuous_center center_error=0.031 raw_yaw_deg=-55.0 calibrated_yaw_deg=-55.0 target_yaw_deg=0.00 yaw_source=calibrated_pnp corner_error_deg=46.74 height_norm=0.304
[exp2] continuous center correction direction=backward
[tag] backend=pupil_apriltags id=0 center=(169.1,189.3) error_x=0.029 yaw_deg=-54.38 height=72.5px height_norm=0.302 margin=57.28 distance=0.22140330868099262
[exp2] phase=continuous_center center_error=0.029 raw_yaw_deg=-54.38 calibrated_yaw_deg=-54.38 target_yaw_deg=0.00 yaw_source=calibrated_pnp corner_error_deg=46.39 height_norm=0.302
[exp2] continuous center correction direction=backward
[tag] backend=pupil_apriltags id=0 center=(167.0,189.6) error_x=0.022 yaw_deg=-53.95 height=72.6px height_norm=0.302 margin=57.08 distance=0.220616050481075
[exp2] phase=continuous_center center_error=0.022 raw_yaw_deg=-53.95 calibrated_yaw_deg=-53.95 target_yaw_deg=0.00 yaw_source=calibrated_pnp corner_error_deg=46.18 height_norm=0.302
[exp2] continuous center correction direction=backward
[tag] backend=pupil_apriltags id=0 center=(164.6,189.4) error_x=0.014 yaw_deg=-53.63 height=72.6px height_norm=0.302 margin=56.51 distance=0.22023032340960647
[exp2] phase=continuous_center center_error=0.014 raw_yaw_deg=-53.63 calibrated_yaw_deg=-53.63 target_yaw_deg=0.00 yaw_source=calibrated_pnp corner_error_deg=45.07 height_norm=0.302
[exp2] continuous center correction direction=backward
[tag] backend=pupil_apriltags id=0 center=(161.9,189.3) error_x=0.006 yaw_deg=-53.49 height=72.9px height_norm=0.304 margin=56.73 distance=0.21897852339905305
[exp2] phase=continuous_center center_error=0.006 raw_yaw_deg=-53.49 calibrated_yaw_deg=-53.49 target_yaw_deg=0.00 yaw_source=calibrated_pnp corner_error_deg=44.70 height_norm=0.304
[map] motion direction=backward speed=0.2 effective_seconds=0.3516242504119873 pose={'x_m': -0.34375105068845513, 'y_m': -0.1362982786017209, 'heading_rad': 0.9330844210358888}
[base] continuous stop label=exp2_center_align elapsed=0.352s
[base] stop
[exp2] center accepted; switching to yaw after 0.200s
[base] stop
[base] stop
[base] stop
[base] stop
[base] stop
[base] stop
[base] stop
[base] stop
[base] stop
[tag] backend=pupil_apriltags id=0 center=(156.4,189.2) error_x=-0.011 yaw_deg=-51.78 height=72.7px height_norm=0.303 margin=55.89 distance=0.21981517122933397
[exp2] phase=continuous_yaw center_error=-0.011 raw_yaw_deg=-51.78 calibrated_yaw_deg=-51.78 target_yaw_deg=0.00 yaw_source=calibrated_pnp corner_error_deg=42.54 height_norm=0.303
[base] continuous start label=exp2_yaw_align direction=left requested_speed=0.15 effective_speed=0.15
[exp2] continuous yaw correction direction=left
[tag] backend=pupil_apriltags id=0 center=(156.4,189.2) error_x=-0.011 yaw_deg=-51.78 height=72.7px height_norm=0.303 margin=55.61 distance=0.219956289211912
[exp2] phase=continuous_yaw center_error=-0.011 raw_yaw_deg=-51.78 calibrated_yaw_deg=-51.78 target_yaw_deg=0.00 yaw_source=calibrated_pnp corner_error_deg=42.43 height_norm=0.303
[exp2] continuous yaw correction direction=left
[tag] backend=pupil_apriltags id=0 center=(156.3,189.1) error_x=-0.012 yaw_deg=-51.64 height=72.5px height_norm=0.302 margin=55.74 distance=0.2203752759636168
[exp2] phase=continuous_yaw center_error=-0.012 raw_yaw_deg=-51.64 calibrated_yaw_deg=-51.64 target_yaw_deg=0.00 yaw_source=calibrated_pnp corner_error_deg=42.28 height_norm=0.302
[exp2] continuous yaw correction direction=left
[tag] backend=pupil_apriltags id=0 center=(156.9,189.0) error_x=-0.010 yaw_deg=-51.52 height=72.0px height_norm=0.300 margin=56.24 distance=0.222236683579004
[exp2] phase=continuous_yaw center_error=-0.010 raw_yaw_deg=-51.52 calibrated_yaw_deg=-51.52 target_yaw_deg=0.00 yaw_source=calibrated_pnp corner_error_deg=41.69 height_norm=0.300
[exp2] continuous yaw correction direction=left
[tag] backend=pupil_apriltags id=0 center=(158.4,189.0) error_x=-0.005 yaw_deg=-52.1 height=72.3px height_norm=0.301 margin=56.15 distance=0.22105836869390355
[exp2] phase=continuous_yaw center_error=-0.005 raw_yaw_deg=-52.1 calibrated_yaw_deg=-52.1 target_yaw_deg=0.00 yaw_source=calibrated_pnp corner_error_deg=43.03 height_norm=0.301
[exp2] continuous yaw correction direction=left
[tag] backend=pupil_apriltags id=0 center=(160.5,188.8) error_x=0.001 yaw_deg=-52.0 height=71.9px height_norm=0.300 margin=56.32 distance=0.2215967682916854
[exp2] phase=continuous_yaw center_error=0.001 raw_yaw_deg=-52.0 calibrated_yaw_deg=-52.0 target_yaw_deg=0.00 yaw_source=calibrated_pnp corner_error_deg=42.59 height_norm=0.300
[exp2] continuous yaw correction direction=left
[tag] backend=pupil_apriltags id=0 center=(163.5,188.6) error_x=0.011 yaw_deg=-52.07 height=71.8px height_norm=0.299 margin=56.38 distance=0.22148557188356227
[exp2] phase=continuous_yaw center_error=0.011 raw_yaw_deg=-52.07 calibrated_yaw_deg=-52.07 target_yaw_deg=0.00 yaw_source=calibrated_pnp corner_error_deg=43.81 height_norm=0.299
[exp2] continuous yaw correction direction=left
[tag] backend=pupil_apriltags id=0 center=(164.7,188.6) error_x=0.015 yaw_deg=-52.33 height=71.7px height_norm=0.299 margin=56.78 distance=0.2211517624506931
[exp2] phase=continuous_yaw center_error=0.015 raw_yaw_deg=-52.33 calibrated_yaw_deg=-52.33 target_yaw_deg=0.00 yaw_source=calibrated_pnp corner_error_deg=44.00 height_norm=0.299
[map] motion direction=left speed=0.15 effective_seconds=0.4665653705596924 pose={'x_m': -0.34375105068845513, 'y_m': -0.1362982786017209, 'heading_rad': 0.8626152700469554}
[base] continuous stop label=exp2_yaw_align elapsed=0.467s
[base] stop
[exp2] continuous x guard preempted yaw error=0.015 limit=0.012; camera_settle_seconds=0.200
[base] stop
[base] stop
[base] stop
[base] stop
[base] stop
[base] stop
[base] stop
[base] stop
[base] stop
[tag] backend=pupil_apriltags id=0 center=(168.9,187.9) error_x=0.028 yaw_deg=-52.63 height=71.5px height_norm=0.298 margin=57.39 distance=0.22141252202452702
[exp2] phase=continuous_center center_error=0.028 raw_yaw_deg=-52.63 calibrated_yaw_deg=-52.63 target_yaw_deg=0.00 yaw_source=calibrated_pnp corner_error_deg=44.19 height_norm=0.298
[base] continuous start label=exp2_center_align direction=backward requested_speed=0.2 effective_speed=0.2
[exp2] continuous center correction direction=backward
[tag] backend=pupil_apriltags id=0 center=(169.0,187.9) error_x=0.028 yaw_deg=-52.61 height=71.5px height_norm=0.298 margin=57.46 distance=0.22150604651960726
[exp2] phase=continuous_center center_error=0.028 raw_yaw_deg=-52.61 calibrated_yaw_deg=-52.61 target_yaw_deg=0.00 yaw_source=calibrated_pnp corner_error_deg=44.40 height_norm=0.298
[exp2] continuous center correction direction=backward
[tag] backend=pupil_apriltags id=0 center=(168.3,187.8) error_x=0.026 yaw_deg=-52.41 height=71.2px height_norm=0.297 margin=55.46 distance=0.22236241778183105
[exp2] phase=continuous_center center_error=0.026 raw_yaw_deg=-52.41 calibrated_yaw_deg=-52.41 target_yaw_deg=0.00 yaw_source=calibrated_pnp corner_error_deg=44.19 height_norm=0.297
[exp2] continuous center correction direction=backward
[tag] backend=pupil_apriltags id=0 center=(165.6,188.1) error_x=0.018 yaw_deg=-51.73 height=71.0px height_norm=0.296 margin=54.38 distance=0.22238451366459439
[exp2] phase=continuous_center center_error=0.018 raw_yaw_deg=-51.73 calibrated_yaw_deg=-51.73 target_yaw_deg=0.00 yaw_source=calibrated_pnp corner_error_deg=43.93 height_norm=0.296
[exp2] continuous center correction direction=backward
[tag] backend=pupil_apriltags id=0 center=(163.2,188.3) error_x=0.010 yaw_deg=-51.16 height=70.9px height_norm=0.296 margin=54.71 distance=0.22237382840818437
[exp2] phase=continuous_center center_error=0.010 raw_yaw_deg=-51.16 calibrated_yaw_deg=-51.16 target_yaw_deg=0.00 yaw_source=calibrated_pnp corner_error_deg=42.87 height_norm=0.296
[map] motion direction=backward speed=0.2 effective_seconds=0.27327728271484375 pose={'x_m': -0.3504969697581999, 'y_m': -0.14207528697739974, 'heading_rad': 0.8626152700469554}
[base] continuous stop label=exp2_center_align elapsed=0.273s
[base] stop
[exp2] center accepted; switching to yaw after 0.200s
[base] stop
[base] stop
[base] stop
[base] stop
[base] stop
[base] stop
[base] stop
[base] stop
[base] stop
[tag] backend=pupil_apriltags id=0 center=(158.7,188.0) error_x=-0.004 yaw_deg=-50.2 height=70.5px height_norm=0.294 margin=53.52 distance=0.22377077508648208
[exp2] phase=continuous_yaw center_error=-0.004 raw_yaw_deg=-50.2 calibrated_yaw_deg=-50.2 target_yaw_deg=0.00 yaw_source=calibrated_pnp corner_error_deg=40.85 height_norm=0.294
[base] continuous start label=exp2_yaw_align direction=left requested_speed=0.15 effective_speed=0.15
[exp2] continuous yaw correction direction=left
[tag] backend=pupil_apriltags id=0 center=(158.7,188.0) error_x=-0.004 yaw_deg=-50.21 height=70.5px height_norm=0.294 margin=53.35 distance=0.223729860873129
[exp2] phase=continuous_yaw center_error=-0.004 raw_yaw_deg=-50.21 calibrated_yaw_deg=-50.21 target_yaw_deg=0.00 yaw_source=calibrated_pnp corner_error_deg=40.89 height_norm=0.294
[exp2] continuous yaw correction direction=left
[tag] backend=pupil_apriltags id=0 center=(158.7,188.0) error_x=-0.004 yaw_deg=-50.18 height=70.5px height_norm=0.294 margin=53.12 distance=0.22372020508594556
[exp2] phase=continuous_yaw center_error=-0.004 raw_yaw_deg=-50.18 calibrated_yaw_deg=-50.18 target_yaw_deg=0.00 yaw_source=calibrated_pnp corner_error_deg=40.89 height_norm=0.294
[exp2] continuous yaw correction direction=left
[tag] backend=pupil_apriltags id=0 center=(159.9,187.8) error_x=-0.000 yaw_deg=-50.38 height=70.5px height_norm=0.294 margin=53.73 distance=0.224121699431407
[exp2] phase=continuous_yaw center_error=-0.000 raw_yaw_deg=-50.38 calibrated_yaw_deg=-50.38 target_yaw_deg=0.00 yaw_source=calibrated_pnp corner_error_deg=41.36 height_norm=0.294
[exp2] continuous yaw correction direction=left
[tag] backend=pupil_apriltags id=0 center=(162.6,187.5) error_x=0.008 yaw_deg=-50.82 height=70.9px height_norm=0.295 margin=53.80 distance=0.222258818764332
[exp2] phase=continuous_yaw center_error=0.008 raw_yaw_deg=-50.82 calibrated_yaw_deg=-50.82 target_yaw_deg=0.00 yaw_source=calibrated_pnp corner_error_deg=41.67 height_norm=0.295
[exp2] continuous yaw correction direction=left
[tag] backend=pupil_apriltags id=0 center=(165.1,187.3) error_x=0.016 yaw_deg=-50.89 height=70.8px height_norm=0.295 margin=53.90 distance=0.22219974430167178
[exp2] phase=continuous_yaw center_error=0.016 raw_yaw_deg=-50.89 calibrated_yaw_deg=-50.89 target_yaw_deg=0.00 yaw_source=calibrated_pnp corner_error_deg=42.60 height_norm=0.295
[map] motion direction=left speed=0.15 effective_seconds=0.3459756374359131 pose={'x_m': -0.3504969697581999, 'y_m': -0.14207528697739974, 'heading_rad': 0.8103597642349465}
[base] continuous stop label=exp2_yaw_align elapsed=0.346s
[base] stop
[exp2] continuous x guard preempted yaw error=0.016 limit=0.012; camera_settle_seconds=0.200
[base] stop
[base] stop
[base] stop
[base] stop
[base] stop
[base] stop
[base] stop
[base] stop
[base] stop
[tag] backend=pupil_apriltags id=0 center=(168.6,187.0) error_x=0.027 yaw_deg=-50.98 height=70.2px height_norm=0.292 margin=53.87 distance=0.22366182063354276
[exp2] phase=continuous_center center_error=0.027 raw_yaw_deg=-50.98 calibrated_yaw_deg=-50.98 target_yaw_deg=0.00 yaw_source=calibrated_pnp corner_error_deg=42.71 height_norm=0.292
[base] continuous start label=exp2_center_align direction=backward requested_speed=0.2 effective_speed=0.2
[exp2] continuous center correction direction=backward
[tag] backend=pupil_apriltags id=0 center=(168.5,187.0) error_x=0.027 yaw_deg=-51.06 height=70.4px height_norm=0.293 margin=53.73 distance=0.22326002244916993
[exp2] phase=continuous_center center_error=0.027 raw_yaw_deg=-51.06 calibrated_yaw_deg=-51.06 target_yaw_deg=0.00 yaw_source=calibrated_pnp corner_error_deg=43.01 height_norm=0.293
[exp2] continuous center correction direction=backward
[tag] backend=pupil_apriltags id=0 center=(167.9,186.9) error_x=0.025 yaw_deg=-50.58 height=70.0px height_norm=0.292 margin=53.54 distance=0.22423673801591057
[exp2] phase=continuous_center center_error=0.025 raw_yaw_deg=-50.58 calibrated_yaw_deg=-50.58 target_yaw_deg=0.00 yaw_source=calibrated_pnp corner_error_deg=42.51 height_norm=0.292
[exp2] continuous center correction direction=backward
[tag] backend=pupil_apriltags id=0 center=(166.2,186.9) error_x=0.019 yaw_deg=-50.12 height=70.2px height_norm=0.292 margin=53.71 distance=0.22384631507225333
[exp2] phase=continuous_center center_error=0.019 raw_yaw_deg=-50.12 calibrated_yaw_deg=-50.12 target_yaw_deg=0.00 yaw_source=calibrated_pnp corner_error_deg=41.77 height_norm=0.292
[exp2] continuous center correction direction=backward
[tag] backend=pupil_apriltags id=0 center=(164.6,187.0) error_x=0.014 yaw_deg=-49.99 height=69.9px height_norm=0.291 margin=53.39 distance=0.2237105693196001
[exp2] phase=continuous_center center_error=0.014 raw_yaw_deg=-49.99 calibrated_yaw_deg=-49.99 target_yaw_deg=0.00 yaw_source=calibrated_pnp corner_error_deg=41.69 height_norm=0.291
[exp2] continuous center correction direction=backward
[tag] backend=pupil_apriltags id=0 center=(161.6,186.8) error_x=0.005 yaw_deg=-49.49 height=69.8px height_norm=0.291 margin=53.40 distance=0.2242251159026981
[exp2] phase=continuous_center center_error=0.005 raw_yaw_deg=-49.49 calibrated_yaw_deg=-49.49 target_yaw_deg=0.00 yaw_source=calibrated_pnp corner_error_deg=40.56 height_norm=0.291
[map] motion direction=backward speed=0.2 effective_seconds=0.3503446578979492 pose={'x_m': -0.35874667327553655, 'y_m': -0.1499230875470046, 'heading_rad': 0.8103597642349465}
[base] continuous stop label=exp2_center_align elapsed=0.350s
[base] stop
[exp2] center accepted; switching to yaw after 0.200s
[base] stop
[base] stop
[base] stop
[base] stop
[base] stop
[base] stop
[base] stop
[base] stop
[base] stop
[tag] backend=pupil_apriltags id=0 center=(155.7,186.9) error_x=-0.013 yaw_deg=-47.91 height=69.5px height_norm=0.290 margin=52.53 distance=0.22514296220732974
[exp2] phase=continuous_yaw center_error=-0.013 raw_yaw_deg=-47.91 calibrated_yaw_deg=-47.91 target_yaw_deg=0.00 yaw_source=calibrated_pnp corner_error_deg=37.50 height_norm=0.290
[base] stop
[exp2] continuous x guard preempted yaw error=-0.013 limit=0.012; camera_settle_seconds=0.200
[base] stop
[base] stop
[base] stop
[base] stop
[base] stop
[base] stop
[base] stop
[base] stop
[base] stop
[tag] backend=pupil_apriltags id=0 center=(155.6,186.9) error_x=-0.014 yaw_deg=-47.83 height=69.6px height_norm=0.290 margin=52.71 distance=0.22496356924331276
[exp2] phase=continuous_center center_error=-0.014 raw_yaw_deg=-47.83 calibrated_yaw_deg=-47.83 target_yaw_deg=0.00 yaw_source=calibrated_pnp corner_error_deg=37.48 height_norm=0.290
[base] continuous start label=exp2_center_align direction=forward requested_speed=0.2 effective_speed=0.2
[exp2] continuous center correction direction=forward
[tag] backend=pupil_apriltags id=0 center=(155.6,186.9) error_x=-0.014 yaw_deg=-47.85 height=69.6px height_norm=0.290 margin=52.44 distance=0.22490463629823637
[exp2] phase=continuous_center center_error=-0.014 raw_yaw_deg=-47.85 calibrated_yaw_deg=-47.85 target_yaw_deg=0.00 yaw_source=calibrated_pnp corner_error_deg=37.56 height_norm=0.290
[exp2] continuous center correction direction=forward
[tag] backend=pupil_apriltags id=0 center=(155.6,187.0) error_x=-0.014 yaw_deg=-47.87 height=69.5px height_norm=0.290 margin=52.53 distance=0.22542633198635362
[exp2] phase=continuous_center center_error=-0.014 raw_yaw_deg=-47.87 calibrated_yaw_deg=-47.87 target_yaw_deg=0.00 yaw_source=calibrated_pnp corner_error_deg=37.88 height_norm=0.290
[exp2] continuous center correction direction=forward
[tag] backend=pupil_apriltags id=0 center=(156.8,186.9) error_x=-0.010 yaw_deg=-48.26 height=69.4px height_norm=0.289 margin=52.80 distance=0.22561136427002382
[exp2] phase=continuous_center center_error=-0.010 raw_yaw_deg=-48.26 calibrated_yaw_deg=-48.26 target_yaw_deg=0.00 yaw_source=calibrated_pnp corner_error_deg=38.07 height_norm=0.289
[map] motion direction=forward speed=0.2 effective_seconds=0.22949695587158203 pose={'x_m': -0.35334261815041645, 'y_m': -0.14478230317821253, 'heading_rad': 0.8103597642349465}
[base] continuous stop label=exp2_center_align elapsed=0.229s
[base] stop
[exp2] center accepted; switching to yaw after 0.200s
[base] stop
[base] stop
[base] stop
[base] stop
[base] stop
[base] stop
[base] stop
[base] stop
[base] stop
[tag] backend=pupil_apriltags id=0 center=(163.0,187.1) error_x=0.009 yaw_deg=-49.93 height=70.3px height_norm=0.293 margin=53.39 distance=0.22277383725756206
[exp2] phase=continuous_yaw center_error=0.009 raw_yaw_deg=-49.93 calibrated_yaw_deg=-49.93 target_yaw_deg=0.00 yaw_source=calibrated_pnp corner_error_deg=40.70 height_norm=0.293
[base] continuous start label=exp2_yaw_align direction=left requested_speed=0.15 effective_speed=0.15
[exp2] continuous yaw correction direction=left
[tag] backend=pupil_apriltags id=0 center=(163.0,187.1) error_x=0.009 yaw_deg=-50.03 height=70.4px height_norm=0.293 margin=53.24 distance=0.2224732739193013
[exp2] phase=continuous_yaw center_error=0.009 raw_yaw_deg=-50.03 calibrated_yaw_deg=-50.03 target_yaw_deg=0.00 yaw_source=calibrated_pnp corner_error_deg=40.90 height_norm=0.293
[exp2] continuous yaw correction direction=left
[tag] backend=pupil_apriltags id=0 center=(163.6,187.1) error_x=0.011 yaw_deg=-49.96 height=70.2px height_norm=0.293 margin=53.27 distance=0.22341951803282406
[exp2] phase=continuous_yaw center_error=0.011 raw_yaw_deg=-49.96 calibrated_yaw_deg=-49.96 target_yaw_deg=0.00 yaw_source=calibrated_pnp corner_error_deg=41.32 height_norm=0.293
[exp2] continuous yaw correction direction=left
[tag] backend=pupil_apriltags id=0 center=(165.4,186.8) error_x=0.017 yaw_deg=-49.79 height=69.6px height_norm=0.290 margin=54.05 distance=0.22522091037094755
[exp2] phase=continuous_yaw center_error=0.017 raw_yaw_deg=-49.79 calibrated_yaw_deg=-49.79 target_yaw_deg=0.00 yaw_source=calibrated_pnp corner_error_deg=41.02 height_norm=0.290
[map] motion direction=left speed=0.15 effective_seconds=0.23592233657836914 pose={'x_m': -0.35334261815041645, 'y_m': -0.14478230317821253, 'heading_rad': 0.7747265008016582}
[base] continuous stop label=exp2_yaw_align elapsed=0.236s
[base] stop
[exp2] continuous x guard preempted yaw error=0.017 limit=0.012; camera_settle_seconds=0.200
[base] stop
[base] stop
[base] stop
[base] stop
[base] stop
[base] stop
[base] stop
[base] stop
[base] stop
[tag] backend=pupil_apriltags id=0 center=(169.4,186.3) error_x=0.029 yaw_deg=-50.8 height=69.9px height_norm=0.291 margin=54.25 distance=0.2235833174684788
[exp2] phase=continuous_center center_error=0.029 raw_yaw_deg=-50.8 calibrated_yaw_deg=-50.8 target_yaw_deg=0.00 yaw_source=calibrated_pnp corner_error_deg=42.08 height_norm=0.291
[base] continuous start label=exp2_center_align direction=backward requested_speed=0.2 effective_speed=0.2
[exp2] continuous center correction direction=backward
[tag] backend=pupil_apriltags id=0 center=(169.4,186.3) error_x=0.029 yaw_deg=-50.76 height=69.9px height_norm=0.291 margin=54.18 distance=0.2235265143158072
[exp2] phase=continuous_center center_error=0.029 raw_yaw_deg=-50.76 calibrated_yaw_deg=-50.76 target_yaw_deg=0.00 yaw_source=calibrated_pnp corner_error_deg=42.03 height_norm=0.291
[exp2] continuous center correction direction=backward
[tag] backend=pupil_apriltags id=0 center=(168.5,186.1) error_x=0.027 yaw_deg=-50.45 height=69.9px height_norm=0.291 margin=54.04 distance=0.22384325066186914
[exp2] phase=continuous_center center_error=0.027 raw_yaw_deg=-50.45 calibrated_yaw_deg=-50.45 target_yaw_deg=0.00 yaw_source=calibrated_pnp corner_error_deg=42.11 height_norm=0.291
[exp2] continuous center correction direction=backward
[tag] backend=pupil_apriltags id=0 center=(166.2,186.5) error_x=0.019 yaw_deg=-49.67 height=69.3px height_norm=0.289 margin=53.85 distance=0.22504543478324138
[exp2] phase=continuous_center center_error=0.019 raw_yaw_deg=-49.67 calibrated_yaw_deg=-49.67 target_yaw_deg=0.00 yaw_source=calibrated_pnp corner_error_deg=41.46 height_norm=0.289
[exp2] continuous center correction direction=backward
[tag] backend=pupil_apriltags id=0 center=(163.6,186.6) error_x=0.011 yaw_deg=-49.18 height=69.2px height_norm=0.288 margin=53.57 distance=0.2249625179327807
[exp2] phase=continuous_center center_error=0.011 raw_yaw_deg=-49.18 calibrated_yaw_deg=-49.18 target_yaw_deg=0.00 yaw_source=calibrated_pnp corner_error_deg=40.23 height_norm=0.288
[map] motion direction=backward speed=0.2 effective_seconds=0.2821521759033203 pose={'x_m': -0.3597571845900795, 'y_m': -0.15133525990333052, 'heading_rad': 0.7747265008016582}
[base] continuous stop label=exp2_center_align elapsed=0.282s
[base] stop
[exp2] center accepted; switching to yaw after 0.200s
[base] stop
[base] stop
[base] stop
[base] stop
[base] stop
[base] stop
[base] stop
[base] stop
[base] stop
[tag] backend=pupil_apriltags id=0 center=(157.4,186.7) error_x=-0.008 yaw_deg=-47.9 height=69.0px height_norm=0.287 margin=52.98 distance=0.22572702652829033
[exp2] phase=continuous_yaw center_error=-0.008 raw_yaw_deg=-47.9 calibrated_yaw_deg=-47.9 target_yaw_deg=0.00 yaw_source=calibrated_pnp corner_error_deg=38.95 height_norm=0.287
[base] continuous start label=exp2_yaw_align direction=left requested_speed=0.15 effective_speed=0.15
[exp2] continuous yaw correction direction=left
[tag] backend=pupil_apriltags id=0 center=(157.5,186.7) error_x=-0.008 yaw_deg=-47.79 height=68.8px height_norm=0.287 margin=53.03 distance=0.2259209828339174
[exp2] phase=continuous_yaw center_error=-0.008 raw_yaw_deg=-47.79 calibrated_yaw_deg=-47.79 target_yaw_deg=0.00 yaw_source=calibrated_pnp corner_error_deg=38.98 height_norm=0.287
[exp2] continuous yaw correction direction=left
[tag] backend=pupil_apriltags id=0 center=(157.6,186.6) error_x=-0.008 yaw_deg=-47.69 height=68.7px height_norm=0.286 margin=53.07 distance=0.22634022168863177
[exp2] phase=continuous_yaw center_error=-0.008 raw_yaw_deg=-47.69 calibrated_yaw_deg=-47.69 target_yaw_deg=0.00 yaw_source=calibrated_pnp corner_error_deg=38.69 height_norm=0.286
[exp2] continuous yaw correction direction=left
[tag] backend=pupil_apriltags id=0 center=(158.5,186.1) error_x=-0.005 yaw_deg=-47.82 height=68.8px height_norm=0.287 margin=52.78 distance=0.2264291464614915
[exp2] phase=continuous_yaw center_error=-0.005 raw_yaw_deg=-47.82 calibrated_yaw_deg=-47.82 target_yaw_deg=0.00 yaw_source=calibrated_pnp corner_error_deg=38.59 height_norm=0.287
[exp2] continuous yaw correction direction=left
[tag] backend=pupil_apriltags id=0 center=(160.9,185.9) error_x=0.003 yaw_deg=-48.35 height=69.0px height_norm=0.287 margin=53.38 distance=0.22601029753363733
[exp2] phase=continuous_yaw center_error=0.003 raw_yaw_deg=-48.35 calibrated_yaw_deg=-48.35 target_yaw_deg=0.00 yaw_source=calibrated_pnp corner_error_deg=38.86 height_norm=0.287
[exp2] continuous yaw correction direction=left
[tag] backend=pupil_apriltags id=0 center=(163.3,185.9) error_x=0.010 yaw_deg=-48.86 height=69.3px height_norm=0.289 margin=53.56 distance=0.22443754554398848
[exp2] phase=continuous_yaw center_error=0.010 raw_yaw_deg=-48.86 calibrated_yaw_deg=-48.86 target_yaw_deg=0.00 yaw_source=calibrated_pnp corner_error_deg=39.54 height_norm=0.289
[exp2] continuous yaw correction direction=left
[tag] backend=pupil_apriltags id=0 center=(165.2,185.7) error_x=0.016 yaw_deg=-48.69 height=69.0px height_norm=0.288 margin=53.32 distance=0.22542122070692483
[exp2] phase=continuous_yaw center_error=0.016 raw_yaw_deg=-48.69 calibrated_yaw_deg=-48.69 target_yaw_deg=0.00 yaw_source=calibrated_pnp corner_error_deg=39.62 height_norm=0.288
[map] motion direction=left speed=0.15 effective_seconds=0.44051289558410645 pose={'x_m': -0.3597571845900795, 'y_m': -0.15133525990333052, 'heading_rad': 0.7081922663507596}
[base] continuous stop label=exp2_yaw_align elapsed=0.441s
[base] stop
[exp2] continuous x guard preempted yaw error=0.016 limit=0.012; camera_settle_seconds=0.200
[base] stop
[base] stop
[base] stop
[base] stop
[base] stop
[base] stop
[base] stop
[base] stop
[base] stop
[tag] backend=pupil_apriltags id=0 center=(169.0,185.4) error_x=0.028 yaw_deg=-48.99 height=68.1px height_norm=0.284 margin=53.83 distance=0.22756324809769993
[exp2] phase=continuous_center center_error=0.028 raw_yaw_deg=-48.99 calibrated_yaw_deg=-48.99 target_yaw_deg=0.00 yaw_source=calibrated_pnp corner_error_deg=40.44 height_norm=0.284
[base] continuous start label=exp2_center_align direction=backward requested_speed=0.2 effective_speed=0.2
[exp2] continuous center correction direction=backward
[tag] backend=pupil_apriltags id=0 center=(169.0,185.4) error_x=0.028 yaw_deg=-48.96 height=68.2px height_norm=0.284 margin=53.60 distance=0.22735412550466502
[exp2] phase=continuous_center center_error=0.028 raw_yaw_deg=-48.96 calibrated_yaw_deg=-48.96 target_yaw_deg=0.00 yaw_source=calibrated_pnp corner_error_deg=40.55 height_norm=0.284
[exp2] continuous center correction direction=backward
[tag] backend=pupil_apriltags id=0 center=(168.3,185.4) error_x=0.026 yaw_deg=-48.91 height=68.4px height_norm=0.285 margin=53.80 distance=0.2268370292432806
[exp2] phase=continuous_center center_error=0.026 raw_yaw_deg=-48.91 calibrated_yaw_deg=-48.91 target_yaw_deg=0.00 yaw_source=calibrated_pnp corner_error_deg=40.90 height_norm=0.285
[exp2] continuous center correction direction=backward
[tag] backend=pupil_apriltags id=0 center=(165.8,185.3) error_x=0.018 yaw_deg=-48.57 height=68.4px height_norm=0.285 margin=53.85 distance=0.22597427371664902
[exp2] phase=continuous_center center_error=0.018 raw_yaw_deg=-48.57 calibrated_yaw_deg=-48.57 target_yaw_deg=0.00 yaw_source=calibrated_pnp corner_error_deg=39.38 height_norm=0.285
[exp2] continuous center correction direction=backward
[tag] backend=pupil_apriltags id=0 center=(163.2,185.1) error_x=0.010 yaw_deg=-48.19 height=68.3px height_norm=0.284 margin=53.56 distance=0.22613109369480394
[exp2] phase=continuous_center center_error=0.010 raw_yaw_deg=-48.19 calibrated_yaw_deg=-48.19 target_yaw_deg=0.00 yaw_source=calibrated_pnp corner_error_deg=38.79 height_norm=0.284
[map] motion direction=backward speed=0.2 effective_seconds=0.299541711807251 pose={'x_m': -0.36608949883055497, 'y_m': -0.15872945208773198, 'heading_rad': 0.7081922663507596}
[base] continuous stop label=exp2_center_align elapsed=0.300s
[base] stop
[exp2] center accepted; switching to yaw after 0.200s
[base] stop
[base] stop
[base] stop
[base] stop
[base] stop
[base] stop
[base] stop
[base] stop
[base] stop
[tag] backend=pupil_apriltags id=0 center=(156.9,185.3) error_x=-0.010 yaw_deg=-46.29 height=67.7px height_norm=0.282 margin=52.63 distance=0.22787359520569364
[exp2] phase=continuous_yaw center_error=-0.010 raw_yaw_deg=-46.29 calibrated_yaw_deg=-46.29 target_yaw_deg=0.00 yaw_source=calibrated_pnp corner_error_deg=36.68 height_norm=0.282
[base] continuous start label=exp2_yaw_align direction=left requested_speed=0.15 effective_speed=0.15
[exp2] continuous yaw correction direction=left
[tag] backend=pupil_apriltags id=0 center=(156.8,185.3) error_x=-0.010 yaw_deg=-46.32 height=67.7px height_norm=0.282 margin=52.65 distance=0.22794189175390137
[exp2] phase=continuous_yaw center_error=-0.010 raw_yaw_deg=-46.32 calibrated_yaw_deg=-46.32 target_yaw_deg=0.00 yaw_source=calibrated_pnp corner_error_deg=36.79 height_norm=0.282
[exp2] continuous yaw correction direction=left
[tag] backend=pupil_apriltags id=0 center=(157.0,185.3) error_x=-0.009 yaw_deg=-46.5 height=67.9px height_norm=0.283 margin=52.52 distance=0.22743134486764296
[exp2] phase=continuous_yaw center_error=-0.009 raw_yaw_deg=-46.5 calibrated_yaw_deg=-46.5 target_yaw_deg=0.00 yaw_source=calibrated_pnp corner_error_deg=37.13 height_norm=0.283
[exp2] continuous yaw correction direction=left
[tag] backend=pupil_apriltags id=0 center=(159.6,185.1) error_x=-0.001 yaw_deg=-46.97 height=67.8px height_norm=0.282 margin=52.44 distance=0.22795057809670197
[exp2] phase=continuous_yaw center_error=-0.001 raw_yaw_deg=-46.97 calibrated_yaw_deg=-46.97 target_yaw_deg=0.00 yaw_source=calibrated_pnp corner_error_deg=37.43 height_norm=0.282
[exp2] continuous yaw correction direction=left
[tag] backend=pupil_apriltags id=0 center=(161.2,184.9) error_x=0.004 yaw_deg=-46.97 height=67.5px height_norm=0.281 margin=53.03 distance=0.22896135068340273
[exp2] phase=continuous_yaw center_error=0.004 raw_yaw_deg=-46.97 calibrated_yaw_deg=-46.97 target_yaw_deg=0.00 yaw_source=calibrated_pnp corner_error_deg=37.56 height_norm=0.281
[exp2] continuous yaw correction direction=left
[tag] backend=pupil_apriltags id=0 center=(163.3,184.9) error_x=0.010 yaw_deg=-47.65 height=67.8px height_norm=0.283 margin=53.08 distance=0.22708319836357013
[exp2] phase=continuous_yaw center_error=0.010 raw_yaw_deg=-47.65 calibrated_yaw_deg=-47.65 target_yaw_deg=0.00 yaw_source=calibrated_pnp corner_error_deg=38.09 height_norm=0.283
[exp2] continuous yaw correction direction=left
[tag] backend=pupil_apriltags id=0 center=(164.9,184.6) error_x=0.015 yaw_deg=-47.27 height=67.6px height_norm=0.282 margin=53.40 distance=0.22819325727261067
[exp2] phase=continuous_yaw center_error=0.015 raw_yaw_deg=-47.27 calibrated_yaw_deg=-47.27 target_yaw_deg=0.00 yaw_source=calibrated_pnp corner_error_deg=38.27 height_norm=0.282
[map] motion direction=left speed=0.15 effective_seconds=0.4499399662017822 pose={'x_m': -0.36608949883055497, 'y_m': -0.15872945208773198, 'heading_rad': 0.6402341849865261}
[base] continuous stop label=exp2_yaw_align elapsed=0.450s
[base] stop
[exp2] continuous x guard preempted yaw error=0.015 limit=0.012; camera_settle_seconds=0.200
[base] stop
[base] stop
[base] stop
[base] stop
[base] stop
[base] stop
[base] stop
[base] stop
[base] stop
[tag] backend=pupil_apriltags id=0 center=(168.3,184.3) error_x=0.026 yaw_deg=-47.71 height=67.4px height_norm=0.281 margin=53.21 distance=0.22879282710025015
[exp2] phase=continuous_center center_error=0.026 raw_yaw_deg=-47.71 calibrated_yaw_deg=-47.71 target_yaw_deg=0.00 yaw_source=calibrated_pnp corner_error_deg=39.50 height_norm=0.281
[base] continuous start label=exp2_center_align direction=backward requested_speed=0.2 effective_speed=0.2
[exp2] continuous center correction direction=backward
[tag] backend=pupil_apriltags id=0 center=(168.4,184.3) error_x=0.026 yaw_deg=-47.83 height=67.5px height_norm=0.281 margin=53.14 distance=0.22844686368738668
[exp2] phase=continuous_center center_error=0.026 raw_yaw_deg=-47.83 calibrated_yaw_deg=-47.83 target_yaw_deg=0.00 yaw_source=calibrated_pnp corner_error_deg=39.74 height_norm=0.281
[exp2] continuous center correction direction=backward
[tag] backend=pupil_apriltags id=0 center=(168.1,184.2) error_x=0.025 yaw_deg=-48.01 height=67.5px height_norm=0.281 margin=53.65 distance=0.22777766378325712
[exp2] phase=continuous_center center_error=0.025 raw_yaw_deg=-48.01 calibrated_yaw_deg=-48.01 target_yaw_deg=0.00 yaw_source=calibrated_pnp corner_error_deg=38.76 height_norm=0.281
[exp2] continuous center correction direction=backward
[tag] backend=pupil_apriltags id=0 center=(165.4,184.3) error_x=0.017 yaw_deg=-47.09 height=66.9px height_norm=0.279 margin=53.06 distance=0.22937869665825597
[exp2] phase=continuous_center center_error=0.017 raw_yaw_deg=-47.09 calibrated_yaw_deg=-47.09 target_yaw_deg=0.00 yaw_source=calibrated_pnp corner_error_deg=37.81 height_norm=0.279
[exp2] continuous center correction direction=backward
[tag] backend=pupil_apriltags id=0 center=(163.3,184.6) error_x=0.010 yaw_deg=-46.84 height=67.0px height_norm=0.279 margin=53.18 distance=0.2287147321617258
[exp2] phase=continuous_center center_error=0.010 raw_yaw_deg=-46.84 calibrated_yaw_deg=-46.84 target_yaw_deg=0.00 yaw_source=calibrated_pnp corner_error_deg=37.56 height_norm=0.279
[map] motion direction=backward speed=0.2 effective_seconds=0.30657434463500977 pose={'x_m': -0.37204162626459736, 'y_m': -0.16671987280047623, 'heading_rad': 0.6402341849865261}
[base] continuous stop label=exp2_center_align elapsed=0.307s
[base] stop
[exp2] center accepted; switching to yaw after 0.200s
[base] stop
[base] stop
[base] stop
[base] stop
[base] stop
[base] stop
[base] stop
[base] stop
[base] stop
[tag] backend=pupil_apriltags id=0 center=(158.4,184.4) error_x=-0.005 yaw_deg=-45.46 height=66.5px height_norm=0.277 margin=52.16 distance=0.23031901042487654
[exp2] phase=continuous_yaw center_error=-0.005 raw_yaw_deg=-45.46 calibrated_yaw_deg=-45.46 target_yaw_deg=0.00 yaw_source=calibrated_pnp corner_error_deg=35.88 height_norm=0.277
[base] continuous start label=exp2_yaw_align direction=left requested_speed=0.15 effective_speed=0.15
[exp2] continuous yaw correction direction=left
[tag] backend=pupil_apriltags id=0 center=(158.4,184.4) error_x=-0.005 yaw_deg=-45.43 height=66.5px height_norm=0.277 margin=52.37 distance=0.23035609012233543
[exp2] phase=continuous_yaw center_error=-0.005 raw_yaw_deg=-45.43 calibrated_yaw_deg=-45.43 target_yaw_deg=0.00 yaw_source=calibrated_pnp corner_error_deg=35.86 height_norm=0.277
[exp2] continuous yaw correction direction=left
[tag] backend=pupil_apriltags id=0 center=(158.5,184.3) error_x=-0.005 yaw_deg=-45.41 height=66.5px height_norm=0.277 margin=52.31 distance=0.23039606604610552
[exp2] phase=continuous_yaw center_error=-0.005 raw_yaw_deg=-45.41 calibrated_yaw_deg=-45.41 target_yaw_deg=0.00 yaw_source=calibrated_pnp corner_error_deg=35.78 height_norm=0.277
[exp2] continuous yaw correction direction=left
[tag] backend=pupil_apriltags id=0 center=(159.4,184.2) error_x=-0.002 yaw_deg=-45.59 height=66.5px height_norm=0.277 margin=52.24 distance=0.23047688691551177
[exp2] phase=continuous_yaw center_error=-0.002 raw_yaw_deg=-45.59 calibrated_yaw_deg=-45.59 target_yaw_deg=0.00 yaw_source=calibrated_pnp corner_error_deg=35.98 height_norm=0.277
[exp2] continuous yaw correction direction=left
[tag] backend=pupil_apriltags id=0 center=(161.5,183.9) error_x=0.005 yaw_deg=-45.64 height=66.0px height_norm=0.275 margin=52.80 distance=0.23144836306141742
[exp2] phase=continuous_yaw center_error=0.005 raw_yaw_deg=-45.64 calibrated_yaw_deg=-45.64 target_yaw_deg=0.00 yaw_source=calibrated_pnp corner_error_deg=35.90 height_norm=0.275
[exp2] continuous yaw correction direction=left
[tag] backend=pupil_apriltags id=0 center=(163.5,184.1) error_x=0.011 yaw_deg=-46.35 height=66.5px height_norm=0.277 margin=52.91 distance=0.22975529529906813
[exp2] phase=continuous_yaw center_error=0.011 raw_yaw_deg=-46.35 calibrated_yaw_deg=-46.35 target_yaw_deg=0.00 yaw_source=calibrated_pnp corner_error_deg=37.04 height_norm=0.277
[exp2] continuous yaw correction direction=left
[tag] backend=pupil_apriltags id=0 center=(166.3,184.1) error_x=0.020 yaw_deg=-46.18 height=66.2px height_norm=0.276 margin=53.15 distance=0.23095118895534897
[exp2] phase=continuous_yaw center_error=0.020 raw_yaw_deg=-46.18 calibrated_yaw_deg=-46.18 target_yaw_deg=0.00 yaw_source=calibrated_pnp corner_error_deg=36.65 height_norm=0.276
[map] motion direction=left speed=0.15 effective_seconds=0.452160120010376 pose={'x_m': -0.37204162626459736, 'y_m': -0.16671987280047623, 'heading_rad': 0.5719407757908064}
[base] continuous stop label=exp2_yaw_align elapsed=0.452s
[base] stop
[exp2] continuous x guard preempted yaw error=0.020 limit=0.012; camera_settle_seconds=0.200
[base] stop
[base] stop
[base] stop
[base] stop
[base] stop
[base] stop
[base] stop
[base] stop
[base] stop
[tag] backend=pupil_apriltags id=0 center=(169.1,183.6) error_x=0.028 yaw_deg=-46.45 height=66.1px height_norm=0.276 margin=53.26 distance=0.23068415622885852
[exp2] phase=continuous_center center_error=0.028 raw_yaw_deg=-46.45 calibrated_yaw_deg=-46.45 target_yaw_deg=0.00 yaw_source=calibrated_pnp corner_error_deg=38.26 height_norm=0.276
[base] continuous start label=exp2_center_align direction=backward requested_speed=0.2 effective_speed=0.2
[exp2] continuous center correction direction=backward
[tag] backend=pupil_apriltags id=0 center=(169.0,183.6) error_x=0.028 yaw_deg=-46.18 height=66.0px height_norm=0.275 margin=53.29 distance=0.2312429849023583
[exp2] phase=continuous_center center_error=0.028 raw_yaw_deg=-46.18 calibrated_yaw_deg=-46.18 target_yaw_deg=0.00 yaw_source=calibrated_pnp corner_error_deg=37.95 height_norm=0.275
[exp2] continuous center correction direction=backward
[tag] backend=pupil_apriltags id=0 center=(168.3,183.7) error_x=0.026 yaw_deg=-46.73 height=66.3px height_norm=0.276 margin=53.44 distance=0.2296087630932566
[exp2] phase=continuous_center center_error=0.026 raw_yaw_deg=-46.73 calibrated_yaw_deg=-46.73 target_yaw_deg=0.00 yaw_source=calibrated_pnp corner_error_deg=37.87 height_norm=0.276
[exp2] continuous center correction direction=backward
[tag] backend=pupil_apriltags id=0 center=(166.5,183.7) error_x=0.020 yaw_deg=-45.9 height=66.0px height_norm=0.275 margin=53.06 distance=0.23044426583636357
[exp2] phase=continuous_center center_error=0.020 raw_yaw_deg=-45.9 calibrated_yaw_deg=-45.9 target_yaw_deg=0.00 yaw_source=calibrated_pnp corner_error_deg=36.32 height_norm=0.275
[exp2] continuous center correction direction=backward
[tag] backend=pupil_apriltags id=0 center=(164.5,183.8) error_x=0.014 yaw_deg=-45.54 height=65.9px height_norm=0.274 margin=52.65 distance=0.23031099999763732
[exp2] phase=continuous_center center_error=0.014 raw_yaw_deg=-45.54 calibrated_yaw_deg=-45.54 target_yaw_deg=0.00 yaw_source=calibrated_pnp corner_error_deg=36.37 height_norm=0.274
[exp2] continuous center correction direction=backward
[tag] backend=pupil_apriltags id=0 center=(161.7,183.9) error_x=0.005 yaw_deg=-45.03 height=65.6px height_norm=0.273 margin=52.27 distance=0.23115281699786258
[exp2] phase=continuous_center center_error=0.005 raw_yaw_deg=-45.03 calibrated_yaw_deg=-45.03 target_yaw_deg=0.00 yaw_source=calibrated_pnp corner_error_deg=35.88 height_norm=0.273
[map] motion direction=backward speed=0.2 effective_seconds=0.37717223167419434 pose={'x_m': -0.3786765050861128, 'y_m': -0.17702711967170068, 'heading_rad': 0.5719407757908064}
[base] continuous stop label=exp2_center_align elapsed=0.377s
[base] stop
[exp2] center accepted; switching to yaw after 0.200s
[base] stop
[base] stop
[base] stop
[base] stop
[base] stop
[base] stop
[base] stop
[base] stop
[base] stop
[tag] backend=pupil_apriltags id=0 center=(154.6,183.7) error_x=-0.017 yaw_deg=-43.15 height=65.4px height_norm=0.272 margin=52.14 distance=0.23204599399764406
[exp2] phase=continuous_yaw center_error=-0.017 raw_yaw_deg=-43.15 calibrated_yaw_deg=-43.15 target_yaw_deg=0.00 yaw_source=calibrated_pnp corner_error_deg=33.49 height_norm=0.272
[base] stop
[exp2] continuous x guard preempted yaw error=-0.017 limit=0.012; camera_settle_seconds=0.200
[base] stop
[base] stop
[base] stop
[base] stop
[base] stop
[base] stop
[base] stop
[base] stop
[base] stop
[tag] backend=pupil_apriltags id=0 center=(154.5,183.7) error_x=-0.017 yaw_deg=-43.15 height=65.4px height_norm=0.273 margin=50.40 distance=0.23192701696141368
[exp2] phase=continuous_center center_error=-0.017 raw_yaw_deg=-43.15 calibrated_yaw_deg=-43.15 target_yaw_deg=0.00 yaw_source=calibrated_pnp corner_error_deg=33.33 height_norm=0.273
[base] continuous start label=exp2_center_align direction=forward requested_speed=0.2 effective_speed=0.2
[exp2] continuous center correction direction=forward
[tag] backend=pupil_apriltags id=0 center=(154.5,183.7) error_x=-0.017 yaw_deg=-43.12 height=65.4px height_norm=0.273 margin=49.57 distance=0.23196302661903842
[exp2] phase=continuous_center center_error=-0.017 raw_yaw_deg=-43.12 calibrated_yaw_deg=-43.12 target_yaw_deg=0.00 yaw_source=calibrated_pnp corner_error_deg=33.43 height_norm=0.273
[exp2] continuous center correction direction=forward
[tag] backend=pupil_apriltags id=0 center=(155.2,183.8) error_x=-0.015 yaw_deg=-43.56 height=65.4px height_norm=0.273 margin=48.90 distance=0.2327819600339574
[exp2] phase=continuous_center center_error=-0.015 raw_yaw_deg=-43.56 calibrated_yaw_deg=-43.56 target_yaw_deg=0.00 yaw_source=calibrated_pnp corner_error_deg=32.83 height_norm=0.273
[exp2] continuous center correction direction=forward
[tag] backend=pupil_apriltags id=0 center=(158.0,183.9) error_x=-0.006 yaw_deg=-44.28 height=65.6px height_norm=0.273 margin=50.06 distance=0.23219228624243016
[exp2] phase=continuous_center center_error=-0.006 raw_yaw_deg=-44.28 calibrated_yaw_deg=-44.28 target_yaw_deg=0.00 yaw_source=calibrated_pnp corner_error_deg=34.30 height_norm=0.273
[map] motion direction=forward speed=0.2 effective_seconds=0.24504661560058594 pose={'x_m': -0.37436586272276723, 'y_m': -0.17033056104451347, 'heading_rad': 0.5719407757908064}
[base] continuous stop label=exp2_center_align elapsed=0.245s
[base] stop
[exp2] center accepted; switching to yaw after 0.200s
[base] stop
[base] stop
[base] stop
[base] stop
[base] stop
[base] stop
[base] stop
[base] stop
[base] stop
[tag] backend=pupil_apriltags id=0 center=(163.7,183.9) error_x=0.012 yaw_deg=-45.41 height=66.0px height_norm=0.275 margin=50.89 distance=0.23005143681724324
[exp2] phase=continuous_yaw center_error=0.012 raw_yaw_deg=-45.41 calibrated_yaw_deg=-45.41 target_yaw_deg=0.00 yaw_source=calibrated_pnp corner_error_deg=36.57 height_norm=0.275
[base] continuous start label=exp2_yaw_align direction=left requested_speed=0.15 effective_speed=0.15
[exp2] continuous yaw correction direction=left
[tag] backend=pupil_apriltags id=0 center=(163.6,183.9) error_x=0.011 yaw_deg=-45.31 height=65.9px height_norm=0.275 margin=51.09 distance=0.23035150650370884
[exp2] phase=continuous_yaw center_error=0.011 raw_yaw_deg=-45.31 calibrated_yaw_deg=-45.31 target_yaw_deg=0.00 yaw_source=calibrated_pnp corner_error_deg=36.53 height_norm=0.275
[exp2] continuous yaw correction direction=left
[tag] backend=pupil_apriltags id=0 center=(164.0,183.8) error_x=0.013 yaw_deg=-45.23 height=65.7px height_norm=0.274 margin=50.74 distance=0.23071829981767478
[exp2] phase=continuous_yaw center_error=0.013 raw_yaw_deg=-45.23 calibrated_yaw_deg=-45.23 target_yaw_deg=0.00 yaw_source=calibrated_pnp corner_error_deg=35.69 height_norm=0.274
[map] motion direction=left speed=0.15 effective_seconds=0.17428898811340332 pose={'x_m': -0.37436586272276723, 'y_m': -0.17033056104451347, 'heading_rad': 0.5456164967206765}
[base] continuous stop label=exp2_yaw_align elapsed=0.174s
[base] stop
[exp2] continuous x guard preempted yaw error=0.013 limit=0.012; camera_settle_seconds=0.200
[base] stop
[base] stop
[base] stop
[base] stop
[base] stop
[base] stop
[base] stop
[base] stop
[base] stop
[tag] backend=pupil_apriltags id=0 center=(167.8,183.6) error_x=0.024 yaw_deg=-46.02 height=66.2px height_norm=0.276 margin=50.72 distance=0.22993189359875837
[exp2] phase=continuous_center center_error=0.024 raw_yaw_deg=-46.02 calibrated_yaw_deg=-46.02 target_yaw_deg=0.00 yaw_source=calibrated_pnp corner_error_deg=37.50 height_norm=0.276
[base] continuous start label=exp2_center_align direction=backward requested_speed=0.2 effective_speed=0.2
[exp2] continuous center correction direction=backward
[tag] backend=pupil_apriltags id=0 center=(167.9,183.6) error_x=0.025 yaw_deg=-46.02 height=66.2px height_norm=0.276 margin=50.81 distance=0.22985459439052258
[exp2] phase=continuous_center center_error=0.025 raw_yaw_deg=-46.02 calibrated_yaw_deg=-46.02 target_yaw_deg=0.00 yaw_source=calibrated_pnp corner_error_deg=37.44 height_norm=0.276
[exp2] continuous center correction direction=backward
[tag] backend=pupil_apriltags id=0 center=(167.4,183.4) error_x=0.023 yaw_deg=-45.55 height=65.8px height_norm=0.274 margin=50.88 distance=0.23130252626310757
[exp2] phase=continuous_center center_error=0.023 raw_yaw_deg=-45.55 calibrated_yaw_deg=-45.55 target_yaw_deg=0.00 yaw_source=calibrated_pnp corner_error_deg=36.45 height_norm=0.274
[exp2] continuous center correction direction=backward
[tag] backend=pupil_apriltags id=0 center=(165.2,183.7) error_x=0.016 yaw_deg=-44.71 height=65.2px height_norm=0.272 margin=50.52 distance=0.23252490293567726
[exp2] phase=continuous_center center_error=0.016 raw_yaw_deg=-44.71 calibrated_yaw_deg=-44.71 target_yaw_deg=0.00 yaw_source=calibrated_pnp corner_error_deg=35.88 height_norm=0.272
[exp2] continuous center correction direction=backward
[tag] backend=pupil_apriltags id=0 center=(162.0,183.4) error_x=0.006 yaw_deg=-44.56 height=65.3px height_norm=0.272 margin=49.98 distance=0.23175061427269597
[exp2] phase=continuous_center center_error=0.006 raw_yaw_deg=-44.56 calibrated_yaw_deg=-44.56 target_yaw_deg=0.00 yaw_source=calibrated_pnp corner_error_deg=35.01 height_norm=0.272
[map] motion direction=backward speed=0.2 effective_seconds=0.31279540061950684 pose={'x_m': -0.37964138180122803, 'y_m': -0.17902040656963672, 'heading_rad': 0.5456164967206765}
[base] continuous stop label=exp2_center_align elapsed=0.313s
[base] stop
[exp2] center accepted; switching to yaw after 0.200s
[base] stop
[base] stop
[base] stop
[base] stop
[base] stop
[base] stop
[base] stop
[base] stop
[base] stop
[tag] backend=pupil_apriltags id=0 center=(154.9,183.5) error_x=-0.016 yaw_deg=-42.72 height=65.0px height_norm=0.271 margin=48.89 distance=0.23308665867977502
[exp2] phase=continuous_yaw center_error=-0.016 raw_yaw_deg=-42.72 calibrated_yaw_deg=-42.72 target_yaw_deg=0.00 yaw_source=calibrated_pnp corner_error_deg=32.02 height_norm=0.271
[base] stop
[exp2] continuous x guard preempted yaw error=-0.016 limit=0.012; camera_settle_seconds=0.200
[base] stop
[base] stop
[base] stop
[base] stop
[base] stop
[base] stop
[base] stop
[base] stop
[base] stop
[tag] backend=pupil_apriltags id=0 center=(154.9,183.5) error_x=-0.016 yaw_deg=-42.68 height=64.9px height_norm=0.270 margin=49.14 distance=0.2333215589648254
[exp2] phase=continuous_center center_error=-0.016 raw_yaw_deg=-42.68 calibrated_yaw_deg=-42.68 target_yaw_deg=0.00 yaw_source=calibrated_pnp corner_error_deg=31.91 height_norm=0.270
[base] continuous start label=exp2_center_align direction=forward requested_speed=0.2 effective_speed=0.2
[exp2] continuous center correction direction=forward
[tag] backend=pupil_apriltags id=0 center=(154.9,183.5) error_x=-0.016 yaw_deg=-42.69 height=64.9px height_norm=0.270 margin=49.35 distance=0.23321134415993103
[exp2] phase=continuous_center center_error=-0.016 raw_yaw_deg=-42.69 calibrated_yaw_deg=-42.69 target_yaw_deg=0.00 yaw_source=calibrated_pnp corner_error_deg=31.94 height_norm=0.270
[exp2] continuous center correction direction=forward
[tag] backend=pupil_apriltags id=0 center=(155.2,183.6) error_x=-0.015 yaw_deg=-43.06 height=65.2px height_norm=0.272 margin=49.33 distance=0.23258747000011107
[exp2] phase=continuous_center center_error=-0.015 raw_yaw_deg=-43.06 calibrated_yaw_deg=-43.06 target_yaw_deg=0.00 yaw_source=calibrated_pnp corner_error_deg=32.59 height_norm=0.272
[exp2] continuous center correction direction=forward
[tag] backend=pupil_apriltags id=0 center=(157.1,183.6) error_x=-0.009 yaw_deg=-43.51 height=65.1px height_norm=0.271 margin=50.08 distance=0.2327357594290083
[exp2] phase=continuous_center center_error=-0.009 raw_yaw_deg=-43.51 calibrated_yaw_deg=-43.51 target_yaw_deg=0.00 yaw_source=calibrated_pnp corner_error_deg=34.13 height_norm=0.271
[map] motion direction=forward speed=0.2 effective_seconds=0.24242663383483887 pose={'x_m': -0.3755526825128442, 'y_m': -0.1722854929646795, 'heading_rad': 0.5456164967206765}
[base] continuous stop label=exp2_center_align elapsed=0.242s
[base] stop
[exp2] center accepted; switching to yaw after 0.200s
[base] stop
[base] stop
[base] stop
[base] stop
[base] stop
[base] stop
[base] stop
[base] stop
[base] stop
[tag] backend=pupil_apriltags id=0 center=(164.9,183.8) error_x=0.015 yaw_deg=-45.37 height=66.0px height_norm=0.275 margin=50.41 distance=0.22969728743179532
[exp2] phase=continuous_yaw center_error=0.015 raw_yaw_deg=-45.37 calibrated_yaw_deg=-45.37 target_yaw_deg=0.00 yaw_source=calibrated_pnp corner_error_deg=36.67 height_norm=0.275
[base] stop
[exp2] continuous x guard preempted yaw error=0.015 limit=0.012; camera_settle_seconds=0.200
[base] stop
[base] stop
[base] stop
[base] stop
[base] stop
[base] stop
[base] stop
[base] stop
[base] stop
[tag] backend=pupil_apriltags id=0 center=(164.9,183.8) error_x=0.015 yaw_deg=-45.33 height=66.0px height_norm=0.275 margin=50.22 distance=0.22970346318186213
[exp2] phase=continuous_center center_error=0.015 raw_yaw_deg=-45.33 calibrated_yaw_deg=-45.33 target_yaw_deg=0.00 yaw_source=calibrated_pnp corner_error_deg=36.45 height_norm=0.275
[base] continuous start label=exp2_center_align direction=backward requested_speed=0.2 effective_speed=0.2
[exp2] continuous center correction direction=backward
[tag] backend=pupil_apriltags id=0 center=(164.9,183.8) error_x=0.015 yaw_deg=-45.32 height=65.9px height_norm=0.275 margin=49.71 distance=0.22999027437660552
[exp2] phase=continuous_center center_error=0.015 raw_yaw_deg=-45.32 calibrated_yaw_deg=-45.32 target_yaw_deg=0.00 yaw_source=calibrated_pnp corner_error_deg=36.37 height_norm=0.275
[exp2] continuous center correction direction=backward
[tag] backend=pupil_apriltags id=0 center=(164.7,183.8) error_x=0.015 yaw_deg=-45.26 height=65.8px height_norm=0.274 margin=50.31 distance=0.23013057819850535
[exp2] phase=continuous_center center_error=0.015 raw_yaw_deg=-45.26 calibrated_yaw_deg=-45.26 target_yaw_deg=0.00 yaw_source=calibrated_pnp corner_error_deg=36.63 height_norm=0.274
[exp2] continuous center correction direction=backward
[tag] backend=pupil_apriltags id=0 center=(162.5,183.4) error_x=0.008 yaw_deg=-44.69 height=65.2px height_norm=0.272 margin=50.19 distance=0.2319877724600278
[exp2] phase=continuous_center center_error=0.008 raw_yaw_deg=-44.69 calibrated_yaw_deg=-44.69 target_yaw_deg=0.00 yaw_source=calibrated_pnp corner_error_deg=35.65 height_norm=0.272
[map] motion direction=backward speed=0.2 effective_seconds=0.24754595756530762 pose={'x_m': -0.37972772287259743, 'y_m': -0.1791626277542282, 'heading_rad': 0.5456164967206765}
[base] continuous stop label=exp2_center_align elapsed=0.248s
[base] stop
[exp2] center accepted; switching to yaw after 0.200s
[base] stop
[base] stop
[base] stop
[base] stop
[base] stop
[base] stop
[base] stop
[base] stop
[base] stop
[tag] backend=pupil_apriltags id=0 center=(154.3,183.2) error_x=-0.018 yaw_deg=-42.48 height=65.0px height_norm=0.271 margin=48.68 distance=0.2327626441174161
[exp2] phase=continuous_yaw center_error=-0.018 raw_yaw_deg=-42.48 calibrated_yaw_deg=-42.48 target_yaw_deg=0.00 yaw_source=calibrated_pnp corner_error_deg=32.34 height_norm=0.271
[base] stop
[exp2] continuous x guard preempted yaw error=-0.018 limit=0.012; camera_settle_seconds=0.200
[base] stop
[base] stop
[base] stop
[base] stop
[base] stop
[base] stop
[base] stop
[base] stop
[base] stop
[tag] backend=pupil_apriltags id=0 center=(154.3,183.1) error_x=-0.018 yaw_deg=-42.45 height=65.0px height_norm=0.271 margin=48.87 distance=0.2327284732192004
[exp2] phase=continuous_center center_error=-0.018 raw_yaw_deg=-42.45 calibrated_yaw_deg=-42.45 target_yaw_deg=0.00 yaw_source=calibrated_pnp corner_error_deg=32.26 height_norm=0.271
[base] continuous start label=exp2_center_align direction=forward requested_speed=0.2 effective_speed=0.2
[exp2] continuous center correction direction=forward
[tag] backend=pupil_apriltags id=0 center=(154.3,183.1) error_x=-0.018 yaw_deg=-42.41 height=65.0px height_norm=0.271 margin=48.76 distance=0.23279484046314397
[exp2] phase=continuous_center center_error=-0.018 raw_yaw_deg=-42.41 calibrated_yaw_deg=-42.41 target_yaw_deg=0.00 yaw_source=calibrated_pnp corner_error_deg=32.26 height_norm=0.271
[exp2] continuous center correction direction=forward
[tag] backend=pupil_apriltags id=0 center=(154.8,183.4) error_x=-0.016 yaw_deg=-42.77 height=65.0px height_norm=0.271 margin=49.02 distance=0.2330590678074354
[exp2] phase=continuous_center center_error=-0.016 raw_yaw_deg=-42.77 calibrated_yaw_deg=-42.77 target_yaw_deg=0.00 yaw_source=calibrated_pnp corner_error_deg=32.21 height_norm=0.271
[exp2] continuous center correction direction=forward
[tag] backend=pupil_apriltags id=0 center=(156.8,183.4) error_x=-0.010 yaw_deg=-43.37 height=65.1px height_norm=0.271 margin=49.69 distance=0.23285473127176615
[exp2] phase=continuous_center center_error=-0.010 raw_yaw_deg=-43.37 calibrated_yaw_deg=-43.37 target_yaw_deg=0.00 yaw_source=calibrated_pnp corner_error_deg=33.71 height_norm=0.271
[map] motion direction=forward speed=0.2 effective_seconds=0.24715375900268555 pose={'x_m': -0.3755592972232765, 'y_m': -0.17229638872886788, 'heading_rad': 0.5456164967206765}
[base] continuous stop label=exp2_center_align elapsed=0.247s
[base] stop
[exp2] center accepted; switching to yaw after 0.200s
[base] stop
[base] stop
[base] stop
[base] stop
[base] stop
[base] stop
[base] stop
[base] stop
[base] stop
[tag] backend=pupil_apriltags id=0 center=(163.2,183.6) error_x=0.010 yaw_deg=-44.88 height=65.6px height_norm=0.273 margin=49.70 distance=0.23092794424651905
[exp2] phase=continuous_yaw center_error=0.010 raw_yaw_deg=-44.88 calibrated_yaw_deg=-44.88 target_yaw_deg=0.00 yaw_source=calibrated_pnp corner_error_deg=36.04 height_norm=0.273
[base] continuous start label=exp2_yaw_align direction=left requested_speed=0.15 effective_speed=0.15
[exp2] continuous yaw correction direction=left
[tag] backend=pupil_apriltags id=0 center=(163.2,183.6) error_x=0.010 yaw_deg=-44.78 height=65.5px height_norm=0.273 margin=49.65 distance=0.23133498560986723
[exp2] phase=continuous_yaw center_error=0.010 raw_yaw_deg=-44.78 calibrated_yaw_deg=-44.78 target_yaw_deg=0.00 yaw_source=calibrated_pnp corner_error_deg=35.82 height_norm=0.273
[exp2] continuous yaw correction direction=left
[tag] backend=pupil_apriltags id=0 center=(163.5,183.6) error_x=0.011 yaw_deg=-44.86 height=65.5px height_norm=0.273 margin=50.46 distance=0.23153736612603798
[exp2] phase=continuous_yaw center_error=0.011 raw_yaw_deg=-44.86 calibrated_yaw_deg=-44.86 target_yaw_deg=0.00 yaw_source=calibrated_pnp corner_error_deg=35.84 height_norm=0.273
[exp2] continuous yaw correction direction=left
[tag] backend=pupil_apriltags id=0 center=(165.4,183.6) error_x=0.017 yaw_deg=-44.87 height=65.4px height_norm=0.272 margin=50.74 distance=0.2326677287007441
[exp2] phase=continuous_yaw center_error=0.017 raw_yaw_deg=-44.87 calibrated_yaw_deg=-44.87 target_yaw_deg=0.00 yaw_source=calibrated_pnp corner_error_deg=35.84 height_norm=0.272
[map] motion direction=left speed=0.15 effective_seconds=0.24997329711914062 pose={'x_m': -0.3755592972232765, 'y_m': -0.17229638872886788, 'heading_rad': 0.5078610027868704}
[base] continuous stop label=exp2_yaw_align elapsed=0.250s
[base] stop
[exp2] continuous x guard preempted yaw error=0.017 limit=0.012; camera_settle_seconds=0.200
[base] stop
[base] stop
[base] stop
[base] stop
[base] stop
[base] stop
[base] stop
[base] stop
[base] stop
[tag] backend=pupil_apriltags id=0 center=(169.1,183.0) error_x=0.028 yaw_deg=-45.23 height=65.2px height_norm=0.272 margin=51.33 distance=0.23249293044520122
[exp2] phase=continuous_center center_error=0.028 raw_yaw_deg=-45.23 calibrated_yaw_deg=-45.23 target_yaw_deg=0.00 yaw_source=calibrated_pnp corner_error_deg=37.46 height_norm=0.272
[base] continuous start label=exp2_center_align direction=backward requested_speed=0.2 effective_speed=0.2
[exp2] continuous center correction direction=backward
[tag] backend=pupil_apriltags id=0 center=(169.2,183.0) error_x=0.029 yaw_deg=-45.28 height=65.2px height_norm=0.272 margin=51.20 distance=0.2323018959417271
[exp2] phase=continuous_center center_error=0.029 raw_yaw_deg=-45.28 calibrated_yaw_deg=-45.28 target_yaw_deg=0.00 yaw_source=calibrated_pnp corner_error_deg=37.47 height_norm=0.272
[exp2] continuous center correction direction=backward
[tag] backend=pupil_apriltags id=0 center=(168.4,183.1) error_x=0.026 yaw_deg=-45.74 height=65.4px height_norm=0.273 margin=51.09 distance=0.23085447180067792
[exp2] phase=continuous_center center_error=0.026 raw_yaw_deg=-45.74 calibrated_yaw_deg=-45.74 target_yaw_deg=0.00 yaw_source=calibrated_pnp corner_error_deg=36.99 height_norm=0.273
[exp2] continuous center correction direction=backward
[tag] backend=pupil_apriltags id=0 center=(165.8,183.1) error_x=0.018 yaw_deg=-44.63 height=64.9px height_norm=0.270 margin=50.54 distance=0.2329847372294421
[exp2] phase=continuous_center center_error=0.018 raw_yaw_deg=-44.63 calibrated_yaw_deg=-44.63 target_yaw_deg=0.00 yaw_source=calibrated_pnp corner_error_deg=35.62 height_norm=0.270
[exp2] continuous center correction direction=backward
[tag] backend=pupil_apriltags id=0 center=(163.0,183.0) error_x=0.009 yaw_deg=-44.42 height=64.9px height_norm=0.270 margin=50.03 distance=0.23243263528434546
[exp2] phase=continuous_center center_error=0.009 raw_yaw_deg=-44.42 calibrated_yaw_deg=-44.42 target_yaw_deg=0.00 yaw_source=calibrated_pnp corner_error_deg=35.42 height_norm=0.270
[map] motion direction=backward speed=0.2 effective_seconds=0.3332669734954834 pose={'x_m': -0.3808265995149435, 'y_m': -0.1817605270385516, 'heading_rad': 0.5078610027868704}
[base] continuous stop label=exp2_center_align elapsed=0.333s
[base] stop
[exp2] center accepted; switching to yaw after 0.200s
[base] stop
[base] stop
[base] stop
[base] stop
[base] stop
[base] stop
[base] stop
[base] stop
[base] stop
[tag] backend=pupil_apriltags id=0 center=(156.4,182.9) error_x=-0.011 yaw_deg=-42.85 height=64.9px height_norm=0.271 margin=49.24 distance=0.2324508568756359
[exp2] phase=continuous_yaw center_error=-0.011 raw_yaw_deg=-42.85 calibrated_yaw_deg=-42.85 target_yaw_deg=0.00 yaw_source=calibrated_pnp corner_error_deg=33.47 height_norm=0.271
[base] continuous start label=exp2_yaw_align direction=left requested_speed=0.15 effective_speed=0.15
[exp2] continuous yaw correction direction=left
[tag] backend=pupil_apriltags id=0 center=(156.4,182.9) error_x=-0.011 yaw_deg=-42.92 height=65.0px height_norm=0.271 margin=49.22 distance=0.23218931641085533
[exp2] phase=continuous_yaw center_error=-0.011 raw_yaw_deg=-42.92 calibrated_yaw_deg=-42.92 target_yaw_deg=0.00 yaw_source=calibrated_pnp corner_error_deg=33.49 height_norm=0.271
[exp2] continuous yaw correction direction=left
[tag] backend=pupil_apriltags id=0 center=(156.4,182.9) error_x=-0.011 yaw_deg=-42.85 height=64.9px height_norm=0.271 margin=49.13 distance=0.23236124432395974
[exp2] phase=continuous_yaw center_error=-0.011 raw_yaw_deg=-42.85 calibrated_yaw_deg=-42.85 target_yaw_deg=0.00 yaw_source=calibrated_pnp corner_error_deg=33.47 height_norm=0.271
[exp2] continuous yaw correction direction=left
[tag] backend=pupil_apriltags id=0 center=(157.3,182.8) error_x=-0.008 yaw_deg=-42.89 height=64.7px height_norm=0.269 margin=49.38 distance=0.23361886439912774
[exp2] phase=continuous_yaw center_error=-0.008 raw_yaw_deg=-42.89 calibrated_yaw_deg=-42.89 target_yaw_deg=0.00 yaw_source=calibrated_pnp corner_error_deg=33.27 height_norm=0.269
[exp2] continuous yaw correction direction=left
[tag] backend=pupil_apriltags id=0 center=(160.3,182.5) error_x=0.001 yaw_deg=-42.96 height=64.4px height_norm=0.268 margin=49.73 distance=0.23403273835613025
[exp2] phase=continuous_yaw center_error=0.001 raw_yaw_deg=-42.96 calibrated_yaw_deg=-42.96 target_yaw_deg=0.00 yaw_source=calibrated_pnp corner_error_deg=33.37 height_norm=0.268
[exp2] continuous yaw correction direction=left
[tag] backend=pupil_apriltags id=0 center=(162.3,182.4) error_x=0.007 yaw_deg=-43.35 height=64.3px height_norm=0.268 margin=49.40 distance=0.23406768695320243
[exp2] phase=continuous_yaw center_error=0.007 raw_yaw_deg=-43.35 calibrated_yaw_deg=-43.35 target_yaw_deg=0.00 yaw_source=calibrated_pnp corner_error_deg=34.23 height_norm=0.268
[exp2] continuous yaw correction direction=left
[tag] backend=pupil_apriltags id=0 center=(164.4,182.4) error_x=0.014 yaw_deg=-43.46 height=64.0px height_norm=0.267 margin=50.15 distance=0.23435097480044323
[exp2] phase=continuous_yaw center_error=0.014 raw_yaw_deg=-43.46 calibrated_yaw_deg=-43.46 target_yaw_deg=0.00 yaw_source=calibrated_pnp corner_error_deg=34.40 height_norm=0.267
[map] motion direction=left speed=0.15 effective_seconds=0.48700571060180664 pose={'x_m': -0.3808265995149435, 'y_m': -0.1817605270385516, 'heading_rad': 0.4343045815040334}
[base] continuous stop label=exp2_yaw_align elapsed=0.487s
[base] stop
[exp2] continuous x guard preempted yaw error=0.014 limit=0.012; camera_settle_seconds=0.200
[base] stop
[base] stop
[base] stop
[base] stop
[base] stop
[base] stop
[base] stop
[base] stop
[base] stop
[tag] backend=pupil_apriltags id=0 center=(169.0,182.0) error_x=0.028 yaw_deg=-44.13 height=63.5px height_norm=0.265 margin=50.61 distance=0.23463026147155103
[exp2] phase=continuous_center center_error=0.028 raw_yaw_deg=-44.13 calibrated_yaw_deg=-44.13 target_yaw_deg=0.00 yaw_source=calibrated_pnp corner_error_deg=34.98 height_norm=0.265
[base] continuous start label=exp2_center_align direction=backward requested_speed=0.2 effective_speed=0.2
[exp2] continuous center correction direction=backward
[tag] backend=pupil_apriltags id=0 center=(168.9,182.0) error_x=0.028 yaw_deg=-44.25 height=63.6px height_norm=0.265 margin=50.49 distance=0.2345039008892926
[exp2] phase=continuous_center center_error=0.028 raw_yaw_deg=-44.25 calibrated_yaw_deg=-44.25 target_yaw_deg=0.00 yaw_source=calibrated_pnp corner_error_deg=35.14 height_norm=0.265
[exp2] continuous center correction direction=backward
[tag] backend=pupil_apriltags id=0 center=(168.1,181.9) error_x=0.025 yaw_deg=-43.93 height=63.6px height_norm=0.265 margin=50.23 distance=0.23548319968103293
[exp2] phase=continuous_center center_error=0.025 raw_yaw_deg=-43.93 calibrated_yaw_deg=-43.93 target_yaw_deg=0.00 yaw_source=calibrated_pnp corner_error_deg=35.38 height_norm=0.265
[exp2] continuous center correction direction=backward
[tag] backend=pupil_apriltags id=0 center=(164.6,181.7) error_x=0.014 yaw_deg=-43.11 height=63.5px height_norm=0.265 margin=50.07 distance=0.23496681588839102
[exp2] phase=continuous_center center_error=0.014 raw_yaw_deg=-43.11 calibrated_yaw_deg=-43.11 target_yaw_deg=0.00 yaw_source=calibrated_pnp corner_error_deg=33.78 height_norm=0.265
[exp2] continuous center correction direction=backward
[tag] backend=pupil_apriltags id=0 center=(162.0,181.6) error_x=0.006 yaw_deg=-42.73 height=63.5px height_norm=0.265 margin=49.64 distance=0.23522992557931016
[exp2] phase=continuous_center center_error=0.006 raw_yaw_deg=-42.73 calibrated_yaw_deg=-42.73 target_yaw_deg=0.00 yaw_source=calibrated_pnp corner_error_deg=33.22 height_norm=0.265
[map] motion direction=backward speed=0.2 effective_seconds=0.3371875286102295 pose={'x_m': -0.3854377530975087, 'y_m': -0.19170175734444678, 'heading_rad': 0.4343045815040334}
[base] continuous stop label=exp2_center_align elapsed=0.337s
[base] stop
[exp2] center accepted; switching to yaw after 0.200s
[base] stop
[base] stop
[base] stop
[base] stop
[base] stop
[base] stop
[base] stop
[base] stop
[base] stop
[tag] backend=pupil_apriltags id=0 center=(155.7,181.6) error_x=-0.014 yaw_deg=-41.11 height=63.0px height_norm=0.263 margin=48.93 distance=0.2365632172236208
[exp2] phase=continuous_yaw center_error=-0.014 raw_yaw_deg=-41.11 calibrated_yaw_deg=-41.11 target_yaw_deg=0.00 yaw_source=calibrated_pnp corner_error_deg=30.69 height_norm=0.263
[base] stop
[exp2] continuous x guard preempted yaw error=-0.014 limit=0.012; camera_settle_seconds=0.200
[base] stop
[base] stop
[base] stop
[base] stop
[base] stop
[base] stop
[base] stop
[base] stop
[base] stop
[tag] backend=pupil_apriltags id=0 center=(155.7,181.6) error_x=-0.013 yaw_deg=-41.17 height=63.1px height_norm=0.263 margin=48.99 distance=0.2364359703984037
[exp2] phase=continuous_center center_error=-0.013 raw_yaw_deg=-41.17 calibrated_yaw_deg=-41.17 target_yaw_deg=0.00 yaw_source=calibrated_pnp corner_error_deg=30.82 height_norm=0.263
[base] continuous start label=exp2_center_align direction=forward requested_speed=0.2 effective_speed=0.2
[exp2] continuous center correction direction=forward
[tag] backend=pupil_apriltags id=0 center=(155.7,181.6) error_x=-0.013 yaw_deg=-41.13 height=63.1px height_norm=0.263 margin=49.04 distance=0.23649826952264988
[exp2] phase=continuous_center center_error=-0.013 raw_yaw_deg=-41.13 calibrated_yaw_deg=-41.13 target_yaw_deg=0.00 yaw_source=calibrated_pnp corner_error_deg=30.73 height_norm=0.263
[exp2] continuous center correction direction=forward
[tag] backend=pupil_apriltags id=0 center=(156.1,181.5) error_x=-0.012 yaw_deg=-41.19 height=63.2px height_norm=0.263 margin=49.23 distance=0.23626766799152538
[exp2] phase=continuous_center center_error=-0.012 raw_yaw_deg=-41.19 calibrated_yaw_deg=-41.19 target_yaw_deg=0.00 yaw_source=calibrated_pnp corner_error_deg=31.15 height_norm=0.263
[exp2] continuous center correction direction=forward
[tag] backend=pupil_apriltags id=0 center=(158.1,181.6) error_x=-0.006 yaw_deg=-41.55 height=63.1px height_norm=0.263 margin=49.17 distance=0.23724850889551966
[exp2] phase=continuous_center center_error=-0.006 raw_yaw_deg=-41.55 calibrated_yaw_deg=-41.55 target_yaw_deg=0.00 yaw_source=calibrated_pnp corner_error_deg=31.54 height_norm=0.263
[map] motion direction=forward speed=0.2 effective_seconds=0.2544689178466797 pose={'x_m': -0.3819578045151381, 'y_m': -0.1841993027654401, 'heading_rad': 0.4343045815040334}
[base] continuous stop label=exp2_center_align elapsed=0.254s
[base] stop
[exp2] center accepted; switching to yaw after 0.200s
[base] stop
[base] stop
[base] stop
[base] stop
[base] stop
[base] stop
[base] stop
[base] stop
[base] stop
[tag] backend=pupil_apriltags id=0 center=(164.7,181.8) error_x=0.015 yaw_deg=-42.99 height=63.7px height_norm=0.265 margin=49.95 distance=0.23483775850868252
[exp2] phase=continuous_yaw center_error=0.015 raw_yaw_deg=-42.99 calibrated_yaw_deg=-42.99 target_yaw_deg=0.00 yaw_source=calibrated_pnp corner_error_deg=34.04 height_norm=0.265
[base] stop
[exp2] continuous x guard preempted yaw error=0.015 limit=0.012; camera_settle_seconds=0.200
[base] stop
[base] stop
[base] stop
[base] stop
[base] stop
[base] stop
[base] stop
[base] stop
[base] stop
[tag] backend=pupil_apriltags id=0 center=(164.7,181.9) error_x=0.015 yaw_deg=-43.01 height=63.6px height_norm=0.265 margin=49.85 distance=0.23484621055717536
[exp2] phase=continuous_center center_error=0.015 raw_yaw_deg=-43.01 calibrated_yaw_deg=-43.01 target_yaw_deg=0.00 yaw_source=calibrated_pnp corner_error_deg=34.17 height_norm=0.265
[base] continuous start label=exp2_center_align direction=backward requested_speed=0.2 effective_speed=0.2
[exp2] continuous center correction direction=backward
[tag] backend=pupil_apriltags id=0 center=(164.7,181.9) error_x=0.015 yaw_deg=-43.0 height=63.6px height_norm=0.265 margin=49.78 distance=0.23479392084353434
[exp2] phase=continuous_center center_error=0.015 raw_yaw_deg=-43.0 calibrated_yaw_deg=-43.0 target_yaw_deg=0.00 yaw_source=calibrated_pnp corner_error_deg=34.09 height_norm=0.265
[exp2] continuous center correction direction=backward
[tag] backend=pupil_apriltags id=0 center=(164.6,181.8) error_x=0.014 yaw_deg=-42.68 height=63.3px height_norm=0.264 margin=49.79 distance=0.2356524359433396
[exp2] phase=continuous_center center_error=0.014 raw_yaw_deg=-42.68 calibrated_yaw_deg=-42.68 target_yaw_deg=0.00 yaw_source=calibrated_pnp corner_error_deg=33.70 height_norm=0.264
[exp2] continuous center correction direction=backward
[tag] backend=pupil_apriltags id=0 center=(161.6,181.6) error_x=0.005 yaw_deg=-42.28 height=63.2px height_norm=0.263 margin=49.62 distance=0.23617071334950285
[exp2] phase=continuous_center center_error=0.005 raw_yaw_deg=-42.28 calibrated_yaw_deg=-42.28 target_yaw_deg=0.00 yaw_source=calibrated_pnp corner_error_deg=32.79 height_norm=0.263
[map] motion direction=backward speed=0.2 effective_seconds=0.25420594215393066 pose={'x_m': -0.3854341568159002, 'y_m': -0.19169400408637924, 'heading_rad': 0.4343045815040334}
[base] continuous stop label=exp2_center_align elapsed=0.254s
[base] stop
[exp2] center accepted; switching to yaw after 0.200s
[base] stop
[base] stop
[base] stop
[base] stop
[base] stop
[base] stop
[base] stop
[base] stop
[base] stop
[tag] backend=pupil_apriltags id=0 center=(156.1,181.5) error_x=-0.012 yaw_deg=-41.24 height=63.2px height_norm=0.263 margin=49.37 distance=0.2359340250423389
[exp2] phase=continuous_yaw center_error=-0.012 raw_yaw_deg=-41.24 calibrated_yaw_deg=-41.24 target_yaw_deg=0.00 yaw_source=calibrated_pnp corner_error_deg=31.20 height_norm=0.263
[base] stop
[exp2] continuous x guard preempted yaw error=-0.012 limit=0.012; camera_settle_seconds=0.200
[base] stop
[base] stop
[base] stop
[base] stop
[base] stop
[base] stop
[base] stop
[base] stop
[base] stop
[tag] backend=pupil_apriltags id=0 center=(155.9,181.5) error_x=-0.013 yaw_deg=-41.31 height=63.2px height_norm=0.263 margin=49.28 distance=0.23577485835983633
[exp2] phase=continuous_center center_error=-0.013 raw_yaw_deg=-41.31 calibrated_yaw_deg=-41.31 target_yaw_deg=0.00 yaw_source=calibrated_pnp corner_error_deg=30.84 height_norm=0.263
[base] continuous start label=exp2_center_align direction=forward requested_speed=0.2 effective_speed=0.2
[exp2] continuous center correction direction=forward
[tag] backend=pupil_apriltags id=0 center=(155.9,181.5) error_x=-0.013 yaw_deg=-41.38 height=63.3px height_norm=0.264 margin=49.15 distance=0.23548922442243125
[exp2] phase=continuous_center center_error=-0.013 raw_yaw_deg=-41.38 calibrated_yaw_deg=-41.38 target_yaw_deg=0.00 yaw_source=calibrated_pnp corner_error_deg=30.98 height_norm=0.264
[exp2] continuous center correction direction=forward
[tag] backend=pupil_apriltags id=0 center=(155.9,181.4) error_x=-0.013 yaw_deg=-41.26 height=63.3px height_norm=0.264 margin=49.42 distance=0.2358077752318109
[exp2] phase=continuous_center center_error=-0.013 raw_yaw_deg=-41.26 calibrated_yaw_deg=-41.26 target_yaw_deg=0.00 yaw_source=calibrated_pnp corner_error_deg=30.79 height_norm=0.264
[exp2] continuous center correction direction=forward
[tag] backend=pupil_apriltags id=0 center=(158.3,181.5) error_x=-0.005 yaw_deg=-41.8 height=63.4px height_norm=0.264 margin=49.28 distance=0.23630677297580727
[exp2] phase=continuous_center center_error=-0.005 raw_yaw_deg=-41.8 calibrated_yaw_deg=-41.8 target_yaw_deg=0.00 yaw_source=calibrated_pnp corner_error_deg=31.72 height_norm=0.264
[map] motion direction=forward speed=0.2 effective_seconds=0.25900769233703613 pose={'x_m': -0.3818921389561221, 'y_m': -0.18405773375593856, 'heading_rad': 0.4343045815040334}
[base] continuous stop label=exp2_center_align elapsed=0.259s
[base] stop
[exp2] center accepted; switching to yaw after 0.200s
[base] stop
[base] stop
[base] stop
[base] stop
[base] stop
[base] stop
[base] stop
[base] stop
[base] stop
[tag] backend=pupil_apriltags id=0 center=(164.5,181.8) error_x=0.014 yaw_deg=-42.69 height=63.4px height_norm=0.264 margin=50.26 distance=0.23531930370994908
[exp2] phase=continuous_yaw center_error=0.014 raw_yaw_deg=-42.69 calibrated_yaw_deg=-42.69 target_yaw_deg=0.00 yaw_source=calibrated_pnp corner_error_deg=33.39 height_norm=0.264
[base] stop
[exp2] continuous x guard preempted yaw error=0.014 limit=0.012; camera_settle_seconds=0.200
[base] stop
[base] stop
[base] stop
[base] stop
[base] stop
[base] stop
[base] stop
[base] stop
[base] stop
[tag] backend=pupil_apriltags id=0 center=(164.5,181.8) error_x=0.014 yaw_deg=-42.67 height=63.3px height_norm=0.264 margin=50.10 distance=0.23537694411956092
[exp2] phase=continuous_center center_error=0.014 raw_yaw_deg=-42.67 calibrated_yaw_deg=-42.67 target_yaw_deg=0.00 yaw_source=calibrated_pnp corner_error_deg=33.40 height_norm=0.264
[base] continuous start label=exp2_center_align direction=backward requested_speed=0.2 effective_speed=0.2
[exp2] continuous center correction direction=backward
[tag] backend=pupil_apriltags id=0 center=(164.5,181.8) error_x=0.014 yaw_deg=-42.73 height=63.4px height_norm=0.264 margin=49.79 distance=0.23522568670552557
[exp2] phase=continuous_center center_error=0.014 raw_yaw_deg=-42.73 calibrated_yaw_deg=-42.73 target_yaw_deg=0.00 yaw_source=calibrated_pnp corner_error_deg=33.53 height_norm=0.264
[exp2] continuous center correction direction=backward
[tag] backend=pupil_apriltags id=0 center=(164.5,181.7) error_x=0.014 yaw_deg=-42.7 height=63.3px height_norm=0.264 margin=50.13 distance=0.23540973986565478
[exp2] phase=continuous_center center_error=0.014 raw_yaw_deg=-42.7 calibrated_yaw_deg=-42.7 target_yaw_deg=0.00 yaw_source=calibrated_pnp corner_error_deg=33.30 height_norm=0.264
[exp2] continuous center correction direction=backward
[tag] backend=pupil_apriltags id=0 center=(161.5,181.4) error_x=0.005 yaw_deg=-42.26 height=63.2px height_norm=0.263 margin=49.38 distance=0.2361127189280117
[exp2] phase=continuous_center center_error=0.005 raw_yaw_deg=-42.26 calibrated_yaw_deg=-42.26 target_yaw_deg=0.00 yaw_source=calibrated_pnp corner_error_deg=32.82 height_norm=0.263
[map] motion direction=backward speed=0.2 effective_seconds=0.2616415023803711 pose={'x_m': -0.385470175059716, 'y_m': -0.19177165616423245, 'heading_rad': 0.4343045815040334}
[base] continuous stop label=exp2_center_align elapsed=0.262s
[base] stop
[exp2] center accepted; switching to yaw after 0.200s
[base] stop
[base] stop
[base] stop
[base] stop
[base] stop
[base] stop
[base] stop
[base] stop
[base] stop
[tag] backend=pupil_apriltags id=0 center=(156.0,181.4) error_x=-0.013 yaw_deg=-41.31 height=63.3px height_norm=0.264 margin=49.60 distance=0.23587657940948503
[exp2] phase=continuous_yaw center_error=-0.013 raw_yaw_deg=-41.31 calibrated_yaw_deg=-41.31 target_yaw_deg=0.00 yaw_source=calibrated_pnp corner_error_deg=30.84 height_norm=0.264
[base] stop
[exp2] continuous x guard preempted yaw error=-0.013 limit=0.012; camera_settle_seconds=0.200
[base] stop
[base] stop
[base] stop
[base] stop
[base] stop
[base] stop
[base] stop
[base] stop
[base] stop
[tag] backend=pupil_apriltags id=0 center=(155.7,181.6) error_x=-0.014 yaw_deg=-41.3 height=63.2px height_norm=0.264 margin=49.61 distance=0.23584318185400435
[exp2] phase=continuous_center center_error=-0.014 raw_yaw_deg=-41.3 calibrated_yaw_deg=-41.3 target_yaw_deg=0.00 yaw_source=calibrated_pnp corner_error_deg=31.05 height_norm=0.264
[base] continuous start label=exp2_center_align direction=forward requested_speed=0.2 effective_speed=0.2
[exp2] continuous center correction direction=forward
[tag] backend=pupil_apriltags id=0 center=(155.7,181.6) error_x=-0.013 yaw_deg=-41.33 height=63.3px height_norm=0.264 margin=49.66 distance=0.23581607541826807
[exp2] phase=continuous_center center_error=-0.013 raw_yaw_deg=-41.33 calibrated_yaw_deg=-41.33 target_yaw_deg=0.00 yaw_source=calibrated_pnp corner_error_deg=31.06 height_norm=0.264
[exp2] continuous center correction direction=forward
[tag] backend=pupil_apriltags id=0 center=(155.9,181.4) error_x=-0.013 yaw_deg=-41.35 height=63.3px height_norm=0.264 margin=49.79 distance=0.23569399185145465
[exp2] phase=continuous_center center_error=-0.013 raw_yaw_deg=-41.35 calibrated_yaw_deg=-41.35 target_yaw_deg=0.00 yaw_source=calibrated_pnp corner_error_deg=30.76 height_norm=0.264
[exp2] continuous center correction direction=forward
[tag] backend=pupil_apriltags id=0 center=(157.1,181.5) error_x=-0.009 yaw_deg=-41.18 height=62.9px height_norm=0.262 margin=49.73 distance=0.23756913538495583
[exp2] phase=continuous_center center_error=-0.009 raw_yaw_deg=-41.18 calibrated_yaw_deg=-41.18 target_yaw_deg=0.00 yaw_source=calibrated_pnp corner_error_deg=31.25 height_norm=0.262
[map] motion direction=forward speed=0.2 effective_seconds=0.26959681510925293 pose={'x_m': -0.38178334736189734, 'y_m': -0.18382318891283836, 'heading_rad': 0.4343045815040334}
[base] continuous stop label=exp2_center_align elapsed=0.270s
[base] stop
[exp2] center accepted; switching to yaw after 0.200s
[base] stop
[base] stop
[base] stop
[base] stop
[base] stop
[base] stop
[base] stop
[base] stop
[base] stop
[tag] backend=pupil_apriltags id=0 center=(164.4,181.8) error_x=0.014 yaw_deg=-42.91 height=63.5px height_norm=0.265 margin=50.58 distance=0.23487771465927995
[exp2] phase=continuous_yaw center_error=0.014 raw_yaw_deg=-42.91 calibrated_yaw_deg=-42.91 target_yaw_deg=0.00 yaw_source=calibrated_pnp corner_error_deg=33.39 height_norm=0.265
[base] stop
[exp2] continuous x guard preempted yaw error=0.014 limit=0.012; camera_settle_seconds=0.200
[base] stop
[base] stop
[base] stop
[base] stop
[base] stop
[base] stop
[base] stop
[base] stop
[base] stop
[tag] backend=pupil_apriltags id=0 center=(164.4,181.8) error_x=0.014 yaw_deg=-42.93 height=63.5px height_norm=0.265 margin=50.29 distance=0.23491420714508848
[exp2] phase=continuous_center center_error=0.014 raw_yaw_deg=-42.93 calibrated_yaw_deg=-42.93 target_yaw_deg=0.00 yaw_source=calibrated_pnp corner_error_deg=33.54 height_norm=0.265
[base] continuous start label=exp2_center_align direction=backward requested_speed=0.2 effective_speed=0.2
[exp2] continuous center correction direction=backward
[tag] backend=pupil_apriltags id=0 center=(164.4,181.8) error_x=0.014 yaw_deg=-42.96 height=63.6px height_norm=0.265 margin=50.25 distance=0.23474194148255292
[exp2] phase=continuous_center center_error=0.014 raw_yaw_deg=-42.96 calibrated_yaw_deg=-42.96 target_yaw_deg=0.00 yaw_source=calibrated_pnp corner_error_deg=33.50 height_norm=0.265
[exp2] continuous center correction direction=backward
[tag] backend=pupil_apriltags id=0 center=(164.4,181.8) error_x=0.014 yaw_deg=-42.93 height=63.5px height_norm=0.265 margin=50.28 distance=0.23485979822566888
[exp2] phase=continuous_center center_error=0.014 raw_yaw_deg=-42.93 calibrated_yaw_deg=-42.93 target_yaw_deg=0.00 yaw_source=calibrated_pnp corner_error_deg=33.48 height_norm=0.265
[exp2] continuous center correction direction=backward
[tag] backend=pupil_apriltags id=0 center=(162.4,181.5) error_x=0.007 yaw_deg=-42.53 height=63.3px height_norm=0.264 margin=49.82 distance=0.23628389627422847
[exp2] phase=continuous_center center_error=0.007 raw_yaw_deg=-42.53 calibrated_yaw_deg=-42.53 target_yaw_deg=0.00 yaw_source=calibrated_pnp corner_error_deg=33.36 height_norm=0.264
[map] motion direction=backward speed=0.2 effective_seconds=0.26496434211730957 pose={'x_m': -0.38540682442358487, 'y_m': -0.1916350779192168, 'heading_rad': 0.4343045815040334}
[base] continuous stop label=exp2_center_align elapsed=0.265s
[base] stop
[exp2] center accepted; switching to yaw after 0.200s
[base] stop
[base] stop
[base] stop
[base] stop
[base] stop
[base] stop
[base] stop
[base] stop
[base] stop
[tag] backend=pupil_apriltags id=0 center=(155.5,181.7) error_x=-0.014 yaw_deg=-41.21 height=63.2px height_norm=0.263 margin=49.09 distance=0.23636074599106316
[exp2] phase=continuous_yaw center_error=-0.014 raw_yaw_deg=-41.21 calibrated_yaw_deg=-41.21 target_yaw_deg=0.00 yaw_source=calibrated_pnp corner_error_deg=30.93 height_norm=0.263
[base] stop
[exp2] continuous x guard preempted yaw error=-0.014 limit=0.012; camera_settle_seconds=0.200
[base] stop
[base] stop
[base] stop
[base] stop
[base] stop
[base] stop
[base] stop
[base] stop
[base] stop
[tag] backend=pupil_apriltags id=0 center=(155.5,181.6) error_x=-0.014 yaw_deg=-41.27 height=63.3px height_norm=0.264 margin=49.23 distance=0.23597566756246482
[exp2] phase=continuous_center center_error=-0.014 raw_yaw_deg=-41.27 calibrated_yaw_deg=-41.27 target_yaw_deg=0.00 yaw_source=calibrated_pnp corner_error_deg=30.92 height_norm=0.264
[base] continuous start label=exp2_center_align direction=forward requested_speed=0.2 effective_speed=0.2
[exp2] continuous center correction direction=forward
[tag] backend=pupil_apriltags id=0 center=(155.5,181.6) error_x=-0.014 yaw_deg=-41.23 height=63.2px height_norm=0.264 margin=49.67 distance=0.23613815771696914
[exp2] phase=continuous_center center_error=-0.014 raw_yaw_deg=-41.23 calibrated_yaw_deg=-41.23 target_yaw_deg=0.00 yaw_source=calibrated_pnp corner_error_deg=30.92 height_norm=0.264
[exp2] continuous center correction direction=forward
[tag] backend=pupil_apriltags id=0 center=(155.5,181.5) error_x=-0.014 yaw_deg=-41.3 height=63.4px height_norm=0.264 margin=49.64 distance=0.23573630494471426
[exp2] phase=continuous_center center_error=-0.014 raw_yaw_deg=-41.3 calibrated_yaw_deg=-41.3 target_yaw_deg=0.00 yaw_source=calibrated_pnp corner_error_deg=30.95 height_norm=0.264
[exp2] continuous center correction direction=forward
[tag] backend=pupil_apriltags id=0 center=(157.5,181.5) error_x=-0.008 yaw_deg=-41.38 height=63.1px height_norm=0.263 margin=50.31 distance=0.23753278793570284
[exp2] phase=continuous_center center_error=-0.008 raw_yaw_deg=-41.38 calibrated_yaw_deg=-41.38 target_yaw_deg=0.00 yaw_source=calibrated_pnp corner_error_deg=31.40 height_norm=0.263
[map] motion direction=forward speed=0.2 effective_seconds=0.27099037170410156 pose={'x_m': -0.38170093936765065, 'y_m': -0.18364552472638593, 'heading_rad': 0.4343045815040334}
[base] continuous stop label=exp2_center_align elapsed=0.271s
[base] stop
[exp2] center accepted; switching to yaw after 0.200s
[base] stop
[base] stop
[base] stop
[base] stop
[base] stop
[base] stop
[base] stop
[base] stop
[base] stop
[tag] backend=pupil_apriltags id=0 center=(163.9,181.9) error_x=0.012 yaw_deg=-42.93 height=63.6px height_norm=0.265 margin=50.68 distance=0.23526075967127077
[exp2] phase=continuous_yaw center_error=0.012 raw_yaw_deg=-42.93 calibrated_yaw_deg=-42.93 target_yaw_deg=0.00 yaw_source=calibrated_pnp corner_error_deg=33.58 height_norm=0.265
[base] stop
[exp2] continuous x guard preempted yaw error=0.012 limit=0.012; camera_settle_seconds=0.200
[base] stop
[base] stop
[base] stop
[base] stop
[base] stop
[base] stop
[base] stop
[base] stop
[base] stop
[tag] backend=pupil_apriltags id=0 center=(163.9,181.9) error_x=0.012 yaw_deg=-42.91 height=63.6px height_norm=0.265 margin=50.32 distance=0.23525642136729136
[exp2] phase=continuous_center center_error=0.012 raw_yaw_deg=-42.91 calibrated_yaw_deg=-42.91 target_yaw_deg=0.00 yaw_source=calibrated_pnp corner_error_deg=33.53 height_norm=0.265
[base] continuous start label=exp2_center_align direction=backward requested_speed=0.2 effective_speed=0.2
[exp2] continuous center correction direction=backward
[tag] backend=pupil_apriltags id=0 center=(163.9,181.9) error_x=0.012 yaw_deg=-42.87 height=63.6px height_norm=0.265 margin=50.36 distance=0.23531484593495378
[exp2] phase=continuous_center center_error=0.012 raw_yaw_deg=-42.87 calibrated_yaw_deg=-42.87 target_yaw_deg=0.00 yaw_source=calibrated_pnp corner_error_deg=33.52 height_norm=0.265
[exp2] continuous center correction direction=backward
[tag] backend=pupil_apriltags id=0 center=(163.9,181.9) error_x=0.012 yaw_deg=-42.99 height=63.6px height_norm=0.265 margin=50.33 distance=0.23513896862257827
[exp2] phase=continuous_center center_error=0.012 raw_yaw_deg=-42.99 calibrated_yaw_deg=-42.99 target_yaw_deg=0.00 yaw_source=calibrated_pnp corner_error_deg=33.56 height_norm=0.265
[exp2] continuous center correction direction=backward
[tag] backend=pupil_apriltags id=0 center=(162.5,181.6) error_x=0.008 yaw_deg=-42.55 height=63.3px height_norm=0.264 margin=49.87 distance=0.23597736239604716
[exp2] phase=continuous_center center_error=0.008 raw_yaw_deg=-42.55 calibrated_yaw_deg=-42.55 target_yaw_deg=0.00 yaw_source=calibrated_pnp corner_error_deg=33.53 height_norm=0.264
[map] motion direction=backward speed=0.2 effective_seconds=0.26676130294799805 pose={'x_m': -0.3853489904769203, 'y_m': -0.19151039315801827, 'heading_rad': 0.4343045815040334}
[base] continuous stop label=exp2_center_align elapsed=0.267s
[base] stop
[exp2] center accepted; switching to yaw after 0.200s
[base] stop
[base] stop
[base] stop
[base] stop
[base] stop
[base] stop
[base] stop
[base] stop
[base] stop
[tag] backend=pupil_apriltags id=0 center=(155.3,181.6) error_x=-0.015 yaw_deg=-41.05 height=63.1px height_norm=0.263 margin=49.60 distance=0.23654780793600408
[exp2] phase=continuous_yaw center_error=-0.015 raw_yaw_deg=-41.05 calibrated_yaw_deg=-41.05 target_yaw_deg=0.00 yaw_source=calibrated_pnp corner_error_deg=30.61 height_norm=0.263
[base] stop
[exp2] continuous x guard preempted yaw error=-0.015 limit=0.012; camera_settle_seconds=0.200
[base] stop
[base] stop
[base] stop
[base] stop
[base] stop
[base] stop
[base] stop
[base] stop
[base] stop
[tag] backend=pupil_apriltags id=0 center=(155.5,181.5) error_x=-0.014 yaw_deg=-41.23 height=63.3px height_norm=0.264 margin=49.51 distance=0.2359281740670749
[exp2] phase=continuous_center center_error=-0.014 raw_yaw_deg=-41.23 calibrated_yaw_deg=-41.23 target_yaw_deg=0.00 yaw_source=calibrated_pnp corner_error_deg=30.89 height_norm=0.264
[base] continuous start label=exp2_center_align direction=forward requested_speed=0.2 effective_speed=0.2
[exp2] continuous center correction direction=forward
[tag] backend=pupil_apriltags id=0 center=(155.5,181.5) error_x=-0.014 yaw_deg=-41.22 height=63.3px height_norm=0.264 margin=49.64 distance=0.2359192010140139
[exp2] phase=continuous_center center_error=-0.014 raw_yaw_deg=-41.22 calibrated_yaw_deg=-41.22 target_yaw_deg=0.00 yaw_source=calibrated_pnp corner_error_deg=30.87 height_norm=0.264
[exp2] continuous center correction direction=forward
[tag] backend=pupil_apriltags id=0 center=(155.5,181.5) error_x=-0.014 yaw_deg=-41.3 height=63.4px height_norm=0.264 margin=49.42 distance=0.23575958589385587
[exp2] phase=continuous_center center_error=-0.014 raw_yaw_deg=-41.3 calibrated_yaw_deg=-41.3 target_yaw_deg=0.00 yaw_source=calibrated_pnp corner_error_deg=30.91 height_norm=0.264
[exp2] continuous center correction direction=forward
[tag] backend=pupil_apriltags id=0 center=(157.3,181.4) error_x=-0.008 yaw_deg=-41.41 height=63.2px height_norm=0.263 margin=49.89 distance=0.23730193692175178
[exp2] phase=continuous_center center_error=-0.008 raw_yaw_deg=-41.41 calibrated_yaw_deg=-41.41 target_yaw_deg=0.00 yaw_source=calibrated_pnp corner_error_deg=31.42 height_norm=0.263
[map] motion direction=forward speed=0.2 effective_seconds=0.27108097076416016 pose={'x_m': -0.38164186644817444, 'y_m': -0.18351816885180058, 'heading_rad': 0.4343045815040334}
[base] continuous stop label=exp2_center_align elapsed=0.271s
[base] stop
[exp2] center accepted; switching to yaw after 0.200s
[base] stop
[base] stop
[base] stop
[base] stop
[base] stop
[base] stop
[base] stop
[base] stop
[base] stop
[tag] backend=pupil_apriltags id=0 center=(163.5,181.8) error_x=0.011 yaw_deg=-42.57 height=63.3px height_norm=0.264 margin=49.72 distance=0.23602154341609363
[exp2] phase=continuous_yaw center_error=0.011 raw_yaw_deg=-42.57 calibrated_yaw_deg=-42.57 target_yaw_deg=0.00 yaw_source=calibrated_pnp corner_error_deg=33.60 height_norm=0.264
[base] continuous start label=exp2_yaw_align direction=left requested_speed=0.15 effective_speed=0.15
[exp2] continuous yaw correction direction=left
[tag] backend=pupil_apriltags id=0 center=(163.5,181.9) error_x=0.011 yaw_deg=-42.52 height=63.2px height_norm=0.263 margin=49.02 distance=0.2360700746854856
[exp2] phase=continuous_yaw center_error=0.011 raw_yaw_deg=-42.52 calibrated_yaw_deg=-42.52 target_yaw_deg=0.00 yaw_source=calibrated_pnp corner_error_deg=33.32 height_norm=0.263
[exp2] continuous yaw correction direction=left
[tag] backend=pupil_apriltags id=0 center=(163.8,181.8) error_x=0.012 yaw_deg=-42.81 height=63.6px height_norm=0.265 margin=50.14 distance=0.2355645992559702
[exp2] phase=continuous_yaw center_error=0.012 raw_yaw_deg=-42.81 calibrated_yaw_deg=-42.81 target_yaw_deg=0.00 yaw_source=calibrated_pnp corner_error_deg=33.48 height_norm=0.265
[exp2] continuous yaw correction direction=left
[tag] backend=pupil_apriltags id=0 center=(165.0,181.9) error_x=0.016 yaw_deg=-43.0 height=63.5px height_norm=0.264 margin=50.07 distance=0.2358109284287941
[exp2] phase=continuous_yaw center_error=0.016 raw_yaw_deg=-43.0 calibrated_yaw_deg=-43.0 target_yaw_deg=0.00 yaw_source=calibrated_pnp corner_error_deg=33.67 height_norm=0.264
[map] motion direction=left speed=0.15 effective_seconds=0.2699089050292969 pose={'x_m': -0.38164186644817444, 'y_m': -0.18351816885180058, 'heading_rad': 0.39353805106275663}
[base] continuous stop label=exp2_yaw_align elapsed=0.270s
[base] stop
[exp2] continuous x guard preempted yaw error=0.016 limit=0.012; camera_settle_seconds=0.200
[base] stop
[base] stop
[base] stop
[base] stop
[base] stop
[base] stop
[base] stop
[base] stop
[base] stop
[tag] backend=pupil_apriltags id=0 center=(169.8,181.2) error_x=0.031 yaw_deg=-43.65 height=63.3px height_norm=0.264 margin=50.90 distance=0.23564080578843075
[exp2] phase=continuous_center center_error=0.031 raw_yaw_deg=-43.65 calibrated_yaw_deg=-43.65 target_yaw_deg=0.00 yaw_source=calibrated_pnp corner_error_deg=34.79 height_norm=0.264
[base] continuous start label=exp2_center_align direction=backward requested_speed=0.2 effective_speed=0.2
[exp2] continuous center correction direction=backward
[tag] backend=pupil_apriltags id=0 center=(169.8,181.2) error_x=0.031 yaw_deg=-43.58 height=63.2px height_norm=0.263 margin=50.69 distance=0.23595266599888004
[exp2] phase=continuous_center center_error=0.031 raw_yaw_deg=-43.58 calibrated_yaw_deg=-43.58 target_yaw_deg=0.00 yaw_source=calibrated_pnp corner_error_deg=34.66 height_norm=0.263
[exp2] continuous center correction direction=backward
[tag] backend=pupil_apriltags id=0 center=(168.6,181.2) error_x=0.027 yaw_deg=-43.76 height=63.2px height_norm=0.263 margin=50.59 distance=0.2354288858600186
[exp2] phase=continuous_center center_error=0.027 raw_yaw_deg=-43.76 calibrated_yaw_deg=-43.76 target_yaw_deg=0.00 yaw_source=calibrated_pnp corner_error_deg=34.77 height_norm=0.263
[exp2] continuous center correction direction=backward
[tag] backend=pupil_apriltags id=0 center=(166.0,181.0) error_x=0.019 yaw_deg=-42.42 height=62.9px height_norm=0.262 margin=49.83 distance=0.23703719498139678
[exp2] phase=continuous_center center_error=0.019 raw_yaw_deg=-42.42 calibrated_yaw_deg=-42.42 target_yaw_deg=0.00 yaw_source=calibrated_pnp corner_error_deg=32.89 height_norm=0.262
[exp2] continuous center correction direction=backward
[tag] backend=pupil_apriltags id=0 center=(162.5,180.9) error_x=0.008 yaw_deg=-42.03 height=62.8px height_norm=0.262 margin=49.55 distance=0.23669946344928844
[exp2] phase=continuous_center center_error=0.008 raw_yaw_deg=-42.03 calibrated_yaw_deg=-42.03 target_yaw_deg=0.00 yaw_source=calibrated_pnp corner_error_deg=32.73 height_norm=0.262
[map] motion direction=backward speed=0.2 effective_seconds=0.3570222854614258 pose={'x_m': -0.3860912203134112, 'y_m': -0.19423442117319462, 'heading_rad': 0.39353805106275663}
[base] continuous stop label=exp2_center_align elapsed=0.357s
[base] stop
[exp2] center accepted; switching to yaw after 0.200s
[base] stop
[base] stop
[base] stop
[base] stop
[base] stop
[base] stop
[base] stop
[base] stop
[base] stop
[tag] backend=pupil_apriltags id=0 center=(156.6,180.8) error_x=-0.011 yaw_deg=-40.62 height=62.8px height_norm=0.262 margin=49.61 distance=0.23671281539467884
[exp2] phase=continuous_yaw center_error=-0.011 raw_yaw_deg=-40.62 calibrated_yaw_deg=-40.62 target_yaw_deg=0.00 yaw_source=calibrated_pnp corner_error_deg=30.99 height_norm=0.262
[base] continuous start label=exp2_yaw_align direction=left requested_speed=0.15 effective_speed=0.15
[exp2] continuous yaw correction direction=left
[tag] backend=pupil_apriltags id=0 center=(156.7,180.8) error_x=-0.010 yaw_deg=-40.74 height=62.9px height_norm=0.262 margin=49.60 distance=0.23641150259201274
[exp2] phase=continuous_yaw center_error=-0.010 raw_yaw_deg=-40.74 calibrated_yaw_deg=-40.74 target_yaw_deg=0.00 yaw_source=calibrated_pnp corner_error_deg=30.87 height_norm=0.262
[exp2] continuous yaw correction direction=left
[tag] backend=pupil_apriltags id=0 center=(156.5,180.8) error_x=-0.011 yaw_deg=-40.44 height=62.7px height_norm=0.261 margin=49.70 distance=0.23699348204561246
[exp2] phase=continuous_yaw center_error=-0.011 raw_yaw_deg=-40.44 calibrated_yaw_deg=-40.44 target_yaw_deg=0.00 yaw_source=calibrated_pnp corner_error_deg=30.72 height_norm=0.261
[exp2] continuous yaw correction direction=left
[tag] backend=pupil_apriltags id=0 center=(159.6,180.8) error_x=-0.001 yaw_deg=-40.65 height=62.5px height_norm=0.261 margin=49.63 distance=0.23750331315668244
[exp2] phase=continuous_yaw center_error=-0.001 raw_yaw_deg=-40.65 calibrated_yaw_deg=-40.65 target_yaw_deg=0.00 yaw_source=calibrated_pnp corner_error_deg=31.06 height_norm=0.261
[exp2] continuous yaw correction direction=left
[tag] backend=pupil_apriltags id=0 center=(163.8,180.9) error_x=0.012 yaw_deg=-41.06 height=62.6px height_norm=0.261 margin=49.72 distance=0.23686701806833985
[exp2] phase=continuous_yaw center_error=0.012 raw_yaw_deg=-41.06 calibrated_yaw_deg=-41.06 target_yaw_deg=0.00 yaw_source=calibrated_pnp corner_error_deg=31.86 height_norm=0.261
[exp2] continuous yaw correction direction=left
[tag] backend=pupil_apriltags id=0 center=(166.7,181.0) error_x=0.021 yaw_deg=-41.22 height=62.7px height_norm=0.261 margin=49.85 distance=0.23631995418537166
[exp2] phase=continuous_yaw center_error=0.021 raw_yaw_deg=-41.22 calibrated_yaw_deg=-41.22 target_yaw_deg=0.00 yaw_source=calibrated_pnp corner_error_deg=32.30 height_norm=0.261
[map] motion direction=left speed=0.15 effective_seconds=0.4456508159637451 pose={'x_m': -0.3860912203134112, 'y_m': -0.19423442117319462, 'heading_rad': 0.3262277948368868}
[base] continuous stop label=exp2_yaw_align elapsed=0.446s
[base] stop
[exp2] continuous x guard preempted yaw error=0.021 limit=0.012; camera_settle_seconds=0.200
[base] stop
[base] stop
[base] stop
[base] stop
[base] stop
[base] stop
[base] stop
[base] stop
[base] stop
[tag] backend=pupil_apriltags id=0 center=(173.3,181.3) error_x=0.042 yaw_deg=-42.21 height=62.9px height_norm=0.262 margin=50.35 distance=0.23453006922386593
[exp2] phase=continuous_center center_error=0.042 raw_yaw_deg=-42.21 calibrated_yaw_deg=-42.21 target_yaw_deg=0.00 yaw_source=calibrated_pnp corner_error_deg=33.67 height_norm=0.262
[base] continuous start label=exp2_center_align direction=backward requested_speed=0.2 effective_speed=0.2
[exp2] continuous center correction direction=backward
[tag] backend=pupil_apriltags id=0 center=(173.3,181.2) error_x=0.042 yaw_deg=-42.1 height=62.8px height_norm=0.262 margin=50.27 distance=0.2347943134059279
[exp2] phase=continuous_center center_error=0.042 raw_yaw_deg=-42.1 calibrated_yaw_deg=-42.1 target_yaw_deg=0.00 yaw_source=calibrated_pnp corner_error_deg=33.59 height_norm=0.262
[exp2] continuous center correction direction=backward
[tag] backend=pupil_apriltags id=0 center=(172.6,181.2) error_x=0.040 yaw_deg=-41.32 height=62.5px height_norm=0.260 margin=49.84 distance=0.23538560381497553
[exp2] phase=continuous_center center_error=0.040 raw_yaw_deg=-41.32 calibrated_yaw_deg=-41.32 target_yaw_deg=0.00 yaw_source=calibrated_pnp corner_error_deg=33.87 height_norm=0.260
[exp2] continuous center correction direction=backward
[tag] backend=pupil_apriltags id=0 center=(169.5,181.0) error_x=0.030 yaw_deg=-41.13 height=62.9px height_norm=0.262 margin=50.04 distance=0.23395721671638342
[exp2] phase=continuous_center center_error=0.030 raw_yaw_deg=-41.13 calibrated_yaw_deg=-41.13 target_yaw_deg=0.00 yaw_source=calibrated_pnp corner_error_deg=32.65 height_norm=0.262
[exp2] continuous center correction direction=backward
[tag] backend=pupil_apriltags id=0 center=(165.1,181.1) error_x=0.016 yaw_deg=-39.95 height=62.4px height_norm=0.260 margin=49.77 distance=0.2352569161301152
[exp2] phase=continuous_center center_error=0.016 raw_yaw_deg=-39.95 calibrated_yaw_deg=-39.95 target_yaw_deg=0.00 yaw_source=calibrated_pnp corner_error_deg=31.16 height_norm=0.260
[exp2] continuous center correction direction=backward
[tag] backend=pupil_apriltags id=0 center=(162.5,181.0) error_x=0.008 yaw_deg=-39.16 height=62.2px height_norm=0.259 margin=49.34 distance=0.235608838323661
[exp2] phase=continuous_center center_error=0.008 raw_yaw_deg=-39.16 calibrated_yaw_deg=-39.16 target_yaw_deg=0.00 yaw_source=calibrated_pnp corner_error_deg=30.65 height_norm=0.259
[map] motion direction=backward speed=0.2 effective_seconds=0.45630979537963867 pose={'x_m': -0.3908438429498492, 'y_m': -0.20828232156209583, 'heading_rad': 0.3262277948368868}
[base] continuous stop label=exp2_center_align elapsed=0.456s
[base] stop
[exp2] center accepted; switching to yaw after 0.200s
[base] stop
[base] stop
[base] stop
[base] stop
[base] stop
[base] stop
[base] stop
[base] stop
[base] stop
[tag] backend=pupil_apriltags id=0 center=(154.9,180.5) error_x=-0.016 yaw_deg=-37.01 height=61.5px height_norm=0.256 margin=48.43 distance=0.23736831516945475
[exp2] phase=continuous_yaw center_error=-0.016 raw_yaw_deg=-37.01 calibrated_yaw_deg=-37.01 target_yaw_deg=0.00 yaw_source=calibrated_pnp corner_error_deg=27.57 height_norm=0.256
[base] stop
[exp2] continuous x guard preempted yaw error=-0.016 limit=0.012; camera_settle_seconds=0.200
[base] stop
[base] stop
[base] stop
[base] stop
[base] stop
[base] stop
[base] stop
[base] stop
[base] stop
[tag] backend=pupil_apriltags id=0 center=(154.7,180.6) error_x=-0.017 yaw_deg=-37.0 height=61.5px height_norm=0.256 margin=48.84 distance=0.237628643882531
[exp2] phase=continuous_center center_error=-0.017 raw_yaw_deg=-37.0 calibrated_yaw_deg=-37.0 target_yaw_deg=0.00 yaw_source=calibrated_pnp corner_error_deg=27.61 height_norm=0.256
[base] continuous start label=exp2_center_align direction=forward requested_speed=0.2 effective_speed=0.2
[exp2] continuous center correction direction=forward
[tag] backend=pupil_apriltags id=0 center=(154.7,180.6) error_x=-0.017 yaw_deg=-36.99 height=61.5px height_norm=0.256 margin=48.52 distance=0.23759373734633502
[exp2] phase=continuous_center center_error=-0.017 raw_yaw_deg=-36.99 calibrated_yaw_deg=-36.99 target_yaw_deg=0.00 yaw_source=calibrated_pnp corner_error_deg=27.54 height_norm=0.256
[exp2] continuous center correction direction=forward
[tag] backend=pupil_apriltags id=0 center=(155.4,180.6) error_x=-0.014 yaw_deg=-37.38 height=61.7px height_norm=0.257 margin=48.59 distance=0.23727964941811044
[exp2] phase=continuous_center center_error=-0.014 raw_yaw_deg=-37.38 calibrated_yaw_deg=-37.38 target_yaw_deg=0.00 yaw_source=calibrated_pnp corner_error_deg=28.08 height_norm=0.257
[exp2] continuous center correction direction=forward
[tag] backend=pupil_apriltags id=0 center=(159.2,180.6) error_x=-0.003 yaw_deg=-38.25 height=62.2px height_norm=0.259 margin=49.07 distance=0.23626301404163833
[exp2] phase=continuous_center center_error=-0.003 raw_yaw_deg=-38.25 calibrated_yaw_deg=-38.25 target_yaw_deg=0.00 yaw_source=calibrated_pnp corner_error_deg=29.18 height_norm=0.259
[map] motion direction=forward speed=0.2 effective_seconds=0.2742481231689453 pose={'x_m': -0.3879874549183607, 'y_m': -0.19983935067887124, 'heading_rad': 0.3262277948368868}
[base] continuous stop label=exp2_center_align elapsed=0.274s
[base] stop
[exp2] center accepted; switching to yaw after 0.200s
[base] stop
[base] stop
[base] stop
[base] stop
[base] stop
[base] stop
[base] stop
[base] stop
[base] stop
[tag] backend=pupil_apriltags id=0 center=(165.5,181.1) error_x=0.017 yaw_deg=-40.06 height=62.8px height_norm=0.262 margin=49.34 distance=0.23382023150141004
[exp2] phase=continuous_yaw center_error=0.017 raw_yaw_deg=-40.06 calibrated_yaw_deg=-40.06 target_yaw_deg=0.00 yaw_source=calibrated_pnp corner_error_deg=31.82 height_norm=0.262
[base] stop
[exp2] continuous x guard preempted yaw error=0.017 limit=0.012; camera_settle_seconds=0.200
[base] stop
[base] stop
[base] stop
[base] stop
[base] stop
[base] stop
[base] stop
[base] stop
[base] stop
[tag] backend=pupil_apriltags id=0 center=(165.5,181.1) error_x=0.017 yaw_deg=-40.08 height=62.9px height_norm=0.262 margin=49.48 distance=0.2338134379915434
[exp2] phase=continuous_center center_error=0.017 raw_yaw_deg=-40.08 calibrated_yaw_deg=-40.08 target_yaw_deg=0.00 yaw_source=calibrated_pnp corner_error_deg=32.01 height_norm=0.262
[base] continuous start label=exp2_center_align direction=backward requested_speed=0.2 effective_speed=0.2
[exp2] continuous center correction direction=backward
[tag] backend=pupil_apriltags id=0 center=(165.5,181.2) error_x=0.017 yaw_deg=-40.15 height=62.9px height_norm=0.262 margin=49.83 distance=0.23363184389149258
[exp2] phase=continuous_center center_error=0.017 raw_yaw_deg=-40.15 calibrated_yaw_deg=-40.15 target_yaw_deg=0.00 yaw_source=calibrated_pnp corner_error_deg=32.00 height_norm=0.262
[exp2] continuous center correction direction=backward
[tag] backend=pupil_apriltags id=0 center=(165.4,181.1) error_x=0.017 yaw_deg=-40.14 height=62.9px height_norm=0.262 margin=49.29 distance=0.23340339256235906
[exp2] phase=continuous_center center_error=0.017 raw_yaw_deg=-40.14 calibrated_yaw_deg=-40.14 target_yaw_deg=0.00 yaw_source=calibrated_pnp corner_error_deg=31.81 height_norm=0.262
[exp2] continuous center correction direction=backward
[tag] backend=pupil_apriltags id=0 center=(162.8,180.9) error_x=0.009 yaw_deg=-39.15 height=62.1px height_norm=0.259 margin=49.46 distance=0.2356247377245546
[exp2] phase=continuous_center center_error=0.009 raw_yaw_deg=-39.15 calibrated_yaw_deg=-39.15 target_yaw_deg=0.00 yaw_source=calibrated_pnp corner_error_deg=30.46 height_norm=0.259
[map] motion direction=backward speed=0.2 effective_seconds=0.2885770797729492 pose={'x_m': -0.3909930839352549, 'y_m': -0.20872345115670043, 'heading_rad': 0.3262277948368868}
[base] continuous stop label=exp2_center_align elapsed=0.289s
[base] stop
[exp2] center accepted; switching to yaw after 0.200s
[base] stop
[base] stop
[base] stop
[base] stop
[base] stop
[base] stop
[base] stop
[base] stop
[base] stop
[tag] backend=pupil_apriltags id=0 center=(154.4,180.6) error_x=-0.017 yaw_deg=-36.87 height=61.5px height_norm=0.256 margin=48.40 distance=0.23765704208969451
[exp2] phase=continuous_yaw center_error=-0.017 raw_yaw_deg=-36.87 calibrated_yaw_deg=-36.87 target_yaw_deg=0.00 yaw_source=calibrated_pnp corner_error_deg=27.30 height_norm=0.256
[base] stop
[exp2] continuous x guard preempted yaw error=-0.017 limit=0.012; camera_settle_seconds=0.200
[base] stop
[base] stop
[base] stop
[base] stop
[base] stop
[base] stop
[base] stop
[base] stop
[base] stop
[tag] backend=pupil_apriltags id=0 center=(154.4,180.7) error_x=-0.017 yaw_deg=-36.97 height=61.5px height_norm=0.256 margin=48.41 distance=0.23769508215371044
[exp2] phase=continuous_center center_error=-0.017 raw_yaw_deg=-36.97 calibrated_yaw_deg=-36.97 target_yaw_deg=0.00 yaw_source=calibrated_pnp corner_error_deg=27.43 height_norm=0.256
[base] continuous start label=exp2_center_align direction=forward requested_speed=0.2 effective_speed=0.2
[exp2] continuous center correction direction=forward
[tag] backend=pupil_apriltags id=0 center=(154.4,180.7) error_x=-0.017 yaw_deg=-37.01 height=61.5px height_norm=0.256 margin=48.48 distance=0.2375121787799206
[exp2] phase=continuous_center center_error=-0.017 raw_yaw_deg=-37.01 calibrated_yaw_deg=-37.01 target_yaw_deg=0.00 yaw_source=calibrated_pnp corner_error_deg=27.49 height_norm=0.256
[exp2] continuous center correction direction=forward
[tag] backend=pupil_apriltags id=0 center=(155.2,180.5) error_x=-0.015 yaw_deg=-37.28 height=61.7px height_norm=0.257 margin=48.60 distance=0.23712737766395006
[exp2] phase=continuous_center center_error=-0.015 raw_yaw_deg=-37.28 calibrated_yaw_deg=-37.28 target_yaw_deg=0.00 yaw_source=calibrated_pnp corner_error_deg=27.79 height_norm=0.257
[exp2] continuous center correction direction=forward
[tag] backend=pupil_apriltags id=0 center=(159.0,180.6) error_x=-0.003 yaw_deg=-38.03 height=62.1px height_norm=0.259 margin=49.18 distance=0.23657133443028522
[exp2] phase=continuous_center center_error=-0.003 raw_yaw_deg=-38.03 calibrated_yaw_deg=-38.03 target_yaw_deg=0.00 yaw_source=calibrated_pnp corner_error_deg=28.89 height_norm=0.259
[map] motion direction=forward speed=0.2 effective_seconds=0.2808661460876465 pose={'x_m': -0.3880677669308397, 'y_m': -0.20007673858816744, 'heading_rad': 0.3262277948368868}
[base] continuous stop label=exp2_center_align elapsed=0.281s
[base] stop
[exp2] center accepted; switching to yaw after 0.200s
[base] stop
[base] stop
[base] stop
[base] stop
[base] stop
[base] stop
[base] stop
[base] stop
[base] stop
[tag] backend=pupil_apriltags id=0 center=(164.7,181.2) error_x=0.015 yaw_deg=-39.65 height=62.5px height_norm=0.260 margin=49.79 distance=0.23538173082752717
[exp2] phase=continuous_yaw center_error=0.015 raw_yaw_deg=-39.65 calibrated_yaw_deg=-39.65 target_yaw_deg=0.00 yaw_source=calibrated_pnp corner_error_deg=31.02 height_norm=0.260
[base] stop
[exp2] continuous x guard preempted yaw error=0.015 limit=0.012; camera_settle_seconds=0.200
[base] stop
[base] stop
[base] stop
[base] stop
[base] stop
[base] stop
[base] stop
[base] stop
[base] stop
[tag] backend=pupil_apriltags id=0 center=(164.8,181.1) error_x=0.015 yaw_deg=-39.61 height=62.5px height_norm=0.260 margin=49.95 distance=0.23527674998366105
[exp2] phase=continuous_center center_error=0.015 raw_yaw_deg=-39.61 calibrated_yaw_deg=-39.61 target_yaw_deg=0.00 yaw_source=calibrated_pnp corner_error_deg=30.89 height_norm=0.260
[base] continuous start label=exp2_center_align direction=backward requested_speed=0.2 effective_speed=0.2
[exp2] continuous center correction direction=backward
[tag] backend=pupil_apriltags id=0 center=(164.8,181.1) error_x=0.015 yaw_deg=-39.61 height=62.5px height_norm=0.260 margin=49.75 distance=0.23528865829163567
[exp2] phase=continuous_center center_error=0.015 raw_yaw_deg=-39.61 calibrated_yaw_deg=-39.61 target_yaw_deg=0.00 yaw_source=calibrated_pnp corner_error_deg=30.94 height_norm=0.260
[exp2] continuous center correction direction=backward
[tag] backend=pupil_apriltags id=0 center=(164.8,181.1) error_x=0.015 yaw_deg=-39.76 height=62.6px height_norm=0.261 margin=49.69 distance=0.23505834018695945
[exp2] phase=continuous_center center_error=0.015 raw_yaw_deg=-39.76 calibrated_yaw_deg=-39.76 target_yaw_deg=0.00 yaw_source=calibrated_pnp corner_error_deg=31.14 height_norm=0.261
[exp2] continuous center correction direction=backward
[tag] backend=pupil_apriltags id=0 center=(163.4,181.0) error_x=0.011 yaw_deg=-39.19 height=62.3px height_norm=0.259 margin=49.36 distance=0.2357114076561217
[exp2] phase=continuous_center center_error=0.011 raw_yaw_deg=-39.19 calibrated_yaw_deg=-39.19 target_yaw_deg=0.00 yaw_source=calibrated_pnp corner_error_deg=30.75 height_norm=0.259
[map] motion direction=backward speed=0.2 effective_seconds=0.2824869155883789 pose={'x_m': -0.39100996480411987, 'y_m': -0.20877334797839964, 'heading_rad': 0.3262277948368868}
[base] continuous stop label=exp2_center_align elapsed=0.282s
[base] stop
[exp2] center accepted; switching to yaw after 0.200s
[base] stop
[base] stop
[base] stop
[base] stop
[base] stop
[base] stop
[base] stop
[base] stop
[base] stop
[tag] backend=pupil_apriltags id=0 center=(155.2,180.5) error_x=-0.015 yaw_deg=-37.23 height=61.8px height_norm=0.257 margin=48.08 distance=0.23629808703081523
[exp2] phase=continuous_yaw center_error=-0.015 raw_yaw_deg=-37.23 calibrated_yaw_deg=-37.23 target_yaw_deg=0.00 yaw_source=calibrated_pnp corner_error_deg=27.91 height_norm=0.257
[base] stop
[exp2] continuous x guard preempted yaw error=-0.015 limit=0.012; camera_settle_seconds=0.200
[base] stop
[base] stop
[base] stop
[base] stop
[base] stop
[base] stop
[base] stop
[base] stop
[base] stop
[tag] backend=pupil_apriltags id=0 center=(155.3,180.5) error_x=-0.015 yaw_deg=-37.13 height=61.7px height_norm=0.257 margin=48.43 distance=0.23643508101245142
[exp2] phase=continuous_center center_error=-0.015 raw_yaw_deg=-37.13 calibrated_yaw_deg=-37.13 target_yaw_deg=0.00 yaw_source=calibrated_pnp corner_error_deg=27.69 height_norm=0.257
[base] continuous start label=exp2_center_align direction=forward requested_speed=0.2 effective_speed=0.2
[exp2] continuous center correction direction=forward
[tag] backend=pupil_apriltags id=0 center=(155.3,180.5) error_x=-0.015 yaw_deg=-37.26 height=61.8px height_norm=0.257 margin=48.83 distance=0.2363710020299545
[exp2] phase=continuous_center center_error=-0.015 raw_yaw_deg=-37.26 calibrated_yaw_deg=-37.26 target_yaw_deg=0.00 yaw_source=calibrated_pnp corner_error_deg=27.92 height_norm=0.257
[exp2] continuous center correction direction=forward
[tag] backend=pupil_apriltags id=0 center=(155.4,180.6) error_x=-0.014 yaw_deg=-37.13 height=61.6px height_norm=0.257 margin=48.10 distance=0.23696546519886022
[exp2] phase=continuous_center center_error=-0.014 raw_yaw_deg=-37.13 calibrated_yaw_deg=-37.13 target_yaw_deg=0.00 yaw_source=calibrated_pnp corner_error_deg=27.87 height_norm=0.257
[exp2] continuous center correction direction=forward
[tag] backend=pupil_apriltags id=0 center=(158.7,180.7) error_x=-0.004 yaw_deg=-37.96 height=62.0px height_norm=0.258 margin=46.76 distance=0.23683642321580595
[exp2] phase=continuous_center center_error=-0.004 raw_yaw_deg=-37.96 calibrated_yaw_deg=-37.96 target_yaw_deg=0.00 yaw_source=calibrated_pnp corner_error_deg=28.90 height_norm=0.258
[map] motion direction=forward speed=0.2 effective_seconds=0.2814784049987793 pose={'x_m': -0.38807827091367275, 'y_m': -0.20010778647810384, 'heading_rad': 0.3262277948368868}
[base] continuous stop label=exp2_center_align elapsed=0.281s
[base] stop
[exp2] center accepted; switching to yaw after 0.200s
[base] stop
[base] stop
[base] stop
[base] stop
[base] stop
[base] stop
[base] stop
[base] stop
[base] stop
[tag] backend=pupil_apriltags id=0 center=(164.7,181.1) error_x=0.015 yaw_deg=-39.57 height=62.6px height_norm=0.261 margin=47.98 distance=0.23511684942026723
[exp2] phase=continuous_yaw center_error=0.015 raw_yaw_deg=-39.57 calibrated_yaw_deg=-39.57 target_yaw_deg=0.00 yaw_source=calibrated_pnp corner_error_deg=31.05 height_norm=0.261
[base] stop
[exp2] continuous x guard preempted yaw error=0.015 limit=0.012; camera_settle_seconds=0.200
[base] stop
[base] stop
[base] stop
[base] stop
[base] stop
[base] stop
[base] stop
[base] stop
[base] stop
[tag] backend=pupil_apriltags id=0 center=(164.8,181.1) error_x=0.015 yaw_deg=-39.65 height=62.6px height_norm=0.261 margin=48.74 distance=0.23493434320386025
[exp2] phase=continuous_center center_error=0.015 raw_yaw_deg=-39.65 calibrated_yaw_deg=-39.65 target_yaw_deg=0.00 yaw_source=calibrated_pnp corner_error_deg=31.09 height_norm=0.261
[base] continuous start label=exp2_center_align direction=backward requested_speed=0.2 effective_speed=0.2
[exp2] continuous center correction direction=backward
[tag] backend=pupil_apriltags id=0 center=(164.7,181.1) error_x=0.015 yaw_deg=-39.59 height=62.6px height_norm=0.261 margin=48.73 distance=0.23501217579198372
[exp2] phase=continuous_center center_error=0.015 raw_yaw_deg=-39.59 calibrated_yaw_deg=-39.59 target_yaw_deg=0.00 yaw_source=calibrated_pnp corner_error_deg=31.07 height_norm=0.261
[exp2] continuous center correction direction=backward
[tag] backend=pupil_apriltags id=0 center=(164.6,181.0) error_x=0.014 yaw_deg=-39.36 height=62.4px height_norm=0.260 margin=48.90 distance=0.2355668872814557
[exp2] phase=continuous_center center_error=0.014 raw_yaw_deg=-39.36 calibrated_yaw_deg=-39.36 target_yaw_deg=0.00 yaw_source=calibrated_pnp corner_error_deg=30.79 height_norm=0.260
[exp2] continuous center correction direction=backward
[tag] backend=pupil_apriltags id=0 center=(163.9,181.0) error_x=0.012 yaw_deg=-39.17 height=62.5px height_norm=0.260 margin=48.38 distance=0.23523735362355477
[exp2] phase=continuous_center center_error=0.012 raw_yaw_deg=-39.17 calibrated_yaw_deg=-39.17 target_yaw_deg=0.00 yaw_source=calibrated_pnp corner_error_deg=30.65 height_norm=0.260
[exp2] continuous center correction direction=backward
[tag] backend=pupil_apriltags id=0 center=(159.9,180.6) error_x=-0.000 yaw_deg=-38.41 height=62.2px height_norm=0.259 margin=48.09 distance=0.23521658923815034
[exp2] phase=continuous_center center_error=-0.000 raw_yaw_deg=-38.41 calibrated_yaw_deg=-38.41 target_yaw_deg=0.00 yaw_source=calibrated_pnp corner_error_deg=29.66 height_norm=0.259
[map] motion direction=backward speed=0.2 effective_seconds=0.37294864654541016 pose={'x_m': -0.3919626586645997, 'y_m': -0.21158934021614406, 'heading_rad': 0.3262277948368868}
[base] continuous stop label=exp2_center_align elapsed=0.373s
[base] stop
[exp2] center accepted; switching to yaw after 0.200s
[base] stop
[base] stop
[base] stop
[base] stop
[base] stop
[base] stop
[base] stop
[base] stop
[base] stop
[tag] backend=pupil_apriltags id=0 center=(152.8,180.5) error_x=-0.023 yaw_deg=-36.52 height=61.9px height_norm=0.258 margin=47.51 distance=0.23603010971766739
[exp2] phase=continuous_yaw center_error=-0.023 raw_yaw_deg=-36.52 calibrated_yaw_deg=-36.52 target_yaw_deg=0.00 yaw_source=calibrated_pnp corner_error_deg=27.00 height_norm=0.258
[base] stop
[exp2] continuous x guard preempted yaw error=-0.023 limit=0.012; camera_settle_seconds=0.200
[base] stop
[base] stop
[base] stop
[base] stop
[base] stop
[base] stop
[base] stop
[base] stop
[base] stop
[tag] backend=pupil_apriltags id=0 center=(153.2,180.6) error_x=-0.021 yaw_deg=-36.62 height=61.9px height_norm=0.258 margin=47.23 distance=0.2359998669302579
[exp2] phase=continuous_center center_error=-0.021 raw_yaw_deg=-36.62 calibrated_yaw_deg=-36.62 target_yaw_deg=0.00 yaw_source=calibrated_pnp corner_error_deg=27.01 height_norm=0.258
[base] continuous start label=exp2_center_align direction=forward requested_speed=0.2 effective_speed=0.2
[exp2] continuous center correction direction=forward
[tag] backend=pupil_apriltags id=0 center=(153.2,180.6) error_x=-0.021 yaw_deg=-36.66 height=62.0px height_norm=0.258 margin=47.36 distance=0.23597529378566764
[exp2] phase=continuous_center center_error=-0.021 raw_yaw_deg=-36.66 calibrated_yaw_deg=-36.66 target_yaw_deg=0.00 yaw_source=calibrated_pnp corner_error_deg=27.00 height_norm=0.258
[exp2] continuous center correction direction=forward
[tag] backend=pupil_apriltags id=0 center=(153.3,180.5) error_x=-0.021 yaw_deg=-36.33 height=61.8px height_norm=0.257 margin=47.55 distance=0.23718074444481538
[exp2] phase=continuous_center center_error=-0.021 raw_yaw_deg=-36.33 calibrated_yaw_deg=-36.33 target_yaw_deg=0.00 yaw_source=calibrated_pnp corner_error_deg=26.52 height_norm=0.257
[exp2] continuous center correction direction=forward
[tag] backend=pupil_apriltags id=0 center=(154.9,180.4) error_x=-0.016 yaw_deg=-37.04 height=61.5px height_norm=0.256 margin=47.63 distance=0.23772113316139365
[exp2] phase=continuous_center center_error=-0.016 raw_yaw_deg=-37.04 calibrated_yaw_deg=-37.04 target_yaw_deg=0.00 yaw_source=calibrated_pnp corner_error_deg=27.30 height_norm=0.256
[exp2] continuous center correction direction=forward
[tag] backend=pupil_apriltags id=0 center=(157.9,180.8) error_x=-0.007 yaw_deg=-37.82 height=62.0px height_norm=0.258 margin=48.11 distance=0.23628219570564307
[exp2] phase=continuous_center center_error=-0.007 raw_yaw_deg=-37.82 calibrated_yaw_deg=-37.82 target_yaw_deg=0.00 yaw_source=calibrated_pnp corner_error_deg=28.91 height_norm=0.258
[map] motion direction=forward speed=0.2 effective_seconds=0.37254786491394043 pose={'x_m': -0.38808244519148416, 'y_m': -0.20012012489488473, 'heading_rad': 0.3262277948368868}
[base] continuous stop label=exp2_center_align elapsed=0.373s
[base] stop
[exp2] center accepted; switching to yaw after 0.200s
[base] stop
[base] stop
[base] stop
[base] stop
[base] stop
[base] stop
[base] stop
[base] stop
[base] stop
[tag] backend=pupil_apriltags id=0 center=(165.1,181.0) error_x=0.016 yaw_deg=-39.86 height=62.8px height_norm=0.262 margin=49.26 distance=0.2339801710819025
[exp2] phase=continuous_yaw center_error=0.016 raw_yaw_deg=-39.86 calibrated_yaw_deg=-39.86 target_yaw_deg=0.00 yaw_source=calibrated_pnp corner_error_deg=31.14 height_norm=0.262
[base] stop
[exp2] continuous x guard preempted yaw error=0.016 limit=0.012; camera_settle_seconds=0.200
[base] stop
[base] stop
[base] stop
[base] stop
[base] stop
[base] stop
[base] stop
[base] stop
[base] stop
[tag] backend=pupil_apriltags id=0 center=(165.0,181.1) error_x=0.016 yaw_deg=-39.79 height=62.7px height_norm=0.261 margin=48.75 distance=0.2341981073290163
[exp2] phase=continuous_center center_error=0.016 raw_yaw_deg=-39.79 calibrated_yaw_deg=-39.79 target_yaw_deg=0.00 yaw_source=calibrated_pnp corner_error_deg=31.09 height_norm=0.261
[base] continuous start label=exp2_center_align direction=backward requested_speed=0.2 effective_speed=0.2
[exp2] continuous center correction direction=backward
[tag] backend=pupil_apriltags id=0 center=(165.0,181.1) error_x=0.016 yaw_deg=-39.8 height=62.7px height_norm=0.261 margin=48.20 distance=0.23429720476474747
[exp2] phase=continuous_center center_error=0.016 raw_yaw_deg=-39.8 calibrated_yaw_deg=-39.8 target_yaw_deg=0.00 yaw_source=calibrated_pnp corner_error_deg=31.18 height_norm=0.261
[exp2] continuous center correction direction=backward
[tag] backend=pupil_apriltags id=0 center=(164.9,181.0) error_x=0.015 yaw_deg=-39.62 height=62.7px height_norm=0.261 margin=48.78 distance=0.23436663431018073
[exp2] phase=continuous_center center_error=0.015 raw_yaw_deg=-39.62 calibrated_yaw_deg=-39.62 target_yaw_deg=0.00 yaw_source=calibrated_pnp corner_error_deg=30.98 height_norm=0.261
[exp2] continuous center correction direction=backward
[tag] backend=pupil_apriltags id=0 center=(163.6,180.9) error_x=0.011 yaw_deg=-38.93 height=62.2px height_norm=0.259 margin=48.06 distance=0.23582340424758133
[exp2] phase=continuous_center center_error=0.011 raw_yaw_deg=-38.93 calibrated_yaw_deg=-38.93 target_yaw_deg=0.00 yaw_source=calibrated_pnp corner_error_deg=30.31 height_norm=0.259
[map] motion direction=backward speed=0.2 effective_seconds=0.3031799793243408 pose={'x_m': -0.3912401684033054, 'y_m': -0.2094537885430956, 'heading_rad': 0.3262277948368868}
[base] continuous stop label=exp2_center_align elapsed=0.303s
[base] stop
[exp2] center accepted; switching to yaw after 0.200s
[base] stop
[base] stop
[base] stop
[base] stop
[base] stop
[base] stop
[base] stop
[base] stop
[base] stop
[tag] backend=pupil_apriltags id=0 center=(156.0,180.5) error_x=-0.013 yaw_deg=-37.52 height=62.1px height_norm=0.259 margin=47.99 distance=0.2354370075723927
[exp2] phase=continuous_yaw center_error=-0.013 raw_yaw_deg=-37.52 calibrated_yaw_deg=-37.52 target_yaw_deg=0.00 yaw_source=calibrated_pnp corner_error_deg=28.32 height_norm=0.259
[base] stop
[exp2] continuous x guard preempted yaw error=-0.013 limit=0.012; camera_settle_seconds=0.200
[base] stop
[base] stop
[base] stop
[base] stop
[base] stop
[base] stop
[base] stop
[base] stop
[base] stop
[tag] backend=pupil_apriltags id=0 center=(156.0,180.6) error_x=-0.012 yaw_deg=-37.53 height=62.0px height_norm=0.258 margin=47.94 distance=0.23537084816783127
[exp2] phase=continuous_center center_error=-0.012 raw_yaw_deg=-37.53 calibrated_yaw_deg=-37.53 target_yaw_deg=0.00 yaw_source=calibrated_pnp corner_error_deg=28.33 height_norm=0.258
[base] continuous start label=exp2_center_align direction=forward requested_speed=0.2 effective_speed=0.2
[exp2] continuous center correction direction=forward
[tag] backend=pupil_apriltags id=0 center=(156.0,180.6) error_x=-0.012 yaw_deg=-37.51 height=62.1px height_norm=0.259 margin=48.21 distance=0.23526811767094286
[exp2] phase=continuous_center center_error=-0.012 raw_yaw_deg=-37.51 calibrated_yaw_deg=-37.51 target_yaw_deg=0.00 yaw_source=calibrated_pnp corner_error_deg=28.33 height_norm=0.259
[exp2] continuous center correction direction=forward
[tag] backend=pupil_apriltags id=0 center=(156.1,180.5) error_x=-0.012 yaw_deg=-37.48 height=62.1px height_norm=0.259 margin=48.34 distance=0.23524880626321293
[exp2] phase=continuous_center center_error=-0.012 raw_yaw_deg=-37.48 calibrated_yaw_deg=-37.48 target_yaw_deg=0.00 yaw_source=calibrated_pnp corner_error_deg=28.31 height_norm=0.259
[exp2] continuous center correction direction=forward
[tag] backend=pupil_apriltags id=0 center=(157.1,180.6) error_x=-0.009 yaw_deg=-37.47 height=61.8px height_norm=0.257 margin=48.02 distance=0.23694833047729888
[exp2] phase=continuous_center center_error=-0.009 raw_yaw_deg=-37.47 calibrated_yaw_deg=-37.47 target_yaw_deg=0.00 yaw_source=calibrated_pnp corner_error_deg=27.93 height_norm=0.257
[map] motion direction=forward speed=0.2 effective_seconds=0.2935938835144043 pose={'x_m': -0.38818228765904167, 'y_m': -0.2004152413276679, 'heading_rad': 0.3262277948368868}
[base] continuous stop label=exp2_center_align elapsed=0.294s
[base] stop
[exp2] center accepted; switching to yaw after 0.200s
[base] stop
[base] stop
[base] stop
[base] stop
[base] stop
[base] stop
[base] stop
[base] stop
[base] stop
[tag] backend=pupil_apriltags id=0 center=(165.1,181.0) error_x=0.016 yaw_deg=-39.8 height=62.8px height_norm=0.262 margin=48.53 distance=0.23361237389928194
[exp2] phase=continuous_yaw center_error=0.016 raw_yaw_deg=-39.8 calibrated_yaw_deg=-39.8 target_yaw_deg=0.00 yaw_source=calibrated_pnp corner_error_deg=31.20 height_norm=0.262
[base] stop
[exp2] continuous x guard preempted yaw error=0.016 limit=0.012; camera_settle_seconds=0.200
[base] stop
[base] stop
[base] stop
[base] stop
[base] stop
[base] stop
[base] stop
[base] stop
[base] stop
[tag] backend=pupil_apriltags id=0 center=(165.2,181.0) error_x=0.016 yaw_deg=-39.93 height=62.9px height_norm=0.262 margin=48.13 distance=0.2332533381511
[exp2] phase=continuous_center center_error=0.016 raw_yaw_deg=-39.93 calibrated_yaw_deg=-39.93 target_yaw_deg=0.00 yaw_source=calibrated_pnp corner_error_deg=31.32 height_norm=0.262
[base] continuous start label=exp2_center_align direction=backward requested_speed=0.2 effective_speed=0.2
[exp2] continuous center correction direction=backward
[tag] backend=pupil_apriltags id=0 center=(165.3,181.0) error_x=0.016 yaw_deg=-40.03 height=63.0px height_norm=0.262 margin=48.16 distance=0.23308826812373507
[exp2] phase=continuous_center center_error=0.016 raw_yaw_deg=-40.03 calibrated_yaw_deg=-40.03 target_yaw_deg=0.00 yaw_source=calibrated_pnp corner_error_deg=31.43 height_norm=0.262
[exp2] continuous center correction direction=backward
[tag] backend=pupil_apriltags id=0 center=(165.3,181.0) error_x=0.016 yaw_deg=-39.96 height=62.9px height_norm=0.262 margin=48.34 distance=0.23329713999416232
[exp2] phase=continuous_center center_error=0.016 raw_yaw_deg=-39.96 calibrated_yaw_deg=-39.96 target_yaw_deg=0.00 yaw_source=calibrated_pnp corner_error_deg=31.41 height_norm=0.262
[exp2] continuous center correction direction=backward
[tag] backend=pupil_apriltags id=0 center=(164.6,181.0) error_x=0.014 yaw_deg=-39.15 height=62.4px height_norm=0.260 margin=47.82 distance=0.23503518952484906
[exp2] phase=continuous_center center_error=0.014 raw_yaw_deg=-39.15 calibrated_yaw_deg=-39.15 target_yaw_deg=0.00 yaw_source=calibrated_pnp corner_error_deg=30.53 height_norm=0.260
[exp2] continuous center correction direction=backward
[tag] backend=pupil_apriltags id=0 center=(160.2,180.7) error_x=0.001 yaw_deg=-38.31 height=62.2px height_norm=0.259 margin=47.94 distance=0.2351605563390666
[exp2] phase=continuous_center center_error=0.001 raw_yaw_deg=-38.31 calibrated_yaw_deg=-38.31 target_yaw_deg=0.00 yaw_source=calibrated_pnp corner_error_deg=29.54 height_norm=0.259
[map] motion direction=backward speed=0.2 effective_seconds=0.3996129035949707 pose={'x_m': -0.3923443927697989, 'y_m': -0.21271767778786102, 'heading_rad': 0.3262277948368868}
[base] continuous stop label=exp2_center_align elapsed=0.400s
[base] stop
[exp2] center accepted; switching to yaw after 0.200s
[base] stop
[base] stop
[base] stop
[base] stop
[base] stop
[base] stop
[base] stop
[base] stop
[base] stop
[tag] backend=pupil_apriltags id=0 center=(153.6,180.5) error_x=-0.020 yaw_deg=-36.36 height=61.8px height_norm=0.257 margin=47.86 distance=0.23709645084941552
[exp2] phase=continuous_yaw center_error=-0.020 raw_yaw_deg=-36.36 calibrated_yaw_deg=-36.36 target_yaw_deg=0.00 yaw_source=calibrated_pnp corner_error_deg=27.23 height_norm=0.257
[base] stop
[exp2] continuous x guard preempted yaw error=-0.020 limit=0.012; camera_settle_seconds=0.200
[base] stop
[base] stop
[base] stop
[base] stop
[base] stop
[base] stop
[base] stop
[base] stop
[base] stop
[tag] backend=pupil_apriltags id=0 center=(153.9,180.5) error_x=-0.019 yaw_deg=-36.55 height=61.9px height_norm=0.258 margin=47.66 distance=0.23630171593140797
[exp2] phase=continuous_center center_error=-0.019 raw_yaw_deg=-36.55 calibrated_yaw_deg=-36.55 target_yaw_deg=0.00 yaw_source=calibrated_pnp corner_error_deg=27.36 height_norm=0.258
[base] continuous start label=exp2_center_align direction=forward requested_speed=0.2 effective_speed=0.2
[exp2] continuous center correction direction=forward
[tag] backend=pupil_apriltags id=0 center=(153.9,180.5) error_x=-0.019 yaw_deg=-36.56 height=61.9px height_norm=0.258 margin=48.24 distance=0.23633134042400947
[exp2] phase=continuous_center center_error=-0.019 raw_yaw_deg=-36.56 calibrated_yaw_deg=-36.56 target_yaw_deg=0.00 yaw_source=calibrated_pnp corner_error_deg=27.37 height_norm=0.258
[exp2] continuous center correction direction=forward
[tag] backend=pupil_apriltags id=0 center=(154.4,180.4) error_x=-0.017 yaw_deg=-36.76 height=61.7px height_norm=0.257 margin=47.57 distance=0.23677763530799847
[exp2] phase=continuous_center center_error=-0.017 raw_yaw_deg=-36.76 calibrated_yaw_deg=-36.76 target_yaw_deg=0.00 yaw_source=calibrated_pnp corner_error_deg=27.26 height_norm=0.257
[exp2] continuous center correction direction=forward
[tag] backend=pupil_apriltags id=0 center=(155.4,180.4) error_x=-0.014 yaw_deg=-37.01 height=61.8px height_norm=0.258 margin=47.39 distance=0.23599334141488887
[exp2] phase=continuous_center center_error=-0.014 raw_yaw_deg=-37.01 calibrated_yaw_deg=-37.01 target_yaw_deg=0.00 yaw_source=calibrated_pnp corner_error_deg=27.78 height_norm=0.258
[exp2] continuous center correction direction=forward
[tag] backend=pupil_apriltags id=0 center=(157.2,180.4) error_x=-0.009 yaw_deg=-37.44 height=61.8px height_norm=0.257 margin=47.68 distance=0.23685391358383545
[exp2] phase=continuous_center center_error=-0.009 raw_yaw_deg=-37.44 calibrated_yaw_deg=-37.44 target_yaw_deg=0.00 yaw_source=calibrated_pnp corner_error_deg=27.79 height_norm=0.257
[map] motion direction=forward speed=0.2 effective_seconds=0.37803077697753906 pose={'x_m': -0.3884070728916688, 'y_m': -0.2010796661723068, 'heading_rad': 0.3262277948368868}
[base] continuous stop label=exp2_center_align elapsed=0.378s
[base] stop
[exp2] center accepted; switching to yaw after 0.200s
[base] stop
[base] stop
[base] stop
[base] stop
[base] stop
[base] stop
[base] stop
[base] stop
[base] stop
[tag] backend=pupil_apriltags id=0 center=(165.6,181.1) error_x=0.017 yaw_deg=-39.77 height=62.9px height_norm=0.262 margin=48.61 distance=0.23321560454153112
[exp2] phase=continuous_yaw center_error=0.017 raw_yaw_deg=-39.77 calibrated_yaw_deg=-39.77 target_yaw_deg=0.00 yaw_source=calibrated_pnp corner_error_deg=31.54 height_norm=0.262
[base] stop
[exp2] continuous x guard preempted yaw error=0.017 limit=0.012; camera_settle_seconds=0.200
[base] stop
[base] stop
[base] stop
[base] stop
[base] stop
[base] stop
[base] stop
[base] stop
[base] stop
[tag] backend=pupil_apriltags id=0 center=(165.5,181.0) error_x=0.017 yaw_deg=-40.06 height=63.1px height_norm=0.263 margin=48.94 distance=0.23242931891471252
[exp2] phase=continuous_center center_error=0.017 raw_yaw_deg=-40.06 calibrated_yaw_deg=-40.06 target_yaw_deg=0.00 yaw_source=calibrated_pnp corner_error_deg=31.43 height_norm=0.263
[base] continuous start label=exp2_center_align direction=backward requested_speed=0.2 effective_speed=0.2
[exp2] continuous center correction direction=backward
[tag] backend=pupil_apriltags id=0 center=(165.5,181.0) error_x=0.017 yaw_deg=-40.03 height=63.0px height_norm=0.263 margin=48.66 distance=0.23247418165166023
[exp2] phase=continuous_center center_error=0.017 raw_yaw_deg=-40.03 calibrated_yaw_deg=-40.03 target_yaw_deg=0.00 yaw_source=calibrated_pnp corner_error_deg=31.43 height_norm=0.263
[exp2] continuous center correction direction=backward
[tag] backend=pupil_apriltags id=0 center=(165.5,181.0) error_x=0.017 yaw_deg=-40.06 height=63.0px height_norm=0.263 margin=48.37 distance=0.23246077424017744
[exp2] phase=continuous_center center_error=0.017 raw_yaw_deg=-40.06 calibrated_yaw_deg=-40.06 target_yaw_deg=0.00 yaw_source=calibrated_pnp corner_error_deg=31.45 height_norm=0.263
[exp2] continuous center correction direction=backward
[tag] backend=pupil_apriltags id=0 center=(164.9,180.9) error_x=0.015 yaw_deg=-39.22 height=62.5px height_norm=0.260 margin=48.98 distance=0.2345708571924603
[exp2] phase=continuous_center center_error=0.015 raw_yaw_deg=-39.22 calibrated_yaw_deg=-39.22 target_yaw_deg=0.00 yaw_source=calibrated_pnp corner_error_deg=30.49 height_norm=0.260
[exp2] continuous center correction direction=backward
[tag] backend=pupil_apriltags id=0 center=(160.1,180.8) error_x=0.000 yaw_deg=-38.02 height=62.0px height_norm=0.258 margin=48.03 distance=0.23578642197419886
[exp2] phase=continuous_center center_error=0.000 raw_yaw_deg=-38.02 calibrated_yaw_deg=-38.02 target_yaw_deg=0.00 yaw_source=calibrated_pnp corner_error_deg=29.11 height_norm=0.258
[map] motion direction=backward speed=0.2 effective_seconds=0.3932819366455078 pose={'x_m': -0.39250323881562965, 'y_m': -0.21318719821893703, 'heading_rad': 0.3262277948368868}
[base] continuous stop label=exp2_center_align elapsed=0.393s
[base] stop
[exp2] center accepted; switching to yaw after 0.200s
[base] stop
[base] stop
[base] stop
[base] stop
[base] stop
[base] stop
[base] stop
[base] stop
[base] stop
[tag] backend=pupil_apriltags id=0 center=(154.2,180.5) error_x=-0.018 yaw_deg=-36.48 height=61.7px height_norm=0.257 margin=47.40 distance=0.23667390953880346
[exp2] phase=continuous_yaw center_error=-0.018 raw_yaw_deg=-36.48 calibrated_yaw_deg=-36.48 target_yaw_deg=0.00 yaw_source=calibrated_pnp corner_error_deg=27.17 height_norm=0.257
[base] stop
[exp2] continuous x guard preempted yaw error=-0.018 limit=0.012; camera_settle_seconds=0.200
[base] stop
[base] stop
[base] stop
[base] stop
[base] stop
[base] stop
[base] stop
[base] stop
[base] stop
[tag] backend=pupil_apriltags id=0 center=(154.5,180.4) error_x=-0.017 yaw_deg=-36.69 height=61.7px height_norm=0.257 margin=46.57 distance=0.23643600305931517
[exp2] phase=continuous_center center_error=-0.017 raw_yaw_deg=-36.69 calibrated_yaw_deg=-36.69 target_yaw_deg=0.00 yaw_source=calibrated_pnp corner_error_deg=27.27 height_norm=0.257
[base] continuous start label=exp2_center_align direction=forward requested_speed=0.2 effective_speed=0.2
[exp2] continuous center correction direction=forward
[tag] backend=pupil_apriltags id=0 center=(154.6,180.4) error_x=-0.017 yaw_deg=-36.71 height=61.7px height_norm=0.257 margin=44.99 distance=0.23615884881470492
[exp2] phase=continuous_center center_error=-0.017 raw_yaw_deg=-36.71 calibrated_yaw_deg=-36.71 target_yaw_deg=0.00 yaw_source=calibrated_pnp corner_error_deg=27.33 height_norm=0.257
[exp2] continuous center correction direction=forward
[tag] backend=pupil_apriltags id=0 center=(155.1,180.3) error_x=-0.015 yaw_deg=-36.84 height=61.8px height_norm=0.258 margin=45.51 distance=0.23595157288161472
[exp2] phase=continuous_center center_error=-0.015 raw_yaw_deg=-36.84 calibrated_yaw_deg=-36.84 target_yaw_deg=0.00 yaw_source=calibrated_pnp corner_error_deg=27.48 height_norm=0.258
[exp2] continuous center correction direction=forward
[tag] backend=pupil_apriltags id=0 center=(156.3,180.5) error_x=-0.011 yaw_deg=-37.27 height=62.1px height_norm=0.259 margin=45.16 distance=0.23514006481242294
[exp2] phase=continuous_center center_error=-0.011 raw_yaw_deg=-37.27 calibrated_yaw_deg=-37.27 target_yaw_deg=0.00 yaw_source=calibrated_pnp corner_error_deg=27.82 height_norm=0.259
[map] motion direction=forward speed=0.2 effective_seconds=0.29599523544311523 pose={'x_m': -0.3894203471694524, 'y_m': -0.20407472326179787, 'heading_rad': 0.3262277948368868}
[base] continuous stop label=exp2_center_align elapsed=0.296s
[base] stop
[exp2] center accepted; switching to yaw after 0.200s
[base] stop
[base] stop
[base] stop
[base] stop
[base] stop
[base] stop
[base] stop
[base] stop
[base] stop
[tag] backend=pupil_apriltags id=0 center=(163.4,180.9) error_x=0.011 yaw_deg=-38.73 height=62.5px height_norm=0.260 margin=45.88 distance=0.23506859255681678
[exp2] phase=continuous_yaw center_error=0.011 raw_yaw_deg=-38.73 calibrated_yaw_deg=-38.73 target_yaw_deg=0.00 yaw_source=calibrated_pnp corner_error_deg=30.01 height_norm=0.260
[base] continuous start label=exp2_yaw_align direction=left requested_speed=0.15 effective_speed=0.15
[exp2] continuous yaw correction direction=left
[tag] backend=pupil_apriltags id=0 center=(163.8,180.9) error_x=0.012 yaw_deg=-38.7 height=62.6px height_norm=0.261 margin=45.93 distance=0.2347530235782548
[exp2] phase=continuous_yaw center_error=0.012 raw_yaw_deg=-38.7 calibrated_yaw_deg=-38.7 target_yaw_deg=0.00 yaw_source=calibrated_pnp corner_error_deg=30.43 height_norm=0.261
[exp2] continuous yaw correction direction=left
[tag] backend=pupil_apriltags id=0 center=(163.5,180.7) error_x=0.011 yaw_deg=-38.47 height=62.4px height_norm=0.260 margin=46.15 distance=0.23543094848039678
[exp2] phase=continuous_yaw center_error=0.011 raw_yaw_deg=-38.47 calibrated_yaw_deg=-38.47 target_yaw_deg=0.00 yaw_source=calibrated_pnp corner_error_deg=29.79 height_norm=0.260
[exp2] continuous yaw correction direction=left
[tag] backend=pupil_apriltags id=0 center=(163.1,180.9) error_x=0.010 yaw_deg=-38.77 height=62.6px height_norm=0.261 margin=45.77 distance=0.23410178547255017
[exp2] phase=continuous_yaw center_error=0.010 raw_yaw_deg=-38.77 calibrated_yaw_deg=-38.77 target_yaw_deg=0.00 yaw_source=calibrated_pnp corner_error_deg=30.56 height_norm=0.261
[exp2] continuous yaw correction direction=left
[tag] backend=pupil_apriltags id=0 center=(167.7,181.1) error_x=0.024 yaw_deg=-39.43 height=62.6px height_norm=0.261 margin=46.02 distance=0.23411030022536183
[exp2] phase=continuous_yaw center_error=0.024 raw_yaw_deg=-39.43 calibrated_yaw_deg=-39.43 target_yaw_deg=0.00 yaw_source=calibrated_pnp corner_error_deg=31.53 height_norm=0.261
[map] motion direction=left speed=0.15 effective_seconds=0.3984260559082031 pose={'x_m': -0.3894203471694524, 'y_m': -0.20407472326179787, 'heading_rad': 0.26605027703688444}
[base] continuous stop label=exp2_yaw_align elapsed=0.398s
[base] stop
[exp2] continuous x guard preempted yaw error=0.024 limit=0.012; camera_settle_seconds=0.200
[base] stop
[base] stop
[base] stop
[base] stop
[base] stop
[base] stop
[base] stop
[base] stop
[base] stop
[tag] backend=pupil_apriltags id=0 center=(173.3,181.2) error_x=0.042 yaw_deg=-39.57 height=62.6px height_norm=0.261 margin=46.55 distance=0.23302033525484386
[exp2] phase=continuous_center center_error=0.042 raw_yaw_deg=-39.57 calibrated_yaw_deg=-39.57 target_yaw_deg=0.00 yaw_source=calibrated_pnp corner_error_deg=32.56 height_norm=0.261
[base] continuous start label=exp2_center_align direction=backward requested_speed=0.2 effective_speed=0.2
[exp2] continuous center correction direction=backward
[tag] backend=pupil_apriltags id=0 center=(173.3,181.2) error_x=0.042 yaw_deg=-39.53 height=62.5px height_norm=0.260 margin=46.79 distance=0.23318597057624918
[exp2] phase=continuous_center center_error=0.042 raw_yaw_deg=-39.53 calibrated_yaw_deg=-39.53 target_yaw_deg=0.00 yaw_source=calibrated_pnp corner_error_deg=32.48 height_norm=0.260
[exp2] continuous center correction direction=backward
[tag] backend=pupil_apriltags id=0 center=(172.4,181.3) error_x=0.039 yaw_deg=-39.51 height=62.3px height_norm=0.260 margin=46.09 distance=0.2331791496046457
[exp2] phase=continuous_center center_error=0.039 raw_yaw_deg=-39.51 calibrated_yaw_deg=-39.51 target_yaw_deg=0.00 yaw_source=calibrated_pnp corner_error_deg=32.28 height_norm=0.260
[exp2] continuous center correction direction=backward
[tag] backend=pupil_apriltags id=0 center=(168.3,180.9) error_x=0.026 yaw_deg=-38.74 height=62.3px height_norm=0.260 margin=46.27 distance=0.23308143324300343
[exp2] phase=continuous_center center_error=0.026 raw_yaw_deg=-38.74 calibrated_yaw_deg=-38.74 target_yaw_deg=0.00 yaw_source=calibrated_pnp corner_error_deg=30.95 height_norm=0.260
[exp2] continuous center correction direction=backward
[tag] backend=pupil_apriltags id=0 center=(163.8,181.0) error_x=0.012 yaw_deg=-37.32 height=61.6px height_norm=0.257 margin=45.83 distance=0.23513194320612926
[exp2] phase=continuous_center center_error=0.012 raw_yaw_deg=-37.32 calibrated_yaw_deg=-37.32 target_yaw_deg=0.00 yaw_source=calibrated_pnp corner_error_deg=29.12 height_norm=0.257
[map] motion direction=backward speed=0.2 effective_seconds=0.39874792098999023 pose={'x_m': -0.3928276437621249, 'y_m': -0.21657808197260756, 'heading_rad': 0.26605027703688444}
[base] continuous stop label=exp2_center_align elapsed=0.399s
[base] stop
[exp2] center accepted; switching to yaw after 0.200s
[base] stop
[base] stop
[base] stop
[base] stop
[base] stop
[base] stop
[base] stop
[base] stop
[base] stop
[tag] backend=pupil_apriltags id=0 center=(158.7,180.3) error_x=-0.004 yaw_deg=-35.83 height=61.7px height_norm=0.257 margin=45.25 distance=0.23388714545308648
[exp2] phase=continuous_yaw center_error=-0.004 raw_yaw_deg=-35.83 calibrated_yaw_deg=-35.83 target_yaw_deg=0.00 yaw_source=calibrated_pnp corner_error_deg=27.59 height_norm=0.257
[base] continuous start label=exp2_yaw_align direction=left requested_speed=0.15 effective_speed=0.15
[exp2] continuous yaw correction direction=left
[tag] backend=pupil_apriltags id=0 center=(158.5,180.4) error_x=-0.005 yaw_deg=-35.79 height=61.7px height_norm=0.257 margin=45.21 distance=0.23391318738617747
[exp2] phase=continuous_yaw center_error=-0.005 raw_yaw_deg=-35.79 calibrated_yaw_deg=-35.79 target_yaw_deg=0.00 yaw_source=calibrated_pnp corner_error_deg=27.63 height_norm=0.257
[exp2] continuous yaw correction direction=left
[tag] backend=pupil_apriltags id=0 center=(158.5,180.4) error_x=-0.005 yaw_deg=-35.75 height=61.7px height_norm=0.257 margin=45.16 distance=0.23385366414732847
[exp2] phase=continuous_yaw center_error=-0.005 raw_yaw_deg=-35.75 calibrated_yaw_deg=-35.75 target_yaw_deg=0.00 yaw_source=calibrated_pnp corner_error_deg=27.68 height_norm=0.257
[exp2] continuous yaw correction direction=left
[tag] backend=pupil_apriltags id=0 center=(162.6,180.7) error_x=0.008 yaw_deg=-35.62 height=61.0px height_norm=0.254 margin=45.17 distance=0.23671393929406487
[exp2] phase=continuous_yaw center_error=0.008 raw_yaw_deg=-35.62 calibrated_yaw_deg=-35.62 target_yaw_deg=0.00 yaw_source=calibrated_pnp corner_error_deg=27.42 height_norm=0.254
[exp2] continuous yaw correction direction=left
[tag] backend=pupil_apriltags id=0 center=(166.7,180.9) error_x=0.021 yaw_deg=-36.7 height=61.5px height_norm=0.256 margin=45.37 distance=0.234454219804401
[exp2] phase=continuous_yaw center_error=0.021 raw_yaw_deg=-36.7 calibrated_yaw_deg=-36.7 target_yaw_deg=0.00 yaw_source=calibrated_pnp corner_error_deg=29.16 height_norm=0.256
[map] motion direction=left speed=0.15 effective_seconds=0.3999779224395752 pose={'x_m': -0.3928276437621249, 'y_m': -0.21657808197260756, 'heading_rad': 0.20563836825157855}
[base] continuous stop label=exp2_yaw_align elapsed=0.400s
[base] stop
[exp2] continuous x guard preempted yaw error=0.021 limit=0.012; camera_settle_seconds=0.200
[base] stop
[base] stop
[base] stop
[base] stop
[base] stop
[base] stop
[base] stop
[base] stop
[base] stop
[tag] backend=pupil_apriltags id=0 center=(173.2,181.2) error_x=0.041 yaw_deg=-38.02 height=62.3px height_norm=0.260 margin=45.19 distance=0.22983600384280492
[exp2] phase=continuous_center center_error=0.041 raw_yaw_deg=-38.02 calibrated_yaw_deg=-38.02 target_yaw_deg=0.00 yaw_source=calibrated_pnp corner_error_deg=31.24 height_norm=0.260
[base] continuous start label=exp2_center_align direction=backward requested_speed=0.2 effective_speed=0.2
[exp2] continuous center correction direction=backward
[tag] backend=pupil_apriltags id=0 center=(173.2,181.1) error_x=0.041 yaw_deg=-38.31 height=62.5px height_norm=0.260 margin=45.07 distance=0.2292071934031809
[exp2] phase=continuous_center center_error=0.041 raw_yaw_deg=-38.31 calibrated_yaw_deg=-38.31 target_yaw_deg=0.00 yaw_source=calibrated_pnp corner_error_deg=31.38 height_norm=0.260
[exp2] continuous center correction direction=backward
[tag] backend=pupil_apriltags id=0 center=(171.7,181.0) error_x=0.037 yaw_deg=-36.87 height=61.4px height_norm=0.256 margin=45.84 distance=0.23352816569860388
[exp2] phase=continuous_center center_error=0.037 raw_yaw_deg=-36.87 calibrated_yaw_deg=-36.87 target_yaw_deg=0.00 yaw_source=calibrated_pnp corner_error_deg=30.36 height_norm=0.256
[exp2] continuous center correction direction=backward
[tag] backend=pupil_apriltags id=0 center=(167.9,180.4) error_x=0.025 yaw_deg=-35.75 height=61.6px height_norm=0.256 margin=45.34 distance=0.2326879010708108
[exp2] phase=continuous_center center_error=0.025 raw_yaw_deg=-35.75 calibrated_yaw_deg=-35.75 target_yaw_deg=0.00 yaw_source=calibrated_pnp corner_error_deg=29.20 height_norm=0.256
[exp2] continuous center correction direction=backward
[tag] backend=pupil_apriltags id=0 center=(164.0,180.5) error_x=0.012 yaw_deg=-35.38 height=61.3px height_norm=0.255 margin=45.03 distance=0.23357558841256432
[exp2] phase=continuous_center center_error=0.012 raw_yaw_deg=-35.38 calibrated_yaw_deg=-35.38 target_yaw_deg=0.00 yaw_source=calibrated_pnp corner_error_deg=28.00 height_norm=0.255
[exp2] continuous center correction direction=backward
[tag] backend=pupil_apriltags id=0 center=(159.6,180.7) error_x=-0.001 yaw_deg=-33.79 height=60.7px height_norm=0.253 margin=44.65 distance=0.2341480727815547
[exp2] phase=continuous_center center_error=-0.001 raw_yaw_deg=-33.79 calibrated_yaw_deg=-33.79 target_yaw_deg=0.00 yaw_source=calibrated_pnp corner_error_deg=26.82 height_norm=0.253
[map] motion direction=backward speed=0.2 effective_seconds=0.5104193687438965 pose={'x_m': -0.39621491118162266, 'y_m': -0.2328172028722161, 'heading_rad': 0.20563836825157855}
[base] continuous stop label=exp2_center_align elapsed=0.510s
[base] stop
[exp2] center accepted; switching to yaw after 0.200s
[base] stop
[base] stop
[base] stop
[base] stop
[base] stop
[base] stop
[base] stop
[base] stop
[base] stop
[tag] backend=pupil_apriltags id=0 center=(153.7,180.4) error_x=-0.020 yaw_deg=-32.86 height=61.1px height_norm=0.254 margin=43.80 distance=0.23350142432934956
[exp2] phase=continuous_yaw center_error=-0.020 raw_yaw_deg=-32.86 calibrated_yaw_deg=-32.86 target_yaw_deg=0.00 yaw_source=calibrated_pnp corner_error_deg=25.44 height_norm=0.254
[base] stop
[exp2] continuous x guard preempted yaw error=-0.020 limit=0.012; camera_settle_seconds=0.200
[base] stop
[base] stop
[base] stop
[base] stop
[base] stop
[base] stop
[base] stop
[base] stop
[base] stop
[tag] backend=pupil_apriltags id=0 center=(153.7,180.4) error_x=-0.020 yaw_deg=-32.89 height=61.1px height_norm=0.255 margin=44.44 distance=0.23322194251219472
[exp2] phase=continuous_center center_error=-0.020 raw_yaw_deg=-32.89 calibrated_yaw_deg=-32.89 target_yaw_deg=0.00 yaw_source=calibrated_pnp corner_error_deg=25.41 height_norm=0.255
[base] continuous start label=exp2_center_align direction=forward requested_speed=0.2 effective_speed=0.2
[exp2] continuous center correction direction=forward
[tag] backend=pupil_apriltags id=0 center=(153.7,180.4) error_x=-0.020 yaw_deg=-33.0 height=61.2px height_norm=0.255 margin=44.65 distance=0.23293190483130438
[exp2] phase=continuous_center center_error=-0.020 raw_yaw_deg=-33.0 calibrated_yaw_deg=-33.0 target_yaw_deg=0.00 yaw_source=calibrated_pnp corner_error_deg=25.56 height_norm=0.255
[exp2] continuous center correction direction=forward
[tag] backend=pupil_apriltags id=0 center=(154.2,180.5) error_x=-0.018 yaw_deg=-32.94 height=61.0px height_norm=0.254 margin=44.81 distance=0.2344495697422335
[exp2] phase=continuous_center center_error=-0.018 raw_yaw_deg=-32.94 calibrated_yaw_deg=-32.94 target_yaw_deg=0.00 yaw_source=calibrated_pnp corner_error_deg=25.32 height_norm=0.254
[exp2] continuous center correction direction=forward
[tag] backend=pupil_apriltags id=0 center=(158.1,180.5) error_x=-0.006 yaw_deg=-33.74 height=61.0px height_norm=0.254 margin=44.97 distance=0.2345139990813657
[exp2] phase=continuous_center center_error=-0.006 raw_yaw_deg=-33.74 calibrated_yaw_deg=-33.74 target_yaw_deg=0.00 yaw_source=calibrated_pnp corner_error_deg=26.21 height_norm=0.254
[map] motion direction=forward speed=0.2 effective_seconds=0.3097355365753174 pose={'x_m': -0.3941594306180929, 'y_m': -0.22296288868792144, 'heading_rad': 0.20563836825157855}
[base] continuous stop label=exp2_center_align elapsed=0.310s
[base] stop
[exp2] center accepted; switching to yaw after 0.200s
[base] stop
[base] stop
[base] stop
[base] stop
[base] stop
[base] stop
[base] stop
[base] stop
[base] stop
[tag] backend=pupil_apriltags id=0 center=(166.1,180.3) error_x=0.019 yaw_deg=-35.59 height=61.7px height_norm=0.257 margin=45.02 distance=0.23224420771955076
[exp2] phase=continuous_yaw center_error=0.019 raw_yaw_deg=-35.59 calibrated_yaw_deg=-35.59 target_yaw_deg=0.00 yaw_source=calibrated_pnp corner_error_deg=28.34 height_norm=0.257
[base] stop
[exp2] continuous x guard preempted yaw error=0.019 limit=0.012; camera_settle_seconds=0.200
[base] stop
[base] stop
[base] stop
[base] stop
[base] stop
[base] stop
[base] stop
[base] stop
[base] stop
[tag] backend=pupil_apriltags id=0 center=(166.1,180.3) error_x=0.019 yaw_deg=-35.5 height=61.6px height_norm=0.257 margin=45.43 distance=0.23243006645211634
[exp2] phase=continuous_center center_error=0.019 raw_yaw_deg=-35.5 calibrated_yaw_deg=-35.5 target_yaw_deg=0.00 yaw_source=calibrated_pnp corner_error_deg=28.23 height_norm=0.257
[base] continuous start label=exp2_center_align direction=backward requested_speed=0.2 effective_speed=0.2
[exp2] continuous center correction direction=backward
[tag] backend=pupil_apriltags id=0 center=(166.1,180.3) error_x=0.019 yaw_deg=-35.49 height=61.6px height_norm=0.257 margin=45.45 distance=0.23245649012083122
[exp2] phase=continuous_center center_error=0.019 raw_yaw_deg=-35.49 calibrated_yaw_deg=-35.49 target_yaw_deg=0.00 yaw_source=calibrated_pnp corner_error_deg=28.20 height_norm=0.257
[exp2] continuous center correction direction=backward
[tag] backend=pupil_apriltags id=0 center=(165.4,180.4) error_x=0.017 yaw_deg=-35.36 height=61.4px height_norm=0.256 margin=44.84 distance=0.23326628446201417
[exp2] phase=continuous_center center_error=0.017 raw_yaw_deg=-35.36 calibrated_yaw_deg=-35.36 target_yaw_deg=0.00 yaw_source=calibrated_pnp corner_error_deg=28.20 height_norm=0.256
[exp2] continuous center correction direction=backward
[tag] backend=pupil_apriltags id=0 center=(160.6,180.7) error_x=0.002 yaw_deg=-34.39 height=61.0px height_norm=0.254 margin=44.90 distance=0.23364760860406583
[exp2] phase=continuous_center center_error=0.002 raw_yaw_deg=-34.39 calibrated_yaw_deg=-34.39 target_yaw_deg=0.00 yaw_source=calibrated_pnp corner_error_deg=27.34 height_norm=0.254
[map] motion direction=backward speed=0.2 effective_seconds=0.3147566318511963 pose={'x_m': -0.3962482323944913, 'y_m': -0.23297695028429827, 'heading_rad': 0.20563836825157855}
[base] continuous stop label=exp2_center_align elapsed=0.315s
[base] stop
[exp2] center accepted; switching to yaw after 0.200s
[base] stop
[base] stop
[base] stop
[base] stop
[base] stop
[base] stop
[base] stop
[base] stop
[base] stop
[tag] backend=pupil_apriltags id=0 center=(155.9,180.4) error_x=-0.013 yaw_deg=-33.15 height=61.1px height_norm=0.255 margin=44.82 distance=0.2329888742071919
[exp2] phase=continuous_yaw center_error=-0.013 raw_yaw_deg=-33.15 calibrated_yaw_deg=-33.15 target_yaw_deg=0.00 yaw_source=calibrated_pnp corner_error_deg=25.74 height_norm=0.255
[base] stop
[exp2] continuous x guard preempted yaw error=-0.013 limit=0.012; camera_settle_seconds=0.200
[base] stop
[base] stop
[base] stop
[base] stop
[base] stop
[base] stop
[base] stop
[base] stop
[base] stop
[tag] backend=pupil_apriltags id=0 center=(155.8,180.3) error_x=-0.013 yaw_deg=-33.25 height=61.1px height_norm=0.254 margin=44.59 distance=0.23346822479815768
[exp2] phase=continuous_center center_error=-0.013 raw_yaw_deg=-33.25 calibrated_yaw_deg=-33.25 target_yaw_deg=0.00 yaw_source=calibrated_pnp corner_error_deg=25.77 height_norm=0.254
[base] continuous start label=exp2_center_align direction=forward requested_speed=0.2 effective_speed=0.2
[exp2] continuous center correction direction=forward
[tag] backend=pupil_apriltags id=0 center=(155.7,180.4) error_x=-0.013 yaw_deg=-33.34 height=61.2px height_norm=0.255 margin=44.89 distance=0.23289555813189555
[exp2] phase=continuous_center center_error=-0.013 raw_yaw_deg=-33.34 calibrated_yaw_deg=-33.34 target_yaw_deg=0.00 yaw_source=calibrated_pnp corner_error_deg=26.07 height_norm=0.255
[exp2] continuous center correction direction=forward
[tag] backend=pupil_apriltags id=0 center=(156.0,180.3) error_x=-0.013 yaw_deg=-33.11 height=61.2px height_norm=0.255 margin=45.20 distance=0.2332398702017599
[exp2] phase=continuous_center center_error=-0.013 raw_yaw_deg=-33.11 calibrated_yaw_deg=-33.11 target_yaw_deg=0.00 yaw_source=calibrated_pnp corner_error_deg=25.68 height_norm=0.255
[exp2] continuous center correction direction=forward
[tag] backend=pupil_apriltags id=0 center=(158.7,180.6) error_x=-0.004 yaw_deg=-33.92 height=61.0px height_norm=0.254 margin=44.60 distance=0.23432178394936748
[exp2] phase=continuous_center center_error=-0.004 raw_yaw_deg=-33.92 calibrated_yaw_deg=-33.92 target_yaw_deg=0.00 yaw_source=calibrated_pnp corner_error_deg=26.51 height_norm=0.254
[map] motion direction=forward speed=0.2 effective_seconds=0.3027048110961914 pose={'x_m': -0.3942394094399968, 'y_m': -0.22334632040365465, 'heading_rad': 0.20563836825157855}
[base] continuous stop label=exp2_center_align elapsed=0.303s
[base] stop
[exp2] center accepted; switching to yaw after 0.200s
[base] stop
[base] stop
[base] stop
[base] stop
[base] stop
[base] stop
[base] stop
[base] stop
[base] stop
[tag] backend=pupil_apriltags id=0 center=(167.9,180.3) error_x=0.025 yaw_deg=-35.73 height=61.6px height_norm=0.257 margin=45.23 distance=0.23169986795162112
[exp2] phase=continuous_yaw center_error=0.025 raw_yaw_deg=-35.73 calibrated_yaw_deg=-35.73 target_yaw_deg=0.00 yaw_source=calibrated_pnp corner_error_deg=29.13 height_norm=0.257
[base] stop
[exp2] continuous x guard preempted yaw error=0.025 limit=0.012; camera_settle_seconds=0.200
[base] stop
[base] stop
[base] stop
[base] stop
[base] stop
[base] stop
[base] stop
[base] stop
[base] stop
[tag] backend=pupil_apriltags id=0 center=(167.6,180.5) error_x=0.024 yaw_deg=-35.82 height=61.6px height_norm=0.257 margin=44.91 distance=0.2320320771215752
[exp2] phase=continuous_center center_error=0.024 raw_yaw_deg=-35.82 calibrated_yaw_deg=-35.82 target_yaw_deg=0.00 yaw_source=calibrated_pnp corner_error_deg=28.65 height_norm=0.257
[base] continuous start label=exp2_center_align direction=backward requested_speed=0.2 effective_speed=0.2
[exp2] continuous center correction direction=backward
[tag] backend=pupil_apriltags id=0 center=(167.6,180.5) error_x=0.024 yaw_deg=-35.8 height=61.6px height_norm=0.257 margin=45.08 distance=0.23216450137689204
[exp2] phase=continuous_center center_error=0.024 raw_yaw_deg=-35.8 calibrated_yaw_deg=-35.8 target_yaw_deg=0.00 yaw_source=calibrated_pnp corner_error_deg=28.65 height_norm=0.257
[exp2] continuous center correction direction=backward
[tag] backend=pupil_apriltags id=0 center=(167.0,180.3) error_x=0.022 yaw_deg=-35.44 height=61.5px height_norm=0.256 margin=45.14 distance=0.23254493061900863
[exp2] phase=continuous_center center_error=0.022 raw_yaw_deg=-35.44 calibrated_yaw_deg=-35.44 target_yaw_deg=0.00 yaw_source=calibrated_pnp corner_error_deg=28.12 height_norm=0.256
[base] continuous start label=exp2_center_align direction=backward requested_speed=0.2 effective_speed=0.2
[exp2] continuous center correction direction=backward
[fsm] stop requested; ending run without mission failure
[media] shutdown result={'stopped': True, 'stopping': False, 'last_recording': '/workspace/robot_code/temp_car/diagnostic_outputs/full_demo_1788761668376.avi', 'last_events': '/workspace/robot_code/temp_car/diagnostic_outputs/full_demo_1788761668376.events.csv'}
[fsm] stop_all owner=Thread-29
[map] motion direction=backward speed=0.2 effective_seconds=0.5892972946166992 pose={'x_m': -0.3996255999645627, 'y_m': -0.24916860966646154, 'heading_rad': 0.20563836825157855}
[base] continuous stop label=exp2_center_align elapsed=0.589s
[base] stop
[arm] pose safe_home
[arm] safe_home servo=5 angle=0 speed=85
[arm] safe_home servo=4 angle=0 speed=85
[arm] safe_home servo=3 angle=0 speed=85
[arm] safe_home servo=2 angle=0 speed=85
[arm] safe_home servo=1 angle=-16 speed=85
[camera] stopped
[depth] stop
[result] False
[integration] STOPPED elapsed=161.8s
