
>>> run_full_background log=/workspace/robot_code/temp_car/logs/integration_run_full_20260904_001240.log
[fsm] IDLE --START--> INITIALIZING
[depth] loading network fcn-mobilenet
[camera] starting JetBot Camera 320x240
[warmup] frame 1/2 processed
[warmup] frame 2/2 processed
[depth] started enabled=True
[arm] pose safe_home
[arm] TTLServo connected
[arm] safe_home servo=5 angle=0 speed=85
[arm] safe_home servo=4 angle=0 speed=85
[arm] safe_home servo=3 angle=0 speed=85
[arm] safe_home servo=2 angle=0 speed=85
[arm] safe_home servo=1 angle=-16 speed=85
[base] stop
[fsm] INITIALIZING --INITIALIZED--> PLANNING
[fsm] PLANNING --TARGET_REQUIRED--> SEARCHING
[can] loading native detectNet model=/workspace/robot_code/temp_car/assets/models/detectnet_native_can/can_ssd_mobilenet_v1.onnx
[can] native detectNet loaded threshold=0.200 clustering=0.300
[can] backend=detectnet_native no detections
[base] Robot connected
[base] continuous start label=search_can_routine_2_step_0 direction=forward requested_speed=0.6 effective_speed=0.6
[can] backend=detectnet_native no detections
[map] motion direction=forward speed=0.6 effective_seconds=0.06856131553649902 pose={'x_m': 0.0, 'y_m': 0.007113236486911772, 'heading_rad': 0.0}
[can] backend=detectnet_native no detections
[map] motion direction=forward speed=0.6 effective_seconds=0.0660238265991211 pose={'x_m': 0.0, 'y_m': 0.013963208496570585, 'heading_rad': 0.0}
[can] backend=detectnet_native no detections
[map] motion direction=forward speed=0.6 effective_seconds=0.06242847442626953 pose={'x_m': 0.0, 'y_m': 0.02044016271829605, 'heading_rad': 0.0}
[can] backend=detectnet_native no detections
[map] motion direction=forward speed=0.6 effective_seconds=0.06032991409301758 pose={'x_m': 0.0, 'y_m': 0.026699391305446622, 'heading_rad': 0.0}
[can] backend=detectnet_native no detections
[map] motion direction=forward speed=0.6 effective_seconds=0.0606231689453125 pose={'x_m': 0.0, 'y_m': 0.032989045083522794, 'heading_rad': 0.0}
[can] backend=detectnet_native no detections
[map] motion direction=forward speed=0.6 effective_seconds=0.060700416564941406 pose={'x_m': 0.0, 'y_m': 0.03928671330213546, 'heading_rad': 0.0}
[can] backend=detectnet_native no detections
[map] motion direction=forward speed=0.6 effective_seconds=0.06073141098022461 pose={'x_m': 0.0, 'y_m': 0.04558759719133377, 'heading_rad': 0.0}
[can] backend=detectnet_native no detections
[map] motion direction=forward speed=0.6 effective_seconds=0.0476832389831543 pose={'x_m': 0.0, 'y_m': 0.05053473323583603, 'heading_rad': 0.0}
[can] backend=detectnet_native no detections
[map] motion direction=forward speed=0.6 effective_seconds=0.053527116775512695 pose={'x_m': 0.0, 'y_m': 0.05608817160129547, 'heading_rad': 0.0}
[can] backend=detectnet_native no detections
[map] motion direction=forward speed=0.6 effective_seconds=0.053192138671875 pose={'x_m': 0.0, 'y_m': 0.061606855988502504, 'heading_rad': 0.0}
[can] backend=detectnet_native no detections
[map] motion direction=forward speed=0.6 effective_seconds=0.05345869064331055 pose={'x_m': 0.0, 'y_m': 0.06715319514274597, 'heading_rad': 0.0}
[can] backend=detectnet_native no detections
[map] motion direction=forward speed=0.6 effective_seconds=0.053357601165771484 pose={'x_m': 0.0, 'y_m': 0.07268904626369475, 'heading_rad': 0.0}
[can] backend=detectnet_native no detections
[map] motion direction=forward speed=0.6 effective_seconds=0.04990386962890625 pose={'x_m': 0.0, 'y_m': 0.07786657273769378, 'heading_rad': 0.0}
[can] backend=detectnet_native no detections
[map] motion direction=forward speed=0.6 effective_seconds=0.05014395713806152 pose={'x_m': 0.0, 'y_m': 0.08306900829076766, 'heading_rad': 0.0}
[can] backend=detectnet_native no detections
[map] motion direction=forward speed=0.6 effective_seconds=0.04767751693725586 pose={'x_m': 0.0, 'y_m': 0.08801555067300795, 'heading_rad': 0.0}
[can] backend=detectnet_native no detections
[map] motion direction=forward speed=0.6 effective_seconds=0.047908782958984375 pose={'x_m': 0.0, 'y_m': 0.09298608690500258, 'heading_rad': 0.0}
[can] backend=detectnet_native no detections
[map] motion direction=forward speed=0.6 effective_seconds=0.04687237739562988 pose={'x_m': 0.0, 'y_m': 0.09784909605979918, 'heading_rad': 0.0}
[can] backend=detectnet_native no detections
[map] motion direction=forward speed=0.6 effective_seconds=0.0468287467956543 pose={'x_m': 0.0, 'y_m': 0.10270757853984831, 'heading_rad': 0.0}
[can] backend=detectnet_native no detections
[map] motion direction=forward speed=0.6 effective_seconds=0.046042442321777344 pose={'x_m': 0.0, 'y_m': 0.1074844819307327, 'heading_rad': 0.0}
[can] backend=detectnet_native no detections
[map] motion direction=forward speed=0.6 effective_seconds=0.046373605728149414 pose={'x_m': 0.0, 'y_m': 0.1122957435250282, 'heading_rad': 0.0}
[can] backend=detectnet_native no detections
[map] motion direction=forward speed=0.6 effective_seconds=0.04639720916748047 pose={'x_m': 0.0, 'y_m': 0.1171094539761543, 'heading_rad': 0.0}
[can] backend=detectnet_native no detections
[map] motion direction=forward speed=0.6 effective_seconds=0.04671740531921387 pose={'x_m': 0.0, 'y_m': 0.12195638477802273, 'heading_rad': 0.0}
[can] backend=detectnet_native no detections
[map] motion direction=forward speed=0.6 effective_seconds=0.045599937438964844 pose={'x_m': 0.0, 'y_m': 0.12668737828731533, 'heading_rad': 0.0}
[can] backend=detectnet_native no detections
[map] motion direction=forward speed=0.6 effective_seconds=0.04562783241271973 pose={'x_m': 0.0, 'y_m': 0.131421265900135, 'heading_rad': 0.0}
[can] backend=detectnet_native no detections
[map] motion direction=forward speed=0.6 effective_seconds=0.04636979103088379 pose={'x_m': 0.0, 'y_m': 0.1362321317195892, 'heading_rad': 0.0}
[can] backend=detectnet_native no detections
[map] motion direction=forward speed=0.6 effective_seconds=0.04630732536315918 pose={'x_m': 0.0, 'y_m': 0.14103651672601697, 'heading_rad': 0.0}
[can] backend=detectnet_native no detections
[map] motion direction=forward speed=0.6 effective_seconds=0.04666328430175781 pose={'x_m': 0.0, 'y_m': 0.14587783247232433, 'heading_rad': 0.0}
[can] backend=detectnet_native no detections
[map] motion direction=forward speed=0.6 effective_seconds=0.046411752700805664 pose={'x_m': 0.0, 'y_m': 0.15069305181503292, 'heading_rad': 0.0}
[map] motion direction=forward speed=0.6 effective_seconds=0.017464876174926758 pose={'x_m': 0.0, 'y_m': 0.15250503271818158, 'heading_rad': 0.0}
[base] continuous stop label=search_can_routine_2_step_0 elapsed=0.017s
[base] stop
[can] backend=detectnet_native no detections
[base] continuous start label=search_can_routine_2_step_1 direction=left requested_speed=0.15 effective_speed=0.15
[can] backend=detectnet_native no detections
[map] motion direction=left speed=0.15 effective_seconds=0.04529857635498047 pose={'x_m': 0.0, 'y_m': 0.15250503271818158, 'heading_rad': -0.007819212895323613}
[can] backend=detectnet_native no detections
[map] motion direction=left speed=0.15 effective_seconds=0.0462954044342041 pose={'x_m': 0.0, 'y_m': 0.15250503271818158, 'heading_rad': -0.01581049325056938}
[can] backend=detectnet_native no detections
[map] motion direction=left speed=0.15 effective_seconds=0.04620361328125 pose={'x_m': 0.0, 'y_m': 0.15250503271818158, 'heading_rad': -0.023785929077694945}
[can] backend=detectnet_native no detections
[map] motion direction=left speed=0.15 effective_seconds=0.046279191970825195 pose={'x_m': 0.0, 'y_m': 0.15250503271818158, 'heading_rad': -0.03177441091888333}
[can] backend=detectnet_native no detections
[map] motion direction=left speed=0.15 effective_seconds=0.04642367362976074 pose={'x_m': 0.0, 'y_m': 0.15250503271818158, 'heading_rad': -0.039787832458878736}
[can] backend=detectnet_native no detections
[map] motion direction=left speed=0.15 effective_seconds=0.046793460845947266 pose={'x_m': 0.0, 'y_m': 0.15250503271818158, 'heading_rad': -0.04786508481215801}
[can] backend=detectnet_native no detections
[map] motion direction=left speed=0.15 effective_seconds=0.04618120193481445 pose={'x_m': 0.0, 'y_m': 0.15250503271818158, 'heading_rad': -0.05583665210514521}
[can] backend=detectnet_native no detections
[map] motion direction=left speed=0.15 effective_seconds=0.04608798027038574 pose={'x_m': 0.0, 'y_m': 0.15250503271818158, 'heading_rad': -0.06379212794230149}
[can] backend=detectnet_native no detections
[map] motion direction=left speed=0.15 effective_seconds=0.04631996154785156 pose={'x_m': 0.0, 'y_m': 0.15250503271818158, 'heading_rad': -0.07178764722325193}
[can] backend=detectnet_native no detections
[map] motion direction=left speed=0.15 effective_seconds=0.0466761589050293 pose={'x_m': 0.0, 'y_m': 0.15250503271818158, 'heading_rad': -0.07984465150423192}
[can] backend=detectnet_native no detections
[map] motion direction=left speed=0.15 effective_seconds=0.04709458351135254 pose={'x_m': 0.0, 'y_m': 0.15250503271818158, 'heading_rad': -0.08797388214066837}
[can] backend=detectnet_native no detections
[map] motion direction=left speed=0.15 effective_seconds=0.04648995399475098 pose={'x_m': 0.0, 'y_m': 0.15250503271818158, 'heading_rad': -0.0959987446646049}
[can] backend=detectnet_native no detections
[map] motion direction=left speed=0.15 effective_seconds=0.046144962310791016 pose={'x_m': 0.0, 'y_m': 0.15250503271818158, 'heading_rad': -0.10396405645558104}
[can] backend=detectnet_native no detections
[map] motion direction=left speed=0.15 effective_seconds=0.048053741455078125 pose={'x_m': 0.0, 'y_m': 0.15250503271818158, 'heading_rad': -0.11225885212221787}
[can] backend=detectnet_native no detections
[map] motion direction=left speed=0.15 effective_seconds=0.04615163803100586 pose={'x_m': 0.0, 'y_m': 0.15250503271818158, 'heading_rad': -0.12022531624251176}
[can] backend=detectnet_native no detections
[map] motion direction=left speed=0.15 effective_seconds=0.04658842086791992 pose={'x_m': 0.0, 'y_m': 0.15250503271818158, 'heading_rad': -0.12826717562388623}
[can] backend=detectnet_native no detections
[map] motion direction=left speed=0.15 effective_seconds=0.047770023345947266 pose={'x_m': 0.0, 'y_m': 0.15250503271818158, 'heading_rad': -0.13651299729451516}
[can] backend=detectnet_native no detections
[map] motion direction=left speed=0.15 effective_seconds=0.04924654960632324 pose={'x_m': 0.0, 'y_m': 0.15250503271818158, 'heading_rad': -0.14501368951747562}
[can] backend=detectnet_native no detections
[map] motion direction=left speed=0.15 effective_seconds=0.04601097106933594 pose={'x_m': 0.0, 'y_m': 0.15250503271818158, 'heading_rad': -0.15295587241285835}
[can] backend=detectnet_native no detections
[map] motion direction=left speed=0.15 effective_seconds=0.04629874229431152 pose={'x_m': 0.0, 'y_m': 0.15250503271818158, 'heading_rad': -0.1609477289327632}
[can] backend=detectnet_native no detections
[map] motion direction=left speed=0.15 effective_seconds=0.0462801456451416 pose={'x_m': 0.0, 'y_m': 0.15250503271818158, 'heading_rad': -0.16893637539242556}
[can] backend=detectnet_native no detections
[map] motion direction=left speed=0.15 effective_seconds=0.051639556884765625 pose={'x_m': 0.0, 'y_m': 0.15250503271818158, 'heading_rad': -0.17785013652120707}
[can] backend=detectnet_native no detections
[map] motion direction=left speed=0.15 effective_seconds=0.04637718200683594 pose={'x_m': 0.0, 'y_m': 0.15250503271818158, 'heading_rad': -0.1858555329105962}
[can] backend=detectnet_native no detections
[map] motion direction=left speed=0.15 effective_seconds=0.04644155502319336 pose={'x_m': 0.0, 'y_m': 0.15250503271818158, 'heading_rad': -0.19387204104697853}
[can] backend=detectnet_native no detections
[map] motion direction=left speed=0.15 effective_seconds=0.04599785804748535 pose={'x_m': 0.0, 'y_m': 0.15250503271818158, 'heading_rad': -0.20181196043834415}
[can] backend=detectnet_native no detections
[map] motion direction=left speed=0.15 effective_seconds=0.0478663444519043 pose={'x_m': 0.0, 'y_m': 0.15250503271818158, 'heading_rad': -0.21007440857484472}
[can] backend=detectnet_native no detections
[map] motion direction=left speed=0.15 effective_seconds=0.046521902084350586 pose={'x_m': 0.0, 'y_m': 0.15250503271818158, 'heading_rad': -0.21810478581765969}
[can] backend=detectnet_native no detections
[map] motion direction=left speed=0.15 effective_seconds=0.04686880111694336 pose={'x_m': 0.0, 'y_m': 0.15250503271818158, 'heading_rad': -0.22619504303038296}
[can] backend=detectnet_native no detections
[map] motion direction=left speed=0.15 effective_seconds=0.04637885093688965 pose={'x_m': 0.0, 'y_m': 0.15250503271818158, 'heading_rad': -0.23420072750210164}
[can] backend=detectnet_native no detections
[map] motion direction=left speed=0.15 effective_seconds=0.04681563377380371 pose={'x_m': 0.0, 'y_m': 0.15250503271818158, 'heading_rad': -0.24228180723490045}
[can] backend=detectnet_native no detections
[map] motion direction=left speed=0.15 effective_seconds=0.046272993087768555 pose={'x_m': 0.0, 'y_m': 0.15250503271818158, 'heading_rad': -0.25026921905600785}
[can] backend=detectnet_native no detections
[map] motion direction=left speed=0.15 effective_seconds=0.04636859893798828 pose={'x_m': 0.0, 'y_m': 0.15250503271818158, 'heading_rad': -0.2582731338791313}
[can] backend=detectnet_native no detections
[map] motion direction=left speed=0.15 effective_seconds=0.046010732650756836 pose={'x_m': 0.0, 'y_m': 0.15250503271818158, 'heading_rad': -0.26621527561989566}
[can] backend=detectnet_native no detections
[map] motion direction=left speed=0.15 effective_seconds=0.046151161193847656 pose={'x_m': 0.0, 'y_m': 0.15250503271818158, 'heading_rad': -0.2741816574309528}
[can] backend=detectnet_native no detections
[map] motion direction=left speed=0.15 effective_seconds=0.04609394073486328 pose={'x_m': 0.0, 'y_m': 0.15250503271818158, 'heading_rad': -0.28213816213357124}
[can] backend=detectnet_native no detections
[map] motion direction=left speed=0.15 effective_seconds=0.04631185531616211 pose={'x_m': 0.0, 'y_m': 0.15250503271818158, 'heading_rad': -0.2901322821574932}
[can] backend=detectnet_native no detections
[map] motion direction=left speed=0.15 effective_seconds=0.046776771545410156 pose={'x_m': 0.0, 'y_m': 0.15250503271818158, 'heading_rad': -0.2982066536874779}
[can] backend=detectnet_native no detections
[map] motion direction=left speed=0.15 effective_seconds=0.04688572883605957 pose={'x_m': 0.0, 'y_m': 0.15250503271818158, 'heading_rad': -0.30629983287811413}
[can] backend=detectnet_native no detections
[map] motion direction=left speed=0.15 effective_seconds=0.046502113342285156 pose={'x_m': 0.0, 'y_m': 0.15250503271818158, 'heading_rad': -0.3143267942875938}
[can] backend=detectnet_native no detections
[map] motion direction=left speed=0.15 effective_seconds=0.046340227127075195 pose={'x_m': 0.0, 'y_m': 0.15250503271818158, 'heading_rad': -0.3223258117111163}
[can] backend=detectnet_native no detections
[map] motion direction=left speed=0.15 effective_seconds=0.04883265495300293 pose={'x_m': 0.0, 'y_m': 0.15250503271818158, 'heading_rad': -0.33075505951637174}
[can] backend=detectnet_native no detections
[map] motion direction=left speed=0.15 effective_seconds=0.04615449905395508 pose={'x_m': 0.0, 'y_m': 0.15250503271818158, 'heading_rad': -0.33872201749208797}
[can] backend=detectnet_native no detections
[map] motion direction=left speed=0.15 effective_seconds=0.04632735252380371 pose={'x_m': 0.0, 'y_m': 0.15250503271818158, 'heading_rad': -0.34671881256621173}
[can] backend=detectnet_native no detections
[map] motion direction=left speed=0.15 effective_seconds=0.04647994041442871 pose={'x_m': 0.0, 'y_m': 0.15250503271818158, 'heading_rad': -0.35474194659617186}
[can] backend=detectnet_native no detections
[map] motion direction=left speed=0.15 effective_seconds=0.04599165916442871 pose={'x_m': 0.0, 'y_m': 0.15250503271818158, 'heading_rad': -0.3626807959674565}
[can] backend=detectnet_native no detections
[map] motion direction=left speed=0.15 effective_seconds=0.048517704010009766 pose={'x_m': 0.0, 'y_m': 0.15250503271818158, 'heading_rad': -0.37105567852168164}
[can] backend=detectnet_native no detections
[map] motion direction=left speed=0.15 effective_seconds=0.046390533447265625 pose={'x_m': 0.0, 'y_m': 0.15250503271818158, 'heading_rad': -0.37906337956970626}
[can] backend=detectnet_native no detections
[map] motion direction=left speed=0.15 effective_seconds=0.04629373550415039 pose={'x_m': 0.0, 'y_m': 0.15250503271818158, 'heading_rad': -0.3870543718426225}
[can] backend=detectnet_native no detections
[map] motion direction=left speed=0.15 effective_seconds=0.04684042930603027 pose={'x_m': 0.0, 'y_m': 0.15250503271818158, 'heading_rad': -0.3951397316557448}
[can] backend=detectnet_native no detections
[map] motion direction=left speed=0.15 effective_seconds=0.04582953453063965 pose={'x_m': 0.0, 'y_m': 0.15250503271818158, 'heading_rad': -0.40305059588645387}
[can] backend=detectnet_native no detections
[map] motion direction=left speed=0.15 effective_seconds=0.04613327980041504 pose={'x_m': 0.0, 'y_m': 0.15250503271818158, 'heading_rad': -0.4110138911011241}
[can] backend=detectnet_native no detections
[map] motion direction=left speed=0.15 effective_seconds=0.046344757080078125 pose={'x_m': 0.0, 'y_m': 0.15250503271818158, 'heading_rad': -0.419013690462398}
[can] backend=detectnet_native no detections
[map] motion direction=left speed=0.15 effective_seconds=0.04632425308227539 pose={'x_m': 0.0, 'y_m': 0.15250503271818158, 'heading_rad': -0.4270099505264815}
[can] backend=detectnet_native no detections
[map] motion direction=left speed=0.15 effective_seconds=0.04648470878601074 pose={'x_m': 0.0, 'y_m': 0.15250503271818158, 'heading_rad': -0.43503390764881145}
[can] backend=detectnet_native no detections
[map] motion direction=left speed=0.15 effective_seconds=0.046350955963134766 pose={'x_m': 0.0, 'y_m': 0.15250503271818158, 'heading_rad': -0.44303477703016636}
[can] backend=detectnet_native no detections
[map] motion direction=left speed=0.15 effective_seconds=0.04891538619995117 pose={'x_m': 0.0, 'y_m': 0.15250503271818158, 'heading_rad': -0.45147830548803913}
[can] backend=detectnet_native no detections
[map] motion direction=left speed=0.15 effective_seconds=0.04621767997741699 pose={'x_m': 0.0, 'y_m': 0.15250503271818158, 'heading_rad': -0.4594561694376562}
[can] backend=detectnet_native no detections
[map] motion direction=left speed=0.15 effective_seconds=0.04612278938293457 pose={'x_m': 0.0, 'y_m': 0.15250503271818158, 'heading_rad': -0.4674176538491128}
[can] backend=detectnet_native no detections
[map] motion direction=left speed=0.15 effective_seconds=0.04615902900695801 pose={'x_m': 0.0, 'y_m': 0.15250503271818158, 'heading_rad': -0.47538539376258004}
[can] backend=detectnet_native no detections
[map] motion direction=left speed=0.15 effective_seconds=0.046260833740234375 pose={'x_m': 0.0, 'y_m': 0.15250503271818158, 'heading_rad': -0.4833707066981443}
[can] backend=detectnet_native no detections
[map] motion direction=left speed=0.15 effective_seconds=0.04640460014343262 pose={'x_m': 0.0, 'y_m': 0.15250503271818158, 'heading_rad': -0.49138083586866}
[can] backend=detectnet_native no detections
[map] motion direction=left speed=0.15 effective_seconds=0.04646587371826172 pose={'x_m': 0.0, 'y_m': 0.15250503271818158, 'heading_rad': -0.4994015417761286}
[can] backend=detectnet_native no detections
[map] motion direction=left speed=0.15 effective_seconds=0.04639434814453125 pose={'x_m': 0.0, 'y_m': 0.15250503271818158, 'heading_rad': -0.5074099012980495}
[can] backend=detectnet_native no detections
[map] motion direction=left speed=0.15 effective_seconds=0.0462491512298584 pose={'x_m': 0.0, 'y_m': 0.15250503271818158, 'heading_rad': -0.5153931976573074}
[can] backend=detectnet_native no detections
[map] motion direction=left speed=0.15 effective_seconds=0.045993804931640625 pose={'x_m': 0.0, 'y_m': 0.15250503271818158, 'heading_rad': -0.5233324174201588}
[can] backend=detectnet_native no detections
[map] motion direction=left speed=0.15 effective_seconds=0.04567861557006836 pose={'x_m': 0.0, 'y_m': 0.15250503271818158, 'heading_rad': -0.5312172307773615}
[can] backend=detectnet_native no detections
[map] motion direction=left speed=0.15 effective_seconds=0.04623270034790039 pose={'x_m': 0.0, 'y_m': 0.15250503271818158, 'heading_rad': -0.5391976874679436}
[can] backend=detectnet_native no detections
[map] motion direction=left speed=0.15 effective_seconds=0.04682469367980957 pose={'x_m': 0.0, 'y_m': 0.15250503271818158, 'heading_rad': -0.5472803310762453}
[can] backend=detectnet_native no detections
[map] motion direction=left speed=0.15 effective_seconds=0.046427249908447266 pose={'x_m': 0.0, 'y_m': 0.15250503271818158, 'heading_rad': -0.5552943699355182}
[can] backend=detectnet_native no detections
[map] motion direction=left speed=0.15 effective_seconds=0.04658055305480957 pose={'x_m': 0.0, 'y_m': 0.15250503271818158, 'heading_rad': -0.5633348712144826}
[can] backend=detectnet_native no detections
[map] motion direction=left speed=0.15 effective_seconds=0.04628276824951172 pose={'x_m': 0.0, 'y_m': 0.15250503271818158, 'heading_rad': -0.571323970374948}
[can] backend=detectnet_native no detections
[map] motion direction=left speed=0.15 effective_seconds=0.046473026275634766 pose={'x_m': 0.0, 'y_m': 0.15250503271818158, 'heading_rad': -0.5793459109209715}
[can] backend=detectnet_native no detections
[map] motion direction=left speed=0.15 effective_seconds=0.04636788368225098 pose={'x_m': 0.0, 'y_m': 0.15250503271818158, 'heading_rad': -0.5873497022802394}
[can] backend=detectnet_native no detections
[map] motion direction=left speed=0.15 effective_seconds=0.04590725898742676 pose={'x_m': 0.0, 'y_m': 0.15250503271818158, 'heading_rad': -0.5952739829165776}
[can] backend=detectnet_native no detections
[map] motion direction=left speed=0.15 effective_seconds=0.04626345634460449 pose={'x_m': 0.0, 'y_m': 0.15250503271818158, 'heading_rad': -0.6032597485529454}
[can] backend=detectnet_native no detections
[map] motion direction=left speed=0.15 effective_seconds=0.0462193489074707 pose={'x_m': 0.0, 'y_m': 0.15250503271818158, 'heading_rad': -0.6112379005848916}
[can] backend=detectnet_native no detections
[map] motion direction=left speed=0.15 effective_seconds=0.0464169979095459 pose={'x_m': 0.0, 'y_m': 0.15250503271818158, 'heading_rad': -0.6192501697955692}
[can] backend=detectnet_native no detections
[map] motion direction=left speed=0.15 effective_seconds=0.04616427421569824 pose={'x_m': 0.0, 'y_m': 0.15250503271818158, 'heading_rad': -0.6272188151106435}
[can] backend=detectnet_native no detections
[map] motion direction=left speed=0.15 effective_seconds=0.046129465103149414 pose={'x_m': 0.0, 'y_m': 0.15250503271818158, 'heading_rad': -0.6351814518514178}
[can] backend=detectnet_native no detections
[map] motion direction=left speed=0.15 effective_seconds=0.04615974426269531 pose={'x_m': 0.0, 'y_m': 0.15250503271818158, 'heading_rad': -0.6431493152287406}
[can] backend=detectnet_native no detections
[map] motion direction=left speed=0.15 effective_seconds=0.04638814926147461 pose={'x_m': 0.0, 'y_m': 0.15250503271818158, 'heading_rad': -0.6511566047305806}
[can] backend=detectnet_native no detections
[map] motion direction=left speed=0.15 effective_seconds=0.046056270599365234 pose={'x_m': 0.0, 'y_m': 0.15250503271818158, 'heading_rad': -0.6591066070034772}
[can] backend=detectnet_native no detections
[map] motion direction=left speed=0.15 effective_seconds=0.04580831527709961 pose={'x_m': 0.0, 'y_m': 0.15250503271818158, 'heading_rad': -0.6670138084731403}
[can] backend=detectnet_native no detections
[map] motion direction=left speed=0.15 effective_seconds=0.0462946891784668 pose={'x_m': 0.0, 'y_m': 0.15250503271818158, 'heading_rad': -0.6750049653645305}
[can] backend=detectnet_native no detections
[map] motion direction=left speed=0.15 effective_seconds=0.046148061752319336 pose={'x_m': 0.0, 'y_m': 0.15250503271818158, 'heading_rad': -0.6829708121655473}
[can] backend=detectnet_native no detections
[map] motion direction=left speed=0.15 effective_seconds=0.046306610107421875 pose={'x_m': 0.0, 'y_m': 0.15250503271818158, 'heading_rad': -0.6909640267878623}
[can] backend=detectnet_native no detections
[map] motion direction=left speed=0.15 effective_seconds=0.04610943794250488 pose={'x_m': 0.0, 'y_m': 0.15250503271818158, 'heading_rad': -0.698923206540683}
[can] backend=detectnet_native no detections
[map] motion direction=left speed=0.15 effective_seconds=0.04622387886047363 pose={'x_m': 0.0, 'y_m': 0.15250503271818158, 'heading_rad': -0.7069021405103806}
[can] backend=detectnet_native no detections
[map] motion direction=left speed=0.15 effective_seconds=0.04628586769104004 pose={'x_m': 0.0, 'y_m': 0.15250503271818158, 'heading_rad': -0.7148917746808867}
[can] backend=detectnet_native no detections
[map] motion direction=left speed=0.15 effective_seconds=0.04618215560913086 pose={'x_m': 0.0, 'y_m': 0.15250503271818158, 'heading_rad': -0.7228635065923479}
[can] backend=detectnet_native no detections
[map] motion direction=left speed=0.15 effective_seconds=0.04556465148925781 pose={'x_m': 0.0, 'y_m': 0.15250503271818158, 'heading_rad': -0.7307286480419108}
[can] backend=detectnet_native no detections
[map] motion direction=left speed=0.15 effective_seconds=0.04624128341674805 pose={'x_m': 0.0, 'y_m': 0.15250503271818158, 'heading_rad': -0.7387105862987586}
[can] backend=detectnet_native no detections
[map] motion direction=left speed=0.15 effective_seconds=0.04613232612609863 pose={'x_m': 0.0, 'y_m': 0.15250503271818158, 'heading_rad': -0.7466737168949549}
[can] backend=detectnet_native no detections
[map] motion direction=left speed=0.15 effective_seconds=0.047380924224853516 pose={'x_m': 0.0, 'y_m': 0.15250503271818158, 'heading_rad': -0.7548523742282023}
[can] backend=detectnet_native no detections
[map] motion direction=left speed=0.15 effective_seconds=0.04628705978393555 pose={'x_m': 0.0, 'y_m': 0.15250503271818158, 'heading_rad': -0.7628422141718008}
[can] backend=detectnet_native no detections
[map] motion direction=left speed=0.15 effective_seconds=0.04671883583068848 pose={'x_m': 0.0, 'y_m': 0.15250503271818158, 'heading_rad': -0.7709065851294912}
[can] backend=detectnet_native no detections
[map] motion direction=left speed=0.15 effective_seconds=0.046146392822265625 pose={'x_m': 0.0, 'y_m': 0.15250503271818158, 'heading_rad': -0.7788721438481785}
[can] backend=detectnet_native no detections
[map] motion direction=left speed=0.15 effective_seconds=0.04609417915344238 pose={'x_m': 0.0, 'y_m': 0.15250503271818158, 'heading_rad': -0.7868286897054158}
[can] backend=detectnet_native no detections
[map] motion direction=left speed=0.15 effective_seconds=0.04632735252380371 pose={'x_m': 0.0, 'y_m': 0.15250503271818158, 'heading_rad': -0.7948254847795395}
[can] backend=detectnet_native no detections
[map] motion direction=left speed=0.15 effective_seconds=0.04635429382324219 pose={'x_m': 0.0, 'y_m': 0.15250503271818158, 'heading_rad': -0.8028269303255531}
[can] backend=detectnet_native no detections
[map] motion direction=left speed=0.15 effective_seconds=0.04621076583862305 pose={'x_m': 0.0, 'y_m': 0.15250503271818158, 'heading_rad': -0.8108036007912336}
[can] backend=detectnet_native no detections
[map] motion direction=left speed=0.15 effective_seconds=0.04615163803100586 pose={'x_m': 0.0, 'y_m': 0.15250503271818158, 'heading_rad': -0.8187700649115275}
[can] backend=detectnet_native no detections
[map] motion direction=left speed=0.15 effective_seconds=0.04613971710205078 pose={'x_m': 0.0, 'y_m': 0.15250503271818158, 'heading_rad': -0.8267344713008971}
[can] backend=detectnet_native no detections
[map] motion direction=left speed=0.15 effective_seconds=0.046156883239746094 pose={'x_m': 0.0, 'y_m': 0.15250503271818158, 'heading_rad': -0.834701840822798}
[can] backend=detectnet_native no detections
[map] motion direction=left speed=0.15 effective_seconds=0.046633005142211914 pose={'x_m': 0.0, 'y_m': 0.15250503271818158, 'heading_rad': -0.8427513961178308}
[can] backend=detectnet_native no detections
[map] motion direction=left speed=0.15 effective_seconds=0.045871734619140625 pose={'x_m': 0.0, 'y_m': 0.15250503271818158, 'heading_rad': -0.8506695447160135}
[can] backend=detectnet_native no detections
[map] motion direction=left speed=0.15 effective_seconds=0.04587292671203613 pose={'x_m': 0.0, 'y_m': 0.15250503271818158, 'heading_rad': -0.8585878990872886}
[can] backend=detectnet_native no detections
[map] motion direction=left speed=0.15 effective_seconds=0.04627275466918945 pose={'x_m': 0.0, 'y_m': 0.15250503271818158, 'heading_rad': -0.8665752697537776}
[can] backend=detectnet_native no detections
[map] motion direction=left speed=0.15 effective_seconds=0.04636120796203613 pose={'x_m': 0.0, 'y_m': 0.15250503271818158, 'heading_rad': -0.8745779087837278}
[can] backend=detectnet_native no detections
[map] motion direction=left speed=0.15 effective_seconds=0.046425819396972656 pose={'x_m': 0.0, 'y_m': 0.15250503271818158, 'heading_rad': -0.8825917007152895}
[can] backend=detectnet_native no detections
[map] motion direction=left speed=0.15 effective_seconds=0.04650473594665527 pose={'x_m': 0.0, 'y_m': 0.15250503271818158, 'heading_rad': -0.8906191148255727}
[can] backend=detectnet_native no detections
[map] motion direction=left speed=0.15 effective_seconds=0.0476839542388916 pose={'x_m': 0.0, 'y_m': 0.15250503271818158, 'heading_rad': -0.8988500796789256}
[can] backend=detectnet_native no detections
[map] motion direction=left speed=0.15 effective_seconds=0.046256303787231445 pose={'x_m': 0.0, 'y_m': 0.15250503271818158, 'heading_rad': -0.9068346106767384}
[can] backend=detectnet_native no detections
[map] motion direction=left speed=0.15 effective_seconds=0.04603099822998047 pose={'x_m': 0.0, 'y_m': 0.15250503271818158, 'heading_rad': -0.9147802505600748}
[can] backend=detectnet_native no detections
[map] motion direction=left speed=0.15 effective_seconds=0.04580283164978027 pose={'x_m': 0.0, 'y_m': 0.15250503271818158, 'heading_rad': -0.9226865054735125}
[can] backend=detectnet_native no detections
[map] motion direction=left speed=0.15 effective_seconds=0.04633140563964844 pose={'x_m': 0.0, 'y_m': 0.15250503271818158, 'heading_rad': -0.9306840001761509}
[can] backend=detectnet_native no detections
[map] motion direction=left speed=0.15 effective_seconds=0.04633831977844238 pose={'x_m': 0.0, 'y_m': 0.15250503271818158, 'heading_rad': -0.9386826883627255}
[can] backend=detectnet_native no detections
[map] motion direction=left speed=0.15 effective_seconds=0.04655170440673828 pose={'x_m': 0.0, 'y_m': 0.15250503271818158, 'heading_rad': -0.9467182099328522}
[can] backend=detectnet_native no detections
[map] motion direction=left speed=0.15 effective_seconds=0.046292781829833984 pose={'x_m': 0.0, 'y_m': 0.15250503271818158, 'heading_rad': -0.9547090375872944}
[can] backend=detectnet_native no detections
[map] motion direction=left speed=0.15 effective_seconds=0.04606223106384277 pose={'x_m': 0.0, 'y_m': 0.15250503271818158, 'heading_rad': -0.9626600687256532}
[can] backend=detectnet_native no detections
[map] motion direction=left speed=0.15 effective_seconds=0.04629778861999512 pose={'x_m': 0.0, 'y_m': 0.15250503271818158, 'heading_rad': -0.9706517606270841}
[can] backend=detectnet_native no detections
[map] motion direction=left speed=0.15 effective_seconds=0.04872488975524902 pose={'x_m': 0.0, 'y_m': 0.15250503271818158, 'heading_rad': -0.9790624065447804}
[can] backend=detectnet_native no detections
[map] motion direction=left speed=0.15 effective_seconds=0.04580187797546387 pose={'x_m': 0.0, 'y_m': 0.15250503271818158, 'heading_rad': -0.9869684968397445}
[can] backend=detectnet_native no detections
[map] motion direction=left speed=0.15 effective_seconds=0.04600858688354492 pose={'x_m': 0.0, 'y_m': 0.15250503271818158, 'heading_rad': -0.9949102681889426}
[can] backend=detectnet_native no detections
[map] motion direction=left speed=0.15 effective_seconds=0.0458834171295166 pose={'x_m': 0.0, 'y_m': 0.15250503271818158, 'heading_rad': -1.0028304333634313}
[can] backend=detectnet_native no detections
[map] motion direction=left speed=0.15 effective_seconds=0.0463414192199707 pose={'x_m': 0.0, 'y_m': 0.15250503271818158, 'heading_rad': -1.0108296565600465}
[can] backend=detectnet_native no detections
[map] motion direction=left speed=0.15 effective_seconds=0.046099185943603516 pose={'x_m': 0.0, 'y_m': 0.15250503271818158, 'heading_rad': -1.018787066664272}
[can] backend=detectnet_native no detections
[map] motion direction=left speed=0.15 effective_seconds=0.04636669158935547 pose={'x_m': 0.0, 'y_m': 0.15250503271818158, 'heading_rad': -1.0267906522504475}
[can] backend=detectnet_native no detections
[map] motion direction=left speed=0.15 effective_seconds=0.04642844200134277 pose={'x_m': 0.0, 'y_m': 0.15250503271818158, 'heading_rad': -1.0348048968828127}
[can] backend=detectnet_native no detections
[map] motion direction=left speed=0.15 effective_seconds=0.04607343673706055 pose={'x_m': 0.0, 'y_m': 0.15250503271818158, 'heading_rad': -1.0427578622882407}
[can] backend=detectnet_native no detections
[map] motion direction=left speed=0.15 effective_seconds=0.04619288444519043 pose={'x_m': 0.0, 'y_m': 0.15250503271818158, 'heading_rad': -1.0507314461575343}
[can] backend=detectnet_native no detections
[map] motion direction=left speed=0.15 effective_seconds=0.046137094497680664 pose={'x_m': 0.0, 'y_m': 0.15250503271818158, 'heading_rad': -1.0586953998461004}
[can] backend=detectnet_native no detections
[map] motion direction=left speed=0.15 effective_seconds=0.04629945755004883 pose={'x_m': 0.0, 'y_m': 0.15250503271818158, 'heading_rad': -1.0666873798298608}
[can] backend=detectnet_native no detections
[map] motion direction=left speed=0.15 effective_seconds=0.04752850532531738 pose={'x_m': 0.0, 'y_m': 0.15250503271818158, 'heading_rad': -1.074891511871956}
[can] backend=detectnet_native no detections
[map] motion direction=left speed=0.15 effective_seconds=0.04624485969543457 pose={'x_m': 0.0, 'y_m': 0.15250503271818158, 'heading_rad': -1.0828740674480812}
[can] backend=detectnet_native no detections
[map] motion direction=left speed=0.15 effective_seconds=0.04630136489868164 pose={'x_m': 0.0, 'y_m': 0.15250503271818158, 'heading_rad': -1.0908663766687896}
[can] backend=detectnet_native no detections
[map] motion direction=left speed=0.15 effective_seconds=0.04612922668457031 pose={'x_m': 0.0, 'y_m': 0.15250503271818158, 'heading_rad': -1.0988289722549451}
[can] backend=detectnet_native no detections
[map] motion direction=left speed=0.15 effective_seconds=0.04617905616760254 pose={'x_m': 0.0, 'y_m': 0.15250503271818158, 'heading_rad': -1.106800169156366}
[can] backend=detectnet_native no detections
[map] motion direction=left speed=0.15 effective_seconds=0.04615616798400879 pose={'x_m': 0.0, 'y_m': 0.15250503271818158, 'heading_rad': -1.1147674152144118}
[can] backend=detectnet_native no detections
[map] motion direction=left speed=0.15 effective_seconds=0.046311140060424805 pose={'x_m': 0.0, 'y_m': 0.15250503271818158, 'heading_rad': -1.1227614117744782}
[can] backend=detectnet_native no detections
[map] motion direction=left speed=0.15 effective_seconds=0.04617738723754883 pose={'x_m': 0.0, 'y_m': 0.15250503271818158, 'heading_rad': -1.1307323205935695}
[can] backend=detectnet_native no detections
[map] motion direction=left speed=0.15 effective_seconds=0.04607725143432617 pose={'x_m': 0.0, 'y_m': 0.15250503271818158, 'heading_rad': -1.1386859444728934}
[can] backend=detectnet_native no detections
[map] motion direction=left speed=0.15 effective_seconds=0.04616379737854004 pose={'x_m': 0.0, 'y_m': 0.15250503271818158, 'heading_rad': -1.1466545074787307}
[can] backend=detectnet_native no detections
[map] motion direction=left speed=0.15 effective_seconds=0.04612231254577637 pose={'x_m': 0.0, 'y_m': 0.15250503271818158, 'heading_rad': -1.15461590958095}
[can] backend=detectnet_native no detections
[map] motion direction=left speed=0.15 effective_seconds=0.046602487564086914 pose={'x_m': 0.0, 'y_m': 0.15250503271818158, 'heading_rad': -1.1626601970848156}
[can] backend=detectnet_native no detections
[map] motion direction=left speed=0.15 effective_seconds=0.046140193939208984 pose={'x_m': 0.0, 'y_m': 0.15250503271818158, 'heading_rad': -1.170624685783422}
[can] backend=detectnet_native no detections
[map] motion direction=left speed=0.15 effective_seconds=0.045984506607055664 pose={'x_m': 0.0, 'y_m': 0.15250503271818158, 'heading_rad': -1.178562300516152}
[can] backend=detectnet_native no detections
[map] motion direction=left speed=0.15 effective_seconds=0.04595232009887695 pose={'x_m': 0.0, 'y_m': 0.15250503271818158, 'heading_rad': -1.1864943593753854}
[can] backend=detectnet_native no detections
[map] motion direction=left speed=0.15 effective_seconds=0.04622530937194824 pose={'x_m': 0.0, 'y_m': 0.15250503271818158, 'heading_rad': -1.194473540272794}
[can] backend=detectnet_native no detections
[map] motion direction=left speed=0.15 effective_seconds=0.046538591384887695 pose={'x_m': 0.0, 'y_m': 0.15250503271818158, 'heading_rad': -1.2025067983389033}
[can] backend=detectnet_native no detections
[map] motion direction=left speed=0.15 effective_seconds=0.04628801345825195 pose={'x_m': 0.0, 'y_m': 0.15250503271818158, 'heading_rad': -1.2104968029009757}
[can] backend=detectnet_native no detections
[map] motion direction=left speed=0.15 effective_seconds=0.046125173568725586 pose={'x_m': 0.0, 'y_m': 0.15250503271818158, 'heading_rad': -1.218458698858617}
[can] backend=detectnet_native no detections
[map] motion direction=left speed=0.15 effective_seconds=0.0461118221282959 pose={'x_m': 0.0, 'y_m': 0.15250503271818158, 'heading_rad': -1.2264182901576226}
[can] backend=detectnet_native no detections
[map] motion direction=left speed=0.15 effective_seconds=0.0461726188659668 pose={'x_m': 0.0, 'y_m': 0.15250503271818158, 'heading_rad': -1.2343883758843441}
[can] backend=detectnet_native no detections
[map] motion direction=left speed=0.15 effective_seconds=0.045998573303222656 pose={'x_m': 0.0, 'y_m': 0.15250503271818158, 'heading_rad': -1.2423284187395653}
[can] backend=detectnet_native no detections
[map] motion direction=left speed=0.15 effective_seconds=0.045923709869384766 pose={'x_m': 0.0, 'y_m': 0.15250503271818158, 'heading_rad': -1.2502555390445795}
[can] backend=detectnet_native no detections
[map] motion direction=left speed=0.15 effective_seconds=0.04621243476867676 pose={'x_m': 0.0, 'y_m': 0.15250503271818158, 'heading_rad': -1.2582324975925896}
[can] backend=detectnet_native no detections
[map] motion direction=left speed=0.15 effective_seconds=0.046440839767456055 pose={'x_m': 0.0, 'y_m': 0.15250503271818158, 'heading_rad': -1.2662488822651166}
[can] backend=detectnet_native no detections
[map] motion direction=left speed=0.15 effective_seconds=0.046254873275756836 pose={'x_m': 0.0, 'y_m': 0.15250503271818158, 'heading_rad': -1.2742331663352184}
[can] backend=detectnet_native no detections
[map] motion direction=left speed=0.15 effective_seconds=0.04623150825500488 pose={'x_m': 0.0, 'y_m': 0.15250503271818158, 'heading_rad': -1.282213417252708}
[can] backend=detectnet_native no detections
[map] motion direction=left speed=0.15 effective_seconds=0.04654192924499512 pose={'x_m': 0.0, 'y_m': 0.15250503271818158, 'heading_rad': -1.2902472514834762}
[can] backend=detectnet_native no detections
[map] motion direction=left speed=0.15 effective_seconds=0.046398162841796875 pose={'x_m': 0.0, 'y_m': 0.15250503271818158, 'heading_rad': -1.2982562694792927}
[can] backend=detectnet_native no detections
[map] motion direction=left speed=0.15 effective_seconds=0.04593992233276367 pose={'x_m': 0.0, 'y_m': 0.15250503271818158, 'heading_rad': -1.3061861882983645}
[can] backend=detectnet_native no detections
[map] motion direction=left speed=0.15 effective_seconds=0.04619956016540527 pose={'x_m': 0.0, 'y_m': 0.15250503271818158, 'heading_rad': -1.3141609244969759}
[can] backend=detectnet_native no detections
[map] motion direction=left speed=0.15 effective_seconds=0.046498775482177734 pose={'x_m': 0.0, 'y_m': 0.15250503271818158, 'heading_rad': -1.3221873097417967}
[can] backend=detectnet_native no detections
[map] motion direction=left speed=0.15 effective_seconds=0.04662919044494629 pose={'x_m': 0.0, 'y_m': 0.15250503271818158, 'heading_rad': -1.3302362065629336}
[can] backend=detectnet_native no detections
[map] motion direction=left speed=0.15 effective_seconds=0.0460507869720459 pose={'x_m': 0.0, 'y_m': 0.15250503271818158, 'heading_rad': -1.3381852622796049}
[can] backend=detectnet_native no detections
[map] motion direction=left speed=0.15 effective_seconds=0.046411752700805664 pose={'x_m': 0.0, 'y_m': 0.15250503271818158, 'heading_rad': -1.3461966260886755}
[can] backend=detectnet_native no detections
[map] motion direction=left speed=0.15 effective_seconds=0.046636104583740234 pose={'x_m': 0.0, 'y_m': 0.15250503271818158, 'heading_rad': -1.3542467163937488}
[can] backend=detectnet_native no detections
[map] motion direction=left speed=0.15 effective_seconds=0.046427011489868164 pose={'x_m': 0.0, 'y_m': 0.15250503271818158, 'heading_rad': -1.362260714098403}
[can] backend=detectnet_native no detections
[map] motion direction=left speed=0.15 effective_seconds=0.04636502265930176 pose={'x_m': 0.0, 'y_m': 0.15250503271818158, 'heading_rad': -1.370264011602249}
[can] backend=detectnet_native no detections
[map] motion direction=left speed=0.15 effective_seconds=0.04598546028137207 pose={'x_m': 0.0, 'y_m': 0.15250503271818158, 'heading_rad': -1.3782017909534532}
[can] backend=detectnet_native no detections
[map] motion direction=left speed=0.15 effective_seconds=0.046352386474609375 pose={'x_m': 0.0, 'y_m': 0.15250503271818158, 'heading_rad': -1.386202907262519}
[can] backend=detectnet_native no detections
[map] motion direction=left speed=0.15 effective_seconds=0.04642009735107422 pose={'x_m': 0.0, 'y_m': 0.15250503271818158, 'heading_rad': -1.394215711483237}
[can] backend=detectnet_native no detections
[map] motion direction=left speed=0.15 effective_seconds=0.04664349555969238 pose={'x_m': 0.0, 'y_m': 0.15250503271818158, 'heading_rad': -1.4022670775814836}
[can] backend=detectnet_native no detections
[map] motion direction=left speed=0.15 effective_seconds=0.04642319679260254 pose={'x_m': 0.0, 'y_m': 0.15250503271818158, 'heading_rad': -1.410280416812242}
[can] backend=detectnet_native no detections
[map] motion direction=left speed=0.15 effective_seconds=0.046483755111694336 pose={'x_m': 0.0, 'y_m': 0.15250503271818158, 'heading_rad': -1.4183042093160978}
[can] backend=detectnet_native no detections
[map] motion direction=left speed=0.15 effective_seconds=0.046288490295410156 pose={'x_m': 0.0, 'y_m': 0.15250503271818158, 'heading_rad': -1.4262942961874072}
[can] backend=detectnet_native no detections
[map] motion direction=left speed=0.15 effective_seconds=0.04745197296142578 pose={'x_m': 0.0, 'y_m': 0.15250503271818158, 'heading_rad': -1.4344852175969658}
[can] backend=detectnet_native no detections
[map] motion direction=left speed=0.15 effective_seconds=0.046302080154418945 pose={'x_m': 0.0, 'y_m': 0.15250503271818158, 'heading_rad': -1.4424776502815293}
[can] backend=detectnet_native no detections
[map] motion direction=left speed=0.15 effective_seconds=0.04667043685913086 pose={'x_m': 0.0, 'y_m': 0.15250503271818158, 'heading_rad': -1.4505336668516657}
[can] backend=detectnet_native no detections
[map] motion direction=left speed=0.15 effective_seconds=0.046157121658325195 pose={'x_m': 0.0, 'y_m': 0.15250503271818158, 'heading_rad': -1.4585010775281853}
[can] backend=detectnet_native no detections
[map] motion direction=left speed=0.15 effective_seconds=0.04634690284729004 pose={'x_m': 0.0, 'y_m': 0.15250503271818158, 'heading_rad': -1.4665012472810257}
[can] backend=detectnet_native no detections
[map] motion direction=left speed=0.15 effective_seconds=0.046018362045288086 pose={'x_m': 0.0, 'y_m': 0.15250503271818158, 'heading_rad': -1.4744447059695818}
[can] backend=detectnet_native no detections
[map] motion direction=left speed=0.15 effective_seconds=0.04631447792053223 pose={'x_m': 0.0, 'y_m': 0.15250503271818158, 'heading_rad': -1.482439278694307}
[can] backend=detectnet_native no detections
[map] motion direction=left speed=0.15 effective_seconds=0.0462191104888916 pose={'x_m': 0.0, 'y_m': 0.15250503271818158, 'heading_rad': -1.4904173895716348}
[can] backend=detectnet_native no detections
[map] motion direction=left speed=0.15 effective_seconds=0.04651618003845215 pose={'x_m': 0.0, 'y_m': 0.15250503271818158, 'heading_rad': -1.4984467791036058}
[can] backend=detectnet_native no detections
[map] motion direction=left speed=0.15 effective_seconds=0.046239376068115234 pose={'x_m': 0.0, 'y_m': 0.15250503271818158, 'heading_rad': -1.5064283881235057}
[can] backend=detectnet_native no detections
[map] motion direction=left speed=0.15 effective_seconds=0.0462954044342041 pose={'x_m': 0.0, 'y_m': 0.15250503271818158, 'heading_rad': -1.5144196684787514}
[can] backend=detectnet_native no detections
[map] motion direction=left speed=0.15 effective_seconds=0.04649710655212402 pose={'x_m': 0.0, 'y_m': 0.15250503271818158, 'heading_rad': -1.522445765641243}
[can] backend=detectnet_native no detections
[map] motion direction=left speed=0.15 effective_seconds=0.046860694885253906 pose={'x_m': 0.0, 'y_m': 0.15250503271818158, 'heading_rad': -1.5305346235969373}
[can] backend=detectnet_native no detections
[map] motion direction=left speed=0.15 effective_seconds=0.04885387420654297 pose={'x_m': 0.0, 'y_m': 0.15250503271818158, 'heading_rad': -1.5389675341632387}
[can] backend=detectnet_native no detections
[map] motion direction=left speed=0.15 effective_seconds=0.04631209373474121 pose={'x_m': 0.0, 'y_m': 0.15250503271818158, 'heading_rad': -1.546961695341779}
[can] backend=detectnet_native no detections
[map] motion direction=left speed=0.15 effective_seconds=0.04715991020202637 pose={'x_m': 0.0, 'y_m': 0.15250503271818158, 'heading_rad': -1.555102202343683}
[can] backend=detectnet_native no detections
[map] motion direction=left speed=0.15 effective_seconds=0.04627680778503418 pose={'x_m': 0.0, 'y_m': 0.15250503271818158, 'heading_rad': -1.5630902726386862}
[can] backend=detectnet_native no detections
[map] motion direction=left speed=0.15 effective_seconds=0.045610904693603516 pose={'x_m': 0.0, 'y_m': 0.15250503271818158, 'heading_rad': -1.5709633980842366}
[map] motion direction=left speed=0.15 effective_seconds=0.01807117462158203 pose={'x_m': 0.0, 'y_m': 0.15250503271818158, 'heading_rad': -1.574082753547583}
[base] continuous stop label=search_can_routine_2_step_1 elapsed=0.018s
[base] stop
[can] backend=detectnet_native no detections
[base] continuous start label=search_can_routine_2_step_2 direction=forward requested_speed=0.6 effective_speed=0.6
[can] backend=detectnet_native no detections
[map] motion direction=forward speed=0.6 effective_seconds=0.04609060287475586 pose={'x_m': -0.004781874224582418, 'y_m': 0.15248931738222354, 'heading_rad': -1.574082753547583}
[can] backend=detectnet_native no detections
[map] motion direction=forward speed=0.6 effective_seconds=0.04652881622314453 pose={'x_m': -0.009609212838537695, 'y_m': 0.15247345263034204, 'heading_rad': -1.574082753547583}
[can] backend=detectnet_native no detections
[map] motion direction=forward speed=0.6 effective_seconds=0.0463871955871582 pose={'x_m': -0.014421858390856693, 'y_m': 0.15245763616630523, 'heading_rad': -1.574082753547583}
[can] backend=detectnet_native no detections
[map] motion direction=forward speed=0.6 effective_seconds=0.046117544174194336 pose={'x_m': -0.019206527760161164, 'y_m': 0.15244191164427573, 'heading_rad': -1.574082753547583}
[can] backend=detectnet_native no detections
[map] motion direction=forward speed=0.6 effective_seconds=0.04710197448730469 pose={'x_m': -0.024093331222893567, 'y_m': 0.1524258514648208, 'heading_rad': -1.574082753547583}
[can] backend=detectnet_native no detections
[map] motion direction=forward speed=0.6 effective_seconds=0.04594993591308594 pose={'x_m': -0.02886061132901571, 'y_m': 0.15241018409153675, 'heading_rad': -1.574082753547583}
[can] backend=detectnet_native no detections
[map] motion direction=forward speed=0.6 effective_seconds=0.046221256256103516 pose={'x_m': -0.033656040768710385, 'y_m': 0.15239442420719673, 'heading_rad': -1.574082753547583}
[can] backend=detectnet_native no detections
[map] motion direction=forward speed=0.6 effective_seconds=0.046503543853759766 pose={'x_m': -0.03848075738850161, 'y_m': 0.15237856807233802, 'heading_rad': -1.574082753547583}
[can] backend=detectnet_native no detections
[map] motion direction=forward speed=0.6 effective_seconds=0.046248435974121094 pose={'x_m': -0.043279006708712334, 'y_m': 0.15236279892063387, 'heading_rad': -1.574082753547583}
[can] backend=detectnet_native no detections
[map] motion direction=forward speed=0.6 effective_seconds=0.04681205749511719 pose={'x_m': -0.04813573144594017, 'y_m': 0.152346837593063, 'heading_rad': -1.574082753547583}
[can] backend=detectnet_native no detections
[map] motion direction=forward speed=0.6 effective_seconds=0.04639625549316406 pose={'x_m': -0.052949316958431185, 'y_m': 0.15233101803990481, 'heading_rad': -1.574082753547583}
[can] backend=detectnet_native no detections
[map] motion direction=forward speed=0.6 effective_seconds=0.04650259017944336 pose={'x_m': -0.05777393463504641, 'y_m': 0.15231516223021677, 'heading_rad': -1.574082753547583}
[can] backend=detectnet_native no detections
[map] motion direction=forward speed=0.6 effective_seconds=0.046538591384887695 pose={'x_m': -0.06260228741655571, 'y_m': 0.15229929414533588, 'heading_rad': -1.574082753547583}
[can] backend=detectnet_native no detections
[map] motion direction=forward speed=0.6 effective_seconds=0.04577445983886719 pose={'x_m': -0.06735136197829351, 'y_m': 0.15228368660345537, 'heading_rad': -1.574082753547583}
[can] backend=detectnet_native no detections
[map] motion direction=forward speed=0.6 effective_seconds=0.046360015869140625 pose={'x_m': -0.07216118765009646, 'y_m': 0.15226787940678269, 'heading_rad': -1.574082753547583}
[can] backend=detectnet_native no detections
[map] motion direction=forward speed=0.6 effective_seconds=0.04610300064086914 pose={'x_m': -0.0769443481359669, 'y_m': 0.1522521598436059, 'heading_rad': -1.574082753547583}
[can] backend=detectnet_native no detections
[map] motion direction=forward speed=0.6 effective_seconds=0.046591997146606445 pose={'x_m': -0.0817782417353323, 'y_m': 0.15223627354916744, 'heading_rad': -1.574082753547583}
[can] backend=detectnet_native no detections
[map] motion direction=forward speed=0.6 effective_seconds=0.046100616455078125 pose={'x_m': -0.08656115486326274, 'y_m': 0.15222055479891736, 'heading_rad': -1.574082753547583}
[can] backend=detectnet_native no detections
[map] motion direction=forward speed=0.6 effective_seconds=0.04636335372924805 pose={'x_m': -0.0913713268361817, 'y_m': 0.15220474646414733, 'heading_rad': -1.574082753547583}
[can] backend=detectnet_native no detections
[map] motion direction=forward speed=0.6 effective_seconds=0.04654669761657715 pose={'x_m': -0.09620052063468701, 'y_m': 0.15218887561531574, 'heading_rad': -1.574082753547583}
[can] backend=detectnet_native no detections
[map] motion direction=forward speed=0.6 effective_seconds=0.04654240608215332 pose={'x_m': -0.10102926918890032, 'y_m': 0.15217300622975216, 'heading_rad': -1.574082753547583}
[can] backend=detectnet_native no detections
[map] motion direction=forward speed=0.6 effective_seconds=0.0462803840637207 pose={'x_m': -0.1058308331055071, 'y_m': 0.15215722618483052, 'heading_rad': -1.574082753547583}
[can] backend=detectnet_native no detections
[map] motion direction=forward speed=0.6 effective_seconds=0.046248674392700195 pose={'x_m': -0.11062910716151184, 'y_m': 0.1521414569518337, 'heading_rad': -1.574082753547583}
[can] backend=detectnet_native no detections
[map] motion direction=forward speed=0.6 effective_seconds=0.046271324157714844 pose={'x_m': -0.1154297311179466, 'y_m': 0.15212567999603344, 'heading_rad': -1.574082753547583}
[can] backend=detectnet_native no detections
[map] motion direction=forward speed=0.6 effective_seconds=0.04638528823852539 pose={'x_m': -0.1202421787839136, 'y_m': 0.15210986418233796, 'heading_rad': -1.574082753547583}
[can] backend=detectnet_native no detections
[map] motion direction=forward speed=0.6 effective_seconds=0.04667806625366211 pose={'x_m': -0.12508500200491318, 'y_m': 0.1520939485412464, 'heading_rad': -1.574082753547583}
[can] backend=detectnet_native no detections
[map] motion direction=forward speed=0.6 effective_seconds=0.04656505584716797 pose={'x_m': -0.12991610045955654, 'y_m': 0.15207807143287938, 'heading_rad': -1.574082753547583}
[can] backend=detectnet_native no detections
[map] motion direction=forward speed=0.6 effective_seconds=0.046625375747680664 pose={'x_m': -0.13475345707008202, 'y_m': 0.15206217375746742, 'heading_rad': -1.574082753547583}
[can] backend=detectnet_native no detections
[map] motion direction=forward speed=0.6 effective_seconds=0.04651212692260742 pose={'x_m': -0.13957906417845725, 'y_m': 0.15204631469607266, 'heading_rad': -1.574082753547583}
[can] backend=detectnet_native no detections
[map] motion direction=forward speed=0.6 effective_seconds=0.046202898025512695 pose={'x_m': -0.14437258896201388, 'y_m': 0.15203056107126806, 'heading_rad': -1.574082753547583}
[can] backend=detectnet_native no detections
[map] motion direction=forward speed=0.6 effective_seconds=0.046179771423339844 pose={'x_m': -0.14916371437355247, 'y_m': 0.15201481533185224, 'heading_rad': -1.574082753547583}
[can] backend=detectnet_native no detections
[map] motion direction=forward speed=0.6 effective_seconds=0.046295881271362305 pose={'x_m': -0.15396688611676929, 'y_m': 0.1519990300029072, 'heading_rad': -1.574082753547583}
[can] backend=detectnet_native no detections
[map] motion direction=forward speed=0.6 effective_seconds=0.04679608345031738 pose={'x_m': -0.1588219535557991, 'y_m': 0.1519830741219451, 'heading_rad': -1.574082753547583}
[can] backend=detectnet_native no detections
[map] motion direction=forward speed=0.6 effective_seconds=0.046297311782836914 pose={'x_m': -0.1636252737137799, 'y_m': 0.15196728830524403, 'heading_rad': -1.574082753547583}
[can] backend=detectnet_native no detections
[map] motion direction=forward speed=0.6 effective_seconds=0.04645848274230957 pose={'x_m': -0.16844531526850506, 'y_m': 0.15195144753469952, 'heading_rad': -1.574082753547583}
[can] backend=detectnet_native no detections
[map] motion direction=forward speed=0.6 effective_seconds=0.046402931213378906 pose={'x_m': -0.1732595933832281, 'y_m': 0.15193562570534663, 'heading_rad': -1.574082753547583}
[can] backend=detectnet_native no detections
[map] motion direction=forward speed=0.6 effective_seconds=0.046294450759887695 pose={'x_m': -0.17806261671168092, 'y_m': 0.1519198408641576, 'heading_rad': -1.574082753547583}
[can] backend=detectnet_native no detections
[map] motion direction=forward speed=0.6 effective_seconds=0.046562910079956055 pose={'x_m': -0.18289349254417825, 'y_m': 0.1519039644874246, 'heading_rad': -1.574082753547583}
[can] backend=detectnet_native no detections
[map] motion direction=forward speed=0.6 effective_seconds=0.046173095703125 pose={'x_m': -0.18768392535348483, 'y_m': 0.1518882210242035, 'heading_rad': -1.574082753547583}
[can] backend=detectnet_native no detections
[map] motion direction=forward speed=0.6 effective_seconds=0.046774864196777344 pose={'x_m': -0.1925367913068486, 'y_m': 0.1518722723782888, 'heading_rad': -1.574082753547583}
[can] backend=detectnet_native no detections
[map] motion direction=forward speed=0.6 effective_seconds=0.04661846160888672 pose={'x_m': -0.19737343057934803, 'y_m': 0.1518563770603642, 'heading_rad': -1.574082753547583}
[can] backend=detectnet_native no detections
[map] motion direction=forward speed=0.6 effective_seconds=0.046401262283325195 pose={'x_m': -0.20218753554351307, 'y_m': 0.15184055580005998, 'heading_rad': -1.574082753547583}
[can] backend=detectnet_native no detections
[map] motion direction=forward speed=0.6 effective_seconds=0.04644966125488281 pose={'x_m': -0.2070066618738602, 'y_m': 0.15182471803734418, 'heading_rad': -1.574082753547583}
[can] backend=detectnet_native no detections
[map] motion direction=forward speed=0.6 effective_seconds=0.049407958984375 pose={'x_m': -0.21213270993616512, 'y_m': 0.15180787159520606, 'heading_rad': -1.574082753547583}
[can] backend=detectnet_native no detections
[map] motion direction=forward speed=0.6 effective_seconds=0.04639601707458496 pose={'x_m': -0.21694627071286213, 'y_m': 0.15179205212334054, 'heading_rad': -1.574082753547583}
[can] backend=detectnet_native no detections
[map] motion direction=forward speed=0.6 effective_seconds=0.04615473747253418 pose={'x_m': -0.22173479886603067, 'y_m': 0.15177631491965485, 'heading_rad': -1.574082753547583}
[can] backend=detectnet_native no detections
[map] motion direction=forward speed=0.6 effective_seconds=0.04562544822692871 pose={'x_m': -0.22646841355651817, 'y_m': 0.15176075818569174, 'heading_rad': -1.574082753547583}
[can] backend=detectnet_native no detections
[map] motion direction=forward speed=0.6 effective_seconds=0.046341657638549805 pose={'x_m': -0.23127633457218308, 'y_m': 0.15174495724855447, 'heading_rad': -1.574082753547583}
[can] backend=detectnet_native no detections
[map] motion direction=forward speed=0.6 effective_seconds=0.04655623435974121 pose={'x_m': -0.2361065178024484, 'y_m': 0.15172908314801617, 'heading_rad': -1.574082753547583}
[can] backend=detectnet_native no detections
[map] motion direction=forward speed=0.6 effective_seconds=0.04603719711303711 pose={'x_m': -0.24088285120917471, 'y_m': 0.15171338602161571, 'heading_rad': -1.574082753547583}
[can] backend=detectnet_native no detections
[map] motion direction=forward speed=0.6 effective_seconds=0.0466005802154541 pose={'x_m': -0.24571763529712412, 'y_m': 0.1516974968006412, 'heading_rad': -1.574082753547583}
[can] backend=detectnet_native no detections
[map] motion direction=forward speed=0.6 effective_seconds=0.04651474952697754 pose={'x_m': -0.25054351449923334, 'y_m': 0.1516816368450271, 'heading_rad': -1.574082753547583}
[can] backend=detectnet_native no detections
[map] motion direction=forward speed=0.6 effective_seconds=0.04654288291931152 pose={'x_m': -0.2553723125250347, 'y_m': 0.1516657672968782, 'heading_rad': -1.574082753547583}
[can] backend=detectnet_native no detections
[map] motion direction=forward speed=0.6 effective_seconds=0.04629373550415039 pose={'x_m': -0.2601752616461055, 'y_m': 0.15164998269956717, 'heading_rad': -1.574082753547583}
[can] backend=detectnet_native no detections
[map] motion direction=forward speed=0.6 effective_seconds=0.045995235443115234 pose={'x_m': -0.26494724155308774, 'y_m': 0.15163429988067625, 'heading_rad': -1.574082753547583}
[can] backend=detectnet_native no detections
[map] motion direction=forward speed=0.6 effective_seconds=0.0464937686920166 pose={'x_m': -0.269770944005325, 'y_m': 0.15161844707881691, 'heading_rad': -1.574082753547583}
[can] backend=detectnet_native no detections
[map] motion direction=forward speed=0.6 effective_seconds=0.046311378479003906 pose={'x_m': -0.2745757235751518, 'y_m': 0.15160265646584847, 'heading_rad': -1.574082753547583}
[can] backend=detectnet_native no detections
[map] motion direction=forward speed=0.6 effective_seconds=0.04643440246582031 pose={'x_m': -0.2793932668146829, 'y_m': 0.15158682390586342, 'heading_rad': -1.574082753547583}
[can] backend=detectnet_native no detections
[map] motion direction=forward speed=0.6 effective_seconds=0.04634523391723633 pose={'x_m': -0.28420155886725784, 'y_m': 0.15157102174933615, 'heading_rad': -1.574082753547583}
[can] backend=detectnet_native no detections
[map] motion direction=forward speed=0.6 effective_seconds=0.04656696319580078 pose={'x_m': -0.28903285520825317, 'y_m': 0.1515551439906278, 'heading_rad': -1.574082753547583}
[can] backend=detectnet_native no detections
[map] motion direction=forward speed=0.6 effective_seconds=0.04646134376525879 pose={'x_m': -0.29385319359250633, 'y_m': 0.1515393022445713, 'heading_rad': -1.574082753547583}
[can] backend=detectnet_native no detections
[map] motion direction=forward speed=0.6 effective_seconds=0.046439409255981445 pose={'x_m': -0.29867125628371144, 'y_m': 0.15152346797744023, 'heading_rad': -1.574082753547583}
[can] backend=detectnet_native no detections
[map] motion direction=forward speed=0.6 effective_seconds=0.0459742546081543 pose={'x_m': -0.3034410594408216, 'y_m': 0.15150779231230407, 'heading_rad': -1.574082753547583}
[map] motion direction=forward speed=0.6 effective_seconds=0.01707148551940918 pose={'x_m': -0.3052122164986371, 'y_m': 0.15150197151341, 'heading_rad': -1.574082753547583}
[base] continuous stop label=search_can_routine_2_step_2 elapsed=0.017s
[base] stop
[can] backend=detectnet_native no detections
[base] continuous start label=search_can_routine_2_step_3 direction=left requested_speed=0.15 effective_speed=0.15
[can] backend=detectnet_native no detections
[map] motion direction=left speed=0.15 effective_seconds=0.04642653465270996 pose={'x_m': -0.3052122164986371, 'y_m': 0.15150197151341, 'heading_rad': -1.5820966689430003}
[can] backend=detectnet_native no detections
[map] motion direction=left speed=0.15 effective_seconds=0.046296119689941406 pose={'x_m': -0.3052122164986371, 'y_m': 0.15150197151341, 'heading_rad': -1.5900880727621016}
[can] backend=detectnet_native no detections
[map] motion direction=left speed=0.15 effective_seconds=0.0496828556060791 pose={'x_m': -0.3052122164986371, 'y_m': 0.15150197151341, 'heading_rad': -1.5986640779369055}
[can] backend=detectnet_native no detections
[map] motion direction=left speed=0.15 effective_seconds=0.046065330505371094 pose={'x_m': -0.3052122164986371, 'y_m': 0.15150197151341, 'heading_rad': -1.6066156440853048}
[can] backend=detectnet_native no detections
[map] motion direction=left speed=0.15 effective_seconds=0.04671072959899902 pose={'x_m': -0.3052122164986371, 'y_m': 0.15150197151341, 'heading_rad': -1.6146786157859665}
[can] backend=detectnet_native no detections
[map] motion direction=left speed=0.15 effective_seconds=0.04613518714904785 pose={'x_m': -0.3052122164986371, 'y_m': 0.15150197151341, 'heading_rad': -1.6226422402375846}
[can] backend=detectnet_native no detections
[map] motion direction=left speed=0.15 effective_seconds=0.045873165130615234 pose={'x_m': -0.3052122164986371, 'y_m': 0.15150197151341, 'heading_rad': -1.630560635763478}
[can] backend=detectnet_native no detections
[map] motion direction=left speed=0.15 effective_seconds=0.04630398750305176 pose={'x_m': -0.3052122164986371, 'y_m': 0.15150197151341, 'heading_rad': -1.6385533976849898}
[can] backend=detectnet_native no detections
[map] motion direction=left speed=0.15 effective_seconds=0.046457767486572266 pose={'x_m': -0.3052122164986371, 'y_m': 0.15150197151341, 'heading_rad': -1.6465727043354297}
[can] backend=detectnet_native no detections
[map] motion direction=left speed=0.15 effective_seconds=0.04653191566467285 pose={'x_m': -0.3052122164986371, 'y_m': 0.15150197151341, 'heading_rad': -1.6546048100722213}
[can] backend=detectnet_native no detections
[map] motion direction=left speed=0.15 effective_seconds=0.04896974563598633 pose={'x_m': -0.3052122164986371, 'y_m': 0.15150197151341, 'heading_rad': -1.6630577217831106}
[can] backend=detectnet_native no detections
[map] motion direction=left speed=0.15 effective_seconds=0.04653048515319824 pose={'x_m': -0.3052122164986371, 'y_m': 0.15150197151341, 'heading_rad': -1.6710895805921913}
[can] backend=detectnet_native no detections
[map] motion direction=left speed=0.15 effective_seconds=0.04619765281677246 pose={'x_m': -0.3052122164986371, 'y_m': 0.15150197151341, 'heading_rad': -1.6790639875538547}
[can] backend=detectnet_native no detections
[map] motion direction=left speed=0.15 effective_seconds=0.04665970802307129 pose={'x_m': -0.3052122164986371, 'y_m': 0.15150197151341, 'heading_rad': -1.687118152166159}
[can] backend=detectnet_native no detections
[map] motion direction=left speed=0.15 effective_seconds=0.046360015869140625 pose={'x_m': -0.3052122164986371, 'y_m': 0.15150197151341, 'heading_rad': -1.6951205854230165}
[can] backend=detectnet_native no detections
[map] motion direction=left speed=0.15 effective_seconds=0.04651927947998047 pose={'x_m': -0.3052122164986371, 'y_m': 0.15150197151341, 'heading_rad': -1.703150509965028}
[can] backend=detectnet_native no detections
[map] motion direction=left speed=0.15 effective_seconds=0.046591758728027344 pose={'x_m': -0.3052122164986371, 'y_m': 0.15150197151341, 'heading_rad': -1.7111929455110613}
[can] backend=detectnet_native no detections
[map] motion direction=left speed=0.15 effective_seconds=0.04611015319824219 pose={'x_m': -0.3052122164986371, 'y_m': 0.15150197151341, 'heading_rad': -1.7191522487277375}
[can] backend=detectnet_native detections=1 best_confidence=0.232
[can] backend=detectnet_native confidence=0.232 class_id=1 center=(144.2,122.5) error_x=-0.049 bbox=[135.234375, 103.30078125, 153.203125, 141.796875]
[map] motion direction=left speed=0.15 effective_seconds=0.06375861167907715 pose={'x_m': -0.3052122164986371, 'y_m': 0.15150197151341, 'heading_rad': -1.730157940269171}
[base] continuous stop label=search_can_routine_2_step_3 elapsed=0.064s
[base] stop
[fsm] SEARCHING --TARGET_FOUND--> ALIGNING
[can] backend=detectnet_native no detections
[base] stop
[can] backend=detectnet_native no detections
[base] stop
[can] backend=detectnet_native no detections
[base] stop
[can] backend=detectnet_native no detections
[base] stop
[can] backend=detectnet_native no detections
[base] stop
[can] backend=detectnet_native no detections
[base] stop
[can] backend=detectnet_native no detections
[base] stop
[can] backend=detectnet_native no detections
[base] stop
[base] stop
[fsm] ALIGNING --TARGET_MISSING--> SEARCHING reason=alignment target lost
[can] backend=detectnet_native no detections
[base] continuous start label=search_can_routine_2_step_0 direction=forward requested_speed=0.6 effective_speed=0.6
[can] backend=detectnet_native no detections
[map] motion direction=forward speed=0.6 effective_seconds=0.0459284782409668 pose={'x_m': -0.3099169167859151, 'y_m': 0.15074581083736086, 'heading_rad': -1.730157940269171}
[can] backend=detectnet_native no detections
[map] motion direction=forward speed=0.6 effective_seconds=0.046295881271362305 pose={'x_m': -0.314659252135552, 'y_m': 0.14998360128413385, 'heading_rad': -1.730157940269171}
[can] backend=detectnet_native no detections
[map] motion direction=forward speed=0.6 effective_seconds=0.04625701904296875 pose={'x_m': -0.3193976066187616, 'y_m': 0.14922203155373617, 'heading_rad': -1.730157940269171}
[can] backend=detectnet_native no detections
[map] motion direction=forward speed=0.6 effective_seconds=0.04668116569519043 pose={'x_m': -0.32417940871776385, 'y_m': 0.14845347872632395, 'heading_rad': -1.730157940269171}
[can] backend=detectnet_native no detections
[map] motion direction=forward speed=0.6 effective_seconds=0.046579599380493164 pose={'x_m': -0.32895080683456956, 'y_m': 0.14768659807391352, 'heading_rad': -1.730157940269171}
[can] backend=detectnet_native no detections
[map] motion direction=forward speed=0.6 effective_seconds=0.04638838768005371 pose={'x_m': -0.33370261811165314, 'y_m': 0.14692286550683512, 'heading_rad': -1.730157940269171}
[can] backend=detectnet_native no detections
[map] motion direction=forward speed=0.6 effective_seconds=0.04646587371826172 pose={'x_m': -0.3384623666990979, 'y_m': 0.14615785721939148, 'heading_rad': -1.730157940269171}
[can] backend=detectnet_native no detections
[map] motion direction=forward speed=0.6 effective_seconds=0.046794891357421875 pose={'x_m': -0.3432558183274611, 'y_m': 0.14538743202701243, 'heading_rad': -1.730157940269171}
[can] backend=detectnet_native no detections
[map] motion direction=forward speed=0.6 effective_seconds=0.04656386375427246 pose={'x_m': -0.34802560455970116, 'y_m': 0.14462081044396846, 'heading_rad': -1.730157940269171}
[can] backend=detectnet_native no detections
[map] motion direction=forward speed=0.6 effective_seconds=0.0463557243347168 pose={'x_m': -0.3527740699551863, 'y_m': 0.14385761564209015, 'heading_rad': -1.730157940269171}
[can] backend=detectnet_native no detections
[map] motion direction=forward speed=0.6 effective_seconds=0.04618263244628906 pose={'x_m': -0.3575048046204491, 'y_m': 0.1430972706032431, 'heading_rad': -1.730157940269171}
[can] backend=detectnet_native no detections
[map] motion direction=forward speed=0.6 effective_seconds=0.04618263244628906 pose={'x_m': -0.3622355392857119, 'y_m': 0.14233692556439603, 'heading_rad': -1.730157940269171}
[can] backend=detectnet_native no detections
[map] motion direction=forward speed=0.6 effective_seconds=0.046031951904296875 pose={'x_m': -0.3669508389351338, 'y_m': 0.14157906131099765, 'heading_rad': -1.730157940269171}
[can] backend=detectnet_native no detections
[map] motion direction=forward speed=0.6 effective_seconds=0.04641413688659668 pose={'x_m': -0.37170528784150664, 'y_m': 0.14081490481222864, 'heading_rad': -1.730157940269171}
[can] backend=detectnet_native detections=1 best_confidence=0.207
[can] backend=detectnet_native confidence=0.207 class_id=1 center=(151.8,121.2) error_x=-0.026 bbox=[140.0, 98.02734375, 163.59375, 144.375]
[map] motion direction=forward speed=0.6 effective_seconds=0.06603646278381348 pose={'x_m': -0.37846975680126227, 'y_m': 0.1397276888134638, 'heading_rad': -1.730157940269171}
[base] continuous stop label=search_can_routine_2_step_0 elapsed=0.066s
[base] stop
[fsm] SEARCHING --TARGET_FOUND--> ALIGNING
[can] backend=detectnet_native detections=1 best_confidence=0.287
[can] backend=detectnet_native confidence=0.287 class_id=1 center=(152.1,122.8) error_x=-0.025 bbox=[140.390625, 100.1953125, 163.90625, 145.4296875]
[base] stop
[fsm] ALIGNING --TARGET_ALIGNED--> APPROACHING
[can] backend=detectnet_native detections=1 best_confidence=0.235
[can] backend=detectnet_native confidence=0.235 class_id=1 center=(152.9,120.6) error_x=-0.022 bbox=[141.484375, 97.03125, 164.21875, 144.140625]
[base] continuous start label=exp1_can_approach direction=forward requested_speed=0.6 effective_speed=0.6
[exp1] continuous displacement speed=0.6 duration_seconds=2.4 remaining=2.400
[can] backend=detectnet_native no detections
[map] motion direction=forward speed=0.6 effective_seconds=0.06303882598876953 pose={'x_m': -0.3849271617512589, 'y_m': 0.1386898255290127, 'heading_rad': -1.730157940269171}
[base] continuous stop label=exp1_can_approach elapsed=0.063s
[base] stop
[can] backend=detectnet_native no detections
[base] stop
[can] backend=detectnet_native no detections
[base] stop
[can] backend=detectnet_native no detections
[base] stop
[fsm] APPROACHING --TARGET_MISSING--> SEARCHING reason=exp1 approach target lost
[can] backend=detectnet_native no detections
[base] continuous start label=search_can_routine_2_step_0 direction=forward requested_speed=0.6 effective_speed=0.6
[can] backend=detectnet_native no detections
[map] motion direction=forward speed=0.6 effective_seconds=0.046124935150146484 pose={'x_m': -0.3896519861731143, 'y_m': 0.13793043041117606, 'heading_rad': -1.730157940269171}
[can] backend=detectnet_native no detections
[map] motion direction=forward speed=0.6 effective_seconds=0.04602313041687012 pose={'x_m': -0.3943663821902797, 'y_m': 0.13717271139363466, 'heading_rad': -1.730157940269171}
[can] backend=detectnet_native detections=1 best_confidence=0.245
[can] backend=detectnet_native confidence=0.245 class_id=1 center=(153.7,125.5) error_x=-0.020 bbox=[143.28125, 102.421875, 164.0625, 148.59375]
[map] motion direction=forward speed=0.6 effective_seconds=0.06297612190246582 pose={'x_m': -0.40081736402450713, 'y_m': 0.13613588046135602, 'heading_rad': -1.730157940269171}
[base] continuous stop label=search_can_routine_2_step_0 elapsed=0.063s
[base] stop
[fsm] SEARCHING --TARGET_FOUND--> ALIGNING
[can] backend=detectnet_native detections=1 best_confidence=0.253
[can] backend=detectnet_native confidence=0.253 class_id=1 center=(152.4,126.0) error_x=-0.024 bbox=[141.640625, 103.0078125, 163.125, 148.9453125]
[base] stop
[fsm] ALIGNING --TARGET_ALIGNED--> APPROACHING
[can] backend=detectnet_native detections=1 best_confidence=0.249
[can] backend=detectnet_native confidence=0.249 class_id=1 center=(153.8,125.0) error_x=-0.019 bbox=[143.359375, 100.6640625, 164.21875, 149.4140625]
[base] continuous start label=exp1_can_approach direction=forward requested_speed=0.6 effective_speed=0.6
[exp1] continuous displacement speed=0.6 duration_seconds=2.4 remaining=2.400
[can] backend=detectnet_native detections=1 best_confidence=0.355
[can] backend=detectnet_native confidence=0.355 class_id=1 center=(154.1,122.5) error_x=-0.018 bbox=[142.65625, 98.5546875, 165.625, 146.3671875]
[can] backend=detectnet_native detections=1 best_confidence=0.353
[can] backend=detectnet_native confidence=0.353 class_id=1 center=(153.4,122.6) error_x=-0.021 bbox=[141.5625, 98.90625, 165.15625, 146.25]
[can] backend=detectnet_native no detections
[map] motion direction=forward speed=0.6 effective_seconds=0.15602493286132812 pose={'x_m': -0.41679983447789287, 'y_m': 0.13356710563511529, 'heading_rad': -1.730157940269171}
[base] continuous stop label=exp1_can_approach elapsed=0.156s
[base] stop
[can] backend=detectnet_native detections=1 best_confidence=0.256
[can] backend=detectnet_native confidence=0.256 class_id=1 center=(154.0,126.9) error_x=-0.019 bbox=[143.671875, 104.47265625, 164.375, 149.4140625]
[base] continuous start label=exp1_can_approach direction=forward requested_speed=0.6 effective_speed=0.6
[exp1] continuous displacement speed=0.6 duration_seconds=2.4 remaining=2.261
[can] backend=detectnet_native detections=1 best_confidence=0.292
[can] backend=detectnet_native confidence=0.292 class_id=1 center=(153.9,125.7) error_x=-0.019 bbox=[144.140625, 101.71875, 163.59375, 149.765625]
[can] backend=detectnet_native detections=1 best_confidence=0.383
[can] backend=detectnet_native confidence=0.383 class_id=1 center=(153.9,124.3) error_x=-0.019 bbox=[142.8125, 98.61328125, 165.0, 150.0]
[can] backend=detectnet_native detections=1 best_confidence=0.245
[can] backend=detectnet_native confidence=0.245 class_id=1 center=(153.4,126.3) error_x=-0.021 bbox=[142.421875, 101.3671875, 164.375, 151.2890625]
[can] backend=detectnet_native detections=1 best_confidence=0.289
[can] backend=detectnet_native confidence=0.289 class_id=1 center=(153.8,126.4) error_x=-0.020 bbox=[142.8125, 103.359375, 164.6875, 149.53125]
[can] backend=detectnet_native detections=1 best_confidence=0.539
[can] backend=detectnet_native confidence=0.539 class_id=1 center=(153.0,126.0) error_x=-0.022 bbox=[140.625, 101.1328125, 165.46875, 150.8203125]
[can] backend=detectnet_native detections=1 best_confidence=0.383
[can] backend=detectnet_native confidence=0.383 class_id=1 center=(153.8,126.5) error_x=-0.020 bbox=[141.875, 101.54296875, 165.625, 151.5234375]
[can] backend=detectnet_native detections=1 best_confidence=0.524
[can] backend=detectnet_native confidence=0.524 class_id=1 center=(152.9,126.7) error_x=-0.022 bbox=[140.625, 100.6640625, 165.15625, 152.6953125]
[can] backend=detectnet_native detections=1 best_confidence=0.615
[can] backend=detectnet_native confidence=0.615 class_id=1 center=(152.4,125.4) error_x=-0.024 bbox=[139.453125, 98.96484375, 165.3125, 151.875]
[can] backend=detectnet_native detections=1 best_confidence=0.502
[can] backend=detectnet_native confidence=0.502 class_id=1 center=(152.9,125.9) error_x=-0.022 bbox=[140.546875, 99.55078125, 165.15625, 152.34375]
[can] backend=detectnet_native detections=1 best_confidence=0.618
[can] backend=detectnet_native confidence=0.618 class_id=1 center=(152.3,126.7) error_x=-0.024 bbox=[139.53125, 98.73046875, 165.15625, 154.5703125]
[can] backend=detectnet_native detections=1 best_confidence=0.644
[can] backend=detectnet_native confidence=0.644 class_id=1 center=(152.9,127.7) error_x=-0.022 bbox=[139.765625, 100.1953125, 165.9375, 155.2734375]
[can] backend=detectnet_native detections=1 best_confidence=0.562
[can] backend=detectnet_native confidence=0.562 class_id=1 center=(152.5,127.3) error_x=-0.023 bbox=[139.84375, 101.19140625, 165.15625, 153.3984375]
[can] backend=detectnet_native detections=1 best_confidence=0.625
[can] backend=detectnet_native confidence=0.625 class_id=1 center=(153.0,128.8) error_x=-0.022 bbox=[140.46875, 102.65625, 165.46875, 155.0390625]
[can] backend=detectnet_native detections=1 best_confidence=0.729
[can] backend=detectnet_native confidence=0.729 class_id=1 center=(153.0,128.4) error_x=-0.022 bbox=[140.15625, 101.71875, 165.9375, 155.15625]
[can] backend=detectnet_native detections=1 best_confidence=0.642
[can] backend=detectnet_native confidence=0.642 class_id=1 center=(152.9,129.3) error_x=-0.022 bbox=[140.390625, 103.59375, 165.46875, 154.921875]
[can] backend=detectnet_native detections=1 best_confidence=0.759
[can] backend=detectnet_native confidence=0.759 class_id=1 center=(152.0,129.6) error_x=-0.025 bbox=[137.96875, 100.25390625, 166.09375, 159.0234375]
[can] backend=detectnet_native detections=1 best_confidence=0.614
[can] backend=detectnet_native confidence=0.614 class_id=1 center=(152.4,130.0) error_x=-0.024 bbox=[137.890625, 100.078125, 166.875, 159.84375]
[can] backend=detectnet_native detections=1 best_confidence=0.650
[can] backend=detectnet_native confidence=0.650 class_id=1 center=(153.0,130.2) error_x=-0.022 bbox=[139.375, 102.94921875, 166.71875, 157.3828125]
[can] backend=detectnet_native detections=1 best_confidence=0.582
[can] backend=detectnet_native confidence=0.582 class_id=1 center=(153.4,130.2) error_x=-0.021 bbox=[139.765625, 102.7734375, 167.03125, 157.6171875]
[can] backend=detectnet_native detections=1 best_confidence=0.622
[can] backend=detectnet_native confidence=0.622 class_id=1 center=(153.2,130.1) error_x=-0.021 bbox=[138.828125, 102.5390625, 167.65625, 157.6171875]
[can] backend=detectnet_native detections=1 best_confidence=0.437
[can] backend=detectnet_native confidence=0.437 class_id=1 center=(153.0,131.1) error_x=-0.022 bbox=[138.4375, 102.421875, 167.65625, 159.7265625]
[can] backend=detectnet_native detections=1 best_confidence=0.362
[can] backend=detectnet_native confidence=0.362 class_id=1 center=(153.0,131.3) error_x=-0.022 bbox=[138.90625, 103.53515625, 167.1875, 159.140625]
[can] backend=detectnet_native detections=1 best_confidence=0.467
[can] backend=detectnet_native confidence=0.467 class_id=1 center=(153.3,130.9) error_x=-0.021 bbox=[139.21875, 102.421875, 167.34375, 159.375]
[can] backend=detectnet_native detections=1 best_confidence=0.485
[can] backend=detectnet_native confidence=0.485 class_id=1 center=(153.4,131.0) error_x=-0.021 bbox=[139.609375, 102.12890625, 167.1875, 159.84375]
[can] backend=detectnet_native detections=1 best_confidence=0.463
[can] backend=detectnet_native confidence=0.463 class_id=1 center=(153.8,132.5) error_x=-0.020 bbox=[139.21875, 104.0625, 168.28125, 161.015625]
[can] backend=detectnet_native detections=1 best_confidence=0.412
[can] backend=detectnet_native confidence=0.412 class_id=1 center=(153.4,132.4) error_x=-0.021 bbox=[138.75, 103.125, 168.125, 161.71875]
[can] backend=detectnet_native detections=1 best_confidence=0.557
[can] backend=detectnet_native confidence=0.557 class_id=1 center=(154.1,133.6) error_x=-0.018 bbox=[139.765625, 103.9453125, 168.4375, 163.2421875]
[can] backend=detectnet_native detections=1 best_confidence=0.514
[can] backend=detectnet_native confidence=0.514 class_id=1 center=(153.7,131.0) error_x=-0.020 bbox=[138.359375, 99.375, 169.0625, 162.65625]
[can] backend=detectnet_native detections=1 best_confidence=0.540
[can] backend=detectnet_native confidence=0.540 class_id=1 center=(153.6,131.5) error_x=-0.020 bbox=[138.4375, 100.4296875, 168.75, 162.5390625]
[can] backend=detectnet_native detections=1 best_confidence=0.818
[can] backend=detectnet_native confidence=0.818 class_id=1 center=(153.2,132.4) error_x=-0.021 bbox=[137.265625, 98.203125, 169.0625, 166.5234375]
[can] backend=detectnet_native detections=1 best_confidence=0.729
[can] backend=detectnet_native confidence=0.729 class_id=1 center=(153.2,132.4) error_x=-0.021 bbox=[136.796875, 99.08203125, 169.6875, 165.703125]
[can] backend=detectnet_native detections=1 best_confidence=0.755
[can] backend=detectnet_native confidence=0.755 class_id=1 center=(153.9,132.0) error_x=-0.019 bbox=[137.578125, 97.8515625, 170.3125, 166.0546875]
[can] backend=detectnet_native detections=1 best_confidence=0.854
[can] backend=detectnet_native confidence=0.854 class_id=1 center=(153.3,132.9) error_x=-0.021 bbox=[135.78125, 96.50390625, 170.78125, 169.3359375]
[can] backend=detectnet_native detections=1 best_confidence=0.935
[can] backend=detectnet_native confidence=0.935 class_id=1 center=(152.8,134.9) error_x=-0.022 bbox=[135.15625, 97.44140625, 170.46875, 172.265625]
[can] backend=detectnet_native detections=1 best_confidence=0.933
[can] backend=detectnet_native confidence=0.933 class_id=1 center=(153.9,133.9) error_x=-0.019 bbox=[136.40625, 96.328125, 171.40625, 171.4453125]
[can] backend=detectnet_native detections=1 best_confidence=0.941
[can] backend=detectnet_native confidence=0.941 class_id=1 center=(152.7,133.4) error_x=-0.023 bbox=[134.53125, 96.6796875, 170.9375, 170.0390625]
[can] backend=detectnet_native detections=1 best_confidence=0.976
[can] backend=detectnet_native confidence=0.976 class_id=1 center=(153.4,135.3) error_x=-0.021 bbox=[134.53125, 94.98046875, 172.34375, 175.546875]
[can] backend=detectnet_native detections=1 best_confidence=0.977
[can] backend=detectnet_native confidence=0.977 class_id=1 center=(153.4,135.1) error_x=-0.021 bbox=[134.21875, 93.69140625, 172.65625, 176.6015625]
[can] backend=detectnet_native detections=1 best_confidence=0.987
[can] backend=detectnet_native confidence=0.987 class_id=1 center=(153.2,134.3) error_x=-0.021 bbox=[133.4375, 92.75390625, 172.96875, 175.8984375]
[can] backend=detectnet_native detections=1 best_confidence=0.984
[can] backend=detectnet_native confidence=0.984 class_id=1 center=(153.1,134.5) error_x=-0.021 bbox=[132.8125, 92.4609375, 173.4375, 176.6015625]
[can] backend=detectnet_native detections=1 best_confidence=0.957
[can] backend=detectnet_native confidence=0.957 class_id=1 center=(154.1,133.3) error_x=-0.018 bbox=[134.375, 93.1640625, 173.90625, 173.4375]
[can] backend=detectnet_native detections=1 best_confidence=0.968
[can] backend=detectnet_native confidence=0.968 class_id=1 center=(154.0,134.3) error_x=-0.019 bbox=[133.59375, 93.28125, 174.375, 175.3125]
[can] backend=detectnet_native detections=1 best_confidence=0.966
[can] backend=detectnet_native confidence=0.966 class_id=1 center=(153.8,134.6) error_x=-0.020 bbox=[134.21875, 93.92578125, 173.28125, 175.3125]
[can] backend=detectnet_native detections=1 best_confidence=0.976
[can] backend=detectnet_native confidence=0.976 class_id=1 center=(153.8,134.1) error_x=-0.020 bbox=[133.125, 91.5234375, 174.375, 176.6015625]
[can] backend=detectnet_native detections=1 best_confidence=0.968
[can] backend=detectnet_native confidence=0.968 class_id=1 center=(153.4,134.4) error_x=-0.021 bbox=[132.34375, 89.70703125, 174.53125, 179.0625]
[can] backend=detectnet_native detections=1 best_confidence=0.985
[can] backend=detectnet_native confidence=0.985 class_id=1 center=(154.3,136.0) error_x=-0.018 bbox=[132.890625, 91.81640625, 175.625, 180.234375]
[can] backend=detectnet_native detections=1 best_confidence=0.980
[can] backend=detectnet_native confidence=0.980 class_id=1 center=(154.4,136.5) error_x=-0.017 bbox=[133.359375, 92.28515625, 175.46875, 180.703125]
[can] backend=detectnet_native detections=1 best_confidence=0.996
[can] backend=detectnet_native confidence=0.996 class_id=1 center=(154.3,137.1) error_x=-0.018 bbox=[132.421875, 91.5234375, 176.25, 182.6953125]
[can] backend=detectnet_native detections=1 best_confidence=0.998
[can] backend=detectnet_native confidence=0.998 class_id=1 center=(155.5,137.8) error_x=-0.014 bbox=[133.28125, 91.5234375, 177.65625, 183.984375]
[can] backend=detectnet_native detections=1 best_confidence=0.997
[can] backend=detectnet_native confidence=0.997 class_id=1 center=(155.0,137.5) error_x=-0.016 bbox=[131.796875, 91.40625, 178.28125, 183.515625]
[map] motion direction=forward speed=0.6 effective_seconds=2.338357925415039 pose={'x_m': -0.6563303746743269, 'y_m': 0.09506867552276047, 'heading_rad': -1.730157940269171}
[base] continuous stop label=exp1_can_approach elapsed=2.338s
[base] stop
[exp1] continuous can approach complete active_seconds=2.434
[fsm] APPROACHING --TARGET_REACHED--> FINAL_VERIFY
[can] backend=detectnet_native detections=1 best_confidence=0.995
[can] backend=detectnet_native confidence=0.995 class_id=1 center=(156.5,137.5) error_x=-0.011 bbox=[132.890625, 89.4140625, 180.15625, 185.625]
[base] stop
[can] backend=detectnet_native detections=1 best_confidence=0.994
[can] backend=detectnet_native confidence=0.994 class_id=1 center=(156.8,137.9) error_x=-0.010 bbox=[133.4375, 88.59375, 180.15625, 187.265625]
[base] stop
[fsm] FINAL_VERIFY --TARGET_STABLE--> FINALIZING
[arm] pose arm_down
[arm] arm_down servo=5 angle=0 speed=85
[arm] arm_down servo=4 angle=0 speed=85
[arm] arm_down servo=3 angle=45 speed=85
[arm] arm_down servo=2 angle=105 speed=85
[arm] arm_down servo=1 angle=-16 speed=85
[arm-position] arm_down waiting for motion to settle servos=[1, 2, 3, 4, 5] stability_delta=3 min_wait=0.5 timeout=10.0 stable_samples=2
[arm-position] arm_down waiting positions={1: 441, 2: 613, 3: 642, 4: 498, 5: 509} movement={} read_errors=[]
[arm-position] arm_down waiting positions={1: 441, 2: 626, 3: 655, 4: 498, 5: 509} movement={1: 0, 2: 13, 3: 13, 4: 0, 5: 0} read_errors=[]
[arm-position] arm_down waiting positions={1: 441, 2: 639, 3: 667, 4: 498, 5: 509} movement={1: 0, 2: 13, 3: 12, 4: 0, 5: 0} read_errors=[]
[arm-position] arm_down waiting positions={1: 441, 2: 653, 3: 680, 4: 498, 5: 509} movement={1: 0, 2: 14, 3: 13, 4: 0, 5: 0} read_errors=[]
[arm-position] arm_down waiting positions={1: 441, 2: 667, 3: 694, 4: 498, 5: 509} movement={1: 0, 2: 14, 3: 14, 4: 0, 5: 0} read_errors=[]
[arm-position] arm_down waiting positions={1: 441, 2: 680, 3: 706, 4: 498, 5: 509} movement={1: 0, 2: 13, 3: 12, 4: 0, 5: 0} read_errors=[]
[arm-position] arm_down waiting positions={1: 441, 2: 694, 3: 716, 4: 498, 5: 509} movement={1: 0, 2: 14, 3: 10, 4: 0, 5: 0} read_errors=[]
[arm-position] arm_down waiting positions={1: 441, 2: 707, 3: 718, 4: 498, 5: 509} movement={1: 0, 2: 13, 3: 2, 4: 0, 5: 0} read_errors=[]
[arm-position] arm_down waiting positions={1: 441, 2: 722, 3: 718, 4: 498, 5: 509} movement={1: 0, 2: 15, 3: 0, 4: 0, 5: 0} read_errors=[]
[arm-position] arm_down waiting positions={1: 441, 2: 733, 3: 717, 4: 498, 5: 509} movement={1: 0, 2: 11, 3: 1, 4: 0, 5: 0} read_errors=[]
[arm-position] arm_down waiting positions={1: 441, 2: 746, 3: 717, 4: 498, 5: 509} movement={1: 0, 2: 13, 3: 0, 4: 0, 5: 0} read_errors=[]
[arm-position] arm_down waiting positions={1: 441, 2: 761, 3: 718, 4: 498, 5: 509} movement={1: 0, 2: 15, 3: 1, 4: 0, 5: 0} read_errors=[]
[arm-position] arm_down waiting positions={1: 441, 2: 772, 3: 718, 4: 498, 5: 509} movement={1: 0, 2: 11, 3: 0, 4: 0, 5: 0} read_errors=[]
[arm-position] arm_down waiting positions={1: 441, 2: 787, 3: 718, 4: 498, 5: 509} movement={1: 0, 2: 15, 3: 0, 4: 0, 5: 0} read_errors=[]
[arm-position] arm_down waiting positions={1: 441, 2: 798, 3: 718, 4: 498, 5: 509} movement={1: 0, 2: 11, 3: 0, 4: 0, 5: 0} read_errors=[]
[arm-position] arm_down waiting positions={1: 441, 2: 812, 3: 717, 4: 498, 5: 509} movement={1: 0, 2: 14, 3: 1, 4: 0, 5: 0} read_errors=[]
[arm-position] arm_down waiting positions={1: 441, 2: 827, 3: 718, 4: 498, 5: 509} movement={1: 0, 2: 15, 3: 1, 4: 0, 5: 0} read_errors=[]
[arm-position] arm_down waiting positions={1: 441, 2: 839, 3: 718, 4: 498, 5: 509} movement={1: 0, 2: 12, 3: 0, 4: 0, 5: 0} read_errors=[]
[arm-position] arm_down waiting positions={1: 441, 2: 853, 3: 718, 4: 498, 5: 509} movement={1: 0, 2: 14, 3: 0, 4: 0, 5: 0} read_errors=[]
[arm-position] arm_down waiting positions={1: 441, 2: 867, 3: 717, 4: 498, 5: 509} movement={1: 0, 2: 14, 3: 1, 4: 0, 5: 0} read_errors=[]
[arm-position] arm_down waiting positions={1: 441, 2: 881, 3: 718, 4: 498, 5: 509} movement={1: 0, 2: 14, 3: 1, 4: 0, 5: 0} read_errors=[]
[arm-position] arm_down waiting positions={1: 441, 2: 894, 3: 718, 4: 498, 5: 509} movement={1: 0, 2: 13, 3: 0, 4: 0, 5: 0} read_errors=[]
[arm-position] arm_down waiting positions={1: 441, 2: 907, 3: 718, 4: 498, 5: 509} movement={1: 0, 2: 13, 3: 0, 4: 0, 5: 0} read_errors=[]
[arm-position] arm_down waiting positions={1: 441, 2: 920, 3: 717, 4: 498, 5: 509} movement={1: 0, 2: 13, 3: 1, 4: 0, 5: 0} read_errors=[]
[arm-position] arm_down waiting positions={1: 441, 2: 934, 3: 718, 4: 498, 5: 509} movement={1: 0, 2: 14, 3: 1, 4: 0, 5: 0} read_errors=[]
[arm-position] arm_down waiting positions={1: 441, 2: 947, 3: 717, 4: 498, 5: 509} movement={1: 0, 2: 13, 3: 1, 4: 0, 5: 0} read_errors=[]
[arm-position] arm_down waiting positions={1: 441, 2: 961, 3: 718, 4: 498, 5: 509} movement={1: 0, 2: 14, 3: 1, 4: 0, 5: 0} read_errors=[]
[arm-position] arm_down waiting positions={1: 441, 2: 973, 3: 717, 4: 498, 5: 509} movement={1: 0, 2: 12, 3: 1, 4: 0, 5: 0} read_errors=[]
[arm-position] arm_down waiting positions={1: 441, 2: 985, 3: 718, 4: 498, 5: 509} movement={1: 0, 2: 12, 3: 1, 4: 0, 5: 0} read_errors=[]
[arm-position] arm_down waiting positions={1: 441, 2: 999, 3: 717, 4: 498, 5: 509} movement={1: 0, 2: 14, 3: 1, 4: 0, 5: 0} read_errors=[]
[arm-position] arm_down waiting positions={1: 441, 2: 1005, 3: 718, 4: 498, 5: 508} movement={1: 0, 2: 6, 3: 1, 4: 0, 5: 1} read_errors=[]
[arm-position] arm_down settled positions={1: 441, 2: 1005, 3: 718, 4: 498, 5: 509} movement={1: 0, 2: 0, 3: 0, 4: 0, 5: 0} elapsed=4.95s
[base] pickup_push direction=forward requested_speed=0.2 effective_speed=0.2 seconds=3.78
[map] motion direction=forward speed=0.2 effective_seconds=3.78 pose={'x_m': -0.7776237163783003, 'y_m': 0.07557386189751274, 'heading_rad': -1.730157940269171}
[arm] pose grab
[arm] grab servo=5 angle=0 speed=85
[arm] grab servo=4 angle=-40 speed=85
[arm] grab servo=3 angle=45 speed=85
[arm] grab servo=2 angle=105 speed=85
[arm] grab servo=1 angle=-16 speed=85
[arm] pose carry
[arm] carry servo=5 angle=0 speed=85
[arm] carry servo=4 angle=-40 speed=85
[arm] carry servo=3 angle=45 speed=85
[arm] carry servo=2 angle=60 speed=85
[arm] carry servo=1 angle=-16 speed=85
[mission] completed_pickups=1
[fsm] FINALIZING --FINALIZED--> PLANNING
[fsm] PLANNING --MAP_TARGET_AVAILABLE--> MAP_NAVIGATING
[can] backend=detectnet_native detections=1 best_confidence=0.966
[depth] map_can_0_depth mean=1.827 min=1.740 max=1.943
[map] can rejected reason=out_of_bounds position={'x_m': -2.589401743312432, 'y_m': -0.15839386696464275}
[tag] cv2=4.1.1
[tag] has pupil_apriltags=True
[tag] has aruco=False
[tag] has ArucoDetector=False
[tag] has DICT_APRILTAG_36h11=False
[tag] calibration not loaded; pose distance disabled
[tag] detector loaded backend=pupil_apriltags family=tag36h11 dictionary=DICT_APRILTAG_36h11
[tag] no detections
[map] navigate label=bin_docking distance_m=0.831 heading_error_rad=-2.891
[base] continuous start label=map_turn_bin_docking direction=left requested_speed=0.15 effective_speed=0.15
[can] backend=detectnet_native detections=1 best_confidence=0.990
[depth] map_can_0_depth mean=1.686 min=1.627 max=1.798
[map] can rejected reason=out_of_bounds position={'x_m': -2.447233853573442, 'y_m': -0.15828775685355434}
[tag] no detections
[map] motion direction=left speed=0.15 effective_seconds=0.10799312591552734 pose={'x_m': -0.7776237163783003, 'y_m': 0.07557386189751274, 'heading_rad': -1.7487991716435907}
[map] navigate label=bin_docking distance_m=0.831 heading_error_rad=-2.873
[can] backend=detectnet_native detections=1 best_confidence=0.943
[depth] map_can_0_depth mean=1.819 min=1.649 max=2.025
[map] can rejected reason=out_of_bounds position={'x_m': -2.575228169568973, 'y_m': -0.20011863255065293}
[tag] no detections
[map] motion direction=left speed=0.15 effective_seconds=0.09256243705749512 pose={'x_m': -0.7776237163783003, 'y_m': 0.07557386189751274, 'heading_rad': -1.7647768349544815}
[map] navigate label=bin_docking distance_m=0.831 heading_error_rad=-2.857
[can] backend=detectnet_native detections=1 best_confidence=0.894
[depth] map_can_0_depth mean=1.709 min=1.593 max=1.876
[map] can rejected reason=out_of_bounds position={'x_m': -2.463274700796162, 'y_m': -0.2046029020140105}
[tag] no detections
[map] motion direction=left speed=0.15 effective_seconds=0.08992648124694824 pose={'x_m': -0.7776237163783003, 'y_m': 0.07557386189751274, 'heading_rad': -1.7802994928033062}
[map] navigate label=bin_docking distance_m=0.831 heading_error_rad=-2.841
[can] backend=detectnet_native detections=1 best_confidence=0.942
[depth] map_can_0_depth mean=1.624 min=1.560 max=1.710
[map] can rejected reason=out_of_bounds position={'x_m': -2.376936338330127, 'y_m': -0.20380746967230257}
[tag] no detections
[map] motion direction=left speed=0.15 effective_seconds=0.08555459976196289 pose={'x_m': -0.7776237163783003, 'y_m': 0.07557386189751274, 'heading_rad': -1.7950674984128125}
[map] navigate label=bin_docking distance_m=0.831 heading_error_rad=-2.826
[can] backend=detectnet_native detections=1 best_confidence=0.958
[depth] map_can_0_depth mean=1.701 min=1.651 max=1.789
[map] can rejected reason=out_of_bounds position={'x_m': -2.450798146442511, 'y_m': -0.23006943240214567}
[tag] no detections
[map] motion direction=left speed=0.15 effective_seconds=0.0839688777923584 pose={'x_m': -0.7776237163783003, 'y_m': 0.07557386189751274, 'heading_rad': -1.8095617846547174}
[map] navigate label=bin_docking distance_m=0.831 heading_error_rad=-2.812
[can] backend=detectnet_native detections=1 best_confidence=0.988
[depth] map_can_0_depth mean=1.890 min=1.753 max=2.064
[map] can rejected reason=out_of_bounds position={'x_m': -2.63291846196002, 'y_m': -0.2840606861014858}
[tag] no detections
[map] motion direction=left speed=0.15 effective_seconds=0.0867609977722168 pose={'x_m': -0.7776237163783003, 'y_m': 0.07557386189751274, 'heading_rad': -1.8245380326338017}
[map] navigate label=bin_docking distance_m=0.831 heading_error_rad=-2.797
[can] backend=detectnet_native detections=1 best_confidence=0.989
[depth] map_can_0_depth mean=1.873 min=1.730 max=2.025
[map] can rejected reason=out_of_bounds position={'x_m': -2.609533257254264, 'y_m': -0.3163974924596055}
[tag] no detections
[map] motion direction=left speed=0.15 effective_seconds=0.08600378036499023 pose={'x_m': -0.7776237163783003, 'y_m': 0.07557386189751274, 'heading_rad': -1.83938357354455}
[map] navigate label=bin_docking distance_m=0.831 heading_error_rad=-2.782
[can] backend=detectnet_native detections=1 best_confidence=0.996
[depth] map_can_0_depth mean=1.788 min=1.659 max=2.327
[map] can rejected reason=out_of_bounds position={'x_m': -2.5272367412367576, 'y_m': -0.29531280129728726}
[tag] no detections
[map] motion direction=left speed=0.15 effective_seconds=0.08589744567871094 pose={'x_m': -0.7776237163783003, 'y_m': 0.07557386189751274, 'heading_rad': -1.8542107594954502}
[map] navigate label=bin_docking distance_m=0.831 heading_error_rad=-2.767
[can] backend=detectnet_native detections=1 best_confidence=0.990
[depth] map_can_0_depth mean=1.870 min=1.690 max=2.878
[map] can rejected reason=out_of_bounds position={'x_m': -2.600653397582644, 'y_m': -0.34289019394649806}
[tag] no detections
[map] motion direction=left speed=0.15 effective_seconds=0.08475661277770996 pose={'x_m': -0.7776237163783003, 'y_m': 0.07557386189751274, 'heading_rad': -1.8688410205968582}
[map] navigate label=bin_docking distance_m=0.831 heading_error_rad=-2.752
[can] backend=detectnet_native detections=1 best_confidence=0.995
[depth] map_can_0_depth mean=1.887 min=1.733 max=2.560
[map] can rejected reason=out_of_bounds position={'x_m': -2.6159593735797033, 'y_m': -0.34948442545856795}
[tag] no detections
[map] motion direction=left speed=0.15 effective_seconds=0.08617687225341797 pose={'x_m': -0.7776237163783003, 'y_m': 0.07557386189751274, 'heading_rad': -1.883716439760633}
[map] navigate label=bin_docking distance_m=0.831 heading_error_rad=-2.738
[can] backend=detectnet_native detections=1 best_confidence=0.933
[depth] map_can_0_depth mean=1.931 min=1.834 max=2.034
[map] can rejected reason=out_of_bounds position={'x_m': -2.6806159233579336, 'y_m': -0.2520978446498909}
[tag] no detections
[map] motion direction=left speed=0.15 effective_seconds=0.08755278587341309 pose={'x_m': -0.7776237163783003, 'y_m': 0.07557386189751274, 'heading_rad': -1.8988293622277348}
[map] navigate label=bin_docking distance_m=0.831 heading_error_rad=-2.722
[can] backend=detectnet_native detections=1 best_confidence=0.965
[depth] map_can_0_depth mean=1.874 min=1.756 max=2.024
[map] can rejected reason=out_of_bounds position={'x_m': -2.6294227189500337, 'y_m': -0.21464897402097544}
[tag] no detections
[map] motion direction=left speed=0.15 effective_seconds=0.08637619018554688 pose={'x_m': -0.7776237163783003, 'y_m': 0.07557386189751274, 'heading_rad': -1.9137391866525704}
[map] navigate label=bin_docking distance_m=0.831 heading_error_rad=-2.708
[can] backend=detectnet_native detections=1 best_confidence=0.979
[depth] map_can_0_depth mean=1.829 min=1.742 max=1.944
[map] can rejected reason=out_of_bounds position={'x_m': -2.5809404225286126, 'y_m': -0.23039421806336957}
[tag] no detections
[map] motion direction=left speed=0.15 effective_seconds=0.09409880638122559 pose={'x_m': -0.7776237163783003, 'y_m': 0.07557386189751274, 'heading_rad': -1.9299820503250344}
[map] navigate label=bin_docking distance_m=0.831 heading_error_rad=-2.691
[can] backend=detectnet_native detections=1 best_confidence=0.991
[depth] map_can_0_depth mean=1.884 min=1.805 max=2.070
[map] can rejected reason=out_of_bounds position={'x_m': -2.6335948426564313, 'y_m': -0.2474043401609456}
[tag] no detections
[map] motion direction=left speed=0.15 effective_seconds=0.08622217178344727 pose={'x_m': -0.7776237163783003, 'y_m': 0.07557386189751274, 'heading_rad': -1.9448652888663231}
[map] navigate label=bin_docking distance_m=0.831 heading_error_rad=-2.676
[can] backend=detectnet_native detections=1 best_confidence=0.997
[depth] map_can_0_depth mean=1.939 min=1.845 max=2.081
[map] can rejected reason=out_of_bounds position={'x_m': -2.6875726424827424, 'y_m': -0.25841487609845043}
[tag] no detections
[map] motion direction=left speed=0.15 effective_seconds=0.0860440731048584 pose={'x_m': -0.7776237163783003, 'y_m': 0.07557386189751274, 'heading_rad': -1.959717784907597}
[map] navigate label=bin_docking distance_m=0.831 heading_error_rad=-2.662
[can] backend=detectnet_native detections=1 best_confidence=0.999
[depth] map_can_0_depth mean=2.003 min=1.916 max=2.082
[map] can rejected reason=out_of_bounds position={'x_m': -2.7511294581332946, 'y_m': -0.2695777656970837}
[tag] no detections
[map] motion direction=left speed=0.15 effective_seconds=0.08548283576965332 pose={'x_m': -0.7776237163783003, 'y_m': 0.07557386189751274, 'heading_rad': -1.9744734029769369}
[map] navigate label=bin_docking distance_m=0.831 heading_error_rad=-2.647
[can] backend=detectnet_native detections=1 best_confidence=0.995
[depth] map_can_0_depth mean=1.997 min=1.921 max=2.058
[map] can rejected reason=out_of_bounds position={'x_m': -2.746384351159297, 'y_m': -0.2582347644127047}
[tag] no detections
[map] motion direction=left speed=0.15 effective_seconds=0.08727574348449707 pose={'x_m': -0.7776237163783003, 'y_m': 0.07557386189751274, 'heading_rad': -1.989538503777349}
[map] navigate label=bin_docking distance_m=0.831 heading_error_rad=-2.632
[can] backend=detectnet_native detections=1 best_confidence=0.971
[depth] map_can_0_depth mean=1.951 min=1.802 max=2.088
[map] can rejected reason=out_of_bounds position={'x_m': -2.6983559408760374, 'y_m': -0.264722568070744}
[tag] no detections
[map] motion direction=left speed=0.15 effective_seconds=0.08425402641296387 pose={'x_m': -0.7776237163783003, 'y_m': 0.07557386189751274, 'heading_rad': -2.0040820109429722}
[map] navigate label=bin_docking distance_m=0.831 heading_error_rad=-2.617
[can] backend=detectnet_native detections=1 best_confidence=0.944
[depth] map_can_0_depth mean=1.952 min=1.863 max=2.122
[map] can rejected reason=out_of_bounds position={'x_m': -2.692835432191196, 'y_m': -0.3006792295312705}
[tag] no detections
[map] motion direction=left speed=0.15 effective_seconds=0.08795785903930664 pose={'x_m': -0.7776237163783003, 'y_m': 0.07557386189751274, 'heading_rad': -2.019264855106895}
[map] navigate label=bin_docking distance_m=0.831 heading_error_rad=-2.602
[can] backend=detectnet_native detections=1 best_confidence=0.964
[depth] map_can_0_depth mean=1.849 min=1.767 max=1.923
[map] can rejected reason=out_of_bounds position={'x_m': -2.590585798046724, 'y_m': -0.2870401360305179}
[tag] no detections
[map] motion direction=left speed=0.15 effective_seconds=0.08408761024475098 pose={'x_m': -0.7776237163783003, 'y_m': 0.07557386189751274, 'heading_rad': -2.0337796363488096}
[map] navigate label=bin_docking distance_m=0.831 heading_error_rad=-2.588
[can] backend=detectnet_native detections=1 best_confidence=0.985
[depth] map_can_0_depth mean=2.032 min=1.836 max=3.653
[map] can rejected reason=out_of_bounds position={'x_m': -2.7626586844663934, 'y_m': -0.35682397148589096}
[tag] no detections
[map] motion direction=left speed=0.15 effective_seconds=0.08769750595092773 pose={'x_m': -0.7776237163783003, 'y_m': 0.07557386189751274, 'heading_rad': -2.048917539669337}
[map] navigate label=bin_docking distance_m=0.831 heading_error_rad=-2.572
[can] backend=detectnet_native detections=1 best_confidence=0.995
[depth] map_can_0_depth mean=2.087 min=1.831 max=3.446
[map] can rejected reason=out_of_bounds position={'x_m': -2.8139432767974206, 'y_m': -0.3801219643578754}
[tag] no detections
[map] motion direction=left speed=0.15 effective_seconds=0.09142398834228516 pose={'x_m': -0.7776237163783003, 'y_m': 0.07557386189751274, 'heading_rad': -2.064698689676921}
[map] navigate label=bin_docking distance_m=0.831 heading_error_rad=-2.557
[can] backend=detectnet_native detections=1 best_confidence=0.991
[depth] map_can_0_depth mean=2.072 min=1.892 max=3.395
[map] can rejected reason=out_of_bounds position={'x_m': -2.7996247411955975, 'y_m': -0.3745983132505404}
[tag] no detections
[map] motion direction=left speed=0.15 effective_seconds=0.08388423919677734 pose={'x_m': -0.7776237163783003, 'y_m': 0.07557386189751274, 'heading_rad': -2.0791783660292604}
[map] navigate label=bin_docking distance_m=0.831 heading_error_rad=-2.542
[can] backend=detectnet_native detections=1 best_confidence=0.995
[depth] map_can_0_depth mean=2.139 min=1.972 max=3.232
[map] can rejected reason=out_of_bounds position={'x_m': -2.8633906331572634, 'y_m': -0.39643262542898067}
[tag] no detections
[map] motion direction=left speed=0.15 effective_seconds=0.0852193832397461 pose={'x_m': -0.7776237163783003, 'y_m': 0.07557386189751274, 'heading_rad': -2.093888508245165}
[map] navigate label=bin_docking distance_m=0.831 heading_error_rad=-2.527
[can] backend=detectnet_native detections=1 best_confidence=0.985
[depth] map_can_0_depth mean=2.106 min=1.862 max=3.008
[map] can rejected reason=out_of_bounds position={'x_m': -2.827345704869748, 'y_m': -0.4073399566517141}
[tag] no detections
[map] motion direction=left speed=0.15 effective_seconds=0.08427572250366211 pose={'x_m': -0.7776237163783003, 'y_m': 0.07557386189751274, 'heading_rad': -2.108435760481071}
[map] navigate label=bin_docking distance_m=0.831 heading_error_rad=-2.513
[can] backend=detectnet_native detections=1 best_confidence=0.941
[depth] map_can_0_depth mean=2.253 min=1.988 max=3.358
[map] can rejected reason=out_of_bounds position={'x_m': -2.9697737027448614, 'y_m': -0.44261177741861585}
[tag] no detections
[map] motion direction=left speed=0.15 effective_seconds=0.0872793197631836 pose={'x_m': -0.7776237163783003, 'y_m': 0.07557386189751274, 'heading_rad': -2.1235014786007604}
[map] navigate label=bin_docking distance_m=0.831 heading_error_rad=-2.498
[can] backend=detectnet_native detections=1 best_confidence=0.935
[depth] map_can_0_depth mean=2.131 min=1.916 max=2.324
[map] can rejected reason=out_of_bounds position={'x_m': -2.867848478689148, 'y_m': -0.3417792307553582}
[tag] no detections
[map] motion direction=left speed=0.15 effective_seconds=0.0836484432220459 pose={'x_m': -0.7776237163783003, 'y_m': 0.07557386189751274, 'heading_rad': -2.13794045303541}
[map] navigate label=bin_docking distance_m=0.831 heading_error_rad=-2.483
[can] backend=detectnet_native detections=1 best_confidence=0.939
[depth] map_can_0_depth mean=2.152 min=2.004 max=3.081
[map] can rejected reason=out_of_bounds position={'x_m': -2.8835618580798648, 'y_m': -0.36841350117609073}
[tag] no detections
[map] motion direction=left speed=0.15 effective_seconds=0.0837247371673584 pose={'x_m': -0.7776237163783003, 'y_m': 0.07557386189751274, 'heading_rad': -2.1523925969479776}
[map] navigate label=bin_docking distance_m=0.831 heading_error_rad=-2.469
[can] backend=detectnet_native detections=1 best_confidence=0.988
[depth] map_can_0_depth mean=2.207 min=2.000 max=3.212
[map] can rejected reason=out_of_bounds position={'x_m': -2.9313872205995373, 'y_m': -0.4064800802015011}
[tag] no detections
[map] motion direction=left speed=0.15 effective_seconds=0.08621811866760254 pose={'x_m': -0.7776237163783003, 'y_m': 0.07557386189751274, 'heading_rad': -2.1672751358607516}
[map] navigate label=bin_docking distance_m=0.831 heading_error_rad=-2.454
[can] backend=detectnet_native detections=1 best_confidence=0.990
[depth] map_can_0_depth mean=2.294 min=1.992 max=3.300
[map] can rejected reason=out_of_bounds position={'x_m': -3.012738151067987, 'y_m': -0.439236732250545}
[tag] no detections
[map] motion direction=left speed=0.15 effective_seconds=0.08648419380187988 pose={'x_m': -0.7776237163783003, 'y_m': 0.07557386189751274, 'heading_rad': -2.182203603327765}
[map] navigate label=bin_docking distance_m=0.831 heading_error_rad=-2.439
[can] backend=detectnet_native detections=1 best_confidence=0.984
[depth] map_can_0_depth mean=2.172 min=1.906 max=3.185
[map] can rejected reason=out_of_bounds position={'x_m': -2.894656122028478, 'y_m': -0.4111221412796138}
[tag] no detections
[map] motion direction=left speed=0.15 effective_seconds=0.0854959487915039 pose={'x_m': -0.7776237163783003, 'y_m': 0.07557386189751274, 'heading_rad': -2.196961484901122}
[map] navigate label=bin_docking distance_m=0.831 heading_error_rad=-2.424
[can] backend=detectnet_native detections=1 best_confidence=0.961
[depth] map_can_0_depth mean=2.252 min=1.930 max=3.154
[map] can rejected reason=out_of_bounds position={'x_m': -2.965377835882885, 'y_m': -0.46030604704537276}
[tag] no detections
[map] motion direction=left speed=0.15 effective_seconds=0.08268857002258301 pose={'x_m': -0.7776237163783003, 'y_m': 0.07557386189751274, 'heading_rad': -2.211234770841716}
[map] navigate label=bin_docking distance_m=0.831 heading_error_rad=-2.410
[can] backend=detectnet_native detections=1 best_confidence=0.960
[depth] map_can_0_depth mean=2.279 min=1.867 max=3.301
[map] can rejected reason=out_of_bounds position={'x_m': -2.9875386045637002, 'y_m': -0.4812279672459892}
[tag] no detections
[map] motion direction=left speed=0.15 effective_seconds=0.08530330657958984 pose={'x_m': -0.7776237163783003, 'y_m': 0.07557386189751274, 'heading_rad': -2.22595939948333}
[map] navigate label=bin_docking distance_m=0.831 heading_error_rad=-2.395
[can] backend=detectnet_native detections=1 best_confidence=0.978
[depth] map_can_0_depth mean=2.320 min=1.864 max=3.325
[map] can rejected reason=out_of_bounds position={'x_m': -3.02031114121904, 'y_m': -0.5185972670075263}
[tag] no detections
[map] motion direction=left speed=0.15 effective_seconds=0.08931541442871094 pose={'x_m': -0.7776237163783003, 'y_m': 0.07557386189751274, 'heading_rad': -2.2413765780449557}
[map] navigate label=bin_docking distance_m=0.831 heading_error_rad=-2.380
[can] backend=detectnet_native detections=1 best_confidence=0.942
[depth] map_can_0_depth mean=2.205 min=1.691 max=3.123
[map] can rejected reason=out_of_bounds position={'x_m': -2.9068877741077217, 'y_m': -0.4986393631591585}
[tag] no detections
[map] motion direction=left speed=0.15 effective_seconds=0.08610081672668457 pose={'x_m': -0.7776237163783003, 'y_m': 0.07557386189751274, 'heading_rad': -2.256238868885431}
[map] navigate label=bin_docking distance_m=0.831 heading_error_rad=-2.365
[can] backend=detectnet_native detections=1 best_confidence=0.916
[depth] map_can_0_depth mean=2.349 min=1.779 max=3.282
[map] can rejected reason=out_of_bounds position={'x_m': -3.03620134135463, 'y_m': -0.5702932902447789}
[tag] no detections
[map] motion direction=left speed=0.15 effective_seconds=0.0858919620513916 pose={'x_m': -0.7776237163783003, 'y_m': 0.07557386189751274, 'heading_rad': -2.271065108280106}
[map] navigate label=bin_docking distance_m=0.831 heading_error_rad=-2.350
[can] backend=detectnet_native detections=1 best_confidence=0.837
[depth] map_can_0_depth mean=2.421 min=1.728 max=3.293
[map] can rejected reason=out_of_bounds position={'x_m': -3.0992666845870374, 'y_m': -0.610853572610261}
[tag] no detections
[map] motion direction=left speed=0.15 effective_seconds=0.08488631248474121 pose={'x_m': -0.7776237163783003, 'y_m': 0.07557386189751274, 'heading_rad': -2.2857177574939747}
[map] navigate label=bin_docking distance_m=0.831 heading_error_rad=-2.336
[can] backend=detectnet_native detections=1 best_confidence=0.919
[depth] map_can_0_depth mean=2.516 min=1.882 max=3.389
[map] can rejected reason=out_of_bounds position={'x_m': -3.177554526834535, 'y_m': -0.6798205124056074}
[tag] no detections
[map] motion direction=left speed=0.15 effective_seconds=0.0875248908996582 pose={'x_m': -0.7776237163783003, 'y_m': 0.07557386189751274, 'heading_rad': -2.3008258648707125}
[map] navigate label=bin_docking distance_m=0.831 heading_error_rad=-2.321
[can] backend=detectnet_native detections=1 best_confidence=0.384
[depth] map_can_0_depth mean=2.333 min=1.656 max=3.367
[map] can rejected reason=out_of_bounds position={'x_m': -3.0005782740837716, 'y_m': -0.6323034856494946}
[tag] no detections
[map] motion direction=left speed=0.15 effective_seconds=0.08593940734863281 pose={'x_m': -0.7776237163783003, 'y_m': 0.07557386189751274, 'heading_rad': -2.3156602940344677}
[map] navigate label=bin_docking distance_m=0.831 heading_error_rad=-2.306
[can] backend=detectnet_native detections=1 best_confidence=0.792
[depth] map_can_0_depth mean=2.390 min=1.748 max=3.293
[map] can rejected reason=out_of_bounds position={'x_m': -3.0456561789863272, 'y_m': -0.678094026817906}
[tag] no detections
[map] motion direction=left speed=0.15 effective_seconds=0.08584833145141602 pose={'x_m': -0.7776237163783003, 'y_m': 0.07557386189751274, 'heading_rad': -2.3304790021339583}
[map] navigate label=bin_docking distance_m=0.831 heading_error_rad=-2.291
[can] backend=detectnet_native detections=1 best_confidence=0.723
[depth] map_can_0_depth mean=2.427 min=1.680 max=3.245
[map] can rejected reason=out_of_bounds position={'x_m': -3.0688395560444017, 'y_m': -0.7236892830830366}
[tag] no detections
[map] motion direction=left speed=0.15 effective_seconds=0.08749961853027344 pose={'x_m': -0.7776237163783003, 'y_m': 0.07557386189751274, 'heading_rad': -2.345582747121136}
[map] navigate label=bin_docking distance_m=0.831 heading_error_rad=-2.276
[can] backend=detectnet_native no detections
[tag] no detections
[map] motion direction=left speed=0.15 effective_seconds=0.05768179893493652 pose={'x_m': -0.7776237163783003, 'y_m': 0.07557386189751274, 'heading_rad': -2.3555394897464024}
[map] navigate label=bin_docking distance_m=0.831 heading_error_rad=-2.266
[can] backend=detectnet_native no detections
[tag] no detections
[map] motion direction=left speed=0.15 effective_seconds=0.05972647666931152 pose={'x_m': -0.7776237163783003, 'y_m': 0.07557386189751274, 'heading_rad': -2.365849174379871}
[map] navigate label=bin_docking distance_m=0.831 heading_error_rad=-2.255
[can] backend=detectnet_native no detections
[tag] no detections
[map] motion direction=left speed=0.15 effective_seconds=0.0609583854675293 pose={'x_m': -0.7776237163783003, 'y_m': 0.07557386189751274, 'heading_rad': -2.376371504927096}
[map] navigate label=bin_docking distance_m=0.831 heading_error_rad=-2.245
[can] backend=detectnet_native no detections
[tag] no detections
[map] motion direction=left speed=0.15 effective_seconds=0.05904698371887207 pose={'x_m': -0.7776237163783003, 'y_m': 0.07557386189751274, 'heading_rad': -2.3865638988978572}
[map] navigate label=bin_docking distance_m=0.831 heading_error_rad=-2.235
[can] backend=detectnet_native no detections
[tag] no detections
[map] motion direction=left speed=0.15 effective_seconds=0.05756664276123047 pose={'x_m': -0.7776237163783003, 'y_m': 0.07557386189751274, 'heading_rad': -2.396500763842391}
[map] navigate label=bin_docking distance_m=0.831 heading_error_rad=-2.225
[can] backend=detectnet_native no detections
[tag] no detections
[map] motion direction=left speed=0.15 effective_seconds=0.05799126625061035 pose={'x_m': -0.7776237163783003, 'y_m': 0.07557386189751274, 'heading_rad': -2.4065109251624626}
[map] navigate label=bin_docking distance_m=0.831 heading_error_rad=-2.215
[can] backend=detectnet_native no detections
[tag] no detections
[map] motion direction=left speed=0.15 effective_seconds=0.06076622009277344 pose={'x_m': -0.7776237163783003, 'y_m': 0.07557386189751274, 'heading_rad': -2.417000085087182}
[map] navigate label=bin_docking distance_m=0.831 heading_error_rad=-2.204
[can] backend=detectnet_native no detections
[tag] no detections
[map] motion direction=left speed=0.15 effective_seconds=0.059700965881347656 pose={'x_m': -0.7776237163783003, 'y_m': 0.07557386189751274, 'heading_rad': -2.4273053661764714}
[map] navigate label=bin_docking distance_m=0.831 heading_error_rad=-2.194
[can] backend=detectnet_native no detections
[tag] no detections
[map] motion direction=left speed=0.15 effective_seconds=0.059955596923828125 pose={'x_m': -0.7776237163783003, 'y_m': 0.07557386189751274, 'heading_rad': -2.437654600398312}
[map] navigate label=bin_docking distance_m=0.831 heading_error_rad=-2.184
[can] backend=detectnet_native detections=1 best_confidence=0.225
[depth] map_can_0_depth mean=3.438 min=2.762 max=4.168
[map] can rejected reason=upper_frame center_y_norm=0.297
[tag] no detections
[map] motion direction=left speed=0.15 effective_seconds=0.08865714073181152 pose={'x_m': -0.7776237163783003, 'y_m': 0.07557386189751274, 'heading_rad': -2.4529581510582767}
[map] navigate label=bin_docking distance_m=0.831 heading_error_rad=-2.168
[can] backend=detectnet_native no detections
[tag] no detections
[map] motion direction=left speed=0.15 effective_seconds=0.05981016159057617 pose={'x_m': -0.7776237163783003, 'y_m': 0.07557386189751274, 'heading_rad': -2.4632822809628365}
[map] navigate label=bin_docking distance_m=0.831 heading_error_rad=-2.158
[can] backend=detectnet_native no detections
[tag] no detections
[map] motion direction=left speed=0.15 effective_seconds=0.0592195987701416 pose={'x_m': -0.7776237163783003, 'y_m': 0.07557386189751274, 'heading_rad': -2.4735044708773875}
[map] navigate label=bin_docking distance_m=0.831 heading_error_rad=-2.148
[can] backend=detectnet_native no detections
[tag] no detections
[map] motion direction=left speed=0.15 effective_seconds=0.059494972229003906 pose={'x_m': -0.7776237163783003, 'y_m': 0.07557386189751274, 'heading_rad': -2.4837741943762985}
[map] navigate label=bin_docking distance_m=0.831 heading_error_rad=-2.138
[can] backend=detectnet_native no detections
[tag] no detections
[map] motion direction=left speed=0.15 effective_seconds=0.05850052833557129 pose={'x_m': -0.7776237163783003, 'y_m': 0.07557386189751274, 'heading_rad': -2.4938722619614726}
[map] navigate label=bin_docking distance_m=0.831 heading_error_rad=-2.127
[can] backend=detectnet_native no detections
[tag] no detections
[map] motion direction=left speed=0.15 effective_seconds=0.05964326858520508 pose={'x_m': -0.7776237163783003, 'y_m': 0.07557386189751274, 'heading_rad': -2.5041675836330866}
[map] navigate label=bin_docking distance_m=0.831 heading_error_rad=-2.117
[can] backend=detectnet_native no detections
[tag] no detections
[map] motion direction=left speed=0.15 effective_seconds=0.062330007553100586 pose={'x_m': -0.7776237163783003, 'y_m': 0.07557386189751274, 'heading_rad': -2.514926676700506}
[map] navigate label=bin_docking distance_m=0.831 heading_error_rad=-2.106
[can] backend=detectnet_native no detections
[tag] no detections
[map] motion direction=left speed=0.15 effective_seconds=0.05847811698913574 pose={'x_m': -0.7776237163783003, 'y_m': 0.07557386189751274, 'heading_rad': -2.525020875751541}
[map] navigate label=bin_docking distance_m=0.831 heading_error_rad=-2.096
[can] backend=detectnet_native no detections
[tag] no detections
[map] motion direction=left speed=0.15 effective_seconds=0.05811452865600586 pose={'x_m': -0.7776237163783003, 'y_m': 0.07557386189751274, 'heading_rad': -2.535052314009374}
[map] navigate label=bin_docking distance_m=0.831 heading_error_rad=-2.086
[can] backend=detectnet_native no detections
[tag] no detections
[map] motion direction=left speed=0.15 effective_seconds=0.058835744857788086 pose={'x_m': -0.7776237163783003, 'y_m': 0.07557386189751274, 'heading_rad': -2.54520824498815}
[map] navigate label=bin_docking distance_m=0.831 heading_error_rad=-2.076
[can] backend=detectnet_native no detections
[tag] no detections
[map] motion direction=left speed=0.15 effective_seconds=0.05804252624511719 pose={'x_m': -0.7776237163783003, 'y_m': 0.07557386189751274, 'heading_rad': -2.5552272545511974}
[map] navigate label=bin_docking distance_m=0.831 heading_error_rad=-2.066
[can] backend=detectnet_native detections=1 best_confidence=0.221
[depth] map_can_0_depth mean=3.422 min=2.878 max=4.576
[map] can rejected reason=upper_frame center_y_norm=0.298
[tag] no detections
[map] motion direction=left speed=0.15 effective_seconds=0.08425426483154297 pose={'x_m': -0.7776237163783003, 'y_m': 0.07557386189751274, 'heading_rad': -2.569770802871439}
[map] navigate label=bin_docking distance_m=0.831 heading_error_rad=-2.052
[can] backend=detectnet_native no detections
[tag] no detections
[map] motion direction=left speed=0.15 effective_seconds=0.05988907814025879 pose={'x_m': -0.7776237163783003, 'y_m': 0.07557386189751274, 'heading_rad': -2.58010855495472}
[map] navigate label=bin_docking distance_m=0.831 heading_error_rad=-2.041
[can] backend=detectnet_native detections=1 best_confidence=0.370
[depth] map_can_0_depth mean=3.778 min=3.143 max=5.347
[map] can rejected reason=upper_frame center_y_norm=0.300
[tag] no detections
[map] motion direction=left speed=0.15 effective_seconds=0.08227300643920898 pose={'x_m': -0.7776237163783003, 'y_m': 0.07557386189751274, 'heading_rad': -2.5943101083952795}
[map] navigate label=bin_docking distance_m=0.831 heading_error_rad=-2.027
[can] backend=detectnet_native detections=1 best_confidence=0.311
[depth] map_can_0_depth mean=3.691 min=3.055 max=5.264
[map] can rejected reason=upper_frame center_y_norm=0.293
[tag] no detections
[map] motion direction=left speed=0.15 effective_seconds=0.08334708213806152 pose={'x_m': -0.7776237163783003, 'y_m': 0.07557386189751274, 'heading_rad': -2.608697063392153}
[map] navigate label=bin_docking distance_m=0.831 heading_error_rad=-2.013
[can] backend=detectnet_native detections=1 best_confidence=0.482
[depth] map_can_0_depth mean=4.065 min=3.133 max=6.107
[map] can rejected reason=upper_frame center_y_norm=0.305
[tag] no detections
[map] motion direction=left speed=0.15 effective_seconds=0.08536195755004883 pose={'x_m': -0.7776237163783003, 'y_m': 0.07557386189751274, 'heading_rad': -2.6234318160699166}
[map] navigate label=bin_docking distance_m=0.831 heading_error_rad=-1.998
[can] backend=detectnet_native detections=1 best_confidence=0.630
[depth] map_can_0_depth mean=3.690 min=2.807 max=5.524
[map] can rejected reason=upper_frame center_y_norm=0.297
[tag] no detections
[map] motion direction=left speed=0.15 effective_seconds=0.08339166641235352 pose={'x_m': -0.7776237163783003, 'y_m': 0.07557386189751274, 'heading_rad': -2.6378264669804485}
[map] navigate label=bin_docking distance_m=0.831 heading_error_rad=-1.984
[can] backend=detectnet_native detections=1 best_confidence=0.351
[depth] map_can_0_depth mean=4.446 min=3.237 max=6.326
[map] can rejected reason=upper_frame center_y_norm=0.298
[tag] no detections
[map] motion direction=left speed=0.15 effective_seconds=0.08783602714538574 pose={'x_m': -0.7776237163783003, 'y_m': 0.07557386189751274, 'heading_rad': -2.652988281134321}
[map] navigate label=bin_docking distance_m=0.831 heading_error_rad=-1.968
[can] backend=detectnet_native detections=1 best_confidence=0.317
[depth] map_can_0_depth mean=4.161 min=3.090 max=5.977
[map] can rejected reason=upper_frame center_y_norm=0.297
[tag] no detections
[map] motion direction=left speed=0.15 effective_seconds=0.0873863697052002 pose={'x_m': -0.7776237163783003, 'y_m': 0.07557386189751274, 'heading_rad': -2.6680724776777143}
[map] navigate label=bin_docking distance_m=0.831 heading_error_rad=-1.953
[can] backend=detectnet_native detections=1 best_confidence=0.246
[depth] map_can_0_depth mean=4.551 min=3.213 max=6.433
[map] can rejected reason=upper_frame center_y_norm=0.305
[tag] no detections
[map] motion direction=left speed=0.15 effective_seconds=0.08339381217956543 pose={'x_m': -0.7776237163783003, 'y_m': 0.07557386189751274, 'heading_rad': -2.6824674989798125}
[map] navigate label=bin_docking distance_m=0.831 heading_error_rad=-1.939
[can] backend=detectnet_native no detections
[tag] no detections
[map] motion direction=left speed=0.15 effective_seconds=0.05920290946960449 pose={'x_m': -0.7776237163783003, 'y_m': 0.07557386189751274, 'heading_rad': -2.692686808071069}
[map] navigate label=bin_docking distance_m=0.831 heading_error_rad=-1.929
[can] backend=detectnet_native no detections
[tag] no detections
[map] motion direction=left speed=0.15 effective_seconds=0.06017184257507324 pose={'x_m': -0.7776237163783003, 'y_m': 0.07557386189751274, 'heading_rad': -2.703073369531883}
[map] navigate label=bin_docking distance_m=0.831 heading_error_rad=-1.918
[can] backend=detectnet_native no detections
[tag] no detections
[map] motion direction=left speed=0.15 effective_seconds=0.06071639060974121 pose={'x_m': -0.7776237163783003, 'y_m': 0.07557386189751274, 'heading_rad': -2.7135539281413372}
[map] navigate label=bin_docking distance_m=0.831 heading_error_rad=-1.908
[can] backend=detectnet_native no detections
[tag] no detections
[map] motion direction=left speed=0.15 effective_seconds=0.061065673828125 pose={'x_m': -0.7776237163783003, 'y_m': 0.07557386189751274, 'heading_rad': -2.7240947782668847}
[map] navigate label=bin_docking distance_m=0.831 heading_error_rad=-1.897
[can] backend=detectnet_native no detections
[tag] no detections
[map] motion direction=left speed=0.15 effective_seconds=0.060281991958618164 pose={'x_m': -0.7776237163783003, 'y_m': 0.07557386189751274, 'heading_rad': -2.7345003531614434}
[map] navigate label=bin_docking distance_m=0.831 heading_error_rad=-1.887
[can] backend=detectnet_native no detections
[tag] no detections
[map] motion direction=left speed=0.15 effective_seconds=0.05941915512084961 pose={'x_m': -0.7776237163783003, 'y_m': 0.07557386189751274, 'heading_rad': -2.7447569894916732}
[map] navigate label=bin_docking distance_m=0.831 heading_error_rad=-1.877
[can] backend=detectnet_native no detections
[tag] no detections
[map] motion direction=left speed=0.15 effective_seconds=0.05970025062561035 pose={'x_m': -0.7776237163783003, 'y_m': 0.07557386189751274, 'heading_rad': -2.755062147117107}
[map] navigate label=bin_docking distance_m=0.831 heading_error_rad=-1.866
[can] backend=detectnet_native no detections
[tag] no detections
[map] motion direction=left speed=0.15 effective_seconds=0.0581812858581543 pose={'x_m': -0.7776237163783003, 'y_m': 0.07557386189751274, 'heading_rad': -2.7651051086681178}
[map] navigate label=bin_docking distance_m=0.831 heading_error_rad=-1.856
[can] backend=detectnet_native no detections
[tag] no detections
[map] motion direction=left speed=0.15 effective_seconds=0.0589752197265625 pose={'x_m': -0.7776237163783003, 'y_m': 0.07557386189751274, 'heading_rad': -2.7752851150987126}
[map] navigate label=bin_docking distance_m=0.831 heading_error_rad=-1.846
[can] backend=detectnet_native no detections
[tag] no detections
[map] motion direction=left speed=0.15 effective_seconds=0.05780363082885742 pose={'x_m': -0.7776237163783003, 'y_m': 0.07557386189751274, 'heading_rad': -2.7852628877340293}
[map] navigate label=bin_docking distance_m=0.831 heading_error_rad=-1.836
[can] backend=detectnet_native no detections
[tag] no detections
[map] motion direction=left speed=0.15 effective_seconds=0.0634760856628418 pose={'x_m': -0.7776237163783003, 'y_m': 0.07557386189751274, 'heading_rad': -2.7962198110525476}
[map] navigate label=bin_docking distance_m=0.831 heading_error_rad=-1.825
[can] backend=detectnet_native no detections
[tag] no detections
[map] motion direction=left speed=0.15 effective_seconds=0.05910444259643555 pose={'x_m': -0.7776237163783003, 'y_m': 0.07557386189751274, 'heading_rad': -2.806422123286366}
[map] navigate label=bin_docking distance_m=0.831 heading_error_rad=-1.815
[can] backend=detectnet_native no detections
[tag] no detections
[map] motion direction=left speed=0.15 effective_seconds=0.061632633209228516 pose={'x_m': -0.7776237163783003, 'y_m': 0.07557386189751274, 'heading_rad': -2.817060839094691}
[map] navigate label=bin_docking distance_m=0.831 heading_error_rad=-1.804
[can] backend=detectnet_native no detections
[tag] no detections
[map] motion direction=left speed=0.15 effective_seconds=0.05791783332824707 pose={'x_m': -0.7776237163783003, 'y_m': 0.07557386189751274, 'heading_rad': -2.8270583247922665}
[map] navigate label=bin_docking distance_m=0.831 heading_error_rad=-1.794
[can] backend=detectnet_native no detections
[tag] no detections
[map] motion direction=left speed=0.15 effective_seconds=0.05877065658569336 pose={'x_m': -0.7776237163783003, 'y_m': 0.07557386189751274, 'heading_rad': -2.8372030205601937}
[map] navigate label=bin_docking distance_m=0.831 heading_error_rad=-1.784
[can] backend=detectnet_native no detections
[tag] no detections
[map] motion direction=left speed=0.15 effective_seconds=0.059221744537353516 pose={'x_m': -0.7776237163783003, 'y_m': 0.07557386189751274, 'heading_rad': -2.847425580866311}
[map] navigate label=bin_docking distance_m=0.831 heading_error_rad=-1.774
[can] backend=detectnet_native no detections
[tag] no detections
[map] motion direction=left speed=0.15 effective_seconds=0.05898785591125488 pose={'x_m': -0.7776237163783003, 'y_m': 0.07557386189751274, 'heading_rad': -2.857607768491686}
[map] navigate label=bin_docking distance_m=0.831 heading_error_rad=-1.764
[can] backend=detectnet_native no detections
[tag] no detections
[map] motion direction=left speed=0.15 effective_seconds=0.05770611763000488 pose={'x_m': -0.7776237163783003, 'y_m': 0.07557386189751274, 'heading_rad': -2.867568708888039}
[map] navigate label=bin_docking distance_m=0.831 heading_error_rad=-1.754
[can] backend=detectnet_native no detections
[tag] no detections
[map] motion direction=left speed=0.15 effective_seconds=0.06012892723083496 pose={'x_m': -0.7776237163783003, 'y_m': 0.07557386189751274, 'heading_rad': -2.8779478625175243}
[map] navigate label=bin_docking distance_m=0.831 heading_error_rad=-1.743
[can] backend=detectnet_native no detections
[tag] no detections
[map] motion direction=left speed=0.15 effective_seconds=0.060777902603149414 pose={'x_m': -0.7776237163783003, 'y_m': 0.07557386189751274, 'heading_rad': -2.8884390390185497}
[map] navigate label=bin_docking distance_m=0.831 heading_error_rad=-1.733
[can] backend=detectnet_native no detections
[tag] no detections
[map] motion direction=left speed=0.15 effective_seconds=0.06021285057067871 pose={'x_m': -0.7776237163783003, 'y_m': 0.07557386189751274, 'heading_rad': -2.8988326790737453}
[map] navigate label=bin_docking distance_m=0.831 heading_error_rad=-1.722
[can] backend=detectnet_native no detections
[tag] no detections
[map] motion direction=left speed=0.15 effective_seconds=0.06178545951843262 pose={'x_m': -0.7776237163783003, 'y_m': 0.07557386189751274, 'heading_rad': -2.909497774992525}
[map] navigate label=bin_docking distance_m=0.831 heading_error_rad=-1.712
[can] backend=detectnet_native no detections
[tag] no detections
[map] motion direction=left speed=0.15 effective_seconds=0.05768942832946777 pose={'x_m': -0.7776237163783003, 'y_m': 0.07557386189751274, 'heading_rad': -2.919455834565583}
[map] navigate label=bin_docking distance_m=0.831 heading_error_rad=-1.702
[can] backend=detectnet_native no detections
[tag] no detections
[map] motion direction=left speed=0.15 effective_seconds=0.061528921127319336 pose={'x_m': -0.7776237163783003, 'y_m': 0.07557386189751274, 'heading_rad': -2.9300766481148637}
[map] navigate label=bin_docking distance_m=0.831 heading_error_rad=-1.691
[can] backend=detectnet_native no detections
[tag] no detections
[map] motion direction=left speed=0.15 effective_seconds=0.05912661552429199 pose={'x_m': -0.7776237163783003, 'y_m': 0.07557386189751274, 'heading_rad': -2.940282787728202}
[map] navigate label=bin_docking distance_m=0.831 heading_error_rad=-1.681
[can] backend=detectnet_native no detections
[tag] no detections
[map] motion direction=left speed=0.15 effective_seconds=0.0594027042388916 pose={'x_m': -0.7776237163783003, 'y_m': 0.07557386189751274, 'heading_rad': -2.950536584389756}
[map] navigate label=bin_docking distance_m=0.831 heading_error_rad=-1.671
[can] backend=detectnet_native no detections
[tag] no detections
[map] motion direction=left speed=0.15 effective_seconds=0.05840873718261719 pose={'x_m': -0.7776237163783003, 'y_m': 0.07557386189751274, 'heading_rad': -2.96061880744681}
[map] navigate label=bin_docking distance_m=0.831 heading_error_rad=-1.661
[can] backend=detectnet_native no detections
[tag] no detections
[map] motion direction=left speed=0.15 effective_seconds=0.059960365295410156 pose={'x_m': -0.7776237163783003, 'y_m': 0.07557386189751274, 'heading_rad': -2.9709688647610206}
[map] navigate label=bin_docking distance_m=0.831 heading_error_rad=-1.650
[can] backend=detectnet_native no detections
[tag] no detections
[map] motion direction=left speed=0.15 effective_seconds=0.05814862251281738 pose={'x_m': -0.7776237163783003, 'y_m': 0.07557386189751274, 'heading_rad': -2.9810061881292977}
[map] navigate label=bin_docking distance_m=0.831 heading_error_rad=-1.640
[can] backend=detectnet_native no detections
[tag] no detections
[map] motion direction=left speed=0.15 effective_seconds=0.05843520164489746 pose={'x_m': -0.7776237163783003, 'y_m': 0.07557386189751274, 'heading_rad': -2.991092979349004}
[map] navigate label=bin_docking distance_m=0.831 heading_error_rad=-1.630
[can] backend=detectnet_native no detections
[tag] no detections
[map] motion direction=left speed=0.15 effective_seconds=0.059471845626831055 pose={'x_m': -0.7776237163783003, 'y_m': 0.07557386189751274, 'heading_rad': -3.0013587108499213}
[map] navigate label=bin_docking distance_m=0.831 heading_error_rad=-1.620
[can] backend=detectnet_native no detections
[tag] no detections
[map] motion direction=left speed=0.15 effective_seconds=0.05924487113952637 pose={'x_m': -0.7776237163783003, 'y_m': 0.07557386189751274, 'heading_rad': -3.0115852631540325}
[map] navigate label=bin_docking distance_m=0.831 heading_error_rad=-1.610
[can] backend=detectnet_native no detections
[tag] no detections
[map] motion direction=left speed=0.15 effective_seconds=0.060225725173950195 pose={'x_m': -0.7776237163783003, 'y_m': 0.07557386189751274, 'heading_rad': -3.0219811255586264}
[map] navigate label=bin_docking distance_m=0.831 heading_error_rad=-1.599
[can] backend=detectnet_native no detections
[tag] no detections
[map] motion direction=left speed=0.15 effective_seconds=0.05857992172241211 pose={'x_m': -0.7776237163783003, 'y_m': 0.07557386189751274, 'heading_rad': -3.0320928976317587}
[map] navigate label=bin_docking distance_m=0.831 heading_error_rad=-1.589
[can] backend=detectnet_native no detections
[tag] no detections
[map] motion direction=left speed=0.15 effective_seconds=0.057311296463012695 pose={'x_m': -0.7776237163783003, 'y_m': 0.07557386189751274, 'heading_rad': -3.041985685979886}
[map] navigate label=bin_docking distance_m=0.831 heading_error_rad=-1.579
[can] backend=detectnet_native no detections
[tag] no detections
[map] motion direction=left speed=0.15 effective_seconds=0.059748172760009766 pose={'x_m': -0.7776237163783003, 'y_m': 0.07557386189751274, 'heading_rad': -3.0522991156836374}
[map] navigate label=bin_docking distance_m=0.831 heading_error_rad=-1.569
[can] backend=detectnet_native no detections
[tag] no detections
[map] motion direction=left speed=0.15 effective_seconds=0.05987071990966797 pose={'x_m': -0.7776237163783003, 'y_m': 0.07557386189751274, 'heading_rad': -3.0626336988612946}
[map] navigate label=bin_docking distance_m=0.831 heading_error_rad=-1.559
[can] backend=detectnet_native no detections
[tag] no detections
[map] motion direction=left speed=0.15 effective_seconds=0.059209346771240234 pose={'x_m': -0.7776237163783003, 'y_m': 0.07557386189751274, 'heading_rad': -3.0728541191272503}
[map] navigate label=bin_docking distance_m=0.831 heading_error_rad=-1.548
[can] backend=detectnet_native no detections
[tag] no detections
[map] motion direction=left speed=0.15 effective_seconds=0.05999755859375 pose={'x_m': -0.7776237163783003, 'y_m': 0.07557386189751274, 'heading_rad': -3.083210596561946}
[map] navigate label=bin_docking distance_m=0.831 heading_error_rad=-1.538
[can] backend=detectnet_native no detections
[tag] no detections
[map] motion direction=left speed=0.15 effective_seconds=0.06117749214172363 pose={'x_m': -0.7776237163783003, 'y_m': 0.07557386189751274, 'heading_rad': -3.093770748203567}
[map] navigate label=bin_docking distance_m=0.831 heading_error_rad=-1.528
[can] backend=detectnet_native no detections
[tag] no detections
[map] motion direction=left speed=0.15 effective_seconds=0.06595563888549805 pose={'x_m': -0.7776237163783003, 'y_m': 0.07557386189751274, 'heading_rad': -3.1051556795544193}
[map] navigate label=bin_docking distance_m=0.831 heading_error_rad=-1.516
[can] backend=detectnet_native no detections
[tag] no detections
[map] motion direction=left speed=0.15 effective_seconds=0.05774354934692383 pose={'x_m': -0.7776237163783003, 'y_m': 0.07557386189751274, 'heading_rad': -3.115123081225876}
[map] navigate label=bin_docking distance_m=0.831 heading_error_rad=-1.506
[can] backend=detectnet_native no detections
[tag] no detections
[map] motion direction=left speed=0.15 effective_seconds=0.06279921531677246 pose={'x_m': -0.7776237163783003, 'y_m': 0.07557386189751274, 'heading_rad': -3.1259631665824905}
[map] navigate label=bin_docking distance_m=0.831 heading_error_rad=-1.495
[can] backend=detectnet_native no detections
[tag] no detections
[map] motion direction=left speed=0.15 effective_seconds=0.0609738826751709 pose={'x_m': -0.7776237163783003, 'y_m': 0.07557386189751274, 'heading_rad': -3.136488172179918}
[map] navigate label=bin_docking distance_m=0.831 heading_error_rad=-1.485
[can] backend=detectnet_native no detections
[tag] no detections
[map] motion direction=left speed=0.15 effective_seconds=0.06017804145812988 pose={'x_m': -0.7776237163783003, 'y_m': 0.07557386189751274, 'heading_rad': 3.136309503518773}
[map] navigate label=bin_docking distance_m=0.831 heading_error_rad=-1.474
[can] backend=detectnet_native detections=1 best_confidence=0.234
[depth] map_can_0_depth mean=4.142 min=3.788 max=4.412
[map] can rejected reason=upper_frame center_y_norm=0.387
[tag] no detections
[map] motion direction=left speed=0.15 effective_seconds=0.0859980583190918 pose={'x_m': -0.7776237163783003, 'y_m': 0.07557386189751274, 'heading_rad': 3.1214649503188685}
[map] navigate label=bin_docking distance_m=0.831 heading_error_rad=-1.460
[can] backend=detectnet_native no detections
[tag] no detections
[map] motion direction=left speed=0.15 effective_seconds=0.061800241470336914 pose={'x_m': -0.7776237163783003, 'y_m': 0.07557386189751274, 'heading_rad': 3.110797302813742}
[map] navigate label=bin_docking distance_m=0.831 heading_error_rad=-1.449
[can] backend=detectnet_native no detections
[tag] no detections
[map] motion direction=left speed=0.15 effective_seconds=0.06065797805786133 pose={'x_m': -0.7776237163783003, 'y_m': 0.07557386189751274, 'heading_rad': 3.1003268270858193}
[map] navigate label=bin_docking distance_m=0.831 heading_error_rad=-1.438
[can] backend=detectnet_native detections=1 best_confidence=0.285
[depth] map_can_0_depth mean=4.552 min=4.087 max=4.851
[map] can rejected reason=out_of_bounds position={'x_m': 1.3495595392276485, 'y_m': -3.94908508097702}
[tag] no detections
[map] motion direction=left speed=0.15 effective_seconds=0.08782196044921875 pose={'x_m': -0.7776237163783003, 'y_m': 0.07557386189751274, 'heading_rad': 3.0851674410544376}
[map] navigate label=bin_docking distance_m=0.831 heading_error_rad=-1.423
[can] backend=detectnet_native no detections
[tag] no detections
[map] motion direction=left speed=0.15 effective_seconds=0.061089277267456055 pose={'x_m': -0.7776237163783003, 'y_m': 0.07557386189751274, 'heading_rad': 3.074622516621659}
[map] navigate label=bin_docking distance_m=0.831 heading_error_rad=-1.413
[can] backend=detectnet_native no detections
[tag] no detections
[map] motion direction=left speed=0.15 effective_seconds=0.0589449405670166 pose={'x_m': -0.7776237163783003, 'y_m': 0.07557386189751274, 'heading_rad': 3.0644477368276135}
[map] navigate label=bin_docking distance_m=0.831 heading_error_rad=-1.403
[can] backend=detectnet_native no detections
[tag] no detections
[map] motion direction=left speed=0.15 effective_seconds=0.06204628944396973 pose={'x_m': -0.7776237163783003, 'y_m': 0.07557386189751274, 'heading_rad': 3.0537376177562017}
[map] navigate label=bin_docking distance_m=0.831 heading_error_rad=-1.392
[can] backend=detectnet_native detections=1 best_confidence=0.308
[depth] map_can_0_depth mean=4.724 min=4.072 max=5.036
[map] can rejected reason=out_of_bounds position={'x_m': 1.6264772438809785, 'y_m': -3.9914953324129003}
[tag] no detections
[map] motion direction=left speed=0.15 effective_seconds=0.08534598350524902 pose={'x_m': -0.7776237163783003, 'y_m': 0.07557386189751274, 'heading_rad': 3.0390056224378768}
[map] navigate label=bin_docking distance_m=0.831 heading_error_rad=-1.377
[can] backend=detectnet_native detections=1 best_confidence=0.208
[depth] map_can_0_depth mean=4.662 min=4.051 max=5.001
[map] can rejected reason=out_of_bounds position={'x_m': 1.6679536785370108, 'y_m': -3.8940388835046735}
[tag] no detections
[map] motion direction=left speed=0.15 effective_seconds=0.08656644821166992 pose={'x_m': -0.7776237163783003, 'y_m': 0.07557386189751274, 'heading_rad': 3.0240629566274837}
[map] navigate label=bin_docking distance_m=0.831 heading_error_rad=-1.362
[can] backend=detectnet_native no detections
[tag] no detections
[map] motion direction=left speed=0.15 effective_seconds=0.060111284255981445 pose={'x_m': -0.7776237163783003, 'y_m': 0.07557386189751274, 'heading_rad': 3.0136868484397663}
[map] navigate label=bin_docking distance_m=0.831 heading_error_rad=-1.352
[can] backend=detectnet_native no detections
[tag] no detections
[map] motion direction=left speed=0.15 effective_seconds=0.06306314468383789 pose={'x_m': -0.7776237163783003, 'y_m': 0.07557386189751274, 'heading_rad': 3.0028012049204786}
[map] navigate label=bin_docking distance_m=0.831 heading_error_rad=-1.341
[can] backend=detectnet_native no detections
[tag] no detections
[map] motion direction=left speed=0.15 effective_seconds=0.059630632400512695 pose={'x_m': -0.7776237163783003, 'y_m': 0.07557386189751274, 'heading_rad': 2.992508064443644}
[map] navigate label=bin_docking distance_m=0.831 heading_error_rad=-1.331
[can] backend=detectnet_native no detections
[tag] no detections
[map] motion direction=left speed=0.15 effective_seconds=0.062306880950927734 pose={'x_m': -0.7776237163783003, 'y_m': 0.07557386189751274, 'heading_rad': 2.981752963374219}
[map] navigate label=bin_docking distance_m=0.831 heading_error_rad=-1.320
[can] backend=detectnet_native detections=1 best_confidence=0.354
[depth] map_can_0_depth mean=3.093 min=2.801 max=4.153
[map] can rejected reason=upper_frame center_y_norm=0.434
[tag] no detections
[map] motion direction=left speed=0.15 effective_seconds=0.08637785911560059 pose={'x_m': -0.7776237163783003, 'y_m': 0.07557386189751274, 'heading_rad': 2.966842850867054}
[map] navigate label=bin_docking distance_m=0.831 heading_error_rad=-1.305
[can] backend=detectnet_native no detections
[tag] no detections
[map] motion direction=left speed=0.15 effective_seconds=0.06239509582519531 pose={'x_m': -0.7776237163783003, 'y_m': 0.07557386189751274, 'heading_rad': 2.9560725225887854}
[map] navigate label=bin_docking distance_m=0.831 heading_error_rad=-1.294
[can] backend=detectnet_native no detections
[tag] no detections
[map] motion direction=left speed=0.15 effective_seconds=0.06287312507629395 pose={'x_m': -0.7776237163783003, 'y_m': 0.07557386189751274, 'heading_rad': 2.945219679300438}
[map] navigate label=bin_docking distance_m=0.831 heading_error_rad=-1.283
[can] backend=detectnet_native no detections
[tag] no detections
[map] motion direction=left speed=0.15 effective_seconds=0.06307482719421387 pose={'x_m': -0.7776237163783003, 'y_m': 0.07557386189751274, 'heading_rad': 2.9343320192048443}
[map] navigate label=bin_docking distance_m=0.831 heading_error_rad=-1.272
[can] backend=detectnet_native no detections
[tag] no detections
[map] motion direction=left speed=0.15 effective_seconds=0.0645911693572998 pose={'x_m': -0.7776237163783003, 'y_m': 0.07557386189751274, 'heading_rad': 2.923182615735631}
[map] navigate label=bin_docking distance_m=0.831 heading_error_rad=-1.261
[can] backend=detectnet_native no detections
[tag] no detections
[map] motion direction=left speed=0.15 effective_seconds=0.06059598922729492 pose={'x_m': -0.7776237163783003, 'y_m': 0.07557386189751274, 'heading_rad': 2.9127228402085166}
[map] navigate label=bin_docking distance_m=0.831 heading_error_rad=-1.251
[can] backend=detectnet_native no detections
[tag] no detections
[map] motion direction=left speed=0.15 effective_seconds=0.06330156326293945 pose={'x_m': -0.7776237163783003, 'y_m': 0.07557386189751274, 'heading_rad': 2.9017960420707354}
[map] navigate label=bin_docking distance_m=0.831 heading_error_rad=-1.240
[can] backend=detectnet_native no detections
[tag] no detections
[map] motion direction=left speed=0.15 effective_seconds=0.06095767021179199 pose={'x_m': -0.7776237163783003, 'y_m': 0.07557386189751274, 'heading_rad': 2.8912738349873663}
[map] navigate label=bin_docking distance_m=0.831 heading_error_rad=-1.229
[can] backend=detectnet_native detections=1 best_confidence=0.216
[depth] map_can_0_depth mean=4.102 min=3.690 max=4.396
[map] can rejected reason=upper_frame center_y_norm=0.419
[tag] no detections
[map] motion direction=left speed=0.15 effective_seconds=0.08801674842834473 pose={'x_m': -0.7776237163783003, 'y_m': 0.07557386189751274, 'heading_rad': 2.876080825632676}
[map] navigate label=bin_docking distance_m=0.831 heading_error_rad=-1.214
[can] backend=detectnet_native no detections
[tag] no detections
[map] motion direction=left speed=0.15 effective_seconds=0.06345367431640625 pose={'x_m': -0.7776237163783003, 'y_m': 0.07557386189751274, 'heading_rad': 2.8651277708482965}
[map] navigate label=bin_docking distance_m=0.831 heading_error_rad=-1.203
[can] backend=detectnet_native detections=1 best_confidence=0.273
[depth] map_can_0_depth mean=5.246 min=4.810 max=6.093
[map] can rejected reason=upper_frame center_y_norm=0.434
[tag] no detections
[map] motion direction=left speed=0.15 effective_seconds=0.08578801155090332 pose={'x_m': -0.7776237163783003, 'y_m': 0.07557386189751274, 'heading_rad': 2.850319474867285}
[map] navigate label=bin_docking distance_m=0.831 heading_error_rad=-1.188
[can] backend=detectnet_native no detections
[tag] no detections
[map] motion direction=left speed=0.15 effective_seconds=0.06001114845275879 pose={'x_m': -0.7776237163783003, 'y_m': 0.07557386189751274, 'heading_rad': 2.839960651619335}
[map] navigate label=bin_docking distance_m=0.831 heading_error_rad=-1.178
[can] backend=detectnet_native no detections
[tag] no detections
[map] motion direction=left speed=0.15 effective_seconds=0.06687116622924805 pose={'x_m': -0.7776237163783003, 'y_m': 0.07557386189751274, 'heading_rad': 2.8284176865334665}
[map] navigate label=bin_docking distance_m=0.831 heading_error_rad=-1.167
[can] backend=detectnet_native no detections
[tag] no detections
[map] motion direction=left speed=0.15 effective_seconds=0.06462812423706055 pose={'x_m': -0.7776237163783003, 'y_m': 0.07557386189751274, 'heading_rad': 2.8172619040983866}
[map] navigate label=bin_docking distance_m=0.831 heading_error_rad=-1.155
[can] backend=detectnet_native no detections
[tag] no detections
[map] motion direction=left speed=0.15 effective_seconds=0.06125283241271973 pose={'x_m': -0.7776237163783003, 'y_m': 0.07557386189751274, 'heading_rad': 2.806688747597322}
[map] navigate label=bin_docking distance_m=0.831 heading_error_rad=-1.145
[can] backend=detectnet_native no detections
[tag] no detections
[map] motion direction=left speed=0.15 effective_seconds=0.062392473220825195 pose={'x_m': -0.7776237163783003, 'y_m': 0.07557386189751274, 'heading_rad': 2.7959188720198576}
[map] navigate label=bin_docking distance_m=0.831 heading_error_rad=-1.134
[can] backend=detectnet_native no detections
[tag] no detections
[map] motion direction=left speed=0.15 effective_seconds=0.06304049491882324 pose={'x_m': -0.7776237163783003, 'y_m': 0.07557386189751274, 'heading_rad': 2.7850371381893275}
[map] navigate label=bin_docking distance_m=0.831 heading_error_rad=-1.123
[can] backend=detectnet_native no detections
[tag] no detections
[map] motion direction=left speed=0.15 effective_seconds=0.06064963340759277 pose={'x_m': -0.7776237163783003, 'y_m': 0.07557386189751274, 'heading_rad': 2.774568102873052}
[map] navigate label=bin_docking distance_m=0.831 heading_error_rad=-1.113
[can] backend=detectnet_native detections=1 best_confidence=0.264
[depth] map_can_0_depth mean=4.946 min=4.570 max=5.490
[map] can rejected reason=upper_frame center_y_norm=0.436
[tag] no detections
[map] motion direction=left speed=0.15 effective_seconds=0.08900594711303711 pose={'x_m': -0.7776237163783003, 'y_m': 0.07557386189751274, 'heading_rad': 2.759204343006231}
[map] navigate label=bin_docking distance_m=0.831 heading_error_rad=-1.097
[can] backend=detectnet_native no detections
[tag] no detections
[map] motion direction=left speed=0.15 effective_seconds=0.06373119354248047 pose={'x_m': -0.7776237163783003, 'y_m': 0.07557386189751274, 'heading_rad': 2.748203384245924}
[map] navigate label=bin_docking distance_m=0.831 heading_error_rad=-1.086
[can] backend=detectnet_native no detections
[tag] no detections
[map] motion direction=left speed=0.15 effective_seconds=0.06372451782226562 pose={'x_m': -0.7776237163783003, 'y_m': 0.07557386189751274, 'heading_rad': 2.7372035778149355}
[map] navigate label=bin_docking distance_m=0.831 heading_error_rad=-1.075
[can] backend=detectnet_native no detections
[tag] no detections
[map] motion direction=left speed=0.15 effective_seconds=0.0632023811340332 pose={'x_m': -0.7776237163783003, 'y_m': 0.07557386189751274, 'heading_rad': 2.7262938999984474}
[map] navigate label=bin_docking distance_m=0.831 heading_error_rad=-1.064
[can] backend=detectnet_native no detections
[tag] no detections
[map] motion direction=left speed=0.15 effective_seconds=0.0603790283203125 pose={'x_m': -0.7776237163783003, 'y_m': 0.07557386189751274, 'heading_rad': 2.7158715751741624}
[map] navigate label=bin_docking distance_m=0.831 heading_error_rad=-1.054
[can] backend=detectnet_native no detections
[tag] no detections
[map] motion direction=left speed=0.15 effective_seconds=0.06251883506774902 pose={'x_m': -0.7776237163783003, 'y_m': 0.07557386189751274, 'heading_rad': 2.705079887648896}
[map] navigate label=bin_docking distance_m=0.831 heading_error_rad=-1.043
[can] backend=detectnet_native no detections
[tag] no detections
[map] motion direction=left speed=0.15 effective_seconds=0.06301021575927734 pose={'x_m': -0.7776237163783003, 'y_m': 0.07557386189751274, 'heading_rad': 2.6942033804549146}
[map] navigate label=bin_docking distance_m=0.831 heading_error_rad=-1.032
[can] backend=detectnet_native detections=1 best_confidence=0.236
[depth] map_can_0_depth mean=5.104 min=4.797 max=5.446
[map] can rejected reason=upper_frame center_y_norm=0.438
[tag] no detections
[map] motion direction=left speed=0.15 effective_seconds=0.08642983436584473 pose={'x_m': -0.7776237163783003, 'y_m': 0.07557386189751274, 'heading_rad': 2.679284296240918}
[map] navigate label=bin_docking distance_m=0.831 heading_error_rad=-1.017
[can] backend=detectnet_native no detections
[tag] no detections
[map] motion direction=left speed=0.15 effective_seconds=0.06287336349487305 pose={'x_m': -0.7776237163783003, 'y_m': 0.07557386189751274, 'heading_rad': 2.668431411797952}
[map] navigate label=bin_docking distance_m=0.831 heading_error_rad=-1.007
[can] backend=detectnet_native no detections
[tag] no detections
[map] motion direction=left speed=0.15 effective_seconds=0.06337308883666992 pose={'x_m': -0.7776237163783003, 'y_m': 0.07557386189751274, 'heading_rad': 2.6574922672746233}
[map] navigate label=bin_docking distance_m=0.831 heading_error_rad=-0.996
[can] backend=detectnet_native no detections
[tag] no detections
[map] motion direction=left speed=0.15 effective_seconds=0.06283140182495117 pose={'x_m': -0.7776237163783003, 'y_m': 0.07557386189751274, 'heading_rad': 2.646646626044512}
[map] navigate label=bin_docking distance_m=0.831 heading_error_rad=-0.985
[can] backend=detectnet_native no detections
[tag] no detections
[map] motion direction=left speed=0.15 effective_seconds=0.06369352340698242 pose={'x_m': -0.7776237163783003, 'y_m': 0.07557386189751274, 'heading_rad': 2.635652169713927}
[map] navigate label=bin_docking distance_m=0.831 heading_error_rad=-0.974
[can] backend=detectnet_native detections=1 best_confidence=0.272
[depth] map_can_0_depth mean=5.060 min=4.849 max=5.360
[map] can rejected reason=upper_frame center_y_norm=0.411
[tag] no detections
[map] motion direction=left speed=0.15 effective_seconds=0.0861959457397461 pose={'x_m': -0.7776237163783003, 'y_m': 0.07557386189751274, 'heading_rad': 2.620773458180672}
[map] navigate label=bin_docking distance_m=0.831 heading_error_rad=-0.959
[can] backend=detectnet_native no detections
[tag] no detections
[map] motion direction=left speed=0.15 effective_seconds=0.06095743179321289 pose={'x_m': -0.7776237163783003, 'y_m': 0.07557386189751274, 'heading_rad': 2.6102512922519203}
[map] navigate label=bin_docking distance_m=0.831 heading_error_rad=-0.948
[can] backend=detectnet_native no detections
[tag] no detections
[map] motion direction=left speed=0.15 effective_seconds=0.060909271240234375 pose={'x_m': -0.7776237163783003, 'y_m': 0.07557386189751274, 'heading_rad': 2.5997374395561046}
[map] navigate label=bin_docking distance_m=0.831 heading_error_rad=-0.938
[can] backend=detectnet_native no detections
[tag] no detections
[map] motion direction=left speed=0.15 effective_seconds=0.06395530700683594 pose={'x_m': -0.7776237163783003, 'y_m': 0.07557386189751274, 'heading_rad': 2.588697795454414}
[map] navigate label=bin_docking distance_m=0.831 heading_error_rad=-0.927
[can] backend=detectnet_native no detections
[tag] no detections
[map] motion direction=left speed=0.15 effective_seconds=0.06155586242675781 pose={'x_m': -0.7776237163783003, 'y_m': 0.07557386189751274, 'heading_rad': 2.578072331433244}
[map] navigate label=bin_docking distance_m=0.831 heading_error_rad=-0.916
[can] backend=detectnet_native no detections
[tag] no detections
[map] motion direction=left speed=0.15 effective_seconds=0.0628502368927002 pose={'x_m': -0.7776237163783003, 'y_m': 0.07557386189751274, 'heading_rad': 2.5672234389882718}
[map] navigate label=bin_docking distance_m=0.831 heading_error_rad=-0.905
[can] backend=detectnet_native detections=1 best_confidence=0.242
[depth] map_can_0_depth mean=4.840 min=4.508 max=5.223
[map] can rejected reason=upper_frame center_y_norm=0.398
[tag] no detections
[map] motion direction=left speed=0.15 effective_seconds=0.0890967845916748 pose={'x_m': -0.7776237163783003, 'y_m': 0.07557386189751274, 'heading_rad': 2.5518439992118047}
[map] navigate label=bin_docking distance_m=0.831 heading_error_rad=-0.890
[can] backend=detectnet_native no detections
[tag] no detections
[map] motion direction=left speed=0.15 effective_seconds=0.061624765396118164 pose={'x_m': -0.7776237163783003, 'y_m': 0.07557386189751274, 'heading_rad': 2.541206641505889}
[map] navigate label=bin_docking distance_m=0.831 heading_error_rad=-0.879
[can] backend=detectnet_native no detections
[tag] no detections
[map] motion direction=left speed=0.15 effective_seconds=0.06300687789916992 pose={'x_m': -0.7776237163783003, 'y_m': 0.07557386189751274, 'heading_rad': 2.5303307104765658}
[map] navigate label=bin_docking distance_m=0.831 heading_error_rad=-0.868
[can] backend=detectnet_native detections=1 best_confidence=0.241
[depth] map_can_0_depth mean=4.984 min=4.769 max=5.356
[map] can rejected reason=upper_frame center_y_norm=0.421
[tag] no detections
[map] motion direction=left speed=0.15 effective_seconds=0.08923530578613281 pose={'x_m': -0.7776237163783003, 'y_m': 0.07557386189751274, 'heading_rad': 2.5149273598667543}
[map] navigate label=bin_docking distance_m=0.831 heading_error_rad=-0.853
[can] backend=detectnet_native detections=1 best_confidence=0.329
[depth] map_can_0_depth mean=4.802 min=4.481 max=5.237
[map] can rejected reason=upper_frame center_y_norm=0.415
[tag] no detections
[map] motion direction=left speed=0.15 effective_seconds=0.08550071716308594 pose={'x_m': -0.7776237163783003, 'y_m': 0.07557386189751274, 'heading_rad': 2.500168655201028}
[map] navigate label=bin_docking distance_m=0.831 heading_error_rad=-0.838
[can] backend=detectnet_native no detections
[tag] no detections
[map] motion direction=left speed=0.15 effective_seconds=0.05842256546020508 pose={'x_m': -0.7776237163783003, 'y_m': 0.07557386189751274, 'heading_rad': 2.4900840451761015}
[map] navigate label=bin_docking distance_m=0.831 heading_error_rad=-0.828
[can] backend=detectnet_native detections=1 best_confidence=0.275
[depth] map_can_0_depth mean=4.742 min=4.430 max=5.212
[map] can rejected reason=upper_frame center_y_norm=0.401
[tag] no detections
[map] motion direction=left speed=0.15 effective_seconds=0.08715486526489258 pose={'x_m': -0.7776237163783003, 'y_m': 0.07557386189751274, 'heading_rad': 2.4750398097672655}
[map] navigate label=bin_docking distance_m=0.831 heading_error_rad=-0.813
[can] backend=detectnet_native detections=1 best_confidence=0.287
[depth] map_can_0_depth mean=4.943 min=4.615 max=5.199
[map] can rejected reason=upper_frame center_y_norm=0.402
[tag] no detections
[map] motion direction=left speed=0.15 effective_seconds=0.08661580085754395 pose={'x_m': -0.7776237163783003, 'y_m': 0.07557386189751274, 'heading_rad': 2.460088624950844}
[map] navigate label=bin_docking distance_m=0.831 heading_error_rad=-0.798
[can] backend=detectnet_native detections=1 best_confidence=0.369
[depth] map_can_0_depth mean=4.835 min=4.490 max=5.126
[map] can rejected reason=upper_frame center_y_norm=0.410
[tag] no detections
[map] motion direction=left speed=0.15 effective_seconds=0.08549928665161133 pose={'x_m': -0.7776237163783003, 'y_m': 0.07557386189751274, 'heading_rad': 2.445330167212828}
[map] navigate label=bin_docking distance_m=0.831 heading_error_rad=-0.783
[can] backend=detectnet_native detections=1 best_confidence=0.606
[depth] map_can_0_depth mean=4.872 min=4.666 max=5.174
[map] can rejected reason=upper_frame center_y_norm=0.400
[tag] no detections
[map] motion direction=left speed=0.15 effective_seconds=0.08821702003479004 pose={'x_m': -0.7776237163783003, 'y_m': 0.07557386189751274, 'heading_rad': 2.4301025879786025}
[map] navigate label=bin_docking distance_m=0.831 heading_error_rad=-0.768
[can] backend=detectnet_native detections=1 best_confidence=0.408
[depth] map_can_0_depth mean=4.789 min=4.622 max=5.230
[map] can rejected reason=upper_frame center_y_norm=0.407
[tag] no detections
[map] motion direction=left speed=0.15 effective_seconds=0.0848534107208252 pose={'x_m': -0.7776237163783003, 'y_m': 0.07557386189751274, 'heading_rad': 2.4154556181020865}
[map] navigate label=bin_docking distance_m=0.831 heading_error_rad=-0.754
[can] backend=detectnet_native detections=1 best_confidence=0.509
[depth] map_can_0_depth mean=4.938 min=4.436 max=5.437
[map] can rejected reason=upper_frame center_y_norm=0.413
[tag] no detections
[map] motion direction=left speed=0.15 effective_seconds=0.08758354187011719 pose={'x_m': -0.7776237163783003, 'y_m': 0.07557386189751274, 'heading_rad': 2.4003373866891984}
[map] navigate label=bin_docking distance_m=0.831 heading_error_rad=-0.738
[can] backend=detectnet_native detections=1 best_confidence=0.298
[depth] map_can_0_depth mean=4.803 min=4.588 max=5.060
[map] can rejected reason=upper_frame center_y_norm=0.410
[tag] no detections
[map] motion direction=left speed=0.15 effective_seconds=0.08430075645446777 pose={'x_m': -0.7776237163783003, 'y_m': 0.07557386189751274, 'heading_rad': 2.38578581321835}
[map] navigate label=bin_docking distance_m=0.831 heading_error_rad=-0.724
[can] backend=detectnet_native detections=1 best_confidence=0.225
[depth] map_can_0_depth mean=5.083 min=4.727 max=5.366
[map] can rejected reason=upper_frame center_y_norm=0.403
[tag] no detections
[map] motion direction=left speed=0.15 effective_seconds=0.09026575088500977 pose={'x_m': -0.7776237163783003, 'y_m': 0.07557386189751274, 'heading_rad': 2.3702045923474087}
[map] navigate label=bin_docking distance_m=0.831 heading_error_rad=-0.708
[can] backend=detectnet_native detections=1 best_confidence=0.578
[depth] map_can_0_depth mean=4.761 min=4.523 max=5.001
[map] can rejected reason=upper_frame center_y_norm=0.422
[tag] no detections
[map] motion direction=left speed=0.15 effective_seconds=0.08609485626220703 pose={'x_m': -0.7776237163783003, 'y_m': 0.07557386189751274, 'heading_rad': 2.3553433303723956}
[map] navigate label=bin_docking distance_m=0.831 heading_error_rad=-0.693
[can] backend=detectnet_native detections=1 best_confidence=0.782
[depth] map_can_0_depth mean=4.869 min=4.547 max=5.227
[map] can rejected reason=upper_frame center_y_norm=0.411
[tag] no detections
[map] motion direction=left speed=0.15 effective_seconds=0.08865475654602051 pose={'x_m': -0.7776237163783003, 'y_m': 0.07557386189751274, 'heading_rad': 2.340040191258616}
[map] navigate label=bin_docking distance_m=0.831 heading_error_rad=-0.678
[can] backend=detectnet_native detections=1 best_confidence=0.459
[depth] map_can_0_depth mean=4.759 min=4.545 max=5.222
[map] can rejected reason=upper_frame center_y_norm=0.415
[tag] no detections
[map] motion direction=left speed=0.15 effective_seconds=0.08697032928466797 pose={'x_m': -0.7776237163783003, 'y_m': 0.07557386189751274, 'heading_rad': 2.325027809524494}
[map] navigate label=bin_docking distance_m=0.831 heading_error_rad=-0.663
[can] backend=detectnet_native detections=1 best_confidence=0.363
[depth] map_can_0_depth mean=4.801 min=4.528 max=5.279
[map] can rejected reason=upper_frame center_y_norm=0.413
[tag] no detections
[map] motion direction=left speed=0.15 effective_seconds=0.08772015571594238 pose={'x_m': -0.7776237163783003, 'y_m': 0.07557386189751274, 'heading_rad': 2.3098859965152094}
[map] navigate label=bin_docking distance_m=0.831 heading_error_rad=-0.648
[can] backend=detectnet_native detections=1 best_confidence=0.266
[depth] map_can_0_depth mean=4.746 min=4.592 max=4.914
[map] can rejected reason=upper_frame center_y_norm=0.404
[tag] no detections
[map] motion direction=left speed=0.15 effective_seconds=0.09273648262023926 pose={'x_m': -0.7776237163783003, 'y_m': 0.07557386189751274, 'heading_rad': 2.2938782903328185}
[map] navigate label=bin_docking distance_m=0.831 heading_error_rad=-0.632
[can] backend=detectnet_native detections=1 best_confidence=0.649
[depth] map_can_0_depth mean=4.878 min=4.614 max=5.240
[map] can rejected reason=upper_frame center_y_norm=0.414
[tag] no detections
[map] motion direction=left speed=0.15 effective_seconds=0.08799290657043457 pose={'x_m': -0.7776237163783003, 'y_m': 0.07557386189751274, 'heading_rad': 2.2786893964399777}
[map] navigate label=bin_docking distance_m=0.831 heading_error_rad=-0.617
[can] backend=detectnet_native detections=1 best_confidence=0.634
[depth] map_can_0_depth mean=4.749 min=4.106 max=5.152
[map] can rejected reason=upper_frame center_y_norm=0.416
[tag] no detections
[map] motion direction=left speed=0.15 effective_seconds=0.0864403247833252 pose={'x_m': -0.7776237163783003, 'y_m': 0.07557386189751274, 'heading_rad': 2.263768501422767}
[map] navigate label=bin_docking distance_m=0.831 heading_error_rad=-0.602
[can] backend=detectnet_native detections=1 best_confidence=0.520
[depth] map_can_0_depth mean=4.693 min=4.141 max=5.179
[map] can rejected reason=upper_frame center_y_norm=0.412
[tag] no detections
[map] motion direction=left speed=0.15 effective_seconds=0.09332823753356934 pose={'x_m': -0.7776237163783003, 'y_m': 0.07557386189751274, 'heading_rad': 2.247658649477275}
[map] navigate label=bin_docking distance_m=0.831 heading_error_rad=-0.586
[can] backend=detectnet_native detections=1 best_confidence=0.319
[depth] map_can_0_depth mean=4.692 min=4.011 max=5.230
[map] can rejected reason=upper_frame center_y_norm=0.417
[tag] no detections
[map] motion direction=left speed=0.15 effective_seconds=0.09031248092651367 pose={'x_m': -0.7776237163783003, 'y_m': 0.07557386189751274, 'heading_rad': 2.232069362301109}
[map] navigate label=bin_docking distance_m=0.831 heading_error_rad=-0.570
[can] backend=detectnet_native detections=1 best_confidence=0.274
[depth] map_can_0_depth mean=4.920 min=4.506 max=5.201
[map] can rejected reason=upper_frame center_y_norm=0.411
[tag] no detections
[map] motion direction=left speed=0.15 effective_seconds=0.08764338493347168 pose={'x_m': -0.7776237163783003, 'y_m': 0.07557386189751274, 'heading_rad': 2.21694080107898}
[map] navigate label=bin_docking distance_m=0.831 heading_error_rad=-0.555
[can] backend=detectnet_native detections=1 best_confidence=0.737
[depth] map_can_0_depth mean=4.795 min=4.493 max=5.115
[map] can rejected reason=upper_frame center_y_norm=0.415
[tag] no detections
[map] motion direction=left speed=0.15 effective_seconds=0.09108710289001465 pose={'x_m': -0.7776237163783003, 'y_m': 0.07557386189751274, 'heading_rad': 2.201217802547328}
[map] navigate label=bin_docking distance_m=0.831 heading_error_rad=-0.539
[can] backend=detectnet_native detections=1 best_confidence=0.740
[depth] map_can_0_depth mean=4.622 min=4.361 max=4.880
[map] can rejected reason=upper_frame center_y_norm=0.414
[tag] no detections
[map] motion direction=left speed=0.15 effective_seconds=0.08939385414123535 pose={'x_m': -0.7776237163783003, 'y_m': 0.07557386189751274, 'heading_rad': 2.1857870841162175}
[map] navigate label=bin_docking distance_m=0.831 heading_error_rad=-0.524
[can] backend=detectnet_native detections=1 best_confidence=0.677
[depth] map_can_0_depth mean=4.695 min=4.336 max=4.982
[map] can rejected reason=upper_frame center_y_norm=0.414
[tag] no detections
[map] motion direction=left speed=0.15 effective_seconds=0.08810138702392578 pose={'x_m': -0.7776237163783003, 'y_m': 0.07557386189751274, 'heading_rad': 2.1705794648719614}
[map] navigate label=bin_docking distance_m=0.831 heading_error_rad=-0.509
[can] backend=detectnet_native detections=1 best_confidence=0.459
[depth] map_can_0_depth mean=4.507 min=3.318 max=5.301
[map] can rejected reason=upper_frame center_y_norm=0.408
[tag] no detections
[map] motion direction=left speed=0.15 effective_seconds=0.0882103443145752 pose={'x_m': -0.7776237163783003, 'y_m': 0.07557386189751274, 'heading_rad': 2.1553530379670542}
[map] navigate label=bin_docking distance_m=0.831 heading_error_rad=-0.493
[can] backend=detectnet_native no detections
[tag] no detections
[map] motion direction=left speed=0.15 effective_seconds=0.06217002868652344 pose={'x_m': -0.7776237163783003, 'y_m': 0.07557386189751274, 'heading_rad': 2.1446215596486446}
[map] navigate label=bin_docking distance_m=0.831 heading_error_rad=-0.483
[can] backend=detectnet_native no detections
[tag] no detections
[map] motion direction=left speed=0.15 effective_seconds=0.06290698051452637 pose={'x_m': -0.7776237163783003, 'y_m': 0.07557386189751274, 'heading_rad': 2.1337628724044713}
[map] navigate label=bin_docking distance_m=0.831 heading_error_rad=-0.472
[can] backend=detectnet_native detections=1 best_confidence=0.529
[depth] map_can_0_depth mean=4.725 min=3.899 max=5.100
[map] can rejected reason=upper_frame center_y_norm=0.397
[tag] no detections
[map] motion direction=left speed=0.15 effective_seconds=0.08996415138244629 pose={'x_m': -0.7776237163783003, 'y_m': 0.07557386189751274, 'heading_rad': 2.1182337121259245}
[map] navigate label=bin_docking distance_m=0.831 heading_error_rad=-0.456
[can] backend=detectnet_native detections=1 best_confidence=0.539
[depth] map_can_0_depth mean=4.457 min=3.337 max=4.874
[map] can rejected reason=upper_frame center_y_norm=0.405
[tag] no detections
[map] motion direction=left speed=0.15 effective_seconds=0.0859520435333252 pose={'x_m': -0.7776237163783003, 'y_m': 0.07557386189751274, 'heading_rad': 2.1033971017673894}
[map] navigate label=bin_docking distance_m=0.831 heading_error_rad=-0.442
[can] backend=detectnet_native detections=1 best_confidence=0.616
[depth] map_can_0_depth mean=4.804 min=4.111 max=5.221
[map] can rejected reason=upper_frame center_y_norm=0.427
[tag] no detections
[map] motion direction=left speed=0.15 effective_seconds=0.08923697471618652 pose={'x_m': -0.7776237163783003, 'y_m': 0.07557386189751274, 'heading_rad': 2.0879934630752484}
[map] navigate label=bin_docking distance_m=0.831 heading_error_rad=-0.426
[can] backend=detectnet_native detections=1 best_confidence=0.286
[depth] map_can_0_depth mean=4.845 min=4.253 max=5.221
[map] can rejected reason=upper_frame center_y_norm=0.421
[tag] no detections
[map] motion direction=left speed=0.15 effective_seconds=0.0883321762084961 pose={'x_m': -0.7776237163783003, 'y_m': 0.07557386189751274, 'heading_rad': 2.0727460061602905}
[map] navigate label=bin_docking distance_m=0.831 heading_error_rad=-0.411
[can] backend=detectnet_native detections=1 best_confidence=0.224
[depth] map_can_0_depth mean=4.818 min=4.239 max=5.249
[map] can rejected reason=upper_frame center_y_norm=0.416
[tag] no detections
[map] motion direction=left speed=0.15 effective_seconds=0.0898897647857666 pose={'x_m': -0.7776237163783003, 'y_m': 0.07557386189751274, 'heading_rad': 2.0572296861227137}
[map] navigate label=bin_docking distance_m=0.831 heading_error_rad=-0.395
[can] backend=detectnet_native detections=1 best_confidence=0.250
[depth] map_can_0_depth mean=4.991 min=4.333 max=5.429
[map] can rejected reason=upper_frame center_y_norm=0.421
[tag] no detections
[map] motion direction=left speed=0.15 effective_seconds=0.08905363082885742 pose={'x_m': -0.7776237163783003, 'y_m': 0.07557386189751274, 'heading_rad': 2.041857695332194}
[map] navigate label=bin_docking distance_m=0.831 heading_error_rad=-0.380
[can] backend=detectnet_native detections=1 best_confidence=0.584
[depth] map_can_0_depth mean=4.978 min=4.332 max=5.449
[map] can rejected reason=upper_frame center_y_norm=0.426
[tag] no detections
[map] motion direction=left speed=0.15 effective_seconds=0.08815383911132812 pose={'x_m': -0.7776237163783003, 'y_m': 0.07557386189751274, 'heading_rad': 2.0266410220718694}
[map] navigate label=bin_docking distance_m=0.831 heading_error_rad=-0.365
[can] backend=detectnet_native detections=1 best_confidence=0.385
[depth] map_can_0_depth mean=4.762 min=3.872 max=5.106
[map] can rejected reason=upper_frame center_y_norm=0.427
[tag] no detections
[map] motion direction=left speed=0.15 effective_seconds=0.09457850456237793 pose={'x_m': -0.7776237163783003, 'y_m': 0.07557386189751274, 'heading_rad': 2.0103153553069966}
[map] navigate label=bin_docking distance_m=0.831 heading_error_rad=-0.348
[can] backend=detectnet_native detections=1 best_confidence=0.635
[depth] map_can_0_depth mean=4.622 min=3.728 max=5.054
[map] can rejected reason=upper_frame center_y_norm=0.423
[tag] no detections
[map] motion direction=left speed=0.15 effective_seconds=0.08752083778381348 pose={'x_m': -0.7776237163783003, 'y_m': 0.07557386189751274, 'heading_rad': 1.9952079475587734}
[map] navigate label=bin_docking distance_m=0.831 heading_error_rad=-0.333
[can] backend=detectnet_native detections=1 best_confidence=0.440
[depth] map_can_0_depth mean=4.514 min=3.777 max=5.197
[map] can rejected reason=upper_frame center_y_norm=0.428
[tag] no detections
[map] motion direction=left speed=0.15 effective_seconds=0.09055805206298828 pose={'x_m': -0.7776237163783003, 'y_m': 0.07557386189751274, 'heading_rad': 1.9795762711255591}
[map] navigate label=bin_docking distance_m=0.831 heading_error_rad=-0.318
[can] backend=detectnet_native detections=1 best_confidence=0.305
[depth] map_can_0_depth mean=4.454 min=3.949 max=4.918
[map] can rejected reason=upper_frame center_y_norm=0.424
[tag] no detections
[map] motion direction=left speed=0.15 effective_seconds=0.09341859817504883 pose={'x_m': -0.7776237163783003, 'y_m': 0.07557386189751274, 'heading_rad': 1.9634508215796576}
[map] navigate label=bin_docking distance_m=0.831 heading_error_rad=-0.302
[can] backend=detectnet_native detections=1 best_confidence=0.463
[depth] map_can_0_depth mean=4.388 min=3.788 max=4.963
[map] can rejected reason=upper_frame center_y_norm=0.423
[tag] no detections
[map] motion direction=left speed=0.15 effective_seconds=0.08758711814880371 pose={'x_m': -0.7776237163783003, 'y_m': 0.07557386189751274, 'heading_rad': 1.9483319728474928}
[map] navigate label=bin_docking distance_m=0.831 heading_error_rad=-0.286
[can] backend=detectnet_native detections=1 best_confidence=0.515
[depth] map_can_0_depth mean=4.668 min=3.747 max=5.057
[map] can rejected reason=upper_frame center_y_norm=0.434
[tag] no detections
[map] motion direction=left speed=0.15 effective_seconds=0.08957171440124512 pose={'x_m': -0.7776237163783003, 'y_m': 0.07557386189751274, 'heading_rad': 1.9328705530709867}
[map] navigate label=bin_docking distance_m=0.831 heading_error_rad=-0.271
[can] backend=detectnet_native detections=1 best_confidence=0.612
[depth] map_can_0_depth mean=4.503 min=3.888 max=4.938
[map] can rejected reason=upper_frame center_y_norm=0.426
[tag] no detections
[map] motion direction=left speed=0.15 effective_seconds=0.08872485160827637 pose={'x_m': -0.7776237163783003, 'y_m': 0.07557386189751274, 'heading_rad': 1.9175553144993698}
[map] navigate label=bin_docking distance_m=0.831 heading_error_rad=-0.256
[can] backend=detectnet_native detections=1 best_confidence=0.429
[depth] map_can_0_depth mean=4.713 min=3.125 max=5.242
[map] can rejected reason=upper_frame center_y_norm=0.431
[tag] no detections
[map] motion direction=left speed=0.15 effective_seconds=0.08835315704345703 pose={'x_m': -0.7776237163783003, 'y_m': 0.07557386189751274, 'heading_rad': 1.9023042359779847}
[map] navigate label=bin_docking distance_m=0.831 heading_error_rad=-0.240
[can] backend=detectnet_native detections=1 best_confidence=0.334
[depth] map_can_0_depth mean=4.552 min=3.897 max=4.946
[map] can rejected reason=upper_frame center_y_norm=0.427
[tag] no detections
[map] motion direction=left speed=0.15 effective_seconds=0.09243035316467285 pose={'x_m': -0.7776237163783003, 'y_m': 0.07557386189751274, 'heading_rad': 1.8863493723257392}
[map] navigate label=bin_docking distance_m=0.831 heading_error_rad=-0.224
[can] backend=detectnet_native no detections
[tag] no detections
[map] motion direction=left speed=0.15 effective_seconds=0.06796717643737793 pose={'x_m': -0.7776237163783003, 'y_m': 0.07557386189751274, 'heading_rad': 1.8746172194586554}
[map] navigate label=bin_docking distance_m=0.831 heading_error_rad=-0.213
[can] backend=detectnet_native detections=1 best_confidence=0.306
[depth] map_can_0_depth mean=4.641 min=4.105 max=5.085
[map] can rejected reason=upper_frame center_y_norm=0.439
[tag] no detections
[map] motion direction=left speed=0.15 effective_seconds=0.08817481994628906 pose={'x_m': -0.7776237163783003, 'y_m': 0.07557386189751274, 'heading_rad': 1.8593969245919038}
[map] navigate label=bin_docking distance_m=0.831 heading_error_rad=-0.198
[can] backend=detectnet_native detections=1 best_confidence=0.736
[depth] map_can_0_depth mean=4.553 min=3.203 max=5.052
[map] can rejected reason=upper_frame center_y_norm=0.444
[tag] no detections
[map] motion direction=left speed=0.15 effective_seconds=0.0881195068359375 pose={'x_m': -0.7776237163783003, 'y_m': 0.07557386189751274, 'heading_rad': 1.844186177596642}
[map] navigate label=bin_docking distance_m=0.831 heading_error_rad=-0.182
[can] backend=detectnet_native detections=1 best_confidence=0.635
[depth] map_can_0_depth mean=4.888 min=4.326 max=5.348
[map] can rejected reason=upper_frame center_y_norm=0.445
[tag] no detections
[map] motion direction=left speed=0.15 effective_seconds=0.0908811092376709 pose={'x_m': -0.7776237163783003, 'y_m': 0.07557386189751274, 'heading_rad': 1.8284987366553684}
[map] navigate label=bin_docking distance_m=0.831 heading_error_rad=-0.167
[can] backend=detectnet_native detections=1 best_confidence=0.459
[depth] map_can_0_depth mean=4.811 min=4.169 max=5.259
[map] can rejected reason=out_of_bounds position={'x_m': 3.1810395105037754, 'y_m': -2.6582364408418124}
[tag] no detections
[map] motion direction=left speed=0.15 effective_seconds=0.09564042091369629 pose={'x_m': -0.7776237163783003, 'y_m': 0.07557386189751274, 'heading_rad': 1.8119897672197247}
[map] navigate label=bin_docking distance_m=0.831 heading_error_rad=-0.150
[can] backend=detectnet_native detections=1 best_confidence=0.207
[depth] map_can_0_depth mean=4.607 min=3.908 max=5.059
[map] can rejected reason=out_of_bounds position={'x_m': 3.027090132056312, 'y_m': -2.5224714376593615}
[tag] no detections
[map] motion direction=left speed=0.15 effective_seconds=0.08932638168334961 pose={'x_m': -0.7776237163783003, 'y_m': 0.07557386189751274, 'heading_rad': 1.7965706955456486}
[map] navigate label=bin_docking distance_m=0.831 heading_error_rad=-0.135
[can] backend=detectnet_native detections=1 best_confidence=0.328
[depth] map_can_0_depth mean=4.625 min=4.213 max=4.959
[map] can rejected reason=upper_frame center_y_norm=0.444
[tag] no detections
[map] motion direction=left speed=0.15 effective_seconds=0.08695840835571289 pose={'x_m': -0.7776237163783003, 'y_m': 0.07557386189751274, 'heading_rad': 1.7815603715424517}
[map] navigate label=bin_docking distance_m=0.831 heading_error_rad=-0.120
[map] motion direction=left speed=0.15 effective_seconds=0.0187833309173584 pose={'x_m': -0.7776237163783003, 'y_m': 0.07557386189751274, 'heading_rad': 1.7783180872336644}
[base] continuous stop label=map_turn_bin_docking elapsed=0.019s
[base] stop
[base] continuous start label=map_forward_bin_docking direction=forward requested_speed=0.2 effective_speed=0.2
[can] backend=detectnet_native detections=1 best_confidence=0.709
[depth] map_can_0_depth mean=4.521 min=4.009 max=5.185
[map] can rejected reason=upper_frame center_y_norm=0.439
[tag] no detections
[map] motion direction=forward speed=0.2 effective_seconds=0.09090065956115723 pose={'x_m': -0.7747328302412816, 'y_m': 0.07496517720178927, 'heading_rad': 1.7783180872336644}
[map] navigate label=bin_docking distance_m=0.828 heading_error_rad=-0.117
[can] backend=detectnet_native detections=1 best_confidence=0.681
[depth] map_can_0_depth mean=4.206 min=3.519 max=4.842
[map] can rejected reason=out_of_bounds position={'x_m': 2.695278708073085, 'y_m': -2.3027290734181416}
[tag] no detections
[map] motion direction=forward speed=0.2 effective_seconds=0.08984875679016113 pose={'x_m': -0.7718753974494074, 'y_m': 0.07436353620763174, 'heading_rad': 1.7783180872336644}
[map] navigate label=bin_docking distance_m=0.825 heading_error_rad=-0.117
[can] backend=detectnet_native detections=1 best_confidence=0.654
[depth] map_can_0_depth mean=4.245 min=3.586 max=4.873
[map] can rejected reason=out_of_bounds position={'x_m': 2.7283342943336493, 'y_m': -2.3266538477223873}
[tag] no detections
[map] motion direction=forward speed=0.2 effective_seconds=0.08875226974487305 pose={'x_m': -0.7690528359028458, 'y_m': 0.0737692374581482, 'heading_rad': 1.7783180872336644}
[map] navigate label=bin_docking distance_m=0.822 heading_error_rad=-0.118
[can] backend=detectnet_native detections=1 best_confidence=0.733
[depth] map_can_0_depth mean=4.242 min=3.544 max=4.933
[map] can rejected reason=out_of_bounds position={'x_m': 2.7242051166633154, 'y_m': -2.3330010226531406}
[tag] no detections
[map] motion direction=forward speed=0.2 effective_seconds=0.08964967727661133 pose={'x_m': -0.7662017343764285, 'y_m': 0.07316892953081014, 'heading_rad': 1.7783180872336644}
[map] navigate label=bin_docking distance_m=0.819 heading_error_rad=-0.118
[can] backend=detectnet_native detections=1 best_confidence=0.675
[depth] map_can_0_depth mean=3.940 min=3.253 max=4.429
[map] can rejected reason=out_of_bounds position={'x_m': 2.475095669466672, 'y_m': -2.167346645179444}
[tag] no detections
[map] motion direction=forward speed=0.2 effective_seconds=0.08941054344177246 pose={'x_m': -0.7633582379509132, 'y_m': 0.07257022288014267, 'heading_rad': 1.7783180872336644}
[map] navigate label=bin_docking distance_m=0.817 heading_error_rad=-0.119
[can] backend=detectnet_native detections=1 best_confidence=0.664
[depth] map_can_0_depth mean=4.224 min=3.600 max=4.931
[map] can rejected reason=out_of_bounds position={'x_m': 2.711386905185674, 'y_m': -2.3293138504898763}
[tag] no detections
[map] motion direction=forward speed=0.2 effective_seconds=0.09002184867858887 pose={'x_m': -0.7604953003701507, 'y_m': 0.07196742283627143, 'heading_rad': 1.7783180872336644}
[map] navigate label=bin_docking distance_m=0.814 heading_error_rad=-0.119
[can] backend=detectnet_native detections=1 best_confidence=0.754
[depth] map_can_0_depth mean=4.131 min=3.153 max=4.868
[map] can rejected reason=out_of_bounds position={'x_m': 2.641190874083602, 'y_m': -2.2717120964196065}
[tag] no detections
[map] motion direction=forward speed=0.2 effective_seconds=0.08881473541259766 pose={'x_m': -0.757670752246883, 'y_m': 0.07137270580713914, 'heading_rad': 1.7783180872336644}
[map] navigate label=bin_docking distance_m=0.811 heading_error_rad=-0.119
[can] backend=detectnet_native detections=1 best_confidence=0.842
[depth] map_can_0_depth mean=4.000 min=3.142 max=4.590
[map] can rejected reason=out_of_bounds position={'x_m': 2.5423082492025753, 'y_m': -2.189813175645119}
[tag] no detections
[map] motion direction=forward speed=0.2 effective_seconds=0.08992218971252441 pose={'x_m': -0.7548109840900259, 'y_m': 0.07077057309492124, 'heading_rad': 1.7783180872336644}
[map] navigate label=bin_docking distance_m=0.808 heading_error_rad=-0.120
[can] backend=detectnet_native detections=1 best_confidence=0.861
[depth] map_can_0_depth mean=4.124 min=3.237 max=4.829
[map] can rejected reason=out_of_bounds position={'x_m': 2.652250579243118, 'y_m': -2.253563598758641}
[tag] no detections
[map] motion direction=forward speed=0.2 effective_seconds=0.08968710899353027 pose={'x_m': -0.7519586921340555, 'y_m': 0.07017001451909138, 'heading_rad': 1.7783180872336644}
[map] navigate label=bin_docking distance_m=0.805 heading_error_rad=-0.120
[map] motion direction=forward speed=0.2 effective_seconds=0.01760387420654297 pose={'x_m': -0.7513988414558844, 'y_m': 0.07005213628953075, 'heading_rad': 1.7783180872336644}
[base] continuous stop label=map_forward_bin_docking elapsed=0.018s
[base] stop
[base] continuous start label=map_turn_bin_docking direction=left requested_speed=0.15 effective_speed=0.15
[can] backend=detectnet_native detections=1 best_confidence=0.832
[depth] map_can_0_depth mean=4.122 min=3.081 max=4.827
[map] can rejected reason=out_of_bounds position={'x_m': 2.6474190326020826, 'y_m': -2.261414124027037}
[tag] no detections
[map] motion direction=left speed=0.15 effective_seconds=0.09629583358764648 pose={'x_m': -0.7513988414558844, 'y_m': 0.07005213628953075, 'heading_rad': 1.761695983751781}
[map] navigate label=bin_docking distance_m=0.804 heading_error_rad=-0.104
[map] motion direction=left speed=0.15 effective_seconds=0.019725561141967773 pose={'x_m': -0.7513988414558844, 'y_m': 0.07005213628953075, 'heading_rad': 1.758291056390707}
[base] continuous stop label=map_turn_bin_docking elapsed=0.020s
[base] stop
[base] continuous start label=map_forward_bin_docking direction=forward requested_speed=0.2 effective_speed=0.2
[can] backend=detectnet_native detections=1 best_confidence=0.719
[depth] map_can_0_depth mean=3.948 min=2.553 max=4.390
[map] can rejected reason=out_of_bounds position={'x_m': 2.5424040561999153, 'y_m': -2.1057501481881458}
[tag] no detections
[map] motion direction=forward speed=0.2 effective_seconds=0.08851766586303711 pose={'x_m': -0.7485724356850975, 'y_m': 0.06951590168182055, 'heading_rad': 1.758291056390707}
[map] navigate label=bin_docking distance_m=0.802 heading_error_rad=-0.101
[can] backend=detectnet_native detections=1 best_confidence=0.683
[depth] map_can_0_depth mean=3.629 min=2.968 max=4.182
[map] can rejected reason=out_of_bounds position={'x_m': 2.2683566734244955, 'y_m': -1.9478553497407816}
[tag] no detections
[map] motion direction=forward speed=0.2 effective_seconds=0.08812499046325684 pose={'x_m': -0.7457585682026303, 'y_m': 0.06898204587767352, 'heading_rad': 1.758291056390707}
[map] navigate label=bin_docking distance_m=0.799 heading_error_rad=-0.101
[can] backend=detectnet_native detections=1 best_confidence=0.593
[depth] map_can_0_depth mean=4.029 min=3.633 max=4.268
[map] can rejected reason=out_of_bounds position={'x_m': 2.60031668439896, 'y_m': -2.175919383152097}
[tag] no detections
[map] motion direction=forward speed=0.2 effective_seconds=0.09368634223937988 pose={'x_m': -0.7427671244521927, 'y_m': 0.0684144997444952, 'heading_rad': 1.758291056390707}
[map] navigate label=bin_docking distance_m=0.796 heading_error_rad=-0.101
[can] backend=detectnet_native detections=1 best_confidence=0.615
[depth] map_can_0_depth mean=4.000 min=3.474 max=4.294
[map] can rejected reason=out_of_bounds position={'x_m': 2.5756767122216813, 'y_m': -2.165338167306181}
[tag] no detections
[map] motion direction=forward speed=0.2 effective_seconds=0.08889436721801758 pose={'x_m': -0.7399286904509593, 'y_m': 0.06787598310300856, 'heading_rad': 1.758291056390707}
[map] navigate label=bin_docking distance_m=0.793 heading_error_rad=-0.102
[can] backend=detectnet_native detections=1 best_confidence=0.661
[depth] map_can_0_depth mean=3.954 min=3.398 max=4.255
[map] can rejected reason=out_of_bounds position={'x_m': 2.5397263905787173, 'y_m': -2.1409853316160543}
[tag] no detections
[map] motion direction=forward speed=0.2 effective_seconds=0.08712172508239746 pose={'x_m': -0.7371468576480609, 'y_m': 0.0673482050191978, 'heading_rad': 1.758291056390707}
[map] navigate label=bin_docking distance_m=0.790 heading_error_rad=-0.102
[can] backend=detectnet_native detections=1 best_confidence=0.577
[depth] map_can_0_depth mean=4.026 min=3.579 max=4.483
[map] can rejected reason=out_of_bounds position={'x_m': 2.6006861296414145, 'y_m': -2.18441945605419}
[tag] no detections
[map] motion direction=forward speed=0.2 effective_seconds=0.08714890480041504 pose={'x_m': -0.7343641569854973, 'y_m': 0.0668202622823171, 'heading_rad': 1.758291056390707}
[map] navigate label=bin_docking distance_m=0.787 heading_error_rad=-0.103
[can] backend=detectnet_native detections=1 best_confidence=0.536
[depth] map_can_0_depth mean=4.009 min=3.591 max=4.252
[map] can rejected reason=out_of_bounds position={'x_m': 2.5783755773394814, 'y_m': -2.190271470330554}
[tag] no detections
[map] motion direction=forward speed=0.2 effective_seconds=0.08899760246276855 pose={'x_m': -0.7315224266400973, 'y_m': 0.0662811202480297, 'heading_rad': 1.758291056390707}
[map] navigate label=bin_docking distance_m=0.784 heading_error_rad=-0.103
[can] backend=detectnet_native detections=1 best_confidence=0.475
[depth] map_can_0_depth mean=3.798 min=3.167 max=4.182
[map] can rejected reason=out_of_bounds position={'x_m': 2.401649299311914, 'y_m': -2.0802137506275598}
[tag] no detections
[map] motion direction=forward speed=0.2 effective_seconds=0.09249615669250488 pose={'x_m': -0.7285689860076271, 'y_m': 0.06572078418612483, 'heading_rad': 1.758291056390707}
[map] navigate label=bin_docking distance_m=0.781 heading_error_rad=-0.103
[can] backend=detectnet_native detections=1 best_confidence=0.667
[depth] map_can_0_depth mean=3.910 min=3.387 max=4.212
[map] can rejected reason=out_of_bounds position={'x_m': 2.498368627151448, 'y_m': -2.141377105039352}
[tag] no detections
[map] motion direction=forward speed=0.2 effective_seconds=0.09091329574584961 pose={'x_m': -0.7256660867814442, 'y_m': 0.06517003699905656, 'heading_rad': 1.758291056390707}
[map] navigate label=bin_docking distance_m=0.778 heading_error_rad=-0.104
[can] backend=detectnet_native detections=1 best_confidence=0.403
[depth] map_can_0_depth mean=3.974 min=3.383 max=4.348
[map] can rejected reason=out_of_bounds position={'x_m': 2.54097804408813, 'y_m': -2.197394313611038}
[tag] no detections
[map] motion direction=forward speed=0.2 effective_seconds=0.09110045433044434 pose={'x_m': -0.7227572115040585, 'y_m': 0.06461815601672594, 'heading_rad': 1.758291056390707}
[map] navigate label=bin_docking distance_m=0.775 heading_error_rad=-0.104
[can] backend=detectnet_native detections=1 best_confidence=0.342
[depth] map_can_0_depth mean=3.804 min=3.006 max=4.170
[map] can rejected reason=out_of_bounds position={'x_m': 2.4019340463093743, 'y_m': -2.104357672444578}
[tag] no detections
[map] motion direction=forward speed=0.2 effective_seconds=0.08685636520385742 pose={'x_m': -0.7199838517521011, 'y_m': 0.06409198546683492, 'heading_rad': 1.758291056390707}
[map] navigate label=bin_docking distance_m=0.773 heading_error_rad=-0.104
[can] backend=detectnet_native detections=1 best_confidence=0.361
[depth] map_can_0_depth mean=3.917 min=3.240 max=4.262
[map] can rejected reason=out_of_bounds position={'x_m': 2.46527895190452, 'y_m': -2.21642092848057}
[tag] no detections
[map] motion direction=forward speed=0.2 effective_seconds=0.08896350860595703 pose={'x_m': -0.7171432100376846, 'y_m': 0.06355304997104753, 'heading_rad': 1.758291056390707}
[map] navigate label=bin_docking distance_m=0.770 heading_error_rad=-0.105
[can] backend=detectnet_native detections=1 best_confidence=0.277
[depth] map_can_0_depth mean=3.968 min=3.202 max=4.259
[map] can rejected reason=out_of_bounds position={'x_m': 2.5035510177895715, 'y_m': -2.2535552023199523}
[tag] no detections
[map] motion direction=forward speed=0.2 effective_seconds=0.08548879623413086 pose={'x_m': -0.7144135173299301, 'y_m': 0.06303516407036013, 'heading_rad': 1.758291056390707}
[map] navigate label=bin_docking distance_m=0.767 heading_error_rad=-0.105
[can] backend=detectnet_native no detections
[tag] no detections
[map] motion direction=forward speed=0.2 effective_seconds=0.06274724006652832 pose={'x_m': -0.7124099719393479, 'y_m': 0.062655045126487, 'heading_rad': 1.758291056390707}
[map] navigate label=bin_docking distance_m=0.765 heading_error_rad=-0.105
[can] backend=detectnet_native no detections
[tag] no detections
[map] motion direction=forward speed=0.2 effective_seconds=0.06180286407470703 pose={'x_m': -0.7104365808657265, 'y_m': 0.06228064715463191, 'heading_rad': 1.758291056390707}
[map] navigate label=bin_docking distance_m=0.763 heading_error_rad=-0.106
[can] backend=detectnet_native no detections
[tag] no detections
[map] motion direction=forward speed=0.2 effective_seconds=0.06276416778564453 pose={'x_m': -0.7084324949660545, 'y_m': 0.06190042566367136, 'heading_rad': 1.758291056390707}
[map] navigate label=bin_docking distance_m=0.761 heading_error_rad=-0.106
[can] backend=detectnet_native no detections
[tag] no detections
[map] motion direction=forward speed=0.2 effective_seconds=0.06445574760437012 pose={'x_m': -0.7063743962214349, 'y_m': 0.06150995668559442, 'heading_rad': 1.758291056390707}
[map] navigate label=bin_docking distance_m=0.759 heading_error_rad=-0.106
[can] backend=detectnet_native no detections
[tag] no detections
[map] motion direction=forward speed=0.2 effective_seconds=0.06787562370300293 pose={'x_m': -0.7042070994150915, 'y_m': 0.061098770307207735, 'heading_rad': 1.758291056390707}
[map] navigate label=bin_docking distance_m=0.757 heading_error_rad=-0.107
[can] backend=detectnet_native no detections
[tag] no detections
[map] motion direction=forward speed=0.2 effective_seconds=0.06115412712097168 pose={'x_m': -0.702254422781372, 'y_m': 0.06072830234415374, 'heading_rad': 1.758291056390707}
[map] navigate label=bin_docking distance_m=0.755 heading_error_rad=-0.107
[can] backend=detectnet_native no detections
[tag] no detections
[map] motion direction=forward speed=0.2 effective_seconds=0.06497716903686523 pose={'x_m': -0.7001796748342293, 'y_m': 0.06033467462691914, 'heading_rad': 1.758291056390707}
[map] navigate label=bin_docking distance_m=0.753 heading_error_rad=-0.107
[can] backend=detectnet_native detections=1 best_confidence=0.244
[depth] map_can_0_depth mean=3.846 min=2.966 max=4.154
[map] can rejected reason=out_of_bounds position={'x_m': 2.418419518619608, 'y_m': -2.19058997215041}
[tag] no detections
[map] motion direction=forward speed=0.2 effective_seconds=0.08889150619506836 pose={'x_m': -0.6973413321866448, 'y_m': 0.059796175317334596, 'heading_rad': 1.758291056390707}
[map] navigate label=bin_docking distance_m=0.750 heading_error_rad=-0.108
[can] backend=detectnet_native detections=1 best_confidence=0.250
[depth] map_can_0_depth mean=3.848 min=2.952 max=4.206
[map] can rejected reason=out_of_bounds position={'x_m': 2.4275287081545125, 'y_m': -2.185947992130111}
[tag] no detections
[map] motion direction=forward speed=0.2 effective_seconds=0.08931183815002441 pose={'x_m': -0.6944895681654674, 'y_m': 0.059255129662466585, 'heading_rad': 1.758291056390707}
[map] navigate label=bin_docking distance_m=0.747 heading_error_rad=-0.108
[can] backend=detectnet_native detections=1 best_confidence=0.346
[depth] map_can_0_depth mean=4.026 min=3.631 max=4.218
[map] can rejected reason=out_of_bounds position={'x_m': 2.578536085457368, 'y_m': -2.2853582191962305}
[tag] no detections
[map] motion direction=forward speed=0.2 effective_seconds=0.0904076099395752 pose={'x_m': -0.6916028156967382, 'y_m': 0.05870744588909442, 'heading_rad': 1.758291056390707}
[map] navigate label=bin_docking distance_m=0.744 heading_error_rad=-0.108
[can] backend=detectnet_native detections=1 best_confidence=0.391
[depth] map_can_0_depth mean=4.090 min=3.742 max=4.339
[map] can rejected reason=out_of_bounds position={'x_m': 2.625723822746907, 'y_m': -2.3330746008034655}
[tag] no detections
[map] motion direction=forward speed=0.2 effective_seconds=0.0874471664428711 pose={'x_m': -0.6888105914162705, 'y_m': 0.05817769630141983, 'heading_rad': 1.758291056390707}
[map] navigate label=bin_docking distance_m=0.741 heading_error_rad=-0.109
[can] backend=detectnet_native detections=1 best_confidence=0.607
[depth] map_can_0_depth mean=4.136 min=3.755 max=4.440
[map] can rejected reason=out_of_bounds position={'x_m': 2.6595420634643396, 'y_m': -2.3690086477494843}
[tag] no detections
[map] motion direction=forward speed=0.2 effective_seconds=0.08781886100769043 pose={'x_m': -0.6860064987742421, 'y_m': 0.057645695010797464, 'heading_rad': 1.758291056390707}
[map] navigate label=bin_docking distance_m=0.738 heading_error_rad=-0.109
[can] backend=detectnet_native detections=1 best_confidence=0.593
[depth] map_can_0_depth mean=3.718 min=3.217 max=3.980
[map] can rejected reason=out_of_bounds position={'x_m': 2.3252694447612234, 'y_m': -2.1228492542245982}
[tag] no detections
[map] motion direction=forward speed=0.2 effective_seconds=0.08819460868835449 pose={'x_m': -0.6831904083529836, 'y_m': 0.05711141746369935, 'heading_rad': 1.758291056390707}
[map] navigate label=bin_docking distance_m=0.735 heading_error_rad=-0.110
[can] backend=detectnet_native detections=1 best_confidence=0.712
[depth] map_can_0_depth mean=3.856 min=3.514 max=4.040
[map] can rejected reason=out_of_bounds position={'x_m': 2.4354163474860915, 'y_m': -2.210840266979323}
[tag] no detections
[map] motion direction=forward speed=0.2 effective_seconds=0.0966651439666748 pose={'x_m': -0.6801038502283704, 'y_m': 0.056525825931784984, 'heading_rad': 1.758291056390707}
[map] navigate label=bin_docking distance_m=0.732 heading_error_rad=-0.110
[can] backend=detectnet_native detections=1 best_confidence=0.792
[depth] map_can_0_depth mean=3.906 min=3.610 max=4.061
[map] can rejected reason=out_of_bounds position={'x_m': 2.4870418053586376, 'y_m': -2.229438407964906}
[tag] no detections
[map] motion direction=forward speed=0.2 effective_seconds=0.09022378921508789 pose={'x_m': -0.6772229672315868, 'y_m': 0.05597925573312272, 'heading_rad': 1.758291056390707}
[map] navigate label=bin_docking distance_m=0.729 heading_error_rad=-0.111
[can] backend=detectnet_native detections=1 best_confidence=0.794
[depth] map_can_0_depth mean=3.853 min=3.453 max=4.091
[map] can rejected reason=out_of_bounds position={'x_m': 2.4422724260844855, 'y_m': -2.20531081714794}
[tag] no detections
[map] motion direction=forward speed=0.2 effective_seconds=0.08763670921325684 pose={'x_m': -0.6744246907718755, 'y_m': 0.05544835790693403, 'heading_rad': 1.758291056390707}
[map] navigate label=bin_docking distance_m=0.727 heading_error_rad=-0.111
[can] backend=detectnet_native detections=1 best_confidence=0.767
[depth] map_can_0_depth mean=3.773 min=3.271 max=4.031
[map] can rejected reason=out_of_bounds position={'x_m': 2.375075071814792, 'y_m': -2.1658244059467817}
[tag] no detections
[map] motion direction=forward speed=0.2 effective_seconds=0.08823394775390625 pose={'x_m': -0.6716073442379438, 'y_m': 0.05491384204618205, 'heading_rad': 1.758291056390707}
[map] navigate label=bin_docking distance_m=0.724 heading_error_rad=-0.112
[can] backend=detectnet_native detections=1 best_confidence=0.754
[depth] map_can_0_depth mean=3.569 min=2.865 max=3.924
[map] can rejected reason=out_of_bounds position={'x_m': 2.21349077760079, 'y_m': -2.0466078428251593}
[tag] no detections
[map] motion direction=forward speed=0.2 effective_seconds=0.08963346481323242 pose={'x_m': -0.6687453105440624, 'y_m': 0.054370847996653, 'heading_rad': 1.758291056390707}
[map] navigate label=bin_docking distance_m=0.721 heading_error_rad=-0.112
[can] backend=detectnet_native detections=1 best_confidence=0.819
[depth] map_can_0_depth mean=3.429 min=2.538 max=3.863
[map] can rejected reason=out_of_bounds position={'x_m': 2.0913347025029956, 'y_m': -1.9810352991838096}
[tag] no detections
[map] motion direction=forward speed=0.2 effective_seconds=0.09610271453857422 pose={'x_m': -0.6656767110242738, 'y_m': 0.05378866362782639, 'heading_rad': 1.758291056390707}
[map] navigate label=bin_docking distance_m=0.718 heading_error_rad=-0.112
[can] backend=detectnet_native detections=1 best_confidence=0.856
[depth] map_can_0_depth mean=3.373 min=2.505 max=3.881
[map] can rejected reason=out_of_bounds position={'x_m': 2.0574208075976017, 'y_m': -1.936131513448175}
[tag] no detections
[map] motion direction=forward speed=0.2 effective_seconds=0.08986949920654297 pose={'x_m': -0.6628071406543532, 'y_m': 0.05324423969637413, 'heading_rad': 1.758291056390707}
[map] navigate label=bin_docking distance_m=0.715 heading_error_rad=-0.113
[can] backend=detectnet_native detections=1 best_confidence=0.666
[depth] map_can_0_depth mean=3.330 min=2.470 max=3.811
[map] can rejected reason=out_of_bounds position={'x_m': 2.023914133725307, 'y_m': -1.9132566544779772}
[tag] no detections
[map] motion direction=forward speed=0.2 effective_seconds=0.08888435363769531 pose={'x_m': -0.6599690263908912, 'y_m': 0.052705783716544836, 'heading_rad': 1.758291056390707}
[map] navigate label=bin_docking distance_m=0.712 heading_error_rad=-0.113
[can] backend=detectnet_native detections=1 best_confidence=0.692
[depth] map_can_0_depth mean=2.869 min=2.038 max=3.683
[map] can rejected reason=out_of_bounds position={'x_m': 1.6523855972289057, 'y_m': -1.6461473019857589}
[tag] no detections
[map] motion direction=forward speed=0.2 effective_seconds=0.08852624893188477 pose={'x_m': -0.6571423465591574, 'y_m': 0.05216949711312834, 'heading_rad': 1.758291056390707}
[map] navigate label=bin_docking distance_m=0.709 heading_error_rad=-0.114
[can] backend=detectnet_native detections=1 best_confidence=0.676
[depth] map_can_0_depth mean=3.286 min=2.618 max=3.762
[map] can rejected reason=out_of_bounds position={'x_m': 1.990127671382874, 'y_m': -1.8948260627100788}
[tag] no detections
[map] motion direction=forward speed=0.2 effective_seconds=0.08730578422546387 pose={'x_m': -0.6543546366715092, 'y_m': 0.05164060401028251, 'heading_rad': 1.758291056390707}
[map] navigate label=bin_docking distance_m=0.706 heading_error_rad=-0.114
[can] backend=detectnet_native detections=1 best_confidence=0.735
[depth] map_can_0_depth mean=3.001 min=2.324 max=3.599
[map] can rejected reason=out_of_bounds position={'x_m': 1.7642468215111082, 'y_m': -1.724318545064807}
[tag] no detections
[map] motion direction=forward speed=0.2 effective_seconds=0.08879208564758301 pose={'x_m': -0.6515194685632262, 'y_m': 0.05110270698429593, 'heading_rad': 1.758291056390707}
[map] navigate label=bin_docking distance_m=0.703 heading_error_rad=-0.115
[can] backend=detectnet_native detections=1 best_confidence=0.810
[depth] map_can_0_depth mean=3.048 min=2.085 max=3.646
[map] can rejected reason=out_of_bounds position={'x_m': 1.7978194633503561, 'y_m': -1.7628948199425725}
[tag] no detections
[map] motion direction=forward speed=0.2 effective_seconds=0.08652520179748535 pose={'x_m': -0.6487566829961359, 'y_m': 0.05057854260207294, 'heading_rad': 1.758291056390707}
[map] navigate label=bin_docking distance_m=0.701 heading_error_rad=-0.115
[can] backend=detectnet_native detections=1 best_confidence=0.830
[depth] map_can_0_depth mean=3.149 min=2.236 max=3.668
[map] can rejected reason=out_of_bounds position={'x_m': 1.883003443029378, 'y_m': -1.821455472998465}
[tag] no detections
[map] motion direction=forward speed=0.2 effective_seconds=0.09102821350097656 pose={'x_m': -0.6458501143983864, 'y_m': 0.05002709925027034, 'heading_rad': 1.758291056390707}
[map] navigate label=bin_docking distance_m=0.698 heading_error_rad=-0.116
[can] backend=detectnet_native detections=1 best_confidence=0.820
[depth] map_can_0_depth mean=3.147 min=1.912 max=3.653
[map] can rejected reason=out_of_bounds position={'x_m': 1.8877801299028036, 'y_m': -1.8173850508255165}
[tag] no detections
[map] motion direction=forward speed=0.2 effective_seconds=0.08448123931884766 pose={'x_m': -0.6431525934006741, 'y_m': 0.049515317067772346, 'heading_rad': 1.758291056390707}
[map] navigate label=bin_docking distance_m=0.695 heading_error_rad=-0.116
[can] backend=detectnet_native detections=1 best_confidence=0.866
[depth] map_can_0_depth mean=2.854 min=1.865 max=3.513
[map] can rejected reason=out_of_bounds position={'x_m': 1.651342587601691, 'y_m': -1.6470802582054014}
[tag] no detections
[map] motion direction=forward speed=0.2 effective_seconds=0.08864331245422363 pose={'x_m': -0.640322175682137, 'y_m': 0.048978321300694946, 'heading_rad': 1.758291056390707}
[map] navigate label=bin_docking distance_m=0.692 heading_error_rad=-0.117
[can] backend=detectnet_native detections=1 best_confidence=0.828
[depth] map_can_0_depth mean=3.031 min=2.325 max=3.575
[map] can rejected reason=out_of_bounds position={'x_m': 1.7899301841844437, 'y_m': -1.7624553700806858}
[tag] no detections
[map] motion direction=forward speed=0.2 effective_seconds=0.0909719467163086 pose={'x_m': -0.6374174037061504, 'y_m': 0.04842721880963364, 'heading_rad': 1.758291056390707}
[map] navigate label=bin_docking distance_m=0.689 heading_error_rad=-0.117
[can] backend=detectnet_native detections=1 best_confidence=0.744
[depth] map_can_0_depth mean=3.136 min=2.596 max=3.701
[map] can rejected reason=out_of_bounds position={'x_m': 1.8811034998599179, 'y_m': -1.819799866444382}
[tag] no detections
[map] motion direction=forward speed=0.2 effective_seconds=0.08583402633666992 pose={'x_m': -0.6346766876580882, 'y_m': 0.04790724152609288, 'heading_rad': 1.758291056390707}
[map] navigate label=bin_docking distance_m=0.686 heading_error_rad=-0.118
[can] backend=detectnet_native detections=1 best_confidence=0.762
[depth] map_can_0_depth mean=2.929 min=2.253 max=3.568
[map] can rejected reason=out_of_bounds position={'x_m': 1.7148989572122755, 'y_m': -1.7015244061986707}
[tag] no detections
[map] motion direction=forward speed=0.2 effective_seconds=0.08725571632385254 pose={'x_m': -0.6318905764592967, 'y_m': 0.04737865173153379, 'heading_rad': 1.758291056390707}
[map] navigate label=bin_docking distance_m=0.684 heading_error_rad=-0.118
[can] backend=detectnet_native detections=1 best_confidence=0.723
[depth] map_can_0_depth mean=3.002 min=2.261 max=3.607
[map] can rejected reason=out_of_bounds position={'x_m': 1.7726108791868032, 'y_m': -1.7506053697550057}
[tag] no detections
[map] motion direction=forward speed=0.2 effective_seconds=0.0893254280090332 pose={'x_m': -0.6290383785082867, 'y_m': 0.04683752375013081, 'heading_rad': 1.758291056390707}
[map] navigate label=bin_docking distance_m=0.681 heading_error_rad=-0.119
[can] backend=detectnet_native detections=1 best_confidence=0.812
[depth] map_can_0_depth mean=2.852 min=2.025 max=3.584
[map] can rejected reason=out_of_bounds position={'x_m': 1.6555368921904254, 'y_m': -1.66056029929429}
[tag] no detections
[map] motion direction=forward speed=0.2 effective_seconds=0.08619475364685059 pose={'x_m': -0.6262861442876514, 'y_m': 0.046315361202600325, 'heading_rad': 1.758291056390707}
[map] navigate label=bin_docking distance_m=0.678 heading_error_rad=-0.119
[can] backend=detectnet_native detections=1 best_confidence=0.778
[depth] map_can_0_depth mean=2.813 min=1.947 max=3.496
[map] can rejected reason=out_of_bounds position={'x_m': 1.6316649147065352, 'y_m': -1.6318461668677402}
[tag] no detections
[map] motion direction=forward speed=0.2 effective_seconds=0.08919787406921387 pose={'x_m': -0.6234380191868242, 'y_m': 0.045775005935165945, 'heading_rad': 1.758291056390707}
[map] navigate label=bin_docking distance_m=0.675 heading_error_rad=-0.120
[can] backend=detectnet_native detections=1 best_confidence=0.783
[depth] map_can_0_depth mean=2.611 min=1.813 max=3.366
[map] can rejected reason=out_of_bounds position={'x_m': 1.470405684402785, 'y_m': -1.5149102512029906}
[tag] no detections
[map] motion direction=forward speed=0.2 effective_seconds=0.08882856369018555 pose={'x_m': -0.620601686319517, 'y_m': 0.045236887927427596, 'heading_rad': 1.758291056390707}
[map] navigate label=bin_docking distance_m=0.672 heading_error_rad=-0.120
[map] motion direction=forward speed=0.2 effective_seconds=0.01998305320739746 pose={'x_m': -0.6199636191455505, 'y_m': 0.04511583181288769, 'heading_rad': 1.758291056390707}
[base] continuous stop label=map_forward_bin_docking elapsed=0.020s
[base] stop
[base] continuous start label=map_turn_bin_docking direction=left requested_speed=0.15 effective_speed=0.15
[can] backend=detectnet_native detections=1 best_confidence=0.820
[depth] map_can_0_depth mean=2.643 min=1.682 max=3.322
[map] can rejected reason=out_of_bounds position={'x_m': 1.4979726826563717, 'y_m': -1.5357183842183895}
[tag] no detections
[map] motion direction=left speed=0.15 effective_seconds=0.0867304801940918 pose={'x_m': -0.6199636191455505, 'y_m': 0.04511583181288769, 'heading_rad': 1.7433200762027896}
[map] navigate label=bin_docking distance_m=0.671 heading_error_rad=-0.105
[map] motion direction=left speed=0.15 effective_seconds=0.01779770851135254 pose={'x_m': -0.6199636191455505, 'y_m': 0.04511583181288769, 'heading_rad': 1.7402479250868552}
[base] continuous stop label=map_turn_bin_docking elapsed=0.018s
[base] stop
[base] continuous start label=map_forward_bin_docking direction=forward requested_speed=0.2 effective_speed=0.2
[can] backend=detectnet_native detections=1 best_confidence=0.700
[depth] map_can_0_depth mean=2.243 min=1.734 max=2.937
[map] can rejected reason=out_of_bounds position={'x_m': 1.2012031806769592, 'y_m': -1.264423257792286}
[tag] no detections
[map] motion direction=forward speed=0.2 effective_seconds=0.08860468864440918 pose={'x_m': -0.6171252108778601, 'y_m': 0.0446302019734222, 'heading_rad': 1.7402479250868552}
[map] navigate label=bin_docking distance_m=0.669 heading_error_rad=-0.103
[can] backend=detectnet_native detections=1 best_confidence=0.691
[depth] map_can_0_depth mean=3.096 min=2.374 max=3.619
[map] can rejected reason=out_of_bounds position={'x_m': 1.8905429592514165, 'y_m': -1.7702458723614751}
[tag] no detections
[map] motion direction=forward speed=0.2 effective_seconds=0.08878469467163086 pose={'x_m': -0.6142810362043089, 'y_m': 0.04414358554623274, 'heading_rad': 1.7402479250868552}
[map] navigate label=bin_docking distance_m=0.666 heading_error_rad=-0.103
[can] backend=detectnet_native detections=1 best_confidence=0.676
[depth] map_can_0_depth mean=2.917 min=2.216 max=3.482
[map] can rejected reason=out_of_bounds position={'x_m': 1.7517820578912602, 'y_m': -1.6627241236259362}
[tag] no detections
[map] motion direction=forward speed=0.2 effective_seconds=0.09260368347167969 pose={'x_m': -0.6113145220750231, 'y_m': 0.0436360377784307, 'heading_rad': 1.7402479250868552}
[map] navigate label=bin_docking distance_m=0.663 heading_error_rad=-0.104
[can] backend=detectnet_native detections=1 best_confidence=0.681
[depth] map_can_0_depth mean=2.725 min=2.052 max=3.356
[map] can rejected reason=out_of_bounds position={'x_m': 1.5969866559045907, 'y_m': -1.5528590298009122}
[tag] no detections
[map] motion direction=forward speed=0.2 effective_seconds=0.08671116828918457 pose={'x_m': -0.6085367718144149, 'y_m': 0.043160786057778115, 'heading_rad': 1.7402479250868552}
[map] navigate label=bin_docking distance_m=0.660 heading_error_rad=-0.104
[can] backend=detectnet_native detections=1 best_confidence=0.682
[depth] map_can_0_depth mean=2.930 min=2.196 max=3.469
[map] can rejected reason=out_of_bounds position={'x_m': 1.7602542460464683, 'y_m': -1.6804510273599256}
[tag] no detections
[map] motion direction=forward speed=0.2 effective_seconds=0.08774399757385254 pose={'x_m': -0.6057259353681255, 'y_m': 0.042679873545045766, 'heading_rad': 1.7402479250868552}
[map] navigate label=bin_docking distance_m=0.657 heading_error_rad=-0.104
[can] backend=detectnet_native detections=1 best_confidence=0.628
[depth] map_can_0_depth mean=2.918 min=2.137 max=3.474
[map] can rejected reason=out_of_bounds position={'x_m': 1.7557577297328948, 'y_m': -1.671924016845164}
[tag] no detections
[map] motion direction=forward speed=0.2 effective_seconds=0.0855855941772461 pose={'x_m': -0.602984242328801, 'y_m': 0.04221079093783007, 'heading_rad': 1.7402479250868552}
[map] navigate label=bin_docking distance_m=0.654 heading_error_rad=-0.105
[can] backend=detectnet_native detections=1 best_confidence=0.476
[depth] map_can_0_depth mean=3.022 min=2.231 max=3.568
[map] can rejected reason=out_of_bounds position={'x_m': 1.8411854899784295, 'y_m': -1.734338353528422}
[tag] no detections
[map] motion direction=forward speed=0.2 effective_seconds=0.08819389343261719 pose={'x_m': -0.6001589936866712, 'y_m': 0.041727412609157154, 'heading_rad': 1.7402479250868552}
[map] navigate label=bin_docking distance_m=0.651 heading_error_rad=-0.105
[can] backend=detectnet_native detections=1 best_confidence=0.657
[depth] map_can_0_depth mean=2.654 min=1.992 max=3.269
[map] can rejected reason=out_of_bounds position={'x_m': 1.545055312648973, 'y_m': -1.5200414726271563}
[tag] no detections
[map] motion direction=forward speed=0.2 effective_seconds=0.08922648429870605 pose={'x_m': -0.597300666496484, 'y_m': 0.041238374795143175, 'heading_rad': 1.7402479250868552}
[map] navigate label=bin_docking distance_m=0.649 heading_error_rad=-0.106
[can] backend=detectnet_native detections=1 best_confidence=0.726
[depth] map_can_0_depth mean=3.140 min=2.512 max=3.548
[map] can rejected reason=out_of_bounds position={'x_m': 1.941478763439322, 'y_m': -1.8060627100640907}
[tag] no detections
[map] motion direction=forward speed=0.2 effective_seconds=0.08669924736022949 pose={'x_m': -0.5945232981170586, 'y_m': 0.040763188411425955, 'heading_rad': 1.7402479250868552}
[map] navigate label=bin_docking distance_m=0.646 heading_error_rad=-0.106
[can] backend=detectnet_native detections=1 best_confidence=0.877
[depth] map_can_0_depth mean=3.026 min=2.375 max=3.528
[map] can rejected reason=out_of_bounds position={'x_m': 1.8532855881692636, 'y_m': -1.7374748173313366}
[tag] no detections
[map] motion direction=forward speed=0.2 effective_seconds=0.08874654769897461 pose={'x_m': -0.5916803454632924, 'y_m': 0.040276781062429656, 'heading_rad': 1.7402479250868552}
[map] navigate label=bin_docking distance_m=0.643 heading_error_rad=-0.107
[can] backend=detectnet_native detections=1 best_confidence=0.722
[depth] map_can_0_depth mean=2.907 min=2.297 max=3.453
[map] can rejected reason=out_of_bounds position={'x_m': 1.7644643971828566, 'y_m': -1.6621849912460387}
[tag] no detections
[map] motion direction=forward speed=0.2 effective_seconds=0.08735322952270508 pose={'x_m': -0.5888820270821765, 'y_m': 0.039798010294438475, 'heading_rad': 1.7402479250868552}
[map] navigate label=bin_docking distance_m=0.640 heading_error_rad=-0.107
[can] backend=detectnet_native detections=1 best_confidence=0.587
[depth] map_can_0_depth mean=2.756 min=2.221 max=3.312
[map] can rejected reason=out_of_bounds position={'x_m': 1.6454788551575152, 'y_m': -1.5737979860402393}
[tag] no detections
[map] motion direction=forward speed=0.2 effective_seconds=0.08811020851135254 pose={'x_m': -0.5860594592459503, 'y_m': 0.039315090631051805, 'heading_rad': 1.7402479250868552}
[map] navigate label=bin_docking distance_m=0.637 heading_error_rad=-0.108
[can] backend=detectnet_native detections=1 best_confidence=0.629
[depth] map_can_0_depth mean=2.331 min=1.820 max=3.072
[map] can rejected reason=out_of_bounds position={'x_m': 1.297862937016714, 'y_m': -1.332963915838735}
[tag] no detections
[map] motion direction=forward speed=0.2 effective_seconds=0.09169745445251465 pose={'x_m': -0.583121975724184, 'y_m': 0.03881250977707598, 'heading_rad': 1.7402479250868552}
[map] navigate label=bin_docking distance_m=0.634 heading_error_rad=-0.108
[can] backend=detectnet_native detections=1 best_confidence=0.661
[depth] map_can_0_depth mean=2.023 min=1.676 max=2.812
[map] can rejected reason=out_of_bounds position={'x_m': 1.0545617735861863, 'y_m': -1.1496222279211727}
[tag] no detections
[map] motion direction=forward speed=0.2 effective_seconds=0.08794426918029785 pose={'x_m': -0.580304723674023, 'y_m': 0.038330499603829546, 'heading_rad': 1.7402479250868552}
[map] navigate label=bin_docking distance_m=0.631 heading_error_rad=-0.109
[can] backend=detectnet_native detections=1 best_confidence=0.816
[depth] map_can_0_depth mean=2.854 min=2.315 max=3.416
[map] can rejected reason=out_of_bounds position={'x_m': 1.7267113597234354, 'y_m': -1.6412340670451857}
[tag] no detections
[map] motion direction=forward speed=0.2 effective_seconds=0.08663082122802734 pose={'x_m': -0.5775295472925871, 'y_m': 0.037855688254121306, 'heading_rad': 1.7402479250868552}
[map] navigate label=bin_docking distance_m=0.629 heading_error_rad=-0.109
[can] backend=detectnet_native detections=1 best_confidence=0.775
[depth] map_can_0_depth mean=2.376 min=1.891 max=3.073
[map] can rejected reason=out_of_bounds position={'x_m': 1.342304136324333, 'y_m': -1.361333071839841}
[tag] no detections
[map] motion direction=forward speed=0.2 effective_seconds=0.08834218978881836 pose={'x_m': -0.5746995480485428, 'y_m': 0.03737149713397249, 'heading_rad': 1.7402479250868552}
[map] navigate label=bin_docking distance_m=0.626 heading_error_rad=-0.110
[can] backend=detectnet_native detections=1 best_confidence=0.745
[depth] map_can_0_depth mean=1.788 min=1.553 max=2.271
[map] can rejected reason=out_of_bounds position={'x_m': 0.872919967198921, 'y_m': -1.0125724819449191}
[tag] no detections
[map] motion direction=forward speed=0.2 effective_seconds=0.08837366104125977 pose={'x_m': -0.5718685406381759, 'y_m': 0.03688713352431432, 'heading_rad': 1.7402479250868552}
[map] navigate label=bin_docking distance_m=0.623 heading_error_rad=-0.110
[can] backend=detectnet_native detections=1 best_confidence=0.704
[depth] map_can_0_depth mean=2.704 min=2.135 max=3.377
[map] can rejected reason=out_of_bounds position={'x_m': 1.6158567249194284, 'y_m': -1.5524102316144925}
[tag] no detections
[map] motion direction=forward speed=0.2 effective_seconds=0.08684372901916504 pose={'x_m': -0.5690865438588146, 'y_m': 0.036411155256940504, 'heading_rad': 1.7402479250868552}
[map] navigate label=bin_docking distance_m=0.620 heading_error_rad=-0.111
[can] backend=detectnet_native detections=1 best_confidence=0.694
[depth] map_can_0_depth mean=2.540 min=2.085 max=3.258
[map] can rejected reason=out_of_bounds position={'x_m': 1.4857767316784065, 'y_m': -1.4563671386845634}
[tag] no detections
[map] motion direction=forward speed=0.2 effective_seconds=0.08979654312133789 pose={'x_m': -0.566209955110464, 'y_m': 0.03591899303067751, 'heading_rad': 1.7402479250868552}
[map] navigate label=bin_docking distance_m=0.617 heading_error_rad=-0.111
[can] backend=detectnet_native detections=1 best_confidence=0.607
[depth] map_can_0_depth mean=2.730 min=2.107 max=3.427
[map] can rejected reason=out_of_bounds position={'x_m': 1.6416473048584812, 'y_m': -1.5697288530743638}
[tag] no detections
[map] motion direction=forward speed=0.2 effective_seconds=0.08719801902770996 pose={'x_m': -0.5634166088223487, 'y_m': 0.03544107294958474, 'heading_rad': 1.7402479250868552}
[map] navigate label=bin_docking distance_m=0.614 heading_error_rad=-0.112
[can] backend=detectnet_native detections=1 best_confidence=0.314
[depth] map_can_0_depth mean=2.993 min=2.411 max=3.589
[map] can rejected reason=out_of_bounds position={'x_m': 1.8540615792169728, 'y_m': -1.7292752622240277}
[tag] no detections
[map] motion direction=forward speed=0.2 effective_seconds=0.09155583381652832 pose={'x_m': -0.5604836620490345, 'y_m': 0.03493926829840102, 'heading_rad': 1.7402479250868552}
[map] navigate label=bin_docking distance_m=0.611 heading_error_rad=-0.112
[can] backend=detectnet_native detections=1 best_confidence=0.487
[depth] map_can_0_depth mean=2.914 min=2.383 max=3.521
[map] can rejected reason=out_of_bounds position={'x_m': 1.7926035576481303, 'y_m': -1.6846178366977216}
[tag] no detections
[map] motion direction=forward speed=0.2 effective_seconds=0.08779263496398926 pose={'x_m': -0.5576712675275192, 'y_m': 0.0344580892109724, 'heading_rad': 1.7402479250868552}
[map] navigate label=bin_docking distance_m=0.609 heading_error_rad=-0.113
[can] backend=detectnet_native detections=1 best_confidence=0.354
[depth] map_can_0_depth mean=2.572 min=1.953 max=3.301
[map] can rejected reason=out_of_bounds position={'x_m': 1.5153112957363466, 'y_m': -1.4885532640344992}
[tag] no detections
[map] motion direction=forward speed=0.2 effective_seconds=0.08710241317749023 pose={'x_m': -0.5548809839264902, 'y_m': 0.03398069313210123, 'heading_rad': 1.7402479250868552}
[map] navigate label=bin_docking distance_m=0.606 heading_error_rad=-0.113
[can] backend=detectnet_native detections=1 best_confidence=0.588
[depth] map_can_0_depth mean=2.918 min=2.420 max=3.366
[map] can rejected reason=out_of_bounds position={'x_m': 1.798488029212983, 'y_m': -1.6904015259421719}
[tag] no detections
[map] motion direction=forward speed=0.2 effective_seconds=0.09084010124206543 pose={'x_m': -0.5519709652993938, 'y_m': 0.03348281131051665, 'heading_rad': 1.7402479250868552}
[map] navigate label=bin_docking distance_m=0.603 heading_error_rad=-0.114
[can] backend=detectnet_native detections=1 best_confidence=0.372
[depth] map_can_0_depth mean=2.721 min=1.867 max=3.209
[map] can rejected reason=out_of_bounds position={'x_m': 1.6386737478916744, 'y_m': -1.5802903719001185}
[tag] no detections
[map] motion direction=forward speed=0.2 effective_seconds=0.08701968193054199 pose={'x_m': -0.5491833319537738, 'y_m': 0.033005868669976894, 'heading_rad': 1.7402479250868552}
[map] navigate label=bin_docking distance_m=0.600 heading_error_rad=-0.114
[can] backend=detectnet_native detections=1 best_confidence=0.453
[depth] map_can_0_depth mean=3.079 min=2.592 max=3.489
[map] can rejected reason=out_of_bounds position={'x_m': 1.9327088033089594, 'y_m': -1.7894527340474577}
[tag] no detections
[map] motion direction=forward speed=0.2 effective_seconds=0.08514618873596191 pose={'x_m': -0.5464557150548488, 'y_m': 0.03253919438219864, 'heading_rad': 1.7402479250868552}
[map] navigate label=bin_docking distance_m=0.597 heading_error_rad=-0.115
[can] backend=detectnet_native detections=1 best_confidence=0.411
[depth] map_can_0_depth mean=3.296 min=2.729 max=3.570
[map] can rejected reason=out_of_bounds position={'x_m': 2.1065164837367476, 'y_m': -1.9239083513489945}
[tag] no detections
[map] motion direction=forward speed=0.2 effective_seconds=0.08818888664245605 pose={'x_m': -0.5436306268028158, 'y_m': 0.03205584349503858, 'heading_rad': 1.7402479250868552}
[map] navigate label=bin_docking distance_m=0.594 heading_error_rad=-0.116
[can] backend=detectnet_native detections=1 best_confidence=0.376
[depth] map_can_0_depth mean=3.295 min=2.645 max=3.589
[map] can rejected reason=out_of_bounds position={'x_m': 2.1077477600522823, 'y_m': -1.9242630432399126}
[tag] no detections
[map] motion direction=forward speed=0.2 effective_seconds=0.08660078048706055 pose={'x_m': -0.5408564127619607, 'y_m': 0.03158119679440745, 'heading_rad': 1.7402479250868552}
[map] navigate label=bin_docking distance_m=0.592 heading_error_rad=-0.116
[can] backend=detectnet_native detections=1 best_confidence=0.317
[depth] map_can_0_depth mean=3.165 min=2.530 max=3.490
[map] can rejected reason=out_of_bounds position={'x_m': 2.01009314489619, 'y_m': -1.8425904468651673}
[tag] no detections
[map] motion direction=forward speed=0.2 effective_seconds=0.09002852439880371 pose={'x_m': -0.537972392605792, 'y_m': 0.031087763111382314, 'heading_rad': 1.7402479250868552}
[map] navigate label=bin_docking distance_m=0.589 heading_error_rad=-0.117
[can] backend=detectnet_native detections=1 best_confidence=0.270
[depth] map_can_0_depth mean=3.165 min=2.537 max=3.496
[map] can rejected reason=out_of_bounds position={'x_m': 2.0088034160313404, 'y_m': -1.8480501371662934}
[tag] no detections
[map] motion direction=forward speed=0.2 effective_seconds=0.08895397186279297 pose={'x_m': -0.5351227952194444, 'y_m': 0.030600218899710714, 'heading_rad': 1.7402479250868552}
[map] navigate label=bin_docking distance_m=0.586 heading_error_rad=-0.117
[can] backend=detectnet_native detections=1 best_confidence=0.323
[depth] map_can_0_depth mean=3.220 min=2.558 max=3.528
[map] can rejected reason=out_of_bounds position={'x_m': 2.0609086684124143, 'y_m': -1.8746497411065797}
[tag] no detections
[map] motion direction=forward speed=0.2 effective_seconds=0.09019279479980469 pose={'x_m': -0.5322335127405762, 'y_m': 0.03010588487371629, 'heading_rad': 1.7402479250868552}
[map] navigate label=bin_docking distance_m=0.583 heading_error_rad=-0.118
[can] backend=detectnet_native no detections
[tag] no detections
[map] motion direction=forward speed=0.2 effective_seconds=0.06449246406555176 pose={'x_m': -0.5301675279037914, 'y_m': 0.029752410746668904, 'heading_rad': 1.7402479250868552}
[map] navigate label=bin_docking distance_m=0.581 heading_error_rad=-0.118
[can] backend=detectnet_native no detections
[tag] no detections
[map] motion direction=forward speed=0.2 effective_seconds=0.0628042221069336 pose={'x_m': -0.5281556250801204, 'y_m': 0.029408189636407494, 'heading_rad': 1.7402479250868552}
[map] navigate label=bin_docking distance_m=0.579 heading_error_rad=-0.119
[can] backend=detectnet_native no detections
[tag] no detections
[map] motion direction=forward speed=0.2 effective_seconds=0.05943918228149414 pose={'x_m': -0.5262515196767412, 'y_m': 0.02908241183626008, 'heading_rad': 1.7402479250868552}
[map] navigate label=bin_docking distance_m=0.577 heading_error_rad=-0.119
[can] backend=detectnet_native no detections
[tag] no detections
[map] motion direction=forward speed=0.2 effective_seconds=0.062430620193481445 pose={'x_m': -0.5242515850093403, 'y_m': 0.028740238385552917, 'heading_rad': 1.7402479250868552}
[map] navigate label=bin_docking distance_m=0.575 heading_error_rad=-0.119
[can] backend=detectnet_native no detections
[tag] no detections
[map] motion direction=forward speed=0.2 effective_seconds=0.062454938888549805 pose={'x_m': -0.5222508713043265, 'y_m': 0.028397931647497612, 'heading_rad': 1.7402479250868552}
[map] navigate label=bin_docking distance_m=0.573 heading_error_rad=-0.120
[can] backend=detectnet_native no detections
[tag] no detections
[map] motion direction=forward speed=0.2 effective_seconds=0.06319236755371094 pose={'x_m': -0.5202265344293421, 'y_m': 0.028051583166620812, 'heading_rad': 1.7402479250868552}
[map] navigate label=bin_docking distance_m=0.571 heading_error_rad=-0.120
[map] motion direction=forward speed=0.2 effective_seconds=0.016974687576293945 pose={'x_m': -0.5196827585378497, 'y_m': 0.02795854729088138, 'heading_rad': 1.7402479250868552}
[base] continuous stop label=map_forward_bin_docking elapsed=0.017s
[base] stop
[base] continuous start label=map_turn_bin_docking direction=left requested_speed=0.15 effective_speed=0.15
[can] backend=detectnet_native no detections
[tag] no detections
[map] motion direction=left speed=0.15 effective_seconds=0.06561803817749023 pose={'x_m': -0.5196827585378497, 'y_m': 0.02795854729088138, 'heading_rad': 1.7289212686757898}
[map] navigate label=bin_docking distance_m=0.570 heading_error_rad=-0.109
[map] motion direction=left speed=0.15 effective_seconds=0.021167516708374023 pose={'x_m': -0.5196827585378497, 'y_m': 0.02795854729088138, 'heading_rad': 1.7252674381820663}
[base] continuous stop label=map_turn_bin_docking elapsed=0.021s
[base] stop
[base] continuous start label=map_forward_bin_docking direction=forward requested_speed=0.2 effective_speed=0.2
[can] backend=detectnet_native no detections
[tag] no detections
[map] motion direction=forward speed=0.2 effective_seconds=0.06216692924499512 pose={'x_m': -0.5176863904544577, 'y_m': 0.027647689660643734, 'heading_rad': 1.7252674381820663}
[map] navigate label=bin_docking distance_m=0.568 heading_error_rad=-0.106
[can] backend=detectnet_native no detections
[tag] no detections
[map] motion direction=forward speed=0.2 effective_seconds=0.06158256530761719 pose={'x_m': -0.5157087880641413, 'y_m': 0.027339754066140778, 'heading_rad': 1.7252674381820663}
[map] navigate label=bin_docking distance_m=0.566 heading_error_rad=-0.106
[can] backend=detectnet_native no detections
[tag] no detections
[map] motion direction=forward speed=0.2 effective_seconds=0.06250166893005371 pose={'x_m': -0.5137016704772495, 'y_m': 0.02702722261371974, 'heading_rad': 1.7252674381820663}
[map] navigate label=bin_docking distance_m=0.564 heading_error_rad=-0.107
[can] backend=detectnet_native no detections
[tag] no detections
[map] motion direction=forward speed=0.2 effective_seconds=0.06031465530395508 pose={'x_m': -0.5117647845111584, 'y_m': 0.026725627037999754, 'heading_rad': 1.7252674381820663}
[map] navigate label=bin_docking distance_m=0.562 heading_error_rad=-0.107
[can] backend=detectnet_native no detections
[tag] no detections
[map] motion direction=forward speed=0.2 effective_seconds=0.060278892517089844 pose={'x_m': -0.5098290469962959, 'y_m': 0.026424210289436114, 'heading_rad': 1.7252674381820663}
[map] navigate label=bin_docking distance_m=0.560 heading_error_rad=-0.107
[can] backend=detectnet_native no detections
[tag] no detections
[map] motion direction=forward speed=0.2 effective_seconds=0.06295990943908691 pose={'x_m': -0.5078072139209947, 'y_m': 0.026109387465051766, 'heading_rad': 1.7252674381820663}
[map] navigate label=bin_docking distance_m=0.558 heading_error_rad=-0.108
[can] backend=detectnet_native no detections
[tag] no detections
[map] motion direction=forward speed=0.2 effective_seconds=0.06693887710571289 pose={'x_m': -0.5056576041619972, 'y_m': 0.025774668331252408, 'heading_rad': 1.7252674381820663}
[map] navigate label=bin_docking distance_m=0.556 heading_error_rad=-0.108
[can] backend=detectnet_native no detections
[tag] no detections
[map] motion direction=forward speed=0.2 effective_seconds=0.06189250946044922 pose={'x_m': -0.5036700485276995, 'y_m': 0.025465182901394455, 'heading_rad': 1.7252674381820663}
[map] navigate label=bin_docking distance_m=0.554 heading_error_rad=-0.109
[can] backend=detectnet_native no detections
[tag] no detections
[map] motion direction=forward speed=0.2 effective_seconds=0.06265830993652344 pose={'x_m': -0.5016579007244262, 'y_m': 0.02515186818602862, 'heading_rad': 1.7252674381820663}
[map] navigate label=bin_docking distance_m=0.552 heading_error_rad=-0.109
[can] backend=detectnet_native no detections
[tag] no detections
[map] motion direction=forward speed=0.2 effective_seconds=0.0621945858001709 pose={'x_m': -0.49966064450541736, 'y_m': 0.024840872262790067, 'heading_rad': 1.7252674381820663}
[map] navigate label=bin_docking distance_m=0.550 heading_error_rad=-0.109
[can] backend=detectnet_native no detections
[tag] no detections
[map] motion direction=forward speed=0.2 effective_seconds=0.0634317398071289 pose={'x_m': -0.49762365953023985, 'y_m': 0.024523690112123, 'heading_rad': 1.7252674381820663}
[map] navigate label=bin_docking distance_m=0.548 heading_error_rad=-0.110
[can] backend=detectnet_native no detections
[tag] no detections
[map] motion direction=forward speed=0.2 effective_seconds=0.06218576431274414 pose={'x_m': -0.4956266865958674, 'y_m': 0.024212738299583012, 'heading_rad': 1.7252674381820663}
[map] navigate label=bin_docking distance_m=0.546 heading_error_rad=-0.110
[can] backend=detectnet_native no detections
[tag] no detections
[map] motion direction=forward speed=0.2 effective_seconds=0.05784940719604492 pose={'x_m': -0.49376896720113583, 'y_m': 0.02392346987584045, 'heading_rad': 1.7252674381820663}
[map] navigate label=bin_docking distance_m=0.544 heading_error_rad=-0.111
[can] backend=detectnet_native no detections
[tag] no detections
[map] motion direction=forward speed=0.2 effective_seconds=0.06261873245239258 pose={'x_m': -0.49175809035055557, 'y_m': 0.02361035306252764, 'heading_rad': 1.7252674381820663}
[map] navigate label=bin_docking distance_m=0.542 heading_error_rad=-0.111
[can] backend=detectnet_native no detections
[tag] no detections
[map] motion direction=forward speed=0.2 effective_seconds=0.06430292129516602 pose={'x_m': -0.48969312910344887, 'y_m': 0.023288814682331994, 'heading_rad': 1.7252674381820663}
[map] navigate label=bin_docking distance_m=0.540 heading_error_rad=-0.111
[can] backend=detectnet_native no detections
[tag] no detections
[map] motion direction=forward speed=0.2 effective_seconds=0.06061148643493652 pose={'x_m': -0.48774671099216027, 'y_m': 0.022985734841214342, 'heading_rad': 1.7252674381820663}
[map] navigate label=bin_docking distance_m=0.538 heading_error_rad=-0.112
[can] backend=detectnet_native no detections
[tag] no detections
[map] motion direction=forward speed=0.2 effective_seconds=0.062367916107177734 pose={'x_m': -0.4857438886128634, 'y_m': 0.022673872202358034, 'heading_rad': 1.7252674381820663}
[map] navigate label=bin_docking distance_m=0.536 heading_error_rad=-0.112
[can] backend=detectnet_native no detections
[tag] no detections
[map] motion direction=forward speed=0.2 effective_seconds=0.06201004981994629 pose={'x_m': -0.4837525584021942, 'y_m': 0.022363799027246226, 'heading_rad': 1.7252674381820663}
[map] navigate label=bin_docking distance_m=0.534 heading_error_rad=-0.113
[can] backend=detectnet_native no detections
[tag] no detections
[map] motion direction=forward speed=0.2 effective_seconds=0.06395888328552246 pose={'x_m': -0.48169864525590683, 'y_m': 0.022043980964294625, 'heading_rad': 1.7252674381820663}
[map] navigate label=bin_docking distance_m=0.532 heading_error_rad=-0.113
[can] backend=detectnet_native no detections
[tag] no detections
[map] motion direction=forward speed=0.2 effective_seconds=0.06162309646606445 pose={'x_m': -0.47971974128753136, 'y_m': 0.021735842699014477, 'heading_rad': 1.7252674381820663}
[map] navigate label=bin_docking distance_m=0.530 heading_error_rad=-0.113
[can] backend=detectnet_native no detections
[tag] no detections
[map] motion direction=forward speed=0.2 effective_seconds=0.06095433235168457 pose={'x_m': -0.47776231335713104, 'y_m': 0.02143104850155799, 'heading_rad': 1.7252674381820663}
[map] navigate label=bin_docking distance_m=0.528 heading_error_rad=-0.114
[can] backend=detectnet_native no detections
[tag] no detections
[map] motion direction=forward speed=0.2 effective_seconds=0.06265592575073242 pose={'x_m': -0.475750242117273, 'y_m': 0.02111774570800258, 'heading_rad': 1.7252674381820663}
[map] navigate label=bin_docking distance_m=0.526 heading_error_rad=-0.114
[can] backend=detectnet_native no detections
[tag] no detections
[map] motion direction=forward speed=0.2 effective_seconds=0.062067508697509766 pose={'x_m': -0.47375706672829654, 'y_m': 0.020807385217259576, 'heading_rad': 1.7252674381820663}
[map] navigate label=bin_docking distance_m=0.524 heading_error_rad=-0.115
[can] backend=detectnet_native no detections
[tag] no detections
[map] motion direction=forward speed=0.2 effective_seconds=0.0620114803314209 pose={'x_m': -0.47176569057957823, 'y_m': 0.020497304889061513, 'heading_rad': 1.7252674381820663}
[map] navigate label=bin_docking distance_m=0.522 heading_error_rad=-0.115
[can] backend=detectnet_native no detections
[tag] no detections
[map] motion direction=forward speed=0.2 effective_seconds=0.0600130558013916 pose={'x_m': -0.4698384898855152, 'y_m': 0.020197217422360043, 'heading_rad': 1.7252674381820663}
[map] navigate label=bin_docking distance_m=0.520 heading_error_rad=-0.116
[can] backend=detectnet_native no detections
[tag] no detections
[map] motion direction=forward speed=0.2 effective_seconds=0.06254267692565918 pose={'x_m': -0.46783005540788114, 'y_m': 0.01988448091479973, 'heading_rad': 1.7252674381820663}
[map] navigate label=bin_docking distance_m=0.518 heading_error_rad=-0.116
[can] backend=detectnet_native no detections
[tag] no detections
[map] motion direction=forward speed=0.2 effective_seconds=0.06100296974182129 pose={'x_m': -0.4658710655838099, 'y_m': 0.019579443512410612, 'heading_rad': 1.7252674381820663}
[map] navigate label=bin_docking distance_m=0.516 heading_error_rad=-0.117
[can] backend=detectnet_native no detections
[tag] no detections
[map] motion direction=forward speed=0.2 effective_seconds=0.06205415725708008 pose={'x_m': -0.4638783189499588, 'y_m': 0.019269149783805978, 'heading_rad': 1.7252674381820663}
[map] navigate label=bin_docking distance_m=0.514 heading_error_rad=-0.117
[can] backend=detectnet_native no detections
[tag] no detections
[map] motion direction=forward speed=0.2 effective_seconds=0.061734914779663086 pose={'x_m': -0.4618958241574085, 'y_m': 0.01896045238561699, 'heading_rad': 1.7252674381820663}
[map] navigate label=bin_docking distance_m=0.512 heading_error_rad=-0.117
[can] backend=detectnet_native no detections
[tag] no detections
[map] motion direction=forward speed=0.2 effective_seconds=0.06337428092956543 pose={'x_m': -0.4598606843605383, 'y_m': 0.018643557550581117, 'heading_rad': 1.7252674381820663}
[map] navigate label=bin_docking distance_m=0.510 heading_error_rad=-0.118
[can] backend=detectnet_native no detections
[tag] no detections
[map] motion direction=forward speed=0.2 effective_seconds=0.061188459396362305 pose={'x_m': -0.4578957379027613, 'y_m': 0.018337592631341087, 'heading_rad': 1.7252674381820663}
[map] navigate label=bin_docking distance_m=0.508 heading_error_rad=-0.118
[can] backend=detectnet_native no detections
[tag] no detections
[map] motion direction=forward speed=0.2 effective_seconds=0.06354451179504395 pose={'x_m': -0.45585513147804285, 'y_m': 0.01801984657904101, 'heading_rad': 1.7252674381820663}
[map] navigate label=bin_docking distance_m=0.506 heading_error_rad=-0.119
[can] backend=detectnet_native no detections
[tag] no detections
[map] motion direction=forward speed=0.2 effective_seconds=0.061731576919555664 pose={'x_m': -0.4538727438742739, 'y_m': 0.017711165871386613, 'heading_rad': 1.7252674381820663}
[map] navigate label=bin_docking distance_m=0.504 heading_error_rad=-0.119
[can] backend=detectnet_native no detections
[tag] no detections
[map] motion direction=forward speed=0.2 effective_seconds=0.059320926666259766 pose={'x_m': -0.4519677695396554, 'y_m': 0.01741453930625095, 'heading_rad': 1.7252674381820663}
[map] navigate label=bin_docking distance_m=0.502 heading_error_rad=-0.120
[can] backend=detectnet_native no detections
[tag] no detections
[map] motion direction=forward speed=0.2 effective_seconds=0.06270933151245117 pose={'x_m': -0.449953983279296, 'y_m': 0.017100969464142066, 'heading_rad': 1.7252674381820663}
[map] navigate label=bin_docking distance_m=0.500 heading_error_rad=-0.120
[map] motion direction=forward speed=0.2 effective_seconds=0.0183103084564209 pose={'x_m': -0.4493659839065844, 'y_m': 0.01700941115227416, 'heading_rad': 1.7252674381820663}
[base] continuous stop label=map_forward_bin_docking elapsed=0.018s
[base] stop
[base] continuous start label=map_turn_bin_docking direction=left requested_speed=0.15 effective_speed=0.15
[can] backend=detectnet_native no detections
[tag] no detections
[map] motion direction=left speed=0.15 effective_seconds=0.06125450134277344 pose={'x_m': -0.4493659839065844, 'y_m': 0.01700941115227416, 'heading_rad': 1.7146939935986723}
[map] navigate label=bin_docking distance_m=0.500 heading_error_rad=-0.110
[map] motion direction=left speed=0.15 effective_seconds=0.016934633255004883 pose={'x_m': -0.4493659839065844, 'y_m': 0.01700941115227416, 'heading_rad': 1.711770822201685}
[base] continuous stop label=map_turn_bin_docking elapsed=0.017s
[base] stop
[base] continuous start label=map_forward_bin_docking direction=forward requested_speed=0.2 effective_speed=0.2
[can] backend=detectnet_native no detections
[tag] no detections
[map] motion direction=forward speed=0.2 effective_seconds=0.06525373458862305 pose={'x_m': -0.44726627630792537, 'y_m': 0.01671142930128299, 'heading_rad': 1.711770822201685}
[map] navigate label=bin_docking distance_m=0.498 heading_error_rad=-0.107
[can] backend=detectnet_native no detections
[tag] no detections
[map] motion direction=forward speed=0.2 effective_seconds=0.062098026275634766 pose={'x_m': -0.44526811178209896, 'y_m': 0.016427858024801015, 'heading_rad': 1.711770822201685}
[map] navigate label=bin_docking distance_m=0.496 heading_error_rad=-0.108
[can] backend=detectnet_native no detections
[tag] no detections
[map] motion direction=forward speed=0.2 effective_seconds=0.06313562393188477 pose={'x_m': -0.44323655986937566, 'y_m': 0.016139548547936446, 'heading_rad': 1.711770822201685}
[map] navigate label=bin_docking distance_m=0.494 heading_error_rad=-0.108
[can] backend=detectnet_native no detections
[tag] no detections
[map] motion direction=forward speed=0.2 effective_seconds=0.06337189674377441 pose={'x_m': -0.4411974052681379, 'y_m': 0.01585016012884321, 'heading_rad': 1.711770822201685}
[map] navigate label=bin_docking distance_m=0.491 heading_error_rad=-0.109
[can] backend=detectnet_native no detections
[tag] no detections
[map] motion direction=forward speed=0.2 effective_seconds=0.06443047523498535 pose={'x_m': -0.4391241881674005, 'y_m': 0.015555937700168467, 'heading_rad': 1.711770822201685}
[map] navigate label=bin_docking distance_m=0.489 heading_error_rad=-0.109
[can] backend=detectnet_native no detections
[tag] no detections
[map] motion direction=forward speed=0.2 effective_seconds=0.06038093566894531 pose={'x_m': -0.4371812754707174, 'y_m': 0.01528020753562478, 'heading_rad': 1.711770822201685}
[map] navigate label=bin_docking distance_m=0.487 heading_error_rad=-0.110
[can] backend=detectnet_native no detections
[tag] no detections
[map] motion direction=forward speed=0.2 effective_seconds=0.06341361999511719 pose={'x_m': -0.43514077831600834, 'y_m': 0.014990628586874616, 'heading_rad': 1.711770822201685}
[map] navigate label=bin_docking distance_m=0.485 heading_error_rad=-0.110
[can] backend=detectnet_native no detections
[tag] no detections
[map] motion direction=forward speed=0.2 effective_seconds=0.06059885025024414 pose={'x_m': -0.4331908536543381, 'y_m': 0.014713903313151313, 'heading_rad': 1.711770822201685}
[map] navigate label=bin_docking distance_m=0.483 heading_error_rad=-0.111
[can] backend=detectnet_native no detections
[tag] no detections
[map] motion direction=forward speed=0.2 effective_seconds=0.06182432174682617 pose={'x_m': -0.4312014962792832, 'y_m': 0.014431581911218789, 'heading_rad': 1.711770822201685}
[map] navigate label=bin_docking distance_m=0.481 heading_error_rad=-0.111
[can] backend=detectnet_native no detections
[tag] no detections
[map] motion direction=forward speed=0.2 effective_seconds=0.06308817863464355 pose={'x_m': -0.4291714710416501, 'y_m': 0.014143489093792668, 'heading_rad': 1.711770822201685}
[map] navigate label=bin_docking distance_m=0.479 heading_error_rad=-0.111
[can] backend=detectnet_native no detections
[tag] no detections
[map] motion direction=forward speed=0.2 effective_seconds=0.06346321105957031 pose={'x_m': -0.4271293781662438, 'y_m': 0.013853683686935982, 'heading_rad': 1.711770822201685}
[map] navigate label=bin_docking distance_m=0.477 heading_error_rad=-0.112
[can] backend=detectnet_native no detections
[tag] no detections
[map] motion direction=forward speed=0.2 effective_seconds=0.0636909008026123 pose={'x_m': -0.4250799587847514, 'y_m': 0.013562838532522914, 'heading_rad': 1.711770822201685}
[map] navigate label=bin_docking distance_m=0.475 heading_error_rad=-0.112
[can] backend=detectnet_native no detections
[tag] no detections
[map] motion direction=forward speed=0.2 effective_seconds=0.0633854866027832 pose={'x_m': -0.42304036689466873, 'y_m': 0.013273388055198563, 'heading_rad': 1.711770822201685}
[map] navigate label=bin_docking distance_m=0.473 heading_error_rad=-0.113
[can] backend=detectnet_native no detections
[tag] no detections
[map] motion direction=forward speed=0.2 effective_seconds=0.06393837928771973 pose={'x_m': -0.4209829842531582, 'y_m': 0.012981412787734684, 'heading_rad': 1.711770822201685}
[map] navigate label=bin_docking distance_m=0.471 heading_error_rad=-0.113
[can] backend=detectnet_native no detections
[tag] no detections
[map] motion direction=forward speed=0.2 effective_seconds=0.06239128112792969 pose={'x_m': -0.4189753834943623, 'y_m': 0.012696502359949723, 'heading_rad': 1.711770822201685}
[map] navigate label=bin_docking distance_m=0.469 heading_error_rad=-0.114
[can] backend=detectnet_native no detections
[tag] no detections
[map] motion direction=forward speed=0.2 effective_seconds=0.05937767028808594 pose={'x_m': -0.4170647534548626, 'y_m': 0.0124253536170995, 'heading_rad': 1.711770822201685}
[map] navigate label=bin_docking distance_m=0.467 heading_error_rad=-0.114
[can] backend=detectnet_native no detections
[tag] no detections
[map] motion direction=forward speed=0.2 effective_seconds=0.06110262870788574 pose={'x_m': -0.4150986184189936, 'y_m': 0.012146327833861395, 'heading_rad': 1.711770822201685}
[map] navigate label=bin_docking distance_m=0.465 heading_error_rad=-0.115
[can] backend=detectnet_native no detections
[tag] no detections
[map] motion direction=forward speed=0.2 effective_seconds=0.0634925365447998 pose={'x_m': -0.41305558192029035, 'y_m': 0.011856388511874412, 'heading_rad': 1.711770822201685}
[map] navigate label=bin_docking distance_m=0.463 heading_error_rad=-0.115
[can] backend=detectnet_native no detections
[tag] no detections
[map] motion direction=forward speed=0.2 effective_seconds=0.06499338150024414 pose={'x_m': -0.410964251855292, 'y_m': 0.011559595565942476, 'heading_rad': 1.711770822201685}
[map] navigate label=bin_docking distance_m=0.461 heading_error_rad=-0.116
[can] backend=detectnet_native no detections
[tag] no detections
[map] motion direction=forward speed=0.2 effective_seconds=0.06324481964111328 pose={'x_m': -0.408929186288341, 'y_m': 0.0112707874457472, 'heading_rad': 1.711770822201685}
[map] navigate label=bin_docking distance_m=0.459 heading_error_rad=-0.116
[can] backend=detectnet_native no detections
[tag] no detections
[map] motion direction=forward speed=0.2 effective_seconds=0.0631108283996582 pose={'x_m': -0.40689843223596633, 'y_m': 0.01098259119793589, 'heading_rad': 1.711770822201685}
[map] navigate label=bin_docking distance_m=0.457 heading_error_rad=-0.117
[can] backend=detectnet_native no detections
[tag] no detections
[map] motion direction=forward speed=0.2 effective_seconds=0.06181621551513672 pose={'x_m': -0.4049093356998716, 'y_m': 0.010700306813193854, 'heading_rad': 1.711770822201685}
[map] navigate label=bin_docking distance_m=0.455 heading_error_rad=-0.117
[can] backend=detectnet_native no detections
[tag] no detections
[map] motion direction=forward speed=0.2 effective_seconds=0.06157827377319336 pose={'x_m': -0.4029278955544301, 'y_m': 0.01041910899186676, 'heading_rad': 1.711770822201685}
[map] navigate label=bin_docking distance_m=0.453 heading_error_rad=-0.118
[can] backend=detectnet_native no detections
[tag] no detections
[map] motion direction=forward speed=0.2 effective_seconds=0.062087297439575195 pose={'x_m': -0.4009300762566391, 'y_m': 0.010135586708725136, 'heading_rad': 1.711770822201685}
[map] navigate label=bin_docking distance_m=0.451 heading_error_rad=-0.119
[can] backend=detectnet_native no detections
[tag] no detections
[map] motion direction=forward speed=0.2 effective_seconds=0.06180286407470703 pose={'x_m': -0.39894140933765515, 'y_m': 0.009853363293473317, 'heading_rad': 1.711770822201685}
[map] navigate label=bin_docking distance_m=0.449 heading_error_rad=-0.119
[can] backend=detectnet_native no detections
[tag] no detections
[map] motion direction=forward speed=0.2 effective_seconds=0.06160569190979004 pose={'x_m': -0.3969590869427897, 'y_m': 0.0095720402669431, 'heading_rad': 1.711770822201685}
[map] navigate label=bin_docking distance_m=0.447 heading_error_rad=-0.120
[can] backend=detectnet_native no detections
[tag] no detections
[map] motion direction=forward speed=0.2 effective_seconds=0.06212449073791504 pose={'x_m': -0.3949600708544758, 'y_m': 0.009288348140221584, 'heading_rad': 1.711770822201685}
[map] navigate label=bin_docking distance_m=0.445 heading_error_rad=-0.120
[map] motion direction=forward speed=0.2 effective_seconds=0.01670360565185547 pose={'x_m': -0.3944225891619212, 'y_m': 0.009212070952996284, 'heading_rad': 1.711770822201685}
[base] continuous stop label=map_forward_bin_docking elapsed=0.017s
[base] stop
[base] continuous start label=map_turn_bin_docking direction=left requested_speed=0.15 effective_speed=0.15
[can] backend=detectnet_native no detections
[tag] no detections
[map] motion direction=left speed=0.15 effective_seconds=0.06189370155334473 pose={'x_m': -0.3944225891619212, 'y_m': 0.009212070952996284, 'heading_rad': 1.701087042086109}
[map] navigate label=bin_docking distance_m=0.445 heading_error_rad=-0.110
[map] motion direction=left speed=0.15 effective_seconds=0.017096519470214844 pose={'x_m': -0.3944225891619212, 'y_m': 0.009212070952996284, 'heading_rad': 1.6981359267031646}
[base] continuous stop label=map_turn_bin_docking elapsed=0.017s
[base] stop
[base] continuous start label=map_forward_bin_docking direction=forward requested_speed=0.2 effective_speed=0.2
[can] backend=detectnet_native no detections
[tag] no detections
[map] motion direction=forward speed=0.2 effective_seconds=0.061814308166503906 pose={'x_m': -0.392429890207898, 'y_m': 0.008956940963027044, 'heading_rad': 1.6981359267031646}
[map] navigate label=bin_docking distance_m=0.443 heading_error_rad=-0.107
[can] backend=detectnet_native no detections
[tag] no detections
[map] motion direction=forward speed=0.2 effective_seconds=0.06732916831970215 pose={'x_m': -0.39025940950099547, 'y_m': 0.008679049152092708, 'heading_rad': 1.6981359267031646}
[map] navigate label=bin_docking distance_m=0.440 heading_error_rad=-0.108
[can] backend=detectnet_native no detections
[tag] no detections
[map] motion direction=forward speed=0.2 effective_seconds=0.06216835975646973 pose={'x_m': -0.38825529703683326, 'y_m': 0.008422457863254712, 'heading_rad': 1.6981359267031646}
[map] navigate label=bin_docking distance_m=0.438 heading_error_rad=-0.108
[can] backend=detectnet_native no detections
[tag] no detections
[map] motion direction=forward speed=0.2 effective_seconds=0.061150550842285156 pose={'x_m': -0.3862839955321212, 'y_m': 0.008170067439649521, 'heading_rad': 1.6981359267031646}
[map] navigate label=bin_docking distance_m=0.436 heading_error_rad=-0.109
[can] backend=detectnet_native no detections
[tag] no detections
[map] motion direction=forward speed=0.2 effective_seconds=0.06094980239868164 pose={'x_m': -0.3843191655260873, 'y_m': 0.007918505577423112, 'heading_rad': 1.6981359267031646}
[map] navigate label=bin_docking distance_m=0.434 heading_error_rad=-0.109
[can] backend=detectnet_native no detections
[tag] no detections
[map] motion direction=forward speed=0.2 effective_seconds=0.06276345252990723 pose={'x_m': -0.38229586914185304, 'y_m': 0.007659458125638038, 'heading_rad': 1.6981359267031646}
[map] navigate label=bin_docking distance_m=0.432 heading_error_rad=-0.110
[can] backend=detectnet_native no detections
[tag] no detections
[map] motion direction=forward speed=0.2 effective_seconds=0.06064438819885254 pose={'x_m': -0.3803408847294138, 'y_m': 0.007409156818193363, 'heading_rad': 1.6981359267031646}
[map] navigate label=bin_docking distance_m=0.430 heading_error_rad=-0.110
[can] backend=detectnet_native no detections
[tag] no detections
[map] motion direction=forward speed=0.2 effective_seconds=0.06447386741638184 pose={'x_m': -0.37826244994670316, 'y_m': 0.007143049866014722, 'heading_rad': 1.6981359267031646}
[map] navigate label=bin_docking distance_m=0.428 heading_error_rad=-0.111
[can] backend=detectnet_native no detections
[tag] no detections
[map] motion direction=forward speed=0.2 effective_seconds=0.06139087677001953 pose={'x_m': -0.3762834010896543, 'y_m': 0.006889667530450134, 'heading_rad': 1.6981359267031646}
[map] navigate label=bin_docking distance_m=0.426 heading_error_rad=-0.111
[can] backend=detectnet_native no detections
[tag] no detections
[map] motion direction=forward speed=0.2 effective_seconds=0.06403207778930664 pose={'x_m': -0.3742192082155549, 'y_m': 0.006625384003728599, 'heading_rad': 1.6981359267031646}
[map] navigate label=bin_docking distance_m=0.424 heading_error_rad=-0.112
[can] backend=detectnet_native no detections
[tag] no detections
[map] motion direction=forward speed=0.2 effective_seconds=0.06558108329772949 pose={'x_m': -0.3721050802738641, 'y_m': 0.0063547071714513065, 'heading_rad': 1.6981359267031646}
[map] navigate label=bin_docking distance_m=0.422 heading_error_rad=-0.112
[can] backend=detectnet_native no detections
[tag] no detections
[map] motion direction=forward speed=0.2 effective_seconds=0.06241893768310547 pose={'x_m': -0.37009288996515227, 'y_m': 0.006097081656949297, 'heading_rad': 1.6981359267031646}
[map] navigate label=bin_docking distance_m=0.420 heading_error_rad=-0.113
[can] backend=detectnet_native no detections
[tag] no detections
[map] motion direction=forward speed=0.2 effective_seconds=0.06059598922729492 pose={'x_m': -0.36813946578339196, 'y_m': 0.005846980109552, 'heading_rad': 1.6981359267031646}
[map] navigate label=bin_docking distance_m=0.418 heading_error_rad=-0.113
[can] backend=detectnet_native no detections
[tag] no detections
[map] motion direction=forward speed=0.2 effective_seconds=0.059873104095458984 pose={'x_m': -0.36620934514556536, 'y_m': 0.005599862170350033, 'heading_rad': 1.6981359267031646}
[map] navigate label=bin_docking distance_m=0.416 heading_error_rad=-0.114
[can] backend=detectnet_native no detections
[tag] no detections
[map] motion direction=forward speed=0.2 effective_seconds=0.062131404876708984 pose={'x_m': -0.3642064239905422, 'y_m': 0.005343423407656588, 'heading_rad': 1.6981359267031646}
[map] navigate label=bin_docking distance_m=0.414 heading_error_rad=-0.114
[can] backend=detectnet_native no detections
[tag] no detections
[map] motion direction=forward speed=0.2 effective_seconds=0.06461763381958008 pose={'x_m': -0.36212335463098727, 'y_m': 0.0050767230795736645, 'heading_rad': 1.6981359267031646}
[map] navigate label=bin_docking distance_m=0.412 heading_error_rad=-0.115
[map] motion direction=forward speed=0.2 effective_seconds=0.03970170021057129 pose={'x_m': -0.3608434966364685, 'y_m': 0.004912859814305032, 'heading_rad': 1.6981359267031646}
[base] continuous stop label=map_forward_bin_docking elapsed=0.040s
[base] stop
[fsm] MAP_NAVIGATING --TIMEOUT--> INTERMEDIATE reason=map navigation timeout
[fsm] INTERMEDIATE --RETRY--> PLANNING reason=retry 1/2 after MAP_NAVIGATING
[fsm] PLANNING --MAP_TARGET_AVAILABLE--> MAP_NAVIGATING
[can] backend=detectnet_native no detections
[tag] no detections
[map] navigate label=bin_docking distance_m=0.411 heading_error_rad=-0.115
[base] continuous start label=map_forward_bin_docking direction=forward requested_speed=0.2 effective_speed=0.2
[can] backend=detectnet_native no detections
[tag] no detections
[map] motion direction=forward speed=0.2 effective_seconds=0.061951637268066406 pose={'x_m': -0.3588463706239671, 'y_m': 0.0046571630175018496, 'heading_rad': 1.6981359267031646}
[map] navigate label=bin_docking distance_m=0.409 heading_error_rad=-0.116
[can] backend=detectnet_native no detections
[tag] no detections
[map] motion direction=forward speed=0.2 effective_seconds=0.06273984909057617 pose={'x_m': -0.3568238351404088, 'y_m': 0.004398212985641359, 'heading_rad': 1.6981359267031646}
[map] navigate label=bin_docking distance_m=0.407 heading_error_rad=-0.117
[can] backend=detectnet_native no detections
[tag] no detections
[map] motion direction=forward speed=0.2 effective_seconds=0.061847686767578125 pose={'x_m': -0.35483006016522767, 'y_m': 0.004142945230122202, 'heading_rad': 1.6981359267031646}
[map] navigate label=bin_docking distance_m=0.405 heading_error_rad=-0.117
[can] backend=detectnet_native no detections
[tag] no detections
[map] motion direction=forward speed=0.2 effective_seconds=0.059232473373413086 pose={'x_m': -0.3529205914477671, 'y_m': 0.0038984714054389855, 'heading_rad': 1.6981359267031646}
[map] navigate label=bin_docking distance_m=0.403 heading_error_rad=-0.118
[can] backend=detectnet_native no detections
[tag] no detections
[map] motion direction=forward speed=0.2 effective_seconds=0.06273317337036133 pose={'x_m': -0.35089827116844036, 'y_m': 0.0036395489266884784, 'heading_rad': 1.6981359267031646}
[map] navigate label=bin_docking distance_m=0.401 heading_error_rad=-0.118
[can] backend=detectnet_native no detections
[tag] no detections
[map] motion direction=forward speed=0.2 effective_seconds=0.06473970413208008 pose={'x_m': -0.3488112666457937, 'y_m': 0.0033723447703087185, 'heading_rad': 1.6981359267031646}
[map] navigate label=bin_docking distance_m=0.399 heading_error_rad=-0.119
[can] backend=detectnet_native no detections
[tag] no detections
[map] motion direction=forward speed=0.2 effective_seconds=0.062133073806762695 pose={'x_m': -0.34680829168971267, 'y_m': 0.0031158991193377776, 'heading_rad': 1.6981359267031646}
[map] navigate label=bin_docking distance_m=0.397 heading_error_rad=-0.119
[can] backend=detectnet_native no detections
[tag] no detections
[map] motion direction=forward speed=0.2 effective_seconds=0.06340551376342773 pose={'x_m': -0.34476429726991986, 'y_m': 0.0028542016487961, 'heading_rad': 1.6981359267031646}
[map] navigate label=bin_docking distance_m=0.395 heading_error_rad=-0.120
[map] motion direction=forward speed=0.2 effective_seconds=0.021699905395507812 pose={'x_m': -0.3440647605434462, 'y_m': 0.002764638296716243, 'heading_rad': 1.6981359267031646}
[base] continuous stop label=map_forward_bin_docking elapsed=0.022s
[base] stop
[base] continuous start label=map_turn_bin_docking direction=left requested_speed=0.15 effective_speed=0.15
[can] backend=detectnet_native no detections
[tag] no detections
[map] motion direction=left speed=0.15 effective_seconds=0.06199312210083008 pose={'x_m': -0.3440647605434462, 'y_m': 0.002764638296716243, 'heading_rad': 1.6874349851116772}
[map] navigate label=bin_docking distance_m=0.394 heading_error_rad=-0.110
[map] motion direction=left speed=0.15 effective_seconds=0.018099069595336914 pose={'x_m': -0.3440647605434462, 'y_m': 0.002764638296716243, 'heading_rad': 1.6843108145579668}
[base] continuous stop label=map_turn_bin_docking elapsed=0.018s
[base] stop
[base] continuous start label=map_forward_bin_docking direction=forward requested_speed=0.2 effective_speed=0.2
[can] backend=detectnet_native no detections
[tag] no detections
[map] motion direction=forward speed=0.2 effective_seconds=0.06337213516235352 pose={'x_m': -0.34201842139994176, 'y_m': 0.002531346264023379, 'heading_rad': 1.6843108145579668}
[map] navigate label=bin_docking distance_m=0.392 heading_error_rad=-0.107
[can] backend=detectnet_native no detections
[tag] no detections
[map] motion direction=forward speed=0.2 effective_seconds=0.0626215934753418 pose={'x_m': -0.3399963178740164, 'y_m': 0.0023008172027111557, 'heading_rad': 1.6843108145579668}
[map] navigate label=bin_docking distance_m=0.390 heading_error_rad=-0.108
[can] backend=detectnet_native no detections
[tag] no detections
[map] motion direction=forward speed=0.2 effective_seconds=0.058966636657714844 pose={'x_m': -0.3380922359546626, 'y_m': 0.002083743144977467, 'heading_rad': 1.6843108145579668}
[map] navigate label=bin_docking distance_m=0.388 heading_error_rad=-0.108
[can] backend=detectnet_native no detections
[tag] no detections
[map] motion direction=forward speed=0.2 effective_seconds=0.06266283988952637 pose={'x_m': -0.3360688005475933, 'y_m': 0.0018530622431160535, 'heading_rad': 1.6843108145579668}
[map] navigate label=bin_docking distance_m=0.386 heading_error_rad=-0.109
[can] backend=detectnet_native no detections
[tag] no detections
[map] motion direction=forward speed=0.2 effective_seconds=0.06229805946350098 pose={'x_m': -0.33405714420497634, 'y_m': 0.0016237242085393863, 'heading_rad': 1.6843108145579668}
[map] navigate label=bin_docking distance_m=0.384 heading_error_rad=-0.109
[can] backend=detectnet_native no detections
[tag] no detections
[map] motion direction=forward speed=0.2 effective_seconds=0.06129860877990723 pose={'x_m': -0.3320777609592118, 'y_m': 0.0013980654547847162, 'heading_rad': 1.6843108145579668}
[map] navigate label=bin_docking distance_m=0.382 heading_error_rad=-0.110
[can] backend=detectnet_native no detections
[tag] no detections
[map] motion direction=forward speed=0.2 effective_seconds=0.061177730560302734 pose={'x_m': -0.33010228097205996, 'y_m': 0.0011728516903851873, 'heading_rad': 1.6843108145579668}
[map] navigate label=bin_docking distance_m=0.380 heading_error_rad=-0.110
[can] backend=detectnet_native no detections
[tag] no detections
[map] motion direction=forward speed=0.2 effective_seconds=0.06027340888977051 pose={'x_m': -0.328156002286521, 'y_m': 0.0009509670080843787, 'heading_rad': 1.6843108145579668}
[map] navigate label=bin_docking distance_m=0.378 heading_error_rad=-0.111
[can] backend=detectnet_native no detections
[tag] no detections
[map] motion direction=forward speed=0.2 effective_seconds=0.06007742881774902 pose={'x_m': -0.32621605196109954, 'y_m': 0.0007298037878149827, 'heading_rad': 1.6843108145579668}
[map] navigate label=bin_docking distance_m=0.376 heading_error_rad=-0.112
[can] backend=detectnet_native no detections
[tag] no detections
[map] motion direction=forward speed=0.2 effective_seconds=0.06241106986999512 pose={'x_m': -0.32420074641812285, 'y_m': 0.0005000497276873548, 'heading_rad': 1.6843108145579668}
[map] navigate label=bin_docking distance_m=0.374 heading_error_rad=-0.112
[can] backend=detectnet_native no detections
[tag] no detections
[map] motion direction=forward speed=0.2 effective_seconds=0.06087064743041992 pose={'x_m': -0.32223518240156873, 'y_m': 0.0002759664293419129, 'heading_rad': 1.6843108145579668}
[map] navigate label=bin_docking distance_m=0.372 heading_error_rad=-0.113
[can] backend=detectnet_native no detections
[tag] no detections
[map] motion direction=forward speed=0.2 effective_seconds=0.06244015693664551 pose={'x_m': -0.3202189376129298, 'y_m': 4.610529090791967e-05, 'heading_rad': 1.6843108145579668}
[map] navigate label=bin_docking distance_m=0.370 heading_error_rad=-0.113
[can] backend=detectnet_native no detections
[tag] no detections
[map] motion direction=forward speed=0.2 effective_seconds=0.061356306076049805 pose={'x_m': -0.3182376912733107, 'y_m': -0.0001797658640774097, 'heading_rad': 1.6843108145579668}
[map] navigate label=bin_docking distance_m=0.368 heading_error_rad=-0.114
[can] backend=detectnet_native no detections
[tag] no detections
[map] motion direction=forward speed=0.2 effective_seconds=0.060770273208618164 pose={'x_m': -0.3162753684241647, 'y_m': -0.0004034796544967875, 'heading_rad': 1.6843108145579668}
[map] navigate label=bin_docking distance_m=0.366 heading_error_rad=-0.115
[can] backend=detectnet_native no detections
[tag] no detections
[map] motion direction=forward speed=0.2 effective_seconds=0.0582423210144043 pose={'x_m': -0.31439467526154696, 'y_m': -0.0006178872868637713, 'heading_rad': 1.6843108145579668}
[map] navigate label=bin_docking distance_m=0.364 heading_error_rad=-0.115
[can] backend=detectnet_native no detections
[tag] no detections
[map] motion direction=forward speed=0.2 effective_seconds=0.06460094451904297 pose={'x_m': -0.31230865683818154, 'y_m': -0.0008557029391550547, 'heading_rad': 1.6843108145579668}
[map] navigate label=bin_docking distance_m=0.362 heading_error_rad=-0.116
[can] backend=detectnet_native no detections
[tag] no detections
[map] motion direction=forward speed=0.2 effective_seconds=0.06372547149658203 pose={'x_m': -0.31025090816950174, 'y_m': -0.0010902957099629474, 'heading_rad': 1.6843108145579668}
[map] navigate label=bin_docking distance_m=0.360 heading_error_rad=-0.117
[can] backend=detectnet_native no detections
[tag] no detections
[map] motion direction=forward speed=0.2 effective_seconds=0.06199479103088379 pose={'x_m': -0.30824904461772357, 'y_m': -0.0013185173215421002, 'heading_rad': 1.6843108145579668}
[map] navigate label=bin_docking distance_m=0.358 heading_error_rad=-0.117
[can] backend=detectnet_native no detections
[tag] no detections
[map] motion direction=forward speed=0.2 effective_seconds=0.061493635177612305 pose={'x_m': -0.30626336380678126, 'y_m': -0.0015448940265640398, 'heading_rad': 1.6843108145579668}
[map] navigate label=bin_docking distance_m=0.356 heading_error_rad=-0.118
[can] backend=detectnet_native no detections
[tag] no detections
[map] motion direction=forward speed=0.2 effective_seconds=0.06655550003051758 pose={'x_m': -0.30411423115440905, 'y_m': -0.0017899049899666622, 'heading_rad': 1.6843108145579668}
[map] navigate label=bin_docking distance_m=0.354 heading_error_rad=-0.119
[can] backend=detectnet_native no detections
[tag] no detections
[map] motion direction=forward speed=0.2 effective_seconds=0.06043243408203125 pose={'x_m': -0.30216281741266765, 'y_m': -0.002012375092188337, 'heading_rad': 1.6843108145579668}
[map] navigate label=bin_docking distance_m=0.352 heading_error_rad=-0.119
[can] backend=detectnet_native no detections
[tag] no detections
[map] motion direction=forward speed=0.2 effective_seconds=0.06015896797180176 pose={'x_m': -0.300220234119898, 'y_m': -0.0022338384827919706, 'heading_rad': 1.6843108145579668}
[map] navigate label=bin_docking distance_m=0.350 heading_error_rad=-0.120
[can] backend=detectnet_native no detections
[tag] no detections
[map] motion direction=forward speed=0.2 effective_seconds=0.062252044677734375 pose={'x_m': -0.29821006363312375, 'y_m': -0.002463007122998732, 'heading_rad': 1.6843108145579668}
[map] navigate label=bin_docking distance_m=0.348 heading_error_rad=-0.121
[map] motion direction=forward speed=0.2 effective_seconds=0.017345428466796875 pose={'x_m': -0.29764996526904736, 'y_m': -0.002526860901233927, 'heading_rad': 1.6843108145579668}
[base] continuous stop label=map_forward_bin_docking elapsed=0.017s
[base] stop
[base] continuous start label=map_turn_bin_docking direction=left requested_speed=0.15 effective_speed=0.15
[can] backend=detectnet_native no detections
[tag] no detections
[map] motion direction=left speed=0.15 effective_seconds=0.060178279876708984 pose={'x_m': -0.29764996526904736, 'y_m': -0.002526860901233927, 'heading_rad': 1.6739231419224527}
[map] navigate label=bin_docking distance_m=0.348 heading_error_rad=-0.110
[map] motion direction=left speed=0.15 effective_seconds=0.016796588897705078 pose={'x_m': -0.29764996526904736, 'y_m': -0.002526860901233927, 'heading_rad': 1.671023799049573}
[base] continuous stop label=map_turn_bin_docking elapsed=0.017s
[base] stop
[base] continuous start label=map_forward_bin_docking direction=forward requested_speed=0.2 effective_speed=0.2
[can] backend=detectnet_native no detections
[tag] no detections
[map] motion direction=forward speed=0.2 effective_seconds=0.06609845161437988 pose={'x_m': -0.29551254648159864, 'y_m': -0.002741809223702785, 'heading_rad': 1.671023799049573}
[map] navigate label=bin_docking distance_m=0.346 heading_error_rad=-0.108
[can] backend=detectnet_native no detections
[tag] no detections
[map] motion direction=forward speed=0.2 effective_seconds=0.06261038780212402 pose={'x_m': -0.2934879208525681, 'y_m': -0.0029454145654089045, 'heading_rad': 1.671023799049573}
[map] navigate label=bin_docking distance_m=0.344 heading_error_rad=-0.109
[can] backend=detectnet_native no detections
[tag] no detections
[map] motion direction=forward speed=0.2 effective_seconds=0.06345057487487793 pose={'x_m': -0.29143612618114073, 'y_m': -0.0031517521466370942, 'heading_rad': 1.671023799049573}
[map] navigate label=bin_docking distance_m=0.341 heading_error_rad=-0.109
[can] backend=detectnet_native no detections
[tag] no detections
[map] motion direction=forward speed=0.2 effective_seconds=0.06374692916870117 pose={'x_m': -0.2893747483315921, 'y_m': -0.0033590534548022686, 'heading_rad': 1.671023799049573}
[map] navigate label=bin_docking distance_m=0.339 heading_error_rad=-0.110
[can] backend=detectnet_native no detections
[tag] no detections
[map] motion direction=forward speed=0.2 effective_seconds=0.0641634464263916 pose={'x_m': -0.28729990160659874, 'y_m': -0.0035677092528780723, 'heading_rad': 1.671023799049573}
[map] navigate label=bin_docking distance_m=0.337 heading_error_rad=-0.111
[can] backend=detectnet_native no detections
[tag] no detections
[map] motion direction=forward speed=0.2 effective_seconds=0.05999159812927246 pose={'x_m': -0.2853599595081263, 'y_m': -0.003762798442793493, 'heading_rad': 1.671023799049573}
[map] navigate label=bin_docking distance_m=0.335 heading_error_rad=-0.111
[can] backend=detectnet_native no detections
[tag] no detections
[map] motion direction=forward speed=0.2 effective_seconds=0.06771993637084961 pose={'x_m': -0.2831701069359612, 'y_m': -0.003983019739436472, 'heading_rad': 1.671023799049573}
[map] navigate label=bin_docking distance_m=0.333 heading_error_rad=-0.112
[can] backend=detectnet_native no detections
[tag] no detections
[map] motion direction=forward speed=0.2 effective_seconds=0.06003880500793457 pose={'x_m': -0.2812286383135402, 'y_m': -0.004178262443377253, 'heading_rad': 1.671023799049573}
[map] navigate label=bin_docking distance_m=0.331 heading_error_rad=-0.113
[can] backend=detectnet_native no detections
[tag] no detections
[map] motion direction=forward speed=0.2 effective_seconds=0.06269431114196777 pose={'x_m': -0.2792012988641568, 'y_m': -0.004382140698906235, 'heading_rad': 1.671023799049573}
[map] navigate label=bin_docking distance_m=0.329 heading_error_rad=-0.114
[can] backend=detectnet_native no detections
[tag] no detections
[map] motion direction=forward speed=0.2 effective_seconds=0.061116933822631836 pose={'x_m': -0.27722496690186116, 'y_m': -0.004580889415082771, 'heading_rad': 1.671023799049573}
[map] navigate label=bin_docking distance_m=0.327 heading_error_rad=-0.114
[can] backend=detectnet_native no detections
[tag] no detections
[map] motion direction=forward speed=0.2 effective_seconds=0.06276488304138184 pose={'x_m': -0.2751953453762718, 'y_m': -0.0047849971663264336, 'heading_rad': 1.671023799049573}
[map] navigate label=bin_docking distance_m=0.325 heading_error_rad=-0.115
[can] backend=detectnet_native no detections
[tag] no detections
[map] motion direction=forward speed=0.2 effective_seconds=0.062119483947753906 pose={'x_m': -0.27318659405436246, 'y_m': -0.004987006117233477, 'heading_rad': 1.671023799049573}
[map] navigate label=bin_docking distance_m=0.323 heading_error_rad=-0.116
[can] backend=detectnet_native no detections
[tag] no detections
[map] motion direction=forward speed=0.2 effective_seconds=0.06779766082763672 pose={'x_m': -0.2709942281144841, 'y_m': -0.005207480169291948, 'heading_rad': 1.671023799049573}
[map] navigate label=bin_docking distance_m=0.321 heading_error_rad=-0.116
[can] backend=detectnet_native no detections
[tag] no detections
[map] motion direction=forward speed=0.2 effective_seconds=0.06515860557556152 pose={'x_m': -0.2688872010311013, 'y_m': -0.005419372167074086, 'heading_rad': 1.671023799049573}
[map] navigate label=bin_docking distance_m=0.319 heading_error_rad=-0.117
[can] backend=detectnet_native no detections
[tag] no detections
[map] motion direction=forward speed=0.2 effective_seconds=0.061701059341430664 pose={'x_m': -0.266891980262372, 'y_m': -0.005620020425483617, 'heading_rad': 1.671023799049573}
[map] navigate label=bin_docking distance_m=0.317 heading_error_rad=-0.118
[can] backend=detectnet_native no detections
[tag] no detections
[map] motion direction=forward speed=0.2 effective_seconds=0.062120676040649414 pose={'x_m': -0.2648831903918781, 'y_m': -0.005822033253007463, 'heading_rad': 1.671023799049573}
[map] navigate label=bin_docking distance_m=0.315 heading_error_rad=-0.119
[can] backend=detectnet_native no detections
[tag] no detections
[map] motion direction=forward speed=0.2 effective_seconds=0.062296152114868164 pose={'x_m': -0.26286872616973717, 'y_m': -0.006024616718524567, 'heading_rad': 1.671023799049573}
[map] navigate label=bin_docking distance_m=0.313 heading_error_rad=-0.119
[can] backend=detectnet_native no detections
[tag] no detections
[map] motion direction=forward speed=0.2 effective_seconds=0.0638885498046875 pose={'x_m': -0.260802768748343, 'y_m': -0.006232378568765823, 'heading_rad': 1.671023799049573}
[map] navigate label=bin_docking distance_m=0.311 heading_error_rad=-0.120
[map] motion direction=forward speed=0.2 effective_seconds=0.0179140567779541 pose={'x_m': -0.2602234837487487, 'y_m': -0.006290634040096643, 'heading_rad': 1.671023799049573}
[base] continuous stop label=map_forward_bin_docking elapsed=0.018s
[base] stop
[base] continuous start label=map_turn_bin_docking direction=left requested_speed=0.15 effective_speed=0.15
[can] backend=detectnet_native no detections
[tag] no detections
[map] motion direction=left speed=0.15 effective_seconds=0.0654294490814209 pose={'x_m': -0.2602234837487487, 'y_m': -0.006290634040096643, 'heading_rad': 1.6597296959417358}
[map] navigate label=bin_docking distance_m=0.310 heading_error_rad=-0.109
[map] motion direction=left speed=0.15 effective_seconds=0.01997542381286621 pose={'x_m': -0.2602234837487487, 'y_m': -0.006290634040096643, 'heading_rad': 1.6562816385404808}
[base] continuous stop label=map_turn_bin_docking elapsed=0.020s
[base] stop
[base] continuous start label=map_forward_bin_docking direction=forward requested_speed=0.2 effective_speed=0.2
[can] backend=detectnet_native no detections
[tag] no detections
[map] motion direction=forward speed=0.2 effective_seconds=0.0599970817565918 pose={'x_m': -0.2582806989524476, 'y_m': -0.006457119345467708, 'heading_rad': 1.6562816385404808}
[map] navigate label=bin_docking distance_m=0.308 heading_error_rad=-0.106
[can] backend=detectnet_native no detections
[tag] no detections
[map] motion direction=forward speed=0.2 effective_seconds=0.06171059608459473 pose={'x_m': -0.25628242829771436, 'y_m': -0.006628359464703098, 'heading_rad': 1.6562816385404808}
[map] navigate label=bin_docking distance_m=0.306 heading_error_rad=-0.107
[can] backend=detectnet_native no detections
[tag] no detections
[map] motion direction=forward speed=0.2 effective_seconds=0.07252049446105957 pose={'x_m': -0.25393411884775174, 'y_m': -0.006829595863416501, 'heading_rad': 1.6562816385404808}
[map] navigate label=bin_docking distance_m=0.304 heading_error_rad=-0.108
[base] stop
[base] stop
[base] stop
[base] stop
[base] stop
[base] stop
[base] stop
[base] stop
[base] stop
[base] stop
[base] stop
[base] stop
[base] stop
[base] stop
[base] stop
[base] stop
[base] stop
[base] stop
[base] stop
[base] stop
[base] stop
[base] stop
[base] stop
[base] stop
[base] stop
[base] stop
[base] stop
[base] stop
[base] stop
[base] stop
[base] stop
[base] stop
[base] stop
[base] stop
[base] stop
[base] stop
[base] stop
[base] stop
[base] stop
[base] stop
[base] stop
[base] stop
[base] stop
[base] stop
[base] stop
[base] stop
[base] stop
[base] stop
[base] stop
[base] stop
[base] stop
[base] stop
[base] stop
[base] stop
[base] stop
[base] stop
[base] stop
[base] stop
[base] stop
[base] stop
[base] stop
[base] stop
[base] stop
[base] stop
[base] stop
[base] stop
[base] stop
[base] stop
[base] stop
[base] stop
[base] stop
[base] stop
[base] stop
[base] stop
[base] stop
[base] stop
[base] stop
[base] stop
[base] stop
[base] stop
[base] stop
[base] stop
[base] stop
[base] stop
[base] stop
[base] stop
[base] stop
[base] stop
[base] stop
[base] stop
[base] stop
[base] stop
[base] stop
[base] stop
[base] stop
[base] stop
[base] stop
[base] stop
[base] stop
[base] stop
[base] stop
[base] stop
[base] stop
[base] stop
[base] stop
[base] stop
[base] stop
[base] stop
[base] stop
[base] stop
[base] stop
[base] stop
[base] stop
[base] stop
[base] stop
[base] stop
[base] stop
[base] stop
[base] stop
[base] stop
[base] stop
[base] stop
[base] stop
[base] stop
[base] stop
[base] stop
[base] stop
[base] stop
[base] stop
[base] stop
[base] stop
[base] stop
[base] stop
[base] stop
[base] stop
[base] stop
[base] stop
[base] stop
[base] stop
[base] stop
[base] stop
[base] stop
[base] stop
[base] stop
[base] stop
[base] stop
[base] stop
[base] stop
[base] stop
[base] stop
[base] stop
[base] stop
[base] stop
[base] stop
[base] stop
[base] stop
[base] stop
[base] stop
[base] stop
[base] stop
[base] stop
[base] stop
[base] stop
[base] stop
[base] stop
[base] stop
[base] stop
[base] stop
[base] stop
[base] stop
[base] stop
[base] stop
[base] stop
[base] stop
[base] stop
[base] stop
[base] stop
[base] stop
[base] stop
[base] stop
[base] stop
[base] stop
[base] stop
[base] stop
[base] stop
[base] stop
[base] stop
[base] stop
[base] stop
[base] stop
[base] stop
[base] stop
[base] stop
[base] stop
[base] stop
[base] stop
[base] stop
[base] stop
[base] stop
[base] stop
[base] stop
[base] stop
[base] stop
[base] stop
[base] stop
[base] stop
[base] stop
[base] stop
[base] stop
[base] stop
[base] stop
[base] stop
[base] stop
[base] stop
[base] stop
[base] stop
[base] stop
[base] stop
[base] stop
[base] stop
[base] stop
[base] stop
[base] stop
[base] stop
[base] stop
[base] stop
[base] stop
[base] stop
[base] stop
[base] stop
[base] stop
[base] stop
[base] stop
[base] stop
[base] stop
[base] stop
[base] stop
[base] stop
[base] stop
[base] stop
[base] stop
[base] stop
[base] stop
[base] stop
[base] stop
[base] stop
[base] stop
[base] stop
[base] stop
[base] stop
[base] stop
[base] stop
[base] stop
[base] stop
[base] stop
[base] stop
[base] stop
[base] stop
[base] stop
[base] stop
[base] stop
[base] stop
[base] stop
[base] stop
[base] stop
[base] stop
[base] stop
[base] stop
[base] stop
[base] stop
[base] stop
[base] stop
[base] stop
[base] stop
[base] stop
[base] stop
[base] stop
[base] stop
[base] stop
[base] stop
[base] stop
[base] stop
[base] stop
[base] stop
[base] stop
[base] stop
[base] stop
[base] stop
[base] stop
[base] stop
[base] stop
[base] stop
[base] stop
[base] stop
[base] stop
[base] stop
[base] stop
[base] stop
[base] stop
[base] stop
[base] stop
[base] stop
[base] stop
[base] stop
[base] stop
[base] stop
[base] stop
[base] stop
[base] stop
[base] stop
[base] stop
[base] stop
[base] stop
[base] stop
[base] stop
[base] stop
[base] stop
[base] stop
[base] stop
[base] stop
[base] stop
[base] stop
[base] stop
[base] stop
[base] stop
[base] stop
[base] stop
[base] stop
[base] stop
[base] stop
[base] stop
[base] stop
[base] stop
[base] stop
[base] stop
[base] stop
[base] stop
[base] stop
[base] stop
[base] stop
[base] stop
[base] stop
[base] stop
[base] stop
[base] stop
[base] stop
[base] stop
[base] stop
[base] stop
[base] stop
[base] stop
[base] stop
[base] stop
[base] stop
[base] stop
[base] stop
[base] stop
[base] stop
[base] stop
[base] stop
[base] stop
[base] stop
[base] stop
[base] stop
[base] stop
[base] stop
[base] stop
[base] stop
[base] stop
[base] stop
[base] stop
[base] stop
[base] stop
[base] stop
[base] stop
[base] stop
[base] stop
[base] stop
[base] stop
[base] stop
[base] stop
[base] stop
[base] stop
[base] stop
[base] stop
[base] stop
[base] stop
[base] stop
[base] stop
[base] stop
[base] stop
[base] stop
[base] stop
[base] stop
[base] stop
[base] stop
[base] stop
[base] stop
[base] stop
[base] stop
[base] stop
[base] stop
[base] stop
[base] stop
[base] stop
[base] stop
[base] stop
[base] stop
[base] stop
[base] stop
[base] stop
[base] stop
[base] stop
[base] stop
[base] stop
[base] stop
[base] stop
[base] stop
[base] stop
[base] stop
[base] stop
[base] stop
[base] stop
[base] stop
[base] stop
[base] stop
[base] stop
[base] stop
