
>>> run_full_background log=/workspace/robot_code/temp_car/logs/integration_run_full_20260903_213740.log
[fsm] IDLE --START--> INITIALIZING
[depth] loading network fcn-mobilenet
[camera] starting JetBot Camera 320x240
[warmup] frame 1/2 processed
[warmup] frame 2/2 processed
[depth] started enabled=True
[arm] pose safe_home
[arm] TTLServo connected
[arm] safe_home servo=5 angle=0 speed=85
[arm] safe_home servo=4 angle=0 speed=85
[arm] safe_home servo=3 angle=0 speed=85
[arm] safe_home servo=2 angle=0 speed=85
[arm] safe_home servo=1 angle=-16 speed=85
[base] stop
[fsm] INITIALIZING --INITIALIZED--> PLANNING
[fsm] PLANNING --TARGET_REQUIRED--> SEARCHING
[can] loading native detectNet model=/workspace/robot_code/temp_car/assets/models/detectnet_native_can/can_ssd_mobilenet_v1.onnx
[can] native detectNet loaded threshold=0.300 clustering=0.300
[can] backend=detectnet_native no detections
[base] Robot connected
[base] continuous start label=search_can_routine_2_step_0 direction=forward requested_speed=0.6 effective_speed=0.6
[can] backend=detectnet_native no detections
[map] motion direction=forward speed=0.6 effective_seconds=0.06585335731506348 pose={'x_m': 0.0, 'y_m': 0.006832285821437836, 'heading_rad': 0.0}
[can] backend=detectnet_native no detections
[map] motion direction=forward speed=0.6 effective_seconds=0.05021047592163086 pose={'x_m': 0.0, 'y_m': 0.012041622698307036, 'heading_rad': 0.0}
[can] backend=detectnet_native no detections
[map] motion direction=forward speed=0.6 effective_seconds=0.05585217475891113 pose={'x_m': 0.0, 'y_m': 0.017836285829544066, 'heading_rad': 0.0}
[can] backend=detectnet_native no detections
[map] motion direction=forward speed=0.6 effective_seconds=0.055887460708618164 pose={'x_m': 0.0, 'y_m': 0.0236346098780632, 'heading_rad': 0.0}
[can] backend=detectnet_native no detections
[map] motion direction=forward speed=0.6 effective_seconds=0.056197166442871094 pose={'x_m': 0.0, 'y_m': 0.029465065896511076, 'heading_rad': 0.0}
[can] backend=detectnet_native no detections
[map] motion direction=forward speed=0.6 effective_seconds=0.05398249626159668 pose={'x_m': 0.0, 'y_m': 0.03506574988365173, 'heading_rad': 0.0}
[can] backend=detectnet_native no detections
[map] motion direction=forward speed=0.6 effective_seconds=0.05280590057373047 pose={'x_m': 0.0, 'y_m': 0.040544362068176264, 'heading_rad': 0.0}
[can] backend=detectnet_native no detections
[map] motion direction=forward speed=0.6 effective_seconds=0.05330705642700195 pose={'x_m': 0.0, 'y_m': 0.04607496917247772, 'heading_rad': 0.0}
[can] backend=detectnet_native no detections
[map] motion direction=forward speed=0.6 effective_seconds=0.04994773864746094 pose={'x_m': 0.0, 'y_m': 0.05125704705715179, 'heading_rad': 0.0}
[can] backend=detectnet_native no detections
[map] motion direction=forward speed=0.6 effective_seconds=0.050678253173828125 pose={'x_m': 0.0, 'y_m': 0.05651491582393646, 'heading_rad': 0.0}
[can] backend=detectnet_native no detections
[map] motion direction=forward speed=0.6 effective_seconds=0.04792451858520508 pose={'x_m': 0.0, 'y_m': 0.06148708462715149, 'heading_rad': 0.0}
[can] backend=detectnet_native no detections
[map] motion direction=forward speed=0.6 effective_seconds=0.04776310920715332 pose={'x_m': 0.0, 'y_m': 0.06644250720739364, 'heading_rad': 0.0}
[can] backend=detectnet_native no detections
[map] motion direction=forward speed=0.6 effective_seconds=0.049420833587646484 pose={'x_m': 0.0, 'y_m': 0.07156991869211196, 'heading_rad': 0.0}
[can] backend=detectnet_native no detections
[map] motion direction=forward speed=0.6 effective_seconds=0.04775738716125488 pose={'x_m': 0.0, 'y_m': 0.07652474761009216, 'heading_rad': 0.0}
[can] backend=detectnet_native no detections
[map] motion direction=forward speed=0.6 effective_seconds=0.048006534576416016 pose={'x_m': 0.0, 'y_m': 0.08150542557239532, 'heading_rad': 0.0}
[can] backend=detectnet_native no detections
[map] motion direction=forward speed=0.6 effective_seconds=0.04810810089111328 pose={'x_m': 0.0, 'y_m': 0.08649664103984832, 'heading_rad': 0.0}
[can] backend=detectnet_native no detections
[map] motion direction=forward speed=0.6 effective_seconds=0.048201799392700195 pose={'x_m': 0.0, 'y_m': 0.09149757772684096, 'heading_rad': 0.0}
[can] backend=detectnet_native no detections
[map] motion direction=forward speed=0.6 effective_seconds=0.04610157012939453 pose={'x_m': 0.0, 'y_m': 0.09628061562776564, 'heading_rad': 0.0}
[can] backend=detectnet_native no detections
[map] motion direction=forward speed=0.6 effective_seconds=0.04640316963195801 pose={'x_m': 0.0, 'y_m': 0.10109494447708128, 'heading_rad': 0.0}
[can] backend=detectnet_native no detections
[map] motion direction=forward speed=0.6 effective_seconds=0.04644608497619629 pose={'x_m': 0.0, 'y_m': 0.10591372579336165, 'heading_rad': 0.0}
[can] backend=detectnet_native no detections
[map] motion direction=forward speed=0.6 effective_seconds=0.046187400817871094 pose={'x_m': 0.0, 'y_m': 0.11070566862821578, 'heading_rad': 0.0}
[can] backend=detectnet_native no detections
[map] motion direction=forward speed=0.6 effective_seconds=0.049814462661743164 pose={'x_m': 0.0, 'y_m': 0.11587391912937163, 'heading_rad': 0.0}
[can] backend=detectnet_native no detections
[map] motion direction=forward speed=0.6 effective_seconds=0.0462801456451416 pose={'x_m': 0.0, 'y_m': 0.12067548424005507, 'heading_rad': 0.0}
[can] backend=detectnet_native no detections
[map] motion direction=forward speed=0.6 effective_seconds=0.046381473541259766 pose={'x_m': 0.0, 'y_m': 0.12548756211996076, 'heading_rad': 0.0}
[can] backend=detectnet_native no detections
[map] motion direction=forward speed=0.6 effective_seconds=0.046087026596069336 pose={'x_m': 0.0, 'y_m': 0.13026909112930296, 'heading_rad': 0.0}
[can] backend=detectnet_native no detections
[map] motion direction=forward speed=0.6 effective_seconds=0.04631209373474121 pose={'x_m': 0.0, 'y_m': 0.13507397085428235, 'heading_rad': 0.0}
[can] backend=detectnet_native no detections
[map] motion direction=forward speed=0.6 effective_seconds=0.04594087600708008 pose={'x_m': 0.0, 'y_m': 0.13984033674001692, 'heading_rad': 0.0}
[can] backend=detectnet_native no detections
[map] motion direction=forward speed=0.6 effective_seconds=0.0464167594909668 pose={'x_m': 0.0, 'y_m': 0.14465607553720472, 'heading_rad': 0.0}
[can] backend=detectnet_native no detections
[map] motion direction=forward speed=0.6 effective_seconds=0.04580044746398926 pose={'x_m': 0.0, 'y_m': 0.1494078719615936, 'heading_rad': 0.0}
[can] backend=detectnet_native no detections
[map] motion direction=forward speed=0.6 effective_seconds=0.046358585357666016 pose={'x_m': 0.0, 'y_m': 0.15421757519245147, 'heading_rad': 0.0}
[map] motion direction=forward speed=0.6 effective_seconds=0.017366409301757812 pose={'x_m': 0.0, 'y_m': 0.15601934015750885, 'heading_rad': 0.0}
[base] continuous stop label=search_can_routine_2_step_0 elapsed=0.017s
[base] stop
[can] backend=detectnet_native no detections
[base] continuous start label=search_can_routine_2_step_1 direction=left requested_speed=0.15 effective_speed=0.15
[can] backend=detectnet_native no detections
[map] motion direction=left speed=0.15 effective_seconds=0.04587531089782715 pose={'x_m': 0.0, 'y_m': 0.15601934015750885, 'heading_rad': -0.008096715713358016}
[can] backend=detectnet_native no detections
[map] motion direction=left speed=0.15 effective_seconds=0.04630017280578613 pose={'x_m': 0.0, 'y_m': 0.15601934015750885, 'heading_rad': -0.01626841699125725}
[can] backend=detectnet_native no detections
[map] motion direction=left speed=0.15 effective_seconds=0.04626655578613281 pose={'x_m': 0.0, 'y_m': 0.15601934015750885, 'heading_rad': -0.02443418506792172}
[can] backend=detectnet_native no detections
[map] motion direction=left speed=0.15 effective_seconds=0.04645276069641113 pose={'x_m': 0.0, 'y_m': 0.15601934015750885, 'heading_rad': -0.03263281718830502}
[can] backend=detectnet_native no detections
[map] motion direction=left speed=0.15 effective_seconds=0.04622936248779297 pose={'x_m': 0.0, 'y_m': 0.15601934015750885, 'heading_rad': -0.04079202087211398}
[can] backend=detectnet_native no detections
[map] motion direction=left speed=0.15 effective_seconds=0.046572208404541016 pose={'x_m': 0.0, 'y_m': 0.15601934015750885, 'heading_rad': -0.0490117347926291}
[can] backend=detectnet_native no detections
[map] motion direction=left speed=0.15 effective_seconds=0.0463869571685791 pose={'x_m': 0.0, 'y_m': 0.15601934015750885, 'heading_rad': -0.057198752987190904}
[can] backend=detectnet_native no detections
[map] motion direction=left speed=0.15 effective_seconds=0.04639291763305664 pose={'x_m': 0.0, 'y_m': 0.15601934015750885, 'heading_rad': -0.06538682316778743}
[can] backend=detectnet_native no detections
[map] motion direction=left speed=0.15 effective_seconds=0.04725337028503418 pose={'x_m': 0.0, 'y_m': 0.15601934015750885, 'heading_rad': -0.07372675805232864}
[can] backend=detectnet_native no detections
[map] motion direction=left speed=0.15 effective_seconds=0.04636812210083008 pose={'x_m': 0.0, 'y_m': 0.15601934015750885, 'heading_rad': -0.08191045197102165}
[can] backend=detectnet_native no detections
[map] motion direction=left speed=0.15 effective_seconds=0.046280860900878906 pose={'x_m': 0.0, 'y_m': 0.15601934015750885, 'heading_rad': -0.09007874481416911}
[can] backend=detectnet_native no detections
[map] motion direction=left speed=0.15 effective_seconds=0.046488046646118164 pose={'x_m': 0.0, 'y_m': 0.15601934015750885, 'heading_rad': -0.09828360469187647}
[can] backend=detectnet_native no detections
[map] motion direction=left speed=0.15 effective_seconds=0.04608607292175293 pose={'x_m': 0.0, 'y_m': 0.15601934015750885, 'heading_rad': -0.10641751863141558}
[can] backend=detectnet_native no detections
[map] motion direction=left speed=0.15 effective_seconds=0.046317100524902344 pose={'x_m': 0.0, 'y_m': 0.15601934015750885, 'heading_rad': -0.1145922075496526}
[can] backend=detectnet_native no detections
[map] motion direction=left speed=0.15 effective_seconds=0.0459747314453125 pose={'x_m': 0.0, 'y_m': 0.15601934015750885, 'heading_rad': -0.12270647039006644}
[can] backend=detectnet_native no detections
[map] motion direction=left speed=0.15 effective_seconds=0.04652762413024902 pose={'x_m': 0.0, 'y_m': 0.15601934015750885, 'heading_rad': -0.1309183154550433}
[can] backend=detectnet_native no detections
[map] motion direction=left speed=0.15 effective_seconds=0.046272993087768555 pose={'x_m': 0.0, 'y_m': 0.15601934015750885, 'heading_rad': -0.13908521967662502}
[can] backend=detectnet_native no detections
[map] motion direction=left speed=0.15 effective_seconds=0.04616665840148926 pose={'x_m': 0.0, 'y_m': 0.15601934015750885, 'heading_rad': -0.1472333564673507}
[can] backend=detectnet_native no detections
[map] motion direction=left speed=0.15 effective_seconds=0.04641318321228027 pose={'x_m': 0.0, 'y_m': 0.15601934015750885, 'heading_rad': -0.1554250034004645}
[can] backend=detectnet_native no detections
[map] motion direction=left speed=0.15 effective_seconds=0.04648160934448242 pose={'x_m': 0.0, 'y_m': 0.15601934015750885, 'heading_rad': -0.1636287271332546}
[can] backend=detectnet_native no detections
[map] motion direction=left speed=0.15 effective_seconds=0.04751324653625488 pose={'x_m': 0.0, 'y_m': 0.15601934015750885, 'heading_rad': -0.17201452860890099}
[can] backend=detectnet_native no detections
[map] motion direction=left speed=0.15 effective_seconds=0.04633736610412598 pose={'x_m': 0.0, 'y_m': 0.15601934015750885, 'heading_rad': -0.18019279427965573}
[can] backend=detectnet_native no detections
[map] motion direction=left speed=0.15 effective_seconds=0.04588913917541504 pose={'x_m': 0.0, 'y_m': 0.15601934015750885, 'heading_rad': -0.18829195060061377}
[can] backend=detectnet_native no detections
[map] motion direction=left speed=0.15 effective_seconds=0.046279191970825195 pose={'x_m': 0.0, 'y_m': 0.15601934015750885, 'heading_rad': -0.1964599488876715}
[can] backend=detectnet_native no detections
[map] motion direction=left speed=0.15 effective_seconds=0.046218156814575195 pose={'x_m': 0.0, 'y_m': 0.15601934015750885, 'heading_rad': -0.20461717483773567}
[can] backend=detectnet_native no detections
[map] motion direction=left speed=0.15 effective_seconds=0.04651236534118652 pose={'x_m': 0.0, 'y_m': 0.15601934015750885, 'heading_rad': -0.21282632681846403}
[can] backend=detectnet_native no detections
[map] motion direction=left speed=0.15 effective_seconds=0.04608273506164551 pose={'x_m': 0.0, 'y_m': 0.15601934015750885, 'heading_rad': -0.22095965164582365}
[can] backend=detectnet_native no detections
[map] motion direction=left speed=0.15 effective_seconds=0.04619431495666504 pose={'x_m': 0.0, 'y_m': 0.15601934015750885, 'heading_rad': -0.2291126696517498}
[can] backend=detectnet_native no detections
[map] motion direction=left speed=0.15 effective_seconds=0.046388864517211914 pose={'x_m': 0.0, 'y_m': 0.15601934015750885, 'heading_rad': -0.23730002448184262}
[can] backend=detectnet_native no detections
[map] motion direction=left speed=0.15 effective_seconds=0.04628610610961914 pose={'x_m': 0.0, 'y_m': 0.15601934015750885, 'heading_rad': -0.24546924307270013}
[can] backend=detectnet_native no detections
[map] motion direction=left speed=0.15 effective_seconds=0.04620504379272461 pose={'x_m': 0.0, 'y_m': 0.15601934015750885, 'heading_rad': -0.2536241546534881}
[can] backend=detectnet_native no detections
[map] motion direction=left speed=0.15 effective_seconds=0.04645395278930664 pose={'x_m': 0.0, 'y_m': 0.15601934015750885, 'heading_rad': -0.26182299717107815}
[can] backend=detectnet_native no detections
[map] motion direction=left speed=0.15 effective_seconds=0.046297311782836914 pose={'x_m': 0.0, 'y_m': 0.15601934015750885, 'heading_rad': -0.2699941934956809}
[can] backend=detectnet_native no detections
[map] motion direction=left speed=0.15 effective_seconds=0.04634499549865723 pose={'x_m': 0.0, 'y_m': 0.15601934015750885, 'heading_rad': -0.27817380570855965}
[can] backend=detectnet_native no detections
[map] motion direction=left speed=0.15 effective_seconds=0.04610133171081543 pose={'x_m': 0.0, 'y_m': 0.15601934015750885, 'heading_rad': -0.2863104127323468}
[can] backend=detectnet_native no detections
[map] motion direction=left speed=0.15 effective_seconds=0.0461881160736084 pose={'x_m': 0.0, 'y_m': 0.15601934015750885, 'heading_rad': -0.294462336672797}
[can] backend=detectnet_native no detections
[map] motion direction=left speed=0.15 effective_seconds=0.04597592353820801 pose={'x_m': 0.0, 'y_m': 0.15601934015750885, 'heading_rad': -0.3025768099104176}
[can] backend=detectnet_native no detections
[map] motion direction=left speed=0.15 effective_seconds=0.046509504318237305 pose={'x_m': 0.0, 'y_m': 0.15601934015750885, 'heading_rad': -0.3107854569378494}
[can] backend=detectnet_native no detections
[map] motion direction=left speed=0.15 effective_seconds=0.046047210693359375 pose={'x_m': 0.0, 'y_m': 0.15601934015750885, 'heading_rad': -0.3189125119284433}
[can] backend=detectnet_native no detections
[map] motion direction=left speed=0.15 effective_seconds=0.046065568923950195 pose={'x_m': 0.0, 'y_m': 0.15601934015750885, 'heading_rad': -0.3270428070360234}
[can] backend=detectnet_native no detections
[map] motion direction=left speed=0.15 effective_seconds=0.046090126037597656 pose={'x_m': 0.0, 'y_m': 0.15601934015750885, 'heading_rad': -0.3351774363260658}
[can] backend=detectnet_native no detections
[map] motion direction=left speed=0.15 effective_seconds=0.046738386154174805 pose={'x_m': 0.0, 'y_m': 0.15601934015750885, 'heading_rad': -0.3434264796172237}
[can] backend=detectnet_native no detections
[map] motion direction=left speed=0.15 effective_seconds=0.04719424247741699 pose={'x_m': 0.0, 'y_m': 0.15601934015750885, 'heading_rad': -0.3517559788003024}
[can] backend=detectnet_native no detections
[map] motion direction=left speed=0.15 effective_seconds=0.046356916427612305 pose={'x_m': 0.0, 'y_m': 0.15601934015750885, 'heading_rad': -0.3599376949852502}
[can] backend=detectnet_native detections=1 best_confidence=0.400
[can] backend=detectnet_native confidence=0.400 class_id=1 center=(35.5,129.6) error_x=-0.389 bbox=[29.453125, 117.59765625, 41.5625, 141.5625]
[map] motion direction=left speed=0.15 effective_seconds=0.0625295639038086 pose={'x_m': 0.0, 'y_m': 0.15601934015750885, 'heading_rad': -0.37097378591740693}
[base] continuous stop label=search_can_routine_2_step_1 elapsed=0.063s
[base] stop
[fsm] SEARCHING --TARGET_FOUND--> ALIGNING
[can] backend=detectnet_native detections=1 best_confidence=0.328
[can] backend=detectnet_native confidence=0.328 class_id=1 center=(36.2,129.8) error_x=-0.387 bbox=[30.546875, 118.41796875, 41.953125, 141.09375]
[base] continuous start label=align_can direction=left requested_speed=0.15 effective_speed=0.15
[visual-turn] label=align_can direction=left speed=0.15
[can] backend=detectnet_native no detections
[map] motion direction=left speed=0.15 effective_seconds=0.06209588050842285 pose={'x_m': 0.0, 'y_m': 0.15601934015750885, 'heading_rad': -0.38193333434569166}
[base] continuous stop label=align_can elapsed=0.062s
[base] stop
[can] backend=detectnet_native no detections
[base] stop
[can] backend=detectnet_native detections=1 best_confidence=0.313
[can] backend=detectnet_native confidence=0.313 class_id=1 center=(35.9,130.8) error_x=-0.388 bbox=[29.53125, 117.83203125, 42.3046875, 143.7890625]
[base] continuous start label=align_can direction=left requested_speed=0.15 effective_speed=0.15
[visual-turn] label=align_can direction=left speed=0.15
[can] backend=detectnet_native no detections
[map] motion direction=left speed=0.15 effective_seconds=0.06306672096252441 pose={'x_m': 0.0, 'y_m': 0.15601934015750885, 'heading_rad': -0.3930642302592804}
[base] continuous stop label=align_can elapsed=0.063s
[base] stop
[can] backend=detectnet_native no detections
[base] stop
[can] backend=detectnet_native no detections
[base] stop
[can] backend=detectnet_native no detections
[base] stop
[can] backend=detectnet_native no detections
[base] stop
[can] backend=detectnet_native no detections
[base] stop
[can] backend=detectnet_native no detections
[base] stop
[can] backend=detectnet_native no detections
[base] stop
[base] stop
[fsm] ALIGNING --TARGET_MISSING--> SEARCHING reason=alignment target lost
[can] backend=detectnet_native no detections
[base] continuous start label=search_can_routine_2_step_0 direction=forward requested_speed=0.6 effective_speed=0.6
[can] backend=detectnet_native no detections
[map] motion direction=forward speed=0.6 effective_seconds=0.04676985740661621 pose={'x_m': -0.0018585594822461246, 'y_m': 0.16050166963315762, 'heading_rad': -0.3930642302592804}
[can] backend=detectnet_native no detections
[map] motion direction=forward speed=0.6 effective_seconds=0.0462489128112793 pose={'x_m': -0.003696417457772425, 'y_m': 0.16493407282199826, 'heading_rad': -0.3930642302592804}
[can] backend=detectnet_native no detections
[map] motion direction=forward speed=0.6 effective_seconds=0.046274662017822266 pose={'x_m': -0.005535298665667486, 'y_m': 0.16936894376323033, 'heading_rad': -0.3930642302592804}
[can] backend=detectnet_native no detections
[map] motion direction=forward speed=0.6 effective_seconds=0.046508073806762695 pose={'x_m': -0.007383455285497882, 'y_m': 0.17382618442289954, 'heading_rad': -0.3930642302592804}
[can] backend=detectnet_native no detections
[map] motion direction=forward speed=0.6 effective_seconds=0.04648780822753906 pose={'x_m': -0.009230806583556569, 'y_m': 0.17828148287003848, 'heading_rad': -0.3930642302592804}
[can] backend=detectnet_native no detections
[map] motion direction=forward speed=0.6 effective_seconds=0.04647040367126465 pose={'x_m': -0.011077466252328964, 'y_m': 0.18273511329935727, 'heading_rad': -0.3930642302592804}
[can] backend=detectnet_native no detections
[map] motion direction=forward speed=0.6 effective_seconds=0.04860281944274902 pose={'x_m': -0.013008864720232759, 'y_m': 0.18739311018598132, 'heading_rad': -0.3930642302592804}
[can] backend=detectnet_native no detections
[map] motion direction=forward speed=0.6 effective_seconds=0.0466921329498291 pose={'x_m': -0.014864335556625034, 'y_m': 0.19186799070533744, 'heading_rad': -0.3930642302592804}
[can] backend=detectnet_native no detections
[map] motion direction=forward speed=0.6 effective_seconds=0.0472412109375 pose={'x_m': -0.01674162587584374, 'y_m': 0.19639549375948495, 'heading_rad': -0.3930642302592804}
[can] backend=detectnet_native no detections
[map] motion direction=forward speed=0.6 effective_seconds=0.045821189880371094 pose={'x_m': -0.018562486824800082, 'y_m': 0.2007869048391568, 'heading_rad': -0.3930642302592804}
[can] backend=detectnet_native no detections
[map] motion direction=forward speed=0.6 effective_seconds=0.04603862762451172 pose={'x_m': -0.020391988402648175, 'y_m': 0.20519915471680072, 'heading_rad': -0.3930642302592804}
[can] backend=detectnet_native detections=1 best_confidence=0.329
[can] backend=detectnet_native confidence=0.329 class_id=1 center=(34.7,129.9) error_x=-0.392 bbox=[28.69140625, 117.12890625, 40.625, 142.6171875]
[map] motion direction=forward speed=0.6 effective_seconds=0.06325244903564453 pose={'x_m': -0.022905539767760028, 'y_m': 0.2112611427672354, 'heading_rad': -0.3930642302592804}
[base] continuous stop label=search_can_routine_2_step_0 elapsed=0.063s
[base] stop
[fsm] SEARCHING --TARGET_FOUND--> ALIGNING
[can] backend=detectnet_native no detections
[base] stop
[can] backend=detectnet_native no detections
[base] stop
[can] backend=detectnet_native no detections
[base] stop
[can] backend=detectnet_native no detections
[base] stop
[can] backend=detectnet_native no detections
[base] stop
[can] backend=detectnet_native no detections
[base] stop
[can] backend=detectnet_native no detections
[base] stop
[can] backend=detectnet_native no detections
[base] stop
[base] stop
[fsm] ALIGNING --TARGET_MISSING--> SEARCHING reason=alignment target lost
[can] backend=detectnet_native no detections
[base] continuous start label=search_can_routine_2_step_0 direction=forward requested_speed=0.6 effective_speed=0.6
[can] backend=detectnet_native no detections
[map] motion direction=forward speed=0.6 effective_seconds=0.04592275619506836 pose={'x_m': -0.0247304367999487, 'y_m': 0.2156622877591179, 'heading_rad': -0.3930642302592804}
[can] backend=detectnet_native no detections
[map] motion direction=forward speed=0.6 effective_seconds=0.04627346992492676 pose={'x_m': -0.026569270635974834, 'y_m': 0.22009704445255407, 'heading_rad': -0.3930642302592804}
[can] backend=detectnet_native no detections
[map] motion direction=forward speed=0.6 effective_seconds=0.04628634452819824 pose={'x_m': -0.028408616088185352, 'y_m': 0.22453303502218597, 'heading_rad': -0.3930642302592804}
[can] backend=detectnet_native no detections
[map] motion direction=forward speed=0.6 effective_seconds=0.046137094497680664 pose={'x_m': -0.030242030582406574, 'y_m': 0.2289547217677712, 'heading_rad': -0.3930642302592804}
[can] backend=detectnet_native no detections
[map] motion direction=forward speed=0.6 effective_seconds=0.04632401466369629 pose={'x_m': -0.03208287298567509, 'y_m': 0.23339432256775353, 'heading_rad': -0.3930642302592804}
[can] backend=detectnet_native no detections
[map] motion direction=forward speed=0.6 effective_seconds=0.04631400108337402 pose={'x_m': -0.03392331746524464, 'y_m': 0.2378329636862503, 'heading_rad': -0.3930642302592804}
[can] backend=detectnet_native no detections
[map] motion direction=forward speed=0.6 effective_seconds=0.04654288291931152 pose={'x_m': -0.03577285734364762, 'y_m': 0.24229354038155979, 'heading_rad': -0.3930642302592804}
[can] backend=detectnet_native no detections
[map] motion direction=forward speed=0.6 effective_seconds=0.04618072509765625 pose={'x_m': -0.037608005648271464, 'y_m': 0.24671940859647495, 'heading_rad': -0.3930642302592804}
[can] backend=detectnet_native detections=1 best_confidence=0.328
[can] backend=detectnet_native confidence=0.328 class_id=1 center=(31.3,132.0) error_x=-0.402 bbox=[25.64453125, 119.6484375, 36.89453125, 144.2578125]
[map] motion direction=forward speed=0.6 effective_seconds=0.06524419784545898 pose={'x_m': -0.040200705931981676, 'y_m': 0.25297228186429876, 'heading_rad': -0.3930642302592804}
[base] continuous stop label=search_can_routine_2_step_0 elapsed=0.065s
[base] stop
[fsm] SEARCHING --TARGET_FOUND--> ALIGNING
[can] backend=detectnet_native no detections
[base] stop
[can] backend=detectnet_native no detections
[base] stop
[can] backend=detectnet_native no detections
[base] stop
[can] backend=detectnet_native no detections
[base] stop
[can] backend=detectnet_native no detections
[base] stop
[can] backend=detectnet_native no detections
[base] stop
[can] backend=detectnet_native no detections
[base] stop
[can] backend=detectnet_native no detections
[base] stop
[base] stop
[fsm] ALIGNING --TARGET_MISSING--> SEARCHING reason=alignment target lost
[can] backend=detectnet_native no detections
[base] continuous start label=search_can_routine_2_step_0 direction=forward requested_speed=0.6 effective_speed=0.6
[can] backend=detectnet_native no detections
[map] motion direction=forward speed=0.6 effective_seconds=0.04617452621459961 pose={'x_m': -0.042035607902887115, 'y_m': 0.25739755599067526, 'heading_rad': -0.3930642302592804}
[can] backend=detectnet_native no detections
[map] motion direction=forward speed=0.6 effective_seconds=0.046132802963256836 pose={'x_m': -0.04386885185838021, 'y_m': 0.26181883144419527, 'heading_rad': -0.3930642302592804}
[can] backend=detectnet_native no detections
[map] motion direction=forward speed=0.6 effective_seconds=0.04874897003173828 pose={'x_m': -0.045806058117414096, 'y_m': 0.2664908351105966, 'heading_rad': -0.3930642302592804}
[can] backend=detectnet_native no detections
[map] motion direction=forward speed=0.6 effective_seconds=0.046262502670288086 pose={'x_m': -0.04764445613224613, 'y_m': 0.2709245407243105, 'heading_rad': -0.3930642302592804}
[can] backend=detectnet_native no detections
[map] motion direction=forward speed=0.6 effective_seconds=0.046468257904052734 pose={'x_m': -0.04949103053165446, 'y_m': 0.2753779655075967, 'heading_rad': -0.3930642302592804}
[can] backend=detectnet_native no detections
[map] motion direction=forward speed=0.6 effective_seconds=0.04627561569213867 pose={'x_m': -0.05132994963704466, 'y_m': 0.27981292784706546, 'heading_rad': -0.3930642302592804}
[can] backend=detectnet_native detections=1 best_confidence=0.321
[can] backend=detectnet_native confidence=0.321 class_id=1 center=(25.4,132.5) error_x=-0.420 bbox=[18.4765625, 118.828125, 32.421875, 146.25]
[map] motion direction=forward speed=0.6 effective_seconds=0.0636749267578125 pose={'x_m': -0.053860289592503205, 'y_m': 0.285915405316367, 'heading_rad': -0.3930642302592804}
[base] continuous stop label=search_can_routine_2_step_0 elapsed=0.064s
[base] stop
[fsm] SEARCHING --TARGET_FOUND--> ALIGNING
[can] backend=detectnet_native no detections
[base] stop
[can] backend=detectnet_native no detections
[base] stop
[can] backend=detectnet_native no detections
[base] stop
[can] backend=detectnet_native no detections
[base] stop
[can] backend=detectnet_native no detections
[base] stop
[can] backend=detectnet_native no detections
[base] stop
[can] backend=detectnet_native no detections
[base] stop
[can] backend=detectnet_native no detections
[base] stop
[base] stop
[fsm] ALIGNING --TARGET_MISSING--> SEARCHING reason=alignment target lost
[can] backend=detectnet_native no detections
[base] continuous start label=search_can_routine_2_step_0 direction=forward requested_speed=0.6 effective_speed=0.6
[can] backend=detectnet_native no detections
[map] motion direction=forward speed=0.6 effective_seconds=0.04614424705505371 pose={'x_m': -0.05569398831793797, 'y_m': 0.29033777754872764, 'heading_rad': -0.3930642302592804}
[can] backend=detectnet_native no detections
[map] motion direction=forward speed=0.6 effective_seconds=0.04606270790100098 pose={'x_m': -0.05752444680753833, 'y_m': 0.29475233523184874, 'heading_rad': -0.3930642302592804}
[can] backend=detectnet_native no detections
[map] motion direction=forward speed=0.6 effective_seconds=0.04639172554016113 pose={'x_m': -0.05936797993296173, 'y_m': 0.29919842530663815, 'heading_rad': -0.3930642302592804}
[can] backend=detectnet_native no detections
[map] motion direction=forward speed=0.6 effective_seconds=0.04649519920349121 pose={'x_m': -0.061215624936607746, 'y_m': 0.30365443209011167, 'heading_rad': -0.3930642302592804}
[can] backend=detectnet_native no detections
[map] motion direction=forward speed=0.6 effective_seconds=0.046448707580566406 pose={'x_m': -0.06306142243736572, 'y_m': 0.3081059832095451, 'heading_rad': -0.3930642302592804}
[can] backend=detectnet_native no detections
[map] motion direction=forward speed=0.6 effective_seconds=0.04652738571166992 pose={'x_m': -0.06491034648147269, 'y_m': 0.31256507468350786, 'heading_rad': -0.3930642302592804}
[can] backend=detectnet_native no detections
[map] motion direction=forward speed=0.6 effective_seconds=0.04623770713806152 pose={'x_m': -0.06674775916143111, 'y_m': 0.31699640394306705, 'heading_rad': -0.3930642302592804}
[can] backend=detectnet_native no detections
[map] motion direction=forward speed=0.6 effective_seconds=0.04640841484069824 pose={'x_m': -0.06859195549301945, 'y_m': 0.32144409348699904, 'heading_rad': -0.3930642302592804}
[can] backend=detectnet_native no detections
[map] motion direction=forward speed=0.6 effective_seconds=0.04628944396972656 pose={'x_m': -0.07043142411208918, 'y_m': 0.3258803811009003, 'heading_rad': -0.3930642302592804}
[can] backend=detectnet_native no detections
[map] motion direction=forward speed=0.6 effective_seconds=0.0464475154876709 pose={'x_m': -0.07227717424097824, 'y_m': 0.3303318179725378, 'heading_rad': -0.3930642302592804}
[can] backend=detectnet_native no detections
[map] motion direction=forward speed=0.6 effective_seconds=0.046553850173950195 pose={'x_m': -0.07412714994057532, 'y_m': 0.3347934457475696, 'heading_rad': -0.3930642302592804}
[can] backend=detectnet_native no detections
[map] motion direction=forward speed=0.6 effective_seconds=0.04696154594421387 pose={'x_m': -0.07599332681934444, 'y_m': 0.339294146268799, 'heading_rad': -0.3930642302592804}
[can] backend=detectnet_native no detections
[map] motion direction=forward speed=0.6 effective_seconds=0.04654550552368164 pose={'x_m': -0.07784297091585905, 'y_m': 0.3437549743092595, 'heading_rad': -0.3930642302592804}
[can] backend=detectnet_native no detections
[map] motion direction=forward speed=0.6 effective_seconds=0.046384572982788086 pose={'x_m': -0.07968621981006892, 'y_m': 0.3482003788972735, 'heading_rad': -0.3930642302592804}
[can] backend=detectnet_native no detections
[map] motion direction=forward speed=0.6 effective_seconds=0.04798126220703125 pose={'x_m': -0.08159291858551569, 'y_m': 0.3527988069831155, 'heading_rad': -0.3930642302592804}
[can] backend=detectnet_native detections=1 best_confidence=0.327
[can] backend=detectnet_native confidence=0.327 class_id=1 center=(9.5,133.7) error_x=-0.470 bbox=[2.7978515625, 117.890625, 16.2109375, 149.53125]
[map] motion direction=forward speed=0.6 effective_seconds=0.06322073936462402 pose={'x_m': -0.08410520985891416, 'y_m': 0.35885775604217923, 'heading_rad': -0.3930642302592804}
[base] continuous stop label=search_can_routine_2_step_0 elapsed=0.063s
[base] stop
[fsm] SEARCHING --TARGET_FOUND--> ALIGNING
[can] backend=detectnet_native no detections
[base] stop
[can] backend=detectnet_native no detections
[base] stop
[can] backend=detectnet_native no detections
[base] stop
[can] backend=detectnet_native no detections
[base] stop
[can] backend=detectnet_native no detections
[base] stop
[can] backend=detectnet_native no detections
[base] stop
[can] backend=detectnet_native no detections
[base] stop
[can] backend=detectnet_native no detections
[base] stop
[base] stop
[fsm] ALIGNING --TARGET_MISSING--> SEARCHING reason=alignment target lost
[can] backend=detectnet_native no detections
[base] continuous start label=search_can_routine_2_step_0 direction=forward requested_speed=0.6 effective_speed=0.6
[can] backend=detectnet_native no detections
[map] motion direction=forward speed=0.6 effective_seconds=0.04621267318725586 pose={'x_m': -0.08594162772962517, 'y_m': 0.3632866860980245, 'heading_rad': -0.3930642302592804}
[can] backend=detectnet_native no detections
[map] motion direction=forward speed=0.6 effective_seconds=0.0462646484375 pose={'x_m': -0.08778011101382127, 'y_m': 0.367720597357771, 'heading_rad': -0.3930642302592804}
[can] backend=detectnet_native no detections
[map] motion direction=forward speed=0.6 effective_seconds=0.046614646911621094 pose={'x_m': -0.08963250267873347, 'y_m': 0.37218805177039366, 'heading_rad': -0.3930642302592804}
[can] backend=detectnet_native no detections
[map] motion direction=forward speed=0.6 effective_seconds=0.0464322566986084 pose={'x_m': -0.0914776464477003, 'y_m': 0.3766380262702437, 'heading_rad': -0.3930642302592804}
[can] backend=detectnet_native no detections
[map] motion direction=forward speed=0.6 effective_seconds=0.04651045799255371 pose={'x_m': -0.09332589781126854, 'y_m': 0.3810954954255047, 'heading_rad': -0.3930642302592804}
[can] backend=detectnet_native no detections
[map] motion direction=forward speed=0.6 effective_seconds=0.04678082466125488 pose={'x_m': -0.09518489311470876, 'y_m': 0.38557887598087576, 'heading_rad': -0.3930642302592804}
[can] backend=detectnet_native no detections
[map] motion direction=forward speed=0.6 effective_seconds=0.046285152435302734 pose={'x_m': -0.09702419119505036, 'y_m': 0.39001475230271176, 'heading_rad': -0.3930642302592804}
[can] backend=detectnet_native no detections
[map] motion direction=forward speed=0.6 effective_seconds=0.046332359313964844 pose={'x_m': -0.09886536520140135, 'y_m': 0.3944551528372654, 'heading_rad': -0.3930642302592804}
[can] backend=detectnet_native no detections
[map] motion direction=forward speed=0.6 effective_seconds=0.046367645263671875 pose={'x_m': -0.10070794141507249, 'y_m': 0.39889893510657765, 'heading_rad': -0.3930642302592804}
[can] backend=detectnet_native no detections
[map] motion direction=forward speed=0.6 effective_seconds=0.04628276824951172 pose={'x_m': -0.10254714475167623, 'y_m': 0.4033345829328218, 'heading_rad': -0.3930642302592804}
[can] backend=detectnet_native no detections
[map] motion direction=forward speed=0.6 effective_seconds=0.04701733589172363 pose={'x_m': -0.104415538633911, 'y_m': 0.40784063025089934, 'heading_rad': -0.3930642302592804}
[can] backend=detectnet_native no detections
[map] motion direction=forward speed=0.6 effective_seconds=0.04629063606262207 pose={'x_m': -0.10625505462484963, 'y_m': 0.4122770321125965, 'heading_rad': -0.3930642302592804}
[can] backend=detectnet_native no detections
[map] motion direction=forward speed=0.6 effective_seconds=0.0464022159576416 pose={'x_m': -0.10809900462271957, 'y_m': 0.4167241275679898, 'heading_rad': -0.3930642302592804}
[can] backend=detectnet_native no detections
[map] motion direction=forward speed=0.6 effective_seconds=0.046427011489868164 pose={'x_m': -0.10994393995546313, 'y_m': 0.42117359937753784, 'heading_rad': -0.3930642302592804}
[can] backend=detectnet_native no detections
[map] motion direction=forward speed=0.6 effective_seconds=0.046372413635253906 pose={'x_m': -0.11178670565660996, 'y_m': 0.4256178386380337, 'heading_rad': -0.3930642302592804}
[can] backend=detectnet_native no detections
[map] motion direction=forward speed=0.6 effective_seconds=0.04660677909851074 pose={'x_m': -0.11363878466718727, 'y_m': 0.43008453901520344, 'heading_rad': -0.3930642302592804}
[can] backend=detectnet_native no detections
[map] motion direction=forward speed=0.6 effective_seconds=0.046381235122680664 pose={'x_m': -0.11548190092016414, 'y_m': 0.4345296237093889, 'heading_rad': -0.3930642302592804}
[can] backend=detectnet_native no detections
[map] motion direction=forward speed=0.6 effective_seconds=0.04633951187133789 pose={'x_m': -0.11732335915772867, 'y_m': 0.43897070973071795, 'heading_rad': -0.3930642302592804}
[can] backend=detectnet_native no detections
[map] motion direction=forward speed=0.6 effective_seconds=0.04628491401672363 pose={'x_m': -0.11916264776369648, 'y_m': 0.44340656320299476, 'heading_rad': -0.3930642302592804}
[can] backend=detectnet_native no detections
[map] motion direction=forward speed=0.6 effective_seconds=0.0462493896484375 pose={'x_m': -0.12100052468797035, 'y_m': 0.4478390120909538, 'heading_rad': -0.3930642302592804}
[can] backend=detectnet_native no detections
[map] motion direction=forward speed=0.6 effective_seconds=0.04638934135437012 pose={'x_m': -0.1228439630696559, 'y_m': 0.4522848736701514, 'heading_rad': -0.3930642302592804}
[can] backend=detectnet_native no detections
[map] motion direction=forward speed=0.6 effective_seconds=0.04646182060241699 pose={'x_m': -0.12469028166097205, 'y_m': 0.4567376815153397, 'heading_rad': -0.3930642302592804}
[can] backend=detectnet_native no detections
[map] motion direction=forward speed=0.6 effective_seconds=0.04646587371826172 pose={'x_m': -0.12653676131664254, 'y_m': 0.4611908778030341, 'heading_rad': -0.3930642302592804}
[can] backend=detectnet_native no detections
[map] motion direction=forward speed=0.6 effective_seconds=0.04682302474975586 pose={'x_m': -0.1283974335842427, 'y_m': 0.46567830273037997, 'heading_rad': -0.3930642302592804}
[can] backend=detectnet_native no detections
[map] motion direction=forward speed=0.6 effective_seconds=0.046266794204711914 pose={'x_m': -0.13023600213780284, 'y_m': 0.4701124196361591, 'heading_rad': -0.3930642302592804}
[can] backend=detectnet_native no detections
[map] motion direction=forward speed=0.6 effective_seconds=0.04638075828552246 pose={'x_m': -0.13207909944203214, 'y_m': 0.4745574586312262, 'heading_rad': -0.3930642302592804}
[can] backend=detectnet_native no detections
[map] motion direction=forward speed=0.6 effective_seconds=0.046536922454833984 pose={'x_m': -0.1339284024610905, 'y_m': 0.4790174640875562, 'heading_rad': -0.3930642302592804}
[can] backend=detectnet_native no detections
[map] motion direction=forward speed=0.6 effective_seconds=0.04631233215332031 pose={'x_m': -0.13576878062004355, 'y_m': 0.4834559452591387, 'heading_rad': -0.3930642302592804}
[can] backend=detectnet_native no detections
[map] motion direction=forward speed=0.6 effective_seconds=0.04658985137939453 pose={'x_m': -0.13762018695008213, 'y_m': 0.4879210233176066, 'heading_rad': -0.3930642302592804}
[can] backend=detectnet_native no detections
[map] motion direction=forward speed=0.6 effective_seconds=0.04637265205383301 pose={'x_m': -0.13946296212560275, 'y_m': 0.4923652854276616, 'heading_rad': -0.3930642302592804}
[can] backend=detectnet_native no detections
[map] motion direction=forward speed=0.6 effective_seconds=0.04593682289123535 pose={'x_m': -0.14128841814584472, 'y_m': 0.4967677785435357, 'heading_rad': -0.3930642302592804}
[can] backend=detectnet_native no detections
[map] motion direction=forward speed=0.6 effective_seconds=0.046182870864868164 pose={'x_m': -0.14312365171983263, 'y_m': 0.5011938524044836, 'heading_rad': -0.3930642302592804}
[map] motion direction=forward speed=0.6 effective_seconds=0.016581296920776367 pose={'x_m': -0.14378256599344527, 'y_m': 0.5027829706967699, 'heading_rad': -0.3930642302592804}
[base] continuous stop label=search_can_routine_2_step_0 elapsed=0.017s
[base] stop
[can] backend=detectnet_native no detections
[base] continuous start label=search_can_routine_2_step_1 direction=left requested_speed=0.15 effective_speed=0.15
[can] backend=detectnet_native no detections
[map] motion direction=left speed=0.15 effective_seconds=0.04598212242126465 pose={'x_m': -0.14378256599344527, 'y_m': 0.5027829706967699, 'heading_rad': -0.401179797562377}
[can] backend=detectnet_native no detections
[map] motion direction=left speed=0.15 effective_seconds=0.04639744758605957 pose={'x_m': -0.14378256599344527, 'y_m': 0.5027829706967699, 'heading_rad': -0.40936866725235976}
[can] backend=detectnet_native no detections
[map] motion direction=left speed=0.15 effective_seconds=0.04621458053588867 pose={'x_m': -0.14378256599344527, 'y_m': 0.5027829706967699, 'heading_rad': -0.4175252620108032}
[can] backend=detectnet_native no detections
[map] motion direction=left speed=0.15 effective_seconds=0.04637503623962402 pose={'x_m': -0.14378256599344527, 'y_m': 0.5027829706967699, 'heading_rad': -0.425710176233296}
[can] backend=detectnet_native no detections
[map] motion direction=left speed=0.15 effective_seconds=0.04624366760253906 pose={'x_m': -0.14378256599344527, 'y_m': 0.5027829706967699, 'heading_rad': -0.43387190468358794}
[can] backend=detectnet_native no detections
[map] motion direction=left speed=0.15 effective_seconds=0.046648502349853516 pose={'x_m': -0.14378256599344527, 'y_m': 0.5027829706967699, 'heading_rad': -0.4421050840253451}
[can] backend=detectnet_native no detections
[map] motion direction=left speed=0.15 effective_seconds=0.04651951789855957 pose={'x_m': -0.14378256599344527, 'y_m': 0.5027829706967699, 'heading_rad': -0.45031549838931495}
[can] backend=detectnet_native no detections
[map] motion direction=left speed=0.15 effective_seconds=0.04690957069396973 pose={'x_m': -0.14378256599344527, 'y_m': 0.5027829706967699, 'heading_rad': -0.4585947547193845}
[can] backend=detectnet_native no detections
[map] motion direction=left speed=0.15 effective_seconds=0.04619574546813965 pose={'x_m': -0.14378256599344527, 'y_m': 0.5027829706967699, 'heading_rad': -0.4667480252019587}
[can] backend=detectnet_native no detections
[map] motion direction=left speed=0.15 effective_seconds=0.04663991928100586 pose={'x_m': -0.14378256599344527, 'y_m': 0.5027829706967699, 'heading_rad': -0.47497968968382587}
[can] backend=detectnet_native no detections
[map] motion direction=left speed=0.15 effective_seconds=0.046148061752319336 pose={'x_m': -0.14378256599344527, 'y_m': 0.5027829706967699, 'heading_rad': -0.483124544278124}
[can] backend=detectnet_native no detections
[map] motion direction=left speed=0.15 effective_seconds=0.04626297950744629 pose={'x_m': -0.14378256599344527, 'y_m': 0.5027829706967699, 'heading_rad': -0.49128968116316774}
[can] backend=detectnet_native no detections
[map] motion direction=left speed=0.15 effective_seconds=0.04617810249328613 pose={'x_m': -0.14378256599344527, 'y_m': 0.5027829706967699, 'heading_rad': -0.4994398377670799}
[can] backend=detectnet_native no detections
[map] motion direction=left speed=0.15 effective_seconds=0.04635286331176758 pose={'x_m': -0.14378256599344527, 'y_m': 0.5027829706967699, 'heading_rad': -0.5076208386015244}
[can] backend=detectnet_native no detections
[map] motion direction=left speed=0.15 effective_seconds=0.04625082015991211 pose={'x_m': -0.14378256599344527, 'y_m': 0.5027829706967699, 'heading_rad': -0.5157838294350574}
[can] backend=detectnet_native no detections
[map] motion direction=left speed=0.15 effective_seconds=0.04630708694458008 pose={'x_m': -0.14378256599344527, 'y_m': 0.5027829706967699, 'heading_rad': -0.5239567510167564}
[can] backend=detectnet_native no detections
[map] motion direction=left speed=0.15 effective_seconds=0.04654860496520996 pose={'x_m': -0.14378256599344527, 'y_m': 0.5027829706967699, 'heading_rad': -0.5321722990725748}
[can] backend=detectnet_native no detections
[map] motion direction=left speed=0.15 effective_seconds=0.046267032623291016 pose={'x_m': -0.14378256599344527, 'y_m': 0.5027829706967699, 'heading_rad': -0.5403381513081218}
[can] backend=detectnet_native no detections
[map] motion direction=left speed=0.15 effective_seconds=0.04636263847351074 pose={'x_m': -0.14378256599344527, 'y_m': 0.5027829706967699, 'heading_rad': -0.548520877399663}
[can] backend=detectnet_native no detections
[map] motion direction=left speed=0.15 effective_seconds=0.046225786209106445 pose={'x_m': -0.14378256599344527, 'y_m': 0.5027829706967699, 'heading_rad': -0.5566794498918513}
[can] backend=detectnet_native no detections
[map] motion direction=left speed=0.15 effective_seconds=0.0462493896484375 pose={'x_m': -0.14378256599344527, 'y_m': 0.5027829706967699, 'heading_rad': -0.5648421882487362}
[can] backend=detectnet_native no detections
[map] motion direction=left speed=0.15 effective_seconds=0.046201229095458984 pose={'x_m': -0.14378256599344527, 'y_m': 0.5027829706967699, 'heading_rad': -0.5729964265584622}
[can] backend=detectnet_native no detections
[map] motion direction=left speed=0.15 effective_seconds=0.0464780330657959 pose={'x_m': -0.14378256599344527, 'y_m': 0.5027829706967699, 'heading_rad': -0.5811995190996315}
[can] backend=detectnet_native no detections
[map] motion direction=left speed=0.15 effective_seconds=0.04653477668762207 pose={'x_m': -0.14378256599344527, 'y_m': 0.5027829706967699, 'heading_rad': -0.5894126265478499}
[can] backend=detectnet_native no detections
[map] motion direction=left speed=0.15 effective_seconds=0.046035051345825195 pose={'x_m': -0.14378256599344527, 'y_m': 0.5027829706967699, 'heading_rad': -0.597537535486933}
[can] backend=detectnet_native no detections
[map] motion direction=left speed=0.15 effective_seconds=0.04639315605163574 pose={'x_m': -0.14378256599344527, 'y_m': 0.5027829706967699, 'heading_rad': -0.6057256477469708}
[can] backend=detectnet_native no detections
[map] motion direction=left speed=0.15 effective_seconds=0.04632449150085449 pose={'x_m': -0.14378256599344527, 'y_m': 0.5027829706967699, 'heading_rad': -0.6139016411278906}
[can] backend=detectnet_native no detections
[map] motion direction=left speed=0.15 effective_seconds=0.04644274711608887 pose={'x_m': -0.14378256599344527, 'y_m': 0.5027829706967699, 'heading_rad': -0.6220985059117359}
[can] backend=detectnet_native no detections
[map] motion direction=left speed=0.15 effective_seconds=0.04652976989746094 pose={'x_m': -0.14378256599344527, 'y_m': 0.5027829706967699, 'heading_rad': -0.630310729691685}
[can] backend=detectnet_native detections=1 best_confidence=0.309
[can] backend=detectnet_native confidence=0.309 class_id=1 center=(7.2,134.0) error_x=-0.478 bbox=[0.0, 115.13671875, 14.326171875, 152.9296875]
[map] motion direction=left speed=0.15 effective_seconds=0.06312417984008789 pose={'x_m': -0.14378256599344527, 'y_m': 0.5027829706967699, 'heading_rad': -0.6414517667506465}
[base] continuous stop label=search_can_routine_2_step_1 elapsed=0.063s
[base] stop
[fsm] SEARCHING --TARGET_FOUND--> ALIGNING
[can] backend=detectnet_native detections=1 best_confidence=0.377
[can] backend=detectnet_native confidence=0.377 class_id=1 center=(13.1,138.4) error_x=-0.459 bbox=[0.0, 108.984375, 26.19140625, 167.8125]
[base] continuous start label=align_can direction=left requested_speed=0.15 effective_speed=0.15
[visual-turn] label=align_can direction=left speed=0.15
[can] backend=detectnet_native detections=1 best_confidence=0.398
[can] backend=detectnet_native confidence=0.398 class_id=1 center=(15.0,139.8) error_x=-0.453 bbox=[3.84765625, 112.03125, 26.09375, 167.578125]
[can] backend=detectnet_native detections=1 best_confidence=0.420
[can] backend=detectnet_native confidence=0.420 class_id=1 center=(13.5,139.8) error_x=-0.458 bbox=[1.0986328125, 111.6796875, 25.99609375, 167.9296875]
[can] backend=detectnet_native no detections
[map] motion direction=left speed=0.15 effective_seconds=0.15665817260742188 pose={'x_m': -0.14378256599344527, 'y_m': 0.5027829706967699, 'heading_rad': -0.669100989457855}
[base] continuous stop label=align_can elapsed=0.157s
[base] stop
[can] backend=detectnet_native no detections
[base] stop
[can] backend=detectnet_native no detections
[base] stop
[can] backend=detectnet_native no detections
[base] stop
[can] backend=detectnet_native no detections
[base] stop
[can] backend=detectnet_native no detections
[base] stop
[can] backend=detectnet_native no detections
[base] stop
[can] backend=detectnet_native no detections
[base] stop
[base] stop
[fsm] ALIGNING --TARGET_MISSING--> SEARCHING reason=alignment target lost
[can] backend=detectnet_native no detections
[base] continuous start label=search_can_routine_2_step_0 direction=forward requested_speed=0.6 effective_speed=0.6
[can] backend=detectnet_native no detections
[map] motion direction=forward speed=0.6 effective_seconds=0.045960426330566406 pose={'x_m': -0.1467403106804263, 'y_m': 0.5065232019618742, 'heading_rad': -0.669100989457855}
[can] backend=detectnet_native no detections
[map] motion direction=forward speed=0.6 effective_seconds=0.046341657638549805 pose={'x_m': -0.1497225891884731, 'y_m': 0.5102944575966634, 'heading_rad': -0.669100989457855}
[can] backend=detectnet_native no detections
[map] motion direction=forward speed=0.6 effective_seconds=0.04634499549865723 pose={'x_m': -0.15270508250170745, 'y_m': 0.5140659848644579, 'heading_rad': -0.669100989457855}
[can] backend=detectnet_native detections=1 best_confidence=0.311
[can] backend=detectnet_native confidence=0.311 class_id=1 center=(9.7,135.4) error_x=-0.470 bbox=[1.3720703125, 114.84375, 18.046875, 155.859375]
[map] motion direction=forward speed=0.6 effective_seconds=0.06792044639587402 pose={'x_m': -0.15707604586092183, 'y_m': 0.5195933090742582, 'heading_rad': -0.669100989457855}
[base] continuous stop label=search_can_routine_2_step_0 elapsed=0.068s
[base] stop
[fsm] SEARCHING --TARGET_FOUND--> ALIGNING
[can] backend=detectnet_native detections=1 best_confidence=0.332
[can] backend=detectnet_native confidence=0.332 class_id=1 center=(14.8,138.8) error_x=-0.454 bbox=[2.509765625, 109.27734375, 26.9921875, 168.28125]
[base] continuous start label=align_can direction=left requested_speed=0.15 effective_speed=0.15
[visual-turn] label=align_can direction=left speed=0.15
[can] backend=detectnet_native detections=1 best_confidence=0.446
[can] backend=detectnet_native confidence=0.446 class_id=1 center=(13.1,137.9) error_x=-0.459 bbox=[0.0, 106.2890625, 26.2890625, 169.5703125]
[can] backend=detectnet_native detections=1 best_confidence=0.335
[can] backend=detectnet_native confidence=0.335 class_id=1 center=(12.2,138.1) error_x=-0.462 bbox=[0.0, 108.10546875, 24.375, 168.046875]
[can] backend=detectnet_native detections=1 best_confidence=0.437
[can] backend=detectnet_native confidence=0.437 class_id=1 center=(12.5,138.6) error_x=-0.461 bbox=[0.0, 108.6328125, 24.9609375, 168.6328125]
[can] backend=detectnet_native detections=1 best_confidence=0.452
[can] backend=detectnet_native confidence=0.452 class_id=1 center=(12.9,139.6) error_x=-0.460 bbox=[0.5517578125, 109.3359375, 25.234375, 169.8046875]
[can] backend=detectnet_native detections=1 best_confidence=0.312
[can] backend=detectnet_native confidence=0.312 class_id=1 center=(9.0,134.3) error_x=-0.472 bbox=[0.7373046875, 114.43359375, 17.1875, 154.1015625]
[can] backend=detectnet_native detections=1 best_confidence=0.336
[can] backend=detectnet_native confidence=0.336 class_id=1 center=(14.2,138.9) error_x=-0.456 bbox=[1.54296875, 109.8046875, 26.9140625, 167.9296875]
[can] backend=detectnet_native no detections
[map] motion direction=left speed=0.15 effective_seconds=0.34184718132019043 pose={'x_m': -0.15707604586092183, 'y_m': 0.5195933090742582, 'heading_rad': -0.7294349553840327}
[base] continuous stop label=align_can elapsed=0.342s
[base] stop
[can] backend=detectnet_native no detections
[base] stop
[can] backend=detectnet_native no detections
[base] stop
[can] backend=detectnet_native no detections
[base] stop
[can] backend=detectnet_native no detections
[base] stop
[can] backend=detectnet_native no detections
[base] stop
[can] backend=detectnet_native no detections
[base] stop
[can] backend=detectnet_native no detections
[base] stop
[base] stop
[fsm] ALIGNING --TARGET_MISSING--> SEARCHING reason=alignment target lost
[can] backend=detectnet_native no detections
[base] continuous start label=search_can_routine_2_step_0 direction=forward requested_speed=0.6 effective_speed=0.6
[can] backend=detectnet_native no detections
[map] motion direction=forward speed=0.6 effective_seconds=0.0461115837097168 pose={'x_m': -0.1602643865397684, 'y_m': 0.5231600827758649, 'heading_rad': -0.7294349553840327}
[can] backend=detectnet_native no detections
[map] motion direction=forward speed=0.6 effective_seconds=0.04607677459716797 pose={'x_m': -0.16345032037632926, 'y_m': 0.526724163960381, 'heading_rad': -0.7294349553840327}
[can] backend=detectnet_native no detections
[map] motion direction=forward speed=0.6 effective_seconds=0.046431541442871094 pose={'x_m': -0.16666078422193908, 'y_m': 0.5303156866889444, 'heading_rad': -0.7294349553840327}
[can] backend=detectnet_native no detections
[map] motion direction=forward speed=0.6 effective_seconds=0.046343088150024414 pose={'x_m': -0.1698651320505078, 'y_m': 0.5339003674733938, 'heading_rad': -0.7294349553840327}
[can] backend=detectnet_native no detections
[map] motion direction=forward speed=0.6 effective_seconds=0.04674530029296875 pose={'x_m': -0.17309729044713135, 'y_m': 0.5375161597395687, 'heading_rad': -0.7294349553840327}
[can] backend=detectnet_native no detections
[map] motion direction=forward speed=0.6 effective_seconds=0.04649472236633301 pose={'x_m': -0.17631212287634196, 'y_m': 0.5411125695710705, 'heading_rad': -0.7294349553840327}
[can] backend=detectnet_native detections=1 best_confidence=0.343
[can] backend=detectnet_native confidence=0.343 class_id=1 center=(14.8,138.0) error_x=-0.454 bbox=[2.51953125, 106.46484375, 26.9921875, 169.453125]
[map] motion direction=forward speed=0.6 effective_seconds=0.06453824043273926 pose={'x_m': -0.1807745568410536, 'y_m': 0.5461046622342197, 'heading_rad': -0.7294349553840327}
[base] continuous stop label=search_can_routine_2_step_0 elapsed=0.065s
[base] stop
[fsm] SEARCHING --TARGET_FOUND--> ALIGNING
[can] backend=detectnet_native detections=1 best_confidence=0.400
[can] backend=detectnet_native confidence=0.400 class_id=1 center=(13.0,140.9) error_x=-0.459 bbox=[0.830078125, 109.62890625, 25.1953125, 172.265625]
[base] continuous start label=align_can direction=left requested_speed=0.15 effective_speed=0.15
[visual-turn] label=align_can direction=left speed=0.15
[can] backend=detectnet_native detections=1 best_confidence=0.494
[can] backend=detectnet_native confidence=0.494 class_id=1 center=(13.6,140.9) error_x=-0.457 bbox=[0.0, 107.34375, 27.20703125, 174.375]
[can] backend=detectnet_native detections=1 best_confidence=0.549
[can] backend=detectnet_native confidence=0.549 class_id=1 center=(14.2,139.9) error_x=-0.456 bbox=[0.0, 105.5859375, 28.3203125, 174.2578125]
[can] backend=detectnet_native detections=1 best_confidence=0.561
[can] backend=detectnet_native confidence=0.561 class_id=1 center=(13.5,140.0) error_x=-0.458 bbox=[0.09765625, 107.34375, 26.81640625, 172.734375]
[can] backend=detectnet_native detections=1 best_confidence=0.413
[can] backend=detectnet_native confidence=0.413 class_id=1 center=(13.3,141.2) error_x=-0.459 bbox=[0.595703125, 109.5703125, 25.9375, 172.8515625]
[can] backend=detectnet_native detections=1 best_confidence=0.468
[can] backend=detectnet_native confidence=0.468 class_id=1 center=(13.7,140.5) error_x=-0.457 bbox=[0.8203125, 108.1640625, 26.6015625, 172.8515625]
[can] backend=detectnet_native no detections
[map] motion direction=left speed=0.15 effective_seconds=0.2938964366912842 pose={'x_m': -0.1807745568410536, 'y_m': 0.5461046622342197, 'heading_rad': -0.7813059040596291}
[base] continuous stop label=align_can elapsed=0.294s
[base] stop
[can] backend=detectnet_native no detections
[base] stop
[can] backend=detectnet_native no detections
[base] stop
[can] backend=detectnet_native no detections
[base] stop
[can] backend=detectnet_native no detections
[base] stop
[can] backend=detectnet_native no detections
[base] stop
[can] backend=detectnet_native no detections
[base] stop
[can] backend=detectnet_native no detections
[base] stop
[base] stop
[fsm] ALIGNING --TARGET_MISSING--> SEARCHING reason=alignment target lost
[can] backend=detectnet_native no detections
[base] continuous start label=search_can_routine_2_step_0 direction=forward requested_speed=0.6 effective_speed=0.6
[can] backend=detectnet_native no detections
[map] motion direction=forward speed=0.6 effective_seconds=0.046007633209228516 pose={'x_m': -0.1841359434164639, 'y_m': 0.5494936733417879, 'heading_rad': -0.7813059040596291}
[can] backend=detectnet_native no detections
[map] motion direction=forward speed=0.6 effective_seconds=0.04636883735656738 pose={'x_m': -0.18752372010775617, 'y_m': 0.5529092914443706, 'heading_rad': -0.7813059040596291}
[can] backend=detectnet_native no detections
[map] motion direction=forward speed=0.6 effective_seconds=0.046758413314819336 pose={'x_m': -0.19093995980192052, 'y_m': 0.5563536064643486, 'heading_rad': -0.7813059040596291}
[can] backend=detectnet_native detections=1 best_confidence=0.324
[can] backend=detectnet_native confidence=0.324 class_id=1 center=(14.5,139.2) error_x=-0.455 bbox=[1.4453125, 105.1171875, 27.5, 173.3203125]
[map] motion direction=forward speed=0.6 effective_seconds=0.0635232925415039 pose={'x_m': -0.19558106667659544, 'y_m': 0.5610328548628356, 'heading_rad': -0.7813059040596291}
[base] continuous stop label=search_can_routine_2_step_0 elapsed=0.064s
[base] stop
[fsm] SEARCHING --TARGET_FOUND--> ALIGNING
[can] backend=detectnet_native detections=1 best_confidence=0.421
[can] backend=detectnet_native confidence=0.421 class_id=1 center=(14.2,139.9) error_x=-0.456 bbox=[0.322265625, 104.8828125, 28.125, 174.9609375]
[base] continuous start label=align_can direction=left requested_speed=0.15 effective_speed=0.15
[visual-turn] label=align_can direction=left speed=0.15
[can] backend=detectnet_native no detections
[map] motion direction=left speed=0.15 effective_seconds=0.06262803077697754 pose={'x_m': -0.19558106667659544, 'y_m': 0.5610328548628356, 'heading_rad': -0.7923593738010766}
[base] continuous stop label=align_can elapsed=0.063s
[base] stop
[can] backend=detectnet_native detections=1 best_confidence=0.344
[can] backend=detectnet_native confidence=0.344 class_id=1 center=(13.5,140.7) error_x=-0.458 bbox=[0.56640625, 108.1640625, 26.42578125, 173.3203125]
[base] continuous start label=align_can direction=left requested_speed=0.15 effective_speed=0.15
[visual-turn] label=align_can direction=left speed=0.15
[can] backend=detectnet_native detections=1 best_confidence=0.481
[can] backend=detectnet_native confidence=0.481 class_id=1 center=(14.5,139.9) error_x=-0.455 bbox=[1.474609375, 105.9375, 27.4609375, 173.90625]
[can] backend=detectnet_native detections=1 best_confidence=0.443
[can] backend=detectnet_native confidence=0.443 class_id=1 center=(14.4,139.7) error_x=-0.455 bbox=[1.6015625, 105.99609375, 27.109375, 173.4375]
[can] backend=detectnet_native detections=1 best_confidence=0.408
[can] backend=detectnet_native confidence=0.408 class_id=1 center=(13.8,140.9) error_x=-0.457 bbox=[0.87890625, 107.9296875, 26.62109375, 173.7890625]
[can] backend=detectnet_native detections=1 best_confidence=0.488
[can] backend=detectnet_native confidence=0.488 class_id=1 center=(14.7,140.0) error_x=-0.454 bbox=[1.318359375, 106.5234375, 28.0859375, 173.5546875]
[can] backend=detectnet_native detections=1 best_confidence=0.385
[can] backend=detectnet_native confidence=0.385 class_id=1 center=(15.1,140.6) error_x=-0.453 bbox=[0.263671875, 107.6953125, 30.0, 173.5546875]
[can] backend=detectnet_native detections=1 best_confidence=0.351
[can] backend=detectnet_native confidence=0.351 class_id=1 center=(15.4,141.0) error_x=-0.452 bbox=[1.962890625, 108.10546875, 28.8671875, 173.90625]
[can] backend=detectnet_native no detections
[map] motion direction=left speed=0.15 effective_seconds=0.3434789180755615 pose={'x_m': -0.19558106667659544, 'y_m': 0.5610328548628356, 'heading_rad': -0.8529813314240666}
[base] continuous stop label=align_can elapsed=0.343s
[base] stop
[can] backend=detectnet_native detections=1 best_confidence=0.766
[can] backend=detectnet_native confidence=0.766 class_id=1 center=(23.1,138.6) error_x=-0.428 bbox=[10.1171875, 110.7421875, 36.171875, 166.5234375]
[base] continuous start label=align_can direction=left requested_speed=0.15 effective_speed=0.15
[visual-turn] label=align_can direction=left speed=0.15
[can] backend=detectnet_native detections=1 best_confidence=0.819
[can] backend=detectnet_native confidence=0.819 class_id=1 center=(23.4,138.9) error_x=-0.427 bbox=[10.48828125, 110.5078125, 36.40625, 167.34375]
[can] backend=detectnet_native detections=1 best_confidence=0.751
[can] backend=detectnet_native confidence=0.751 class_id=1 center=(22.6,138.2) error_x=-0.429 bbox=[10.41015625, 110.7421875, 34.8046875, 165.703125]
[can] backend=detectnet_native detections=1 best_confidence=0.749
[can] backend=detectnet_native confidence=0.749 class_id=1 center=(22.0,139.1) error_x=-0.431 bbox=[10.390625, 113.14453125, 33.69140625, 165.1171875]
[can] backend=detectnet_native detections=1 best_confidence=0.790
[can] backend=detectnet_native confidence=0.790 class_id=1 center=(24.7,137.5) error_x=-0.423 bbox=[11.904296875, 109.16015625, 37.421875, 165.8203125]
[can] backend=detectnet_native detections=1 best_confidence=0.615
[can] backend=detectnet_native confidence=0.615 class_id=1 center=(25.2,135.6) error_x=-0.421 bbox=[14.228515625, 107.98828125, 36.26953125, 163.125]
[can] backend=detectnet_native detections=1 best_confidence=0.771
[can] backend=detectnet_native confidence=0.771 class_id=1 center=(26.2,137.0) error_x=-0.418 bbox=[14.150390625, 110.91796875, 38.203125, 163.125]
[can] backend=detectnet_native detections=1 best_confidence=0.853
[can] backend=detectnet_native confidence=0.853 class_id=1 center=(26.7,137.0) error_x=-0.417 bbox=[14.31640625, 110.0390625, 38.984375, 163.9453125]
[can] backend=detectnet_native detections=1 best_confidence=0.636
[can] backend=detectnet_native confidence=0.636 class_id=1 center=(28.4,136.0) error_x=-0.411 bbox=[17.763671875, 109.453125, 38.9453125, 162.5390625]
[can] backend=detectnet_native detections=1 best_confidence=0.723
[can] backend=detectnet_native confidence=0.723 class_id=1 center=(29.8,135.4) error_x=-0.407 bbox=[19.19921875, 110.0390625, 40.390625, 160.6640625]
[can] backend=detectnet_native detections=1 best_confidence=0.926
[can] backend=detectnet_native confidence=0.926 class_id=1 center=(30.1,136.8) error_x=-0.406 bbox=[17.333984375, 107.9296875, 42.9296875, 165.5859375]
[can] backend=detectnet_native detections=1 best_confidence=0.763
[can] backend=detectnet_native confidence=0.763 class_id=1 center=(32.1,137.5) error_x=-0.400 bbox=[20.546875, 111.796875, 43.5546875, 163.125]
[can] backend=detectnet_native detections=1 best_confidence=0.750
[can] backend=detectnet_native confidence=0.750 class_id=1 center=(32.3,137.3) error_x=-0.399 bbox=[20.95703125, 111.328125, 43.59375, 163.359375]
[can] backend=detectnet_native detections=1 best_confidence=0.552
[can] backend=detectnet_native confidence=0.552 class_id=1 center=(32.6,137.2) error_x=-0.398 bbox=[21.2890625, 112.03125, 43.90625, 162.421875]
[can] backend=detectnet_native detections=1 best_confidence=0.345
[can] backend=detectnet_native confidence=0.345 class_id=1 center=(33.6,135.8) error_x=-0.395 bbox=[19.892578125, 109.921875, 47.34375, 161.71875]
[can] backend=detectnet_native detections=1 best_confidence=0.696
[can] backend=detectnet_native confidence=0.696 class_id=1 center=(35.9,136.1) error_x=-0.388 bbox=[22.7734375, 111.5625, 49.0234375, 160.6640625]
[can] backend=detectnet_native detections=1 best_confidence=0.733
[can] backend=detectnet_native confidence=0.733 class_id=1 center=(38.5,136.3) error_x=-0.380 bbox=[25.234375, 108.8671875, 51.796875, 163.7109375]
[can] backend=detectnet_native detections=1 best_confidence=0.577
[can] backend=detectnet_native confidence=0.577 class_id=1 center=(40.0,138.3) error_x=-0.375 bbox=[29.453125, 114.609375, 50.46875, 161.953125]
[can] backend=detectnet_native detections=1 best_confidence=0.669
[can] backend=detectnet_native confidence=0.669 class_id=1 center=(41.0,136.9) error_x=-0.372 bbox=[30.52734375, 113.4375, 51.5625, 160.3125]
[can] backend=detectnet_native detections=1 best_confidence=0.733
[can] backend=detectnet_native confidence=0.733 class_id=1 center=(41.7,134.4) error_x=-0.370 bbox=[30.078125, 109.6875, 53.28125, 159.140625]
[can] backend=detectnet_native detections=1 best_confidence=0.681
[can] backend=detectnet_native confidence=0.681 class_id=1 center=(44.9,135.2) error_x=-0.360 bbox=[34.0625, 112.03125, 55.703125, 158.4375]
[can] backend=detectnet_native detections=1 best_confidence=0.800
[can] backend=detectnet_native confidence=0.800 class_id=1 center=(46.0,133.6) error_x=-0.356 bbox=[34.5703125, 107.4609375, 57.421875, 159.7265625]
[can] backend=detectnet_native detections=1 best_confidence=0.667
[can] backend=detectnet_native confidence=0.667 class_id=1 center=(48.6,133.6) error_x=-0.348 bbox=[35.5859375, 109.1015625, 61.5625, 158.0859375]
[can] backend=detectnet_native detections=1 best_confidence=0.441
[can] backend=detectnet_native confidence=0.441 class_id=1 center=(48.4,135.8) error_x=-0.349 bbox=[37.20703125, 112.08984375, 59.6875, 159.609375]
[can] backend=detectnet_native detections=1 best_confidence=0.350
[can] backend=detectnet_native confidence=0.350 class_id=1 center=(48.3,136.7) error_x=-0.349 bbox=[36.58203125, 112.44140625, 60.078125, 161.015625]
[can] backend=detectnet_native detections=1 best_confidence=0.518
[can] backend=detectnet_native confidence=0.518 class_id=1 center=(48.0,135.0) error_x=-0.350 bbox=[34.140625, 106.640625, 61.796875, 163.359375]
[can] backend=detectnet_native no detections
[map] motion direction=left speed=0.15 effective_seconds=1.229299783706665 pose={'x_m': -0.19558106667659544, 'y_m': 0.5610328548628356, 'heading_rad': -1.0699453297135406}
[base] continuous stop label=align_can elapsed=1.229s
[base] stop
[can] backend=detectnet_native detections=1 best_confidence=0.393
[can] backend=detectnet_native confidence=0.393 class_id=1 center=(54.1,133.6) error_x=-0.331 bbox=[43.28125, 108.22265625, 64.921875, 158.90625]
[base] continuous start label=align_can direction=left requested_speed=0.15 effective_speed=0.15
[visual-turn] label=align_can direction=left speed=0.15
[can] backend=detectnet_native detections=1 best_confidence=0.365
[can] backend=detectnet_native confidence=0.365 class_id=1 center=(54.3,131.9) error_x=-0.330 bbox=[43.0859375, 106.23046875, 65.5078125, 157.6171875]
[can] backend=detectnet_native detections=1 best_confidence=0.345
[can] backend=detectnet_native confidence=0.345 class_id=1 center=(54.3,132.1) error_x=-0.330 bbox=[43.1640625, 106.640625, 65.5078125, 157.5]
[can] backend=detectnet_native detections=1 best_confidence=0.480
[can] backend=detectnet_native confidence=0.480 class_id=1 center=(56.8,133.5) error_x=-0.323 bbox=[45.2734375, 107.4609375, 68.2421875, 159.4921875]
[can] backend=detectnet_native detections=1 best_confidence=0.446
[can] backend=detectnet_native confidence=0.446 class_id=1 center=(58.0,134.9) error_x=-0.319 bbox=[46.640625, 109.1015625, 69.453125, 160.6640625]
[can] backend=detectnet_native detections=1 best_confidence=0.549
[can] backend=detectnet_native confidence=0.549 class_id=1 center=(60.0,132.5) error_x=-0.312 bbox=[49.4140625, 107.34375, 70.6640625, 157.734375]
[can] backend=detectnet_native detections=1 best_confidence=0.598
[can] backend=detectnet_native confidence=0.598 class_id=1 center=(61.7,132.0) error_x=-0.307 bbox=[50.0, 106.11328125, 73.359375, 157.96875]
[can] backend=detectnet_native detections=1 best_confidence=0.701
[can] backend=detectnet_native confidence=0.701 class_id=1 center=(62.7,132.7) error_x=-0.304 bbox=[51.953125, 106.40625, 73.515625, 158.90625]
[can] backend=detectnet_native detections=1 best_confidence=0.520
[can] backend=detectnet_native confidence=0.520 class_id=1 center=(63.7,131.2) error_x=-0.301 bbox=[51.6796875, 104.765625, 75.625, 157.734375]
[can] backend=detectnet_native detections=1 best_confidence=0.427
[can] backend=detectnet_native confidence=0.427 class_id=1 center=(63.7,130.3) error_x=-0.301 bbox=[50.3125, 102.94921875, 77.03125, 157.6171875]
[can] backend=detectnet_native detections=1 best_confidence=0.396
[can] backend=detectnet_native confidence=0.396 class_id=1 center=(64.8,132.8) error_x=-0.297 bbox=[51.875, 105.99609375, 77.734375, 159.609375]
[can] backend=detectnet_native detections=1 best_confidence=0.399
[can] backend=detectnet_native confidence=0.399 class_id=1 center=(66.3,131.0) error_x=-0.293 bbox=[52.6953125, 101.953125, 79.9609375, 160.078125]
[can] backend=detectnet_native no detections
[map] motion direction=left speed=0.15 effective_seconds=0.5755455493927002 pose={'x_m': -0.19558106667659544, 'y_m': 0.5610328548628356, 'heading_rad': -1.1715256482404242}
[base] continuous stop label=align_can elapsed=0.576s
[base] stop
[can] backend=detectnet_native detections=1 best_confidence=0.442
[can] backend=detectnet_native confidence=0.442 class_id=1 center=(71.6,133.6) error_x=-0.276 bbox=[61.6015625, 109.86328125, 81.5625, 157.3828125]
[base] continuous start label=align_can direction=left requested_speed=0.15 effective_speed=0.15
[visual-turn] label=align_can direction=left speed=0.15
[can] backend=detectnet_native detections=1 best_confidence=0.406
[can] backend=detectnet_native confidence=0.406 class_id=1 center=(71.5,134.3) error_x=-0.277 bbox=[61.4453125, 110.625, 81.5625, 157.96875]
[can] backend=detectnet_native detections=1 best_confidence=0.333
[can] backend=detectnet_native confidence=0.333 class_id=1 center=(71.7,135.7) error_x=-0.276 bbox=[61.6015625, 112.6171875, 81.796875, 158.7890625]
[can] backend=detectnet_native detections=1 best_confidence=0.591
[can] backend=detectnet_native confidence=0.591 class_id=1 center=(73.1,133.6) error_x=-0.272 bbox=[61.2890625, 105.05859375, 84.84375, 162.1875]
[can] backend=detectnet_native detections=1 best_confidence=0.505
[can] backend=detectnet_native confidence=0.505 class_id=1 center=(74.6,133.7) error_x=-0.267 bbox=[63.7890625, 108.8671875, 85.46875, 158.5546875]
[can] backend=detectnet_native detections=1 best_confidence=0.571
[can] backend=detectnet_native confidence=0.571 class_id=1 center=(76.0,133.4) error_x=-0.262 bbox=[64.375, 108.515625, 87.65625, 158.203125]
[can] backend=detectnet_native detections=1 best_confidence=0.551
[can] backend=detectnet_native confidence=0.551 class_id=1 center=(76.9,131.5) error_x=-0.260 bbox=[65.078125, 106.81640625, 88.671875, 156.09375]
[can] backend=detectnet_native detections=1 best_confidence=0.417
[can] backend=detectnet_native confidence=0.417 class_id=1 center=(78.9,131.4) error_x=-0.253 bbox=[68.4765625, 106.2890625, 89.375, 156.4453125]
[can] backend=detectnet_native detections=1 best_confidence=0.555
[can] backend=detectnet_native confidence=0.555 class_id=1 center=(79.5,130.0) error_x=-0.251 bbox=[66.953125, 103.30078125, 92.109375, 156.6796875]
[can] backend=detectnet_native detections=1 best_confidence=0.679
[can] backend=detectnet_native confidence=0.679 class_id=1 center=(81.4,130.4) error_x=-0.246 bbox=[70.3125, 103.7109375, 92.5, 157.1484375]
[can] backend=detectnet_native no detections
[map] motion direction=left speed=0.15 effective_seconds=0.48373937606811523 pose={'x_m': -0.19558106667659544, 'y_m': 0.5610328548628356, 'heading_rad': -1.25690273083075}
[base] continuous stop label=align_can elapsed=0.484s
[base] stop
[can] backend=detectnet_native detections=1 best_confidence=0.302
[can] backend=detectnet_native confidence=0.302 class_id=1 center=(82.6,130.0) error_x=-0.242 bbox=[71.015625, 103.7109375, 94.140625, 156.2109375]
[base] continuous start label=align_can direction=left requested_speed=0.15 effective_speed=0.15
[visual-turn] label=align_can direction=left speed=0.15
[can] backend=detectnet_native no detections
[map] motion direction=left speed=0.15 effective_seconds=0.06459927558898926 pose={'x_m': -0.19558106667659544, 'y_m': 0.5610328548628356, 'heading_rad': -1.2683041133935369}
[base] continuous stop label=align_can elapsed=0.065s
[base] stop
[can] backend=detectnet_native no detections
[base] stop
[can] backend=detectnet_native no detections
[base] stop
[can] backend=detectnet_native no detections
[base] stop
[can] backend=detectnet_native no detections
[base] stop
[can] backend=detectnet_native no detections
[base] stop
[can] backend=detectnet_native no detections
[base] stop
[can] backend=detectnet_native no detections
[base] stop
[base] stop
[fsm] ALIGNING --TARGET_MISSING--> SEARCHING reason=alignment target lost
[can] backend=detectnet_native no detections
[base] continuous start label=search_can_routine_2_step_0 direction=forward requested_speed=0.6 effective_speed=0.6
[can] backend=detectnet_native no detections
[map] motion direction=forward speed=0.6 effective_seconds=0.046324968338012695 pose={'x_m': -0.2001690656543867, 'y_m': 0.5624646273574915, 'heading_rad': -1.2683041133935369}
[can] backend=detectnet_native no detections
[map] motion direction=forward speed=0.6 effective_seconds=0.04665803909301758 pose={'x_m': -0.2047900517736336, 'y_m': 0.5639066941181318, 'heading_rad': -1.2683041133935369}
[can] backend=detectnet_native no detections
[map] motion direction=forward speed=0.6 effective_seconds=0.04628896713256836 pose={'x_m': -0.20937448521215513, 'y_m': 0.5653373539183255, 'heading_rad': -1.2683041133935369}
[can] backend=detectnet_native no detections
[map] motion direction=forward speed=0.6 effective_seconds=0.04709935188293457 pose={'x_m': -0.2140391787035097, 'y_m': 0.5667930603971741, 'heading_rad': -1.2683041133935369}
[can] backend=detectnet_native no detections
[map] motion direction=forward speed=0.6 effective_seconds=0.046337127685546875 pose={'x_m': -0.2186283819362861, 'y_m': 0.5682252087025425, 'heading_rad': -1.2683041133935369}
[can] backend=detectnet_native no detections
[map] motion direction=forward speed=0.6 effective_seconds=0.045867919921875 pose={'x_m': -0.22317111509434184, 'y_m': 0.5696428551357151, 'heading_rad': -1.2683041133935369}
[can] backend=detectnet_native no detections
[map] motion direction=forward speed=0.6 effective_seconds=0.046343088150024414 pose={'x_m': -0.22776090864818938, 'y_m': 0.5710751876620208, 'heading_rad': -1.2683041133935369}
[can] backend=detectnet_native detections=1 best_confidence=0.573
[can] backend=detectnet_native confidence=0.573 class_id=1 center=(83.2,131.1) error_x=-0.240 bbox=[69.921875, 100.546875, 96.484375, 161.71875]
[map] motion direction=forward speed=0.6 effective_seconds=0.06605172157287598 pose={'x_m': -0.23430263424304615, 'y_m': 0.5731166577712429, 'heading_rad': -1.2683041133935369}
[base] continuous stop label=search_can_routine_2_step_0 elapsed=0.066s
[base] stop
[fsm] SEARCHING --TARGET_FOUND--> ALIGNING
[can] backend=detectnet_native detections=1 best_confidence=0.561
[can] backend=detectnet_native confidence=0.561 class_id=1 center=(83.4,130.8) error_x=-0.239 bbox=[69.84375, 100.37109375, 97.03125, 161.25]
[base] continuous start label=align_can direction=left requested_speed=0.15 effective_speed=0.15
[visual-turn] label=align_can direction=left speed=0.15
[can] backend=detectnet_native detections=1 best_confidence=0.790
[can] backend=detectnet_native confidence=0.790 class_id=1 center=(82.7,131.3) error_x=-0.241 bbox=[68.90625, 100.72265625, 96.5625, 161.953125]
[can] backend=detectnet_native detections=1 best_confidence=0.882
[can] backend=detectnet_native confidence=0.882 class_id=1 center=(81.9,132.9) error_x=-0.244 bbox=[67.6953125, 100.72265625, 96.015625, 165.0]
[can] backend=detectnet_native detections=1 best_confidence=0.836
[can] backend=detectnet_native confidence=0.836 class_id=1 center=(82.3,132.8) error_x=-0.243 bbox=[68.5546875, 101.07421875, 96.09375, 164.53125]
[can] backend=detectnet_native detections=1 best_confidence=0.745
[can] backend=detectnet_native confidence=0.745 class_id=1 center=(83.6,131.5) error_x=-0.239 bbox=[70.390625, 101.3671875, 96.796875, 161.6015625]
[can] backend=detectnet_native detections=1 best_confidence=0.618
[can] backend=detectnet_native confidence=0.618 class_id=1 center=(83.6,131.4) error_x=-0.239 bbox=[70.625, 104.1796875, 96.5625, 158.5546875]
[can] backend=detectnet_native detections=1 best_confidence=0.357
[can] backend=detectnet_native confidence=0.357 class_id=1 center=(85.0,130.9) error_x=-0.234 bbox=[71.0546875, 103.65234375, 98.90625, 158.203125]
[can] backend=detectnet_native no detections
[map] motion direction=left speed=0.15 effective_seconds=0.3410489559173584 pose={'x_m': -0.23430263424304615, 'y_m': 0.5731166577712429, 'heading_rad': -1.3284971973499702}
[base] continuous stop label=align_can elapsed=0.341s
[base] stop
[can] backend=detectnet_native detections=1 best_confidence=0.609
[can] backend=detectnet_native confidence=0.609 class_id=1 center=(91.3,131.2) error_x=-0.215 bbox=[78.5546875, 101.19140625, 104.140625, 161.1328125]
[base] continuous start label=align_can direction=left requested_speed=0.15 effective_speed=0.15
[visual-turn] label=align_can direction=left speed=0.15
[can] backend=detectnet_native detections=1 best_confidence=0.582
[can] backend=detectnet_native confidence=0.582 class_id=1 center=(91.0,130.7) error_x=-0.216 bbox=[77.734375, 100.37109375, 104.21875, 161.015625]
[can] backend=detectnet_native detections=1 best_confidence=0.556
[can] backend=detectnet_native confidence=0.556 class_id=1 center=(91.7,131.2) error_x=-0.214 bbox=[78.8671875, 102.71484375, 104.453125, 159.609375]
[can] backend=detectnet_native detections=1 best_confidence=0.527
[can] backend=detectnet_native confidence=0.527 class_id=1 center=(92.3,131.1) error_x=-0.212 bbox=[79.140625, 100.83984375, 105.390625, 161.3671875]
[can] backend=detectnet_native detections=1 best_confidence=0.751
[can] backend=detectnet_native confidence=0.751 class_id=1 center=(92.7,129.6) error_x=-0.210 bbox=[78.59375, 99.08203125, 106.71875, 160.078125]
[can] backend=detectnet_native detections=1 best_confidence=0.743
[can] backend=detectnet_native confidence=0.743 class_id=1 center=(93.8,129.7) error_x=-0.207 bbox=[79.9609375, 98.203125, 107.578125, 161.25]
[can] backend=detectnet_native detections=1 best_confidence=0.822
[can] backend=detectnet_native confidence=0.822 class_id=1 center=(94.5,129.0) error_x=-0.205 bbox=[81.25, 97.1484375, 107.734375, 160.8984375]
[can] backend=detectnet_native detections=1 best_confidence=0.657
[can] backend=detectnet_native confidence=0.657 class_id=1 center=(95.2,129.1) error_x=-0.203 bbox=[82.890625, 99.43359375, 107.5, 158.671875]
[can] backend=detectnet_native detections=1 best_confidence=0.704
[can] backend=detectnet_native confidence=0.704 class_id=1 center=(96.9,129.9) error_x=-0.197 bbox=[83.59375, 98.203125, 110.15625, 161.6015625]
[can] backend=detectnet_native detections=1 best_confidence=0.436
[can] backend=detectnet_native confidence=0.436 class_id=1 center=(98.9,130.2) error_x=-0.191 bbox=[86.875, 99.7265625, 110.9375, 160.6640625]
[can] backend=detectnet_native no detections
[map] motion direction=left speed=0.15 effective_seconds=0.4866466522216797 pose={'x_m': -0.23430263424304615, 'y_m': 0.5731166577712429, 'heading_rad': -1.414387396648498}
[base] continuous stop label=align_can elapsed=0.487s
[base] stop
[can] backend=detectnet_native detections=1 best_confidence=0.322
[can] backend=detectnet_native confidence=0.322 class_id=1 center=(102.3,130.0) error_x=-0.180 bbox=[89.375, 101.015625, 115.3125, 158.90625]
[base] continuous start label=align_can direction=left requested_speed=0.15 effective_speed=0.15
[visual-turn] label=align_can direction=left speed=0.15
[can] backend=detectnet_native detections=1 best_confidence=0.472
[can] backend=detectnet_native confidence=0.472 class_id=1 center=(102.4,129.6) error_x=-0.180 bbox=[89.296875, 99.66796875, 115.546875, 159.4921875]
[can] backend=detectnet_native detections=1 best_confidence=0.409
[can] backend=detectnet_native confidence=0.409 class_id=1 center=(103.6,129.6) error_x=-0.176 bbox=[91.25, 100.546875, 115.9375, 158.671875]
[can] backend=detectnet_native detections=1 best_confidence=0.657
[can] backend=detectnet_native confidence=0.657 class_id=1 center=(104.8,127.9) error_x=-0.172 bbox=[90.9375, 96.6796875, 118.671875, 159.140625]
[can] backend=detectnet_native detections=1 best_confidence=0.596
[can] backend=detectnet_native confidence=0.596 class_id=1 center=(107.3,129.5) error_x=-0.165 bbox=[93.828125, 101.07421875, 120.859375, 157.96875]
[can] backend=detectnet_native detections=1 best_confidence=0.670
[can] backend=detectnet_native confidence=0.670 class_id=1 center=(107.7,130.8) error_x=-0.164 bbox=[94.140625, 101.42578125, 121.171875, 160.078125]
[can] backend=detectnet_native detections=1 best_confidence=0.738
[can] backend=detectnet_native confidence=0.738 class_id=1 center=(108.8,129.3) error_x=-0.160 bbox=[95.3125, 99.55078125, 122.1875, 159.140625]
[can] backend=detectnet_native detections=1 best_confidence=0.853
[can] backend=detectnet_native confidence=0.853 class_id=1 center=(110.1,129.0) error_x=-0.156 bbox=[95.15625, 99.84375, 125.0, 158.0859375]
[can] backend=detectnet_native detections=1 best_confidence=0.695
[can] backend=detectnet_native confidence=0.695 class_id=1 center=(110.2,127.6) error_x=-0.156 bbox=[96.484375, 98.4375, 123.984375, 156.6796875]
[can] backend=detectnet_native detections=1 best_confidence=0.562
[can] backend=detectnet_native confidence=0.562 class_id=1 center=(113.6,128.9) error_x=-0.145 bbox=[100.078125, 97.96875, 127.1875, 159.84375]
[map] motion direction=left speed=0.15 effective_seconds=0.4430074691772461 pose={'x_m': -0.23430263424304615, 'y_m': 0.5731166577712429, 'heading_rad': -1.4925755433143821}
[base] continuous stop label=align_can elapsed=0.443s
[base] stop
[fsm] ALIGNING --TARGET_ALIGNED--> APPROACHING
[can] backend=detectnet_native detections=1 best_confidence=0.620
[can] backend=detectnet_native confidence=0.620 class_id=1 center=(115.8,128.7) error_x=-0.138 bbox=[103.046875, 98.203125, 128.515625, 159.140625]
[base] continuous start label=exp1_can_steer direction=left requested_speed=0.15 effective_speed=0.15
[visual-turn] label=exp1_can_steer direction=left speed=0.15
[exp1] visual steering direction=left error_x=-0.138
[can] backend=detectnet_native detections=1 best_confidence=0.613
[can] backend=detectnet_native confidence=0.613 class_id=1 center=(115.5,130.4) error_x=-0.139 bbox=[101.875, 99.2578125, 129.0625, 161.6015625]
[exp1] visual steering direction=left error_x=-0.139
[can] backend=detectnet_native detections=1 best_confidence=0.728
[can] backend=detectnet_native confidence=0.728 class_id=1 center=(115.7,128.7) error_x=-0.138 bbox=[102.03125, 96.4453125, 129.375, 160.8984375]
[exp1] visual steering direction=left error_x=-0.138
[can] backend=detectnet_native detections=1 best_confidence=0.627
[can] backend=detectnet_native confidence=0.627 class_id=1 center=(118.0,128.2) error_x=-0.131 bbox=[103.125, 97.6171875, 132.96875, 158.7890625]
[exp1] visual steering direction=left error_x=-0.131
[can] backend=detectnet_native detections=1 best_confidence=0.332
[can] backend=detectnet_native confidence=0.332 class_id=1 center=(117.4,127.9) error_x=-0.133 bbox=[103.4375, 98.4375, 131.40625, 157.265625]
[exp1] visual steering direction=left error_x=-0.133
[can] backend=detectnet_native detections=1 best_confidence=0.626
[can] backend=detectnet_native confidence=0.626 class_id=1 center=(120.5,125.9) error_x=-0.123 bbox=[108.59375, 96.09375, 132.5, 155.625]
[exp1] visual steering direction=left error_x=-0.123
[can] backend=detectnet_native detections=1 best_confidence=0.581
[can] backend=detectnet_native confidence=0.581 class_id=1 center=(122.4,127.2) error_x=-0.117 bbox=[109.609375, 97.32421875, 135.234375, 157.03125]
[map] motion direction=left speed=0.15 effective_seconds=0.29875898361206055 pose={'x_m': -0.23430263424304615, 'y_m': 0.5731166577712429, 'heading_rad': -1.5453047021969475}
[base] continuous stop label=exp1_can_steer elapsed=0.299s
[base] stop
[base] continuous start label=exp1_can_approach direction=forward requested_speed=0.6 effective_speed=0.6
[exp1] continuous displacement speed=0.6 duration_seconds=2.4 remaining=2.400
[can] backend=detectnet_native detections=1 best_confidence=0.614
[can] backend=detectnet_native confidence=0.614 class_id=1 center=(124.0,127.7) error_x=-0.113 bbox=[111.484375, 98.90625, 136.484375, 156.5625]
[can] backend=detectnet_native detections=1 best_confidence=0.681
[can] backend=detectnet_native confidence=0.681 class_id=1 center=(125.0,128.3) error_x=-0.109 bbox=[111.71875, 97.5, 138.28125, 159.140625]
[can] backend=detectnet_native detections=1 best_confidence=0.742
[can] backend=detectnet_native confidence=0.742 class_id=1 center=(125.5,128.8) error_x=-0.108 bbox=[111.953125, 98.84765625, 138.984375, 158.671875]
[can] backend=detectnet_native detections=1 best_confidence=0.730
[can] backend=detectnet_native confidence=0.730 class_id=1 center=(126.5,127.6) error_x=-0.105 bbox=[112.96875, 97.1484375, 140.078125, 158.0859375]
[can] backend=detectnet_native detections=1 best_confidence=0.692
[can] backend=detectnet_native confidence=0.692 class_id=1 center=(125.6,128.1) error_x=-0.108 bbox=[111.953125, 97.6171875, 139.21875, 158.5546875]
[can] backend=detectnet_native detections=1 best_confidence=0.790
[can] backend=detectnet_native confidence=0.790 class_id=1 center=(125.8,128.1) error_x=-0.107 bbox=[112.03125, 95.859375, 139.609375, 160.3125]
[can] backend=detectnet_native detections=1 best_confidence=0.846
[can] backend=detectnet_native confidence=0.846 class_id=1 center=(125.2,128.3) error_x=-0.109 bbox=[110.546875, 96.2109375, 139.765625, 160.3125]
[can] backend=detectnet_native detections=1 best_confidence=0.799
[can] backend=detectnet_native confidence=0.799 class_id=1 center=(125.1,129.4) error_x=-0.109 bbox=[110.390625, 97.96875, 139.765625, 160.78125]
[can] backend=detectnet_native detections=1 best_confidence=0.910
[can] backend=detectnet_native confidence=0.910 class_id=1 center=(124.7,129.2) error_x=-0.110 bbox=[109.375, 95.625, 140.078125, 162.7734375]
[can] backend=detectnet_native detections=1 best_confidence=0.875
[can] backend=detectnet_native confidence=0.875 class_id=1 center=(124.3,130.0) error_x=-0.112 bbox=[109.296875, 98.0859375, 139.296875, 161.953125]
[can] backend=detectnet_native detections=1 best_confidence=0.898
[can] backend=detectnet_native confidence=0.898 class_id=1 center=(123.9,129.3) error_x=-0.113 bbox=[109.21875, 96.4453125, 138.59375, 162.0703125]
[can] backend=detectnet_native detections=1 best_confidence=0.937
[can] backend=detectnet_native confidence=0.937 class_id=1 center=(123.9,130.6) error_x=-0.113 bbox=[109.296875, 98.26171875, 138.59375, 162.890625]
[can] backend=detectnet_native detections=1 best_confidence=0.898
[can] backend=detectnet_native confidence=0.898 class_id=1 center=(123.8,131.2) error_x=-0.113 bbox=[108.828125, 98.3203125, 138.75, 164.1796875]
[can] backend=detectnet_native detections=1 best_confidence=0.924
[can] backend=detectnet_native confidence=0.924 class_id=1 center=(122.6,130.5) error_x=-0.117 bbox=[107.03125, 96.38671875, 138.125, 164.53125]
[can] backend=detectnet_native detections=1 best_confidence=0.968
[can] backend=detectnet_native confidence=0.968 class_id=1 center=(121.0,131.0) error_x=-0.122 bbox=[104.53125, 95.859375, 137.421875, 166.171875]
[map] motion direction=forward speed=0.6 effective_seconds=0.7163741588592529 pose={'x_m': -0.3086023058716508, 'y_m': 0.5750110874738781, 'heading_rad': -1.5453047021969475}
[base] continuous stop label=exp1_can_approach elapsed=0.716s
[base] stop
[base] continuous start label=exp1_can_steer direction=left requested_speed=0.15 effective_speed=0.15
[visual-turn] label=exp1_can_steer direction=left speed=0.15
[exp1] visual steering direction=left error_x=-0.122
[can] backend=detectnet_native detections=1 best_confidence=0.975
[can] backend=detectnet_native confidence=0.975 class_id=1 center=(120.9,130.8) error_x=-0.122 bbox=[103.59375, 94.39453125, 138.28125, 167.109375]
[exp1] visual steering direction=left error_x=-0.122
[can] backend=detectnet_native detections=1 best_confidence=0.973
[can] backend=detectnet_native confidence=0.973 class_id=1 center=(120.0,131.5) error_x=-0.125 bbox=[102.578125, 95.5078125, 137.34375, 167.578125]
[exp1] visual steering direction=left error_x=-0.125
[can] backend=detectnet_native detections=1 best_confidence=0.958
[can] backend=detectnet_native confidence=0.958 class_id=1 center=(120.3,131.6) error_x=-0.124 bbox=[102.265625, 96.09375, 138.28125, 167.109375]
[exp1] visual steering direction=left error_x=-0.124
[can] backend=detectnet_native detections=1 best_confidence=0.990
[can] backend=detectnet_native confidence=0.990 class_id=1 center=(123.1,131.9) error_x=-0.115 bbox=[105.859375, 95.859375, 140.3125, 167.9296875]
[map] motion direction=left speed=0.15 effective_seconds=0.20429658889770508 pose={'x_m': -0.3086023058716508, 'y_m': 0.5750110874738781, 'heading_rad': -1.5813618180865276}
[base] continuous stop label=exp1_can_steer elapsed=0.204s
[base] stop
[base] continuous start label=exp1_can_approach direction=forward requested_speed=0.6 effective_speed=0.6
[exp1] continuous displacement speed=0.6 duration_seconds=2.4 remaining=1.701
[can] backend=detectnet_native detections=1 best_confidence=0.992
[can] backend=detectnet_native confidence=0.992 class_id=1 center=(126.1,132.1) error_x=-0.106 bbox=[109.84375, 96.5625, 142.421875, 167.578125]
[can] backend=detectnet_native detections=1 best_confidence=0.999
[can] backend=detectnet_native confidence=0.999 class_id=1 center=(127.8,130.7) error_x=-0.101 bbox=[109.21875, 92.6953125, 146.40625, 168.75]
[can] backend=detectnet_native detections=1 best_confidence=0.999
[can] backend=detectnet_native confidence=0.999 class_id=1 center=(128.8,131.2) error_x=-0.098 bbox=[110.3125, 92.578125, 147.265625, 169.921875]
[can] backend=detectnet_native detections=1 best_confidence=0.999
[can] backend=detectnet_native confidence=0.999 class_id=1 center=(129.7,130.7) error_x=-0.095 bbox=[110.3125, 92.4609375, 149.0625, 168.8671875]
[can] backend=detectnet_native detections=1 best_confidence=0.999
[can] backend=detectnet_native confidence=0.999 class_id=1 center=(128.4,130.6) error_x=-0.099 bbox=[109.453125, 92.75390625, 147.265625, 168.3984375]
[can] backend=detectnet_native detections=1 best_confidence=1.000
[can] backend=detectnet_native confidence=1.000 class_id=1 center=(127.9,130.3) error_x=-0.100 bbox=[108.046875, 91.23046875, 147.734375, 169.453125]
[can] backend=detectnet_native detections=1 best_confidence=0.999
[can] backend=detectnet_native confidence=0.999 class_id=1 center=(128.1,130.9) error_x=-0.100 bbox=[109.453125, 90.9375, 146.796875, 170.859375]
[can] backend=detectnet_native detections=1 best_confidence=1.000
[can] backend=detectnet_native confidence=1.000 class_id=1 center=(128.0,132.5) error_x=-0.100 bbox=[110.15625, 93.92578125, 145.78125, 171.09375]
[can] backend=detectnet_native detections=1 best_confidence=1.000
[can] backend=detectnet_native confidence=1.000 class_id=1 center=(127.1,130.2) error_x=-0.103 bbox=[108.671875, 88.53515625, 145.625, 171.796875]
[can] backend=detectnet_native detections=1 best_confidence=1.000
[can] backend=detectnet_native confidence=1.000 class_id=1 center=(127.0,132.6) error_x=-0.103 bbox=[109.375, 92.34375, 144.6875, 172.8515625]
[can] backend=detectnet_native detections=1 best_confidence=1.000
[can] backend=detectnet_native confidence=1.000 class_id=1 center=(127.7,132.0) error_x=-0.101 bbox=[109.765625, 90.9375, 145.625, 172.96875]
[can] backend=detectnet_native detections=1 best_confidence=1.000
[can] backend=detectnet_native confidence=1.000 class_id=1 center=(125.8,134.0) error_x=-0.107 bbox=[106.5625, 90.99609375, 145.0, 176.953125]
[can] backend=detectnet_native detections=1 best_confidence=1.000
[can] backend=detectnet_native confidence=1.000 class_id=1 center=(125.6,134.8) error_x=-0.108 bbox=[105.9375, 91.5234375, 145.234375, 178.125]
[can] backend=detectnet_native detections=1 best_confidence=1.000
[can] backend=detectnet_native confidence=1.000 class_id=1 center=(125.1,134.8) error_x=-0.109 bbox=[105.390625, 92.05078125, 144.84375, 177.5390625]
[can] backend=detectnet_native detections=1 best_confidence=1.000
[can] backend=detectnet_native confidence=1.000 class_id=1 center=(124.8,136.5) error_x=-0.110 bbox=[104.375, 92.9296875, 145.15625, 180.0]
[can] backend=detectnet_native detections=1 best_confidence=1.000
[can] backend=detectnet_native confidence=1.000 class_id=1 center=(124.4,136.3) error_x=-0.111 bbox=[103.59375, 91.9921875, 145.234375, 180.5859375]
[can] backend=detectnet_native detections=1 best_confidence=0.999
[can] backend=detectnet_native confidence=0.999 class_id=1 center=(122.7,136.6) error_x=-0.117 bbox=[101.953125, 90.87890625, 143.4375, 182.34375]
[can] backend=detectnet_native detections=1 best_confidence=0.999
[can] backend=detectnet_native confidence=0.999 class_id=1 center=(122.1,135.8) error_x=-0.119 bbox=[99.53125, 88.7109375, 144.609375, 182.9296875]
[can] backend=detectnet_native detections=1 best_confidence=0.999
[can] backend=detectnet_native confidence=0.999 class_id=1 center=(121.7,136.0) error_x=-0.120 bbox=[99.53125, 88.59375, 143.90625, 183.3984375]
[can] backend=detectnet_native detections=1 best_confidence=0.985
[can] backend=detectnet_native confidence=0.985 class_id=1 center=(121.6,137.1) error_x=-0.120 bbox=[99.375, 89.35546875, 143.75, 184.8046875]
[map] motion direction=forward speed=0.6 effective_seconds=0.9485585689544678 pose={'x_m': -0.4070097645522604, 'y_m': 0.5739713256364671, 'heading_rad': -1.5813618180865276}
[base] continuous stop label=exp1_can_approach elapsed=0.949s
[base] stop
[base] continuous start label=exp1_can_steer direction=left requested_speed=0.15 effective_speed=0.15
[visual-turn] label=exp1_can_steer direction=left speed=0.15
[exp1] visual steering direction=left error_x=-0.120
[can] backend=detectnet_native detections=1 best_confidence=0.973
[can] backend=detectnet_native confidence=0.973 class_id=1 center=(120.9,137.5) error_x=-0.122 bbox=[97.96875, 89.4140625, 143.90625, 185.625]
[exp1] visual steering direction=left error_x=-0.122
[can] backend=detectnet_native detections=1 best_confidence=0.986
[can] backend=detectnet_native confidence=0.986 class_id=1 center=(119.5,137.5) error_x=-0.127 bbox=[95.78125, 88.359375, 143.203125, 186.5625]
[exp1] visual steering direction=left error_x=-0.127
[can] backend=detectnet_native detections=1 best_confidence=0.938
[can] backend=detectnet_native confidence=0.938 class_id=1 center=(120.1,138.5) error_x=-0.125 bbox=[95.15625, 89.12109375, 145.0, 187.96875]
[exp1] visual steering direction=left error_x=-0.125
[can] backend=detectnet_native detections=1 best_confidence=0.957
[can] backend=detectnet_native confidence=0.957 class_id=1 center=(119.7,138.5) error_x=-0.126 bbox=[95.234375, 88.828125, 144.21875, 188.0859375]
[exp1] visual steering direction=left error_x=-0.126
[can] backend=detectnet_native detections=1 best_confidence=0.994
[can] backend=detectnet_native confidence=0.994 class_id=1 center=(121.1,142.9) error_x=-0.122 bbox=[94.0625, 88.2421875, 148.125, 197.4609375]
[exp1] visual steering direction=left error_x=-0.122
[can] backend=detectnet_native detections=1 best_confidence=0.996
[can] backend=detectnet_native confidence=0.996 class_id=1 center=(121.8,142.6) error_x=-0.120 bbox=[94.375, 88.0078125, 149.140625, 197.109375]
[map] motion direction=left speed=0.15 effective_seconds=0.29798340797424316 pose={'x_m': -0.4070097645522604, 'y_m': 0.5739713256364671, 'heading_rad': -1.63395409254628}
[base] continuous stop label=exp1_can_steer elapsed=0.298s
[base] stop
[base] continuous start label=exp1_can_approach direction=forward requested_speed=0.6 effective_speed=0.6
[exp1] continuous displacement speed=0.6 duration_seconds=2.4 remaining=0.770
[can] backend=detectnet_native detections=1 best_confidence=1.000
[can] backend=detectnet_native confidence=1.000 class_id=1 center=(126.4,140.2) error_x=-0.105 bbox=[102.03125, 89.94140625, 150.859375, 190.4296875]
[can] backend=detectnet_native detections=1 best_confidence=1.000
[can] backend=detectnet_native confidence=1.000 class_id=1 center=(126.9,140.3) error_x=-0.104 bbox=[102.8125, 89.6484375, 150.9375, 190.8984375]
[can] backend=detectnet_native detections=1 best_confidence=0.999
[can] backend=detectnet_native confidence=0.999 class_id=1 center=(127.0,140.9) error_x=-0.103 bbox=[102.5, 89.00390625, 151.5625, 192.7734375]
[can] backend=detectnet_native detections=1 best_confidence=1.000
[can] backend=detectnet_native confidence=1.000 class_id=1 center=(126.8,143.0) error_x=-0.104 bbox=[100.234375, 87.7734375, 153.359375, 198.28125]
[can] backend=detectnet_native detections=1 best_confidence=0.998
[can] backend=detectnet_native confidence=0.998 class_id=1 center=(126.3,145.0) error_x=-0.105 bbox=[98.671875, 89.1796875, 153.90625, 200.7421875]
[can] backend=detectnet_native detections=1 best_confidence=0.991
[can] backend=detectnet_native confidence=0.991 class_id=1 center=(125.7,145.0) error_x=-0.107 bbox=[98.59375, 90.05859375, 152.8125, 200.0390625]
[can] backend=detectnet_native detections=1 best_confidence=0.970
[can] backend=detectnet_native confidence=0.970 class_id=1 center=(125.0,143.8) error_x=-0.109 bbox=[96.953125, 85.60546875, 152.96875, 201.9140625]
[can] backend=detectnet_native detections=1 best_confidence=0.974
[can] backend=detectnet_native confidence=0.974 class_id=1 center=(125.0,142.7) error_x=-0.109 bbox=[96.40625, 84.78515625, 153.671875, 200.625]
[can] backend=detectnet_native detections=1 best_confidence=0.995
[can] backend=detectnet_native confidence=0.995 class_id=1 center=(124.6,144.2) error_x=-0.111 bbox=[95.625, 85.1953125, 153.515625, 203.203125]
[can] backend=detectnet_native detections=1 best_confidence=0.985
[can] backend=detectnet_native confidence=0.985 class_id=1 center=(123.5,144.0) error_x=-0.114 bbox=[93.90625, 86.6015625, 153.125, 201.4453125]
[can] backend=detectnet_native detections=1 best_confidence=0.996
[can] backend=detectnet_native confidence=0.996 class_id=1 center=(122.5,143.2) error_x=-0.117 bbox=[92.1875, 82.96875, 152.8125, 203.4375]
[can] backend=detectnet_native detections=1 best_confidence=0.996
[can] backend=detectnet_native confidence=0.996 class_id=1 center=(121.1,145.2) error_x=-0.121 bbox=[91.25, 84.2578125, 151.015625, 206.1328125]
[map] motion direction=forward speed=0.6 effective_seconds=0.5748944282531738 pose={'x_m': -0.4665361413583793, 'y_m': 0.5702067658541111, 'heading_rad': -1.63395409254628}
[base] continuous stop label=exp1_can_approach elapsed=0.575s
[base] stop
[base] continuous start label=exp1_can_steer direction=left requested_speed=0.15 effective_speed=0.15
[visual-turn] label=exp1_can_steer direction=left speed=0.15
[exp1] visual steering direction=left error_x=-0.121
[can] backend=detectnet_native detections=1 best_confidence=0.998
[can] backend=detectnet_native confidence=0.998 class_id=1 center=(120.7,145.9) error_x=-0.123 bbox=[90.0, 82.55859375, 151.484375, 209.296875]
[exp1] visual steering direction=left error_x=-0.123
[can] backend=detectnet_native detections=1 best_confidence=0.998
[can] backend=detectnet_native confidence=0.998 class_id=1 center=(120.7,146.8) error_x=-0.123 bbox=[88.4375, 80.56640625, 152.96875, 213.046875]
[exp1] visual steering direction=left error_x=-0.123
[can] backend=detectnet_native detections=1 best_confidence=0.999
[can] backend=detectnet_native confidence=0.999 class_id=1 center=(123.0,143.2) error_x=-0.116 bbox=[88.75, 78.75, 157.1875, 207.65625]
[map] motion direction=left speed=0.15 effective_seconds=0.15823006629943848 pose={'x_m': -0.4665361413583793, 'y_m': 0.5702067658541111, 'heading_rad': -1.6618807450105146}
[base] continuous stop label=exp1_can_steer elapsed=0.158s
[base] stop
[base] continuous start label=exp1_can_approach direction=forward requested_speed=0.6 effective_speed=0.6
[exp1] continuous displacement speed=0.6 duration_seconds=2.4 remaining=0.212
[can] backend=detectnet_native detections=1 best_confidence=0.998
[can] backend=detectnet_native confidence=0.998 class_id=1 center=(122.7,146.7) error_x=-0.117 bbox=[88.90625, 80.56640625, 156.40625, 212.8125]
[can] backend=detectnet_native detections=1 best_confidence=0.998
[can] backend=detectnet_native confidence=0.998 class_id=1 center=(124.0,146.9) error_x=-0.112 bbox=[90.078125, 81.26953125, 157.96875, 212.578125]
[can] backend=detectnet_native detections=1 best_confidence=0.998
[can] backend=detectnet_native confidence=0.998 class_id=1 center=(125.0,146.7) error_x=-0.109 bbox=[89.6875, 77.109375, 160.3125, 216.328125]
[can] backend=detectnet_native detections=1 best_confidence=0.998
[can] backend=detectnet_native confidence=0.998 class_id=1 center=(124.8,147.9) error_x=-0.110 bbox=[88.125, 76.7578125, 161.5625, 219.0234375]
[can] backend=detectnet_native detections=1 best_confidence=0.996
[can] backend=detectnet_native confidence=0.996 class_id=1 center=(123.4,146.2) error_x=-0.115 bbox=[87.8125, 76.23046875, 158.90625, 216.09375]
[can] backend=detectnet_native detections=1 best_confidence=0.998
[can] backend=detectnet_native confidence=0.998 class_id=1 center=(122.5,147.3) error_x=-0.117 bbox=[85.859375, 78.10546875, 159.0625, 216.5625]
[map] motion direction=forward speed=0.6 effective_seconds=0.29656028747558594 pose={'x_m': -0.4971767274859948, 'y_m': 0.5674081421350906, 'heading_rad': -1.6618807450105146}
[base] continuous stop label=exp1_can_approach elapsed=0.297s
[base] stop
[exp1] continuous can approach complete active_seconds=2.441
[fsm] APPROACHING --TARGET_REACHED--> FINAL_VERIFY
[can] backend=detectnet_native detections=1 best_confidence=0.998
[can] backend=detectnet_native confidence=0.998 class_id=1 center=(121.3,150.3) error_x=-0.121 bbox=[80.78125, 76.5234375, 161.875, 224.0625]
[base] continuous start label=align_can direction=left requested_speed=0.15 effective_speed=0.15
[visual-turn] label=align_can direction=left speed=0.15
[can] backend=detectnet_native detections=1 best_confidence=0.996
[can] backend=detectnet_native confidence=0.996 class_id=1 center=(120.0,151.8) error_x=-0.125 bbox=[77.4609375, 73.06640625, 162.5, 230.625]
[can] backend=detectnet_native detections=1 best_confidence=0.998
[can] backend=detectnet_native confidence=0.998 class_id=1 center=(120.2,149.8) error_x=-0.124 bbox=[78.28125, 69.2578125, 162.1875, 230.390625]
[can] backend=detectnet_native detections=1 best_confidence=0.997
[can] backend=detectnet_native confidence=0.997 class_id=1 center=(120.2,152.4) error_x=-0.124 bbox=[78.046875, 73.0078125, 162.34375, 231.796875]
[can] backend=detectnet_native detections=1 best_confidence=0.997
[can] backend=detectnet_native confidence=0.997 class_id=1 center=(119.8,150.6) error_x=-0.126 bbox=[77.65625, 71.3671875, 161.875, 229.8046875]
[can] backend=detectnet_native detections=1 best_confidence=0.995
[can] backend=detectnet_native confidence=0.995 class_id=1 center=(121.4,153.8) error_x=-0.121 bbox=[79.1015625, 76.171875, 163.75, 231.4453125]
[can] backend=detectnet_native detections=1 best_confidence=0.998
[can] backend=detectnet_native confidence=0.998 class_id=1 center=(123.9,150.4) error_x=-0.113 bbox=[81.875, 72.59765625, 165.9375, 228.28125]
[can] backend=detectnet_native detections=1 best_confidence=0.996
[can] backend=detectnet_native confidence=0.996 class_id=1 center=(124.0,149.9) error_x=-0.112 bbox=[83.203125, 72.0703125, 164.84375, 227.8125]
[can] backend=detectnet_native detections=1 best_confidence=0.997
[can] backend=detectnet_native confidence=0.997 class_id=1 center=(123.1,148.4) error_x=-0.115 bbox=[75.5078125, 69.55078125, 170.78125, 227.34375]
[can] backend=detectnet_native detections=1 best_confidence=0.988
[can] backend=detectnet_native confidence=0.988 class_id=1 center=(129.5,149.7) error_x=-0.095 bbox=[87.421875, 76.81640625, 171.5625, 222.5390625]
[can] backend=detectnet_native detections=1 best_confidence=0.965
[can] backend=detectnet_native confidence=0.965 class_id=1 center=(132.0,148.9) error_x=-0.087 bbox=[90.78125, 75.52734375, 173.28125, 222.1875]
[can] backend=detectnet_native detections=1 best_confidence=0.972
[can] backend=detectnet_native confidence=0.972 class_id=1 center=(134.1,149.4) error_x=-0.081 bbox=[92.265625, 74.1796875, 175.9375, 224.53125]
[can] backend=detectnet_native detections=1 best_confidence=0.918
[can] backend=detectnet_native confidence=0.918 class_id=1 center=(135.0,148.6) error_x=-0.078 bbox=[93.984375, 74.53125, 175.9375, 222.65625]
[can] backend=detectnet_native detections=1 best_confidence=0.943
[can] backend=detectnet_native confidence=0.943 class_id=1 center=(137.4,148.3) error_x=-0.071 bbox=[96.40625, 76.46484375, 178.4375, 220.078125]
[can] backend=detectnet_native detections=1 best_confidence=0.919
[can] backend=detectnet_native confidence=0.919 class_id=1 center=(138.0,147.5) error_x=-0.069 bbox=[98.125, 75.703125, 177.96875, 219.375]
[can] backend=detectnet_native detections=1 best_confidence=0.980
[can] backend=detectnet_native confidence=0.980 class_id=1 center=(140.7,148.6) error_x=-0.060 bbox=[101.484375, 78.75, 179.84375, 218.4375]
[can] backend=detectnet_native detections=1 best_confidence=0.991
[can] backend=detectnet_native confidence=0.991 class_id=1 center=(142.2,147.4) error_x=-0.056 bbox=[102.8125, 73.76953125, 181.5625, 221.015625]
[can] backend=detectnet_native detections=1 best_confidence=0.993
[can] backend=detectnet_native confidence=0.993 class_id=1 center=(145.8,149.8) error_x=-0.044 bbox=[107.34375, 76.69921875, 184.21875, 222.890625]
[map] motion direction=left speed=0.15 effective_seconds=0.8100733757019043 pose={'x_m': -0.4971767274859948, 'y_m': 0.5674081421350906, 'heading_rad': -1.8048538105146694}
[base] continuous stop label=align_can elapsed=0.810s
[base] stop
[can] backend=detectnet_native detections=1 best_confidence=0.997
[can] backend=detectnet_native confidence=0.997 class_id=1 center=(147.8,147.8) error_x=-0.038 bbox=[108.125, 72.421875, 187.5, 223.125]
[base] stop
[fsm] FINAL_VERIFY --TARGET_STABLE--> FINALIZING
[arm] pose arm_down
[arm] arm_down servo=5 angle=0 speed=85
[arm] arm_down servo=4 angle=0 speed=85
[arm] arm_down servo=3 angle=45 speed=85
[arm] arm_down servo=2 angle=105 speed=85
[arm] arm_down servo=1 angle=-16 speed=85
[arm-position] arm_down waiting for motion to settle servos=[1, 2, 3, 4, 5] stability_delta=3 min_wait=0.5 timeout=10.0 stable_samples=2
[arm-position] arm_down waiting positions={1: 439, 2: 613, 3: 641, 4: 460, 5: 509} movement={} read_errors=[]
[arm-position] arm_down waiting positions={1: 439, 2: 627, 3: 655, 4: 460, 5: 508} movement={1: 0, 2: 14, 3: 14, 4: 0, 5: 1} read_errors=[]
[arm-position] arm_down waiting positions={1: 439, 2: 640, 3: 666, 4: 460, 5: 509} movement={1: 0, 2: 13, 3: 11, 4: 0, 5: 1} read_errors=[]
[arm-position] arm_down waiting positions={1: 439, 2: 655, 3: 679, 4: 460, 5: 509} movement={1: 0, 2: 15, 3: 13, 4: 0, 5: 0} read_errors=[]
[arm-position] arm_down waiting positions={1: 439, 2: 668, 3: 693, 4: 460, 5: 508} movement={1: 0, 2: 13, 3: 14, 4: 0, 5: 1} read_errors=[]
[arm-position] arm_down waiting positions={1: 439, 2: 680, 3: 707, 4: 460, 5: 508} movement={1: 0, 2: 12, 3: 14, 4: 0, 5: 0} read_errors=[]
[arm-position] arm_down waiting positions={1: 439, 2: 695, 3: 716, 4: 460, 5: 509} movement={1: 0, 2: 15, 3: 9, 4: 0, 5: 1} read_errors=[]
[arm-position] arm_down waiting positions={1: 439, 2: 709, 3: 717, 4: 460, 5: 508} movement={1: 0, 2: 14, 3: 1, 4: 0, 5: 1} read_errors=[]
[arm-position] arm_down waiting positions={1: 439, 2: 721, 3: 717, 4: 460, 5: 508} movement={1: 0, 2: 12, 3: 0, 4: 0, 5: 0} read_errors=[]
[arm-position] arm_down waiting positions={1: 439, 2: 732, 3: 718, 4: 460, 5: 509} movement={1: 0, 2: 11, 3: 1, 4: 0, 5: 1} read_errors=[]
[arm-position] arm_down waiting positions={1: 439, 2: 746, 3: 718, 4: 460, 5: 508} movement={1: 0, 2: 14, 3: 0, 4: 0, 5: 1} read_errors=[]
[arm-position] arm_down waiting positions={1: 439, 2: 761, 3: 718, 4: 460, 5: 508} movement={1: 0, 2: 15, 3: 0, 4: 0, 5: 0} read_errors=[]
[arm-position] arm_down waiting positions={1: 439, 2: 773, 3: 718, 4: 460, 5: 508} movement={1: 0, 2: 12, 3: 0, 4: 0, 5: 0} read_errors=[]
[arm-position] arm_down waiting positions={1: 439, 2: 787, 3: 717, 4: 460, 5: 508} movement={1: 0, 2: 14, 3: 1, 4: 0, 5: 0} read_errors=[]
[arm-position] arm_down waiting positions={1: 439, 2: 799, 3: 718, 4: 460, 5: 509} movement={1: 0, 2: 12, 3: 1, 4: 0, 5: 1} read_errors=[]
[arm-position] arm_down waiting positions={1: 439, 2: 811, 3: 718, 4: 460, 5: 508} movement={1: 0, 2: 12, 3: 0, 4: 0, 5: 1} read_errors=[]
[arm-position] arm_down waiting positions={1: 439, 2: 826, 3: 718, 4: 460, 5: 509} movement={1: 0, 2: 15, 3: 0, 4: 0, 5: 1} read_errors=[]
[arm-position] arm_down waiting positions={1: 439, 2: 839, 3: 718, 4: 460, 5: 508} movement={1: 0, 2: 13, 3: 0, 4: 0, 5: 1} read_errors=[]
[arm-position] arm_down waiting positions={1: 439, 2: 853, 3: 718, 4: 460, 5: 508} movement={1: 0, 2: 14, 3: 0, 4: 0, 5: 0} read_errors=[]
[arm-position] arm_down waiting positions={1: 439, 2: 866, 3: 717, 4: 460, 5: 508} movement={1: 0, 2: 13, 3: 1, 4: 0, 5: 0} read_errors=[]
[arm-position] arm_down waiting positions={1: 439, 2: 881, 3: 717, 4: 460, 5: 508} movement={1: 0, 2: 15, 3: 0, 4: 0, 5: 0} read_errors=[]
[arm-position] arm_down waiting positions={1: 439, 2: 892, 3: 718, 4: 460, 5: 508} movement={1: 0, 2: 11, 3: 1, 4: 0, 5: 0} read_errors=[]
[arm-position] arm_down waiting positions={1: 439, 2: 906, 3: 718, 4: 460, 5: 509} movement={1: 0, 2: 14, 3: 0, 4: 0, 5: 1} read_errors=[]
[arm-position] arm_down waiting positions={1: 439, 2: 918, 3: 718, 4: 460, 5: 509} movement={1: 0, 2: 12, 3: 0, 4: 0, 5: 0} read_errors=[]
[arm-position] arm_down waiting positions={1: 439, 2: 933, 3: 718, 4: 460, 5: 508} movement={1: 0, 2: 15, 3: 0, 4: 0, 5: 1} read_errors=[]
[arm-position] arm_down waiting positions={1: 439, 2: 946, 3: 718, 4: 460, 5: 509} movement={1: 0, 2: 13, 3: 0, 4: 0, 5: 1} read_errors=[]
[arm-position] arm_down waiting positions={1: 439, 2: 956, 3: 719, 4: 460, 5: 509} movement={1: 0, 2: 10, 3: 1, 4: 0, 5: 0} read_errors=[]
[arm-position] arm_down waiting positions={1: 439, 2: 967, 3: 719, 4: 460, 5: 509} movement={1: 0, 2: 11, 3: 0, 4: 0, 5: 0} read_errors=[]
[arm-position] arm_down waiting positions={1: 439, 2: 980, 3: 719, 4: 460, 5: 509} movement={1: 0, 2: 13, 3: 0, 4: 0, 5: 0} read_errors=[]
[arm-position] arm_down waiting positions={1: 439, 2: 986, 3: 722, 4: 460, 5: 509} movement={1: 0, 2: 6, 3: 3, 4: 0, 5: 0} read_errors=[]
[arm-position] arm_down settled positions={1: 439, 2: 988, 3: 724, 4: 460, 5: 508} movement={1: 0, 2: 0, 3: 0, 4: 0, 5: 0} elapsed=4.79s
[base] pickup_push direction=forward requested_speed=0.2 effective_speed=0.2 seconds=4.0
[map] motion direction=forward speed=0.2 effective_seconds=4.0 pose={'x_m': -0.6236320652797874, 'y_m': 0.5372577268235597, 'heading_rad': -1.8048538105146694}
[arm] pose grab
[arm] grab servo=5 angle=0 speed=85
[arm] grab servo=4 angle=-40 speed=85
[arm] grab servo=3 angle=45 speed=85
[arm] grab servo=2 angle=105 speed=85
[arm] grab servo=1 angle=-16 speed=85
[arm] pose carry
[arm] carry servo=5 angle=0 speed=85
[arm] carry servo=4 angle=-40 speed=85
[arm] carry servo=3 angle=45 speed=85
[arm] carry servo=2 angle=60 speed=85
[arm] carry servo=1 angle=-16 speed=85
[mission] completed_pickups=1
[fsm] FINALIZING --FINALIZED--> PLANNING
[fsm] PLANNING --MAP_TARGET_AVAILABLE--> MAP_NAVIGATING
[can] backend=detectnet_native no detections
[tag] cv2=4.1.1
[tag] has pupil_apriltags=True
[tag] has aruco=False
[tag] has ArucoDetector=False
[tag] has DICT_APRILTAG_36h11=False
[tag] calibration not loaded; pose distance disabled
[tag] detector loaded backend=pupil_apriltags family=tag36h11 dictionary=DICT_APRILTAG_36h11
[tag] no detections
[map] navigate label=bin_docking distance_m=0.862 heading_error_rad=-2.234
[base] continuous start label=map_turn_bin_docking direction=left requested_speed=0.15 effective_speed=0.15
[can] backend=detectnet_native no detections
[tag] no detections
[map] motion direction=left speed=0.15 effective_seconds=0.1254892349243164 pose={'x_m': -0.6236320652797874, 'y_m': 0.5372577268235597, 'heading_rad': -1.8270019036912346}
[map] navigate label=bin_docking distance_m=0.862 heading_error_rad=-2.212
[can] backend=detectnet_native no detections
[tag] no detections
[map] motion direction=left speed=0.15 effective_seconds=0.08518290519714355 pose={'x_m': -0.6236320652797874, 'y_m': 0.5372577268235597, 'heading_rad': -1.8420361727462233}
[map] navigate label=bin_docking distance_m=0.862 heading_error_rad=-2.197
[can] backend=detectnet_native no detections
[tag] no detections
[map] motion direction=left speed=0.15 effective_seconds=0.07691407203674316 pose={'x_m': -0.6236320652797874, 'y_m': 0.5372577268235597, 'heading_rad': -1.8556110426152304}
[map] navigate label=bin_docking distance_m=0.862 heading_error_rad=-2.184
[can] backend=detectnet_native no detections
[tag] no detections
[map] motion direction=left speed=0.15 effective_seconds=0.06806612014770508 pose={'x_m': -0.6236320652797874, 'y_m': 0.5372577268235597, 'heading_rad': -1.8676243023351407}
[map] navigate label=bin_docking distance_m=0.862 heading_error_rad=-2.172
[can] backend=detectnet_native no detections
[tag] no detections
[map] motion direction=left speed=0.15 effective_seconds=0.07248044013977051 pose={'x_m': -0.6236320652797874, 'y_m': 0.5372577268235597, 'heading_rad': -1.8804166629122234}
[map] navigate label=bin_docking distance_m=0.862 heading_error_rad=-2.159
[can] backend=detectnet_native no detections
[tag] no detections
[map] motion direction=left speed=0.15 effective_seconds=0.07204890251159668 pose={'x_m': -0.6236320652797874, 'y_m': 0.5372577268235597, 'heading_rad': -1.8931328597004062}
[map] navigate label=bin_docking distance_m=0.862 heading_error_rad=-2.146
[can] backend=detectnet_native no detections
[tag] no detections
[map] motion direction=left speed=0.15 effective_seconds=0.07363581657409668 pose={'x_m': -0.6236320652797874, 'y_m': 0.5372577268235597, 'heading_rad': -1.906129137250422}
[map] navigate label=bin_docking distance_m=0.862 heading_error_rad=-2.133
[can] backend=detectnet_native no detections
[tag] no detections
[map] motion direction=left speed=0.15 effective_seconds=0.06319046020507812 pose={'x_m': -0.6236320652797874, 'y_m': 0.5372577268235597, 'heading_rad': -1.9172818723940874}
[map] navigate label=bin_docking distance_m=0.862 heading_error_rad=-2.122
[can] backend=detectnet_native no detections
[tag] no detections
[map] motion direction=left speed=0.15 effective_seconds=0.06451129913330078 pose={'x_m': -0.6236320652797874, 'y_m': 0.5372577268235597, 'heading_rad': -1.9286677276430046}
[map] navigate label=bin_docking distance_m=0.862 heading_error_rad=-2.110
[can] backend=detectnet_native no detections
[tag] no detections
[map] motion direction=left speed=0.15 effective_seconds=0.06270217895507812 pose={'x_m': -0.6236320652797874, 'y_m': 0.5372577268235597, 'heading_rad': -1.9397342840907215}
[map] navigate label=bin_docking distance_m=0.862 heading_error_rad=-2.099
[can] backend=detectnet_native no detections
[tag] no detections
[map] motion direction=left speed=0.15 effective_seconds=0.07329869270324707 pose={'x_m': -0.6236320652797874, 'y_m': 0.5372577268235597, 'heading_rad': -1.9526710613106244}
[map] navigate label=bin_docking distance_m=0.862 heading_error_rad=-2.086
[can] backend=detectnet_native no detections
[tag] no detections
[map] motion direction=left speed=0.15 effective_seconds=0.06167459487915039 pose={'x_m': -0.6236320652797874, 'y_m': 0.5372577268235597, 'heading_rad': -1.9635562553659884}
[map] navigate label=bin_docking distance_m=0.862 heading_error_rad=-2.076
[can] backend=detectnet_native no detections
[tag] no detections
[map] motion direction=left speed=0.15 effective_seconds=0.06172490119934082 pose={'x_m': -0.6236320652797874, 'y_m': 0.5372577268235597, 'heading_rad': -1.9744503281834838}
[map] navigate label=bin_docking distance_m=0.862 heading_error_rad=-2.065
[can] backend=detectnet_native no detections
[tag] no detections
[map] motion direction=left speed=0.15 effective_seconds=0.06215834617614746 pose={'x_m': -0.6236320652797874, 'y_m': 0.5372577268235597, 'heading_rad': -1.98542090142541}
[map] navigate label=bin_docking distance_m=0.862 heading_error_rad=-2.054
[can] backend=detectnet_native no detections
[tag] no detections
[map] motion direction=left speed=0.15 effective_seconds=0.06112241744995117 pose={'x_m': -0.6236320652797874, 'y_m': 0.5372577268235597, 'heading_rad': -1.9962086394945353}
[map] navigate label=bin_docking distance_m=0.862 heading_error_rad=-2.043
[can] backend=detectnet_native no detections
[tag] no detections
[map] motion direction=left speed=0.15 effective_seconds=0.060610294342041016 pose={'x_m': -0.6236320652797874, 'y_m': 0.5372577268235597, 'heading_rad': -2.0069059909235736}
[map] navigate label=bin_docking distance_m=0.862 heading_error_rad=-2.032
[can] backend=detectnet_native no detections
[tag] no detections
[map] motion direction=left speed=0.15 effective_seconds=0.060250043869018555 pose={'x_m': -0.6236320652797874, 'y_m': 0.5372577268235597, 'heading_rad': -2.017539760316685}
[map] navigate label=bin_docking distance_m=0.862 heading_error_rad=-2.022
[can] backend=detectnet_native no detections
[tag] no detections
[map] motion direction=left speed=0.15 effective_seconds=0.06433558464050293 pose={'x_m': -0.6236320652797874, 'y_m': 0.5372577268235597, 'heading_rad': -2.0288946030173043}
[map] navigate label=bin_docking distance_m=0.862 heading_error_rad=-2.010
[can] backend=detectnet_native no detections
[tag] no detections
[map] motion direction=left speed=0.15 effective_seconds=0.06258177757263184 pose={'x_m': -0.6236320652797874, 'y_m': 0.5372577268235597, 'heading_rad': -2.0399399093471238}
[map] navigate label=bin_docking distance_m=0.862 heading_error_rad=-1.999
[can] backend=detectnet_native no detections
[tag] no detections
[map] motion direction=left speed=0.15 effective_seconds=0.06470227241516113 pose={'x_m': -0.6236320652797874, 'y_m': 0.5372577268235597, 'heading_rad': -2.0513594702285873}
[map] navigate label=bin_docking distance_m=0.862 heading_error_rad=-1.988
[can] backend=detectnet_native no detections
[tag] no detections
[map] motion direction=left speed=0.15 effective_seconds=0.06582999229431152 pose={'x_m': -0.6236320652797874, 'y_m': 0.5372577268235597, 'heading_rad': -2.0629780668677835}
[map] navigate label=bin_docking distance_m=0.862 heading_error_rad=-1.976
[can] backend=detectnet_native no detections
[tag] no detections
[map] motion direction=left speed=0.15 effective_seconds=0.06307768821716309 pose={'x_m': -0.6236320652797874, 'y_m': 0.5372577268235597, 'heading_rad': -2.0741108984356758}
[map] navigate label=bin_docking distance_m=0.862 heading_error_rad=-1.965
[can] backend=detectnet_native no detections
[tag] no detections
[map] motion direction=left speed=0.15 effective_seconds=0.06091427803039551 pose={'x_m': -0.6236320652797874, 'y_m': 0.5372577268235597, 'heading_rad': -2.084861901152475}
[map] navigate label=bin_docking distance_m=0.862 heading_error_rad=-1.954
[can] backend=detectnet_native no detections
[tag] no detections
[map] motion direction=left speed=0.15 effective_seconds=0.06141304969787598 pose={'x_m': -0.6236320652797874, 'y_m': 0.5372577268235597, 'heading_rad': -2.095700934060644}
[map] navigate label=bin_docking distance_m=0.862 heading_error_rad=-1.943
[can] backend=detectnet_native no detections
[tag] no detections
[map] motion direction=left speed=0.15 effective_seconds=0.06485581398010254 pose={'x_m': -0.6236320652797874, 'y_m': 0.5372577268235597, 'heading_rad': -2.1071475941023565}
[map] navigate label=bin_docking distance_m=0.862 heading_error_rad=-1.932
[can] backend=detectnet_native no detections
[tag] no detections
[map] motion direction=left speed=0.15 effective_seconds=0.06358647346496582 pose={'x_m': -0.6236320652797874, 'y_m': 0.5372577268235597, 'heading_rad': -2.118370223198156}
[map] navigate label=bin_docking distance_m=0.862 heading_error_rad=-1.921
[can] backend=detectnet_native no detections
[tag] no detections
[map] motion direction=left speed=0.15 effective_seconds=0.07169246673583984 pose={'x_m': -0.6236320652797874, 'y_m': 0.5372577268235597, 'heading_rad': -2.131023511221474}
[map] navigate label=bin_docking distance_m=0.862 heading_error_rad=-1.908
[can] backend=detectnet_native no detections
[tag] no detections
[map] motion direction=left speed=0.15 effective_seconds=0.06395435333251953 pose={'x_m': -0.6236320652797874, 'y_m': 0.5372577268235597, 'heading_rad': -2.1423110688953244}
[map] navigate label=bin_docking distance_m=0.862 heading_error_rad=-1.897
[can] backend=detectnet_native no detections
[tag] no detections
[map] motion direction=left speed=0.15 effective_seconds=0.06295347213745117 pose={'x_m': -0.6236320652797874, 'y_m': 0.5372577268235597, 'heading_rad': -2.153421977074257}
[map] navigate label=bin_docking distance_m=0.862 heading_error_rad=-1.886
[can] backend=detectnet_native no detections
[tag] no detections
[map] motion direction=left speed=0.15 effective_seconds=0.06301736831665039 pose={'x_m': -0.6236320652797874, 'y_m': 0.5372577268235597, 'heading_rad': -2.1645441625434794}
[map] navigate label=bin_docking distance_m=0.862 heading_error_rad=-1.875
[can] backend=detectnet_native no detections
[tag] no detections
[map] motion direction=left speed=0.15 effective_seconds=0.0628972053527832 pose={'x_m': -0.6236320652797874, 'y_m': 0.5372577268235597, 'heading_rad': -2.175645139974246}
[map] navigate label=bin_docking distance_m=0.862 heading_error_rad=-1.863
[can] backend=detectnet_native no detections
[tag] no detections
[map] motion direction=left speed=0.15 effective_seconds=0.06229376792907715 pose={'x_m': -0.6236320652797874, 'y_m': 0.5372577268235597, 'heading_rad': -2.1866396143388767}
[map] navigate label=bin_docking distance_m=0.862 heading_error_rad=-1.853
[can] backend=detectnet_native no detections
[tag] no detections
[map] motion direction=left speed=0.15 effective_seconds=0.06327390670776367 pose={'x_m': -0.6236320652797874, 'y_m': 0.5372577268235597, 'heading_rad': -2.1978070772870253}
[map] navigate label=bin_docking distance_m=0.862 heading_error_rad=-1.841
[can] backend=detectnet_native no detections
[tag] no detections
[map] motion direction=left speed=0.15 effective_seconds=0.06307411193847656 pose={'x_m': -0.6236320652797874, 'y_m': 0.5372577268235597, 'heading_rad': -2.208939277663297}
[map] navigate label=bin_docking distance_m=0.862 heading_error_rad=-1.830
[can] backend=detectnet_native no detections
[tag] no detections
[map] motion direction=left speed=0.15 effective_seconds=0.0644385814666748 pose={'x_m': -0.6236320652797874, 'y_m': 0.5372577268235597, 'heading_rad': -2.2203122986825927}
[map] navigate label=bin_docking distance_m=0.862 heading_error_rad=-1.819
[can] backend=detectnet_native no detections
[tag] no detections
[map] motion direction=left speed=0.15 effective_seconds=0.06186175346374512 pose={'x_m': -0.6236320652797874, 'y_m': 0.5372577268235597, 'heading_rad': -2.231230525099441}
[map] navigate label=bin_docking distance_m=0.862 heading_error_rad=-1.808
[can] backend=detectnet_native no detections
[tag] no detections
[map] motion direction=left speed=0.15 effective_seconds=0.06172490119934082 pose={'x_m': -0.6236320652797874, 'y_m': 0.5372577268235597, 'heading_rad': -2.2421245979169364}
[map] navigate label=bin_docking distance_m=0.862 heading_error_rad=-1.797
[can] backend=detectnet_native no detections
[tag] no detections
[map] motion direction=left speed=0.15 effective_seconds=0.06328272819519043 pose={'x_m': -0.6236320652797874, 'y_m': 0.5372577268235597, 'heading_rad': -2.2532936178044163}
[map] navigate label=bin_docking distance_m=0.862 heading_error_rad=-1.786
[can] backend=detectnet_native no detections
[tag] no detections
[map] motion direction=left speed=0.15 effective_seconds=0.06366753578186035 pose={'x_m': -0.6236320652797874, 'y_m': 0.5372577268235597, 'heading_rad': -2.2645305539102853}
[map] navigate label=bin_docking distance_m=0.862 heading_error_rad=-1.775
[can] backend=detectnet_native no detections
[tag] no detections
[map] motion direction=left speed=0.15 effective_seconds=0.06468057632446289 pose={'x_m': -0.6236320652797874, 'y_m': 0.5372577268235597, 'heading_rad': -2.275946285562583}
[map] navigate label=bin_docking distance_m=0.862 heading_error_rad=-1.763
[can] backend=detectnet_native no detections
[tag] no detections
[map] motion direction=left speed=0.15 effective_seconds=0.06400156021118164 pose={'x_m': -0.6236320652797874, 'y_m': 0.5372577268235597, 'heading_rad': -2.287242174965827}
[map] navigate label=bin_docking distance_m=0.862 heading_error_rad=-1.752
[can] backend=detectnet_native no detections
[tag] no detections
[map] motion direction=left speed=0.15 effective_seconds=0.06454110145568848 pose={'x_m': -0.6236320652797874, 'y_m': 0.5372577268235597, 'heading_rad': -2.298633290144917}
[map] navigate label=bin_docking distance_m=0.862 heading_error_rad=-1.741
[can] backend=detectnet_native no detections
[tag] no detections
[map] motion direction=left speed=0.15 effective_seconds=0.06409215927124023 pose={'x_m': -0.6236320652797874, 'y_m': 0.5372577268235597, 'heading_rad': -2.309945169735886}
[map] navigate label=bin_docking distance_m=0.862 heading_error_rad=-1.729
[can] backend=detectnet_native no detections
[tag] no detections
[map] motion direction=left speed=0.15 effective_seconds=0.06535959243774414 pose={'x_m': -0.6236320652797874, 'y_m': 0.5372577268235597, 'heading_rad': -2.3214807436372373}
[map] navigate label=bin_docking distance_m=0.862 heading_error_rad=-1.718
[can] backend=detectnet_native no detections
[tag] no detections
[map] motion direction=left speed=0.15 effective_seconds=0.06455397605895996 pose={'x_m': -0.6236320652797874, 'y_m': 0.5372577268235597, 'heading_rad': -2.332874131106162}
[map] navigate label=bin_docking distance_m=0.862 heading_error_rad=-1.706
[can] backend=detectnet_native no detections
[tag] no detections
[map] motion direction=left speed=0.15 effective_seconds=0.0651700496673584 pose={'x_m': -0.6236320652797874, 'y_m': 0.5372577268235597, 'heading_rad': -2.344376251851615}
[map] navigate label=bin_docking distance_m=0.862 heading_error_rad=-1.695
[can] backend=detectnet_native no detections
[tag] no detections
[map] motion direction=left speed=0.15 effective_seconds=0.06442427635192871 pose={'x_m': -0.6236320652797874, 'y_m': 0.5372577268235597, 'heading_rad': -2.355746748104428}
[map] navigate label=bin_docking distance_m=0.862 heading_error_rad=-1.683
[can] backend=detectnet_native no detections
[tag] no detections
[map] motion direction=left speed=0.15 effective_seconds=0.06781506538391113 pose={'x_m': -0.6236320652797874, 'y_m': 0.5372577268235597, 'heading_rad': -2.367715698172564}
[map] navigate label=bin_docking distance_m=0.862 heading_error_rad=-1.671
[can] backend=detectnet_native no detections
[tag] no detections
[map] motion direction=left speed=0.15 effective_seconds=0.06344056129455566 pose={'x_m': -0.6236320652797874, 'y_m': 0.5372577268235597, 'heading_rad': -2.3789125746502386}
[map] navigate label=bin_docking distance_m=0.862 heading_error_rad=-1.660
[can] backend=detectnet_native no detections
[tag] no detections
[map] motion direction=left speed=0.15 effective_seconds=0.06673359870910645 pose={'x_m': -0.6236320652797874, 'y_m': 0.5372577268235597, 'heading_rad': -2.3906906523722697}
[map] navigate label=bin_docking distance_m=0.862 heading_error_rad=-1.648
[can] backend=detectnet_native no detections
[tag] no detections
[map] motion direction=left speed=0.15 effective_seconds=0.065704345703125 pose={'x_m': -0.6236320652797874, 'y_m': 0.5372577268235597, 'heading_rad': -2.402287073145858}
[map] navigate label=bin_docking distance_m=0.862 heading_error_rad=-1.637
[can] backend=detectnet_native no detections
[tag] no detections
[map] motion direction=left speed=0.15 effective_seconds=0.06310701370239258 pose={'x_m': -0.6236320652797874, 'y_m': 0.5372577268235597, 'heading_rad': -2.41342508048504}
[map] navigate label=bin_docking distance_m=0.862 heading_error_rad=-1.626
[can] backend=detectnet_native no detections
[tag] no detections
[map] motion direction=left speed=0.15 effective_seconds=0.06400060653686523 pose={'x_m': -0.6236320652797874, 'y_m': 0.5372577268235597, 'heading_rad': -2.4247208015705186}
[map] navigate label=bin_docking distance_m=0.862 heading_error_rad=-1.614
[can] backend=detectnet_native no detections
[tag] no detections
[map] motion direction=left speed=0.15 effective_seconds=0.06778120994567871 pose={'x_m': -0.6236320652797874, 'y_m': 0.5372577268235597, 'heading_rad': -2.4366837763579783}
[map] navigate label=bin_docking distance_m=0.862 heading_error_rad=-1.602
[can] backend=detectnet_native no detections
[tag] no detections
[map] motion direction=left speed=0.15 effective_seconds=0.06615352630615234 pose={'x_m': -0.6236320652797874, 'y_m': 0.5372577268235597, 'heading_rad': -2.448359474799129}
[map] navigate label=bin_docking distance_m=0.862 heading_error_rad=-1.591
[can] backend=detectnet_native no detections
[tag] no detections
[map] motion direction=left speed=0.15 effective_seconds=0.06461048126220703 pose={'x_m': -0.6236320652797874, 'y_m': 0.5372577268235597, 'heading_rad': -2.4597628350956606}
[map] navigate label=bin_docking distance_m=0.862 heading_error_rad=-1.579
[can] backend=detectnet_native no detections
[tag] no detections
[map] motion direction=left speed=0.15 effective_seconds=0.0641930103302002 pose={'x_m': -0.6236320652797874, 'y_m': 0.5372577268235597, 'heading_rad': -2.471092514290334}
[map] navigate label=bin_docking distance_m=0.862 heading_error_rad=-1.568
[can] backend=detectnet_native no detections
[tag] no detections
[map] motion direction=left speed=0.15 effective_seconds=0.06612777709960938 pose={'x_m': -0.6236320652797874, 'y_m': 0.5372577268235597, 'heading_rad': -2.4827636681518155}
[map] navigate label=bin_docking distance_m=0.862 heading_error_rad=-1.556
[can] backend=detectnet_native no detections
[tag] no detections
[map] motion direction=left speed=0.15 effective_seconds=0.06470894813537598 pose={'x_m': -0.6236320652797874, 'y_m': 0.5372577268235597, 'heading_rad': -2.4941844072576376}
[map] navigate label=bin_docking distance_m=0.862 heading_error_rad=-1.545
[can] backend=detectnet_native no detections
[tag] no detections
[map] motion direction=left speed=0.15 effective_seconds=0.06490230560302734 pose={'x_m': -0.6236320652797874, 'y_m': 0.5372577268235597, 'heading_rad': -2.50563927279042}
[map] navigate label=bin_docking distance_m=0.862 heading_error_rad=-1.534
[can] backend=detectnet_native no detections
[tag] no detections
[map] motion direction=left speed=0.15 effective_seconds=0.06413578987121582 pose={'x_m': -0.6236320652797874, 'y_m': 0.5372577268235597, 'heading_rad': -2.5169588529191618}
[map] navigate label=bin_docking distance_m=0.862 heading_error_rad=-1.522
[can] backend=detectnet_native no detections
[tag] no detections
[map] motion direction=left speed=0.15 effective_seconds=0.06566810607910156 pose={'x_m': -0.6236320652797874, 'y_m': 0.5372577268235597, 'heading_rad': -2.52854887761766}
[map] navigate label=bin_docking distance_m=0.862 heading_error_rad=-1.511
[can] backend=detectnet_native no detections
[tag] no detections
[map] motion direction=left speed=0.15 effective_seconds=0.06452345848083496 pose={'x_m': -0.6236320652797874, 'y_m': 0.5372577268235597, 'heading_rad': -2.5399368789180876}
[map] navigate label=bin_docking distance_m=0.862 heading_error_rad=-1.499
[can] backend=detectnet_native no detections
[tag] no detections
[map] motion direction=left speed=0.15 effective_seconds=0.06421303749084473 pose={'x_m': -0.6236320652797874, 'y_m': 0.5372577268235597, 'heading_rad': -2.551270092785837}
[map] navigate label=bin_docking distance_m=0.862 heading_error_rad=-1.488
[can] backend=detectnet_native no detections
[tag] no detections
[map] motion direction=left speed=0.15 effective_seconds=0.06249070167541504 pose={'x_m': -0.6236320652797874, 'y_m': 0.5372577268235597, 'heading_rad': -2.5622993247690484}
[map] navigate label=bin_docking distance_m=0.862 heading_error_rad=-1.477
[can] backend=detectnet_native no detections
[tag] no detections
[map] motion direction=left speed=0.15 effective_seconds=0.06280708312988281 pose={'x_m': -0.6236320652797874, 'y_m': 0.5372577268235597, 'heading_rad': -2.573384396170973}
[map] navigate label=bin_docking distance_m=0.862 heading_error_rad=-1.466
[can] backend=detectnet_native no detections
[tag] no detections
[map] motion direction=left speed=0.15 effective_seconds=0.06398892402648926 pose={'x_m': -0.6236320652797874, 'y_m': 0.5372577268235597, 'heading_rad': -2.584678055363824}
[map] navigate label=bin_docking distance_m=0.862 heading_error_rad=-1.454
[can] backend=detectnet_native no detections
[tag] no detections
[map] motion direction=left speed=0.15 effective_seconds=0.06110382080078125 pose={'x_m': -0.6236320652797874, 'y_m': 0.5372577268235597, 'heading_rad': -2.5954625112365215}
[map] navigate label=bin_docking distance_m=0.862 heading_error_rad=-1.444
[can] backend=detectnet_native no detections
[tag] no detections
[map] motion direction=left speed=0.15 effective_seconds=0.06289792060852051 pose={'x_m': -0.6236320652797874, 'y_m': 0.5372577268235597, 'heading_rad': -2.606563614905612}
[map] navigate label=bin_docking distance_m=0.862 heading_error_rad=-1.433
[can] backend=detectnet_native no detections
[tag] no detections
[map] motion direction=left speed=0.15 effective_seconds=0.06356072425842285 pose={'x_m': -0.6236320652797874, 'y_m': 0.5372577268235597, 'heading_rad': -2.6177816994217427}
[map] navigate label=bin_docking distance_m=0.862 heading_error_rad=-1.421
[can] backend=detectnet_native no detections
[tag] no detections
[map] motion direction=left speed=0.15 effective_seconds=0.06425261497497559 pose={'x_m': -0.6236320652797874, 'y_m': 0.5372577268235597, 'heading_rad': -2.629121898476761}
[map] navigate label=bin_docking distance_m=0.862 heading_error_rad=-1.410
[can] backend=detectnet_native no detections
[tag] no detections
[map] motion direction=left speed=0.15 effective_seconds=0.06390714645385742 pose={'x_m': -0.6236320652797874, 'y_m': 0.5372577268235597, 'heading_rad': -2.6404011244212184}
[map] navigate label=bin_docking distance_m=0.862 heading_error_rad=-1.399
[can] backend=detectnet_native no detections
[tag] no detections
[map] motion direction=left speed=0.15 effective_seconds=0.06353592872619629 pose={'x_m': -0.6236320652797874, 'y_m': 0.5372577268235597, 'heading_rad': -2.6516148326754454}
[map] navigate label=bin_docking distance_m=0.862 heading_error_rad=-1.388
[can] backend=detectnet_native no detections
[tag] no detections
[map] motion direction=left speed=0.15 effective_seconds=0.0647115707397461 pose={'x_m': -0.6236320652797874, 'y_m': 0.5372577268235597, 'heading_rad': -2.6630360346551227}
[map] navigate label=bin_docking distance_m=0.862 heading_error_rad=-1.376
[can] backend=detectnet_native no detections
[tag] no detections
[map] motion direction=left speed=0.15 effective_seconds=0.0644063949584961 pose={'x_m': -0.6236320652797874, 'y_m': 0.5372577268235597, 'heading_rad': -2.674403374949832}
[map] navigate label=bin_docking distance_m=0.862 heading_error_rad=-1.365
[can] backend=detectnet_native no detections
[tag] no detections
[map] motion direction=left speed=0.15 effective_seconds=0.06316900253295898 pose={'x_m': -0.6236320652797874, 'y_m': 0.5372577268235597, 'heading_rad': -2.685552322943773}
[map] navigate label=bin_docking distance_m=0.862 heading_error_rad=-1.354
[can] backend=detectnet_native no detections
[tag] no detections
[map] motion direction=left speed=0.15 effective_seconds=0.06787967681884766 pose={'x_m': -0.6236320652797874, 'y_m': 0.5372577268235597, 'heading_rad': -2.6975326765405234}
[map] navigate label=bin_docking distance_m=0.862 heading_error_rad=-1.342
[can] backend=detectnet_native no detections
[tag] no detections
[map] motion direction=left speed=0.15 effective_seconds=0.06568312644958496 pose={'x_m': -0.6236320652797874, 'y_m': 0.5372577268235597, 'heading_rad': -2.709125352243829}
[map] navigate label=bin_docking distance_m=0.862 heading_error_rad=-1.330
[can] backend=detectnet_native no detections
[tag] no detections
[map] motion direction=left speed=0.15 effective_seconds=0.06505990028381348 pose={'x_m': -0.6236320652797874, 'y_m': 0.5372577268235597, 'heading_rad': -2.7206080322873643}
[map] navigate label=bin_docking distance_m=0.862 heading_error_rad=-1.319
[can] backend=detectnet_native no detections
[tag] no detections
[map] motion direction=left speed=0.15 effective_seconds=0.06248021125793457 pose={'x_m': -0.6236320652797874, 'y_m': 0.5372577268235597, 'heading_rad': -2.731635412775155}
[map] navigate label=bin_docking distance_m=0.862 heading_error_rad=-1.308
[can] backend=detectnet_native no detections
[tag] no detections
[map] motion direction=left speed=0.15 effective_seconds=0.06342864036560059 pose={'x_m': -0.6236320652797874, 'y_m': 0.5372577268235597, 'heading_rad': -2.7428301852807606}
[map] navigate label=bin_docking distance_m=0.862 heading_error_rad=-1.296
[can] backend=detectnet_native no detections
[tag] no detections
[map] motion direction=left speed=0.15 effective_seconds=0.06233668327331543 pose={'x_m': -0.6236320652797874, 'y_m': 0.5372577268235597, 'heading_rad': -2.75383223394484}
[map] navigate label=bin_docking distance_m=0.862 heading_error_rad=-1.285
[can] backend=detectnet_native no detections
[tag] no detections
[map] motion direction=left speed=0.15 effective_seconds=0.06311488151550293 pose={'x_m': -0.6236320652797874, 'y_m': 0.5372577268235597, 'heading_rad': -2.7649716299055878}
[map] navigate label=bin_docking distance_m=0.862 heading_error_rad=-1.274
[can] backend=detectnet_native no detections
[tag] no detections
[map] motion direction=left speed=0.15 effective_seconds=0.06327080726623535 pose={'x_m': -0.6236320652797874, 'y_m': 0.5372577268235597, 'heading_rad': -2.7761385458209986}
[map] navigate label=bin_docking distance_m=0.862 heading_error_rad=-1.263
[can] backend=detectnet_native no detections
[tag] no detections
[map] motion direction=left speed=0.15 effective_seconds=0.06518888473510742 pose={'x_m': -0.6236320652797874, 'y_m': 0.5372577268235597, 'heading_rad': -2.787643990842321}
[map] navigate label=bin_docking distance_m=0.862 heading_error_rad=-1.251
[can] backend=detectnet_native no detections
[tag] no detections
[map] motion direction=left speed=0.15 effective_seconds=0.06404829025268555 pose={'x_m': -0.6236320652797874, 'y_m': 0.5372577268235597, 'heading_rad': -2.798948127816076}
[map] navigate label=bin_docking distance_m=0.862 heading_error_rad=-1.240
[can] backend=detectnet_native no detections
[tag] no detections
[map] motion direction=left speed=0.15 effective_seconds=0.06682395935058594 pose={'x_m': -0.6236320652797874, 'y_m': 0.5372577268235597, 'heading_rad': -2.8107421536463906}
[map] navigate label=bin_docking distance_m=0.862 heading_error_rad=-1.228
[can] backend=detectnet_native no detections
[tag] no detections
[map] motion direction=left speed=0.15 effective_seconds=0.06290793418884277 pose={'x_m': -0.6236320652797874, 'y_m': 0.5372577268235597, 'heading_rad': -2.8218450246520193}
[map] navigate label=bin_docking distance_m=0.862 heading_error_rad=-1.217
[can] backend=detectnet_native no detections
[tag] no detections
[map] motion direction=left speed=0.15 effective_seconds=0.06402111053466797 pose={'x_m': -0.6236320652797874, 'y_m': 0.5372577268235597, 'heading_rad': -2.8331443645694567}
[map] navigate label=bin_docking distance_m=0.862 heading_error_rad=-1.206
[can] backend=detectnet_native no detections
[tag] no detections
[map] motion direction=left speed=0.15 effective_seconds=0.06911110877990723 pose={'x_m': -0.6236320652797874, 'y_m': 0.5372577268235597, 'heading_rad': -2.8453420584809406}
[map] navigate label=bin_docking distance_m=0.862 heading_error_rad=-1.194
[can] backend=detectnet_native no detections
[tag] no detections
[map] motion direction=left speed=0.15 effective_seconds=0.063720703125 pose={'x_m': -0.6236320652797874, 'y_m': 0.5372577268235597, 'heading_rad': -2.856588378302238}
[map] navigate label=bin_docking distance_m=0.862 heading_error_rad=-1.183
[can] backend=detectnet_native no detections
[tag] no detections
[map] motion direction=left speed=0.15 effective_seconds=0.06493306159973145 pose={'x_m': -0.6236320652797874, 'y_m': 0.5372577268235597, 'heading_rad': -2.868048672082958}
[map] navigate label=bin_docking distance_m=0.862 heading_error_rad=-1.171
[can] backend=detectnet_native no detections
[tag] no detections
[map] motion direction=left speed=0.15 effective_seconds=0.06471920013427734 pose={'x_m': -0.6236320652797874, 'y_m': 0.5372577268235597, 'heading_rad': -2.8794712206047595}
[map] navigate label=bin_docking distance_m=0.862 heading_error_rad=-1.160
[can] backend=detectnet_native no detections
[tag] no detections
[map] motion direction=left speed=0.15 effective_seconds=0.06487894058227539 pose={'x_m': -0.6236320652797874, 'y_m': 0.5372577268235597, 'heading_rad': -2.8909219623522864}
[map] navigate label=bin_docking distance_m=0.862 heading_error_rad=-1.148
[can] backend=detectnet_native no detections
[tag] no detections
[map] motion direction=left speed=0.15 effective_seconds=0.06222367286682129 pose={'x_m': -0.6236320652797874, 'y_m': 0.5372577268235597, 'heading_rad': -2.901904065361151}
[map] navigate label=bin_docking distance_m=0.862 heading_error_rad=-1.137
[can] backend=detectnet_native no detections
[tag] no detections
[map] motion direction=left speed=0.15 effective_seconds=0.06497955322265625 pose={'x_m': -0.6236320652797874, 'y_m': 0.5372577268235597, 'heading_rad': -2.913372564632941}
[map] navigate label=bin_docking distance_m=0.862 heading_error_rad=-1.126
[can] backend=detectnet_native no detections
[tag] no detections
[map] motion direction=left speed=0.15 effective_seconds=0.06287050247192383 pose={'x_m': -0.6236320652797874, 'y_m': 0.5372577268235597, 'heading_rad': -2.924468829166273}
[map] navigate label=bin_docking distance_m=0.862 heading_error_rad=-1.115
[can] backend=detectnet_native no detections
[tag] no detections
[map] motion direction=left speed=0.15 effective_seconds=0.06581449508666992 pose={'x_m': -0.6236320652797874, 'y_m': 0.5372577268235597, 'heading_rad': -2.9360846906417795}
[map] navigate label=bin_docking distance_m=0.862 heading_error_rad=-1.103
[can] backend=detectnet_native no detections
[tag] no detections
[map] motion direction=left speed=0.15 effective_seconds=0.06347322463989258 pose={'x_m': -0.6236320652797874, 'y_m': 0.5372577268235597, 'heading_rad': -2.947287332002923}
[map] navigate label=bin_docking distance_m=0.862 heading_error_rad=-1.092
[can] backend=detectnet_native no detections
[tag] no detections
[map] motion direction=left speed=0.15 effective_seconds=0.06422948837280273 pose={'x_m': -0.6236320652797874, 'y_m': 0.5372577268235597, 'heading_rad': -2.9586234493521277}
[map] navigate label=bin_docking distance_m=0.862 heading_error_rad=-1.081
[can] backend=detectnet_native no detections
[tag] no detections
[map] motion direction=left speed=0.15 effective_seconds=0.06705832481384277 pose={'x_m': -0.6236320652797874, 'y_m': 0.5372577268235597, 'heading_rad': -2.97045883927332}
[map] navigate label=bin_docking distance_m=0.862 heading_error_rad=-1.069
[can] backend=detectnet_native no detections
[tag] no detections
[map] motion direction=left speed=0.15 effective_seconds=0.061885833740234375 pose={'x_m': -0.6236320652797874, 'y_m': 0.5372577268235597, 'heading_rad': -2.981381315713748}
[map] navigate label=bin_docking distance_m=0.862 heading_error_rad=-1.058
[can] backend=detectnet_native no detections
[tag] no detections
[map] motion direction=left speed=0.15 effective_seconds=0.06795644760131836 pose={'x_m': -0.6236320652797874, 'y_m': 0.5372577268235597, 'heading_rad': -2.993375218890623}
[map] navigate label=bin_docking distance_m=0.862 heading_error_rad=-1.046
[can] backend=detectnet_native detections=1 best_confidence=0.504
[depth] map_can_0_depth mean=4.570 min=3.912 max=5.403
[map] can rejected reason=out_of_bounds position={'x_m': 0.6619063588822228, 'y_m': -3.847943684093761}
[tag] no detections
[map] motion direction=left speed=0.15 effective_seconds=0.4060347080230713 pose={'x_m': -0.6236320652797874, 'y_m': 0.5372577268235597, 'heading_rad': -3.0650378961843217}
[map] navigate label=bin_docking distance_m=0.862 heading_error_rad=-0.974
[can] backend=detectnet_native no detections
[tag] no detections
[map] motion direction=left speed=0.15 effective_seconds=0.06338620185852051 pose={'x_m': -0.6236320652797874, 'y_m': 0.5372577268235597, 'heading_rad': -3.076225178549361}
[map] navigate label=bin_docking distance_m=0.862 heading_error_rad=-0.963
[can] backend=detectnet_native no detections
[tag] no detections
[map] motion direction=left speed=0.15 effective_seconds=0.0665287971496582 pose={'x_m': -0.6236320652797874, 'y_m': 0.5372577268235597, 'heading_rad': -3.087967110031246}
[map] navigate label=bin_docking distance_m=0.862 heading_error_rad=-0.951
[can] backend=detectnet_native no detections
[tag] no detections
[map] motion direction=left speed=0.15 effective_seconds=0.06134796142578125 pose={'x_m': -0.6236320652797874, 'y_m': 0.5372577268235597, 'heading_rad': -3.0987946552519174}
[map] navigate label=bin_docking distance_m=0.862 heading_error_rad=-0.940
[can] backend=detectnet_native no detections
[tag] no detections
[map] motion direction=left speed=0.15 effective_seconds=0.06502604484558105 pose={'x_m': -0.6236320652797874, 'y_m': 0.5372577268235597, 'heading_rad': -3.1102713600147767}
[map] navigate label=bin_docking distance_m=0.862 heading_error_rad=-0.929
[can] backend=detectnet_native no detections
[tag] no detections
[map] motion direction=left speed=0.15 effective_seconds=0.06288886070251465 pose={'x_m': -0.6236320652797874, 'y_m': 0.5372577268235597, 'heading_rad': -3.121370864665095}
[map] navigate label=bin_docking distance_m=0.862 heading_error_rad=-0.918
[can] backend=detectnet_native no detections
[tag] no detections
[map] motion direction=left speed=0.15 effective_seconds=0.06279444694519043 pose={'x_m': -0.6236320652797874, 'y_m': 0.5372577268235597, 'heading_rad': -3.132453705856626}
[map] navigate label=bin_docking distance_m=0.862 heading_error_rad=-0.907
[can] backend=detectnet_native no detections
[tag] no detections
[map] motion direction=left speed=0.15 effective_seconds=0.061541080474853516 pose={'x_m': -0.6236320652797874, 'y_m': 0.5372577268235597, 'heading_rad': 3.13986997175477}
[map] navigate label=bin_docking distance_m=0.862 heading_error_rad=-0.896
[can] backend=detectnet_native no detections
[tag] no detections
[map] motion direction=left speed=0.15 effective_seconds=0.06130170822143555 pose={'x_m': -0.6236320652797874, 'y_m': 0.5372577268235597, 'heading_rad': 3.1290505899457264}
[map] navigate label=bin_docking distance_m=0.862 heading_error_rad=-0.885
[can] backend=detectnet_native no detections
[tag] no detections
[map] motion direction=left speed=0.15 effective_seconds=0.06056928634643555 pose={'x_m': -0.6236320652797874, 'y_m': 0.5372577268235597, 'heading_rad': 3.118360476180605}
[map] navigate label=bin_docking distance_m=0.862 heading_error_rad=-0.874
[can] backend=detectnet_native no detections
[tag] no detections
[map] motion direction=left speed=0.15 effective_seconds=0.06392383575439453 pose={'x_m': -0.6236320652797874, 'y_m': 0.5372577268235597, 'heading_rad': 3.1070783046752517}
[map] navigate label=bin_docking distance_m=0.862 heading_error_rad=-0.863
[can] backend=detectnet_native no detections
[tag] no detections
[map] motion direction=left speed=0.15 effective_seconds=0.06668424606323242 pose={'x_m': -0.6236320652797874, 'y_m': 0.5372577268235597, 'heading_rad': 3.0953089373975864}
[map] navigate label=bin_docking distance_m=0.862 heading_error_rad=-0.851
[can] backend=detectnet_native no detections
[tag] no detections
[map] motion direction=left speed=0.15 effective_seconds=0.06648755073547363 pose={'x_m': -0.6236320652797874, 'y_m': 0.5372577268235597, 'heading_rad': 3.0835742856590613}
[map] navigate label=bin_docking distance_m=0.862 heading_error_rad=-0.840
[can] backend=detectnet_native no detections
[tag] no detections
[map] motion direction=left speed=0.15 effective_seconds=0.06275796890258789 pose={'x_m': -0.6236320652797874, 'y_m': 0.5372577268235597, 'heading_rad': 3.072497882622061}
[map] navigate label=bin_docking distance_m=0.862 heading_error_rad=-0.828
[can] backend=detectnet_native no detections
[tag] no detections
[map] motion direction=left speed=0.15 effective_seconds=0.06306338310241699 pose={'x_m': -0.6236320652797874, 'y_m': 0.5372577268235597, 'heading_rad': 3.061367575820652}
[map] navigate label=bin_docking distance_m=0.862 heading_error_rad=-0.817
[can] backend=detectnet_native no detections
[tag] no detections
[map] motion direction=left speed=0.15 effective_seconds=0.06423759460449219 pose={'x_m': -0.6236320652797874, 'y_m': 0.5372577268235597, 'heading_rad': 3.0500300277704406}
[map] navigate label=bin_docking distance_m=0.862 heading_error_rad=-0.806
[can] backend=detectnet_native no detections
[tag] no detections
[map] motion direction=left speed=0.15 effective_seconds=0.06459355354309082 pose={'x_m': -0.6236320652797874, 'y_m': 0.5372577268235597, 'heading_rad': 3.0386296551142475}
[map] navigate label=bin_docking distance_m=0.862 heading_error_rad=-0.795
[can] backend=detectnet_native no detections
[tag] no detections
[map] motion direction=left speed=0.15 effective_seconds=0.06575798988342285 pose={'x_m': -0.6236320652797874, 'y_m': 0.5372577268235597, 'heading_rad': 3.027023766466348}
[map] navigate label=bin_docking distance_m=0.862 heading_error_rad=-0.783
[can] backend=detectnet_native no detections
[tag] no detections
[map] motion direction=left speed=0.15 effective_seconds=0.0644528865814209 pose={'x_m': -0.6236320652797874, 'y_m': 0.5372577268235597, 'heading_rad': 3.0156482206805695}
[map] navigate label=bin_docking distance_m=0.862 heading_error_rad=-0.772
[can] backend=detectnet_native no detections
[tag] no detections
[map] motion direction=left speed=0.15 effective_seconds=0.06092262268066406 pose={'x_m': -0.6236320652797874, 'y_m': 0.5372577268235597, 'heading_rad': 3.0048957451833216}
[map] navigate label=bin_docking distance_m=0.862 heading_error_rad=-0.761
[can] backend=detectnet_native no detections
[tag] no detections
[map] motion direction=left speed=0.15 effective_seconds=0.06222224235534668 pose={'x_m': -0.6236320652797874, 'y_m': 0.5372577268235597, 'heading_rad': 2.9939138946511052}
[map] navigate label=bin_docking distance_m=0.862 heading_error_rad=-0.750
[can] backend=detectnet_native no detections
[tag] no detections
[map] motion direction=left speed=0.15 effective_seconds=0.06387662887573242 pose={'x_m': -0.6236320652797874, 'y_m': 0.5372577268235597, 'heading_rad': 2.9826400548751444}
[map] navigate label=bin_docking distance_m=0.862 heading_error_rad=-0.739
[can] backend=detectnet_native no detections
[tag] no detections
[map] motion direction=left speed=0.15 effective_seconds=0.06525611877441406 pose={'x_m': -0.6236320652797874, 'y_m': 0.5372577268235597, 'heading_rad': 2.9711227434513523}
[map] navigate label=bin_docking distance_m=0.862 heading_error_rad=-0.727
[can] backend=detectnet_native no detections
[tag] no detections
[map] motion direction=left speed=0.15 effective_seconds=0.0619807243347168 pose={'x_m': -0.6236320652797874, 'y_m': 0.5372577268235597, 'heading_rad': 2.9601835193932544}
[map] navigate label=bin_docking distance_m=0.862 heading_error_rad=-0.716
[can] backend=detectnet_native no detections
[tag] no detections
[map] motion direction=left speed=0.15 effective_seconds=0.06361651420593262 pose={'x_m': -0.6236320652797874, 'y_m': 0.5372577268235597, 'heading_rad': 2.9489555882878413}
[map] navigate label=bin_docking distance_m=0.862 heading_error_rad=-0.705
[can] backend=detectnet_native no detections
[tag] no detections
[map] motion direction=left speed=0.15 effective_seconds=0.06259846687316895 pose={'x_m': -0.6236320652797874, 'y_m': 0.5372577268235597, 'heading_rad': 2.9379073363971253}
[map] navigate label=bin_docking distance_m=0.862 heading_error_rad=-0.694
[can] backend=detectnet_native no detections
[tag] no detections
[map] motion direction=left speed=0.15 effective_seconds=0.06408262252807617 pose={'x_m': -0.6236320652797874, 'y_m': 0.5372577268235597, 'heading_rad': 2.9265971399838113}
[map] navigate label=bin_docking distance_m=0.862 heading_error_rad=-0.683
[can] backend=detectnet_native no detections
[tag] no detections
[map] motion direction=left speed=0.15 effective_seconds=0.06438875198364258 pose={'x_m': -0.6236320652797874, 'y_m': 0.5372577268235597, 'heading_rad': 2.915232913567764}
[map] navigate label=bin_docking distance_m=0.862 heading_error_rad=-0.671
[can] backend=detectnet_native no detections
[tag] no detections
[map] motion direction=left speed=0.15 effective_seconds=0.06861758232116699 pose={'x_m': -0.6236320652797874, 'y_m': 0.5372577268235597, 'heading_rad': 2.9031223240999395}
[map] navigate label=bin_docking distance_m=0.862 heading_error_rad=-0.659
[can] backend=detectnet_native no detections
[tag] no detections
[map] motion direction=left speed=0.15 effective_seconds=0.06337571144104004 pose={'x_m': -0.6236320652797874, 'y_m': 0.5372577268235597, 'heading_rad': 2.891936893230321}
[map] navigate label=bin_docking distance_m=0.862 heading_error_rad=-0.648
[can] backend=detectnet_native no detections
[tag] no detections
[map] motion direction=left speed=0.15 effective_seconds=0.06215262413024902 pose={'x_m': -0.6236320652797874, 'y_m': 0.5372577268235597, 'heading_rad': 2.880967329894988}
[map] navigate label=bin_docking distance_m=0.862 heading_error_rad=-0.637
[can] backend=detectnet_native no detections
[tag] no detections
[map] motion direction=left speed=0.15 effective_seconds=0.06093192100524902 pose={'x_m': -0.6236320652797874, 'y_m': 0.5372577268235597, 'heading_rad': 2.870213213299526}
[map] navigate label=bin_docking distance_m=0.862 heading_error_rad=-0.626
[can] backend=detectnet_native no detections
[tag] no detections
[map] motion direction=left speed=0.15 effective_seconds=0.0660552978515625 pose={'x_m': -0.6236320652797874, 'y_m': 0.5372577268235597, 'heading_rad': 2.8585548515882246}
[map] navigate label=bin_docking distance_m=0.862 heading_error_rad=-0.615
[can] backend=detectnet_native no detections
[tag] no detections
[map] motion direction=left speed=0.15 effective_seconds=0.06210184097290039 pose={'x_m': -0.6236320652797874, 'y_m': 0.5372577268235597, 'heading_rad': 2.8475942511739056}
[map] navigate label=bin_docking distance_m=0.862 heading_error_rad=-0.604
[can] backend=detectnet_native no detections
[tag] no detections
[map] motion direction=left speed=0.15 effective_seconds=0.06263208389282227 pose={'x_m': -0.6236320652797874, 'y_m': 0.5372577268235597, 'heading_rad': 2.8365400660819553}
[map] navigate label=bin_docking distance_m=0.862 heading_error_rad=-0.592
[can] backend=detectnet_native no detections
[tag] no detections
[map] motion direction=left speed=0.15 effective_seconds=0.0658881664276123 pose={'x_m': -0.6236320652797874, 'y_m': 0.5372577268235597, 'heading_rad': 2.824911202059062}
[map] navigate label=bin_docking distance_m=0.862 heading_error_rad=-0.581
[can] backend=detectnet_native no detections
[tag] no detections
[map] motion direction=left speed=0.15 effective_seconds=0.0637807846069336 pose={'x_m': -0.6236320652797874, 'y_m': 0.5372577268235597, 'heading_rad': 2.8136542782185368}
[map] navigate label=bin_docking distance_m=0.862 heading_error_rad=-0.570
[can] backend=detectnet_native no detections
[tag] no detections
[map] motion direction=left speed=0.15 effective_seconds=0.06642675399780273 pose={'x_m': -0.6236320652797874, 'y_m': 0.5372577268235597, 'heading_rad': 2.8019303567375635}
[map] navigate label=bin_docking distance_m=0.862 heading_error_rad=-0.558
[can] backend=detectnet_native no detections
[tag] no detections
[map] motion direction=left speed=0.15 effective_seconds=0.0666360855102539 pose={'x_m': -0.6236320652797874, 'y_m': 0.5372577268235597, 'heading_rad': 2.7901694895070577}
[map] navigate label=bin_docking distance_m=0.862 heading_error_rad=-0.546
[can] backend=detectnet_native no detections
[tag] no detections
[map] motion direction=left speed=0.15 effective_seconds=0.06280207633972168 pose={'x_m': -0.6236320652797874, 'y_m': 0.5372577268235597, 'heading_rad': 2.779085301773402}
[map] navigate label=bin_docking distance_m=0.862 heading_error_rad=-0.535
[can] backend=detectnet_native no detections
[tag] no detections
[map] motion direction=left speed=0.15 effective_seconds=0.06370782852172852 pose={'x_m': -0.6236320652797874, 'y_m': 0.5372577268235597, 'heading_rad': 2.76784125424194}
[map] navigate label=bin_docking distance_m=0.862 heading_error_rad=-0.524
[can] backend=detectnet_native no detections
[tag] no detections
[map] motion direction=left speed=0.15 effective_seconds=0.06396150588989258 pose={'x_m': -0.6236320652797874, 'y_m': 0.5372577268235597, 'heading_rad': 2.756552434184848}
[map] navigate label=bin_docking distance_m=0.862 heading_error_rad=-0.513
[can] backend=detectnet_native no detections
[tag] no detections
[map] motion direction=left speed=0.15 effective_seconds=0.0627751350402832 pose={'x_m': -0.6236320652797874, 'y_m': 0.5372577268235597, 'heading_rad': 2.745473001428069}
[map] navigate label=bin_docking distance_m=0.862 heading_error_rad=-0.501
[can] backend=detectnet_native no detections
[tag] no detections
[map] motion direction=left speed=0.15 effective_seconds=0.06142258644104004 pose={'x_m': -0.6236320652797874, 'y_m': 0.5372577268235597, 'heading_rad': 2.7346322853422453}
[map] navigate label=bin_docking distance_m=0.862 heading_error_rad=-0.491
[can] backend=detectnet_native no detections
[tag] no detections
[map] motion direction=left speed=0.15 effective_seconds=0.062425851821899414 pose={'x_m': -0.6236320652797874, 'y_m': 0.5372577268235597, 'heading_rad': 2.7236144989670894}
[map] navigate label=bin_docking distance_m=0.862 heading_error_rad=-0.480
[can] backend=detectnet_native no detections
[tag] no detections
[map] motion direction=left speed=0.15 effective_seconds=0.06293892860412598 pose={'x_m': -0.6236320652797874, 'y_m': 0.5372577268235597, 'heading_rad': 2.712506157634081}
[map] navigate label=bin_docking distance_m=0.862 heading_error_rad=-0.468
[can] backend=detectnet_native no detections
[tag] no detections
[map] motion direction=left speed=0.15 effective_seconds=0.0631856918334961 pose={'x_m': -0.6236320652797874, 'y_m': 0.5372577268235597, 'heading_rad': 2.701354264079244}
[map] navigate label=bin_docking distance_m=0.862 heading_error_rad=-0.457
[can] backend=detectnet_native no detections
[tag] no detections
[map] motion direction=left speed=0.15 effective_seconds=0.0645294189453125 pose={'x_m': -0.6236320652797874, 'y_m': 0.5372577268235597, 'heading_rad': 2.6899652107927814}
[map] navigate label=bin_docking distance_m=0.862 heading_error_rad=-0.446
[can] backend=detectnet_native no detections
[tag] no detections
[map] motion direction=left speed=0.15 effective_seconds=0.0656132698059082 pose={'x_m': -0.6236320652797874, 'y_m': 0.5372577268235597, 'heading_rad': 2.6783848643658006}
[map] navigate label=bin_docking distance_m=0.862 heading_error_rad=-0.434
[can] backend=detectnet_native no detections
[tag] no detections
[map] motion direction=left speed=0.15 effective_seconds=0.06410574913024902 pose={'x_m': -0.6236320652797874, 'y_m': 0.5372577268235597, 'heading_rad': 2.6670705862466733}
[map] navigate label=bin_docking distance_m=0.862 heading_error_rad=-0.423
[can] backend=detectnet_native no detections
[tag] no detections
[map] motion direction=left speed=0.15 effective_seconds=0.06434035301208496 pose={'x_m': -0.6236320652797874, 'y_m': 0.5372577268235597, 'heading_rad': 2.655714901957227}
[map] navigate label=bin_docking distance_m=0.862 heading_error_rad=-0.412
[can] backend=detectnet_native no detections
[tag] no detections
[map] motion direction=left speed=0.15 effective_seconds=0.06024432182312012 pose={'x_m': -0.6236320652797874, 'y_m': 0.5372577268235597, 'heading_rad': 2.6450821424707085}
[map] navigate label=bin_docking distance_m=0.862 heading_error_rad=-0.401
[can] backend=detectnet_native no detections
[tag] no detections
[map] motion direction=left speed=0.15 effective_seconds=0.06325340270996094 pose={'x_m': -0.6236320652797874, 'y_m': 0.5372577268235597, 'heading_rad': 2.6339182983545184}
[map] navigate label=bin_docking distance_m=0.862 heading_error_rad=-0.390
[can] backend=detectnet_native no detections
[tag] no detections
[map] motion direction=left speed=0.15 effective_seconds=0.06276655197143555 pose={'x_m': -0.6236320652797874, 'y_m': 0.5372577268235597, 'heading_rad': 2.622840380457628}
[map] navigate label=bin_docking distance_m=0.862 heading_error_rad=-0.379
[can] backend=detectnet_native no detections
[tag] no detections
[map] motion direction=left speed=0.15 effective_seconds=0.06450986862182617 pose={'x_m': -0.6236320652797874, 'y_m': 0.5372577268235597, 'heading_rad': 2.61145477768536}
[map] navigate label=bin_docking distance_m=0.862 heading_error_rad=-0.367
[can] backend=detectnet_native no detections
[tag] no detections
[map] motion direction=left speed=0.15 effective_seconds=0.06398367881774902 pose={'x_m': -0.6236320652797874, 'y_m': 0.5372577268235597, 'heading_rad': 2.6001620442402196}
[map] navigate label=bin_docking distance_m=0.862 heading_error_rad=-0.356
[can] backend=detectnet_native no detections
[tag] no detections
[map] motion direction=left speed=0.15 effective_seconds=0.06290507316589355 pose={'x_m': -0.6236320652797874, 'y_m': 0.5372577268235597, 'heading_rad': 2.589059678187887}
[map] navigate label=bin_docking distance_m=0.862 heading_error_rad=-0.345
[can] backend=detectnet_native no detections
[tag] no detections
[map] motion direction=left speed=0.15 effective_seconds=0.06718182563781738 pose={'x_m': -0.6236320652797874, 'y_m': 0.5372577268235597, 'heading_rad': 2.5772024911160596}
[map] navigate label=bin_docking distance_m=0.862 heading_error_rad=-0.333
[can] backend=detectnet_native no detections
[tag] no detections
[map] motion direction=left speed=0.15 effective_seconds=0.06544876098632812 pose={'x_m': -0.6236320652797874, 'y_m': 0.5372577268235597, 'heading_rad': 2.5656511795036323}
[map] navigate label=bin_docking distance_m=0.862 heading_error_rad=-0.322
[can] backend=detectnet_native no detections
[tag] no detections
[map] motion direction=left speed=0.15 effective_seconds=0.06300926208496094 pose={'x_m': -0.6236320652797874, 'y_m': 0.5372577268235597, 'heading_rad': 2.5545304247354164}
[map] navigate label=bin_docking distance_m=0.862 heading_error_rad=-0.310
[can] backend=detectnet_native no detections
[tag] no detections
[map] motion direction=left speed=0.15 effective_seconds=0.06638336181640625 pose={'x_m': -0.6236320652797874, 'y_m': 0.5372577268235597, 'heading_rad': 2.5428141617127746}
[map] navigate label=bin_docking distance_m=0.862 heading_error_rad=-0.299
[can] backend=detectnet_native no detections
[tag] no detections
[map] motion direction=left speed=0.15 effective_seconds=0.06329798698425293 pose={'x_m': -0.6236320652797874, 'y_m': 0.5372577268235597, 'heading_rad': 2.531642448741046}
[map] navigate label=bin_docking distance_m=0.862 heading_error_rad=-0.288
[can] backend=detectnet_native no detections
[tag] no detections
[map] motion direction=left speed=0.15 effective_seconds=0.0638270378112793 pose={'x_m': -0.6236320652797874, 'y_m': 0.5372577268235597, 'heading_rad': 2.520377361488892}
[map] navigate label=bin_docking distance_m=0.862 heading_error_rad=-0.276
[can] backend=detectnet_native no detections
[tag] no detections
[map] motion direction=left speed=0.15 effective_seconds=0.06537866592407227 pose={'x_m': -0.6236320652797874, 'y_m': 0.5372577268235597, 'heading_rad': 2.5088384212322303}
[map] navigate label=bin_docking distance_m=0.862 heading_error_rad=-0.265
[can] backend=detectnet_native no detections
[tag] no detections
[map] motion direction=left speed=0.15 effective_seconds=0.06336402893066406 pose={'x_m': -0.6236320652797874, 'y_m': 0.5372577268235597, 'heading_rad': 2.497655052255239}
[map] navigate label=bin_docking distance_m=0.862 heading_error_rad=-0.254
[can] backend=detectnet_native no detections
[tag] no detections
[map] motion direction=left speed=0.15 effective_seconds=0.06403088569641113 pose={'x_m': -0.6236320652797874, 'y_m': 0.5372577268235597, 'heading_rad': 2.4863539870807045}
[map] navigate label=bin_docking distance_m=0.862 heading_error_rad=-0.242
[can] backend=detectnet_native no detections
[tag] no detections
[map] motion direction=left speed=0.15 effective_seconds=0.06299257278442383 pose={'x_m': -0.6236320652797874, 'y_m': 0.5372577268235597, 'heading_rad': 2.475236177873386}
[map] navigate label=bin_docking distance_m=0.862 heading_error_rad=-0.231
[can] backend=detectnet_native no detections
[tag] no detections
[map] motion direction=left speed=0.15 effective_seconds=0.06355738639831543 pose={'x_m': -0.6236320652797874, 'y_m': 0.5372577268235597, 'heading_rad': 2.464018682469435}
[map] navigate label=bin_docking distance_m=0.862 heading_error_rad=-0.220
[can] backend=detectnet_native no detections
[tag] no detections
[map] motion direction=left speed=0.15 effective_seconds=0.06500983238220215 pose={'x_m': -0.6236320652797874, 'y_m': 0.5372577268235597, 'heading_rad': 2.4525448391085902}
[map] navigate label=bin_docking distance_m=0.862 heading_error_rad=-0.209
[can] backend=detectnet_native no detections
[tag] no detections
[map] motion direction=left speed=0.15 effective_seconds=0.06580376625061035 pose={'x_m': -0.6236320652797874, 'y_m': 0.5372577268235597, 'heading_rad': 2.4409308712079456}
[map] navigate label=bin_docking distance_m=0.862 heading_error_rad=-0.197
[can] backend=detectnet_native no detections
[tag] no detections
[map] motion direction=left speed=0.15 effective_seconds=0.062284231185913086 pose={'x_m': -0.6236320652797874, 'y_m': 0.5372577268235597, 'heading_rad': 2.4299380800209702}
[map] navigate label=bin_docking distance_m=0.862 heading_error_rad=-0.186
[can] backend=detectnet_native no detections
[tag] no detections
[map] motion direction=left speed=0.15 effective_seconds=0.06528997421264648 pose={'x_m': -0.6236320652797874, 'y_m': 0.5372577268235597, 'heading_rad': 2.4184147933165026}
[map] navigate label=bin_docking distance_m=0.862 heading_error_rad=-0.174
[can] backend=detectnet_native no detections
[tag] no detections
[map] motion direction=left speed=0.15 effective_seconds=0.06497764587402344 pose={'x_m': -0.6236320652797874, 'y_m': 0.5372577268235597, 'heading_rad': 2.4069466306802436}
[map] navigate label=bin_docking distance_m=0.862 heading_error_rad=-0.163
[can] backend=detectnet_native no detections
[tag] no detections
[map] motion direction=left speed=0.15 effective_seconds=0.06645369529724121 pose={'x_m': -0.6236320652797874, 'y_m': 0.5372577268235597, 'heading_rad': 2.395217954222394}
[map] navigate label=bin_docking distance_m=0.862 heading_error_rad=-0.151
[can] backend=detectnet_native no detections
[tag] no detections
[map] motion direction=left speed=0.15 effective_seconds=0.06655144691467285 pose={'x_m': -0.6236320652797874, 'y_m': 0.5372577268235597, 'heading_rad': 2.383472025193578}
[map] navigate label=bin_docking distance_m=0.862 heading_error_rad=-0.139
[can] backend=detectnet_native no detections
[tag] no detections
[map] motion direction=left speed=0.15 effective_seconds=0.06704092025756836 pose={'x_m': -0.6236320652797874, 'y_m': 0.5372577268235597, 'heading_rad': 2.3716397070716067}
[map] navigate label=bin_docking distance_m=0.862 heading_error_rad=-0.128
[can] backend=detectnet_native no detections
[tag] no detections
[map] motion direction=left speed=0.15 effective_seconds=0.0639958381652832 pose={'x_m': -0.6236320652797874, 'y_m': 0.5372577268235597, 'heading_rad': 2.3603448275749557}
[map] navigate label=bin_docking distance_m=0.862 heading_error_rad=-0.116
[map] motion direction=left speed=0.15 effective_seconds=0.01697373390197754 pose={'x_m': -0.6236320652797874, 'y_m': 0.5372577268235597, 'heading_rad': 2.357349065904706}
[base] continuous stop label=map_turn_bin_docking elapsed=0.017s
[base] stop
[base] continuous start label=map_forward_bin_docking direction=forward requested_speed=0.2 effective_speed=0.2
[can] backend=detectnet_native no detections
[tag] no detections
[map] motion direction=forward speed=0.2 effective_seconds=0.06639981269836426 pose={'x_m': -0.6221078959712122, 'y_m': 0.5357300339074166, 'heading_rad': 2.357349065904706}
[map] navigate label=bin_docking distance_m=0.859 heading_error_rad=-0.114
[can] backend=detectnet_native no detections
[tag] no detections
[map] motion direction=forward speed=0.2 effective_seconds=0.06520843505859375 pose={'x_m': -0.6206110740475115, 'y_m': 0.5342297515984238, 'heading_rad': 2.357349065904706}
[map] navigate label=bin_docking distance_m=0.857 heading_error_rad=-0.114
[can] backend=detectnet_native no detections
[tag] no detections
[map] motion direction=forward speed=0.2 effective_seconds=0.06252312660217285 pose={'x_m': -0.619175891826801, 'y_m': 0.5327912514924196, 'heading_rad': 2.357349065904706}
[map] navigate label=bin_docking distance_m=0.855 heading_error_rad=-0.114
[can] backend=detectnet_native no detections
[tag] no detections
[map] motion direction=forward speed=0.2 effective_seconds=0.06551194190979004 pose={'x_m': -0.6176721030788167, 'y_m': 0.5312839862530881, 'heading_rad': 2.357349065904706}
[map] navigate label=bin_docking distance_m=0.853 heading_error_rad=-0.114
[can] backend=detectnet_native no detections
[tag] no detections
[map] motion direction=forward speed=0.2 effective_seconds=0.0642859935760498 pose={'x_m': -0.6161964552659984, 'y_m': 0.5298049270057452, 'heading_rad': 2.357349065904706}
[map] navigate label=bin_docking distance_m=0.851 heading_error_rad=-0.115
[can] backend=detectnet_native no detections
[tag] no detections
[map] motion direction=forward speed=0.2 effective_seconds=0.063568115234375 pose={'x_m': -0.614737285935441, 'y_m': 0.5283423843359748, 'heading_rad': 2.357349065904706}
[map] navigate label=bin_docking distance_m=0.849 heading_error_rad=-0.115
[can] backend=detectnet_native no detections
[tag] no detections
[map] motion direction=forward speed=0.2 effective_seconds=0.06457853317260742 pose={'x_m': -0.6132549230453281, 'y_m': 0.5268565944872764, 'heading_rad': 2.357349065904706}
[map] navigate label=bin_docking distance_m=0.847 heading_error_rad=-0.115
[can] backend=detectnet_native no detections
[tag] no detections
[map] motion direction=forward speed=0.2 effective_seconds=0.06508159637451172 pose={'x_m': -0.6117610126302833, 'y_m': 0.5253592304178282, 'heading_rad': 2.357349065904706}
[map] navigate label=bin_docking distance_m=0.845 heading_error_rad=-0.116
[can] backend=detectnet_native no detections
[tag] no detections
[map] motion direction=forward speed=0.2 effective_seconds=0.06635093688964844 pose={'x_m': -0.6102379652376374, 'y_m': 0.523832662011284, 'heading_rad': 2.357349065904706}
[map] navigate label=bin_docking distance_m=0.843 heading_error_rad=-0.116
[can] backend=detectnet_native no detections
[tag] no detections
[map] motion direction=forward speed=0.2 effective_seconds=0.06542539596557617 pose={'x_m': -0.6087361631017623, 'y_m': 0.5223273879767545, 'heading_rad': 2.357349065904706}
[map] navigate label=bin_docking distance_m=0.841 heading_error_rad=-0.116
[can] backend=detectnet_native no detections
[tag] no detections
[map] motion direction=forward speed=0.2 effective_seconds=0.06405115127563477 pose={'x_m': -0.6072659059581659, 'y_m': 0.5208537318608991, 'heading_rad': 2.357349065904706}
[map] navigate label=bin_docking distance_m=0.839 heading_error_rad=-0.116
[can] backend=detectnet_native no detections
[tag] no detections
[map] motion direction=forward speed=0.2 effective_seconds=0.06192827224731445 pose={'x_m': -0.6058443782752305, 'y_m': 0.5194289178595257, 'heading_rad': 2.357349065904706}
[map] navigate label=bin_docking distance_m=0.837 heading_error_rad=-0.117
[can] backend=detectnet_native no detections
[tag] no detections
[map] motion direction=forward speed=0.2 effective_seconds=0.06283378601074219 pose={'x_m': -0.6044020650474174, 'y_m': 0.5179832702608025, 'heading_rad': 2.357349065904706}
[map] navigate label=bin_docking distance_m=0.835 heading_error_rad=-0.117
[can] backend=detectnet_native no detections
[tag] no detections
[map] motion direction=forward speed=0.2 effective_seconds=0.06432461738586426 pose={'x_m': -0.602925530647377, 'y_m': 0.5165033223766058, 'heading_rad': 2.357349065904706}
[map] navigate label=bin_docking distance_m=0.833 heading_error_rad=-0.117
[can] backend=detectnet_native no detections
[tag] no detections
[map] motion direction=forward speed=0.2 effective_seconds=0.06451702117919922 pose={'x_m': -0.601444579729507, 'y_m': 0.5150189477643782, 'heading_rad': 2.357349065904706}
[map] navigate label=bin_docking distance_m=0.830 heading_error_rad=-0.118
[can] backend=detectnet_native no detections
[tag] no detections
[map] motion direction=forward speed=0.2 effective_seconds=0.06279659271240234 pose={'x_m': -0.6000031202523525, 'y_m': 0.5135741558900326, 'heading_rad': 2.357349065904706}
[map] navigate label=bin_docking distance_m=0.828 heading_error_rad=-0.118
[can] backend=detectnet_native no detections
[tag] no detections
[map] motion direction=forward speed=0.2 effective_seconds=0.06261563301086426 pose={'x_m': -0.598565814600517, 'y_m': 0.5121335274439095, 'heading_rad': 2.357349065904706}
[map] navigate label=bin_docking distance_m=0.826 heading_error_rad=-0.118
[can] backend=detectnet_native no detections
[tag] no detections
[map] motion direction=forward speed=0.2 effective_seconds=0.0634458065032959 pose={'x_m': -0.5971094527961635, 'y_m': 0.5106737987908427, 'heading_rad': 2.357349065904706}
[map] navigate label=bin_docking distance_m=0.824 heading_error_rad=-0.118
[can] backend=detectnet_native no detections
[tag] no detections
[map] motion direction=forward speed=0.2 effective_seconds=0.06388568878173828 pose={'x_m': -0.5956429937484452, 'y_m': 0.5092039495513856, 'heading_rad': 2.357349065904706}
[map] navigate label=bin_docking distance_m=0.822 heading_error_rad=-0.119
[can] backend=detectnet_native no detections
[tag] no detections
[map] motion direction=forward speed=0.2 effective_seconds=0.06316876411437988 pose={'x_m': -0.5941929912919452, 'y_m': 0.5077505949478502, 'heading_rad': 2.357349065904706}
[map] navigate label=bin_docking distance_m=0.820 heading_error_rad=-0.119
[can] backend=detectnet_native no detections
[tag] no detections
[map] motion direction=forward speed=0.2 effective_seconds=0.06651473045349121 pose={'x_m': -0.5926661841127457, 'y_m': 0.5062202580627965, 'heading_rad': 2.357349065904706}
[map] navigate label=bin_docking distance_m=0.818 heading_error_rad=-0.119
[can] backend=detectnet_native no detections
[tag] no detections
[map] motion direction=forward speed=0.2 effective_seconds=0.06183934211730957 pose={'x_m': -0.5912466977695259, 'y_m': 0.5047974901203518, 'heading_rad': 2.357349065904706}
[map] navigate label=bin_docking distance_m=0.816 heading_error_rad=-0.120
[can] backend=detectnet_native no detections
[tag] no detections
[map] motion direction=forward speed=0.2 effective_seconds=0.06067156791687012 pose={'x_m': -0.589854017007878, 'y_m': 0.5034015897292023, 'heading_rad': 2.357349065904706}
[map] navigate label=bin_docking distance_m=0.814 heading_error_rad=-0.120
[can] backend=detectnet_native no detections
[tag] no detections
[map] motion direction=forward speed=0.2 effective_seconds=0.0633077621459961 pose={'x_m': -0.5884008239319299, 'y_m': 0.5019450371300759, 'heading_rad': 2.357349065904706}
[map] navigate label=bin_docking distance_m=0.812 heading_error_rad=-0.120
[map] motion direction=forward speed=0.2 effective_seconds=0.019816875457763672 pose={'x_m': -0.5879459390137782, 'y_m': 0.5014891005991335, 'heading_rad': 2.357349065904706}
[base] continuous stop label=map_forward_bin_docking elapsed=0.020s
[base] stop
[base] continuous start label=map_turn_bin_docking direction=left requested_speed=0.15 effective_speed=0.15
[can] backend=detectnet_native no detections
[tag] no detections
[map] motion direction=left speed=0.15 effective_seconds=0.0623929500579834 pose={'x_m': -0.5879459390137782, 'y_m': 0.5014891005991335, 'heading_rad': 2.3463370864924604}
[map] navigate label=bin_docking distance_m=0.811 heading_error_rad=-0.109
[map] motion direction=left speed=0.15 effective_seconds=0.018869876861572266 pose={'x_m': -0.5879459390137782, 'y_m': 0.5014891005991335, 'heading_rad': 2.3430066670249063}
[base] continuous stop label=map_turn_bin_docking elapsed=0.019s
[base] stop
[base] continuous start label=map_forward_bin_docking direction=forward requested_speed=0.2 effective_speed=0.2
[can] backend=detectnet_native detections=1 best_confidence=0.437
[depth] map_can_0_depth mean=3.550 min=3.110 max=3.947
[map] can rejected reason=upper_frame center_y_norm=0.280
[tag] no detections
[map] motion direction=forward speed=0.2 effective_seconds=0.09104394912719727 pose={'x_m': -0.5858262508589119, 'y_m': 0.4994245960371058, 'heading_rad': 2.3430066670249063}
[map] navigate label=bin_docking distance_m=0.809 heading_error_rad=-0.106
[can] backend=detectnet_native detections=1 best_confidence=0.370
[depth] map_can_0_depth mean=3.381 min=2.856 max=3.790
[map] can rejected reason=upper_frame center_y_norm=0.279
[tag] no detections
[map] motion direction=forward speed=0.2 effective_seconds=0.09069061279296875 pose={'x_m': -0.5837147890919553, 'y_m': 0.4973681036986354, 'heading_rad': 2.3430066670249063}
[map] navigate label=bin_docking distance_m=0.806 heading_error_rad=-0.107
[can] backend=detectnet_native no detections
[tag] no detections
[map] motion direction=forward speed=0.2 effective_seconds=0.06589055061340332 pose={'x_m': -0.5821807231711359, 'y_m': 0.4958739753832452, 'heading_rad': 2.3430066670249063}
[map] navigate label=bin_docking distance_m=0.803 heading_error_rad=-0.107
[can] backend=detectnet_native no detections
[tag] no detections
[map] motion direction=forward speed=0.2 effective_seconds=0.07065153121948242 pose={'x_m': -0.5805358119465593, 'y_m': 0.49427188749146134, 'heading_rad': 2.3430066670249063}
[map] navigate label=bin_docking distance_m=0.801 heading_error_rad=-0.107
[can] backend=detectnet_native no detections
[tag] no detections
[map] motion direction=forward speed=0.2 effective_seconds=0.06418061256408691 pose={'x_m': -0.579041556858458, 'y_m': 0.49281653358049277, 'heading_rad': 2.3430066670249063}
[map] navigate label=bin_docking distance_m=0.799 heading_error_rad=-0.108
[can] backend=detectnet_native detections=1 best_confidence=0.374
[depth] map_can_0_depth mean=3.507 min=3.198 max=3.836
[map] can rejected reason=upper_frame center_y_norm=0.280
[tag] no detections
[map] motion direction=forward speed=0.2 effective_seconds=0.08643627166748047 pose={'x_m': -0.5770291447985595, 'y_m': 0.49085651230623023, 'heading_rad': 2.3430066670249063}
[map] navigate label=bin_docking distance_m=0.796 heading_error_rad=-0.108
[can] backend=detectnet_native no detections
[tag] no detections
[map] motion direction=forward speed=0.2 effective_seconds=0.06585001945495605 pose={'x_m': -0.575496022525476, 'y_m': 0.48936330307181486, 'heading_rad': 2.3430066670249063}
[map] navigate label=bin_docking distance_m=0.794 heading_error_rad=-0.108
[can] backend=detectnet_native no detections
[tag] no detections
[map] motion direction=forward speed=0.2 effective_seconds=0.06148529052734375 pose={'x_m': -0.5740645200118137, 'y_m': 0.48796906804567425, 'heading_rad': 2.3430066670249063}
[map] navigate label=bin_docking distance_m=0.792 heading_error_rad=-0.109
[can] backend=detectnet_native no detections
[tag] no detections
[map] motion direction=forward speed=0.2 effective_seconds=0.06604313850402832 pose={'x_m': -0.572526901534812, 'y_m': 0.4864714796607316, 'heading_rad': 2.3430066670249063}
[map] navigate label=bin_docking distance_m=0.790 heading_error_rad=-0.109
[can] backend=detectnet_native no detections
[tag] no detections
[map] motion direction=forward speed=0.2 effective_seconds=0.0618131160736084 pose={'x_m': -0.5710877665762268, 'y_m': 0.48506981089141205, 'heading_rad': 2.3430066670249063}
[map] navigate label=bin_docking distance_m=0.788 heading_error_rad=-0.109
[can] backend=detectnet_native no detections
[tag] no detections
[map] motion direction=forward speed=0.2 effective_seconds=0.0649566650390625 pose={'x_m': -0.569575443409417, 'y_m': 0.48359685928295426, 'heading_rad': 2.3430066670249063}
[map] navigate label=bin_docking distance_m=0.786 heading_error_rad=-0.109
[can] backend=detectnet_native no detections
[tag] no detections
[map] motion direction=forward speed=0.2 effective_seconds=0.06529951095581055 pose={'x_m': -0.5680551380929351, 'y_m': 0.48211613333072095, 'heading_rad': 2.3430066670249063}
[map] navigate label=bin_docking distance_m=0.784 heading_error_rad=-0.110
[can] backend=detectnet_native no detections
[tag] no detections
[map] motion direction=forward speed=0.2 effective_seconds=0.06662821769714355 pose={'x_m': -0.5665038977833218, 'y_m': 0.48060527774158834, 'heading_rad': 2.3430066670249063}
[map] navigate label=bin_docking distance_m=0.782 heading_error_rad=-0.110
[can] backend=detectnet_native no detections
[tag] no detections
[map] motion direction=forward speed=0.2 effective_seconds=0.06532812118530273 pose={'x_m': -0.5649829263625556, 'y_m': 0.47912390302631397, 'heading_rad': 2.3430066670249063}
[map] navigate label=bin_docking distance_m=0.780 heading_error_rad=-0.110
[can] backend=detectnet_native no detections
[tag] no detections
[map] motion direction=forward speed=0.2 effective_seconds=0.06284856796264648 pose={'x_m': -0.563519683979752, 'y_m': 0.47769875444126614, 'heading_rad': 2.3430066670249063}
[map] navigate label=bin_docking distance_m=0.778 heading_error_rad=-0.111
[can] backend=detectnet_native no detections
[tag] no detections
[map] motion direction=forward speed=0.2 effective_seconds=0.06543087959289551 pose={'x_m': -0.5619963201344319, 'y_m': 0.47621504958540256, 'heading_rad': 2.3430066670249063}
[map] navigate label=bin_docking distance_m=0.775 heading_error_rad=-0.111
[can] backend=detectnet_native no detections
[tag] no detections
[map] motion direction=forward speed=0.2 effective_seconds=0.06597781181335449 pose={'x_m': -0.5604602225955457, 'y_m': 0.47471894254273705, 'heading_rad': 2.3430066670249063}
[map] navigate label=bin_docking distance_m=0.773 heading_error_rad=-0.111
[can] backend=detectnet_native no detections
[tag] no detections
[map] motion direction=forward speed=0.2 effective_seconds=0.06382918357849121 pose={'x_m': -0.5589741494884017, 'y_m': 0.4732715576044563, 'heading_rad': 2.3430066670249063}
[map] navigate label=bin_docking distance_m=0.771 heading_error_rad=-0.112
[can] backend=detectnet_native no detections
[tag] no detections
[map] motion direction=forward speed=0.2 effective_seconds=0.06374883651733398 pose={'x_m': -0.5574899470241225, 'y_m': 0.4718259946090493, 'heading_rad': 2.3430066670249063}
[map] navigate label=bin_docking distance_m=0.769 heading_error_rad=-0.112
[can] backend=detectnet_native no detections
[tag] no detections
[map] motion direction=forward speed=0.2 effective_seconds=0.06411147117614746 pose={'x_m': -0.5559973016880412, 'y_m': 0.4703722085420966, 'heading_rad': 2.3430066670249063}
[map] navigate label=bin_docking distance_m=0.767 heading_error_rad=-0.112
[can] backend=detectnet_native no detections
[tag] no detections
[map] motion direction=forward speed=0.2 effective_seconds=0.0650014877319336 pose={'x_m': -0.5544839349578528, 'y_m': 0.46889824053820783, 'heading_rad': 2.3430066670249063}
[map] navigate label=bin_docking distance_m=0.765 heading_error_rad=-0.112
[can] backend=detectnet_native no detections
[tag] no detections
[map] motion direction=forward speed=0.2 effective_seconds=0.06299233436584473 pose={'x_m': -0.5530173454010211, 'y_m': 0.4674698319188786, 'heading_rad': 2.3430066670249063}
[map] navigate label=bin_docking distance_m=0.763 heading_error_rad=-0.113
[can] backend=detectnet_native no detections
[tag] no detections
[map] motion direction=forward speed=0.2 effective_seconds=0.06431365013122559 pose={'x_m': -0.5515199929279982, 'y_m': 0.466011461259769, 'heading_rad': 2.3430066670249063}
[map] navigate label=bin_docking distance_m=0.761 heading_error_rad=-0.113
[can] backend=detectnet_native no detections
[tag] no detections
[map] motion direction=forward speed=0.2 effective_seconds=0.06320762634277344 pose={'x_m': -0.5500483909364282, 'y_m': 0.46457817069855567, 'heading_rad': 2.3430066670249063}
[map] navigate label=bin_docking distance_m=0.759 heading_error_rad=-0.113
[can] backend=detectnet_native no detections
[tag] no detections
[map] motion direction=forward speed=0.2 effective_seconds=0.06440067291259766 pose={'x_m': -0.5485490123962077, 'y_m': 0.46311782671852947, 'heading_rad': 2.3430066670249063}
[map] navigate label=bin_docking distance_m=0.757 heading_error_rad=-0.114
[can] backend=detectnet_native no detections
[tag] no detections
[map] motion direction=forward speed=0.2 effective_seconds=0.06438875198364258 pose={'x_m': -0.5470499113994389, 'y_m': 0.461657753056437, 'heading_rad': 2.3430066670249063}
[map] navigate label=bin_docking distance_m=0.755 heading_error_rad=-0.114
[can] backend=detectnet_native no detections
[tag] no detections
[map] motion direction=forward speed=0.2 effective_seconds=0.06627464294433594 pose={'x_m': -0.5455069030286044, 'y_m': 0.4601549150972204, 'heading_rad': 2.3430066670249063}
[map] navigate label=bin_docking distance_m=0.753 heading_error_rad=-0.114
[can] backend=detectnet_native no detections
[tag] no detections
[map] motion direction=forward speed=0.2 effective_seconds=0.07425808906555176 pose={'x_m': -0.5437780238081376, 'y_m': 0.45847104521775034, 'heading_rad': 2.3430066670249063}
[map] navigate label=bin_docking distance_m=0.750 heading_error_rad=-0.115
[can] backend=detectnet_native no detections
[tag] no detections
[map] motion direction=forward speed=0.2 effective_seconds=0.06353163719177246 pose={'x_m': -0.5422988781855491, 'y_m': 0.4570304074150968, 'heading_rad': 2.3430066670249063}
[map] navigate label=bin_docking distance_m=0.748 heading_error_rad=-0.115
[can] backend=detectnet_native no detections
[tag] no detections
[map] motion direction=forward speed=0.2 effective_seconds=0.06365489959716797 pose={'x_m': -0.5408168627636696, 'y_m': 0.45558697452500796, 'heading_rad': 2.3430066670249063}
[map] navigate label=bin_docking distance_m=0.746 heading_error_rad=-0.115
[can] backend=detectnet_native no detections
[tag] no detections
[map] motion direction=forward speed=0.2 effective_seconds=0.06607246398925781 pose={'x_m': -0.5392785615297766, 'y_m': 0.45408872115794824, 'heading_rad': 2.3430066670249063}
[map] navigate label=bin_docking distance_m=0.744 heading_error_rad=-0.116
[can] backend=detectnet_native no detections
[tag] no detections
[map] motion direction=forward speed=0.2 effective_seconds=0.06544017791748047 pose={'x_m': -0.5377549812005641, 'y_m': 0.4526048054540963, 'heading_rad': 2.3430066670249063}
[map] navigate label=bin_docking distance_m=0.742 heading_error_rad=-0.116
[can] backend=detectnet_native no detections
[tag] no detections
[map] motion direction=forward speed=0.2 effective_seconds=0.06450843811035156 pose={'x_m': -0.5362530936675398, 'y_m': 0.4511420177999487, 'heading_rad': 2.3430066670249063}
[map] navigate label=bin_docking distance_m=0.740 heading_error_rad=-0.116
[can] backend=detectnet_native no detections
[tag] no detections
[map] motion direction=forward speed=0.2 effective_seconds=0.06971883773803711 pose={'x_m': -0.5346298974426277, 'y_m': 0.44956107958330394, 'heading_rad': 2.3430066670249063}
[map] navigate label=bin_docking distance_m=0.737 heading_error_rad=-0.117
[can] backend=detectnet_native no detections
[tag] no detections
[map] motion direction=forward speed=0.2 effective_seconds=0.06476569175720215 pose={'x_m': -0.5331220205219148, 'y_m': 0.4480924584681453, 'heading_rad': 2.3430066670249063}
[map] navigate label=bin_docking distance_m=0.735 heading_error_rad=-0.117
[can] backend=detectnet_native no detections
[tag] no detections
[map] motion direction=forward speed=0.2 effective_seconds=0.0660085678100586 pose={'x_m': -0.5315852069209231, 'y_m': 0.4465956540052107, 'heading_rad': 2.3430066670249063}
[map] navigate label=bin_docking distance_m=0.733 heading_error_rad=-0.117
[can] backend=detectnet_native no detections
[tag] no detections
[map] motion direction=forward speed=0.2 effective_seconds=0.06607294082641602 pose={'x_m': -0.5300468945852921, 'y_m': 0.4450973898254336, 'heading_rad': 2.3430066670249063}
[map] navigate label=bin_docking distance_m=0.731 heading_error_rad=-0.118
[can] backend=detectnet_native no detections
[tag] no detections
[map] motion direction=forward speed=0.2 effective_seconds=0.06422066688537598 pose={'x_m': -0.5285517069511929, 'y_m': 0.4436411276462075, 'heading_rad': 2.3430066670249063}
[map] navigate label=bin_docking distance_m=0.729 heading_error_rad=-0.118
[can] backend=detectnet_native no detections
[tag] no detections
[map] motion direction=forward speed=0.2 effective_seconds=0.06321358680725098 pose={'x_m': -0.527079966187897, 'y_m': 0.44220770192602726, 'heading_rad': 2.3430066670249063}
[map] navigate label=bin_docking distance_m=0.727 heading_error_rad=-0.118
[can] backend=detectnet_native no detections
[tag] no detections
[map] motion direction=forward speed=0.2 effective_seconds=0.0677480697631836 pose={'x_m': -0.525502653446427, 'y_m': 0.44067145267019525, 'heading_rad': 2.3430066670249063}
[map] navigate label=bin_docking distance_m=0.725 heading_error_rad=-0.119
[can] backend=detectnet_native no detections
[tag] no detections
[map] motion direction=forward speed=0.2 effective_seconds=0.06341862678527832 pose={'x_m': -0.524026138935761, 'y_m': 0.43923337748155394, 'heading_rad': 2.3430066670249063}
[map] navigate label=bin_docking distance_m=0.723 heading_error_rad=-0.119
[can] backend=detectnet_native no detections
[tag] no detections
[map] motion direction=forward speed=0.2 effective_seconds=0.06415367126464844 pose={'x_m': -0.5225325110958606, 'y_m': 0.4377786344891157, 'heading_rad': 2.3430066670249063}
[map] navigate label=bin_docking distance_m=0.721 heading_error_rad=-0.119
[can] backend=detectnet_native no detections
[tag] no detections
[map] motion direction=forward speed=0.2 effective_seconds=0.06198525428771973 pose={'x_m': -0.5210893684098322, 'y_m': 0.4363730623288323, 'heading_rad': 2.3430066670249063}
[map] navigate label=bin_docking distance_m=0.719 heading_error_rad=-0.120
[can] backend=detectnet_native no detections
[tag] no detections
[map] motion direction=forward speed=0.2 effective_seconds=0.06390190124511719 pose={'x_m': -0.5196016022876326, 'y_m': 0.43492402845115546, 'heading_rad': 2.3430066670249063}
[map] navigate label=bin_docking distance_m=0.717 heading_error_rad=-0.120
[map] motion direction=forward speed=0.2 effective_seconds=0.018771886825561523 pose={'x_m': -0.5191645546141729, 'y_m': 0.4344983588008298, 'heading_rad': 2.3430066670249063}
[base] continuous stop label=map_forward_bin_docking elapsed=0.019s
[base] stop
[base] continuous start label=map_turn_bin_docking direction=left requested_speed=0.15 effective_speed=0.15
[can] backend=detectnet_native no detections
[tag] no detections
[map] motion direction=left speed=0.15 effective_seconds=0.06226396560668945 pose={'x_m': -0.5191645546141729, 'y_m': 0.4344983588008298, 'heading_rad': 2.3320174525904482}
[map] navigate label=bin_docking distance_m=0.716 heading_error_rad=-0.109
[map] motion direction=left speed=0.15 effective_seconds=0.017848491668701172 pose={'x_m': -0.5191645546141729, 'y_m': 0.4344983588008298, 'heading_rad': 2.3288673014497707}
[base] continuous stop label=map_turn_bin_docking elapsed=0.018s
[base] stop
[base] continuous start label=map_forward_bin_docking direction=forward requested_speed=0.2 effective_speed=0.2
[can] backend=detectnet_native no detections
[tag] no detections
[map] motion direction=forward speed=0.2 effective_seconds=0.06199145317077637 pose={'x_m': -0.5177015366514549, 'y_m': 0.4331131930717691, 'heading_rad': 2.3288673014497707}
[map] navigate label=bin_docking distance_m=0.714 heading_error_rad=-0.106
[can] backend=detectnet_native no detections
[tag] no detections
[map] motion direction=forward speed=0.2 effective_seconds=0.06436300277709961 pose={'x_m': -0.5161825493656116, 'y_m': 0.43167503634037785, 'heading_rad': 2.3288673014497707}
[map] navigate label=bin_docking distance_m=0.712 heading_error_rad=-0.107
[can] backend=detectnet_native no detections
[tag] no detections
[map] motion direction=forward speed=0.2 effective_seconds=0.06324553489685059 pose={'x_m': -0.5146899346762787, 'y_m': 0.4302618488286431, 'heading_rad': 2.3288673014497707}
[map] navigate label=bin_docking distance_m=0.710 heading_error_rad=-0.107
[can] backend=detectnet_native no detections
[tag] no detections
[map] motion direction=forward speed=0.2 effective_seconds=0.06523633003234863 pose={'x_m': -0.5131503365901329, 'y_m': 0.4288041780687471, 'heading_rad': 2.3288673014497707}
[map] navigate label=bin_docking distance_m=0.708 heading_error_rad=-0.107
[can] backend=detectnet_native no detections
[tag] no detections
[map] motion direction=forward speed=0.2 effective_seconds=0.06421661376953125 pose={'x_m': -0.5116348041313127, 'y_m': 0.42736929232111287, 'heading_rad': 2.3288673014497707}
[map] navigate label=bin_docking distance_m=0.706 heading_error_rad=-0.108
[can] backend=detectnet_native no detections
[tag] no detections
[map] motion direction=forward speed=0.2 effective_seconds=0.06580591201782227 pose={'x_m': -0.5100817637295998, 'y_m': 0.42589889455764113, 'heading_rad': 2.3288673014497707}
[map] navigate label=bin_docking distance_m=0.704 heading_error_rad=-0.108
[can] backend=detectnet_native no detections
[tag] no detections
[map] motion direction=forward speed=0.2 effective_seconds=0.06511545181274414 pose={'x_m': -0.5085450184077874, 'y_m': 0.42444392475664544, 'heading_rad': 2.3288673014497707}
[map] navigate label=bin_docking distance_m=0.702 heading_error_rad=-0.108
[can] backend=detectnet_native no detections
[tag] no detections
[map] motion direction=forward speed=0.2 effective_seconds=0.06517839431762695 pose={'x_m': -0.5070067876228902, 'y_m': 0.42298754853918097, 'heading_rad': 2.3288673014497707}
[map] navigate label=bin_docking distance_m=0.699 heading_error_rad=-0.109
[can] backend=detectnet_native no detections
[tag] no detections
[map] motion direction=forward speed=0.2 effective_seconds=0.06481385231018066 pose={'x_m': -0.5054771601450261, 'y_m': 0.42153931781709836, 'heading_rad': 2.3288673014497707}
[map] navigate label=bin_docking distance_m=0.697 heading_error_rad=-0.109
[can] backend=detectnet_native no detections
[tag] no detections
[map] motion direction=forward speed=0.2 effective_seconds=0.06477999687194824 pose={'x_m': -0.5039483316662455, 'y_m': 0.42009184357660123, 'heading_rad': 2.3288673014497707}
[map] navigate label=bin_docking distance_m=0.695 heading_error_rad=-0.109
[can] backend=detectnet_native no detections
[tag] no detections
[map] motion direction=forward speed=0.2 effective_seconds=0.06438398361206055 pose={'x_m': -0.5024288492260406, 'y_m': 0.4186532180397204, 'heading_rad': 2.3288673014497707}
[map] navigate label=bin_docking distance_m=0.693 heading_error_rad=-0.110
[can] backend=detectnet_native no detections
[tag] no detections
[map] motion direction=forward speed=0.2 effective_seconds=0.06586480140686035 pose={'x_m': -0.5008744190160627, 'y_m': 0.4171815044244767, 'heading_rad': 2.3288673014497707}
[map] navigate label=bin_docking distance_m=0.691 heading_error_rad=-0.110
[can] backend=detectnet_native no detections
[tag] no detections
[map] motion direction=forward speed=0.2 effective_seconds=0.06550836563110352 pose={'x_m': -0.4993284008034782, 'y_m': 0.4157177551752212, 'heading_rad': 2.3288673014497707}
[map] navigate label=bin_docking distance_m=0.689 heading_error_rad=-0.110
[can] backend=detectnet_native no detections
[tag] no detections
[map] motion direction=forward speed=0.2 effective_seconds=0.06486058235168457 pose={'x_m': -0.4977976704818087, 'y_m': 0.41426848029545715, 'heading_rad': 2.3288673014497707}
[map] navigate label=bin_docking distance_m=0.687 heading_error_rad=-0.111
[can] backend=detectnet_native no detections
[tag] no detections
[map] motion direction=forward speed=0.2 effective_seconds=0.06537413597106934 pose={'x_m': -0.49625482013178773, 'y_m': 0.41280773033586804, 'heading_rad': 2.3288673014497707}
[map] navigate label=bin_docking distance_m=0.685 heading_error_rad=-0.111
[can] backend=detectnet_native no detections
[tag] no detections
[map] motion direction=forward speed=0.2 effective_seconds=0.06635189056396484 pose={'x_m': -0.49468889446316444, 'y_m': 0.4113251329749964, 'heading_rad': 2.3288673014497707}
[map] navigate label=bin_docking distance_m=0.683 heading_error_rad=-0.111
[can] backend=detectnet_native no detections
[tag] no detections
[map] motion direction=forward speed=0.2 effective_seconds=0.06185293197631836 pose={'x_m': -0.493229145644584, 'y_m': 0.40994306242763406, 'heading_rad': 2.3288673014497707}
[map] navigate label=bin_docking distance_m=0.681 heading_error_rad=-0.112
[can] backend=detectnet_native no detections
[tag] no detections
[map] motion direction=forward speed=0.2 effective_seconds=0.06606745719909668 pose={'x_m': -0.49166993269361314, 'y_m': 0.40846682057754763, 'heading_rad': 2.3288673014497707}
[map] navigate label=bin_docking distance_m=0.678 heading_error_rad=-0.112
[can] backend=detectnet_native no detections
[tag] no detections
[map] motion direction=forward speed=0.2 effective_seconds=0.06250476837158203 pose={'x_m': -0.49019480032929785, 'y_m': 0.40707018509599696, 'heading_rad': 2.3288673014497707}
[map] navigate label=bin_docking distance_m=0.676 heading_error_rad=-0.112
[can] backend=detectnet_native no detections
[tag] no detections
[map] motion direction=forward speed=0.2 effective_seconds=0.06640291213989258 pose={'x_m': -0.4886276705352952, 'y_m': 0.40558644768541197, 'heading_rad': 2.3288673014497707}
[map] navigate label=bin_docking distance_m=0.674 heading_error_rad=-0.113
[can] backend=detectnet_native no detections
[tag] no detections
[map] motion direction=forward speed=0.2 effective_seconds=0.06541562080383301 pose={'x_m': -0.4870838411300592, 'y_m': 0.40412477076951386, 'heading_rad': 2.3288673014497707}
[map] navigate label=bin_docking distance_m=0.672 heading_error_rad=-0.113
[can] backend=detectnet_native no detections
[tag] no detections
[map] motion direction=forward speed=0.2 effective_seconds=0.06374073028564453 pose={'x_m': -0.48557953967244116, 'y_m': 0.40270051838275744, 'heading_rad': 2.3288673014497707}
[map] navigate label=bin_docking distance_m=0.670 heading_error_rad=-0.113
[can] backend=detectnet_native no detections
[tag] no detections
[map] motion direction=forward speed=0.2 effective_seconds=0.06570172309875488 pose={'x_m': -0.484028958162274, 'y_m': 0.4012324486647284, 'heading_rad': 2.3288673014497707}
[map] navigate label=bin_docking distance_m=0.668 heading_error_rad=-0.114
[can] backend=detectnet_native no detections
[tag] no detections
[map] motion direction=forward speed=0.2 effective_seconds=0.06570982933044434 pose={'x_m': -0.4824781853424671, 'y_m': 0.39976419781730566, 'heading_rad': 2.3288673014497707}
[map] navigate label=bin_docking distance_m=0.666 heading_error_rad=-0.114
[can] backend=detectnet_native no detections
[tag] no detections
[map] motion direction=forward speed=0.2 effective_seconds=0.0660560131072998 pose={'x_m': -0.4809192424756935, 'y_m': 0.39828821167930445, 'heading_rad': 2.3288673014497707}
[map] navigate label=bin_docking distance_m=0.664 heading_error_rad=-0.114
[can] backend=detectnet_native no detections
[tag] no detections
[map] motion direction=forward speed=0.2 effective_seconds=0.06573605537414551 pose={'x_m': -0.4793678507129346, 'y_m': 0.3968193748250197, 'heading_rad': 2.3288673014497707}
[map] navigate label=bin_docking distance_m=0.662 heading_error_rad=-0.115
[can] backend=detectnet_native no detections
[tag] no detections
[map] motion direction=forward speed=0.2 effective_seconds=0.06527400016784668 pose={'x_m': -0.4778273635996395, 'y_m': 0.39536086234617646, 'heading_rad': 2.3288673014497707}
[map] navigate label=bin_docking distance_m=0.659 heading_error_rad=-0.115
[can] backend=detectnet_native no detections
[tag] no detections
[map] motion direction=forward speed=0.2 effective_seconds=0.06602692604064941 pose={'x_m': -0.4762691071968672, 'y_m': 0.39388552614305855, 'heading_rad': 2.3288673014497707}
[map] navigate label=bin_docking distance_m=0.657 heading_error_rad=-0.116
[can] backend=detectnet_native no detections
[tag] no detections
[map] motion direction=forward speed=0.2 effective_seconds=0.0636284351348877 pose={'x_m': -0.4747674559404347, 'y_m': 0.39246378293113854, 'heading_rad': 2.3288673014497707}
[map] navigate label=bin_docking distance_m=0.655 heading_error_rad=-0.116
[can] backend=detectnet_native no detections
[tag] no detections
[map] motion direction=forward speed=0.2 effective_seconds=0.06566023826599121 pose={'x_m': -0.4732178534854825, 'y_m': 0.3909966401694185, 'heading_rad': 2.3288673014497707}
[map] navigate label=bin_docking distance_m=0.653 heading_error_rad=-0.116
[can] backend=detectnet_native no detections
[tag] no detections
[map] motion direction=forward speed=0.2 effective_seconds=0.0651848316192627 pose={'x_m': -0.47167947077822436, 'y_m': 0.38954012011390604, 'heading_rad': 2.3288673014497707}
[map] navigate label=bin_docking distance_m=0.651 heading_error_rad=-0.117
[can] backend=detectnet_native no detections
[tag] no detections
[map] motion direction=forward speed=0.2 effective_seconds=0.06331682205200195 pose={'x_m': -0.4701851736894127, 'y_m': 0.3881253397289737, 'heading_rad': 2.3288673014497707}
[map] navigate label=bin_docking distance_m=0.649 heading_error_rad=-0.117
[can] backend=detectnet_native no detections
[tag] no detections
[map] motion direction=forward speed=0.2 effective_seconds=0.06589508056640625 pose={'x_m': -0.4686300288816629, 'y_m': 0.3866529495421711, 'heading_rad': 2.3288673014497707}
[map] navigate label=bin_docking distance_m=0.647 heading_error_rad=-0.117
[can] backend=detectnet_native no detections
[tag] no detections
[map] motion direction=forward speed=0.2 effective_seconds=0.06498479843139648 pose={'x_m': -0.46709636702110247, 'y_m': 0.38520089912081523, 'heading_rad': 2.3288673014497707}
[map] navigate label=bin_docking distance_m=0.645 heading_error_rad=-0.118
[can] backend=detectnet_native no detections
[tag] no detections
[map] motion direction=forward speed=0.2 effective_seconds=0.06408572196960449 pose={'x_m': -0.4655839236502883, 'y_m': 0.3837689380801559, 'heading_rad': 2.3288673014497707}
[map] navigate label=bin_docking distance_m=0.643 heading_error_rad=-0.118
[can] backend=detectnet_native no detections
[tag] no detections
[map] motion direction=forward speed=0.2 effective_seconds=0.06321334838867188 pose={'x_m': -0.4640920685727601, 'y_m': 0.3823564697586609, 'heading_rad': 2.3288673014497707}
[map] navigate label=bin_docking distance_m=0.641 heading_error_rad=-0.119
[can] backend=detectnet_native no detections
[tag] no detections
[map] motion direction=forward speed=0.2 effective_seconds=0.06211137771606445 pose={'x_m': -0.46262622035272516, 'y_m': 0.38096862438004025, 'heading_rad': 2.3288673014497707}
[map] navigate label=bin_docking distance_m=0.639 heading_error_rad=-0.119
[can] backend=detectnet_native no detections
[tag] no detections
[map] motion direction=forward speed=0.2 effective_seconds=0.06212735176086426 pose={'x_m': -0.46115999514016487, 'y_m': 0.37958042206996734, 'heading_rad': 2.3288673014497707}
[map] navigate label=bin_docking distance_m=0.637 heading_error_rad=-0.119
[can] backend=detectnet_native no detections
[tag] no detections
[map] motion direction=forward speed=0.2 effective_seconds=0.06580567359924316 pose={'x_m': -0.45960696036520604, 'y_m': 0.3781100296338307, 'heading_rad': 2.3288673014497707}
[map] navigate label=bin_docking distance_m=0.635 heading_error_rad=-0.120
[can] backend=detectnet_native no detections
[tag] no detections
[map] motion direction=forward speed=0.2 effective_seconds=0.06695771217346191 pose={'x_m': -0.458026737114391, 'y_m': 0.3766138955144468, 'heading_rad': 2.3288673014497707}
[map] navigate label=bin_docking distance_m=0.632 heading_error_rad=-0.120
[map] motion direction=forward speed=0.2 effective_seconds=0.017524242401123047 pose={'x_m': -0.4576131594338479, 'y_m': 0.37622232572925535, 'heading_rad': 2.3288673014497707}
[base] continuous stop label=map_forward_bin_docking elapsed=0.018s
[base] stop
[base] continuous start label=map_turn_bin_docking direction=left requested_speed=0.15 effective_speed=0.15
[can] backend=detectnet_native no detections
[tag] no detections
[map] motion direction=left speed=0.15 effective_seconds=0.06623411178588867 pose={'x_m': -0.4576131594338479, 'y_m': 0.37622232572925535, 'heading_rad': 2.3171773801574336}
[map] navigate label=bin_docking distance_m=0.632 heading_error_rad=-0.109
[map] motion direction=left speed=0.15 effective_seconds=0.018372774124145508 pose={'x_m': -0.4576131594338479, 'y_m': 0.37622232572925535, 'heading_rad': 2.313934696325159}
[base] continuous stop label=map_turn_bin_docking elapsed=0.018s
[base] stop
[base] continuous start label=map_forward_bin_docking direction=forward requested_speed=0.2 effective_speed=0.2
[can] backend=detectnet_native no detections
[tag] no detections
[map] motion direction=forward speed=0.2 effective_seconds=0.06371378898620605 pose={'x_m': -0.4560884034228592, 'y_m': 0.3748212868638236, 'heading_rad': 2.313934696325159}
[map] navigate label=bin_docking distance_m=0.630 heading_error_rad=-0.106
[can] backend=detectnet_native no detections
[tag] no detections
[map] motion direction=forward speed=0.2 effective_seconds=0.0626225471496582 pose={'x_m': -0.45458976228552966, 'y_m': 0.3734442439378724, 'heading_rad': 2.313934696325159}
[map] navigate label=bin_docking distance_m=0.628 heading_error_rad=-0.106
[can] backend=detectnet_native no detections
[tag] no detections
[map] motion direction=forward speed=0.2 effective_seconds=0.06624817848205566 pose={'x_m': -0.45300435495118585, 'y_m': 0.3719874749355217, 'heading_rad': 2.313934696325159}
[map] navigate label=bin_docking distance_m=0.626 heading_error_rad=-0.106
[can] backend=detectnet_native no detections
[tag] no detections
[map] motion direction=forward speed=0.2 effective_seconds=0.0645751953125 pose={'x_m': -0.4514589843370662, 'y_m': 0.3705674941148041, 'heading_rad': 2.313934696325159}
[map] navigate label=bin_docking distance_m=0.624 heading_error_rad=-0.107
[can] backend=detectnet_native no detections
[tag] no detections
[map] motion direction=forward speed=0.2 effective_seconds=0.0652313232421875 pose={'x_m': -0.44989791170583715, 'y_m': 0.36913308532260947, 'heading_rad': 2.313934696325159}
[map] navigate label=bin_docking distance_m=0.621 heading_error_rad=-0.107
[can] backend=detectnet_native no detections
[tag] no detections
[map] motion direction=forward speed=0.2 effective_seconds=0.064666748046875 pose={'x_m': -0.448350350112586, 'y_m': 0.36771109129656954, 'heading_rad': 2.313934696325159}
[map] navigate label=bin_docking distance_m=0.619 heading_error_rad=-0.107
[can] backend=detectnet_native no detections
[tag] no detections
[map] motion direction=forward speed=0.2 effective_seconds=0.06598830223083496 pose={'x_m': -0.4467711619637979, 'y_m': 0.36626003686140995, 'heading_rad': 2.313934696325159}
[map] navigate label=bin_docking distance_m=0.617 heading_error_rad=-0.108
[can] backend=detectnet_native no detections
[tag] no detections
[map] motion direction=forward speed=0.2 effective_seconds=0.0675203800201416 pose={'x_m': -0.4451553091486053, 'y_m': 0.3647752926934337, 'heading_rad': 2.313934696325159}
[map] navigate label=bin_docking distance_m=0.615 heading_error_rad=-0.108
[can] backend=detectnet_native no detections
[tag] no detections
[map] motion direction=forward speed=0.2 effective_seconds=0.06342196464538574 pose={'x_m': -0.44363753688359847, 'y_m': 0.363380670919967, 'heading_rad': 2.313934696325159}
[map] navigate label=bin_docking distance_m=0.613 heading_error_rad=-0.109
[can] backend=detectnet_native no detections
[tag] no detections
[map] motion direction=forward speed=0.2 effective_seconds=0.06372880935668945 pose={'x_m': -0.44211242141509605, 'y_m': 0.36197930176303705, 'heading_rad': 2.313934696325159}
[map] navigate label=bin_docking distance_m=0.611 heading_error_rad=-0.109
[can] backend=detectnet_native no detections
[tag] no detections
[map] motion direction=forward speed=0.2 effective_seconds=0.06627082824707031 pose={'x_m': -0.4405264720416442, 'y_m': 0.36052203470207794, 'heading_rad': 2.313934696325159}
[map] navigate label=bin_docking distance_m=0.609 heading_error_rad=-0.109
[can] backend=detectnet_native no detections
[tag] no detections
[map] motion direction=forward speed=0.2 effective_seconds=0.06269216537475586 pose={'x_m': -0.4390261648472667, 'y_m': 0.35914346090124616, 'heading_rad': 2.313934696325159}
[map] navigate label=bin_docking distance_m=0.607 heading_error_rad=-0.110
[can] backend=detectnet_native no detections
[tag] no detections
[map] motion direction=forward speed=0.2 effective_seconds=0.06259274482727051 pose={'x_m': -0.4375282369192899, 'y_m': 0.3577670733155692, 'heading_rad': 2.313934696325159}
[map] navigate label=bin_docking distance_m=0.605 heading_error_rad=-0.110
[can] backend=detectnet_native no detections
[tag] no detections
[map] motion direction=forward speed=0.2 effective_seconds=0.0637977123260498 pose={'x_m': -0.436001472510764, 'y_m': 0.35636418901192524, 'heading_rad': 2.313934696325159}
[map] navigate label=bin_docking distance_m=0.603 heading_error_rad=-0.110
[can] backend=detectnet_native no detections
[tag] no detections
[map] motion direction=forward speed=0.2 effective_seconds=0.06228351593017578 pose={'x_m': -0.434510944843031, 'y_m': 0.35499460123693344, 'heading_rad': 2.313934696325159}
[map] navigate label=bin_docking distance_m=0.601 heading_error_rad=-0.111
[can] backend=detectnet_native no detections
[tag] no detections
[map] motion direction=forward speed=0.2 effective_seconds=0.06521081924438477 pose={'x_m': -0.4329503628998366, 'y_m': 0.35356064331884746, 'heading_rad': 2.313934696325159}
[map] navigate label=bin_docking distance_m=0.599 heading_error_rad=-0.111
[can] backend=detectnet_native no detections
[tag] no detections
[map] motion direction=forward speed=0.2 effective_seconds=0.06405830383300781 pose={'x_m': -0.43141736218873056, 'y_m': 0.3521520287198458, 'heading_rad': 2.313934696325159}
[map] navigate label=bin_docking distance_m=0.596 heading_error_rad=-0.112
[can] backend=detectnet_native no detections
[tag] no detections
[map] motion direction=forward speed=0.2 effective_seconds=0.06505632400512695 pose={'x_m': -0.42986047752282064, 'y_m': 0.35072146808574134, 'heading_rad': 2.313934696325159}
[map] navigate label=bin_docking distance_m=0.594 heading_error_rad=-0.112
[can] backend=detectnet_native no detections
[tag] no detections
[map] motion direction=forward speed=0.2 effective_seconds=0.06875491142272949 pose={'x_m': -0.42821508072340103, 'y_m': 0.34920957710224615, 'heading_rad': 2.313934696325159}
[map] navigate label=bin_docking distance_m=0.592 heading_error_rad=-0.112
[can] backend=detectnet_native no detections
[tag] no detections
[map] motion direction=forward speed=0.2 effective_seconds=0.06600475311279297 pose={'x_m': -0.42663549888305025, 'y_m': 0.3477581609192552, 'heading_rad': 2.313934696325159}
[map] navigate label=bin_docking distance_m=0.590 heading_error_rad=-0.113
[can] backend=detectnet_native no detections
[tag] no detections
[map] motion direction=forward speed=0.2 effective_seconds=0.06734704971313477 pose={'x_m': -0.42502379409345303, 'y_m': 0.34627722821031376, 'heading_rad': 2.313934696325159}
[map] navigate label=bin_docking distance_m=0.588 heading_error_rad=-0.113
[can] backend=detectnet_native no detections
[tag] no detections
[map] motion direction=forward speed=0.2 effective_seconds=0.06396865844726562 pose={'x_m': -0.4234929387160799, 'y_m': 0.34487058487485694, 'heading_rad': 2.313934696325159}
[map] navigate label=bin_docking distance_m=0.586 heading_error_rad=-0.114
[can] backend=detectnet_native no detections
[tag] no detections
[map] motion direction=forward speed=0.2 effective_seconds=0.06615018844604492 pose={'x_m': -0.42190987641408784, 'y_m': 0.34341597063132784, 'heading_rad': 2.313934696325159}
[map] navigate label=bin_docking distance_m=0.584 heading_error_rad=-0.114
[can] backend=detectnet_native no detections
[tag] no detections
[map] motion direction=forward speed=0.2 effective_seconds=0.06356525421142578 pose={'x_m': -0.4203886750385131, 'y_m': 0.34201819798182276, 'heading_rad': 2.313934696325159}
[map] navigate label=bin_docking distance_m=0.582 heading_error_rad=-0.114
[can] backend=detectnet_native no detections
[tag] no detections
[map] motion direction=forward speed=0.2 effective_seconds=0.06479668617248535 pose={'x_m': -0.4188380038524841, 'y_m': 0.34059334667218727, 'heading_rad': 2.313934696325159}
[map] navigate label=bin_docking distance_m=0.579 heading_error_rad=-0.115
[can] backend=detectnet_native no detections
[tag] no detections
[map] motion direction=forward speed=0.2 effective_seconds=0.064483642578125 pose={'x_m': -0.41729482421749603, 'y_m': 0.33917537905679207, 'heading_rad': 2.313934696325159}
[map] navigate label=bin_docking distance_m=0.577 heading_error_rad=-0.115
[can] backend=detectnet_native no detections
[tag] no detections
[map] motion direction=forward speed=0.2 effective_seconds=0.06662511825561523 pose={'x_m': -0.41570039621125904, 'y_m': 0.3377103213106531, 'heading_rad': 2.313934696325159}
[map] navigate label=bin_docking distance_m=0.575 heading_error_rad=-0.116
[can] backend=detectnet_native no detections
[tag] no detections
[map] motion direction=forward speed=0.2 effective_seconds=0.06374359130859375 pose={'x_m': -0.4141749269909177, 'y_m': 0.33630862710494713, 'heading_rad': 2.313934696325159}
[map] navigate label=bin_docking distance_m=0.573 heading_error_rad=-0.116
[can] backend=detectnet_native no detections
[tag] no detections
[map] motion direction=forward speed=0.2 effective_seconds=0.06585144996643066 pose={'x_m': -0.4125990138994773, 'y_m': 0.3348605819923267, 'heading_rad': 2.313934696325159}
[map] navigate label=bin_docking distance_m=0.571 heading_error_rad=-0.117
[can] backend=detectnet_native no detections
[tag] no detections
[map] motion direction=forward speed=0.2 effective_seconds=0.06513524055480957 pose={'x_m': -0.4110402406552014, 'y_m': 0.33342828601717617, 'heading_rad': 2.313934696325159}
[map] navigate label=bin_docking distance_m=0.569 heading_error_rad=-0.117
[can] backend=detectnet_native no detections
[tag] no detections
[map] motion direction=forward speed=0.2 effective_seconds=0.06308364868164062 pose={'x_m': -0.4095305647427666, 'y_m': 0.33204110366650236, 'heading_rad': 2.313934696325159}
[map] navigate label=bin_docking distance_m=0.567 heading_error_rad=-0.117
[can] backend=detectnet_native no detections
[tag] no detections
[map] motion direction=forward speed=0.2 effective_seconds=0.06144285202026367 pose={'x_m': -0.40806015528445505, 'y_m': 0.33069000172996554, 'heading_rad': 2.313934696325159}
[map] navigate label=bin_docking distance_m=0.565 heading_error_rad=-0.118
[can] backend=detectnet_native no detections
[tag] no detections
[map] motion direction=forward speed=0.2 effective_seconds=0.06177949905395508 pose={'x_m': -0.4065816894132952, 'y_m': 0.3293314970696912, 'heading_rad': 2.313934696325159}
[map] navigate label=bin_docking distance_m=0.563 heading_error_rad=-0.118
[can] backend=detectnet_native no detections
[tag] no detections
[map] motion direction=forward speed=0.2 effective_seconds=0.06396961212158203 pose={'x_m': -0.4050508112132228, 'y_m': 0.32792483276334566, 'heading_rad': 2.313934696325159}
[map] navigate label=bin_docking distance_m=0.561 heading_error_rad=-0.119
[can] backend=detectnet_native no detections
[tag] no detections
[map] motion direction=forward speed=0.2 effective_seconds=0.0649251937866211 pose={'x_m': -0.40349706466846486, 'y_m': 0.32649715562644777, 'heading_rad': 2.313934696325159}
[map] navigate label=bin_docking distance_m=0.559 heading_error_rad=-0.119
[can] backend=detectnet_native no detections
[tag] no detections
[map] motion direction=forward speed=0.2 effective_seconds=0.06415486335754395 pose={'x_m': -0.40196175315905597, 'y_m': 0.32508641772495767, 'heading_rad': 2.313934696325159}
[map] navigate label=bin_docking distance_m=0.557 heading_error_rad=-0.120
[can] backend=detectnet_native no detections
[tag] no detections
[map] motion direction=forward speed=0.2 effective_seconds=0.06487846374511719 pose={'x_m': -0.4004091249265631, 'y_m': 0.32365976816160974, 'heading_rad': 2.313934696325159}
[map] navigate label=bin_docking distance_m=0.555 heading_error_rad=-0.120
[map] motion direction=forward speed=0.2 effective_seconds=0.016312122344970703 pose={'x_m': -0.40001875406660903, 'y_m': 0.3233010715945616, 'heading_rad': 2.313934696325159}
[base] continuous stop label=map_forward_bin_docking elapsed=0.016s
[base] stop
[base] continuous start label=map_turn_bin_docking direction=left requested_speed=0.15 effective_speed=0.15
[can] backend=detectnet_native no detections
[tag] no detections
[map] motion direction=left speed=0.15 effective_seconds=0.06508588790893555 pose={'x_m': -0.40001875406660903, 'y_m': 0.3233010715945616, 'heading_rad': 2.3024474296225135}
[map] navigate label=bin_docking distance_m=0.554 heading_error_rad=-0.109
[map] motion direction=left speed=0.15 effective_seconds=0.01648545265197754 pose={'x_m': -0.40001875406660903, 'y_m': 0.3233010715945616, 'heading_rad': 2.299537846648212}
[base] continuous stop label=map_turn_bin_docking elapsed=0.016s
[base] stop
[base] continuous start label=map_forward_bin_docking direction=forward requested_speed=0.2 effective_speed=0.2
[can] backend=detectnet_native no detections
[tag] no detections
[map] motion direction=forward speed=0.2 effective_seconds=0.06252408027648926 pose={'x_m': -0.3985028312136922, 'y_m': 0.32194787743702674, 'heading_rad': 2.299537846648212}
[map] navigate label=bin_docking distance_m=0.552 heading_error_rad=-0.106
[can] backend=detectnet_native no detections
[tag] backend=pupil_apriltags id=0 center=(179.8,122.2) error_x=0.062 yaw_deg=-31.44 height=9.9px height_norm=0.041 margin=36.96 distance=None
[map] motion direction=forward speed=0.2 effective_seconds=0.2741968631744385 pose={'x_m': -0.3918548119346218, 'y_m': 0.3160134983686543, 'heading_rad': 2.299537846648212}
[base] continuous stop label=map_forward_bin_docking elapsed=0.274s
[base] stop
[fsm] MAP_NAVIGATING --TARGET_FOUND--> ALIGNING
[can] backend=detectnet_native no detections
[tag] no detections
[base] stop
[can] backend=detectnet_native no detections
[tag] no detections
[base] stop
[can] backend=detectnet_native no detections
[tag] no detections
[base] stop
[can] backend=detectnet_native no detections
[tag] no detections
[base] stop
[can] backend=detectnet_native no detections
[tag] no detections
[base] stop
[can] backend=detectnet_native no detections
[tag] no detections
[base] stop
[can] backend=detectnet_native no detections
[tag] no detections
[base] stop
[can] backend=detectnet_native no detections
[tag] no detections
[base] stop
[base] stop
[fsm] ALIGNING --TARGET_MISSING--> SEARCHING reason=alignment target lost
[can] backend=detectnet_native no detections
[tag] no detections
[base] continuous start label=search_bin_routine_2_step_0 direction=forward requested_speed=0.6 effective_speed=0.6
[can] backend=detectnet_native no detections
[tag] no detections
[map] motion direction=forward speed=0.6 effective_seconds=0.05990338325500488 pose={'x_m': -0.38721835869743976, 'y_m': 0.3118747511888975, 'heading_rad': 2.299537846648212}
[can] backend=detectnet_native no detections
[tag] no detections
[map] motion direction=forward speed=0.6 effective_seconds=0.06147336959838867 pose={'x_m': -0.3824603903158939, 'y_m': 0.307627533064799, 'heading_rad': 2.299537846648212}
[can] backend=detectnet_native no detections
[tag] no detections
[map] motion direction=forward speed=0.6 effective_seconds=0.06443595886230469 pose={'x_m': -0.3774731209193344, 'y_m': 0.3031756285391226, 'heading_rad': 2.299537846648212}
[can] backend=detectnet_native no detections
[tag] no detections
[map] motion direction=forward speed=0.6 effective_seconds=0.06171107292175293 pose={'x_m': -0.37269675457287876, 'y_m': 0.29891198740340547, 'heading_rad': 2.299537846648212}
[can] backend=detectnet_native no detections
[tag] no detections
[map] motion direction=forward speed=0.6 effective_seconds=0.06415390968322754 pose={'x_m': -0.3677313154596575, 'y_m': 0.29447956976112405, 'heading_rad': 2.299537846648212}
[can] backend=detectnet_native no detections
[tag] no detections
[map] motion direction=forward speed=0.6 effective_seconds=0.06435108184814453 pose={'x_m': -0.3627506154467568, 'y_m': 0.29003352942013794, 'heading_rad': 2.299537846648212}
[can] backend=detectnet_native no detections
[tag] backend=pupil_apriltags id=0 center=(183.9,123.9) error_x=0.075 yaw_deg=-34.09 height=10.9px height_norm=0.045 margin=32.56 distance=None
[map] motion direction=forward speed=0.6 effective_seconds=0.08401083946228027 pose={'x_m': -0.35624827271721277, 'y_m': 0.28422918906404526, 'heading_rad': 2.299537846648212}
[base] continuous stop label=search_bin_routine_2_step_0 elapsed=0.084s
[base] stop
[fsm] SEARCHING --TARGET_FOUND--> ALIGNING
[can] backend=detectnet_native no detections
[tag] no detections
[base] stop
[can] backend=detectnet_native no detections
[tag] no detections
[base] stop
[can] backend=detectnet_native no detections
[tag] no detections
[base] stop
[can] backend=detectnet_native no detections
[tag] no detections
[base] stop
[can] backend=detectnet_native no detections
[tag] no detections
[base] stop
[can] backend=detectnet_native no detections
[tag] no detections
[base] stop
[can] backend=detectnet_native no detections
[tag] no detections
[base] stop
[can] backend=detectnet_native no detections
[tag] no detections
[base] stop
[base] stop
[fsm] ALIGNING --TARGET_MISSING--> SEARCHING reason=alignment target lost
[can] backend=detectnet_native no detections
[tag] no detections
[base] continuous start label=search_bin_routine_2_step_0 direction=forward requested_speed=0.6 effective_speed=0.6
[can] backend=detectnet_native no detections
[tag] no detections
[map] motion direction=forward speed=0.6 effective_seconds=0.06154012680053711 pose={'x_m': -0.3514851374046993, 'y_m': 0.27997735865985324, 'heading_rad': 2.299537846648212}
[can] backend=detectnet_native no detections
[tag] no detections
[map] motion direction=forward speed=0.6 effective_seconds=0.06207132339477539 pose={'x_m': -0.34668088808434333, 'y_m': 0.2756888276840601, 'heading_rad': 2.299537846648212}
[can] backend=detectnet_native no detections
[tag] backend=pupil_apriltags id=0 center=(186.8,124.9) error_x=0.084 yaw_deg=-34.14 height=10.9px height_norm=0.046 margin=37.28 distance=None
[map] motion direction=forward speed=0.6 effective_seconds=0.08188414573669434 pose={'x_m': -0.3403431490127682, 'y_m': 0.2700314213938032, 'heading_rad': 2.299537846648212}
[base] continuous stop label=search_bin_routine_2_step_0 elapsed=0.082s
[base] stop
[fsm] SEARCHING --TARGET_FOUND--> ALIGNING
[can] backend=detectnet_native no detections
[tag] no detections
[base] stop
[can] backend=detectnet_native no detections
[tag] no detections
[base] stop
[can] backend=detectnet_native no detections
[tag] no detections
[base] stop
[can] backend=detectnet_native no detections
[tag] no detections
[base] stop
[can] backend=detectnet_native no detections
[tag] no detections
[base] stop
[can] backend=detectnet_native no detections
[tag] no detections
[base] stop
[can] backend=detectnet_native no detections
[tag] no detections
[base] stop
[can] backend=detectnet_native no detections
[tag] no detections
[base] stop
[base] stop
[fsm] ALIGNING --TARGET_MISSING--> SEARCHING reason=alignment target lost
[can] backend=detectnet_native no detections
[tag] no detections
[base] continuous start label=search_bin_routine_2_step_0 direction=forward requested_speed=0.6 effective_speed=0.6
[can] backend=detectnet_native no detections
[tag] no detections
[map] motion direction=forward speed=0.6 effective_seconds=0.062346696853637695 pose={'x_m': -0.33551758610217075, 'y_m': 0.2657238647626244, 'heading_rad': 2.299537846648212}
[can] backend=detectnet_native no detections
[tag] no detections
[map] motion direction=forward speed=0.6 effective_seconds=0.0603640079498291 pose={'x_m': -0.330845481041312, 'y_m': 0.2615532928502225, 'heading_rad': 2.299537846648212}
[can] backend=detectnet_native no detections
[tag] no detections
[map] motion direction=forward speed=0.6 effective_seconds=0.06491661071777344 pose={'x_m': -0.3258210097417855, 'y_m': 0.2570681799078729, 'heading_rad': 2.299537846648212}
[can] backend=detectnet_native no detections
[tag] no detections
[map] motion direction=forward speed=0.6 effective_seconds=0.0623316764831543 pose={'x_m': -0.3209966093906558, 'y_m': 0.25276166103971515, 'heading_rad': 2.299537846648212}
[can] backend=detectnet_native no detections
[tag] backend=pupil_apriltags id=0 center=(191.1,125.7) error_x=0.097 yaw_deg=-38.12 height=11.6px height_norm=0.048 margin=37.48 distance=None
[map] motion direction=forward speed=0.6 effective_seconds=0.08255767822265625 pose={'x_m': -0.3146067396762822, 'y_m': 0.24705772013780064, 'heading_rad': 2.299537846648212}
[base] continuous stop label=search_bin_routine_2_step_0 elapsed=0.083s
[base] stop
[fsm] SEARCHING --TARGET_FOUND--> ALIGNING
[can] backend=detectnet_native no detections
[tag] no detections
[base] stop
[can] backend=detectnet_native no detections
[tag] no detections
[base] stop
[can] backend=detectnet_native no detections
[tag] no detections
[base] stop
[can] backend=detectnet_native no detections
[tag] no detections
[base] stop
[can] backend=detectnet_native no detections
[tag] no detections
[base] stop
[can] backend=detectnet_native no detections
[tag] no detections
[base] stop
[can] backend=detectnet_native no detections
[tag] no detections
[base] stop
[can] backend=detectnet_native no detections
[tag] no detections
[base] stop
[base] stop
[fsm] ALIGNING --TARGET_MISSING--> SEARCHING reason=alignment target lost
[can] backend=detectnet_native no detections
[tag] no detections
[base] continuous start label=search_bin_routine_2_step_0 direction=forward requested_speed=0.6 effective_speed=0.6
[can] backend=detectnet_native no detections
[tag] no detections
[map] motion direction=forward speed=0.6 effective_seconds=0.061235904693603516 pose={'x_m': -0.3098671508063212, 'y_m': 0.24282690855289188, 'heading_rad': 2.299537846648212}
[can] backend=detectnet_native no detections
[tag] no detections
[map] motion direction=forward speed=0.6 effective_seconds=0.06174445152282715 pose={'x_m': -0.3050882009943818, 'y_m': 0.238560961277128, 'heading_rad': 2.299537846648212}
[can] backend=detectnet_native no detections
[tag] no detections
[map] motion direction=forward speed=0.6 effective_seconds=0.06155586242675781 pose={'x_m': -0.3003238477624259, 'y_m': 0.23430804369262825, 'heading_rad': 2.299537846648212}
[can] backend=detectnet_native no detections
[tag] no detections
[map] motion direction=forward speed=0.6 effective_seconds=0.06319189071655273 pose={'x_m': -0.2954328678151132, 'y_m': 0.22994209230097998, 'heading_rad': 2.299537846648212}
[can] backend=detectnet_native no detections
[tag] backend=pupil_apriltags id=0 center=(195.4,126.1) error_x=0.111 yaw_deg=-39.61 height=12.6px height_norm=0.052 margin=40.29 distance=None
[map] motion direction=forward speed=0.6 effective_seconds=0.08293938636779785 pose={'x_m': -0.2890134543275997, 'y_m': 0.224211779040388, 'heading_rad': 2.299537846648212}
[base] continuous stop label=search_bin_routine_2_step_0 elapsed=0.083s
[base] stop
[fsm] SEARCHING --TARGET_FOUND--> ALIGNING
[can] backend=detectnet_native no detections
[tag] backend=pupil_apriltags id=0 center=(195.4,127.0) error_x=0.111 yaw_deg=-34.1 height=12.6px height_norm=0.052 margin=36.91 distance=None
[base] continuous start label=align_bin direction=right requested_speed=0.15 effective_speed=0.15
[visual-turn] label=align_bin direction=right speed=0.15
[can] backend=detectnet_native no detections
[tag] no detections
[map] motion direction=right speed=0.15 effective_seconds=0.08214950561523438 pose={'x_m': -0.2890134543275997, 'y_m': 0.224211779040388, 'heading_rad': 2.313875640166927}
[base] continuous stop label=align_bin elapsed=0.082s
[base] stop
[can] backend=detectnet_native no detections
[tag] no detections
[base] stop
[can] backend=detectnet_native no detections
[tag] no detections
[base] stop
[can] backend=detectnet_native no detections
[tag] no detections
[base] stop
[can] backend=detectnet_native no detections
[tag] no detections
[base] stop
[can] backend=detectnet_native no detections
[tag] no detections
[base] stop
[can] backend=detectnet_native no detections
[tag] no detections
[base] stop
[can] backend=detectnet_native no detections
[tag] no detections
[base] stop
[base] stop
[fsm] ALIGNING --TARGET_MISSING--> SEARCHING reason=alignment target lost
[can] backend=detectnet_native no detections
[tag] no detections
[base] continuous start label=search_bin_routine_2_step_0 direction=forward requested_speed=0.6 effective_speed=0.6
[can] backend=detectnet_native no detections
[tag] no detections
[map] motion direction=forward speed=0.6 effective_seconds=0.06432032585144043 pose={'x_m': -0.2840993602455684, 'y_m': 0.21969694473589868, 'heading_rad': 2.313875640166927}
[can] backend=detectnet_native no detections
[tag] no detections
[map] motion direction=forward speed=0.6 effective_seconds=0.06235957145690918 pose={'x_m': -0.27933506844514777, 'y_m': 0.21531974159365744, 'heading_rad': 2.313875640166927}
[can] backend=detectnet_native no detections
[tag] no detections
[map] motion direction=forward speed=0.6 effective_seconds=0.06399154663085938 pose={'x_m': -0.2744460932038681, 'y_m': 0.2108279852770986, 'heading_rad': 2.313875640166927}
[can] backend=detectnet_native no detections
[tag] backend=pupil_apriltags id=0 center=(196.8,127.2) error_x=0.115 yaw_deg=-35.73 height=13.0px height_norm=0.054 margin=36.57 distance=None
[map] motion direction=forward speed=0.6 effective_seconds=0.08085036277770996 pose={'x_m': -0.26826909885571015, 'y_m': 0.20515285868892946, 'heading_rad': 2.313875640166927}
[base] continuous stop label=search_bin_routine_2_step_0 elapsed=0.081s
[base] stop
[fsm] SEARCHING --TARGET_FOUND--> ALIGNING
[can] backend=detectnet_native no detections
[tag] no detections
[base] stop
[can] backend=detectnet_native no detections
[tag] no detections
[base] stop
[can] backend=detectnet_native no detections
[tag] backend=pupil_apriltags id=0 center=(199.5,128.7) error_x=0.123 yaw_deg=-37.03 height=13.6px height_norm=0.057 margin=43.45 distance=None
[base] continuous start label=align_bin direction=right requested_speed=0.15 effective_speed=0.15
[visual-turn] label=align_bin direction=right speed=0.15
[can] backend=detectnet_native no detections
[tag] backend=pupil_apriltags id=0 center=(199.5,128.6) error_x=0.123 yaw_deg=-36.37 height=13.4px height_norm=0.056 margin=42.46 distance=None
[can] backend=detectnet_native no detections
[tag] backend=pupil_apriltags id=0 center=(199.5,128.6) error_x=0.123 yaw_deg=-36.65 height=13.5px height_norm=0.056 margin=41.66 distance=None
[can] backend=detectnet_native no detections
[tag] backend=pupil_apriltags id=0 center=(199.5,128.5) error_x=0.123 yaw_deg=-36.2 height=13.3px height_norm=0.055 margin=45.17 distance=None
[can] backend=detectnet_native no detections
[tag] no detections
[map] motion direction=right speed=0.15 effective_seconds=0.26949000358581543 pose={'x_m': -0.26826909885571015, 'y_m': 0.20515285868892946, 'heading_rad': 2.3609105188047685}
[base] continuous stop label=align_bin elapsed=0.269s
[base] stop
[can] backend=detectnet_native no detections
[tag] no detections
[base] stop
[can] backend=detectnet_native no detections
[tag] no detections
[base] stop
[can] backend=detectnet_native no detections
[tag] no detections
[base] stop
[can] backend=detectnet_native no detections
[tag] no detections
[base] stop
[can] backend=detectnet_native no detections
[tag] no detections
[base] stop
[can] backend=detectnet_native no detections
[tag] no detections
[base] stop
[can] backend=detectnet_native no detections
[tag] no detections
[base] stop
[base] stop
[fsm] ALIGNING --TARGET_MISSING--> SEARCHING reason=alignment target lost
[can] backend=detectnet_native no detections
[tag] no detections
[base] continuous start label=search_bin_routine_2_step_0 direction=forward requested_speed=0.6 effective_speed=0.6
[can] backend=detectnet_native no detections
[tag] no detections
[map] motion direction=forward speed=0.6 effective_seconds=0.06458735466003418 pose={'x_m': -0.26355321859008785, 'y_m': 0.2003922868728178, 'heading_rad': 2.3609105188047685}
[can] backend=detectnet_native no detections
[tag] backend=pupil_apriltags id=0 center=(195.9,128.6) error_x=0.112 yaw_deg=-36.86 height=13.5px height_norm=0.056 margin=32.36 distance=None
[map] motion direction=forward speed=0.6 effective_seconds=0.08085060119628906 pose={'x_m': -0.2576498686750431, 'y_m': 0.19443299197063926, 'heading_rad': 2.3609105188047685}
[base] continuous stop label=search_bin_routine_2_step_0 elapsed=0.081s
[base] stop
[fsm] SEARCHING --TARGET_FOUND--> ALIGNING
[can] backend=detectnet_native no detections
[tag] backend=pupil_apriltags id=0 center=(194.6,128.6) error_x=0.108 yaw_deg=-35.92 height=13.4px height_norm=0.056 margin=34.80 distance=None
[base] continuous start label=align_bin direction=right requested_speed=0.15 effective_speed=0.15
[visual-turn] label=align_bin direction=right speed=0.15
[can] backend=detectnet_native no detections
[tag] backend=pupil_apriltags id=0 center=(194.7,129.1) error_x=0.108 yaw_deg=-37.38 height=14.4px height_norm=0.060 margin=34.67 distance=None
[can] backend=detectnet_native no detections
[tag] no detections
[map] motion direction=right speed=0.15 effective_seconds=0.14519500732421875 pose={'x_m': -0.2576498686750431, 'y_m': 0.19443299197063926, 'heading_rad': 2.3862518281574197}
[base] continuous stop label=align_bin elapsed=0.145s
[base] stop
[can] backend=detectnet_native no detections
[tag] no detections
[base] stop
[can] backend=detectnet_native no detections
[tag] no detections
[base] stop
[can] backend=detectnet_native no detections
[tag] no detections
[base] stop
[can] backend=detectnet_native no detections
[tag] no detections
[base] stop
[can] backend=detectnet_native no detections
[tag] no detections
[base] stop
[can] backend=detectnet_native no detections
[tag] no detections
[base] stop
[can] backend=detectnet_native no detections
[tag] no detections
[base] stop
[base] stop
[fsm] ALIGNING --TARGET_MISSING--> SEARCHING reason=alignment target lost
[can] backend=detectnet_native no detections
[tag] no detections
[base] continuous start label=search_bin_routine_2_step_0 direction=forward requested_speed=0.6 effective_speed=0.6
[can] backend=detectnet_native no detections
[tag] no detections
[map] motion direction=forward speed=0.6 effective_seconds=0.06658506393432617 pose={'x_m': -0.25291404279828117, 'y_m': 0.1894035600147174, 'heading_rad': 2.3862518281574197}
[can] backend=detectnet_native no detections
[tag] backend=pupil_apriltags id=0 center=(193.4,129.0) error_x=0.104 yaw_deg=-41.32 height=14.3px height_norm=0.059 margin=41.08 distance=None
[map] motion direction=forward speed=0.6 effective_seconds=0.08151125907897949 pose={'x_m': -0.24711659954021933, 'y_m': 0.18324669379043035, 'heading_rad': 2.3862518281574197}
[base] continuous stop label=search_bin_routine_2_step_0 elapsed=0.082s
[base] stop
[fsm] SEARCHING --TARGET_FOUND--> ALIGNING
[can] backend=detectnet_native no detections
[tag] no detections
[base] stop
[can] backend=detectnet_native no detections
[tag] backend=pupil_apriltags id=0 center=(192.7,129.9) error_x=0.102 yaw_deg=-36.33 height=14.3px height_norm=0.059 margin=39.22 distance=None
[base] continuous start label=align_bin direction=right requested_speed=0.15 effective_speed=0.15
[visual-turn] label=align_bin direction=right speed=0.15
[can] backend=detectnet_native no detections
[tag] backend=pupil_apriltags id=0 center=(192.6,130.0) error_x=0.102 yaw_deg=-36.04 height=14.4px height_norm=0.060 margin=40.80 distance=None
[can] backend=detectnet_native no detections
[tag] backend=pupil_apriltags id=0 center=(192.7,130.1) error_x=0.102 yaw_deg=-35.17 height=14.4px height_norm=0.060 margin=41.54 distance=None
[can] backend=detectnet_native no detections
[tag] backend=pupil_apriltags id=0 center=(192.6,130.0) error_x=0.102 yaw_deg=-34.96 height=14.3px height_norm=0.060 margin=39.30 distance=None
[can] backend=detectnet_native no detections
[tag] backend=pupil_apriltags id=0 center=(192.5,129.2) error_x=0.101 yaw_deg=-36.98 height=14.1px height_norm=0.059 margin=38.31 distance=None
[can] backend=detectnet_native no detections
[tag] no detections
[map] motion direction=right speed=0.15 effective_seconds=0.3381164073944092 pose={'x_m': -0.24711659954021933, 'y_m': 0.18324669379043035, 'heading_rad': 2.4452642737978927}
[base] continuous stop label=align_bin elapsed=0.338s
[base] stop
[can] backend=detectnet_native no detections
[tag] no detections
[base] stop
[can] backend=detectnet_native no detections
[tag] no detections
[base] stop
[can] backend=detectnet_native no detections
[tag] no detections
[base] stop
[can] backend=detectnet_native no detections
[tag] no detections
[base] stop
[can] backend=detectnet_native no detections
[tag] no detections
[base] stop
[can] backend=detectnet_native no detections
[tag] no detections
[base] stop
[can] backend=detectnet_native no detections
[tag] no detections
[base] stop
[base] stop
[fsm] ALIGNING --TARGET_MISSING--> SEARCHING reason=alignment target lost
[can] backend=detectnet_native no detections
[tag] no detections
[base] continuous start label=search_bin_routine_2_step_0 direction=forward requested_speed=0.6 effective_speed=0.6
[can] backend=detectnet_native no detections
[tag] no detections
[map] motion direction=forward speed=0.6 effective_seconds=0.06845855712890625 pose={'x_m': -0.2425609712254074, 'y_m': 0.17779758133245832, 'heading_rad': 2.4452642737978927}
[can] backend=detectnet_native no detections
[tag] backend=pupil_apriltags id=0 center=(183.6,129.4) error_x=0.074 yaw_deg=-38.39 height=14.7px height_norm=0.061 margin=31.90 distance=None
[map] motion direction=forward speed=0.6 effective_seconds=0.08260631561279297 pose={'x_m': -0.23706386923888262, 'y_m': 0.17122234629405034, 'heading_rad': 2.4452642737978927}
[base] continuous stop label=search_bin_routine_2_step_0 elapsed=0.083s
[base] stop
[fsm] SEARCHING --TARGET_FOUND--> ALIGNING
[can] backend=detectnet_native no detections
[tag] backend=pupil_apriltags id=0 center=(182.4,130.2) error_x=0.070 yaw_deg=-40.76 height=14.7px height_norm=0.061 margin=45.25 distance=None
[base] stop
[fsm] ALIGNING --TARGET_ALIGNED--> APPROACHING
[can] backend=detectnet_native no detections
[tag] backend=pupil_apriltags id=0 center=(183.4,130.2) error_x=0.073 yaw_deg=-38.1 height=15.0px height_norm=0.062 margin=36.00 distance=None
[approach] target=bin mode=bbox_height value=0.062 threshold=0.16 error_x=0.073
[base] continuous start label=approach_bin_forward direction=forward requested_speed=0.6 effective_speed=0.6
[can] backend=detectnet_native no detections
[tag] backend=pupil_apriltags id=0 center=(183.8,130.5) error_x=0.074 yaw_deg=-39.52 height=15.4px height_norm=0.064 margin=39.72 distance=None
[approach] target=bin mode=bbox_height value=0.064 threshold=0.16 error_x=0.074
[can] backend=detectnet_native no detections
[tag] no detections
[map] motion direction=forward speed=0.6 effective_seconds=0.14516329765319824 pose={'x_m': -0.22740386387512443, 'y_m': 0.15966774790844773, 'heading_rad': 2.4452642737978927}
[base] continuous stop label=approach_bin_forward elapsed=0.145s
[base] stop
[can] backend=detectnet_native no detections
[tag] backend=pupil_apriltags id=0 center=(185.5,130.6) error_x=0.080 yaw_deg=-37.87 height=15.2px height_norm=0.063 margin=46.70 distance=None
[approach] target=bin mode=bbox_height value=0.063 threshold=0.16 error_x=0.080
[base] continuous start label=approach_bin_forward direction=forward requested_speed=0.6 effective_speed=0.6
[can] backend=detectnet_native no detections
[tag] backend=pupil_apriltags id=0 center=(185.5,131.0) error_x=0.080 yaw_deg=-34.51 height=14.5px height_norm=0.061 margin=40.30 distance=None
[approach] target=bin mode=bbox_height value=0.061 threshold=0.16 error_x=0.080
[can] backend=detectnet_native no detections
[tag] backend=pupil_apriltags id=0 center=(185.5,130.9) error_x=0.080 yaw_deg=46.07 height=14.7px height_norm=0.061 margin=38.73 distance=None
[approach] target=bin mode=bbox_height value=0.061 threshold=0.16 error_x=0.080
[can] backend=detectnet_native no detections
[tag] no detections
[map] motion direction=forward speed=0.6 effective_seconds=0.21065044403076172 pose={'x_m': -0.2133859650528158, 'y_m': 0.14290055317070344, 'heading_rad': 2.4452642737978927}
[base] continuous stop label=approach_bin_forward elapsed=0.211s
[base] stop
[can] backend=detectnet_native no detections
[tag] backend=pupil_apriltags id=0 center=(188.1,132.8) error_x=0.088 yaw_deg=-37.81 height=16.0px height_norm=0.066 margin=50.33 distance=None
[approach] target=bin mode=bbox_height value=0.066 threshold=0.16 error_x=0.088
[base] continuous start label=approach_bin_forward direction=forward requested_speed=0.6 effective_speed=0.6
[can] backend=detectnet_native no detections
[tag] backend=pupil_apriltags id=0 center=(188.5,132.0) error_x=0.089 yaw_deg=-38.25 height=16.3px height_norm=0.068 margin=44.59 distance=None
[approach] target=bin mode=bbox_height value=0.068 threshold=0.16 error_x=0.089
[can] backend=detectnet_native no detections
[tag] backend=pupil_apriltags id=0 center=(188.2,132.4) error_x=0.088 yaw_deg=-37.97 height=16.2px height_norm=0.068 margin=49.44 distance=None
[approach] target=bin mode=bbox_height value=0.068 threshold=0.16 error_x=0.088
[can] backend=detectnet_native no detections
[tag] backend=pupil_apriltags id=0 center=(188.8,133.1) error_x=0.090 yaw_deg=-39.04 height=16.5px height_norm=0.069 margin=39.02 distance=None
[approach] target=bin mode=bbox_height value=0.069 threshold=0.16 error_x=0.090
[can] backend=detectnet_native no detections
[tag] backend=pupil_apriltags id=0 center=(189.1,133.2) error_x=0.091 yaw_deg=-38.35 height=16.6px height_norm=0.069 margin=39.33 distance=None
[approach] target=bin mode=bbox_height value=0.069 threshold=0.16 error_x=0.091
[can] backend=detectnet_native no detections
[tag] backend=pupil_apriltags id=0 center=(189.8,133.3) error_x=0.093 yaw_deg=-39.65 height=16.8px height_norm=0.070 margin=50.61 distance=None
[approach] target=bin mode=bbox_height value=0.070 threshold=0.16 error_x=0.093
[can] backend=detectnet_native no detections
[tag] no detections
[map] motion direction=forward speed=0.6 effective_seconds=0.40335822105407715 pose={'x_m': -0.18654417624055603, 'y_m': 0.11079435053437679, 'heading_rad': 2.4452642737978927}
[base] continuous stop label=approach_bin_forward elapsed=0.403s
[base] stop
[can] backend=detectnet_native no detections
[tag] backend=pupil_apriltags id=0 center=(193.1,134.7) error_x=0.103 yaw_deg=-39.95 height=17.8px height_norm=0.074 margin=46.74 distance=None
[approach] target=bin mode=bbox_height value=0.074 threshold=0.16 error_x=0.103
[base] continuous start label=approach_bin_steer direction=right requested_speed=0.15 effective_speed=0.15
[visual-turn] label=approach_bin_steer direction=right speed=0.15
[can] backend=detectnet_native no detections
[tag] backend=pupil_apriltags id=0 center=(193.5,134.8) error_x=0.105 yaw_deg=-38.52 height=17.9px height_norm=0.075 margin=41.53 distance=None
[approach] target=bin mode=bbox_height value=0.075 threshold=0.16 error_x=0.105
[can] backend=detectnet_native no detections
[tag] backend=pupil_apriltags id=0 center=(193.5,134.8) error_x=0.105 yaw_deg=-38.47 height=17.9px height_norm=0.074 margin=42.52 distance=None
[approach] target=bin mode=bbox_height value=0.074 threshold=0.16 error_x=0.105
[can] backend=detectnet_native no detections
[tag] backend=pupil_apriltags id=0 center=(193.4,134.8) error_x=0.104 yaw_deg=-38.66 height=17.9px height_norm=0.075 margin=43.32 distance=None
[approach] target=bin mode=bbox_height value=0.075 threshold=0.16 error_x=0.104
[can] backend=detectnet_native no detections
[tag] backend=pupil_apriltags id=0 center=(192.3,134.9) error_x=0.101 yaw_deg=-40.77 height=18.2px height_norm=0.076 margin=44.37 distance=None
[approach] target=bin mode=bbox_height value=0.076 threshold=0.16 error_x=0.101
[can] backend=detectnet_native no detections
[tag] no detections
[map] motion direction=right speed=0.15 effective_seconds=0.33878469467163086 pose={'x_m': -0.18654417624055603, 'y_m': 0.11079435053437679, 'heading_rad': 2.5043933575717325}
[base] continuous stop label=approach_bin_steer elapsed=0.339s
[base] stop
[can] backend=detectnet_native no detections
[tag] backend=pupil_apriltags id=0 center=(184.8,134.6) error_x=0.077 yaw_deg=-39.38 height=18.1px height_norm=0.076 margin=51.98 distance=None
[approach] target=bin mode=bbox_height value=0.076 threshold=0.16 error_x=0.077
[base] continuous start label=approach_bin_forward direction=forward requested_speed=0.6 effective_speed=0.6
[can] backend=detectnet_native no detections
[tag] backend=pupil_apriltags id=0 center=(184.8,134.6) error_x=0.077 yaw_deg=-39.35 height=18.1px height_norm=0.075 margin=51.78 distance=None
[approach] target=bin mode=bbox_height value=0.075 threshold=0.16 error_x=0.077
[can] backend=detectnet_native no detections
[tag] backend=pupil_apriltags id=0 center=(184.5,135.0) error_x=0.077 yaw_deg=-40.16 height=18.3px height_norm=0.076 margin=49.89 distance=None
[approach] target=bin mode=bbox_height value=0.076 threshold=0.16 error_x=0.077
[can] backend=detectnet_native no detections
[tag] backend=pupil_apriltags id=0 center=(184.6,135.1) error_x=0.077 yaw_deg=-38.36 height=18.7px height_norm=0.078 margin=40.95 distance=None
[approach] target=bin mode=bbox_height value=0.078 threshold=0.16 error_x=0.077
[can] backend=detectnet_native no detections
[tag] backend=pupil_apriltags id=0 center=(184.4,135.2) error_x=0.076 yaw_deg=-40.03 height=18.8px height_norm=0.078 margin=43.14 distance=None
[approach] target=bin mode=bbox_height value=0.078 threshold=0.16 error_x=0.076
[can] backend=detectnet_native no detections
[tag] backend=pupil_apriltags id=0 center=(184.9,135.8) error_x=0.078 yaw_deg=-40.78 height=19.5px height_norm=0.081 margin=43.21 distance=None
[approach] target=bin mode=bbox_height value=0.081 threshold=0.16 error_x=0.078
[can] backend=detectnet_native no detections
[tag] backend=pupil_apriltags id=0 center=(185.5,136.5) error_x=0.080 yaw_deg=-41.6 height=19.2px height_norm=0.080 margin=53.21 distance=None
[approach] target=bin mode=bbox_height value=0.080 threshold=0.16 error_x=0.080
[can] backend=detectnet_native no detections
[tag] backend=pupil_apriltags id=0 center=(186.0,136.7) error_x=0.081 yaw_deg=-41.34 height=20.0px height_norm=0.083 margin=52.38 distance=None
[approach] target=bin mode=bbox_height value=0.083 threshold=0.16 error_x=0.081
[can] backend=detectnet_native no detections
[tag] backend=pupil_apriltags id=0 center=(186.9,137.0) error_x=0.084 yaw_deg=-40.76 height=20.4px height_norm=0.085 margin=52.60 distance=None
[approach] target=bin mode=bbox_height value=0.085 threshold=0.16 error_x=0.084
[can] backend=detectnet_native no detections
[tag] backend=pupil_apriltags id=0 center=(187.5,137.7) error_x=0.086 yaw_deg=-41.22 height=21.3px height_norm=0.089 margin=52.62 distance=None
[approach] target=bin mode=bbox_height value=0.089 threshold=0.16 error_x=0.086
[can] backend=detectnet_native no detections
[tag] backend=pupil_apriltags id=0 center=(187.7,138.4) error_x=0.086 yaw_deg=-40.75 height=20.9px height_norm=0.087 margin=47.14 distance=None
[approach] target=bin mode=bbox_height value=0.087 threshold=0.16 error_x=0.086
[can] backend=detectnet_native no detections
[tag] backend=pupil_apriltags id=0 center=(188.6,139.6) error_x=0.089 yaw_deg=-41.54 height=21.6px height_norm=0.090 margin=51.42 distance=None
[approach] target=bin mode=bbox_height value=0.090 threshold=0.16 error_x=0.089
[can] backend=detectnet_native no detections
[tag] backend=pupil_apriltags id=0 center=(189.7,139.9) error_x=0.093 yaw_deg=-42.63 height=22.5px height_norm=0.094 margin=52.70 distance=None
[approach] target=bin mode=bbox_height value=0.094 threshold=0.16 error_x=0.093
[can] backend=detectnet_native no detections
[tag] backend=pupil_apriltags id=0 center=(190.7,140.5) error_x=0.096 yaw_deg=-42.35 height=23.0px height_norm=0.096 margin=51.39 distance=None
[approach] target=bin mode=bbox_height value=0.096 threshold=0.16 error_x=0.096
[can] backend=detectnet_native no detections
[tag] backend=pupil_apriltags id=0 center=(192.0,141.2) error_x=0.100 yaw_deg=-41.94 height=23.3px height_norm=0.097 margin=49.52 distance=None
[approach] target=bin mode=bbox_height value=0.097 threshold=0.16 error_x=0.100
[can] backend=detectnet_native no detections
[tag] backend=pupil_apriltags id=0 center=(192.5,142.1) error_x=0.101 yaw_deg=-41.74 height=24.2px height_norm=0.101 margin=50.77 distance=None
[approach] target=bin mode=bbox_height value=0.101 threshold=0.16 error_x=0.101
[map] motion direction=forward speed=0.6 effective_seconds=1.0079565048217773 pose={'x_m': -0.12432733833263492, 'y_m': 0.026740215356430258, 'heading_rad': 2.5043933575717325}
[base] continuous stop label=approach_bin_forward elapsed=1.008s
[base] stop
[base] continuous start label=approach_bin_steer direction=right requested_speed=0.15 effective_speed=0.15
[visual-turn] label=approach_bin_steer direction=right speed=0.15
[can] backend=detectnet_native no detections
[tag] backend=pupil_apriltags id=0 center=(194.5,143.5) error_x=0.108 yaw_deg=-41.88 height=24.8px height_norm=0.104 margin=51.20 distance=None
[approach] target=bin mode=bbox_height value=0.104 threshold=0.16 error_x=0.108
[can] backend=detectnet_native no detections
[tag] backend=pupil_apriltags id=0 center=(195.4,144.1) error_x=0.111 yaw_deg=-42.4 height=25.4px height_norm=0.106 margin=52.55 distance=None
[approach] target=bin mode=bbox_height value=0.106 threshold=0.16 error_x=0.111
[can] backend=detectnet_native no detections
[tag] backend=pupil_apriltags id=0 center=(195.6,145.0) error_x=0.111 yaw_deg=-43.18 height=26.4px height_norm=0.110 margin=54.03 distance=None
[approach] target=bin mode=bbox_height value=0.110 threshold=0.16 error_x=0.111
[can] backend=detectnet_native no detections
[tag] backend=pupil_apriltags id=0 center=(193.6,144.9) error_x=0.105 yaw_deg=-43.68 height=26.4px height_norm=0.110 margin=47.54 distance=None
[approach] target=bin mode=bbox_height value=0.110 threshold=0.16 error_x=0.105
[can] backend=detectnet_native no detections
[tag] backend=pupil_apriltags id=0 center=(191.8,144.7) error_x=0.099 yaw_deg=-43.55 height=26.2px height_norm=0.109 margin=51.86 distance=None
[approach] target=bin mode=bbox_height value=0.109 threshold=0.16 error_x=0.099
[map] motion direction=right speed=0.15 effective_seconds=0.34993696212768555 pose={'x_m': -0.12432733833263492, 'y_m': 0.026740215356430258, 'heading_rad': 2.565468879207285}
[base] continuous stop label=approach_bin_steer elapsed=0.350s
[base] stop
[base] continuous start label=approach_bin_forward direction=forward requested_speed=0.6 effective_speed=0.6
[can] backend=detectnet_native no detections
[tag] no detections
[map] motion direction=forward speed=0.6 effective_seconds=0.08512187004089355 pose={'x_m': -0.11951619349124248, 'y_m': 0.019334379441821974, 'heading_rad': 2.565468879207285}
[base] continuous stop label=approach_bin_forward elapsed=0.085s
[base] stop
[can] backend=detectnet_native no detections
[tag] backend=pupil_apriltags id=0 center=(184.6,145.5) error_x=0.077 yaw_deg=-43.7 height=27.6px height_norm=0.115 margin=53.69 distance=None
[approach] target=bin mode=bbox_height value=0.115 threshold=0.16 error_x=0.077
[base] continuous start label=approach_bin_forward direction=forward requested_speed=0.6 effective_speed=0.6
[can] backend=detectnet_native no detections
[tag] backend=pupil_apriltags id=0 center=(184.5,145.6) error_x=0.077 yaw_deg=-43.78 height=27.7px height_norm=0.115 margin=52.13 distance=None
[approach] target=bin mode=bbox_height value=0.115 threshold=0.16 error_x=0.077
[can] backend=detectnet_native no detections
[tag] backend=pupil_apriltags id=0 center=(184.4,146.4) error_x=0.076 yaw_deg=-43.51 height=26.9px height_norm=0.112 margin=54.53 distance=None
[approach] target=bin mode=bbox_height value=0.112 threshold=0.16 error_x=0.076
[can] backend=detectnet_native no detections
[tag] backend=pupil_apriltags id=0 center=(184.2,146.8) error_x=0.076 yaw_deg=-43.69 height=27.4px height_norm=0.114 margin=54.34 distance=None
[approach] target=bin mode=bbox_height value=0.114 threshold=0.16 error_x=0.076
[can] backend=detectnet_native no detections
[tag] backend=pupil_apriltags id=0 center=(185.0,147.5) error_x=0.078 yaw_deg=-43.74 height=28.4px height_norm=0.119 margin=53.64 distance=None
[approach] target=bin mode=bbox_height value=0.119 threshold=0.16 error_x=0.078
[can] backend=detectnet_native no detections
[tag] backend=pupil_apriltags id=0 center=(185.9,148.3) error_x=0.081 yaw_deg=-44.57 height=29.4px height_norm=0.122 margin=52.51 distance=None
[approach] target=bin mode=bbox_height value=0.122 threshold=0.16 error_x=0.081
[can] backend=detectnet_native no detections
[tag] backend=pupil_apriltags id=0 center=(186.2,150.1) error_x=0.082 yaw_deg=-44.45 height=30.0px height_norm=0.125 margin=50.96 distance=None
[approach] target=bin mode=bbox_height value=0.125 threshold=0.16 error_x=0.082
[can] backend=detectnet_native no detections
[tag] backend=pupil_apriltags id=0 center=(186.9,151.2) error_x=0.084 yaw_deg=-44.57 height=31.2px height_norm=0.130 margin=49.78 distance=None
[approach] target=bin mode=bbox_height value=0.130 threshold=0.16 error_x=0.084
[can] backend=detectnet_native no detections
[tag] backend=pupil_apriltags id=0 center=(187.9,152.5) error_x=0.087 yaw_deg=-45.18 height=32.4px height_norm=0.135 margin=52.57 distance=None
[approach] target=bin mode=bbox_height value=0.135 threshold=0.16 error_x=0.087
[can] backend=detectnet_native no detections
[tag] backend=pupil_apriltags id=0 center=(189.7,154.0) error_x=0.093 yaw_deg=-45.19 height=33.1px height_norm=0.138 margin=53.61 distance=None
[approach] target=bin mode=bbox_height value=0.138 threshold=0.16 error_x=0.093
[can] backend=detectnet_native no detections
[tag] backend=pupil_apriltags id=0 center=(190.9,155.5) error_x=0.097 yaw_deg=-45.54 height=34.7px height_norm=0.144 margin=53.33 distance=None
[approach] target=bin mode=bbox_height value=0.144 threshold=0.16 error_x=0.097
[can] backend=detectnet_native no detections
[tag] backend=pupil_apriltags id=0 center=(192.7,156.9) error_x=0.102 yaw_deg=-45.91 height=36.2px height_norm=0.151 margin=52.52 distance=None
[approach] target=bin mode=bbox_height value=0.151 threshold=0.16 error_x=0.102
[map] motion direction=forward speed=0.6 effective_seconds=0.7482585906982422 pose={'x_m': -0.07722411911674928, 'y_m': -0.04576616806430107, 'heading_rad': 2.565468879207285}
[base] continuous stop label=approach_bin_forward elapsed=0.748s
[base] stop
[base] continuous start label=approach_bin_steer direction=right requested_speed=0.15 effective_speed=0.15
[visual-turn] label=approach_bin_steer direction=right speed=0.15
[can] backend=detectnet_native no detections
[tag] backend=pupil_apriltags id=0 center=(195.9,160.2) error_x=0.112 yaw_deg=-46.19 height=38.7px height_norm=0.161 margin=48.93 distance=None
[approach] target=bin mode=bbox_height value=0.161 threshold=0.16 error_x=0.112
[map] motion direction=right speed=0.15 effective_seconds=0.08864998817443848 pose={'x_m': -0.07722411911674928, 'y_m': -0.04576616806430107, 'heading_rad': 2.5809412209622655}
[base] continuous stop label=approach_bin_steer elapsed=0.089s
[base] stop
[fsm] APPROACHING --TARGET_REACHED--> FINAL_VERIFY
[can] backend=detectnet_native no detections
[tag] backend=pupil_apriltags id=0 center=(197.1,161.6) error_x=0.116 yaw_deg=-46.41 height=40.2px height_norm=0.168 margin=49.08 distance=None
[base] continuous start label=align_bin direction=right requested_speed=0.15 effective_speed=0.15
[visual-turn] label=align_bin direction=right speed=0.15
[can] backend=detectnet_native no detections
[tag] backend=pupil_apriltags id=0 center=(197.0,161.8) error_x=0.116 yaw_deg=-46.46 height=40.3px height_norm=0.168 margin=49.98 distance=None
[can] backend=detectnet_native no detections
[tag] backend=pupil_apriltags id=0 center=(196.9,161.8) error_x=0.115 yaw_deg=-46.53 height=40.2px height_norm=0.168 margin=50.80 distance=None
[can] backend=detectnet_native no detections
[tag] backend=pupil_apriltags id=0 center=(195.6,161.7) error_x=0.111 yaw_deg=-46.56 height=39.9px height_norm=0.166 margin=50.26 distance=None
[can] backend=detectnet_native no detections
[tag] backend=pupil_apriltags id=0 center=(193.3,161.7) error_x=0.104 yaw_deg=-46.88 height=40.0px height_norm=0.167 margin=50.90 distance=None
[can] backend=detectnet_native no detections
[tag] backend=pupil_apriltags id=0 center=(191.1,161.7) error_x=0.097 yaw_deg=-46.79 height=40.0px height_norm=0.166 margin=50.96 distance=None
[can] backend=detectnet_native no detections
[tag] backend=pupil_apriltags id=0 center=(189.5,161.8) error_x=0.092 yaw_deg=-47.17 height=40.1px height_norm=0.167 margin=50.71 distance=None
[can] backend=detectnet_native no detections
[tag] backend=pupil_apriltags id=0 center=(186.7,161.6) error_x=0.083 yaw_deg=-47.14 height=39.8px height_norm=0.166 margin=48.76 distance=None
[can] backend=detectnet_native no detections
[tag] backend=pupil_apriltags id=0 center=(183.4,161.4) error_x=0.073 yaw_deg=-47.7 height=40.4px height_norm=0.168 margin=49.99 distance=None
[map] motion direction=right speed=0.15 effective_seconds=0.5420773029327393 pose={'x_m': -0.07722411911674928, 'y_m': -0.04576616806430107, 'heading_rad': 2.675551558327342}
[base] continuous stop label=align_bin elapsed=0.542s
[base] stop
[can] backend=detectnet_native no detections
[tag] backend=pupil_apriltags id=0 center=(178.1,161.2) error_x=0.056 yaw_deg=-48.1 height=40.1px height_norm=0.167 margin=47.65 distance=None
[base] stop
[fsm] FINAL_VERIFY --SIDE_DOCK_REQUIRED--> BIN_SIDE_DOCKING
[base] stop
[exp2] phase=side_view_pose base_direction=left reference_base_angle_deg=90.00 servo1_fixed=70
[arm] pose side_view_grabbing
[arm] side_view_grabbing servo=5 angle=0 speed=85
[arm] side_view_grabbing servo=4 angle=-40 speed=85
[arm] side_view_grabbing servo=3 angle=45 speed=85
[arm] side_view_grabbing servo=2 angle=60 speed=85
[arm] side_view_grabbing servo=1 angle=70 speed=85
[arm-position] side_view_grabbing waiting for motion to settle servos=[1, 2, 3, 4, 5] stability_delta=3 min_wait=0.5 timeout=10.0 stable_samples=2
[arm-position] side_view_grabbing waiting positions={1: 509, 2: 803, 3: 719, 4: 344, 5: 509} movement={} read_errors=[]
[arm-position] side_view_grabbing waiting positions={1: 522, 2: 803, 3: 719, 4: 344, 5: 509} movement={1: 13, 2: 0, 3: 0, 4: 0, 5: 0} read_errors=[]
[arm-position] side_view_grabbing waiting positions={1: 534, 2: 803, 3: 719, 4: 344, 5: 509} movement={1: 12, 2: 0, 3: 0, 4: 0, 5: 0} read_errors=[]
[arm-position] side_view_grabbing waiting positions={1: 547, 2: 803, 3: 719, 4: 344, 5: 509} movement={1: 13, 2: 0, 3: 0, 4: 0, 5: 0} read_errors=[]
[arm-position] side_view_grabbing waiting positions={1: 560, 2: 803, 3: 719, 4: 344, 5: 509} movement={1: 13, 2: 0, 3: 0, 4: 0, 5: 0} read_errors=[]
[arm-position] side_view_grabbing waiting positions={1: 573, 2: 803, 3: 719, 4: 344, 5: 509} movement={1: 13, 2: 0, 3: 0, 4: 0, 5: 0} read_errors=[]
[arm-position] side_view_grabbing waiting positions={1: 586, 2: 803, 3: 719, 4: 344, 5: 509} movement={1: 13, 2: 0, 3: 0, 4: 0, 5: 0} read_errors=[]
[arm-position] side_view_grabbing waiting positions={1: 600, 2: 803, 3: 719, 4: 344, 5: 509} movement={1: 14, 2: 0, 3: 0, 4: 0, 5: 0} read_errors=[]
[arm-position] side_view_grabbing waiting positions={1: 614, 2: 803, 3: 719, 4: 344, 5: 509} movement={1: 14, 2: 0, 3: 0, 4: 0, 5: 0} read_errors=[]
[arm-position] side_view_grabbing waiting positions={1: 626, 2: 803, 3: 719, 4: 344, 5: 509} movement={1: 12, 2: 0, 3: 0, 4: 0, 5: 0} read_errors=[]
[arm-position] side_view_grabbing waiting positions={1: 640, 2: 803, 3: 719, 4: 344, 5: 509} movement={1: 14, 2: 0, 3: 0, 4: 0, 5: 0} read_errors=[]
[arm-position] side_view_grabbing waiting positions={1: 653, 2: 803, 3: 719, 4: 344, 5: 509} movement={1: 13, 2: 0, 3: 0, 4: 0, 5: 0} read_errors=[]
[arm-position] side_view_grabbing waiting positions={1: 665, 2: 803, 3: 719, 4: 344, 5: 509} movement={1: 12, 2: 0, 3: 0, 4: 0, 5: 0} read_errors=[]
[arm-position] side_view_grabbing waiting positions={1: 678, 2: 803, 3: 719, 4: 344, 5: 509} movement={1: 13, 2: 0, 3: 0, 4: 0, 5: 0} read_errors=[]
[arm-position] side_view_grabbing waiting positions={1: 693, 2: 803, 3: 719, 4: 344, 5: 509} movement={1: 15, 2: 0, 3: 0, 4: 0, 5: 0} read_errors=[]
[arm-position] side_view_grabbing waiting positions={1: 705, 2: 803, 3: 719, 4: 344, 5: 509} movement={1: 12, 2: 0, 3: 0, 4: 0, 5: 0} read_errors=[]
[arm-position] side_view_grabbing waiting positions={1: 717, 2: 803, 3: 719, 4: 344, 5: 509} movement={1: 12, 2: 0, 3: 0, 4: 0, 5: 0} read_errors=[]
[arm-position] side_view_grabbing waiting positions={1: 731, 2: 803, 3: 719, 4: 344, 5: 509} movement={1: 14, 2: 0, 3: 0, 4: 0, 5: 0} read_errors=[]
[arm-position] side_view_grabbing waiting positions={1: 745, 2: 803, 3: 719, 4: 344, 5: 509} movement={1: 14, 2: 0, 3: 0, 4: 0, 5: 0} read_errors=[]
[arm-position] side_view_grabbing waiting positions={1: 756, 2: 803, 3: 719, 4: 344, 5: 509} movement={1: 11, 2: 0, 3: 0, 4: 0, 5: 0} read_errors=[]
[arm-position] side_view_grabbing waiting positions={1: 770, 2: 803, 3: 719, 4: 344, 5: 509} movement={1: 14, 2: 0, 3: 0, 4: 0, 5: 0} read_errors=[]
[arm-position] side_view_grabbing waiting positions={1: 784, 2: 803, 3: 719, 4: 344, 5: 509} movement={1: 14, 2: 0, 3: 0, 4: 0, 5: 0} read_errors=[]
[arm-position] side_view_grabbing waiting positions={1: 795, 2: 803, 3: 719, 4: 344, 5: 509} movement={1: 11, 2: 0, 3: 0, 4: 0, 5: 0} read_errors=[]
[arm-position] side_view_grabbing waiting positions={1: 810, 2: 803, 3: 719, 4: 344, 5: 509} movement={1: 15, 2: 0, 3: 0, 4: 0, 5: 0} read_errors=[]
[arm-position] side_view_grabbing waiting positions={1: 824, 2: 803, 3: 719, 4: 344, 5: 509} movement={1: 14, 2: 0, 3: 0, 4: 0, 5: 0} read_errors=[]
[arm-position] side_view_grabbing waiting positions={1: 835, 2: 803, 3: 719, 4: 344, 5: 509} movement={1: 11, 2: 0, 3: 0, 4: 0, 5: 0} read_errors=[]
[arm-position] side_view_grabbing settled positions={1: 836, 2: 803, 3: 719, 4: 344, 5: 509} movement={1: 1, 2: 0, 3: 0, 4: 0, 5: 0} elapsed=4.18s
[base] exp2_side_entry_turn direction=left requested_speed=0.15 effective_speed=0.15 seconds=8.9
[map] motion direction=left speed=0.15 effective_seconds=8.9 pose={'x_m': -0.07722411911674928, 'y_m': -0.04576616806430107, 'heading_rad': 1.1047552315323426}
[exp2] side entry direction=left angle_deg=90.00 speed=0.15 seconds=8.900
[exp2] phase=geometry_alignment_ready
[tag] backend=pupil_apriltags id=0 center=(152.9,156.6) error_x=-0.022 yaw_deg=-59.36 height=42.4px height_norm=0.177 margin=43.74 distance=None
[exp2] center_error=-0.022 yaw_error_deg=-59.36 yaw_source=fov_pnp corner_error_deg=32.86 height_norm=0.177
[base] stop
[base] exp2_yaw_align direction=right requested_speed=0.15 effective_speed=0.15 seconds=5.935800104865244
[map] motion direction=right speed=0.15 effective_seconds=5.935800104865244 pose={'x_m': -0.07722411911674928, 'y_m': -0.04576616806430107, 'heading_rad': 2.140747787233643}
[visual-turn] label=exp2_yaw_align direction=right angle_deg=59.36 speed=0.15 seconds=5.936
[exp2] yaw correction direction=right seconds=5.936
[tag] backend=pupil_apriltags id=0 center=(204.3,174.9) error_x=0.138 yaw_deg=-26.47 height=50.6px height_norm=0.211 margin=48.37 distance=None
[exp2] center_error=0.138 yaw_error_deg=-26.47 yaw_source=fov_pnp corner_error_deg=24.17 height_norm=0.211
[base] stop
[base] exp2_yaw_align direction=right requested_speed=0.15 effective_speed=0.15 seconds=2.646807202439577
[map] motion direction=right speed=0.15 effective_seconds=2.646807202439577 pose={'x_m': -0.07722411911674928, 'y_m': -0.04576616806430107, 'heading_rad': 2.60270279071438}
[visual-turn] label=exp2_yaw_align direction=right angle_deg=26.47 speed=0.15 seconds=2.647
[exp2] yaw correction direction=right seconds=2.647
[tag] backend=pupil_apriltags id=0 center=(179.7,182.1) error_x=0.062 yaw_deg=-19.51 height=53.8px height_norm=0.224 margin=50.11 distance=None
[exp2] center_error=0.062 yaw_error_deg=-19.51 yaw_source=fov_pnp corner_error_deg=19.50 height_norm=0.224
[base] stop
[base] exp2_yaw_align direction=right requested_speed=0.15 effective_speed=0.15 seconds=1.9508818511938772
[map] motion direction=right speed=0.15 effective_seconds=1.9508818511938772 pose={'x_m': -0.07722411911674928, 'y_m': -0.04576616806430107, 'heading_rad': 2.943195906921755}
[visual-turn] label=exp2_yaw_align direction=right angle_deg=19.51 speed=0.15 seconds=1.951
[exp2] yaw correction direction=right seconds=1.951
[tag] backend=pupil_apriltags id=0 center=(151.3,188.3) error_x=-0.027 yaw_deg=-16.45 height=57.2px height_norm=0.238 margin=46.85 distance=None
[exp2] center_error=-0.027 yaw_error_deg=-16.45 yaw_source=fov_pnp corner_error_deg=16.12 height_norm=0.238
[base] stop
[base] exp2_yaw_align direction=right requested_speed=0.15 effective_speed=0.15 seconds=1.6453116820598659
[map] motion direction=right speed=0.15 effective_seconds=1.6453116820598659 pose={'x_m': -0.07722411911674928, 'y_m': -0.04576616806430107, 'heading_rad': -3.0528283395231046}
[visual-turn] label=exp2_yaw_align direction=right angle_deg=16.45 speed=0.15 seconds=1.645
[exp2] yaw correction direction=right seconds=1.645
[tag] no detections
[base] stop
[tag] no detections
[base] stop
[tag] no detections
[base] stop
[tag] backend=pupil_apriltags id=0 center=(192.3,165.9) error_x=0.101 yaw_deg=-12.8 height=31.3px height_norm=0.130 margin=31.02 distance=None
[exp2] center_error=0.101 yaw_error_deg=-12.8 yaw_source=fov_pnp corner_error_deg=11.58 height_norm=0.130
[base] stop
[base] exp2_yaw_align direction=right requested_speed=0.15 effective_speed=0.15 seconds=1.2802461148836393
[map] motion direction=right speed=0.15 effective_seconds=1.2802461148836393 pose={'x_m': -0.07722411911674928, 'y_m': -0.04576616806430107, 'heading_rad': -2.829383240117239}
[visual-turn] label=exp2_yaw_align direction=right angle_deg=12.80 speed=0.15 seconds=1.280
[exp2] yaw correction direction=right seconds=1.280
[tag] backend=pupil_apriltags id=0 center=(188.1,164.9) error_x=0.088 yaw_deg=-12.39 height=40.6px height_norm=0.169 margin=48.69 distance=None
[exp2] center_error=0.088 yaw_error_deg=-12.39 yaw_source=fov_pnp corner_error_deg=12.72 height_norm=0.169
[base] stop
[base] exp2_yaw_align direction=right requested_speed=0.15 effective_speed=0.15 seconds=1.2391999415587893
[map] motion direction=right speed=0.15 effective_seconds=1.2391999415587893 pose={'x_m': -0.07722411911674928, 'y_m': -0.04576616806430107, 'heading_rad': -2.613102049410003}
[visual-turn] label=exp2_yaw_align direction=right angle_deg=12.39 speed=0.15 seconds=1.239
[exp2] yaw correction direction=right seconds=1.239
[tag] backend=pupil_apriltags id=0 center=(180.7,165.8) error_x=0.065 yaw_deg=-11.84 height=41.4px height_norm=0.173 margin=48.16 distance=None
[exp2] center_error=0.065 yaw_error_deg=-11.84 yaw_source=fov_pnp corner_error_deg=11.19 height_norm=0.173
[base] stop
[base] exp2_yaw_align direction=right requested_speed=0.15 effective_speed=0.15 seconds=1.1837502591399263
[map] motion direction=right speed=0.15 effective_seconds=1.1837502591399263 pose={'x_m': -0.07722411911674928, 'y_m': -0.04576616806430107, 'heading_rad': -2.406498653976711}
[visual-turn] label=exp2_yaw_align direction=right angle_deg=11.84 speed=0.15 seconds=1.184
[exp2] yaw correction direction=right seconds=1.184
[tag] backend=pupil_apriltags id=0 center=(164.9,167.4) error_x=0.015 yaw_deg=-13.38 height=43.6px height_norm=0.182 margin=46.90 distance=None
[exp2] center_error=0.015 yaw_error_deg=-13.38 yaw_source=fov_pnp corner_error_deg=11.21 height_norm=0.182
[base] stop
[base] exp2_yaw_align direction=right requested_speed=0.15 effective_speed=0.15 seconds=1.3379310522791594
[map] motion direction=right speed=0.15 effective_seconds=1.3379310522791594 pose={'x_m': -0.07722411911674928, 'y_m': -0.04576616806430107, 'heading_rad': -2.1729856337072584}
[visual-turn] label=exp2_yaw_align direction=right angle_deg=13.38 speed=0.15 seconds=1.338
[exp2] yaw correction direction=right seconds=1.338
[tag] backend=pupil_apriltags id=0 center=(113.9,170.9) error_x=-0.144 yaw_deg=-6.27 height=44.5px height_norm=0.185 margin=42.39 distance=None
[exp2] center_error=-0.144 yaw_error_deg=-6.27 yaw_source=fov_pnp corner_error_deg=4.16 height_norm=0.185
[base] stop
[base] exp2_yaw_align direction=right requested_speed=0.15 effective_speed=0.15 seconds=0.6272759382655814
[map] motion direction=right speed=0.15 effective_seconds=0.6272759382655814 pose={'x_m': -0.07722411911674928, 'y_m': -0.04576616806430107, 'heading_rad': -2.0635053292945402}
[visual-turn] label=exp2_yaw_align direction=right angle_deg=6.27 speed=0.15 seconds=0.627
[exp2] yaw correction direction=right seconds=0.627
[tag] backend=pupil_apriltags id=0 center=(90.5,172.2) error_x=-0.217 yaw_deg=-1.11 height=44.9px height_norm=0.187 margin=40.92 distance=None
[exp2] center_error=-0.217 yaw_error_deg=-1.11 yaw_source=fov_pnp corner_error_deg=6.49 height_norm=0.187
[base] continuous start label=exp2_center_align direction=forward requested_speed=0.2 effective_speed=0.2
[exp2] longitudinal correction direction=forward
[tag] backend=pupil_apriltags id=0 center=(89.4,172.3) error_x=-0.221 yaw_deg=-1.24 height=45.0px height_norm=0.188 margin=41.14 distance=None
[exp2] center_error=-0.221 yaw_error_deg=-1.24 yaw_source=fov_pnp corner_error_deg=6.47 height_norm=0.188
[exp2] longitudinal correction direction=forward
[tag] backend=pupil_apriltags id=0 center=(89.5,172.4) error_x=-0.220 yaw_deg=-1.38 height=45.2px height_norm=0.188 margin=41.12 distance=None
[exp2] center_error=-0.220 yaw_error_deg=-1.38 yaw_source=fov_pnp corner_error_deg=6.53 height_norm=0.188
[exp2] longitudinal correction direction=forward
[tag] backend=pupil_apriltags id=0 center=(89.9,172.6) error_x=-0.219 yaw_deg=-1.56 height=45.2px height_norm=0.188 margin=41.74 distance=None
[exp2] center_error=-0.219 yaw_error_deg=-1.56 yaw_source=fov_pnp corner_error_deg=6.74 height_norm=0.188
[exp2] longitudinal correction direction=forward
[tag] backend=pupil_apriltags id=0 center=(90.9,172.8) error_x=-0.216 yaw_deg=-1.12 height=45.2px height_norm=0.188 margin=40.85 distance=None
[exp2] center_error=-0.216 yaw_error_deg=-1.12 yaw_source=fov_pnp corner_error_deg=7.00 height_norm=0.188
[exp2] longitudinal correction direction=forward
[tag] backend=pupil_apriltags id=0 center=(92.0,172.8) error_x=-0.213 yaw_deg=-1.88 height=45.4px height_norm=0.189 margin=40.31 distance=None
[exp2] center_error=-0.213 yaw_error_deg=-1.88 yaw_source=fov_pnp corner_error_deg=6.28 height_norm=0.189
[exp2] longitudinal correction direction=forward
[tag] backend=pupil_apriltags id=0 center=(93.1,173.0) error_x=-0.209 yaw_deg=-2.69 height=45.5px height_norm=0.190 margin=39.91 distance=None
[exp2] center_error=-0.209 yaw_error_deg=-2.69 yaw_source=fov_pnp corner_error_deg=6.33 height_norm=0.190
[exp2] longitudinal correction direction=forward
[tag] backend=pupil_apriltags id=0 center=(94.1,172.9) error_x=-0.206 yaw_deg=-4.06 height=45.8px height_norm=0.191 margin=40.11 distance=None
[exp2] center_error=-0.206 yaw_error_deg=-4.06 yaw_source=fov_pnp corner_error_deg=5.70 height_norm=0.191
[map] motion direction=forward speed=0.2 effective_seconds=0.28635621070861816 pose={'x_m': -0.08542372235125906, 'y_m': -0.050168312930716365, 'heading_rad': -2.0635053292945402}
[base] continuous stop label=exp2_center_align elapsed=0.286s
[base] stop
[base] exp2_yaw_align direction=right requested_speed=0.15 effective_speed=0.15 seconds=0.40580920239501816
[map] motion direction=right speed=0.15 effective_seconds=0.40580920239501816 pose={'x_m': -0.08542372235125906, 'y_m': -0.050168312930716365, 'heading_rad': -1.9926782621276844}
[visual-turn] label=exp2_yaw_align direction=right angle_deg=4.06 speed=0.15 seconds=0.406
[exp2] yaw correction direction=right seconds=0.406
[tag] backend=pupil_apriltags id=0 center=(85.1,174.5) error_x=-0.234 yaw_deg=-1.49 height=46.2px height_norm=0.192 margin=39.53 distance=None
[exp2] center_error=-0.234 yaw_error_deg=-1.49 yaw_source=fov_pnp corner_error_deg=6.84 height_norm=0.192
[base] continuous start label=exp2_center_align direction=forward requested_speed=0.2 effective_speed=0.2
[exp2] longitudinal correction direction=forward
[tag] backend=pupil_apriltags id=0 center=(83.3,174.7) error_x=-0.240 yaw_deg=-1.35 height=46.3px height_norm=0.193 margin=39.66 distance=None
[exp2] center_error=-0.240 yaw_error_deg=-1.35 yaw_source=fov_pnp corner_error_deg=7.34 height_norm=0.193
[exp2] longitudinal correction direction=forward
[tag] backend=pupil_apriltags id=0 center=(83.4,174.8) error_x=-0.239 yaw_deg=-1.19 height=46.5px height_norm=0.194 margin=39.58 distance=None
[exp2] center_error=-0.239 yaw_error_deg=-1.19 yaw_source=fov_pnp corner_error_deg=7.28 height_norm=0.194
[exp2] longitudinal correction direction=forward
[tag] backend=pupil_apriltags id=0 center=(84.1,174.7) error_x=-0.237 yaw_deg=-0.95 height=46.5px height_norm=0.194 margin=39.66 distance=None
[exp2] center_error=-0.237 yaw_error_deg=-0.95 yaw_source=fov_pnp corner_error_deg=7.11 height_norm=0.194
[exp2] longitudinal correction direction=forward
[tag] backend=pupil_apriltags id=0 center=(84.9,174.8) error_x=-0.235 yaw_deg=-1.27 height=46.7px height_norm=0.194 margin=39.72 distance=None
[exp2] center_error=-0.235 yaw_error_deg=-1.27 yaw_source=fov_pnp corner_error_deg=6.87 height_norm=0.194
[exp2] longitudinal correction direction=forward
[tag] backend=pupil_apriltags id=0 center=(86.5,174.8) error_x=-0.230 yaw_deg=-2.27 height=47.1px height_norm=0.196 margin=39.56 distance=None
[exp2] center_error=-0.230 yaw_error_deg=-2.27 yaw_source=fov_pnp corner_error_deg=6.74 height_norm=0.196
[exp2] longitudinal correction direction=forward
[tag] backend=pupil_apriltags id=0 center=(86.9,175.0) error_x=-0.228 yaw_deg=-3.17 height=47.2px height_norm=0.197 margin=39.73 distance=None
[exp2] center_error=-0.228 yaw_error_deg=-3.17 yaw_source=fov_pnp corner_error_deg=6.77 height_norm=0.197
[exp2] longitudinal correction direction=forward
[tag] backend=pupil_apriltags id=0 center=(87.5,175.2) error_x=-0.227 yaw_deg=-3.21 height=47.3px height_norm=0.197 margin=39.93 distance=None
[exp2] center_error=-0.227 yaw_error_deg=-3.21 yaw_source=fov_pnp corner_error_deg=6.68 height_norm=0.197
[exp2] longitudinal correction direction=forward
[tag] backend=pupil_apriltags id=0 center=(88.1,175.2) error_x=-0.225 yaw_deg=-3.2 height=47.4px height_norm=0.197 margin=40.56 distance=None
[exp2] center_error=-0.225 yaw_error_deg=-3.2 yaw_source=fov_pnp corner_error_deg=6.49 height_norm=0.197
[exp2] longitudinal correction direction=forward
[tag] backend=pupil_apriltags id=0 center=(88.8,175.3) error_x=-0.223 yaw_deg=-3.43 height=47.6px height_norm=0.198 margin=40.55 distance=None
[exp2] center_error=-0.223 yaw_error_deg=-3.43 yaw_source=fov_pnp corner_error_deg=6.81 height_norm=0.198
[exp2] longitudinal correction direction=forward
[tag] backend=pupil_apriltags id=0 center=(89.7,175.3) error_x=-0.220 yaw_deg=-3.65 height=47.7px height_norm=0.199 margin=40.17 distance=None
[exp2] center_error=-0.220 yaw_error_deg=-3.65 yaw_source=fov_pnp corner_error_deg=6.87 height_norm=0.199
[exp2] longitudinal correction direction=forward
[tag] backend=pupil_apriltags id=0 center=(90.8,175.4) error_x=-0.216 yaw_deg=-4.72 height=48.0px height_norm=0.200 margin=40.33 distance=None
[exp2] center_error=-0.216 yaw_error_deg=-4.72 yaw_source=fov_pnp corner_error_deg=6.29 height_norm=0.200
[map] motion direction=forward speed=0.2 effective_seconds=0.4371318817138672 pose={'x_m': -0.09838485671584019, 'y_m': -0.055985680794027305, 'heading_rad': -1.9926782621276844}
[base] continuous stop label=exp2_center_align elapsed=0.437s
[base] stop
[base] exp2_yaw_align direction=right requested_speed=0.15 effective_speed=0.15 seconds=0.4721856175773281
[map] motion direction=right speed=0.15 effective_seconds=0.4721856175773281 pose={'x_m': -0.09838485671584019, 'y_m': -0.055985680794027305, 'heading_rad': -1.910266325054807}
[visual-turn] label=exp2_yaw_align direction=right angle_deg=4.72 speed=0.15 seconds=0.472
[exp2] yaw correction direction=right seconds=0.472
[tag] backend=pupil_apriltags id=0 center=(81.3,176.8) error_x=-0.246 yaw_deg=-2.67 height=48.6px height_norm=0.202 margin=39.45 distance=None
[exp2] center_error=-0.246 yaw_error_deg=-2.67 yaw_source=fov_pnp corner_error_deg=6.54 height_norm=0.202
[base] continuous start label=exp2_center_align direction=forward requested_speed=0.2 effective_speed=0.2
[exp2] longitudinal correction direction=forward
[tag] backend=pupil_apriltags id=0 center=(78.7,177.0) error_x=-0.254 yaw_deg=-1.93 height=48.6px height_norm=0.202 margin=39.60 distance=None
[exp2] center_error=-0.254 yaw_error_deg=-1.93 yaw_source=fov_pnp corner_error_deg=6.54 height_norm=0.202
[exp2] longitudinal correction direction=forward
[tag] backend=pupil_apriltags id=0 center=(78.2,177.1) error_x=-0.256 yaw_deg=-1.81 height=48.6px height_norm=0.203 margin=39.49 distance=None
[exp2] center_error=-0.256 yaw_error_deg=-1.81 yaw_source=fov_pnp corner_error_deg=6.54 height_norm=0.203
[exp2] longitudinal correction direction=forward
[tag] backend=pupil_apriltags id=0 center=(78.1,177.2) error_x=-0.256 yaw_deg=-1.61 height=48.7px height_norm=0.203 margin=39.41 distance=None
[exp2] center_error=-0.256 yaw_error_deg=-1.61 yaw_source=fov_pnp corner_error_deg=6.59 height_norm=0.203
[exp2] longitudinal correction direction=forward
[tag] backend=pupil_apriltags id=0 center=(79.0,177.2) error_x=-0.253 yaw_deg=-1.6 height=48.8px height_norm=0.203 margin=39.79 distance=None
[exp2] center_error=-0.253 yaw_error_deg=-1.6 yaw_source=fov_pnp corner_error_deg=6.77 height_norm=0.203
[exp2] longitudinal correction direction=forward
[tag] backend=pupil_apriltags id=0 center=(80.0,177.2) error_x=-0.250 yaw_deg=-2.05 height=49.1px height_norm=0.204 margin=39.85 distance=None
[exp2] center_error=-0.250 yaw_error_deg=-2.05 yaw_source=fov_pnp corner_error_deg=6.92 height_norm=0.204
[exp2] longitudinal correction direction=forward
[tag] backend=pupil_apriltags id=0 center=(81.0,177.3) error_x=-0.247 yaw_deg=-2.73 height=49.2px height_norm=0.205 margin=40.18 distance=None
[exp2] center_error=-0.247 yaw_error_deg=-2.73 yaw_source=fov_pnp corner_error_deg=6.65 height_norm=0.205
[exp2] longitudinal correction direction=forward
[tag] backend=pupil_apriltags id=0 center=(82.3,177.4) error_x=-0.243 yaw_deg=-3.51 height=49.5px height_norm=0.206 margin=40.11 distance=None
[exp2] center_error=-0.243 yaw_error_deg=-3.51 yaw_source=fov_pnp corner_error_deg=6.20 height_norm=0.206
[exp2] longitudinal correction direction=forward
[tag] backend=pupil_apriltags id=0 center=(83.3,177.7) error_x=-0.240 yaw_deg=-4.0 height=49.7px height_norm=0.207 margin=40.57 distance=None
[exp2] center_error=-0.240 yaw_error_deg=-4.0 yaw_source=fov_pnp corner_error_deg=6.30 height_norm=0.207
[exp2] longitudinal correction direction=forward
[tag] backend=pupil_apriltags id=0 center=(83.9,177.9) error_x=-0.238 yaw_deg=-4.38 height=49.7px height_norm=0.207 margin=40.56 distance=None
[exp2] center_error=-0.238 yaw_error_deg=-4.38 yaw_source=fov_pnp corner_error_deg=6.21 height_norm=0.207
[map] motion direction=forward speed=0.2 effective_seconds=0.3654158115386963 pose={'x_m': -0.10958312170225104, 'y_m': -0.059940243583198625, 'heading_rad': -1.910266325054807}
[base] continuous stop label=exp2_center_align elapsed=0.365s
[base] stop
[base] exp2_yaw_align direction=right requested_speed=0.15 effective_speed=0.15 seconds=0.4379193595888661
[map] motion direction=right speed=0.15 effective_seconds=0.4379193595888661 pose={'x_m': -0.10958312170225104, 'y_m': -0.059940243583198625, 'heading_rad': -1.8338349782242949}
[visual-turn] label=exp2_yaw_align direction=right angle_deg=4.38 speed=0.15 seconds=0.438
[exp2] yaw correction direction=right seconds=0.438
[tag] backend=pupil_apriltags id=0 center=(75.5,179.3) error_x=-0.264 yaw_deg=-2.46 height=50.8px height_norm=0.212 margin=39.80 distance=None
[exp2] center_error=-0.264 yaw_error_deg=-2.46 yaw_source=fov_pnp corner_error_deg=5.69 height_norm=0.212
[base] continuous start label=exp2_center_align direction=forward requested_speed=0.2 effective_speed=0.2
[exp2] longitudinal correction direction=forward
[tag] backend=pupil_apriltags id=0 center=(73.4,179.5) error_x=-0.271 yaw_deg=-1.67 height=50.7px height_norm=0.211 margin=39.68 distance=None
[exp2] center_error=-0.271 yaw_error_deg=-1.67 yaw_source=fov_pnp corner_error_deg=6.49 height_norm=0.211
[exp2] longitudinal correction direction=forward
[tag] backend=pupil_apriltags id=0 center=(73.3,179.5) error_x=-0.271 yaw_deg=-1.61 height=50.8px height_norm=0.212 margin=39.58 distance=None
[exp2] center_error=-0.271 yaw_error_deg=-1.61 yaw_source=fov_pnp corner_error_deg=6.56 height_norm=0.212
[exp2] longitudinal correction direction=forward
[tag] backend=pupil_apriltags id=0 center=(74.4,179.6) error_x=-0.267 yaw_deg=-1.4 height=51.0px height_norm=0.213 margin=39.80 distance=None
[exp2] center_error=-0.267 yaw_error_deg=-1.4 yaw_source=fov_pnp corner_error_deg=6.39 height_norm=0.213
[exp2] longitudinal correction direction=forward
[tag] backend=pupil_apriltags id=0 center=(75.3,179.7) error_x=-0.265 yaw_deg=-2.0 height=51.3px height_norm=0.214 margin=40.02 distance=None
[exp2] center_error=-0.265 yaw_error_deg=-2.0 yaw_source=fov_pnp corner_error_deg=6.23 height_norm=0.214
[exp2] longitudinal correction direction=forward
[tag] backend=pupil_apriltags id=0 center=(75.6,179.8) error_x=-0.264 yaw_deg=-2.31 height=51.3px height_norm=0.214 margin=40.01 distance=None
[exp2] center_error=-0.264 yaw_error_deg=-2.31 yaw_source=fov_pnp corner_error_deg=6.13 height_norm=0.214
[exp2] longitudinal correction direction=forward
[tag] backend=pupil_apriltags id=0 center=(75.5,180.0) error_x=-0.264 yaw_deg=-3.24 height=51.6px height_norm=0.215 margin=39.74 distance=None
[exp2] center_error=-0.264 yaw_error_deg=-3.24 yaw_source=fov_pnp corner_error_deg=5.97 height_norm=0.215
[exp2] longitudinal correction direction=forward
[tag] backend=pupil_apriltags id=0 center=(75.5,180.4) error_x=-0.264 yaw_deg=-2.82 height=51.8px height_norm=0.216 margin=39.76 distance=None
[exp2] center_error=-0.264 yaw_error_deg=-2.82 yaw_source=fov_pnp corner_error_deg=5.85 height_norm=0.216
[exp2] longitudinal correction direction=forward
[tag] backend=pupil_apriltags id=0 center=(76.2,180.5) error_x=-0.262 yaw_deg=-2.85 height=52.0px height_norm=0.217 margin=40.01 distance=None
[exp2] center_error=-0.262 yaw_error_deg=-2.85 yaw_source=fov_pnp corner_error_deg=6.14 height_norm=0.217
[exp2] longitudinal correction direction=forward
[tag] backend=pupil_apriltags id=0 center=(77.3,180.6) error_x=-0.258 yaw_deg=-3.86 height=52.2px height_norm=0.218 margin=40.34 distance=None
[exp2] center_error=-0.258 yaw_error_deg=-3.86 yaw_source=fov_pnp corner_error_deg=5.95 height_norm=0.218
[exp2] longitudinal correction direction=forward
[tag] backend=pupil_apriltags id=0 center=(78.2,180.6) error_x=-0.256 yaw_deg=-4.42 height=52.3px height_norm=0.218 margin=40.32 distance=None
[exp2] center_error=-0.256 yaw_error_deg=-4.42 yaw_source=fov_pnp corner_error_deg=5.82 height_norm=0.218
[map] motion direction=forward speed=0.2 effective_seconds=0.42618560791015625 pose={'x_m': -0.12295773855790137, 'y_m': -0.0635417319631919, 'heading_rad': -1.8338349782242949}
[base] continuous stop label=exp2_center_align elapsed=0.426s
[base] stop
[base] exp2_yaw_align direction=right requested_speed=0.15 effective_speed=0.15 seconds=0.4422746109668299
[map] motion direction=right speed=0.15 effective_seconds=0.4422746109668299 pose={'x_m': -0.12295773855790137, 'y_m': -0.0635417319631919, 'heading_rad': -1.7566434966308078}
[visual-turn] label=exp2_yaw_align direction=right angle_deg=4.42 speed=0.15 seconds=0.442
[exp2] yaw correction direction=right seconds=0.442
[tag] backend=pupil_apriltags id=0 center=(71.9,182.3) error_x=-0.275 yaw_deg=-2.61 height=53.2px height_norm=0.222 margin=39.77 distance=None
[exp2] center_error=-0.275 yaw_error_deg=-2.61 yaw_source=fov_pnp corner_error_deg=6.23 height_norm=0.222
[base] continuous start label=exp2_center_align direction=forward requested_speed=0.2 effective_speed=0.2
[exp2] longitudinal correction direction=forward
[tag] backend=pupil_apriltags id=0 center=(70.8,182.2) error_x=-0.279 yaw_deg=-2.24 height=53.3px height_norm=0.222 margin=40.08 distance=None
[exp2] center_error=-0.279 yaw_error_deg=-2.24 yaw_source=fov_pnp corner_error_deg=6.33 height_norm=0.222
[exp2] longitudinal correction direction=forward
[tag] backend=pupil_apriltags id=0 center=(70.1,182.4) error_x=-0.281 yaw_deg=-2.04 height=53.2px height_norm=0.222 margin=39.41 distance=None
[exp2] center_error=-0.281 yaw_error_deg=-2.04 yaw_source=fov_pnp corner_error_deg=6.44 height_norm=0.222
[exp2] longitudinal correction direction=forward
[tag] backend=pupil_apriltags id=0 center=(69.0,182.8) error_x=-0.284 yaw_deg=-1.18 height=53.2px height_norm=0.221 margin=39.46 distance=None
[exp2] center_error=-0.284 yaw_error_deg=-1.18 yaw_source=fov_pnp corner_error_deg=6.65 height_norm=0.221
[exp2] longitudinal correction direction=forward
[tag] backend=pupil_apriltags id=0 center=(68.9,183.0) error_x=-0.285 yaw_deg=-0.74 height=53.4px height_norm=0.222 margin=39.46 distance=None
[exp2] center_error=-0.285 yaw_error_deg=-0.74 yaw_source=fov_pnp corner_error_deg=6.82 height_norm=0.222
[exp2] longitudinal correction direction=forward
[tag] backend=pupil_apriltags id=0 center=(69.5,182.9) error_x=-0.283 yaw_deg=-0.94 height=53.5px height_norm=0.223 margin=39.71 distance=None
[exp2] center_error=-0.283 yaw_error_deg=-0.94 yaw_source=fov_pnp corner_error_deg=6.86 height_norm=0.223
[exp2] longitudinal correction direction=forward
[tag] backend=pupil_apriltags id=0 center=(70.4,183.0) error_x=-0.280 yaw_deg=-1.8 height=53.5px height_norm=0.223 margin=39.89 distance=None
[exp2] center_error=-0.280 yaw_error_deg=-1.8 yaw_source=fov_pnp corner_error_deg=6.97 height_norm=0.223
[exp2] longitudinal correction direction=forward
[tag] backend=pupil_apriltags id=0 center=(71.3,183.1) error_x=-0.277 yaw_deg=-2.22 height=53.8px height_norm=0.224 margin=40.38 distance=None
[exp2] center_error=-0.277 yaw_error_deg=-2.22 yaw_source=fov_pnp corner_error_deg=6.86 height_norm=0.224
[exp2] longitudinal correction direction=forward
[tag] backend=pupil_apriltags id=0 center=(73.5,183.5) error_x=-0.270 yaw_deg=-3.05 height=54.3px height_norm=0.226 margin=40.32 distance=None
[exp2] center_error=-0.270 yaw_error_deg=-3.05 yaw_source=fov_pnp corner_error_deg=6.41 height_norm=0.226
[exp2] longitudinal correction direction=forward
[tag] backend=pupil_apriltags id=0 center=(74.9,183.7) error_x=-0.266 yaw_deg=-3.22 height=54.6px height_norm=0.227 margin=40.49 distance=None
[exp2] center_error=-0.266 yaw_error_deg=-3.22 yaw_source=fov_pnp corner_error_deg=6.31 height_norm=0.227
[exp2] longitudinal correction direction=forward
[tag] backend=pupil_apriltags id=0 center=(76.5,184.1) error_x=-0.261 yaw_deg=-4.5 height=54.9px height_norm=0.229 margin=40.51 distance=None
[exp2] center_error=-0.261 yaw_error_deg=-4.5 yaw_source=fov_pnp corner_error_deg=6.79 height_norm=0.229
[map] motion direction=forward speed=0.2 effective_seconds=0.4092555046081543 pose={'x_m': -0.13602950346535422, 'y_m': -0.06599944361924277, 'heading_rad': -1.7566434966308078}
[base] continuous stop label=exp2_center_align elapsed=0.409s
[base] stop
[base] exp2_yaw_align direction=right requested_speed=0.15 effective_speed=0.15 seconds=0.45003976568753185
[map] motion direction=right speed=0.15 effective_seconds=0.45003976568753185 pose={'x_m': -0.13602950346535422, 'y_m': -0.06599944361924277, 'heading_rad': -1.6780967398692903}
[visual-turn] label=exp2_yaw_align direction=right angle_deg=4.50 speed=0.15 seconds=0.450
[exp2] yaw correction direction=right seconds=0.450
[tag] backend=pupil_apriltags id=0 center=(68.8,185.5) error_x=-0.285 yaw_deg=-2.44 height=55.8px height_norm=0.233 margin=39.93 distance=None
[exp2] center_error=-0.285 yaw_error_deg=-2.44 yaw_source=fov_pnp corner_error_deg=7.62 height_norm=0.233
[base] continuous start label=exp2_center_align direction=forward requested_speed=0.2 effective_speed=0.2
[exp2] longitudinal correction direction=forward
[tag] backend=pupil_apriltags id=0 center=(67.3,185.5) error_x=-0.290 yaw_deg=-1.05 height=55.6px height_norm=0.232 margin=39.98 distance=None
[exp2] center_error=-0.290 yaw_error_deg=-1.05 yaw_source=fov_pnp corner_error_deg=6.92 height_norm=0.232
[exp2] longitudinal correction direction=forward
[tag] backend=pupil_apriltags id=0 center=(67.4,185.5) error_x=-0.289 yaw_deg=-0.81 height=55.6px height_norm=0.232 margin=40.19 distance=None
[exp2] center_error=-0.289 yaw_error_deg=-0.81 yaw_source=fov_pnp corner_error_deg=6.87 height_norm=0.232
[exp2] longitudinal correction direction=forward
[tag] backend=pupil_apriltags id=0 center=(67.7,185.7) error_x=-0.288 yaw_deg=-1.67 height=55.9px height_norm=0.233 margin=40.16 distance=None
[exp2] center_error=-0.288 yaw_error_deg=-1.67 yaw_source=fov_pnp corner_error_deg=7.12 height_norm=0.233
[exp2] longitudinal correction direction=forward
[tag] backend=pupil_apriltags id=0 center=(69.3,185.7) error_x=-0.283 yaw_deg=-2.03 height=56.3px height_norm=0.235 margin=40.21 distance=None
[exp2] center_error=-0.283 yaw_error_deg=-2.03 yaw_source=fov_pnp corner_error_deg=7.47 height_norm=0.235
[exp2] longitudinal correction direction=forward
[tag] backend=pupil_apriltags id=0 center=(70.3,186.1) error_x=-0.280 yaw_deg=-2.68 height=56.6px height_norm=0.236 margin=40.19 distance=None
[exp2] center_error=-0.280 yaw_error_deg=-2.68 yaw_source=fov_pnp corner_error_deg=7.99 height_norm=0.236
[exp2] longitudinal correction direction=forward
[tag] backend=pupil_apriltags id=0 center=(71.0,186.4) error_x=-0.278 yaw_deg=-3.52 height=56.7px height_norm=0.236 margin=39.87 distance=None
[exp2] center_error=-0.278 yaw_error_deg=-3.52 yaw_source=fov_pnp corner_error_deg=8.23 height_norm=0.236
[exp2] longitudinal correction direction=forward
[tag] backend=pupil_apriltags id=0 center=(71.7,186.5) error_x=-0.276 yaw_deg=-3.44 height=56.7px height_norm=0.236 margin=40.41 distance=None
[exp2] center_error=-0.276 yaw_error_deg=-3.44 yaw_source=fov_pnp corner_error_deg=7.88 height_norm=0.236
[exp2] longitudinal correction direction=forward
[tag] backend=pupil_apriltags id=0 center=(72.4,186.7) error_x=-0.274 yaw_deg=-4.4 height=57.0px height_norm=0.238 margin=40.30 distance=None
[exp2] center_error=-0.274 yaw_error_deg=-4.4 yaw_source=fov_pnp corner_error_deg=8.11 height_norm=0.238
[map] motion direction=forward speed=0.2 effective_seconds=0.3321700096130371 pose={'x_m': -0.14676294189593217, 'y_m': -0.06715558644267493, 'heading_rad': -1.6780967398692903}
[base] continuous stop label=exp2_center_align elapsed=0.332s
[base] stop
[base] exp2_yaw_align direction=right requested_speed=0.15 effective_speed=0.15 seconds=0.4404861120524361
[map] motion direction=right speed=0.15 effective_seconds=0.4404861120524361 pose={'x_m': -0.14676294189593217, 'y_m': -0.06715558644267493, 'heading_rad': -1.6012174102230483}
[visual-turn] label=exp2_yaw_align direction=right angle_deg=4.40 speed=0.15 seconds=0.440
[exp2] yaw correction direction=right seconds=0.440
[tag] backend=pupil_apriltags id=0 center=(64.7,188.2) error_x=-0.298 yaw_deg=-38.51 height=57.8px height_norm=0.241 margin=39.75 distance=None
[exp2] center_error=-0.298 yaw_error_deg=-38.51 yaw_source=fov_pnp corner_error_deg=7.91 height_norm=0.241
[base] stop
[base] exp2_yaw_align direction=right requested_speed=0.15 effective_speed=0.15 seconds=3.850898306832753
[map] motion direction=right speed=0.15 effective_seconds=3.850898306832753 pose={'x_m': -0.14676294189593217, 'y_m': -0.06715558644267493, 'heading_rad': -0.92910886408594}
[visual-turn] label=exp2_yaw_align direction=right angle_deg=38.51 speed=0.15 seconds=3.851
[exp2] yaw correction direction=right seconds=3.851
[tag] no detections
[base] stop
[tag] backend=pupil_apriltags id=0 center=(266.5,188.8) error_x=0.333 yaw_deg=-14.43 height=49.0px height_norm=0.204 margin=38.80 distance=None
[exp2] center_error=0.333 yaw_error_deg=-14.43 yaw_source=fov_pnp corner_error_deg=22.67 height_norm=0.204
[base] stop
[base] exp2_yaw_align direction=right requested_speed=0.15 effective_speed=0.15 seconds=1.4432320354878039
[map] motion direction=right speed=0.15 effective_seconds=1.4432320354878039 pose={'x_m': -0.14676294189593217, 'y_m': -0.06715558644267493, 'heading_rad': -0.677217355190705}
[visual-turn] label=exp2_yaw_align direction=right angle_deg=14.43 speed=0.15 seconds=1.443
[exp2] yaw correction direction=right seconds=1.443
[tag] backend=pupil_apriltags id=0 center=(226.9,191.5) error_x=0.209 yaw_deg=-10.2 height=50.1px height_norm=0.209 margin=40.14 distance=None
[exp2] center_error=0.209 yaw_error_deg=-10.2 yaw_source=fov_pnp corner_error_deg=19.94 height_norm=0.209
[base] stop
[base] exp2_yaw_align direction=right requested_speed=0.15 effective_speed=0.15 seconds=1.0201996053511344
[map] motion direction=right speed=0.15 effective_seconds=1.0201996053511344 pose={'x_m': -0.14676294189593217, 'y_m': -0.06715558644267493, 'heading_rad': -0.4991589337814526}
[visual-turn] label=exp2_yaw_align direction=right angle_deg=10.20 speed=0.15 seconds=1.020
[exp2] yaw correction direction=right seconds=1.020
[tag] backend=pupil_apriltags id=0 center=(188.8,194.2) error_x=0.090 yaw_deg=-7.34 height=52.5px height_norm=0.219 margin=43.97 distance=None
[exp2] center_error=0.090 yaw_error_deg=-7.34 yaw_source=fov_pnp corner_error_deg=15.79 height_norm=0.219
[base] stop
[base] exp2_yaw_align direction=right requested_speed=0.15 effective_speed=0.15 seconds=0.733590198967908
[map] motion direction=right speed=0.15 effective_seconds=0.733590198967908 pose={'x_m': -0.14676294189593217, 'y_m': -0.06715558644267493, 'heading_rad': -0.3711232904579411}
[visual-turn] label=exp2_yaw_align direction=right angle_deg=7.34 speed=0.15 seconds=0.734
[exp2] yaw correction direction=right seconds=0.734
[tag] backend=pupil_apriltags id=0 center=(158.3,196.3) error_x=-0.005 yaw_deg=-4.85 height=53.7px height_norm=0.224 margin=44.29 distance=None
[exp2] center_error=-0.005 yaw_error_deg=-4.85 yaw_source=fov_pnp corner_error_deg=10.77 height_norm=0.224
[base] stop
[base] exp2_yaw_align direction=right requested_speed=0.15 effective_speed=0.15 seconds=0.48490484288220453
[map] motion direction=right speed=0.15 effective_seconds=0.48490484288220453 pose={'x_m': -0.14676294189593217, 'y_m': -0.06715558644267493, 'heading_rad': -0.286491429786333}
[visual-turn] label=exp2_yaw_align direction=right angle_deg=4.85 speed=0.15 seconds=0.485
[exp2] yaw correction direction=right seconds=0.485
[tag] backend=pupil_apriltags id=0 center=(137.0,198.9) error_x=-0.072 yaw_deg=-3.55 height=54.6px height_norm=0.227 margin=43.21 distance=None
[exp2] center_error=-0.072 yaw_error_deg=-3.55 yaw_source=fov_pnp corner_error_deg=9.31 height_norm=0.227
[base] continuous start label=exp2_center_align direction=forward requested_speed=0.2 effective_speed=0.2
[exp2] longitudinal correction direction=forward
[tag] backend=pupil_apriltags id=0 center=(135.4,199.2) error_x=-0.077 yaw_deg=-3.54 height=54.8px height_norm=0.228 margin=43.21 distance=None
[exp2] center_error=-0.077 yaw_error_deg=-3.54 yaw_source=fov_pnp corner_error_deg=9.77 height_norm=0.228
[exp2] longitudinal correction direction=forward
[tag] backend=pupil_apriltags id=0 center=(135.9,199.2) error_x=-0.075 yaw_deg=-3.61 height=54.9px height_norm=0.229 margin=42.90 distance=None
[exp2] center_error=-0.075 yaw_error_deg=-3.61 yaw_source=fov_pnp corner_error_deg=9.72 height_norm=0.229
[exp2] longitudinal correction direction=forward
[tag] backend=pupil_apriltags id=0 center=(136.7,199.2) error_x=-0.073 yaw_deg=-4.16 height=55.2px height_norm=0.230 margin=43.48 distance=None
[exp2] center_error=-0.073 yaw_error_deg=-4.16 yaw_source=fov_pnp corner_error_deg=9.25 height_norm=0.230
[map] motion direction=forward speed=0.2 effective_seconds=0.13620877265930176 pose={'x_m': -0.14801390004445303, 'y_m': -0.0629092315195198, 'heading_rad': -0.286491429786333}
[base] continuous stop label=exp2_center_align elapsed=0.136s
[base] stop
[base] exp2_yaw_align direction=right requested_speed=0.15 effective_speed=0.15 seconds=0.41619820199060414
[map] motion direction=right speed=0.15 effective_seconds=0.41619820199060414 pose={'x_m': -0.14801390004445303, 'y_m': -0.0629092315195198, 'heading_rad': -0.2138511401301635}
[visual-turn] label=exp2_yaw_align direction=right angle_deg=4.16 speed=0.15 seconds=0.416
[exp2] yaw correction direction=right seconds=0.416
[tag] backend=pupil_apriltags id=0 center=(123.7,201.1) error_x=-0.113 yaw_deg=-2.87 height=55.7px height_norm=0.232 margin=41.98 distance=None
[exp2] center_error=-0.113 yaw_error_deg=-2.87 yaw_source=fov_pnp corner_error_deg=11.57 height_norm=0.232
[base] continuous start label=exp2_center_align direction=forward requested_speed=0.2 effective_speed=0.2
[exp2] longitudinal correction direction=forward
[tag] backend=pupil_apriltags id=0 center=(122.7,201.1) error_x=-0.117 yaw_deg=-2.78 height=55.7px height_norm=0.232 margin=42.35 distance=None
[exp2] center_error=-0.117 yaw_error_deg=-2.78 yaw_source=fov_pnp corner_error_deg=12.27 height_norm=0.232
[exp2] longitudinal correction direction=forward
[tag] backend=pupil_apriltags id=0 center=(122.4,201.2) error_x=-0.117 yaw_deg=-2.66 height=55.6px height_norm=0.232 margin=42.28 distance=None
[exp2] center_error=-0.117 yaw_error_deg=-2.66 yaw_source=fov_pnp corner_error_deg=12.07 height_norm=0.232
[exp2] longitudinal correction direction=forward
[tag] backend=pupil_apriltags id=0 center=(124.1,201.1) error_x=-0.112 yaw_deg=-2.69 height=55.7px height_norm=0.232 margin=42.52 distance=None
[exp2] center_error=-0.112 yaw_error_deg=-2.69 yaw_source=fov_pnp corner_error_deg=11.96 height_norm=0.232
[exp2] longitudinal correction direction=forward
[tag] backend=pupil_apriltags id=0 center=(125.6,201.2) error_x=-0.107 yaw_deg=-2.93 height=55.9px height_norm=0.233 margin=42.62 distance=None
[exp2] center_error=-0.107 yaw_error_deg=-2.93 yaw_source=fov_pnp corner_error_deg=11.56 height_norm=0.233
[exp2] longitudinal correction direction=forward
[tag] backend=pupil_apriltags id=0 center=(127.5,201.2) error_x=-0.102 yaw_deg=-3.39 height=56.2px height_norm=0.234 margin=42.79 distance=None
[exp2] center_error=-0.102 yaw_error_deg=-3.39 yaw_source=fov_pnp corner_error_deg=11.16 height_norm=0.234
[exp2] longitudinal correction direction=forward
[tag] backend=pupil_apriltags id=0 center=(129.5,201.5) error_x=-0.095 yaw_deg=-4.12 height=56.5px height_norm=0.236 margin=43.01 distance=None
[exp2] center_error=-0.095 yaw_error_deg=-4.12 yaw_source=fov_pnp corner_error_deg=10.78 height_norm=0.236
[map] motion direction=forward speed=0.2 effective_seconds=0.24712347984313965 pose={'x_m': -0.14971838693742437, 'y_m': -0.0550606694203024, 'heading_rad': -0.2138511401301635}
[base] continuous stop label=exp2_center_align elapsed=0.247s
[base] stop
[base] exp2_yaw_align direction=right requested_speed=0.15 effective_speed=0.15 seconds=0.41198312089463884
[map] motion direction=right speed=0.15 effective_seconds=0.41198312089463884 pose={'x_m': -0.14971838693742437, 'y_m': -0.0550606694203024, 'heading_rad': -0.14194652090762583}
[visual-turn] label=exp2_yaw_align direction=right angle_deg=4.12 speed=0.15 seconds=0.412
[exp2] yaw correction direction=right seconds=0.412
[tag] backend=pupil_apriltags id=0 center=(119.4,203.1) error_x=-0.127 yaw_deg=-4.11 height=57.2px height_norm=0.238 margin=42.17 distance=None
[exp2] center_error=-0.127 yaw_error_deg=-4.11 yaw_source=fov_pnp corner_error_deg=12.02 height_norm=0.238
[base] stop
[base] exp2_yaw_align direction=right requested_speed=0.15 effective_speed=0.15 seconds=0.4109759876541113
[map] motion direction=right speed=0.15 effective_seconds=0.4109759876541113 pose={'x_m': -0.14971838693742437, 'y_m': -0.0550606694203024, 'heading_rad': -0.07021767959562286}
[visual-turn] label=exp2_yaw_align direction=right angle_deg=4.11 speed=0.15 seconds=0.411
[exp2] yaw correction direction=right seconds=0.411
[tag] backend=pupil_apriltags id=0 center=(102.4,204.4) error_x=-0.180 yaw_deg=-1.91 height=57.0px height_norm=0.237 margin=40.67 distance=None
[exp2] center_error=-0.180 yaw_error_deg=-1.91 yaw_source=fov_pnp corner_error_deg=14.51 height_norm=0.237
[base] continuous start label=exp2_center_align direction=forward requested_speed=0.2 effective_speed=0.2
[exp2] longitudinal correction direction=forward
[tag] backend=pupil_apriltags id=0 center=(101.3,204.5) error_x=-0.183 yaw_deg=-1.72 height=57.0px height_norm=0.238 margin=40.86 distance=None
[exp2] center_error=-0.183 yaw_error_deg=-1.72 yaw_source=fov_pnp corner_error_deg=14.94 height_norm=0.238
[exp2] longitudinal correction direction=forward
[tag] backend=pupil_apriltags id=0 center=(101.8,204.6) error_x=-0.182 yaw_deg=-1.6 height=57.0px height_norm=0.238 margin=40.86 distance=None
[exp2] center_error=-0.182 yaw_error_deg=-1.6 yaw_source=fov_pnp corner_error_deg=14.75 height_norm=0.238
[exp2] longitudinal correction direction=forward
[tag] backend=pupil_apriltags id=0 center=(102.7,204.6) error_x=-0.179 yaw_deg=-1.89 height=57.3px height_norm=0.239 margin=40.66 distance=None
[exp2] center_error=-0.179 yaw_error_deg=-1.89 yaw_source=fov_pnp corner_error_deg=14.98 height_norm=0.239
[exp2] longitudinal correction direction=forward
[tag] backend=pupil_apriltags id=0 center=(104.0,204.8) error_x=-0.175 yaw_deg=-2.38 height=57.8px height_norm=0.241 margin=41.26 distance=None
[exp2] center_error=-0.175 yaw_error_deg=-2.38 yaw_source=fov_pnp corner_error_deg=14.77 height_norm=0.241
[exp2] longitudinal correction direction=forward
[tag] backend=pupil_apriltags id=0 center=(105.0,204.9) error_x=-0.172 yaw_deg=-2.9 height=58.1px height_norm=0.242 margin=41.29 distance=None
[exp2] center_error=-0.172 yaw_error_deg=-2.9 yaw_source=fov_pnp corner_error_deg=14.31 height_norm=0.242
[exp2] longitudinal correction direction=forward
[tag] backend=pupil_apriltags id=0 center=(105.8,205.0) error_x=-0.169 yaw_deg=-3.47 height=58.3px height_norm=0.243 margin=41.38 distance=None
[exp2] center_error=-0.169 yaw_error_deg=-3.47 yaw_source=fov_pnp corner_error_deg=13.77 height_norm=0.243
[exp2] longitudinal correction direction=forward
[tag] backend=pupil_apriltags id=0 center=(106.6,205.1) error_x=-0.167 yaw_deg=-3.75 height=58.5px height_norm=0.244 margin=41.32 distance=None
[exp2] center_error=-0.167 yaw_error_deg=-3.75 yaw_source=fov_pnp corner_error_deg=13.55 height_norm=0.244
[exp2] longitudinal correction direction=forward
[tag] backend=pupil_apriltags id=0 center=(108.7,205.5) error_x=-0.160 yaw_deg=-4.42 height=58.9px height_norm=0.246 margin=41.65 distance=None
[exp2] center_error=-0.160 yaw_error_deg=-4.42 yaw_source=fov_pnp corner_error_deg=13.11 height_norm=0.246
[map] motion direction=forward speed=0.2 effective_seconds=0.32561206817626953 pose={'x_m': -0.15046084749249455, 'y_m': -0.04450435484883942, 'heading_rad': -0.07021767959562286}
[base] continuous stop label=exp2_center_align elapsed=0.326s
[base] stop
[base] exp2_yaw_align direction=right requested_speed=0.15 effective_speed=0.15 seconds=0.442266784161413
[map] motion direction=right speed=0.15 effective_seconds=0.442266784161413 pose={'x_m': -0.15046084749249455, 'y_m': -0.04450435484883942, 'heading_rad': 0.006972435962619983}
[visual-turn] label=exp2_yaw_align direction=right angle_deg=4.42 speed=0.15 seconds=0.442
[exp2] yaw correction direction=right seconds=0.442
[tag] backend=pupil_apriltags id=0 center=(98.7,207.3) error_x=-0.191 yaw_deg=-4.31 height=59.7px height_norm=0.249 margin=40.59 distance=None
[exp2] center_error=-0.191 yaw_error_deg=-4.31 yaw_source=fov_pnp corner_error_deg=14.26 height_norm=0.249
[base] stop
[base] exp2_yaw_align direction=right requested_speed=0.15 effective_speed=0.15 seconds=0.4309156416093943
[map] motion direction=right speed=0.15 effective_seconds=0.4309156416093943 pose={'x_m': -0.15046084749249455, 'y_m': -0.04450435484883942, 'heading_rad': 0.08218140340690283}
[visual-turn] label=exp2_yaw_align direction=right angle_deg=4.31 speed=0.15 seconds=0.431
[exp2] yaw correction direction=right seconds=0.431
[tag] backend=pupil_apriltags id=0 center=(82.2,208.1) error_x=-0.243 yaw_deg=-0.99 height=59.0px height_norm=0.246 margin=39.73 distance=None
[exp2] center_error=-0.243 yaw_error_deg=-0.99 yaw_source=fov_pnp corner_error_deg=16.89 height_norm=0.246
[base] continuous start label=exp2_center_align direction=forward requested_speed=0.2 effective_speed=0.2
[exp2] longitudinal correction direction=forward
[tag] backend=pupil_apriltags id=0 center=(80.1,208.2) error_x=-0.250 yaw_deg=-0.4 height=58.8px height_norm=0.245 margin=39.55 distance=None
[exp2] center_error=-0.250 yaw_error_deg=-0.4 yaw_source=fov_pnp corner_error_deg=17.21 height_norm=0.245
[exp2] longitudinal correction direction=forward
[tag] backend=pupil_apriltags id=0 center=(80.0,208.3) error_x=-0.250 yaw_deg=-0.48 height=58.9px height_norm=0.246 margin=39.82 distance=None
[exp2] center_error=-0.250 yaw_error_deg=-0.48 yaw_source=fov_pnp corner_error_deg=17.23 height_norm=0.246
[exp2] longitudinal correction direction=forward
[tag] backend=pupil_apriltags id=0 center=(80.2,208.5) error_x=-0.249 yaw_deg=-0.74 height=59.1px height_norm=0.246 margin=39.38 distance=None
[exp2] center_error=-0.249 yaw_error_deg=-0.74 yaw_source=fov_pnp corner_error_deg=17.31 height_norm=0.246
[exp2] longitudinal correction direction=forward
[tag] backend=pupil_apriltags id=0 center=(81.0,208.6) error_x=-0.247 yaw_deg=-0.79 height=59.3px height_norm=0.247 margin=39.66 distance=None
[exp2] center_error=-0.247 yaw_error_deg=-0.79 yaw_source=fov_pnp corner_error_deg=17.42 height_norm=0.247
[exp2] longitudinal correction direction=forward
[tag] backend=pupil_apriltags id=0 center=(82.2,208.9) error_x=-0.243 yaw_deg=-1.24 height=59.8px height_norm=0.249 margin=39.91 distance=None
[exp2] center_error=-0.243 yaw_error_deg=-1.24 yaw_source=fov_pnp corner_error_deg=17.17 height_norm=0.249
[exp2] longitudinal correction direction=forward
[tag] backend=pupil_apriltags id=0 center=(83.5,209.2) error_x=-0.239 yaw_deg=-1.77 height=60.1px height_norm=0.250 margin=39.90 distance=None
[exp2] center_error=-0.239 yaw_error_deg=-1.77 yaw_source=fov_pnp corner_error_deg=16.73 height_norm=0.250
[exp2] longitudinal correction direction=forward
[tag] backend=pupil_apriltags id=0 center=(86.0,209.5) error_x=-0.231 yaw_deg=-2.38 height=60.3px height_norm=0.251 margin=40.21 distance=None
[exp2] center_error=-0.231 yaw_error_deg=-2.38 yaw_source=fov_pnp corner_error_deg=16.74 height_norm=0.251
[exp2] longitudinal correction direction=forward
[tag] backend=pupil_apriltags id=0 center=(87.6,209.8) error_x=-0.226 yaw_deg=-2.7 height=60.5px height_norm=0.252 margin=40.28 distance=None
[exp2] center_error=-0.226 yaw_error_deg=-2.7 yaw_source=fov_pnp corner_error_deg=16.64 height_norm=0.252
[exp2] longitudinal correction direction=forward
[tag] backend=pupil_apriltags id=0 center=(89.1,210.1) error_x=-0.221 yaw_deg=-3.77 height=61.0px height_norm=0.254 margin=40.49 distance=None
[exp2] center_error=-0.221 yaw_error_deg=-3.77 yaw_source=fov_pnp corner_error_deg=16.05 height_norm=0.254
[exp2] longitudinal correction direction=forward
[tag] backend=pupil_apriltags id=0 center=(90.2,210.0) error_x=-0.218 yaw_deg=-3.7 height=60.7px height_norm=0.253 margin=40.87 distance=None
[exp2] center_error=-0.218 yaw_error_deg=-3.7 yaw_source=fov_pnp corner_error_deg=15.93 height_norm=0.253
[exp2] longitudinal correction direction=forward
[tag] backend=pupil_apriltags id=0 center=(90.5,210.2) error_x=-0.217 yaw_deg=-4.04 height=61.1px height_norm=0.254 margin=40.86 distance=None
[exp2] center_error=-0.217 yaw_error_deg=-4.04 yaw_source=fov_pnp corner_error_deg=15.94 height_norm=0.254
[map] motion direction=forward speed=0.2 effective_seconds=0.44164443016052246 pose={'x_m': -0.14928258865235708, 'y_m': -0.0301993536185401, 'heading_rad': 0.08218140340690283}
[base] continuous stop label=exp2_center_align elapsed=0.442s
[base] stop
[base] exp2_yaw_align direction=right requested_speed=0.15 effective_speed=0.15 seconds=0.40371353446410424
[map] motion direction=right speed=0.15 effective_seconds=0.40371353446410424 pose={'x_m': -0.14928258865235708, 'y_m': -0.0301993536185401, 'heading_rad': 0.1526427075195298}
[visual-turn] label=exp2_yaw_align direction=right angle_deg=4.04 speed=0.15 seconds=0.404
[exp2] yaw correction direction=right seconds=0.404
[tag] backend=pupil_apriltags id=0 center=(84.5,209.9) error_x=-0.236 yaw_deg=-1.76 height=58.0px height_norm=0.242 margin=39.35 distance=None
[exp2] center_error=-0.236 yaw_error_deg=-1.76 yaw_source=fov_pnp corner_error_deg=19.42 height_norm=0.242
[base] continuous start label=exp2_center_align direction=forward requested_speed=0.2 effective_speed=0.2
[exp2] longitudinal correction direction=forward
[tag] backend=pupil_apriltags id=0 center=(83.4,210.2) error_x=-0.239 yaw_deg=-1.83 height=58.4px height_norm=0.243 margin=36.46 distance=None
[exp2] center_error=-0.239 yaw_error_deg=-1.83 yaw_source=fov_pnp corner_error_deg=19.22 height_norm=0.243
[exp2] longitudinal correction direction=forward
[tag] backend=pupil_apriltags id=0 center=(83.7,209.8) error_x=-0.238 yaw_deg=-1.25 height=57.6px height_norm=0.240 margin=39.58 distance=None
[exp2] center_error=-0.238 yaw_error_deg=-1.25 yaw_source=fov_pnp corner_error_deg=20.25 height_norm=0.240
[exp2] longitudinal correction direction=forward
[tag] backend=pupil_apriltags id=0 center=(84.2,210.3) error_x=-0.237 yaw_deg=-2.05 height=58.6px height_norm=0.244 margin=39.30 distance=None
[exp2] center_error=-0.237 yaw_error_deg=-2.05 yaw_source=fov_pnp corner_error_deg=19.34 height_norm=0.244
[exp2] longitudinal correction direction=forward
[tag] no detections
[map] motion direction=forward speed=0.2 effective_seconds=0.1659994125366211 pose={'x_m': -0.148462278350627, 'y_m': -0.024867101748971332, 'heading_rad': 0.1526427075195298}
[base] continuous stop label=exp2_center_align elapsed=0.166s
[base] stop
[tag] no detections
[base] stop
[tag] no detections
[base] stop
[tag] backend=pupil_apriltags id=0 center=(88.2,210.3) error_x=-0.224 yaw_deg=-2.96 height=58.0px height_norm=0.242 margin=37.19 distance=None
[exp2] center_error=-0.224 yaw_error_deg=-2.96 yaw_source=fov_pnp corner_error_deg=19.26 height_norm=0.242
[base] continuous start label=exp2_center_align direction=forward requested_speed=0.2 effective_speed=0.2
[exp2] longitudinal correction direction=forward
[tag] no detections
[map] motion direction=forward speed=0.2 effective_seconds=0.05374479293823242 pose={'x_m': -0.1481966906196954, 'y_m': -0.023140705442832275, 'heading_rad': 0.1526427075195298}
[base] continuous stop label=exp2_center_align elapsed=0.054s
[base] stop
[tag] no detections
[base] stop
[tag] no detections
[base] stop
[tag] no detections
[base] stop
[tag] no detections
[base] stop
[tag] no detections
[base] stop
[tag] no detections
[base] stop
[tag] no detections
[base] stop
[tag] no detections
[base] stop
[tag] no detections
[base] stop
[base] stop
[arm] pose carry
[arm] carry servo=5 angle=0 speed=85
[arm] carry servo=4 angle=-40 speed=85
[arm] carry servo=3 angle=45 speed=85
[arm] carry servo=2 angle=60 speed=85
[arm] carry servo=1 angle=-16 speed=85
[exp2] side docking aborted; forward camera pose restored
[fsm] BIN_SIDE_DOCKING --TARGET_MISSING--> INTERMEDIATE reason=exp2 side tag lost
[fsm] INTERMEDIATE --RETRY--> PLANNING reason=retry 1/2 after BIN_SIDE_DOCKING
[fsm] PLANNING --MAP_TARGET_AVAILABLE--> MAP_NAVIGATING
[can] backend=detectnet_native no detections
[tag] backend=pupil_apriltags id=0 center=(243.4,202.2) error_x=0.261 yaw_deg=-13.61 height=53.5px height_norm=0.223 margin=40.87 distance=None
[base] stop
[fsm] MAP_NAVIGATING --TARGET_FOUND--> ALIGNING
[can] backend=detectnet_native no detections
[tag] backend=pupil_apriltags id=0 center=(252.6,202.4) error_x=0.289 yaw_deg=-14.75 height=53.2px height_norm=0.222 margin=42.13 distance=None
[base] continuous start label=align_bin direction=right requested_speed=0.15 effective_speed=0.15
[visual-turn] label=align_bin direction=right speed=0.15
[can] backend=detectnet_native no detections
[tag] backend=pupil_apriltags id=0 center=(261.3,202.4) error_x=0.316 yaw_deg=-16.55 height=52.8px height_norm=0.220 margin=32.95 distance=None
[can] backend=detectnet_native no detections
[tag] backend=pupil_apriltags id=0 center=(266.6,202.7) error_x=0.333 yaw_deg=-16.8 height=52.6px height_norm=0.219 margin=37.69 distance=None
[can] backend=detectnet_native no detections
[tag] backend=pupil_apriltags id=0 center=(274.2,202.8) error_x=0.357 yaw_deg=-18.31 height=52.2px height_norm=0.217 margin=31.69 distance=None
[can] backend=detectnet_native no detections
[tag] backend=pupil_apriltags id=0 center=(279.2,203.1) error_x=0.372 yaw_deg=-18.72 height=51.6px height_norm=0.215 margin=33.69 distance=None
[can] backend=detectnet_native no detections
[tag] backend=pupil_apriltags id=0 center=(279.2,203.1) error_x=0.373 yaw_deg=-18.58 height=51.6px height_norm=0.215 margin=33.58 distance=None
[can] backend=detectnet_native no detections
[tag] backend=pupil_apriltags id=0 center=(281.1,203.3) error_x=0.378 yaw_deg=-18.8 height=51.2px height_norm=0.213 margin=29.89 distance=None
[can] backend=detectnet_native no detections
[tag] backend=pupil_apriltags id=0 center=(285.4,203.4) error_x=0.392 yaw_deg=-19.52 height=51.0px height_norm=0.212 margin=28.41 distance=None
[can] backend=detectnet_native no detections
[tag] backend=pupil_apriltags id=0 center=(285.1,203.3) error_x=0.391 yaw_deg=-19.39 height=51.0px height_norm=0.213 margin=31.50 distance=None
[can] backend=detectnet_native no detections
[tag] backend=pupil_apriltags id=0 center=(287.9,203.3) error_x=0.400 yaw_deg=-19.89 height=51.0px height_norm=0.212 margin=25.41 distance=None
[can] backend=detectnet_native no detections
[tag] backend=pupil_apriltags id=0 center=(289.6,203.4) error_x=0.405 yaw_deg=-20.25 height=50.9px height_norm=0.212 margin=29.39 distance=None
[can] backend=detectnet_native no detections
[tag] no detections
[map] motion direction=right speed=0.15 effective_seconds=0.7649297714233398 pose={'x_m': -0.1481966906196954, 'y_m': -0.023140705442832275, 'heading_rad': 0.28614813809818784}
[base] continuous stop label=align_bin elapsed=0.765s
[base] stop
[can] backend=detectnet_native no detections
[tag] no detections
[base] stop
[can] backend=detectnet_native no detections
[tag] no detections
[base] stop
[can] backend=detectnet_native no detections
[tag] no detections
[base] stop
[can] backend=detectnet_native no detections
[tag] no detections
[base] stop
[can] backend=detectnet_native no detections
[tag] no detections
[base] stop
[can] backend=detectnet_native no detections
[tag] no detections
[base] stop
[can] backend=detectnet_native no detections
[tag] no detections
[base] stop
[base] stop
[fsm] ALIGNING --TARGET_MISSING--> SEARCHING reason=alignment target lost
[can] backend=detectnet_native no detections
[tag] backend=pupil_apriltags id=0 center=(246.5,169.1) error_x=0.270 yaw_deg=-12.37 height=46.1px height_norm=0.192 margin=34.01 distance=None
[base] stop
[fsm] SEARCHING --TARGET_FOUND--> ALIGNING
[can] backend=detectnet_native no detections
[tag] backend=pupil_apriltags id=0 center=(238.0,165.1) error_x=0.244 yaw_deg=-11.3 height=44.4px height_norm=0.185 margin=36.27 distance=None
[base] continuous start label=align_bin direction=right requested_speed=0.15 effective_speed=0.15
[visual-turn] label=align_bin direction=right speed=0.15
[can] backend=detectnet_native no detections
[tag] no detections
[map] motion direction=right speed=0.15 effective_seconds=0.0787818431854248 pose={'x_m': -0.1481966906196954, 'y_m': -0.023140705442832275, 'heading_rad': 0.29989816364194377}
[base] continuous stop label=align_bin elapsed=0.079s
[base] stop
[can] backend=detectnet_native no detections
[tag] backend=pupil_apriltags id=0 center=(183.3,157.2) error_x=0.073 yaw_deg=-6.55 height=37.9px height_norm=0.158 margin=43.94 distance=None
[base] stop
[fsm] ALIGNING --TARGET_ALIGNED--> APPROACHING
[can] backend=detectnet_native no detections
[tag] backend=pupil_apriltags id=0 center=(174.4,154.8) error_x=0.045 yaw_deg=-6.48 height=37.2px height_norm=0.155 margin=36.98 distance=None
[approach] target=bin mode=bbox_height value=0.155 threshold=0.16 error_x=0.045
[base] continuous start label=approach_bin_forward direction=forward requested_speed=0.6 effective_speed=0.6
[can] backend=detectnet_native no detections
[tag] backend=pupil_apriltags id=0 center=(159.0,151.4) error_x=-0.003 yaw_deg=-5.63 height=35.8px height_norm=0.149 margin=37.37 distance=None
[approach] target=bin mode=bbox_height value=0.149 threshold=0.16 error_x=-0.003
[can] backend=detectnet_native no detections
[tag] backend=pupil_apriltags id=0 center=(150.0,150.7) error_x=-0.031 yaw_deg=-5.59 height=35.3px height_norm=0.147 margin=43.96 distance=None
[approach] target=bin mode=bbox_height value=0.147 threshold=0.16 error_x=-0.031
[can] backend=detectnet_native no detections
[tag] backend=pupil_apriltags id=0 center=(141.5,152.6) error_x=-0.058 yaw_deg=-8.27 height=35.5px height_norm=0.148 margin=42.65 distance=None
[approach] target=bin mode=bbox_height value=0.148 threshold=0.16 error_x=-0.058
[can] backend=detectnet_native no detections
[tag] backend=pupil_apriltags id=0 center=(137.4,152.6) error_x=-0.071 yaw_deg=-6.26 height=35.5px height_norm=0.148 margin=45.04 distance=None
[approach] target=bin mode=bbox_height value=0.148 threshold=0.16 error_x=-0.071
[can] backend=detectnet_native no detections
[tag] backend=pupil_apriltags id=0 center=(136.6,154.1) error_x=-0.073 yaw_deg=-3.68 height=35.4px height_norm=0.147 margin=44.16 distance=None
[approach] target=bin mode=bbox_height value=0.147 threshold=0.16 error_x=-0.073
[can] backend=detectnet_native no detections
[tag] backend=pupil_apriltags id=0 center=(138.1,158.3) error_x=-0.068 yaw_deg=-3.82 height=35.5px height_norm=0.148 margin=42.77 distance=None
[approach] target=bin mode=bbox_height value=0.148 threshold=0.16 error_x=-0.068
[can] backend=detectnet_native no detections
[tag] backend=pupil_apriltags id=0 center=(141.5,164.5) error_x=-0.058 yaw_deg=-2.59 height=36.2px height_norm=0.151 margin=43.07 distance=None
[approach] target=bin mode=bbox_height value=0.151 threshold=0.16 error_x=-0.058
[can] backend=detectnet_native no detections
[tag] backend=pupil_apriltags id=0 center=(146.0,165.5) error_x=-0.044 yaw_deg=-4.93 height=37.5px height_norm=0.156 margin=44.09 distance=None
[approach] target=bin mode=bbox_height value=0.156 threshold=0.16 error_x=-0.044
[can] backend=detectnet_native no detections
[tag] backend=pupil_apriltags id=0 center=(147.6,168.5) error_x=-0.039 yaw_deg=-4.83 height=38.2px height_norm=0.159 margin=44.11 distance=None
[approach] target=bin mode=bbox_height value=0.159 threshold=0.16 error_x=-0.039
[can] backend=detectnet_native no detections
[tag] backend=pupil_apriltags id=0 center=(150.8,171.5) error_x=-0.029 yaw_deg=-4.07 height=39.6px height_norm=0.165 margin=44.54 distance=None
[approach] target=bin mode=bbox_height value=0.165 threshold=0.16 error_x=-0.029
[map] motion direction=forward speed=0.6 effective_seconds=0.670058012008667 pose={'x_m': -0.1276593270165044, 'y_m': 0.04327496397978412, 'heading_rad': 0.29989816364194377}
[base] continuous stop label=approach_bin_forward elapsed=0.670s
[base] stop
[fsm] APPROACHING --TARGET_REACHED--> FINAL_VERIFY
[can] backend=detectnet_native no detections
[tag] backend=pupil_apriltags id=0 center=(162.4,175.7) error_x=0.008 yaw_deg=-4.61 height=41.9px height_norm=0.174 margin=45.25 distance=None
[base] stop
[can] backend=detectnet_native no detections
[tag] backend=pupil_apriltags id=0 center=(171.1,178.2) error_x=0.035 yaw_deg=-5.29 height=42.8px height_norm=0.178 margin=47.04 distance=None
[base] stop
[fsm] FINAL_VERIFY --SIDE_DOCK_REQUIRED--> BIN_SIDE_DOCKING
[base] stop
[exp2] phase=side_view_pose base_direction=left reference_base_angle_deg=90.00 servo1_fixed=70
[arm] pose side_view_grabbing
[arm] side_view_grabbing servo=5 angle=0 speed=85
[arm] side_view_grabbing servo=4 angle=-40 speed=85
[arm] side_view_grabbing servo=3 angle=45 speed=85
[arm] side_view_grabbing servo=2 angle=60 speed=85
[arm] side_view_grabbing servo=1 angle=70 speed=85
[arm-position] side_view_grabbing waiting for motion to settle servos=[1, 2, 3, 4, 5] stability_delta=3 min_wait=0.5 timeout=10.0 stable_samples=2
[arm-position] side_view_grabbing waiting positions={1: 508, 2: 803, 3: 719, 4: 344, 5: 509} movement={} read_errors=[]
[arm-position] side_view_grabbing waiting positions={1: 522, 2: 803, 3: 719, 4: 344, 5: 509} movement={1: 14, 2: 0, 3: 0, 4: 0, 5: 0} read_errors=[]
[arm-position] side_view_grabbing waiting positions={1: 535, 2: 803, 3: 719, 4: 344, 5: 509} movement={1: 13, 2: 0, 3: 0, 4: 0, 5: 0} read_errors=[]
[arm-position] side_view_grabbing waiting positions={1: 548, 2: 803, 3: 719, 4: 344, 5: 509} movement={1: 13, 2: 0, 3: 0, 4: 0, 5: 0} read_errors=[]
[arm-position] side_view_grabbing waiting positions={1: 560, 2: 803, 3: 719, 4: 344, 5: 509} movement={1: 12, 2: 0, 3: 0, 4: 0, 5: 0} read_errors=[]
[arm-position] side_view_grabbing waiting positions={1: 573, 2: 803, 3: 719, 4: 344, 5: 508} movement={1: 13, 2: 0, 3: 0, 4: 0, 5: 1} read_errors=[]
[arm-position] side_view_grabbing waiting positions={1: 586, 2: 803, 3: 719, 4: 344, 5: 509} movement={1: 13, 2: 0, 3: 0, 4: 0, 5: 1} read_errors=[]
[arm-position] side_view_grabbing waiting positions={1: 600, 2: 803, 3: 719, 4: 344, 5: 509} movement={1: 14, 2: 0, 3: 0, 4: 0, 5: 0} read_errors=[]
[arm-position] side_view_grabbing waiting positions={1: 614, 2: 802, 3: 719, 4: 344, 5: 509} movement={1: 14, 2: 1, 3: 0, 4: 0, 5: 0} read_errors=[]
[arm-position] side_view_grabbing waiting positions={1: 626, 2: 803, 3: 719, 4: 344, 5: 508} movement={1: 12, 2: 1, 3: 0, 4: 0, 5: 1} read_errors=[]
[arm-position] side_view_grabbing waiting positions={1: 640, 2: 803, 3: 719, 4: 344, 5: 508} movement={1: 14, 2: 0, 3: 0, 4: 0, 5: 0} read_errors=[]
[arm-position] side_view_grabbing waiting positions={1: 654, 2: 803, 3: 719, 4: 344, 5: 508} movement={1: 14, 2: 0, 3: 0, 4: 0, 5: 0} read_errors=[]
[arm-position] side_view_grabbing waiting positions={1: 665, 2: 802, 3: 719, 4: 344, 5: 508} movement={1: 11, 2: 1, 3: 0, 4: 0, 5: 0} read_errors=[]
[arm-position] side_view_grabbing waiting positions={1: 678, 2: 803, 3: 719, 4: 344, 5: 509} movement={1: 13, 2: 1, 3: 0, 4: 0, 5: 1} read_errors=[]
[arm-position] side_view_grabbing waiting positions={1: 692, 2: 803, 3: 719, 4: 344, 5: 509} movement={1: 14, 2: 0, 3: 0, 4: 0, 5: 0} read_errors=[]
[arm-position] side_view_grabbing waiting positions={1: 703, 2: 803, 3: 719, 4: 344, 5: 509} movement={1: 11, 2: 0, 3: 0, 4: 0, 5: 0} read_errors=[]
[arm-position] side_view_grabbing waiting positions={1: 717, 2: 802, 3: 719, 4: 344, 5: 508} movement={1: 14, 2: 1, 3: 0, 4: 0, 5: 1} read_errors=[]
[arm-position] side_view_grabbing waiting positions={1: 732, 2: 803, 3: 719, 4: 344, 5: 508} movement={1: 15, 2: 1, 3: 0, 4: 0, 5: 0} read_errors=[]
[arm-position] side_view_grabbing waiting positions={1: 745, 2: 802, 3: 719, 4: 344, 5: 509} movement={1: 13, 2: 1, 3: 0, 4: 0, 5: 1} read_errors=[]
[arm-position] side_view_grabbing waiting positions={1: 757, 2: 803, 3: 719, 4: 344, 5: 509} movement={1: 12, 2: 1, 3: 0, 4: 0, 5: 0} read_errors=[]
[arm-position] side_view_grabbing waiting positions={1: 771, 2: 803, 3: 719, 4: 344, 5: 509} movement={1: 14, 2: 0, 3: 0, 4: 0, 5: 0} read_errors=[]
[arm-position] side_view_grabbing waiting positions={1: 783, 2: 803, 3: 719, 4: 344, 5: 508} movement={1: 12, 2: 0, 3: 0, 4: 0, 5: 1} read_errors=[]
[arm-position] side_view_grabbing waiting positions={1: 794, 2: 803, 3: 719, 4: 344, 5: 509} movement={1: 11, 2: 0, 3: 0, 4: 0, 5: 1} read_errors=[]
[arm-position] side_view_grabbing waiting positions={1: 810, 2: 803, 3: 719, 4: 344, 5: 509} movement={1: 16, 2: 0, 3: 0, 4: 0, 5: 0} read_errors=[]
[arm-position] side_view_grabbing waiting positions={1: 823, 2: 803, 3: 719, 4: 344, 5: 509} movement={1: 13, 2: 0, 3: 0, 4: 0, 5: 0} read_errors=[]
[arm-position] side_view_grabbing waiting positions={1: 835, 2: 803, 3: 719, 4: 344, 5: 509} movement={1: 12, 2: 0, 3: 0, 4: 0, 5: 0} read_errors=[]
[arm-position] side_view_grabbing settled positions={1: 836, 2: 803, 3: 719, 4: 344, 5: 509} movement={1: 0, 2: 0, 3: 0, 4: 0, 5: 0} elapsed=4.17s
[base] exp2_side_entry_turn direction=left requested_speed=0.15 effective_speed=0.15 seconds=8.9
[map] motion direction=left speed=0.15 effective_seconds=8.9 pose={'x_m': -0.1276593270165044, 'y_m': 0.04327496397978412, 'heading_rad': -1.2708981631530563}
[exp2] side entry direction=left angle_deg=90.00 speed=0.15 seconds=8.900
[exp2] phase=geometry_alignment_ready
[fsm] stop requested; ending run without mission failure
[media] shutdown result={'stopped': True, 'stopping': False, 'last_recording': None, 'last_events': None}
[fsm] stop_all owner=Thread-20
[base] stop
[arm] pose safe_home
[arm] safe_home servo=5 angle=0 speed=85
[arm] safe_home servo=4 angle=0 speed=85
[arm] safe_home servo=3 angle=0 speed=85
[arm] safe_home servo=2 angle=0 speed=85
[arm] safe_home servo=1 angle=-16 speed=85
[camera] stopped
[depth] stop
[result] False
[integration] STOPPED elapsed=184.4s
