
>>> run_full_background log=/workspace/robot_code/temp_car/logs/integration_run_full_20260907_063952.log
[fsm] IDLE --START--> INITIALIZING
[depth] loading network fcn-mobilenet
[camera] starting JetBot Camera 320x240
[warmup] frame 1/2 processed
[warmup] frame 2/2 processed
[depth] started enabled=True
[arm] pose safe_home
[arm] TTLServo connected
[arm] safe_home servo=5 angle=0 speed=85
[arm] safe_home servo=4 angle=0 speed=85
[arm] safe_home servo=3 angle=0 speed=85
[arm] safe_home servo=2 angle=0 speed=85
[arm] safe_home servo=1 angle=-16 speed=85
[base] stop
[fsm] INITIALIZING --INITIALIZED--> PLANNING
[fsm] PLANNING --TARGET_REQUIRED--> SEARCHING
[can] loading native detectNet model=/workspace/robot_code/temp_car/assets/models/detectnet_native_can/can_ssd_mobilenet_v1.onnx
[can] native detectNet loaded threshold=0.200 clustering=0.300
[can] backend=detectnet_native no detections
[base] Robot connected
[base] continuous start label=search_can_routine_2_step_0 direction=forward requested_speed=0.6 effective_speed=0.6
[can] backend=detectnet_native no detections
[map] motion direction=forward speed=0.6 effective_seconds=0.06622433662414551 pose={'x_m': 0.0, 'y_m': 0.006870774924755096, 'heading_rad': 0.0}
[can] backend=detectnet_native no detections
[map] motion direction=forward speed=0.6 effective_seconds=0.06673264503479004 pose={'x_m': 0.0, 'y_m': 0.013794286847114562, 'heading_rad': 0.0}
[can] backend=detectnet_native no detections
[map] motion direction=forward speed=0.6 effective_seconds=0.06661581993103027 pose={'x_m': 0.0, 'y_m': 0.02070567816495895, 'heading_rad': 0.0}
[can] backend=detectnet_native no detections
[map] motion direction=forward speed=0.6 effective_seconds=0.0628058910369873 pose={'x_m': 0.0, 'y_m': 0.027221789360046385, 'heading_rad': 0.0}
[can] backend=detectnet_native no detections
[map] motion direction=forward speed=0.6 effective_seconds=0.05066680908203125 pose={'x_m': 0.0, 'y_m': 0.032478470802307126, 'heading_rad': 0.0}
[can] backend=detectnet_native no detections
[map] motion direction=forward speed=0.6 effective_seconds=0.05431365966796875 pose={'x_m': 0.0, 'y_m': 0.03811351299285888, 'heading_rad': 0.0}
[can] backend=detectnet_native no detections
[map] motion direction=forward speed=0.6 effective_seconds=0.054395437240600586 pose={'x_m': 0.0, 'y_m': 0.043757039606571194, 'heading_rad': 0.0}
[can] backend=detectnet_native no detections
[map] motion direction=forward speed=0.6 effective_seconds=0.050942182540893555 pose={'x_m': 0.0, 'y_m': 0.049042291045188896, 'heading_rad': 0.0}
[can] backend=detectnet_native no detections
[map] motion direction=forward speed=0.6 effective_seconds=0.0504915714263916 pose={'x_m': 0.0, 'y_m': 0.05428079158067702, 'heading_rad': 0.0}
[can] backend=detectnet_native no detections
[map] motion direction=forward speed=0.6 effective_seconds=0.05090641975402832 pose={'x_m': 0.0, 'y_m': 0.059562332630157463, 'heading_rad': 0.0}
[can] backend=detectnet_native no detections
[map] motion direction=forward speed=0.6 effective_seconds=0.04885435104370117 pose={'x_m': 0.0, 'y_m': 0.06463097155094145, 'heading_rad': 0.0}
[can] backend=detectnet_native no detections
[map] motion direction=forward speed=0.6 effective_seconds=0.04888582229614258 pose={'x_m': 0.0, 'y_m': 0.06970287561416624, 'heading_rad': 0.0}
[can] backend=detectnet_native no detections
[map] motion direction=forward speed=0.6 effective_seconds=0.050772905349731445 pose={'x_m': 0.0, 'y_m': 0.07497056454420088, 'heading_rad': 0.0}
[can] backend=detectnet_native no detections
[map] motion direction=forward speed=0.6 effective_seconds=0.047516584396362305 pose={'x_m': 0.0, 'y_m': 0.07990041017532347, 'heading_rad': 0.0}
[can] backend=detectnet_native no detections
[map] motion direction=forward speed=0.6 effective_seconds=0.047391414642333984 pose={'x_m': 0.0, 'y_m': 0.08481726944446562, 'heading_rad': 0.0}
[can] backend=detectnet_native detections=1 best_confidence=0.241
[can] backend=detectnet_native confidence=0.241 class_id=1 center=(156.0,66.0) error_x=-0.013 bbox=[116.953125, 0.0, 195.0, 131.953125]
[map] motion direction=forward speed=0.6 effective_seconds=0.06610107421875 pose={'x_m': 0.0, 'y_m': 0.09167525589466093, 'heading_rad': 0.0}
[base] continuous stop label=search_can_routine_2_step_0 elapsed=0.066s
[base] stop
[fsm] SEARCHING --TARGET_FOUND--> ALIGNING
[can] backend=detectnet_native no detections
[base] stop
[can] backend=detectnet_native no detections
[base] stop
[can] backend=detectnet_native no detections
[base] stop
[can] backend=detectnet_native no detections
[base] stop
[can] backend=detectnet_native no detections
[base] stop
[can] backend=detectnet_native no detections
[base] stop
[can] backend=detectnet_native no detections
[base] stop
[can] backend=detectnet_native no detections
[base] stop
[fsm] ALIGNING --TARGET_MISSING--> SEARCHING reason=alignment target lost
[can] backend=detectnet_native no detections
[base] continuous start label=search_can_routine_2_step_0 direction=forward requested_speed=0.6 effective_speed=0.6
[can] backend=detectnet_native no detections
[map] motion direction=forward speed=0.6 effective_seconds=0.04751300811767578 pose={'x_m': 0.0, 'y_m': 0.0966047304868698, 'heading_rad': 0.0}
[can] backend=detectnet_native no detections
[map] motion direction=forward speed=0.6 effective_seconds=0.04749727249145508 pose={'x_m': 0.0, 'y_m': 0.10153257250785826, 'heading_rad': 0.0}
[can] backend=detectnet_native no detections
[map] motion direction=forward speed=0.6 effective_seconds=0.04722929000854492 pose={'x_m': 0.0, 'y_m': 0.1064326113462448, 'heading_rad': 0.0}
[can] backend=detectnet_native no detections
[map] motion direction=forward speed=0.6 effective_seconds=0.04694867134094238 pose={'x_m': 0.0, 'y_m': 0.11130353599786756, 'heading_rad': 0.0}
[can] backend=detectnet_native no detections
[map] motion direction=forward speed=0.6 effective_seconds=0.04756879806518555 pose={'x_m': 0.0, 'y_m': 0.11623879879713056, 'heading_rad': 0.0}
[can] backend=detectnet_native no detections
[map] motion direction=forward speed=0.6 effective_seconds=0.04741168022155762 pose={'x_m': 0.0, 'y_m': 0.12115776062011717, 'heading_rad': 0.0}
[can] backend=detectnet_native no detections
[map] motion direction=forward speed=0.6 effective_seconds=0.04745602607727051 pose={'x_m': 0.0, 'y_m': 0.126081323325634, 'heading_rad': 0.0}
[can] backend=detectnet_native no detections
[map] motion direction=forward speed=0.6 effective_seconds=0.04789614677429199 pose={'x_m': 0.0, 'y_m': 0.1310505485534668, 'heading_rad': 0.0}
[can] backend=detectnet_native no detections
[map] motion direction=forward speed=0.6 effective_seconds=0.04718828201293945 pose={'x_m': 0.0, 'y_m': 0.13594633281230925, 'heading_rad': 0.0}
[can] backend=detectnet_native no detections
[map] motion direction=forward speed=0.6 effective_seconds=0.047931671142578125 pose={'x_m': 0.0, 'y_m': 0.14091924369335174, 'heading_rad': 0.0}
[can] backend=detectnet_native no detections
[map] motion direction=forward speed=0.6 effective_seconds=0.04694485664367676 pose={'x_m': 0.0, 'y_m': 0.1457897725701332, 'heading_rad': 0.0}
[can] backend=detectnet_native no detections
[map] motion direction=forward speed=0.6 effective_seconds=0.046793222427368164 pose={'x_m': 0.0, 'y_m': 0.15064456939697266, 'heading_rad': 0.0}
[can] backend=detectnet_native no detections
[map] motion direction=forward speed=0.6 effective_seconds=0.046991586685180664 pose={'x_m': 0.0, 'y_m': 0.15551994651556014, 'heading_rad': 0.0}
[can] backend=detectnet_native no detections
[map] motion direction=forward speed=0.6 effective_seconds=0.047066450119018555 pose={'x_m': 0.0, 'y_m': 0.16040309071540831, 'heading_rad': 0.0}
[can] backend=detectnet_native no detections
[map] motion direction=forward speed=0.6 effective_seconds=0.04756927490234375 pose={'x_m': 0.0, 'y_m': 0.16533840298652647, 'heading_rad': 0.0}
[can] backend=detectnet_native no detections
[map] motion direction=forward speed=0.6 effective_seconds=0.047592878341674805 pose={'x_m': 0.0, 'y_m': 0.17027616411447521, 'heading_rad': 0.0}
[can] backend=detectnet_native no detections
[map] motion direction=forward speed=0.6 effective_seconds=0.04745674133300781 pose={'x_m': 0.0, 'y_m': 0.17519980102777477, 'heading_rad': 0.0}
[can] backend=detectnet_native no detections
[map] motion direction=forward speed=0.6 effective_seconds=0.04784274101257324 pose={'x_m': 0.0, 'y_m': 0.18016348540782925, 'heading_rad': 0.0}
[can] backend=detectnet_native no detections
[map] motion direction=forward speed=0.6 effective_seconds=0.046979665756225586 pose={'x_m': 0.0, 'y_m': 0.18503762573003765, 'heading_rad': 0.0}
[can] backend=detectnet_native no detections
[map] motion direction=forward speed=0.6 effective_seconds=0.04692530632019043 pose={'x_m': 0.0, 'y_m': 0.1899061262607574, 'heading_rad': 0.0}
[can] backend=detectnet_native no detections
[map] motion direction=forward speed=0.6 effective_seconds=0.047011613845825195 pose={'x_m': 0.0, 'y_m': 0.19478358119726175, 'heading_rad': 0.0}
[can] backend=detectnet_native no detections
[map] motion direction=forward speed=0.6 effective_seconds=0.04702425003051758 pose={'x_m': 0.0, 'y_m': 0.19966234713792794, 'heading_rad': 0.0}
[can] backend=detectnet_native no detections
[map] motion direction=forward speed=0.6 effective_seconds=0.04716205596923828 pose={'x_m': 0.0, 'y_m': 0.2045554104447364, 'heading_rad': 0.0}
[can] backend=detectnet_native no detections
[map] motion direction=forward speed=0.6 effective_seconds=0.047222137451171875 pose={'x_m': 0.0, 'y_m': 0.2094547072052955, 'heading_rad': 0.0}
[can] backend=detectnet_native no detections
[map] motion direction=forward speed=0.6 effective_seconds=0.04699897766113281 pose={'x_m': 0.0, 'y_m': 0.21433085113763803, 'heading_rad': 0.0}
[can] backend=detectnet_native no detections
[map] motion direction=forward speed=0.6 effective_seconds=0.04702162742614746 pose={'x_m': 0.0, 'y_m': 0.21920934498310082, 'heading_rad': 0.0}
[can] backend=detectnet_native no detections
[map] motion direction=forward speed=0.6 effective_seconds=0.04700136184692383 pose={'x_m': 0.0, 'y_m': 0.22408573627471917, 'heading_rad': 0.0}
[can] backend=detectnet_native no detections
[map] motion direction=forward speed=0.6 effective_seconds=0.04801583290100098 pose={'x_m': 0.0, 'y_m': 0.22906737893819804, 'heading_rad': 0.0}
[can] backend=detectnet_native no detections
[map] motion direction=forward speed=0.6 effective_seconds=0.046948909759521484 pose={'x_m': 0.0, 'y_m': 0.2339383283257484, 'heading_rad': 0.0}
[can] backend=detectnet_native no detections
[map] motion direction=forward speed=0.6 effective_seconds=0.04975008964538574 pose={'x_m': 0.0, 'y_m': 0.23909990012645718, 'heading_rad': 0.0}
[can] backend=detectnet_native no detections
[map] motion direction=forward speed=0.6 effective_seconds=0.04712820053100586 pose={'x_m': 0.0, 'y_m': 0.24398945093154903, 'heading_rad': 0.0}
[can] backend=detectnet_native no detections
[map] motion direction=forward speed=0.6 effective_seconds=0.047281742095947266 pose={'x_m': 0.0, 'y_m': 0.24889493167400356, 'heading_rad': 0.0}
[can] backend=detectnet_native no detections
[map] motion direction=forward speed=0.6 effective_seconds=0.04745030403137207 pose={'x_m': 0.0, 'y_m': 0.2538179007172584, 'heading_rad': 0.0}
[can] backend=detectnet_native no detections
[map] motion direction=forward speed=0.6 effective_seconds=0.04743051528930664 pose={'x_m': 0.0, 'y_m': 0.25873881667852394, 'heading_rad': 0.0}
[can] backend=detectnet_native no detections
[map] motion direction=forward speed=0.6 effective_seconds=0.04711031913757324 pose={'x_m': 0.0, 'y_m': 0.26362651228904715, 'heading_rad': 0.0}
[can] backend=detectnet_native no detections
[map] motion direction=forward speed=0.6 effective_seconds=0.04715895652770996 pose={'x_m': 0.0, 'y_m': 0.26851925402879706, 'heading_rad': 0.0}
[can] backend=detectnet_native no detections
[map] motion direction=forward speed=0.6 effective_seconds=0.04930520057678223 pose={'x_m': 0.0, 'y_m': 0.2736346685886382, 'heading_rad': 0.0}
[can] backend=detectnet_native no detections
[map] motion direction=forward speed=0.6 effective_seconds=0.04723525047302246 pose={'x_m': 0.0, 'y_m': 0.2785353258252143, 'heading_rad': 0.0}
[can] backend=detectnet_native no detections
[map] motion direction=forward speed=0.6 effective_seconds=0.04786539077758789 pose={'x_m': 0.0, 'y_m': 0.28350136011838906, 'heading_rad': 0.0}
[can] backend=detectnet_native no detections
[map] motion direction=forward speed=0.6 effective_seconds=0.047162771224975586 pose={'x_m': 0.0, 'y_m': 0.28839449763298025, 'heading_rad': 0.0}
[can] backend=detectnet_native no detections
[map] motion direction=forward speed=0.6 effective_seconds=0.047515869140625 pose={'x_m': 0.0, 'y_m': 0.2933242690563201, 'heading_rad': 0.0}
[can] backend=detectnet_native no detections
[map] motion direction=forward speed=0.6 effective_seconds=0.04727292060852051 pose={'x_m': 0.0, 'y_m': 0.2982288345694541, 'heading_rad': 0.0}
[can] backend=detectnet_native no detections
[map] motion direction=forward speed=0.6 effective_seconds=0.04694533348083496 pose={'x_m': 0.0, 'y_m': 0.3030994129180907, 'heading_rad': 0.0}
[can] backend=detectnet_native no detections
[map] motion direction=forward speed=0.6 effective_seconds=0.04706573486328125 pose={'x_m': 0.0, 'y_m': 0.3079824829101562, 'heading_rad': 0.0}
[can] backend=detectnet_native no detections
[map] motion direction=forward speed=0.6 effective_seconds=0.04711580276489258 pose={'x_m': 0.0, 'y_m': 0.31287074744701376, 'heading_rad': 0.0}
[can] backend=detectnet_native no detections
[map] motion direction=forward speed=0.6 effective_seconds=0.04773569107055664 pose={'x_m': 0.0, 'y_m': 0.317823325395584, 'heading_rad': 0.0}
[can] backend=detectnet_native no detections
[map] motion direction=forward speed=0.6 effective_seconds=0.04752612113952637 pose={'x_m': 0.0, 'y_m': 0.32275416046380984, 'heading_rad': 0.0}
[can] backend=detectnet_native no detections
[map] motion direction=forward speed=0.6 effective_seconds=0.04738879203796387 pose={'x_m': 0.0, 'y_m': 0.32767074763774856, 'heading_rad': 0.0}
[can] backend=detectnet_native no detections
[map] motion direction=forward speed=0.6 effective_seconds=0.048644065856933594 pose={'x_m': 0.0, 'y_m': 0.3327175694704054, 'heading_rad': 0.0}
[can] backend=detectnet_native no detections
[map] motion direction=forward speed=0.6 effective_seconds=0.04733920097351074 pose={'x_m': 0.0, 'y_m': 0.3376290115714072, 'heading_rad': 0.0}
[can] backend=detectnet_native no detections
[map] motion direction=forward speed=0.6 effective_seconds=0.04712867736816406 pose={'x_m': 0.0, 'y_m': 0.3425186118483542, 'heading_rad': 0.0}
[can] backend=detectnet_native no detections
[map] motion direction=forward speed=0.6 effective_seconds=0.0471491813659668 pose={'x_m': 0.0, 'y_m': 0.34741033941507327, 'heading_rad': 0.0}
[can] backend=detectnet_native no detections
[map] motion direction=forward speed=0.6 effective_seconds=0.047379255294799805 pose={'x_m': 0.0, 'y_m': 0.35232593715190874, 'heading_rad': 0.0}
[can] backend=detectnet_native no detections
[map] motion direction=forward speed=0.6 effective_seconds=0.047158241271972656 pose={'x_m': 0.0, 'y_m': 0.3572186046838759, 'heading_rad': 0.0}
[can] backend=detectnet_native no detections
[map] motion direction=forward speed=0.6 effective_seconds=0.04734182357788086 pose={'x_m': 0.0, 'y_m': 0.362130318880081, 'heading_rad': 0.0}
[can] backend=detectnet_native no detections
[map] motion direction=forward speed=0.6 effective_seconds=0.04820394515991211 pose={'x_m': 0.0, 'y_m': 0.3671314781904219, 'heading_rad': 0.0}
[can] backend=detectnet_native no detections
[map] motion direction=forward speed=0.6 effective_seconds=0.04730558395385742 pose={'x_m': 0.0, 'y_m': 0.3720394325256346, 'heading_rad': 0.0}
[can] backend=detectnet_native no detections
[map] motion direction=forward speed=0.6 effective_seconds=0.047266483306884766 pose={'x_m': 0.0, 'y_m': 0.3769433301687239, 'heading_rad': 0.0}
[can] backend=detectnet_native no detections
[map] motion direction=forward speed=0.6 effective_seconds=0.047133684158325195 pose={'x_m': 0.0, 'y_m': 0.3818334499001501, 'heading_rad': 0.0}
[can] backend=detectnet_native no detections
[map] motion direction=forward speed=0.6 effective_seconds=0.04732108116149902 pose={'x_m': 0.0, 'y_m': 0.38674301207065565, 'heading_rad': 0.0}
[can] backend=detectnet_native no detections
[map] motion direction=forward speed=0.6 effective_seconds=0.04730820655822754 pose={'x_m': 0.0, 'y_m': 0.39165123850107175, 'heading_rad': 0.0}
[can] backend=detectnet_native no detections
[map] motion direction=forward speed=0.6 effective_seconds=0.047499656677246094 pose={'x_m': 0.0, 'y_m': 0.39657932788133604, 'heading_rad': 0.0}
[map] motion direction=forward speed=0.6 effective_seconds=0.01800060272216797 pose={'x_m': 0.0, 'y_m': 0.39844689041376097, 'heading_rad': 0.0}
[base] continuous stop label=search_can_routine_2_step_0 elapsed=0.018s
[base] stop
[can] backend=detectnet_native no detections
[base] continuous start label=search_can_routine_2_step_1 direction=left requested_speed=0.15 effective_speed=0.15
[can] backend=detectnet_native no detections
[map] motion direction=left speed=0.15 effective_seconds=0.047209739685058594 pose={'x_m': 0.0, 'y_m': 0.39844689041376097, 'heading_rad': -0.007130469777522741}
[can] backend=detectnet_native no detections
[map] motion direction=left speed=0.15 effective_seconds=0.047242164611816406 pose={'x_m': 0.0, 'y_m': 0.39844689041376097, 'heading_rad': -0.01426583695464645}
[can] backend=detectnet_native no detections
[map] motion direction=left speed=0.15 effective_seconds=0.04714226722717285 pose={'x_m': 0.0, 'y_m': 0.39844689041376097, 'heading_rad': -0.021386115819765017}
[can] backend=detectnet_native no detections
[map] motion direction=left speed=0.15 effective_seconds=0.04749321937561035 pose={'x_m': 0.0, 'y_m': 0.39844689041376097, 'heading_rad': -0.02855940183350336}
[can] backend=detectnet_native no detections
[map] motion direction=left speed=0.15 effective_seconds=0.04732322692871094 pose={'x_m': 0.0, 'y_m': 0.39844689041376097, 'heading_rad': -0.03570701250962882}
[can] backend=detectnet_native no detections
[map] motion direction=left speed=0.15 effective_seconds=0.04758882522583008 pose={'x_m': 0.0, 'y_m': 0.39844689041376097, 'heading_rad': -0.042894738650130826}
[can] backend=detectnet_native no detections
[map] motion direction=left speed=0.15 effective_seconds=0.04739975929260254 pose={'x_m': 0.0, 'y_m': 0.39844689041376097, 'heading_rad': -0.05005390862972581}
[can] backend=detectnet_native no detections
[map] motion direction=left speed=0.15 effective_seconds=0.047551631927490234 pose={'x_m': 0.0, 'y_m': 0.39844689041376097, 'heading_rad': -0.05723601716480342}
[can] backend=detectnet_native no detections
[map] motion direction=left speed=0.15 effective_seconds=0.04733991622924805 pose={'x_m': 0.0, 'y_m': 0.39844689041376097, 'heading_rad': -0.06438614856131153}
[can] backend=detectnet_native no detections
[map] motion direction=left speed=0.15 effective_seconds=0.04714202880859375 pose={'x_m': 0.0, 'y_m': 0.39844689041376097, 'heading_rad': -0.0715063914161389}
[can] backend=detectnet_native no detections
[map] motion direction=left speed=0.15 effective_seconds=0.04765748977661133 pose={'x_m': 0.0, 'y_m': 0.39844689041376097, 'heading_rad': -0.07870448852050149}
[can] backend=detectnet_native no detections
[map] motion direction=left speed=0.15 effective_seconds=0.04721379280090332 pose={'x_m': 0.0, 'y_m': 0.39844689041376097, 'heading_rad': -0.08583557047297452}
[can] backend=detectnet_native no detections
[map] motion direction=left speed=0.15 effective_seconds=0.047414302825927734 pose={'x_m': 0.0, 'y_m': 0.39844689041376097, 'heading_rad': -0.09299693708033141}
[can] backend=detectnet_native no detections
[map] motion direction=left speed=0.15 effective_seconds=0.04739689826965332 pose={'x_m': 0.0, 'y_m': 0.39844689041376097, 'heading_rad': -0.10015567493643207}
[can] backend=detectnet_native no detections
[map] motion direction=left speed=0.15 effective_seconds=0.047368764877319336 pose={'x_m': 0.0, 'y_m': 0.39844689041376097, 'heading_rad': -0.10731016357817325}
[can] backend=detectnet_native no detections
[map] motion direction=left speed=0.15 effective_seconds=0.047403573989868164 pose={'x_m': 0.0, 'y_m': 0.39844689041376097, 'heading_rad': -0.11446990972242688}
[can] backend=detectnet_native no detections
[map] motion direction=left speed=0.15 effective_seconds=0.047638654708862305 pose={'x_m': 0.0, 'y_m': 0.39844689041376097, 'heading_rad': -0.12166516201378608}
[can] backend=detectnet_native no detections
[map] motion direction=left speed=0.15 effective_seconds=0.047522544860839844 pose={'x_m': 0.0, 'y_m': 0.39844689041376097, 'heading_rad': -0.12884287729333987}
[can] backend=detectnet_native no detections
[map] motion direction=left speed=0.15 effective_seconds=0.04711008071899414 pose={'x_m': 0.0, 'y_m': 0.39844689041376097, 'heading_rad': -0.13595829476914867}
[can] backend=detectnet_native no detections
[map] motion direction=left speed=0.15 effective_seconds=0.04687166213989258 pose={'x_m': 0.0, 'y_m': 0.39844689041376097, 'heading_rad': -0.14303770195377563}
[can] backend=detectnet_native no detections
[map] motion direction=left speed=0.15 effective_seconds=0.0473475456237793 pose={'x_m': 0.0, 'y_m': 0.39844689041376097, 'heading_rad': -0.15018898567960193}
[can] backend=detectnet_native no detections
[map] motion direction=left speed=0.15 effective_seconds=0.04741668701171875 pose={'x_m': 0.0, 'y_m': 0.39844689041376097, 'heading_rad': -0.15735071238987075}
[can] backend=detectnet_native no detections
[map] motion direction=left speed=0.15 effective_seconds=0.047471046447753906 pose={'x_m': 0.0, 'y_m': 0.39844689041376097, 'heading_rad': -0.164520649446529}
[can] backend=detectnet_native no detections
[map] motion direction=left speed=0.15 effective_seconds=0.04688572883605957 pose={'x_m': 0.0, 'y_m': 0.39844689041376097, 'heading_rad': -0.17160218123833548}
[can] backend=detectnet_native no detections
[map] motion direction=left speed=0.15 effective_seconds=0.04706454277038574 pose={'x_m': 0.0, 'y_m': 0.39844689041376097, 'heading_rad': -0.17871072074852856}
[can] backend=detectnet_native no detections
[map] motion direction=left speed=0.15 effective_seconds=0.04735589027404785 pose={'x_m': 0.0, 'y_m': 0.39844689041376097, 'heading_rad': -0.18586326483454618}
[can] backend=detectnet_native no detections
[map] motion direction=left speed=0.15 effective_seconds=0.047502756118774414 pose={'x_m': 0.0, 'y_m': 0.39844689041376097, 'heading_rad': -0.19303799125993182}
[can] backend=detectnet_native no detections
[map] motion direction=left speed=0.15 effective_seconds=0.04715895652770996 pose={'x_m': 0.0, 'y_m': 0.39844689041376097, 'heading_rad': -0.20016079084543303}
[can] backend=detectnet_native no detections
[map] motion direction=left speed=0.15 effective_seconds=0.047084808349609375 pose={'x_m': 0.0, 'y_m': 0.39844689041376097, 'heading_rad': -0.20727239123037666}
[can] backend=detectnet_native no detections
[map] motion direction=left speed=0.15 effective_seconds=0.04744434356689453 pose={'x_m': 0.0, 'y_m': 0.39844689041376097, 'heading_rad': -0.21443829513442259}
[can] backend=detectnet_native no detections
[map] motion direction=left speed=0.15 effective_seconds=0.047454833984375 pose={'x_m': 0.0, 'y_m': 0.39844689041376097, 'heading_rad': -0.22160578349128057}
[can] backend=detectnet_native no detections
[map] motion direction=left speed=0.15 effective_seconds=0.04744887351989746 pose={'x_m': 0.0, 'y_m': 0.39844689041376097, 'heading_rad': -0.22877237159085917}
[can] backend=detectnet_native no detections
[map] motion direction=left speed=0.15 effective_seconds=0.04748988151550293 pose={'x_m': 0.0, 'y_m': 0.39844689041376097, 'heading_rad': -0.2359451534605208}
[can] backend=detectnet_native no detections
[map] motion direction=left speed=0.15 effective_seconds=0.04727959632873535 pose={'x_m': 0.0, 'y_m': 0.39844689041376097, 'heading_rad': -0.2430861742533601}
[can] backend=detectnet_native no detections
[map] motion direction=left speed=0.15 effective_seconds=0.047051191329956055 pose={'x_m': 0.0, 'y_m': 0.39844689041376097, 'heading_rad': -0.2501926971872468}
[can] backend=detectnet_native no detections
[map] motion direction=left speed=0.15 effective_seconds=0.04664969444274902 pose={'x_m': 0.0, 'y_m': 0.39844689041376097, 'heading_rad': -0.2572385787907834}
[can] backend=detectnet_native no detections
[map] motion direction=left speed=0.15 effective_seconds=0.04678153991699219 pose={'x_m': 0.0, 'y_m': 0.39844689041376097, 'heading_rad': -0.26430437408534324}
[can] backend=detectnet_native no detections
[map] motion direction=left speed=0.15 effective_seconds=0.04747176170349121 pose={'x_m': 0.0, 'y_m': 0.39844689041376097, 'heading_rad': -0.27147441917287507}
[can] backend=detectnet_native no detections
[map] motion direction=left speed=0.15 effective_seconds=0.04761075973510742 pose={'x_m': 0.0, 'y_m': 0.39844689041376097, 'heading_rad': -0.278665458260166}
[can] backend=detectnet_native no detections
[map] motion direction=left speed=0.15 effective_seconds=0.04739260673522949 pose={'x_m': 0.0, 'y_m': 0.39844689041376097, 'heading_rad': -0.2858235479310256}
[can] backend=detectnet_native no detections
[map] motion direction=left speed=0.15 effective_seconds=0.04769158363342285 pose={'x_m': 0.0, 'y_m': 0.39844689041376097, 'heading_rad': -0.29302679450702707}
[can] backend=detectnet_native no detections
[map] motion direction=left speed=0.15 effective_seconds=0.04824185371398926 pose={'x_m': 0.0, 'y_m': 0.39844689041376097, 'heading_rad': -0.30031315283507665}
[can] backend=detectnet_native no detections
[map] motion direction=left speed=0.15 effective_seconds=0.04782295227050781 pose={'x_m': 0.0, 'y_m': 0.39844689041376097, 'heading_rad': -0.30753624108151945}
[can] backend=detectnet_native no detections
[map] motion direction=left speed=0.15 effective_seconds=0.04704713821411133 pose={'x_m': 0.0, 'y_m': 0.39844689041376097, 'heading_rad': -0.3146421518404563}
[can] backend=detectnet_native no detections
[map] motion direction=left speed=0.15 effective_seconds=0.04724311828613281 pose={'x_m': 0.0, 'y_m': 0.39844689041376097, 'heading_rad': -0.3217776630587448}
[can] backend=detectnet_native no detections
[map] motion direction=left speed=0.15 effective_seconds=0.0475008487701416 pose={'x_m': 0.0, 'y_m': 0.39844689041376097, 'heading_rad': -0.32895210140180087}
[can] backend=detectnet_native no detections
[map] motion direction=left speed=0.15 effective_seconds=0.0475306510925293 pose={'x_m': 0.0, 'y_m': 0.39844689041376097, 'heading_rad': -0.3361310410312548}
[can] backend=detectnet_native no detections
[map] motion direction=left speed=0.15 effective_seconds=0.047178030014038086 pose={'x_m': 0.0, 'y_m': 0.39844689041376097, 'heading_rad': -0.3432567214400506}
[can] backend=detectnet_native no detections
[map] motion direction=left speed=0.15 effective_seconds=0.04765629768371582 pose={'x_m': 0.0, 'y_m': 0.39844689041376097, 'heading_rad': -0.3504546384929572}
[can] backend=detectnet_native no detections
[map] motion direction=left speed=0.15 effective_seconds=0.04730844497680664 pose={'x_m': 0.0, 'y_m': 0.39844689041376097, 'heading_rad': -0.3576000165310296}
[can] backend=detectnet_native no detections
[map] motion direction=left speed=0.15 effective_seconds=0.04847288131713867 pose={'x_m': 0.0, 'y_m': 0.39844689041376097, 'heading_rad': -0.36492126883123444}
[can] backend=detectnet_native no detections
[map] motion direction=left speed=0.15 effective_seconds=0.04709267616271973 pose={'x_m': 0.0, 'y_m': 0.39844689041376097, 'heading_rad': -0.372034057555787}
[can] backend=detectnet_native no detections
[map] motion direction=left speed=0.15 effective_seconds=0.047145843505859375 pose={'x_m': 0.0, 'y_m': 0.39844689041376097, 'heading_rad': -0.379154876575273}
[can] backend=detectnet_native no detections
[map] motion direction=left speed=0.15 effective_seconds=0.047652482986450195 pose={'x_m': 0.0, 'y_m': 0.39844689041376097, 'heading_rad': -0.386352217463521}
[can] backend=detectnet_native no detections
[map] motion direction=left speed=0.15 effective_seconds=0.047513484954833984 pose={'x_m': 0.0, 'y_m': 0.39844689041376097, 'heading_rad': -0.3935285643520099}
[can] backend=detectnet_native no detections
[map] motion direction=left speed=0.15 effective_seconds=0.0475311279296875 pose={'x_m': 0.0, 'y_m': 0.39844689041376097, 'heading_rad': -0.4007075760020462}
[can] backend=detectnet_native no detections
[map] motion direction=left speed=0.15 effective_seconds=0.04740595817565918 pose={'x_m': 0.0, 'y_m': 0.39844689041376097, 'heading_rad': -0.40786768224921177}
[can] backend=detectnet_native no detections
[map] motion direction=left speed=0.15 effective_seconds=0.04702568054199219 pose={'x_m': 0.0, 'y_m': 0.39844689041376097, 'heading_rad': -0.4149703520819421}
[can] backend=detectnet_native no detections
[map] motion direction=left speed=0.15 effective_seconds=0.04732203483581543 pose={'x_m': 0.0, 'y_m': 0.39844689041376097, 'heading_rad': -0.4221177827066116}
[can] backend=detectnet_native no detections
[map] motion direction=left speed=0.15 effective_seconds=0.04759669303894043 pose={'x_m': 0.0, 'y_m': 0.39844689041376097, 'heading_rad': -0.429306697186723}
[can] backend=detectnet_native no detections
[map] motion direction=left speed=0.15 effective_seconds=0.047087907791137695 pose={'x_m': 0.0, 'y_m': 0.39844689041376097, 'heading_rad': -0.4364187657054517}
[can] backend=detectnet_native no detections
[map] motion direction=left speed=0.15 effective_seconds=0.04742860794067383 pose={'x_m': 0.0, 'y_m': 0.39844689041376097, 'heading_rad': -0.44358229293027973}
[can] backend=detectnet_native no detections
[map] motion direction=left speed=0.15 effective_seconds=0.04731631278991699 pose={'x_m': 0.0, 'y_m': 0.39844689041376097, 'heading_rad': -0.450728859307961}
[can] backend=detectnet_native no detections
[map] motion direction=left speed=0.15 effective_seconds=0.048111915588378906 pose={'x_m': 0.0, 'y_m': 0.39844689041376097, 'heading_rad': -0.45799559202731643}
[can] backend=detectnet_native no detections
[map] motion direction=left speed=0.15 effective_seconds=0.04736208915710449 pose={'x_m': 0.0, 'y_m': 0.39844689041376097, 'heading_rad': -0.46514907238090464}
[can] backend=detectnet_native no detections
[map] motion direction=left speed=0.15 effective_seconds=0.04734516143798828 pose={'x_m': 0.0, 'y_m': 0.39844689041376097, 'heading_rad': -0.472299996003819}
[can] backend=detectnet_native no detections
[map] motion direction=left speed=0.15 effective_seconds=0.04845786094665527 pose={'x_m': 0.0, 'y_m': 0.39844689041376097, 'heading_rad': -0.47961897965567957}
[can] backend=detectnet_native no detections
[map] motion direction=left speed=0.15 effective_seconds=0.047170162200927734 pose={'x_m': 0.0, 'y_m': 0.39844689041376097, 'heading_rad': -0.48674347172486643}
[can] backend=detectnet_native no detections
[map] motion direction=left speed=0.15 effective_seconds=0.04730224609375 pose={'x_m': 0.0, 'y_m': 0.39844689041376097, 'heading_rad': -0.49388791349536776}
[can] backend=detectnet_native no detections
[map] motion direction=left speed=0.15 effective_seconds=0.05109357833862305 pose={'x_m': 0.0, 'y_m': 0.39844689041376097, 'heading_rad': -0.501604990916245}
[can] backend=detectnet_native no detections
[map] motion direction=left speed=0.15 effective_seconds=0.04736614227294922 pose={'x_m': 0.0, 'y_m': 0.39844689041376097, 'heading_rad': -0.508759083444783}
[can] backend=detectnet_native no detections
[map] motion direction=left speed=0.15 effective_seconds=0.047342777252197266 pose={'x_m': 0.0, 'y_m': 0.39844689041376097, 'heading_rad': -0.5159096469647855}
[can] backend=detectnet_native no detections
[map] motion direction=left speed=0.15 effective_seconds=0.047377824783325195 pose={'x_m': 0.0, 'y_m': 0.39844689041376097, 'heading_rad': -0.5230655039975916}
[can] backend=detectnet_native no detections
[map] motion direction=left speed=0.15 effective_seconds=0.047510385513305664 pose={'x_m': 0.0, 'y_m': 0.39844689041376097, 'heading_rad': -0.5302413827522949}
[can] backend=detectnet_native no detections
[map] motion direction=left speed=0.15 effective_seconds=0.04789614677429199 pose={'x_m': 0.0, 'y_m': 0.39844689041376097, 'heading_rad': -0.5374755261581305}
[can] backend=detectnet_native no detections
[map] motion direction=left speed=0.15 effective_seconds=0.04685640335083008 pose={'x_m': 0.0, 'y_m': 0.39844689041376097, 'heading_rad': -0.544552628684122}
[can] backend=detectnet_native no detections
[map] motion direction=left speed=0.15 effective_seconds=0.047379493713378906 pose={'x_m': 0.0, 'y_m': 0.39844689041376097, 'heading_rad': -0.5517087377889665}
[can] backend=detectnet_native no detections
[map] motion direction=left speed=0.15 effective_seconds=0.04729485511779785 pose={'x_m': 0.0, 'y_m': 0.39844689041376097, 'heading_rad': -0.5588520632404412}
[can] backend=detectnet_native no detections
[map] motion direction=left speed=0.15 effective_seconds=0.04799509048461914 pose={'x_m': 0.0, 'y_m': 0.39844689041376097, 'heading_rad': -0.5661011509171177}
[can] backend=detectnet_native no detections
[map] motion direction=left speed=0.15 effective_seconds=0.047449588775634766 pose={'x_m': 0.0, 'y_m': 0.39844689041376097, 'heading_rad': -0.5732678470475694}
[can] backend=detectnet_native no detections
[map] motion direction=left speed=0.15 effective_seconds=0.047449588775634766 pose={'x_m': 0.0, 'y_m': 0.39844689041376097, 'heading_rad': -0.5804345431780211}
[can] backend=detectnet_native no detections
[map] motion direction=left speed=0.15 effective_seconds=0.04755401611328125 pose={'x_m': 0.0, 'y_m': 0.39844689041376097, 'heading_rad': -0.5876170118160107}
[can] backend=detectnet_native no detections
[map] motion direction=left speed=0.15 effective_seconds=0.04794001579284668 pose={'x_m': 0.0, 'y_m': 0.39844689041376097, 'heading_rad': -0.5948577811154241}
[can] backend=detectnet_native no detections
[map] motion direction=left speed=0.15 effective_seconds=0.04748129844665527 pose={'x_m': 0.0, 'y_m': 0.39844689041376097, 'heading_rad': -0.6020292666146032}
[can] backend=detectnet_native no detections
[map] motion direction=left speed=0.15 effective_seconds=0.04718828201293945 pose={'x_m': 0.0, 'y_m': 0.39844689041376097, 'heading_rad': -0.6091564954659199}
[can] backend=detectnet_native no detections
[map] motion direction=left speed=0.15 effective_seconds=0.04735159873962402 pose={'x_m': 0.0, 'y_m': 0.39844689041376097, 'heading_rad': -0.616308391366696}
[can] backend=detectnet_native no detections
[map] motion direction=left speed=0.15 effective_seconds=0.04726147651672363 pose={'x_m': 0.0, 'y_m': 0.39844689041376097, 'heading_rad': -0.6234466753774055}
[can] backend=detectnet_native detections=1 best_confidence=0.201
[can] backend=detectnet_native confidence=0.201 class_id=1 center=(113.6,117.2) error_x=-0.145 bbox=[100.78125, 91.2890625, 126.40625, 143.0859375]
[map] motion direction=left speed=0.15 effective_seconds=0.06595921516418457 pose={'x_m': 0.0, 'y_m': 0.39844689041376097, 'heading_rad': -0.6334090304637692}
[base] continuous stop label=search_can_routine_2_step_1 elapsed=0.066s
[base] stop
[fsm] SEARCHING --TARGET_FOUND--> ALIGNING
[can] backend=detectnet_native detections=1 best_confidence=0.241
[can] backend=detectnet_native confidence=0.241 class_id=1 center=(114.7,118.8) error_x=-0.142 bbox=[102.03125, 93.515625, 127.34375, 144.0234375]
[base] stop
[fsm] ALIGNING --TARGET_ALIGNED--> APPROACHING
[can] backend=detectnet_native detections=1 best_confidence=0.252
[can] backend=detectnet_native confidence=0.252 class_id=1 center=(115.0,122.8) error_x=-0.141 bbox=[101.71875, 95.9765625, 128.28125, 149.6484375]
[approach] target=can mode=bbox_height bbox=0.224/0.36 bbox_ok=False depth_raw=n/a/2.05 depth_ok=False pnp_z=n/a/None pnp_ok=False error_x=-0.141
[base] continuous start label=approach_can_steer direction=left requested_speed=0.15 effective_speed=0.15
[visual-turn] label=approach_can_steer direction=left speed=0.15
[can] backend=detectnet_native detections=1 best_confidence=0.275
[can] backend=detectnet_native confidence=0.275 class_id=1 center=(113.0,120.6) error_x=-0.147 bbox=[101.328125, 95.44921875, 124.765625, 145.78125]
[approach] target=can mode=bbox_height bbox=0.210/0.36 bbox_ok=False depth_raw=n/a/2.05 depth_ok=False pnp_z=n/a/None pnp_ok=False error_x=-0.147
[can] backend=detectnet_native no detections
[map] motion direction=left speed=0.15 effective_seconds=0.11450457572937012 pose={'x_m': 0.0, 'y_m': 0.39844689041376097, 'heading_rad': -0.6507035849788569}
[base] continuous stop label=approach_can_steer elapsed=0.115s
[base] stop
[can] backend=detectnet_native detections=1 best_confidence=0.507
[can] backend=detectnet_native confidence=0.507 class_id=1 center=(116.1,123.7) error_x=-0.137 bbox=[103.28125, 95.15625, 128.90625, 152.2265625]
[approach] target=can mode=bbox_height bbox=0.238/0.36 bbox_ok=False depth_raw=n/a/2.05 depth_ok=False pnp_z=n/a/None pnp_ok=False error_x=-0.137
[base] continuous start label=approach_can_steer direction=left requested_speed=0.15 effective_speed=0.15
[visual-turn] label=approach_can_steer direction=left speed=0.15
[can] backend=detectnet_native detections=1 best_confidence=0.527
[can] backend=detectnet_native confidence=0.527 class_id=1 center=(116.1,124.0) error_x=-0.137 bbox=[102.8125, 95.80078125, 129.296875, 152.109375]
[approach] target=can mode=bbox_height bbox=0.235/0.36 bbox_ok=False depth_raw=n/a/2.05 depth_ok=False pnp_z=n/a/None pnp_ok=False error_x=-0.137
[can] backend=detectnet_native detections=1 best_confidence=0.573
[can] backend=detectnet_native confidence=0.573 class_id=1 center=(116.2,124.3) error_x=-0.137 bbox=[102.890625, 96.03515625, 129.53125, 152.578125]
[approach] target=can mode=bbox_height bbox=0.236/0.36 bbox_ok=False depth_raw=n/a/2.05 depth_ok=False pnp_z=n/a/None pnp_ok=False error_x=-0.137
[can] backend=detectnet_native detections=1 best_confidence=0.427
[can] backend=detectnet_native confidence=0.427 class_id=1 center=(116.2,122.5) error_x=-0.137 bbox=[103.203125, 93.984375, 129.296875, 150.9375]
[approach] target=can mode=bbox_height bbox=0.237/0.36 bbox_ok=False depth_raw=n/a/2.05 depth_ok=False pnp_z=n/a/None pnp_ok=False error_x=-0.137
[can] backend=detectnet_native detections=1 best_confidence=0.292
[can] backend=detectnet_native confidence=0.292 class_id=1 center=(116.8,125.1) error_x=-0.135 bbox=[104.21875, 97.6171875, 129.296875, 152.578125]
[approach] target=can mode=bbox_height bbox=0.229/0.36 bbox_ok=False depth_raw=n/a/2.05 depth_ok=False pnp_z=n/a/None pnp_ok=False error_x=-0.135
[can] backend=detectnet_native detections=1 best_confidence=0.295
[can] backend=detectnet_native confidence=0.295 class_id=1 center=(119.8,126.8) error_x=-0.126 bbox=[107.8125, 101.3671875, 131.71875, 152.2265625]
[approach] target=can mode=bbox_height bbox=0.212/0.36 bbox_ok=False depth_raw=n/a/2.05 depth_ok=False pnp_z=n/a/None pnp_ok=False error_x=-0.126
[can] backend=detectnet_native detections=1 best_confidence=0.296
[can] backend=detectnet_native confidence=0.296 class_id=1 center=(120.9,125.4) error_x=-0.122 bbox=[108.828125, 101.07421875, 132.890625, 149.6484375]
[approach] target=can mode=bbox_height bbox=0.202/0.36 bbox_ok=False depth_raw=n/a/2.05 depth_ok=False pnp_z=n/a/None pnp_ok=False error_x=-0.122
[can] backend=detectnet_native detections=1 best_confidence=0.254
[can] backend=detectnet_native confidence=0.254 class_id=1 center=(123.8,126.2) error_x=-0.113 bbox=[112.1875, 101.71875, 135.46875, 150.703125]
[approach] target=can mode=bbox_height bbox=0.204/0.36 bbox_ok=False depth_raw=n/a/2.05 depth_ok=False pnp_z=n/a/None pnp_ok=False error_x=-0.113
[map] motion direction=left speed=0.15 effective_seconds=0.3497796058654785 pose={'x_m': 0.0, 'y_m': 0.39844689041376097, 'heading_rad': -0.7035336349866741}
[base] continuous stop label=approach_can_steer elapsed=0.350s
[base] stop
[base] continuous start label=approach_can_forward direction=forward requested_speed=0.6 effective_speed=0.6
[can] backend=detectnet_native no detections
[map] motion direction=forward speed=0.6 effective_seconds=0.0657966136932373 pose={'x_m': -0.004416108793532411, 'y_m': 0.40365243571993753, 'heading_rad': -0.7035336349866741}
[base] continuous stop label=approach_can_forward elapsed=0.066s
[base] stop
[can] backend=detectnet_native detections=1 best_confidence=0.259
[can] backend=detectnet_native confidence=0.259 class_id=1 center=(125.5,123.5) error_x=-0.108 bbox=[114.0625, 94.98046875, 137.03125, 152.109375]
[approach] target=can mode=bbox_height bbox=0.238/0.36 bbox_ok=False depth_raw=n/a/2.05 depth_ok=False pnp_z=n/a/None pnp_ok=False error_x=-0.108
[base] continuous start label=approach_can_forward direction=forward requested_speed=0.6 effective_speed=0.6
[can] backend=detectnet_native detections=1 best_confidence=0.211
[can] backend=detectnet_native confidence=0.211 class_id=1 center=(126.5,118.7) error_x=-0.105 bbox=[115.0, 94.1015625, 137.96875, 143.3203125]
[approach] target=can mode=bbox_height bbox=0.205/0.36 bbox_ok=False depth_raw=n/a/2.05 depth_ok=False pnp_z=n/a/None pnp_ok=False error_x=-0.105
[can] backend=detectnet_native detections=1 best_confidence=0.218
[can] backend=detectnet_native confidence=0.218 class_id=1 center=(126.2,119.5) error_x=-0.106 bbox=[114.765625, 94.6875, 137.578125, 144.2578125]
[approach] target=can mode=bbox_height bbox=0.207/0.36 bbox_ok=False depth_raw=n/a/2.05 depth_ok=False pnp_z=n/a/None pnp_ok=False error_x=-0.106
[can] backend=detectnet_native detections=1 best_confidence=0.274
[can] backend=detectnet_native confidence=0.274 class_id=1 center=(126.1,123.8) error_x=-0.106 bbox=[114.21875, 94.1015625, 137.96875, 153.515625]
[approach] target=can mode=bbox_height bbox=0.248/0.36 bbox_ok=False depth_raw=n/a/2.05 depth_ok=False pnp_z=n/a/None pnp_ok=False error_x=-0.106
[can] backend=detectnet_native detections=1 best_confidence=0.286
[can] backend=detectnet_native confidence=0.286 class_id=1 center=(126.6,123.8) error_x=-0.104 bbox=[114.21875, 94.39453125, 139.0625, 153.28125]
[approach] target=can mode=bbox_height bbox=0.245/0.36 bbox_ok=False depth_raw=n/a/2.05 depth_ok=False pnp_z=n/a/None pnp_ok=False error_x=-0.104
[can] backend=detectnet_native detections=1 best_confidence=0.423
[can] backend=detectnet_native confidence=0.423 class_id=1 center=(126.1,124.3) error_x=-0.106 bbox=[113.90625, 95.390625, 138.28125, 153.28125]
[approach] target=can mode=bbox_height bbox=0.241/0.36 bbox_ok=False depth_raw=n/a/2.05 depth_ok=False pnp_z=n/a/None pnp_ok=False error_x=-0.106
[can] backend=detectnet_native detections=1 best_confidence=0.461
[can] backend=detectnet_native confidence=0.461 class_id=1 center=(125.1,123.8) error_x=-0.109 bbox=[112.8125, 96.2109375, 137.421875, 151.2890625]
[approach] target=can mode=bbox_height bbox=0.229/0.36 bbox_ok=False depth_raw=n/a/2.05 depth_ok=False pnp_z=n/a/None pnp_ok=False error_x=-0.109
[can] backend=detectnet_native detections=1 best_confidence=0.362
[can] backend=detectnet_native confidence=0.362 class_id=1 center=(126.2,126.1) error_x=-0.105 bbox=[113.28125, 96.796875, 139.21875, 155.390625]
[approach] target=can mode=bbox_height bbox=0.244/0.36 bbox_ok=False depth_raw=n/a/2.05 depth_ok=False pnp_z=n/a/None pnp_ok=False error_x=-0.105
[can] backend=detectnet_native detections=1 best_confidence=0.592
[can] backend=detectnet_native confidence=0.592 class_id=1 center=(125.4,124.9) error_x=-0.108 bbox=[112.421875, 94.5703125, 138.359375, 155.2734375]
[approach] target=can mode=bbox_height bbox=0.253/0.36 bbox_ok=False depth_raw=n/a/2.05 depth_ok=False pnp_z=n/a/None pnp_ok=False error_x=-0.108
[can] backend=detectnet_native detections=1 best_confidence=0.465
[can] backend=detectnet_native confidence=0.465 class_id=1 center=(125.0,128.1) error_x=-0.109 bbox=[112.03125, 96.2109375, 138.046875, 160.078125]
[approach] target=can mode=bbox_height bbox=0.266/0.36 bbox_ok=False depth_raw=n/a/2.05 depth_ok=False pnp_z=n/a/None pnp_ok=False error_x=-0.109
[can] backend=detectnet_native detections=1 best_confidence=0.640
[can] backend=detectnet_native confidence=0.640 class_id=1 center=(124.8,127.4) error_x=-0.110 bbox=[111.5625, 95.2734375, 138.125, 159.609375]
[approach] target=can mode=bbox_height bbox=0.268/0.36 bbox_ok=False depth_raw=n/a/2.05 depth_ok=False pnp_z=n/a/None pnp_ok=False error_x=-0.110
[can] backend=detectnet_native detections=1 best_confidence=0.590
[can] backend=detectnet_native confidence=0.590 class_id=1 center=(123.8,125.7) error_x=-0.113 bbox=[110.9375, 95.80078125, 136.5625, 155.5078125]
[approach] target=can mode=bbox_height bbox=0.249/0.36 bbox_ok=False depth_raw=n/a/2.05 depth_ok=False pnp_z=n/a/None pnp_ok=False error_x=-0.113
[can] backend=detectnet_native detections=1 best_confidence=0.522
[can] backend=detectnet_native confidence=0.522 class_id=1 center=(123.8,125.1) error_x=-0.113 bbox=[110.859375, 94.74609375, 136.640625, 155.390625]
[approach] target=can mode=bbox_height bbox=0.253/0.36 bbox_ok=False depth_raw=n/a/2.05 depth_ok=False pnp_z=n/a/None pnp_ok=False error_x=-0.113
[can] backend=detectnet_native detections=1 best_confidence=0.284
[can] backend=detectnet_native confidence=0.284 class_id=1 center=(123.3,129.1) error_x=-0.115 bbox=[110.9375, 101.19140625, 135.625, 157.03125]
[approach] target=can mode=bbox_height bbox=0.233/0.36 bbox_ok=False depth_raw=n/a/2.05 depth_ok=False pnp_z=n/a/None pnp_ok=False error_x=-0.115
[can] backend=detectnet_native detections=1 best_confidence=0.270
[can] backend=detectnet_native confidence=0.270 class_id=1 center=(122.8,128.5) error_x=-0.116 bbox=[110.390625, 100.37109375, 135.15625, 156.5625]
[approach] target=can mode=bbox_height bbox=0.234/0.36 bbox_ok=False depth_raw=n/a/2.05 depth_ok=False pnp_z=n/a/None pnp_ok=False error_x=-0.116
[can] backend=detectnet_native no detections
[map] motion direction=forward speed=0.6 effective_seconds=0.7383759021759033 pose={'x_m': -0.0539741047374267, 'y_m': 0.4620695638366801, 'heading_rad': -0.7035336349866741}
[base] continuous stop label=approach_can_forward elapsed=0.738s
[base] stop
[can] backend=detectnet_native no detections
[base] stop
[can] backend=detectnet_native detections=1 best_confidence=0.235
[can] backend=detectnet_native confidence=0.235 class_id=1 center=(118.8,128.9) error_x=-0.129 bbox=[104.0625, 97.1484375, 133.59375, 160.6640625]
[approach] target=can mode=bbox_height bbox=0.265/0.36 bbox_ok=False depth_raw=n/a/2.05 depth_ok=False pnp_z=n/a/None pnp_ok=False error_x=-0.129
[base] continuous start label=approach_can_steer direction=left requested_speed=0.15 effective_speed=0.15
[visual-turn] label=approach_can_steer direction=left speed=0.15
[can] backend=detectnet_native detections=1 best_confidence=0.201
[can] backend=detectnet_native confidence=0.201 class_id=1 center=(121.1,129.5) error_x=-0.122 bbox=[107.265625, 98.671875, 134.921875, 160.3125]
[approach] target=can mode=bbox_height bbox=0.257/0.36 bbox_ok=False depth_raw=n/a/2.05 depth_ok=False pnp_z=n/a/None pnp_ok=False error_x=-0.122
[can] backend=detectnet_native no detections
[map] motion direction=left speed=0.15 effective_seconds=0.11358833312988281 pose={'x_m': -0.0539741047374267, 'y_m': 0.4620695638366801, 'heading_rad': -0.7206898019527497}
[base] continuous stop label=approach_can_steer elapsed=0.114s
[base] stop
[can] backend=detectnet_native detections=1 best_confidence=0.207
[can] backend=detectnet_native confidence=0.207 class_id=1 center=(121.2,128.9) error_x=-0.121 bbox=[107.109375, 98.3203125, 135.234375, 159.4921875]
[approach] target=can mode=bbox_height bbox=0.255/0.36 bbox_ok=False depth_raw=n/a/2.05 depth_ok=False pnp_z=n/a/None pnp_ok=False error_x=-0.121
[base] continuous start label=approach_can_steer direction=left requested_speed=0.15 effective_speed=0.15
[visual-turn] label=approach_can_steer direction=left speed=0.15
[can] backend=detectnet_native detections=1 best_confidence=0.217
[can] backend=detectnet_native confidence=0.217 class_id=1 center=(121.2,128.4) error_x=-0.121 bbox=[107.1875, 98.0859375, 135.15625, 158.7890625]
[approach] target=can mode=bbox_height bbox=0.253/0.36 bbox_ok=False depth_raw=n/a/2.05 depth_ok=False pnp_z=n/a/None pnp_ok=False error_x=-0.121
[can] backend=detectnet_native detections=1 best_confidence=0.263
[can] backend=detectnet_native confidence=0.263 class_id=1 center=(121.1,129.1) error_x=-0.122 bbox=[107.03125, 99.140625, 135.15625, 159.140625]
[approach] target=can mode=bbox_height bbox=0.250/0.36 bbox_ok=False depth_raw=n/a/2.05 depth_ok=False pnp_z=n/a/None pnp_ok=False error_x=-0.122
[can] backend=detectnet_native no detections
[map] motion direction=left speed=0.15 effective_seconds=0.16029930114746094 pose={'x_m': -0.0539741047374267, 'y_m': 0.4620695638366801, 'heading_rad': -0.7449011051671954}
[base] continuous stop label=approach_can_steer elapsed=0.160s
[base] stop
[can] backend=detectnet_native detections=1 best_confidence=0.582
[can] backend=detectnet_native confidence=0.582 class_id=1 center=(124.9,127.9) error_x=-0.110 bbox=[111.640625, 99.08203125, 138.203125, 156.796875]
[approach] target=can mode=bbox_height bbox=0.240/0.36 bbox_ok=False depth_raw=n/a/2.05 depth_ok=False pnp_z=n/a/None pnp_ok=False error_x=-0.110
[base] continuous start label=approach_can_forward direction=forward requested_speed=0.6 effective_speed=0.6
[can] backend=detectnet_native detections=1 best_confidence=0.516
[can] backend=detectnet_native confidence=0.516 class_id=1 center=(124.9,128.5) error_x=-0.110 bbox=[111.328125, 98.84765625, 138.4375, 158.0859375]
[approach] target=can mode=bbox_height bbox=0.247/0.36 bbox_ok=False depth_raw=n/a/2.05 depth_ok=False pnp_z=n/a/None pnp_ok=False error_x=-0.110
[can] backend=detectnet_native detections=1 best_confidence=0.569
[can] backend=detectnet_native confidence=0.569 class_id=1 center=(124.8,128.4) error_x=-0.110 bbox=[111.09375, 98.84765625, 138.59375, 157.96875]
[approach] target=can mode=bbox_height bbox=0.246/0.36 bbox_ok=False depth_raw=n/a/2.05 depth_ok=False pnp_z=n/a/None pnp_ok=False error_x=-0.110
[can] backend=detectnet_native detections=1 best_confidence=0.566
[can] backend=detectnet_native confidence=0.566 class_id=1 center=(125.4,129.8) error_x=-0.108 bbox=[111.5625, 99.140625, 139.21875, 160.546875]
[approach] target=can mode=bbox_height bbox=0.256/0.36 bbox_ok=False depth_raw=n/a/2.05 depth_ok=False pnp_z=n/a/None pnp_ok=False error_x=-0.108
[can] backend=detectnet_native detections=1 best_confidence=0.595
[can] backend=detectnet_native confidence=0.595 class_id=1 center=(124.9,129.8) error_x=-0.110 bbox=[111.09375, 99.140625, 138.75, 160.4296875]
[approach] target=can mode=bbox_height bbox=0.255/0.36 bbox_ok=False depth_raw=n/a/2.05 depth_ok=False pnp_z=n/a/None pnp_ok=False error_x=-0.110
[can] backend=detectnet_native detections=1 best_confidence=0.698
[can] backend=detectnet_native confidence=0.698 class_id=1 center=(125.2,131.0) error_x=-0.109 bbox=[110.625, 100.48828125, 139.84375, 161.484375]
[approach] target=can mode=bbox_height bbox=0.254/0.36 bbox_ok=False depth_raw=n/a/2.05 depth_ok=False pnp_z=n/a/None pnp_ok=False error_x=-0.109
[can] backend=detectnet_native detections=1 best_confidence=0.654
[can] backend=detectnet_native confidence=0.654 class_id=1 center=(124.1,128.3) error_x=-0.112 bbox=[109.6875, 97.55859375, 138.59375, 159.140625]
[approach] target=can mode=bbox_height bbox=0.257/0.36 bbox_ok=False depth_raw=n/a/2.05 depth_ok=False pnp_z=n/a/None pnp_ok=False error_x=-0.112
[can] backend=detectnet_native detections=1 best_confidence=0.525
[can] backend=detectnet_native confidence=0.525 class_id=1 center=(123.9,131.4) error_x=-0.113 bbox=[108.90625, 98.5546875, 138.90625, 164.296875]
[approach] target=can mode=bbox_height bbox=0.274/0.36 bbox_ok=False depth_raw=n/a/2.05 depth_ok=False pnp_z=n/a/None pnp_ok=False error_x=-0.113
[can] backend=detectnet_native detections=1 best_confidence=0.463
[can] backend=detectnet_native confidence=0.463 class_id=1 center=(123.9,131.4) error_x=-0.113 bbox=[109.375, 98.3203125, 138.4375, 164.53125]
[approach] target=can mode=bbox_height bbox=0.276/0.36 bbox_ok=False depth_raw=n/a/2.05 depth_ok=False pnp_z=n/a/None pnp_ok=False error_x=-0.113
[can] backend=detectnet_native detections=1 best_confidence=0.398
[can] backend=detectnet_native confidence=0.398 class_id=1 center=(123.4,129.3) error_x=-0.114 bbox=[108.75, 97.5, 138.046875, 161.1328125]
[approach] target=can mode=bbox_height bbox=0.265/0.36 bbox_ok=False depth_raw=n/a/2.05 depth_ok=False pnp_z=n/a/None pnp_ok=False error_x=-0.114
[can] backend=detectnet_native detections=1 best_confidence=0.442
[can] backend=detectnet_native confidence=0.442 class_id=1 center=(123.0,130.3) error_x=-0.116 bbox=[108.28125, 96.9140625, 137.65625, 163.59375]
[approach] target=can mode=bbox_height bbox=0.278/0.36 bbox_ok=False depth_raw=n/a/2.05 depth_ok=False pnp_z=n/a/None pnp_ok=False error_x=-0.116
[can] backend=detectnet_native detections=1 best_confidence=0.451
[can] backend=detectnet_native confidence=0.451 class_id=1 center=(123.3,130.2) error_x=-0.115 bbox=[107.890625, 96.328125, 138.671875, 164.0625]
[approach] target=can mode=bbox_height bbox=0.282/0.36 bbox_ok=False depth_raw=n/a/2.05 depth_ok=False pnp_z=n/a/None pnp_ok=False error_x=-0.115
[can] backend=detectnet_native detections=1 best_confidence=0.751
[can] backend=detectnet_native confidence=0.751 class_id=1 center=(122.7,132.4) error_x=-0.117 bbox=[106.484375, 96.6796875, 138.90625, 168.046875]
[approach] target=can mode=bbox_height bbox=0.297/0.36 bbox_ok=False depth_raw=n/a/2.05 depth_ok=False pnp_z=n/a/None pnp_ok=False error_x=-0.117
[can] backend=detectnet_native detections=1 best_confidence=0.716
[can] backend=detectnet_native confidence=0.716 class_id=1 center=(121.9,131.5) error_x=-0.119 bbox=[103.984375, 95.0390625, 139.765625, 168.046875]
[approach] target=can mode=bbox_height bbox=0.304/0.36 bbox_ok=False depth_raw=n/a/2.05 depth_ok=False pnp_z=n/a/None pnp_ok=False error_x=-0.119
[can] backend=detectnet_native detections=1 best_confidence=0.760
[can] backend=detectnet_native confidence=0.760 class_id=1 center=(122.0,131.7) error_x=-0.119 bbox=[104.21875, 94.74609375, 139.6875, 168.75]
[approach] target=can mode=bbox_height bbox=0.308/0.36 bbox_ok=False depth_raw=n/a/2.05 depth_ok=False pnp_z=n/a/None pnp_ok=False error_x=-0.119
[can] backend=detectnet_native detections=1 best_confidence=0.696
[can] backend=detectnet_native confidence=0.696 class_id=1 center=(121.2,131.8) error_x=-0.121 bbox=[103.203125, 93.28125, 139.21875, 170.2734375]
[approach] target=can mode=bbox_height bbox=0.321/0.36 bbox_ok=False depth_raw=n/a/2.05 depth_ok=False pnp_z=n/a/None pnp_ok=False error_x=-0.121
[map] motion direction=forward speed=0.6 effective_seconds=0.7377471923828125 pose={'x_m': -0.10586136442580737, 'y_m': 0.5183392579928594, 'heading_rad': -0.7449011051671954}
[base] continuous stop label=approach_can_forward elapsed=0.738s
[base] stop
[base] continuous start label=approach_can_steer direction=left requested_speed=0.15 effective_speed=0.15
[visual-turn] label=approach_can_steer direction=left speed=0.15
[can] backend=detectnet_native detections=1 best_confidence=0.563
[can] backend=detectnet_native confidence=0.563 class_id=1 center=(120.5,134.2) error_x=-0.123 bbox=[101.875, 94.921875, 139.140625, 173.4375]
[approach] target=can mode=bbox_height bbox=0.327/0.36 bbox_ok=False depth_raw=n/a/2.05 depth_ok=False pnp_z=n/a/None pnp_ok=False error_x=-0.123
[can] backend=detectnet_native detections=1 best_confidence=0.717
[can] backend=detectnet_native confidence=0.717 class_id=1 center=(120.0,133.2) error_x=-0.125 bbox=[100.9375, 93.8671875, 139.140625, 172.5]
[approach] target=can mode=bbox_height bbox=0.328/0.36 bbox_ok=False depth_raw=n/a/2.05 depth_ok=False pnp_z=n/a/None pnp_ok=False error_x=-0.125
[can] backend=detectnet_native detections=1 best_confidence=0.846
[can] backend=detectnet_native confidence=0.846 class_id=1 center=(119.8,132.1) error_x=-0.126 bbox=[100.390625, 89.53125, 139.140625, 174.609375]
[approach] target=can mode=bbox_height bbox=0.354/0.36 bbox_ok=False depth_raw=n/a/2.05 depth_ok=False pnp_z=n/a/None pnp_ok=False error_x=-0.126
[can] backend=detectnet_native detections=1 best_confidence=0.542
[can] backend=detectnet_native confidence=0.542 class_id=1 center=(120.4,133.2) error_x=-0.124 bbox=[101.71875, 93.515625, 139.140625, 172.8515625]
[approach] target=can mode=bbox_height bbox=0.331/0.36 bbox_ok=False depth_raw=n/a/2.05 depth_ok=False pnp_z=n/a/None pnp_ok=False error_x=-0.124
[can] backend=detectnet_native detections=1 best_confidence=0.666
[can] backend=detectnet_native confidence=0.666 class_id=1 center=(120.1,133.2) error_x=-0.125 bbox=[101.171875, 92.2265625, 139.0625, 174.2578125]
[approach] target=can mode=bbox_height bbox=0.342/0.36 bbox_ok=False depth_raw=n/a/2.05 depth_ok=False pnp_z=n/a/None pnp_ok=False error_x=-0.125
[can] backend=detectnet_native detections=1 best_confidence=0.834
[can] backend=detectnet_native confidence=0.834 class_id=1 center=(121.9,133.0) error_x=-0.119 bbox=[103.671875, 94.453125, 140.078125, 171.5625]
[approach] target=can mode=bbox_height bbox=0.321/0.36 bbox_ok=False depth_raw=n/a/2.05 depth_ok=False pnp_z=n/a/None pnp_ok=False error_x=-0.119
[map] motion direction=left speed=0.15 effective_seconds=0.3028528690338135 pose={'x_m': -0.10586136442580737, 'y_m': 0.5183392579928594, 'heading_rad': -0.7906434296131226}
[base] continuous stop label=approach_can_steer elapsed=0.303s
[base] stop
[base] continuous start label=approach_can_forward direction=forward requested_speed=0.6 effective_speed=0.6
[can] backend=detectnet_native detections=1 best_confidence=0.973
[can] backend=detectnet_native confidence=0.973 class_id=1 center=(124.1,134.2) error_x=-0.112 bbox=[106.40625, 95.2734375, 141.875, 173.0859375]
[approach] target=can mode=bbox_height bbox=0.324/0.36 bbox_ok=False depth_raw=n/a/2.05 depth_ok=False pnp_z=n/a/None pnp_ok=False error_x=-0.112
[can] backend=detectnet_native detections=1 best_confidence=0.986
[can] backend=detectnet_native confidence=0.986 class_id=1 center=(125.1,134.2) error_x=-0.109 bbox=[107.03125, 95.15625, 143.125, 173.203125]
[approach] target=can mode=bbox_height bbox=0.325/0.36 bbox_ok=False depth_raw=n/a/2.05 depth_ok=False pnp_z=n/a/None pnp_ok=False error_x=-0.109
[can] backend=detectnet_native detections=1 best_confidence=0.994
[can] backend=detectnet_native confidence=0.994 class_id=1 center=(125.5,134.2) error_x=-0.108 bbox=[107.265625, 94.921875, 143.671875, 173.4375]
[approach] target=can mode=bbox_height bbox=0.327/0.36 bbox_ok=False depth_raw=n/a/2.05 depth_ok=False pnp_z=n/a/None pnp_ok=False error_x=-0.108
[can] backend=detectnet_native detections=1 best_confidence=0.989
[can] backend=detectnet_native confidence=0.989 class_id=1 center=(125.4,134.1) error_x=-0.108 bbox=[105.546875, 92.87109375, 145.15625, 175.3125]
[approach] target=can mode=bbox_height bbox=0.344/0.36 bbox_ok=False depth_raw=n/a/2.05 depth_ok=False pnp_z=n/a/None pnp_ok=False error_x=-0.108
[can] backend=detectnet_native detections=1 best_confidence=0.990
[can] backend=detectnet_native confidence=0.990 class_id=1 center=(125.4,135.1) error_x=-0.108 bbox=[106.40625, 93.75, 144.375, 176.484375]
[approach] target=can mode=bbox_height bbox=0.345/0.36 bbox_ok=False depth_raw=n/a/2.05 depth_ok=False pnp_z=n/a/None pnp_ok=False error_x=-0.108
[can] backend=detectnet_native detections=1 best_confidence=0.990
[can] backend=detectnet_native confidence=0.990 class_id=1 center=(125.3,135.8) error_x=-0.109 bbox=[104.765625, 94.921875, 145.78125, 176.71875]
[approach] target=can mode=bbox_height bbox=0.341/0.36 bbox_ok=False depth_raw=n/a/2.05 depth_ok=False pnp_z=n/a/None pnp_ok=False error_x=-0.109
[can] backend=detectnet_native detections=1 best_confidence=0.993
[can] backend=detectnet_native confidence=0.993 class_id=1 center=(125.1,135.7) error_x=-0.109 bbox=[105.234375, 93.6328125, 145.0, 177.7734375]
[approach] target=can mode=bbox_height bbox=0.351/0.36 bbox_ok=False depth_raw=n/a/2.05 depth_ok=False pnp_z=n/a/None pnp_ok=False error_x=-0.109
[can] backend=detectnet_native detections=1 best_confidence=0.981
[can] backend=detectnet_native confidence=0.981 class_id=1 center=(123.6,135.4) error_x=-0.114 bbox=[103.046875, 91.0546875, 144.140625, 179.765625]
[approach] target=can mode=bbox_height bbox=0.370/0.36 bbox_ok=True depth_raw=n/a/2.05 depth_ok=False pnp_z=n/a/None pnp_ok=False error_x=-0.114
[map] motion direction=forward speed=0.6 effective_seconds=0.4056849479675293 pose={'x_m': -0.13577905630604575, 'y_m': 0.5479447321578558, 'heading_rad': -0.7906434296131226}
[base] continuous stop label=approach_can_forward elapsed=0.406s
[base] stop
[fsm] APPROACHING --TARGET_REACHED--> FINAL_VERIFY
[can] backend=detectnet_native detections=1 best_confidence=0.844
[can] backend=detectnet_native confidence=0.844 class_id=1 center=(123.5,136.1) error_x=-0.114 bbox=[102.8125, 91.69921875, 144.21875, 180.46875]
[base] continuous start label=align_can direction=left requested_speed=0.15 effective_speed=0.15
[visual-turn] label=align_can direction=left speed=0.15
[can] backend=detectnet_native detections=1 best_confidence=0.925
[can] backend=detectnet_native confidence=0.925 class_id=1 center=(122.4,135.2) error_x=-0.117 bbox=[100.546875, 89.296875, 144.296875, 181.171875]
[can] backend=detectnet_native detections=1 best_confidence=0.913
[can] backend=detectnet_native confidence=0.913 class_id=1 center=(122.5,135.5) error_x=-0.117 bbox=[100.0, 89.82421875, 145.0, 181.171875]
[can] backend=detectnet_native detections=1 best_confidence=0.983
[can] backend=detectnet_native confidence=0.983 class_id=1 center=(123.2,134.7) error_x=-0.115 bbox=[101.171875, 88.76953125, 145.234375, 180.703125]
[can] backend=detectnet_native detections=1 best_confidence=0.993
[can] backend=detectnet_native confidence=0.993 class_id=1 center=(124.4,135.6) error_x=-0.111 bbox=[102.1875, 90.0, 146.640625, 181.171875]
[can] backend=detectnet_native detections=1 best_confidence=0.996
[can] backend=detectnet_native confidence=0.996 class_id=1 center=(125.7,135.6) error_x=-0.107 bbox=[103.671875, 91.2890625, 147.734375, 180.0]
[can] backend=detectnet_native detections=1 best_confidence=0.996
[can] backend=detectnet_native confidence=0.996 class_id=1 center=(127.5,136.5) error_x=-0.102 bbox=[106.25, 92.6953125, 148.671875, 180.3515625]
[can] backend=detectnet_native detections=1 best_confidence=0.999
[can] backend=detectnet_native confidence=0.999 class_id=1 center=(127.9,135.2) error_x=-0.100 bbox=[106.40625, 90.3515625, 149.375, 180.0]
[can] backend=detectnet_native detections=1 best_confidence=0.999
[can] backend=detectnet_native confidence=0.999 class_id=1 center=(129.0,134.5) error_x=-0.097 bbox=[106.953125, 88.0078125, 151.015625, 181.0546875]
[can] backend=detectnet_native detections=1 best_confidence=0.999
[can] backend=detectnet_native confidence=0.999 class_id=1 center=(130.1,134.0) error_x=-0.094 bbox=[109.375, 88.828125, 150.78125, 179.1796875]
[can] backend=detectnet_native detections=1 best_confidence=0.999
[can] backend=detectnet_native confidence=0.999 class_id=1 center=(130.3,134.2) error_x=-0.093 bbox=[109.765625, 88.828125, 150.78125, 179.6484375]
[can] backend=detectnet_native detections=1 best_confidence=0.996
[can] backend=detectnet_native confidence=0.996 class_id=1 center=(132.7,135.1) error_x=-0.085 bbox=[111.71875, 90.8203125, 153.59375, 179.4140625]
[can] backend=detectnet_native detections=1 best_confidence=0.985
[can] backend=detectnet_native confidence=0.985 class_id=1 center=(134.4,135.6) error_x=-0.080 bbox=[112.34375, 90.41015625, 156.40625, 180.703125]
[can] backend=detectnet_native detections=1 best_confidence=0.835
[can] backend=detectnet_native confidence=0.835 class_id=1 center=(136.8,136.1) error_x=-0.072 bbox=[114.453125, 89.53125, 159.21875, 182.578125]
[can] backend=detectnet_native detections=1 best_confidence=0.709
[can] backend=detectnet_native confidence=0.709 class_id=1 center=(137.9,135.0) error_x=-0.069 bbox=[114.609375, 89.296875, 161.25, 180.703125]
[can] backend=detectnet_native detections=1 best_confidence=0.989
[can] backend=detectnet_native confidence=0.989 class_id=1 center=(140.1,136.0) error_x=-0.062 bbox=[118.671875, 90.0, 161.5625, 181.9921875]
[can] backend=detectnet_native detections=1 best_confidence=0.998
[can] backend=detectnet_native confidence=0.998 class_id=1 center=(141.4,135.5) error_x=-0.058 bbox=[119.296875, 88.9453125, 163.59375, 182.109375]
[can] backend=detectnet_native detections=1 best_confidence=0.998
[can] backend=detectnet_native confidence=0.998 class_id=1 center=(142.6,135.2) error_x=-0.054 bbox=[121.09375, 90.76171875, 164.0625, 179.6484375]
[can] backend=detectnet_native detections=1 best_confidence=1.000
[can] backend=detectnet_native confidence=1.000 class_id=1 center=(143.9,135.8) error_x=-0.050 bbox=[123.125, 89.0625, 164.6875, 182.578125]
[can] backend=detectnet_native detections=1 best_confidence=0.999
[can] backend=detectnet_native confidence=0.999 class_id=1 center=(144.9,134.6) error_x=-0.047 bbox=[124.140625, 88.41796875, 165.625, 180.8203125]
[can] backend=detectnet_native detections=1 best_confidence=0.999
[can] backend=detectnet_native confidence=0.999 class_id=1 center=(146.6,134.8) error_x=-0.042 bbox=[125.390625, 88.4765625, 167.8125, 181.171875]
[can] backend=detectnet_native detections=1 best_confidence=0.999
[can] backend=detectnet_native confidence=0.999 class_id=1 center=(146.8,134.2) error_x=-0.041 bbox=[126.25, 90.1171875, 167.34375, 178.2421875]
[can] backend=detectnet_native detections=1 best_confidence=0.999
[can] backend=detectnet_native confidence=0.999 class_id=1 center=(148.6,135.2) error_x=-0.036 bbox=[127.03125, 88.0078125, 170.15625, 182.4609375]
[can] backend=detectnet_native detections=1 best_confidence=0.995
[can] backend=detectnet_native confidence=0.995 class_id=1 center=(151.0,134.6) error_x=-0.028 bbox=[129.84375, 88.53515625, 172.1875, 180.703125]
[map] motion direction=left speed=0.15 effective_seconds=1.1105163097381592 pose={'x_m': -0.13577905630604575, 'y_m': 0.5479447321578558, 'heading_rad': -0.9583737123229916}
[base] continuous stop label=align_can elapsed=1.111s
[base] stop
[can] backend=detectnet_native detections=1 best_confidence=0.973
[can] backend=detectnet_native confidence=0.973 class_id=1 center=(153.0,135.5) error_x=-0.022 bbox=[130.78125, 88.7109375, 175.3125, 182.34375]
[base] stop
[fsm] FINAL_VERIFY --TARGET_STABLE--> FINALIZING
[arm] pose arm_down
[arm] arm_down servo=5 angle=0 speed=85
[arm] arm_down servo=4 angle=0 speed=85
[arm] arm_down servo=3 angle=45 speed=85
[arm] arm_down servo=2 angle=105 speed=85
[arm] arm_down servo=1 angle=-16 speed=85
[arm-position] arm_down waiting for motion to settle servos=[1, 2, 3, 4, 5] stability_delta=3 min_wait=0.5 timeout=10.0 stable_samples=2
[arm-position] arm_down waiting positions={1: 441, 2: 612, 3: 641, 4: 502, 5: 508} movement={} read_errors=[]
[arm-position] arm_down waiting positions={1: 441, 2: 626, 3: 655, 4: 502, 5: 508} movement={1: 0, 2: 14, 3: 14, 4: 0, 5: 0} read_errors=[]
[arm-position] arm_down waiting positions={1: 441, 2: 639, 3: 667, 4: 502, 5: 508} movement={1: 0, 2: 13, 3: 12, 4: 0, 5: 0} read_errors=[]
[arm-position] arm_down waiting positions={1: 441, 2: 653, 3: 680, 4: 502, 5: 508} movement={1: 0, 2: 14, 3: 13, 4: 0, 5: 0} read_errors=[]
[arm-position] arm_down waiting positions={1: 441, 2: 666, 3: 693, 4: 502, 5: 508} movement={1: 0, 2: 13, 3: 13, 4: 0, 5: 0} read_errors=[]
[arm-position] arm_down waiting positions={1: 441, 2: 680, 3: 706, 4: 502, 5: 508} movement={1: 0, 2: 14, 3: 13, 4: 0, 5: 0} read_errors=[]
[arm-position] arm_down waiting positions={1: 441, 2: 694, 3: 716, 4: 502, 5: 508} movement={1: 0, 2: 14, 3: 10, 4: 0, 5: 0} read_errors=[]
[arm-position] arm_down waiting positions={1: 441, 2: 708, 3: 718, 4: 502, 5: 508} movement={1: 0, 2: 14, 3: 2, 4: 0, 5: 0} read_errors=[]
[arm-position] arm_down waiting positions={1: 441, 2: 721, 3: 718, 4: 502, 5: 508} movement={1: 0, 2: 13, 3: 0, 4: 0, 5: 0} read_errors=[]
[arm-position] arm_down waiting positions={1: 441, 2: 733, 3: 718, 4: 502, 5: 508} movement={1: 0, 2: 12, 3: 0, 4: 0, 5: 0} read_errors=[]
[arm-position] arm_down waiting positions={1: 441, 2: 747, 3: 718, 4: 502, 5: 508} movement={1: 0, 2: 14, 3: 0, 4: 0, 5: 0} read_errors=[]
[arm-position] arm_down waiting positions={1: 441, 2: 761, 3: 718, 4: 502, 5: 508} movement={1: 0, 2: 14, 3: 0, 4: 0, 5: 0} read_errors=[]
[arm-position] arm_down waiting positions={1: 441, 2: 773, 3: 718, 4: 502, 5: 508} movement={1: 0, 2: 12, 3: 0, 4: 0, 5: 0} read_errors=[]
[arm-position] arm_down waiting positions={1: 441, 2: 787, 3: 718, 4: 502, 5: 508} movement={1: 0, 2: 14, 3: 0, 4: 0, 5: 0} read_errors=[]
[arm-position] arm_down waiting positions={1: 441, 2: 800, 3: 718, 4: 502, 5: 508} movement={1: 0, 2: 13, 3: 0, 4: 0, 5: 0} read_errors=[]
[arm-position] arm_down waiting positions={1: 441, 2: 812, 3: 718, 4: 502, 5: 508} movement={1: 0, 2: 12, 3: 0, 4: 0, 5: 0} read_errors=[]
[arm-position] arm_down waiting positions={1: 441, 2: 828, 3: 718, 4: 502, 5: 508} movement={1: 0, 2: 16, 3: 0, 4: 0, 5: 0} read_errors=[]
[arm-position] arm_down waiting positions={1: 441, 2: 840, 3: 718, 4: 502, 5: 508} movement={1: 0, 2: 12, 3: 0, 4: 0, 5: 0} read_errors=[]
[arm-position] arm_down waiting positions={1: 441, 2: 854, 3: 718, 4: 502, 5: 508} movement={1: 0, 2: 14, 3: 0, 4: 0, 5: 0} read_errors=[]
[arm-position] arm_down waiting positions={1: 441, 2: 865, 3: 718, 4: 502, 5: 508} movement={1: 0, 2: 11, 3: 0, 4: 0, 5: 0} read_errors=[]
[arm-position] arm_down waiting positions={1: 441, 2: 880, 3: 718, 4: 502, 5: 508} movement={1: 0, 2: 15, 3: 0, 4: 0, 5: 0} read_errors=[]
[arm-position] arm_down waiting positions={1: 441, 2: 892, 3: 718, 4: 502, 5: 508} movement={1: 0, 2: 12, 3: 0, 4: 0, 5: 0} read_errors=[]
[arm-position] arm_down waiting positions={1: 441, 2: 905, 3: 718, 4: 502, 5: 508} movement={1: 0, 2: 13, 3: 0, 4: 0, 5: 0} read_errors=[]
[arm-position] arm_down waiting positions={1: 441, 2: 920, 3: 718, 4: 502, 5: 508} movement={1: 0, 2: 15, 3: 0, 4: 0, 5: 0} read_errors=[]
[arm-position] arm_down waiting positions={1: 441, 2: 934, 3: 718, 4: 502, 5: 508} movement={1: 0, 2: 14, 3: 0, 4: 0, 5: 0} read_errors=[]
[arm-position] arm_down waiting positions={1: 441, 2: 946, 3: 718, 4: 502, 5: 508} movement={1: 0, 2: 12, 3: 0, 4: 0, 5: 0} read_errors=[]
[arm-position] arm_down waiting positions={1: 441, 2: 960, 3: 718, 4: 502, 5: 508} movement={1: 0, 2: 14, 3: 0, 4: 0, 5: 0} read_errors=[]
[arm-position] arm_down waiting positions={1: 441, 2: 972, 3: 718, 4: 502, 5: 508} movement={1: 0, 2: 12, 3: 0, 4: 0, 5: 0} read_errors=[]
[arm-position] arm_down waiting positions={1: 441, 2: 985, 3: 718, 4: 502, 5: 508} movement={1: 0, 2: 13, 3: 0, 4: 0, 5: 0} read_errors=[]
[arm-position] arm_down waiting positions={1: 441, 2: 999, 3: 718, 4: 502, 5: 508} movement={1: 0, 2: 14, 3: 0, 4: 0, 5: 0} read_errors=[]
[arm-position] arm_down waiting positions={1: 441, 2: 1006, 3: 718, 4: 502, 5: 508} movement={1: 0, 2: 7, 3: 0, 4: 0, 5: 0} read_errors=[]
[arm-position] arm_down settled positions={1: 441, 2: 1006, 3: 718, 4: 502, 5: 508} movement={1: 0, 2: 0, 3: 0, 4: 0, 5: 0} elapsed=4.95s
[base] pickup_push direction=forward requested_speed=0.2 effective_speed=0.2 seconds=3.9
[map] motion direction=forward speed=0.2 effective_seconds=3.9 pose={'x_m': -0.23949322953101373, 'y_m': 0.6208071557537075, 'heading_rad': -0.9583737123229916}
[arm] pose grab
[arm] grab servo=5 angle=0 speed=85
[arm] grab servo=4 angle=-55 speed=85
[arm] grab servo=3 angle=45 speed=85
[arm] grab servo=2 angle=105 speed=85
[arm] grab servo=1 angle=-16 speed=85
[arm] pose carry
[arm] carry servo=5 angle=0 speed=85
[arm] carry servo=4 angle=-55 speed=85
[arm] carry servo=3 angle=45 speed=85
[arm] carry servo=2 angle=60 speed=85
[arm] carry servo=1 angle=-16 speed=85
[mission] completed_pickups=1
[fsm] FINALIZING --FINALIZED--> PLANNING
[fsm] PLANNING --MAP_TARGET_AVAILABLE--> MAP_NAVIGATING
[can] backend=detectnet_native no detections
[tag] cv2=4.1.1
[tag] has pupil_apriltags=True
[tag] has aruco=False
[tag] has ArucoDetector=False
[tag] has DICT_APRILTAG_36h11=False
[tag] calibration loaded /workspace/robot_code/temp_car/calibration_320.yaml
[tag] detector loaded backend=pupil_apriltags family=tag36h11 dictionary=DICT_APRILTAG_36h11
[tag] backend=pupil_apriltags id=0 center=(128.3,123.7) error_x=-0.099 yaw_deg=-30.19 height=12.1px height_norm=0.050 margin=17.31 distance=1.0506555268112399
[base] stop
[fsm] MAP_NAVIGATING --TARGET_FOUND--> ALIGNING
[can] backend=detectnet_native no detections
[tag] backend=pupil_apriltags id=0 center=(128.4,123.8) error_x=-0.099 yaw_deg=-31.33 height=12.0px height_norm=0.050 margin=18.99 distance=1.050163712989684
[base] stop
[fsm] ALIGNING --TARGET_ALIGNED--> APPROACHING
[can] backend=detectnet_native no detections
[tag] no detections
[base] stop
[can] backend=detectnet_native no detections
[tag] backend=pupil_apriltags id=0 center=(128.4,123.8) error_x=-0.099 yaw_deg=-29.11 height=12.0px height_norm=0.050 margin=16.13 distance=1.0536078812994536
[approach] target=bin mode=pnp_z bbox=0.050/None bbox_ok=False depth_raw=n/a/None depth_ok=False pnp_z=1.049/0.34 pnp_ok=False error_x=-0.099
[base] continuous start label=approach_bin_forward direction=forward requested_speed=0.6 effective_speed=0.6
[can] backend=detectnet_native no detections
[tag] no detections
[map] motion direction=forward speed=0.6 effective_seconds=0.09054183959960938 pose={'x_m': -0.24717971058640145, 'y_m': 0.6262071471069078, 'heading_rad': -0.9583737123229916}
[base] continuous stop label=approach_bin_forward elapsed=0.091s
[base] stop
[can] backend=detectnet_native no detections
[tag] backend=pupil_apriltags id=0 center=(127.5,124.1) error_x=-0.102 yaw_deg=-29.56 height=12.6px height_norm=0.053 margin=19.93 distance=1.017824560347692
[approach] target=bin mode=pnp_z bbox=0.053/None bbox_ok=False depth_raw=n/a/None depth_ok=False pnp_z=1.013/0.34 pnp_ok=False error_x=-0.102
[base] continuous start label=approach_bin_steer direction=left requested_speed=0.15 effective_speed=0.15
[visual-turn] label=approach_bin_steer direction=left speed=0.15
[can] backend=detectnet_native no detections
[tag] no detections
[map] motion direction=left speed=0.15 effective_seconds=0.08220338821411133 pose={'x_m': -0.24717971058640145, 'y_m': 0.6262071471069078, 'heading_rad': -0.9707895565784561}
[base] continuous stop label=approach_bin_steer elapsed=0.082s
[base] stop
[can] backend=detectnet_native no detections
[tag] backend=pupil_apriltags id=0 center=(127.6,124.1) error_x=-0.101 yaw_deg=-30.05 height=12.5px height_norm=0.052 margin=20.69 distance=1.0308943265606394
[approach] target=bin mode=pnp_z bbox=0.052/None bbox_ok=False depth_raw=n/a/None depth_ok=False pnp_z=1.026/0.34 pnp_ok=False error_x=-0.101
[base] continuous start label=approach_bin_steer direction=left requested_speed=0.15 effective_speed=0.15
[visual-turn] label=approach_bin_steer direction=left speed=0.15
[can] backend=detectnet_native no detections
[tag] backend=pupil_apriltags id=0 center=(127.6,124.1) error_x=-0.101 yaw_deg=-30.9 height=12.6px height_norm=0.052 margin=20.25 distance=1.025283848074871
[approach] target=bin mode=pnp_z bbox=0.052/None bbox_ok=False depth_raw=n/a/None depth_ok=False pnp_z=1.021/0.34 pnp_ok=False error_x=-0.101
[can] backend=detectnet_native no detections
[tag] backend=pupil_apriltags id=0 center=(127.6,124.1) error_x=-0.101 yaw_deg=-31.35 height=12.6px height_norm=0.052 margin=21.58 distance=1.0246726905730732
[approach] target=bin mode=pnp_z bbox=0.052/None bbox_ok=False depth_raw=n/a/None depth_ok=False pnp_z=1.020/0.34 pnp_ok=False error_x=-0.101
[can] backend=detectnet_native no detections
[tag] no detections
[map] motion direction=left speed=0.15 effective_seconds=0.21418356895446777 pose={'x_m': -0.24717971058640145, 'y_m': 0.6262071471069078, 'heading_rad': -1.003139437672064}
[base] continuous stop label=approach_bin_steer elapsed=0.214s
[base] stop
[can] backend=detectnet_native no detections
[tag] no detections
[base] stop
[can] backend=detectnet_native no detections
[tag] backend=pupil_apriltags id=0 center=(131.4,123.3) error_x=-0.089 yaw_deg=20.51 height=12.5px height_norm=0.052 margin=18.91 distance=1.0258261666458317
[approach] target=bin mode=pnp_z bbox=0.052/None bbox_ok=False depth_raw=n/a/None depth_ok=False pnp_z=1.022/0.34 pnp_ok=False error_x=-0.089
[base] continuous start label=approach_bin_forward direction=forward requested_speed=0.6 effective_speed=0.6
[can] backend=detectnet_native no detections
[tag] backend=pupil_apriltags id=0 center=(131.4,123.4) error_x=-0.089 yaw_deg=19.97 height=12.4px height_norm=0.052 margin=19.21 distance=1.0292409295154346
[approach] target=bin mode=pnp_z bbox=0.052/None bbox_ok=False depth_raw=n/a/None depth_ok=False pnp_z=1.026/0.34 pnp_ok=False error_x=-0.089
[can] backend=detectnet_native no detections
[tag] backend=pupil_apriltags id=0 center=(131.7,124.0) error_x=-0.089 yaw_deg=-30.71 height=12.4px height_norm=0.052 margin=23.90 distance=1.0358378184160961
[approach] target=bin mode=pnp_z bbox=0.052/None bbox_ok=False depth_raw=n/a/None depth_ok=False pnp_z=1.032/0.34 pnp_ok=False error_x=-0.089
[can] backend=detectnet_native no detections
[tag] backend=pupil_apriltags id=0 center=(132.4,124.1) error_x=-0.086 yaw_deg=-35.47 height=12.6px height_norm=0.052 margin=20.01 distance=0.992709562745326
[approach] target=bin mode=pnp_z bbox=0.052/None bbox_ok=False depth_raw=n/a/None depth_ok=False pnp_z=0.989/0.34 pnp_ok=False error_x=-0.086
[can] backend=detectnet_native no detections
[tag] backend=pupil_apriltags id=0 center=(131.5,124.3) error_x=-0.089 yaw_deg=-34.08 height=13.0px height_norm=0.054 margin=19.81 distance=0.977364230695044
[approach] target=bin mode=pnp_z bbox=0.054/None bbox_ok=False depth_raw=n/a/None depth_ok=False pnp_z=0.974/0.34 pnp_ok=False error_x=-0.089
[can] backend=detectnet_native no detections
[tag] backend=pupil_apriltags id=0 center=(131.6,124.6) error_x=-0.089 yaw_deg=-36.41 height=13.4px height_norm=0.056 margin=20.09 distance=0.9604860991978488
[approach] target=bin mode=pnp_z bbox=0.056/None bbox_ok=False depth_raw=n/a/None depth_ok=False pnp_z=0.957/0.34 pnp_ok=False error_x=-0.089
[can] backend=detectnet_native no detections
[tag] backend=pupil_apriltags id=0 center=(132.5,124.8) error_x=-0.086 yaw_deg=22.02 height=12.7px height_norm=0.053 margin=20.37 distance=0.9836392388350105
[approach] target=bin mode=pnp_z bbox=0.053/None bbox_ok=False depth_raw=n/a/None depth_ok=False pnp_z=0.980/0.34 pnp_ok=False error_x=-0.086
[can] backend=detectnet_native no detections
[tag] backend=pupil_apriltags id=0 center=(132.4,124.7) error_x=-0.086 yaw_deg=26.28 height=13.5px height_norm=0.056 margin=18.36 distance=0.9531705075909599
[approach] target=bin mode=pnp_z bbox=0.056/None bbox_ok=False depth_raw=n/a/None depth_ok=False pnp_z=0.950/0.34 pnp_ok=False error_x=-0.086
[can] backend=detectnet_native no detections
[tag] backend=pupil_apriltags id=0 center=(132.5,125.0) error_x=-0.086 yaw_deg=24.32 height=13.3px height_norm=0.055 margin=22.31 distance=0.9655925910995189
[approach] target=bin mode=pnp_z bbox=0.055/None bbox_ok=False depth_raw=n/a/None depth_ok=False pnp_z=0.962/0.34 pnp_ok=False error_x=-0.086
[can] backend=detectnet_native no detections
[tag] backend=pupil_apriltags id=0 center=(132.7,125.1) error_x=-0.085 yaw_deg=-31.61 height=13.5px height_norm=0.056 margin=20.30 distance=0.9447002777478686
[approach] target=bin mode=pnp_z bbox=0.056/None bbox_ok=False depth_raw=n/a/None depth_ok=False pnp_z=0.942/0.34 pnp_ok=False error_x=-0.085
[can] backend=detectnet_native no detections
[tag] backend=pupil_apriltags id=0 center=(132.8,125.5) error_x=-0.085 yaw_deg=-30.18 height=13.6px height_norm=0.057 margin=23.16 distance=0.9371704744142538
[approach] target=bin mode=pnp_z bbox=0.057/None bbox_ok=False depth_raw=n/a/None depth_ok=False pnp_z=0.934/0.34 pnp_ok=False error_x=-0.085
[can] backend=detectnet_native no detections
[tag] backend=pupil_apriltags id=0 center=(132.9,125.5) error_x=-0.085 yaw_deg=17.97 height=13.4px height_norm=0.056 margin=21.60 distance=0.9480706187853054
[approach] target=bin mode=pnp_z bbox=0.056/None bbox_ok=False depth_raw=n/a/None depth_ok=False pnp_z=0.945/0.34 pnp_ok=False error_x=-0.085
[can] backend=detectnet_native no detections
[tag] backend=pupil_apriltags id=0 center=(133.8,125.7) error_x=-0.082 yaw_deg=20.1 height=13.8px height_norm=0.057 margin=24.00 distance=0.9285619807195619
[approach] target=bin mode=pnp_z bbox=0.057/None bbox_ok=False depth_raw=n/a/None depth_ok=False pnp_z=0.926/0.34 pnp_ok=False error_x=-0.082
[can] backend=detectnet_native no detections
[tag] backend=pupil_apriltags id=0 center=(133.8,125.6) error_x=-0.082 yaw_deg=-30.61 height=13.7px height_norm=0.057 margin=23.61 distance=0.9097166409025105
[approach] target=bin mode=pnp_z bbox=0.057/None bbox_ok=False depth_raw=n/a/None depth_ok=False pnp_z=0.907/0.34 pnp_ok=False error_x=-0.082
[can] backend=detectnet_native no detections
[tag] backend=pupil_apriltags id=0 center=(133.9,126.0) error_x=-0.081 yaw_deg=22.07 height=14.4px height_norm=0.060 margin=20.43 distance=0.9081156665541897
[approach] target=bin mode=pnp_z bbox=0.060/None bbox_ok=False depth_raw=n/a/None depth_ok=False pnp_z=0.906/0.34 pnp_ok=False error_x=-0.081
[can] backend=detectnet_native no detections
[tag] backend=pupil_apriltags id=0 center=(134.5,126.6) error_x=-0.080 yaw_deg=-28.89 height=14.2px height_norm=0.059 margin=25.64 distance=0.8887691949633697
[approach] target=bin mode=pnp_z bbox=0.059/None bbox_ok=False depth_raw=n/a/None depth_ok=False pnp_z=0.886/0.34 pnp_ok=False error_x=-0.080
[can] backend=detectnet_native no detections
[tag] backend=pupil_apriltags id=0 center=(134.7,126.4) error_x=-0.079 yaw_deg=-28.94 height=15.0px height_norm=0.062 margin=24.66 distance=0.8776207195538648
[approach] target=bin mode=pnp_z bbox=0.062/None bbox_ok=False depth_raw=n/a/None depth_ok=False pnp_z=0.875/0.34 pnp_ok=False error_x=-0.079
[can] backend=detectnet_native no detections
[tag] backend=pupil_apriltags id=0 center=(134.3,127.1) error_x=-0.080 yaw_deg=-28.79 height=14.5px height_norm=0.060 margin=28.53 distance=0.8711043550310568
[approach] target=bin mode=pnp_z bbox=0.060/None bbox_ok=False depth_raw=n/a/None depth_ok=False pnp_z=0.869/0.34 pnp_ok=False error_x=-0.080
[can] backend=detectnet_native no detections
[tag] backend=pupil_apriltags id=0 center=(135.1,127.2) error_x=-0.078 yaw_deg=-31.29 height=14.8px height_norm=0.062 margin=27.48 distance=0.8533258532249685
[approach] target=bin mode=pnp_z bbox=0.062/None bbox_ok=False depth_raw=n/a/None depth_ok=False pnp_z=0.851/0.34 pnp_ok=False error_x=-0.078
[can] backend=detectnet_native no detections
[tag] backend=pupil_apriltags id=0 center=(135.3,127.5) error_x=-0.077 yaw_deg=-31.89 height=15.3px height_norm=0.064 margin=24.23 distance=0.8397253206956937
[approach] target=bin mode=pnp_z bbox=0.064/None bbox_ok=False depth_raw=n/a/None depth_ok=False pnp_z=0.838/0.34 pnp_ok=False error_x=-0.077
[can] backend=detectnet_native no detections
[tag] backend=pupil_apriltags id=0 center=(134.8,127.5) error_x=-0.079 yaw_deg=20.85 height=15.8px height_norm=0.066 margin=28.59 distance=0.822512667618328
[approach] target=bin mode=pnp_z bbox=0.066/None bbox_ok=False depth_raw=n/a/None depth_ok=False pnp_z=0.820/0.34 pnp_ok=False error_x=-0.079
[can] backend=detectnet_native no detections
[tag] backend=pupil_apriltags id=0 center=(134.8,128.5) error_x=-0.079 yaw_deg=-28.68 height=15.7px height_norm=0.065 margin=28.20 distance=0.8098657098488615
[approach] target=bin mode=pnp_z bbox=0.065/None bbox_ok=False depth_raw=n/a/None depth_ok=False pnp_z=0.808/0.34 pnp_ok=False error_x=-0.079
[can] backend=detectnet_native no detections
[tag] backend=pupil_apriltags id=0 center=(135.0,128.4) error_x=-0.078 yaw_deg=-26.65 height=15.8px height_norm=0.066 margin=26.57 distance=0.8073347281489472
[approach] target=bin mode=pnp_z bbox=0.066/None bbox_ok=False depth_raw=n/a/None depth_ok=False pnp_z=0.805/0.34 pnp_ok=False error_x=-0.078
[can] backend=detectnet_native no detections
[tag] backend=pupil_apriltags id=0 center=(134.8,128.5) error_x=-0.079 yaw_deg=17.72 height=15.8px height_norm=0.066 margin=29.11 distance=0.8039094279718676
[approach] target=bin mode=pnp_z bbox=0.066/None bbox_ok=False depth_raw=n/a/None depth_ok=False pnp_z=0.802/0.34 pnp_ok=False error_x=-0.079
[can] backend=detectnet_native no detections
[tag] backend=pupil_apriltags id=0 center=(135.0,128.8) error_x=-0.078 yaw_deg=-30.23 height=16.3px height_norm=0.068 margin=23.79 distance=0.7982253429369319
[approach] target=bin mode=pnp_z bbox=0.068/None bbox_ok=False depth_raw=n/a/None depth_ok=False pnp_z=0.796/0.34 pnp_ok=False error_x=-0.078
[can] backend=detectnet_native no detections
[tag] backend=pupil_apriltags id=0 center=(135.1,129.0) error_x=-0.078 yaw_deg=-30.02 height=16.5px height_norm=0.069 margin=27.44 distance=0.785561167968597
[approach] target=bin mode=pnp_z bbox=0.069/None bbox_ok=False depth_raw=n/a/None depth_ok=False pnp_z=0.784/0.34 pnp_ok=False error_x=-0.078
[can] backend=detectnet_native no detections
[tag] backend=pupil_apriltags id=0 center=(135.5,130.1) error_x=-0.077 yaw_deg=-26.72 height=16.6px height_norm=0.069 margin=27.31 distance=0.7667950786257991
[approach] target=bin mode=pnp_z bbox=0.069/None bbox_ok=False depth_raw=n/a/None depth_ok=False pnp_z=0.765/0.34 pnp_ok=False error_x=-0.077
[can] backend=detectnet_native detections=1 best_confidence=0.203
[depth] map_can_0_depth mean=3.546 min=3.122 max=3.939
[map] can added id=1 position={'x_m': -0.564042018470866, 'y_m': 0.7853803456408848}
[tag] backend=pupil_apriltags id=0 center=(135.5,130.0) error_x=-0.076 yaw_deg=-27.4 height=16.5px height_norm=0.069 margin=28.11 distance=0.7628472650099424
[approach] target=bin mode=pnp_z bbox=0.069/None bbox_ok=False depth_raw=n/a/None depth_ok=False pnp_z=0.761/0.34 pnp_ok=False error_x=-0.076
[can] backend=detectnet_native no detections
[tag] backend=pupil_apriltags id=0 center=(136.1,130.5) error_x=-0.075 yaw_deg=-28.56 height=17.8px height_norm=0.074 margin=29.37 distance=0.731496740446466
[approach] target=bin mode=pnp_z bbox=0.074/None bbox_ok=False depth_raw=n/a/None depth_ok=False pnp_z=0.730/0.34 pnp_ok=False error_x=-0.075
[can] backend=detectnet_native no detections
[tag] backend=pupil_apriltags id=0 center=(136.1,130.7) error_x=-0.075 yaw_deg=17.73 height=17.7px height_norm=0.074 margin=27.04 distance=0.7309604231416117
[approach] target=bin mode=pnp_z bbox=0.074/None bbox_ok=False depth_raw=n/a/None depth_ok=False pnp_z=0.729/0.34 pnp_ok=False error_x=-0.075
[can] backend=detectnet_native no detections
[tag] backend=pupil_apriltags id=0 center=(135.9,131.5) error_x=-0.075 yaw_deg=-24.07 height=17.6px height_norm=0.073 margin=29.55 distance=0.7326928811586888
[approach] target=bin mode=pnp_z bbox=0.073/None bbox_ok=False depth_raw=n/a/None depth_ok=False pnp_z=0.731/0.34 pnp_ok=False error_x=-0.075
[can] backend=detectnet_native no detections
[tag] backend=pupil_apriltags id=0 center=(135.9,131.8) error_x=-0.075 yaw_deg=-27.95 height=18.5px height_norm=0.077 margin=32.57 distance=0.7040891138947852
[approach] target=bin mode=pnp_z bbox=0.077/None bbox_ok=False depth_raw=n/a/None depth_ok=False pnp_z=0.702/0.34 pnp_ok=False error_x=-0.075
[can] backend=detectnet_native no detections
[tag] backend=pupil_apriltags id=0 center=(136.0,132.3) error_x=-0.075 yaw_deg=-26.31 height=18.3px height_norm=0.076 margin=29.21 distance=0.706093819173277
[approach] target=bin mode=pnp_z bbox=0.076/None bbox_ok=False depth_raw=n/a/None depth_ok=False pnp_z=0.704/0.34 pnp_ok=False error_x=-0.075
[can] backend=detectnet_native no detections
[tag] backend=pupil_apriltags id=0 center=(136.0,132.9) error_x=-0.075 yaw_deg=-27.71 height=18.2px height_norm=0.076 margin=28.67 distance=0.6972985108270506
[approach] target=bin mode=pnp_z bbox=0.076/None bbox_ok=False depth_raw=n/a/None depth_ok=False pnp_z=0.695/0.34 pnp_ok=False error_x=-0.075
[can] backend=detectnet_native no detections
[tag] backend=pupil_apriltags id=0 center=(136.1,133.4) error_x=-0.075 yaw_deg=-33.32 height=19.7px height_norm=0.082 margin=29.51 distance=0.666772337741133
[approach] target=bin mode=pnp_z bbox=0.082/None bbox_ok=False depth_raw=n/a/None depth_ok=False pnp_z=0.665/0.34 pnp_ok=False error_x=-0.075
[can] backend=detectnet_native no detections
[tag] backend=pupil_apriltags id=0 center=(136.4,133.7) error_x=-0.074 yaw_deg=-25.97 height=19.4px height_norm=0.081 margin=26.68 distance=0.6700753274751511
[approach] target=bin mode=pnp_z bbox=0.081/None bbox_ok=False depth_raw=n/a/None depth_ok=False pnp_z=0.668/0.34 pnp_ok=False error_x=-0.074
[can] backend=detectnet_native no detections
[tag] backend=pupil_apriltags id=0 center=(136.5,134.1) error_x=-0.073 yaw_deg=-25.1 height=18.8px height_norm=0.078 margin=30.24 distance=0.6729690356361634
[approach] target=bin mode=pnp_z bbox=0.078/None bbox_ok=False depth_raw=n/a/None depth_ok=False pnp_z=0.671/0.34 pnp_ok=False error_x=-0.073
[can] backend=detectnet_native no detections
[tag] backend=pupil_apriltags id=0 center=(136.3,134.7) error_x=-0.074 yaw_deg=-29.75 height=19.7px height_norm=0.082 margin=30.23 distance=0.6520571246765862
[approach] target=bin mode=pnp_z bbox=0.082/None bbox_ok=False depth_raw=n/a/None depth_ok=False pnp_z=0.650/0.34 pnp_ok=False error_x=-0.074
[can] backend=detectnet_native no detections
[tag] backend=pupil_apriltags id=0 center=(136.8,135.0) error_x=-0.073 yaw_deg=-30.8 height=20.5px height_norm=0.085 margin=30.09 distance=0.628944494140276
[approach] target=bin mode=pnp_z bbox=0.085/None bbox_ok=False depth_raw=n/a/None depth_ok=False pnp_z=0.627/0.34 pnp_ok=False error_x=-0.073
[can] backend=detectnet_native no detections
[tag] backend=pupil_apriltags id=0 center=(136.9,135.8) error_x=-0.072 yaw_deg=-25.47 height=20.1px height_norm=0.084 margin=29.84 distance=0.6327745759478106
[approach] target=bin mode=pnp_z bbox=0.084/None bbox_ok=False depth_raw=n/a/None depth_ok=False pnp_z=0.631/0.34 pnp_ok=False error_x=-0.072
[can] backend=detectnet_native no detections
[tag] backend=pupil_apriltags id=0 center=(137.3,136.0) error_x=-0.071 yaw_deg=-27.19 height=20.8px height_norm=0.087 margin=28.04 distance=0.6157830278643249
[approach] target=bin mode=pnp_z bbox=0.087/None bbox_ok=False depth_raw=n/a/None depth_ok=False pnp_z=0.614/0.34 pnp_ok=False error_x=-0.071
[can] backend=detectnet_native no detections
[tag] backend=pupil_apriltags id=0 center=(137.6,136.3) error_x=-0.070 yaw_deg=16.5 height=21.5px height_norm=0.090 margin=29.86 distance=0.6041406216739618
[approach] target=bin mode=pnp_z bbox=0.090/None bbox_ok=False depth_raw=n/a/None depth_ok=False pnp_z=0.603/0.34 pnp_ok=False error_x=-0.070
[can] backend=detectnet_native no detections
[tag] backend=pupil_apriltags id=0 center=(137.5,137.6) error_x=-0.070 yaw_deg=-28.43 height=21.7px height_norm=0.090 margin=30.36 distance=0.5938362953511117
[approach] target=bin mode=pnp_z bbox=0.090/None bbox_ok=False depth_raw=n/a/None depth_ok=False pnp_z=0.592/0.34 pnp_ok=False error_x=-0.070
[can] backend=detectnet_native no detections
[tag] backend=pupil_apriltags id=0 center=(138.0,137.7) error_x=-0.069 yaw_deg=-25.45 height=22.3px height_norm=0.093 margin=29.96 distance=0.5843934072619307
[approach] target=bin mode=pnp_z bbox=0.093/None bbox_ok=False depth_raw=n/a/None depth_ok=False pnp_z=0.583/0.34 pnp_ok=False error_x=-0.069
[can] backend=detectnet_native no detections
[tag] backend=pupil_apriltags id=0 center=(139.0,138.1) error_x=-0.066 yaw_deg=-26.62 height=22.8px height_norm=0.095 margin=29.74 distance=0.5658235296488999
[approach] target=bin mode=pnp_z bbox=0.095/None bbox_ok=False depth_raw=n/a/None depth_ok=False pnp_z=0.564/0.34 pnp_ok=False error_x=-0.066
[can] backend=detectnet_native no detections
[tag] backend=pupil_apriltags id=0 center=(138.8,138.6) error_x=-0.066 yaw_deg=-28.36 height=23.7px height_norm=0.099 margin=29.84 distance=0.555092670718669
[approach] target=bin mode=pnp_z bbox=0.099/None bbox_ok=False depth_raw=n/a/None depth_ok=False pnp_z=0.554/0.34 pnp_ok=False error_x=-0.066
[can] backend=detectnet_native no detections
[tag] backend=pupil_apriltags id=0 center=(138.5,139.3) error_x=-0.067 yaw_deg=-24.4 height=23.4px height_norm=0.097 margin=29.24 distance=0.5607431432287437
[approach] target=bin mode=pnp_z bbox=0.097/None bbox_ok=False depth_raw=n/a/None depth_ok=False pnp_z=0.559/0.34 pnp_ok=False error_x=-0.067
[can] backend=detectnet_native no detections
[tag] backend=pupil_apriltags id=0 center=(139.3,140.3) error_x=-0.065 yaw_deg=-27.51 height=24.1px height_norm=0.101 margin=29.07 distance=0.5358249557315065
[approach] target=bin mode=pnp_z bbox=0.101/None bbox_ok=False depth_raw=n/a/None depth_ok=False pnp_z=0.534/0.34 pnp_ok=False error_x=-0.065
[can] backend=detectnet_native no detections
[tag] backend=pupil_apriltags id=0 center=(138.9,140.9) error_x=-0.066 yaw_deg=-26.41 height=24.8px height_norm=0.103 margin=29.67 distance=0.525552632217334
[approach] target=bin mode=pnp_z bbox=0.103/None bbox_ok=False depth_raw=n/a/None depth_ok=False pnp_z=0.524/0.34 pnp_ok=False error_x=-0.066
[can] backend=detectnet_native no detections
[tag] backend=pupil_apriltags id=0 center=(139.2,142.3) error_x=-0.065 yaw_deg=-26.6 height=25.4px height_norm=0.106 margin=29.67 distance=0.5087990337965548
[approach] target=bin mode=pnp_z bbox=0.106/None bbox_ok=False depth_raw=n/a/None depth_ok=False pnp_z=0.507/0.34 pnp_ok=False error_x=-0.065
[can] backend=detectnet_native no detections
[tag] backend=pupil_apriltags id=0 center=(139.7,143.1) error_x=-0.063 yaw_deg=-24.02 height=25.0px height_norm=0.104 margin=29.73 distance=0.5147142045371665
[approach] target=bin mode=pnp_z bbox=0.104/None bbox_ok=False depth_raw=n/a/None depth_ok=False pnp_z=0.513/0.34 pnp_ok=False error_x=-0.063
[can] backend=detectnet_native no detections
[tag] backend=pupil_apriltags id=0 center=(140.5,143.7) error_x=-0.061 yaw_deg=-26.6 height=26.2px height_norm=0.109 margin=30.25 distance=0.4933853645575235
[approach] target=bin mode=pnp_z bbox=0.109/None bbox_ok=False depth_raw=n/a/None depth_ok=False pnp_z=0.492/0.34 pnp_ok=False error_x=-0.061
[can] backend=detectnet_native no detections
[tag] backend=pupil_apriltags id=0 center=(140.3,144.8) error_x=-0.062 yaw_deg=-24.12 height=26.9px height_norm=0.112 margin=29.89 distance=0.4827927532726661
[approach] target=bin mode=pnp_z bbox=0.112/None bbox_ok=False depth_raw=n/a/None depth_ok=False pnp_z=0.481/0.34 pnp_ok=False error_x=-0.062
[can] backend=detectnet_native no detections
[tag] backend=pupil_apriltags id=0 center=(140.6,145.5) error_x=-0.061 yaw_deg=-21.92 height=27.7px height_norm=0.115 margin=29.97 distance=0.47182011241963956
[approach] target=bin mode=pnp_z bbox=0.115/None bbox_ok=False depth_raw=n/a/None depth_ok=False pnp_z=0.470/0.34 pnp_ok=False error_x=-0.061
[can] backend=detectnet_native no detections
[tag] backend=pupil_apriltags id=0 center=(141.4,146.2) error_x=-0.058 yaw_deg=-25.19 height=28.5px height_norm=0.119 margin=30.07 distance=0.4572050309895392
[approach] target=bin mode=pnp_z bbox=0.119/None bbox_ok=False depth_raw=n/a/None depth_ok=False pnp_z=0.456/0.34 pnp_ok=False error_x=-0.058
[can] backend=detectnet_native no detections
[tag] backend=pupil_apriltags id=0 center=(141.1,147.4) error_x=-0.059 yaw_deg=-24.11 height=29.1px height_norm=0.121 margin=30.16 distance=0.44678187665030966
[approach] target=bin mode=pnp_z bbox=0.121/None bbox_ok=False depth_raw=n/a/None depth_ok=False pnp_z=0.445/0.34 pnp_ok=False error_x=-0.059
[can] backend=detectnet_native no detections
[tag] backend=pupil_apriltags id=0 center=(141.1,148.4) error_x=-0.059 yaw_deg=-22.88 height=29.7px height_norm=0.124 margin=30.02 distance=0.4339982072288406
[approach] target=bin mode=pnp_z bbox=0.124/None bbox_ok=False depth_raw=n/a/None depth_ok=False pnp_z=0.432/0.34 pnp_ok=False error_x=-0.059
[can] backend=detectnet_native no detections
[tag] backend=pupil_apriltags id=0 center=(141.5,149.4) error_x=-0.058 yaw_deg=-23.93 height=30.7px height_norm=0.128 margin=30.09 distance=0.42493188322929076
[approach] target=bin mode=pnp_z bbox=0.128/None bbox_ok=False depth_raw=n/a/None depth_ok=False pnp_z=0.423/0.34 pnp_ok=False error_x=-0.058
[can] backend=detectnet_native no detections
[tag] backend=pupil_apriltags id=0 center=(141.3,150.6) error_x=-0.059 yaw_deg=-22.33 height=31.4px height_norm=0.131 margin=29.56 distance=0.4135956394333863
[approach] target=bin mode=pnp_z bbox=0.131/None bbox_ok=False depth_raw=n/a/None depth_ok=False pnp_z=0.412/0.34 pnp_ok=False error_x=-0.059
[can] backend=detectnet_native no detections
[tag] backend=pupil_apriltags id=0 center=(141.5,151.7) error_x=-0.058 yaw_deg=-24.53 height=32.3px height_norm=0.135 margin=29.74 distance=0.39800554583657505
[approach] target=bin mode=pnp_z bbox=0.135/None bbox_ok=False depth_raw=n/a/None depth_ok=False pnp_z=0.396/0.34 pnp_ok=False error_x=-0.058
[can] backend=detectnet_native no detections
[tag] backend=pupil_apriltags id=0 center=(141.0,153.1) error_x=-0.059 yaw_deg=-21.97 height=32.9px height_norm=0.137 margin=29.39 distance=0.3982857501417981
[approach] target=bin mode=pnp_z bbox=0.137/None bbox_ok=False depth_raw=n/a/None depth_ok=False pnp_z=0.396/0.34 pnp_ok=False error_x=-0.059
[can] backend=detectnet_native no detections
[tag] backend=pupil_apriltags id=0 center=(141.0,153.8) error_x=-0.059 yaw_deg=-21.83 height=33.6px height_norm=0.140 margin=29.40 distance=0.3895263797279972
[approach] target=bin mode=pnp_z bbox=0.140/None bbox_ok=False depth_raw=n/a/None depth_ok=False pnp_z=0.387/0.34 pnp_ok=False error_x=-0.059
[can] backend=detectnet_native no detections
[tag] backend=pupil_apriltags id=0 center=(141.4,156.0) error_x=-0.058 yaw_deg=-21.77 height=35.2px height_norm=0.147 margin=28.81 distance=0.36940389737430745
[approach] target=bin mode=pnp_z bbox=0.147/None bbox_ok=False depth_raw=n/a/None depth_ok=False pnp_z=0.367/0.34 pnp_ok=False error_x=-0.058
[can] backend=detectnet_native no detections
[tag] backend=pupil_apriltags id=0 center=(141.6,156.7) error_x=-0.058 yaw_deg=-21.15 height=36.0px height_norm=0.150 margin=28.96 distance=0.3645039454622427
[approach] target=bin mode=pnp_z bbox=0.150/None bbox_ok=False depth_raw=n/a/None depth_ok=False pnp_z=0.362/0.34 pnp_ok=False error_x=-0.058
[can] backend=detectnet_native no detections
[tag] backend=pupil_apriltags id=0 center=(141.6,158.4) error_x=-0.058 yaw_deg=-21.7 height=36.7px height_norm=0.153 margin=28.80 distance=0.3546573931683703
[approach] target=bin mode=pnp_z bbox=0.153/None bbox_ok=False depth_raw=n/a/None depth_ok=False pnp_z=0.352/0.34 pnp_ok=False error_x=-0.058
[can] backend=detectnet_native no detections
[tag] backend=pupil_apriltags id=0 center=(142.1,160.0) error_x=-0.056 yaw_deg=-22.62 height=37.9px height_norm=0.158 margin=28.75 distance=0.34216639003747473
[approach] target=bin mode=pnp_z bbox=0.158/None bbox_ok=False depth_raw=n/a/None depth_ok=False pnp_z=0.340/0.34 pnp_ok=True error_x=-0.056
[map] motion direction=forward speed=0.6 effective_seconds=4.224619150161743 pose={'x_m': -0.6167416611690576, 'y_m': 0.8618648834620735, 'heading_rad': -1.003139437672064}
[base] continuous stop label=approach_bin_forward elapsed=4.225s
[base] stop
[fsm] APPROACHING --TARGET_REACHED--> FINAL_VERIFY
[can] backend=detectnet_native no detections
[tag] backend=pupil_apriltags id=0 center=(141.9,163.1) error_x=-0.057 yaw_deg=-21.89 height=39.8px height_norm=0.166 margin=28.77 distance=0.32826538447124193
[base] continuous start label=align_bin direction=right requested_speed=0.15 effective_speed=0.15
[visual-turn] label=align_bin direction=right speed=0.15
[can] backend=detectnet_native no detections
[tag] backend=pupil_apriltags id=0 center=(142.0,164.7) error_x=-0.056 yaw_deg=-21.77 height=41.0px height_norm=0.171 margin=29.22 distance=0.3185718959102228
[can] backend=detectnet_native no detections
[tag] backend=pupil_apriltags id=0 center=(141.3,165.2) error_x=-0.058 yaw_deg=-20.33 height=41.4px height_norm=0.172 margin=29.13 distance=0.3166930297705273
[can] backend=detectnet_native no detections
[tag] backend=pupil_apriltags id=0 center=(141.3,165.1) error_x=-0.058 yaw_deg=-20.46 height=41.2px height_norm=0.172 margin=28.77 distance=0.3185990775922284
[can] backend=detectnet_native no detections
[tag] backend=pupil_apriltags id=0 center=(141.7,164.9) error_x=-0.057 yaw_deg=-21.41 height=40.9px height_norm=0.171 margin=29.55 distance=0.3194050183928969
[can] backend=detectnet_native no detections
[tag] backend=pupil_apriltags id=0 center=(141.1,165.0) error_x=-0.059 yaw_deg=-19.86 height=41.0px height_norm=0.171 margin=29.10 distance=0.3207283003708332
[can] backend=detectnet_native no detections
[tag] backend=pupil_apriltags id=0 center=(140.7,165.1) error_x=-0.060 yaw_deg=-22.38 height=41.3px height_norm=0.172 margin=28.79 distance=0.3165184759691235
[can] backend=detectnet_native no detections
[tag] backend=pupil_apriltags id=0 center=(137.4,165.2) error_x=-0.071 yaw_deg=-22.26 height=41.5px height_norm=0.173 margin=28.98 distance=0.31943566976956744
[can] backend=detectnet_native no detections
[tag] backend=pupil_apriltags id=0 center=(134.4,165.1) error_x=-0.080 yaw_deg=-22.12 height=41.5px height_norm=0.173 margin=29.16 distance=0.31996536649673946
[can] backend=detectnet_native no detections
[tag] backend=pupil_apriltags id=0 center=(131.1,165.1) error_x=-0.090 yaw_deg=-22.97 height=41.4px height_norm=0.173 margin=29.14 distance=0.3223404812387759
[map] motion direction=right speed=0.15 effective_seconds=0.5914242267608643 pose={'x_m': -0.6167416611690576, 'y_m': 0.8618648834620735, 'heading_rad': -0.8999164373416706}
[base] continuous stop label=align_bin elapsed=0.591s
[base] stop
[can] backend=detectnet_native no detections
[tag] backend=pupil_apriltags id=0 center=(127.8,165.1) error_x=-0.101 yaw_deg=-21.68 height=41.5px height_norm=0.173 margin=29.21 distance=0.3236833582228988
[base] stop
[fsm] FINAL_VERIFY --SIDE_DOCK_REQUIRED--> BIN_SIDE_DOCKING
[base] stop
[exp2] phase=side_view_pose base_direction=left reference_base_angle_deg=90.00 servo1_fixed=70
[arm] pose side_view_grabbing
[arm] side_view_grabbing servo=5 angle=0 speed=85
[arm] side_view_grabbing servo=4 angle=-55 speed=85
[arm] side_view_grabbing servo=3 angle=45 speed=85
[arm] side_view_grabbing servo=2 angle=60 speed=85
[arm] side_view_grabbing servo=1 angle=70 speed=85
[arm-position] side_view_grabbing waiting for motion to settle servos=[1, 2, 3, 4, 5] stability_delta=3 min_wait=0.5 timeout=10.0 stable_samples=2
[arm-position] side_view_grabbing waiting positions={1: 509, 2: 804, 3: 718, 4: 273, 5: 508} movement={} read_errors=[]
[arm-position] side_view_grabbing waiting positions={1: 522, 2: 804, 3: 718, 4: 273, 5: 508} movement={1: 13, 2: 0, 3: 0, 4: 0, 5: 0} read_errors=[]
[arm-position] side_view_grabbing waiting positions={1: 535, 2: 804, 3: 718, 4: 273, 5: 508} movement={1: 13, 2: 0, 3: 0, 4: 0, 5: 0} read_errors=[]
[arm-position] side_view_grabbing waiting positions={1: 547, 2: 804, 3: 718, 4: 273, 5: 508} movement={1: 12, 2: 0, 3: 0, 4: 0, 5: 0} read_errors=[]
[arm-position] side_view_grabbing waiting positions={1: 559, 2: 804, 3: 718, 4: 273, 5: 508} movement={1: 12, 2: 0, 3: 0, 4: 0, 5: 0} read_errors=[]
[arm-position] side_view_grabbing waiting positions={1: 573, 2: 804, 3: 718, 4: 273, 5: 508} movement={1: 14, 2: 0, 3: 0, 4: 0, 5: 0} read_errors=[]
[arm-position] side_view_grabbing waiting positions={1: 587, 2: 804, 3: 718, 4: 273, 5: 508} movement={1: 14, 2: 0, 3: 0, 4: 0, 5: 0} read_errors=[]
[arm-position] side_view_grabbing waiting positions={1: 600, 2: 804, 3: 718, 4: 273, 5: 508} movement={1: 13, 2: 0, 3: 0, 4: 0, 5: 0} read_errors=[]
[arm-position] side_view_grabbing waiting positions={1: 614, 2: 804, 3: 718, 4: 273, 5: 508} movement={1: 14, 2: 0, 3: 0, 4: 0, 5: 0} read_errors=[]
[arm-position] side_view_grabbing waiting positions={1: 626, 2: 804, 3: 718, 4: 273, 5: 508} movement={1: 12, 2: 0, 3: 0, 4: 0, 5: 0} read_errors=[]
[arm-position] side_view_grabbing waiting positions={1: 639, 2: 804, 3: 718, 4: 273, 5: 508} movement={1: 13, 2: 0, 3: 0, 4: 0, 5: 0} read_errors=[]
[arm-position] side_view_grabbing waiting positions={1: 652, 2: 804, 3: 718, 4: 273, 5: 508} movement={1: 13, 2: 0, 3: 0, 4: 0, 5: 0} read_errors=[]
[arm-position] side_view_grabbing waiting positions={1: 665, 2: 804, 3: 718, 4: 273, 5: 508} movement={1: 13, 2: 0, 3: 0, 4: 0, 5: 0} read_errors=[]
[arm-position] side_view_grabbing waiting positions={1: 679, 2: 804, 3: 718, 4: 273, 5: 508} movement={1: 14, 2: 0, 3: 0, 4: 0, 5: 0} read_errors=[]
[arm-position] side_view_grabbing waiting positions={1: 692, 2: 804, 3: 718, 4: 273, 5: 508} movement={1: 13, 2: 0, 3: 0, 4: 0, 5: 0} read_errors=[]
[arm-position] side_view_grabbing waiting positions={1: 703, 2: 804, 3: 718, 4: 273, 5: 508} movement={1: 11, 2: 0, 3: 0, 4: 0, 5: 0} read_errors=[]
[arm-position] side_view_grabbing waiting positions={1: 716, 2: 804, 3: 718, 4: 273, 5: 508} movement={1: 13, 2: 0, 3: 0, 4: 0, 5: 0} read_errors=[]
[arm-position] side_view_grabbing waiting positions={1: 731, 2: 804, 3: 718, 4: 273, 5: 508} movement={1: 15, 2: 0, 3: 0, 4: 0, 5: 0} read_errors=[]
[arm-position] side_view_grabbing waiting positions={1: 745, 2: 804, 3: 718, 4: 273, 5: 508} movement={1: 14, 2: 0, 3: 0, 4: 0, 5: 0} read_errors=[]
[arm-position] side_view_grabbing waiting positions={1: 757, 2: 804, 3: 718, 4: 273, 5: 508} movement={1: 12, 2: 0, 3: 0, 4: 0, 5: 0} read_errors=[]
[arm-position] side_view_grabbing waiting positions={1: 770, 2: 804, 3: 718, 4: 273, 5: 508} movement={1: 13, 2: 0, 3: 0, 4: 0, 5: 0} read_errors=[]
[arm-position] side_view_grabbing waiting positions={1: 784, 2: 804, 3: 718, 4: 273, 5: 508} movement={1: 14, 2: 0, 3: 0, 4: 0, 5: 0} read_errors=[]
[arm-position] side_view_grabbing waiting positions={1: 796, 2: 804, 3: 718, 4: 273, 5: 508} movement={1: 12, 2: 0, 3: 0, 4: 0, 5: 0} read_errors=[]
[arm-position] side_view_grabbing waiting positions={1: 810, 2: 804, 3: 718, 4: 273, 5: 508} movement={1: 14, 2: 0, 3: 0, 4: 0, 5: 0} read_errors=[]
[arm-position] side_view_grabbing waiting positions={1: 823, 2: 804, 3: 718, 4: 273, 5: 508} movement={1: 13, 2: 0, 3: 0, 4: 0, 5: 0} read_errors=[]
[arm-position] side_view_grabbing waiting positions={1: 835, 2: 804, 3: 718, 4: 273, 5: 508} movement={1: 12, 2: 0, 3: 0, 4: 0, 5: 0} read_errors=[]
[arm-position] side_view_grabbing settled positions={1: 836, 2: 804, 3: 718, 4: 273, 5: 508} movement={1: 0, 2: 0, 3: 0, 4: 0, 5: 0} elapsed=4.18s
[base] exp2_side_entry_turn direction=left requested_speed=0.15 effective_speed=0.15 seconds=10.4
[map] motion direction=left speed=0.15 effective_seconds=10.4 pose={'x_m': -0.6167416611690576, 'y_m': 0.8618648834620735, 'heading_rad': -2.4707127641366706}
[exp2] side entry direction=left angle_deg=90.00 speed=0.15 seconds=10.400
[exp2] phase=camera_settle seconds=0.40 discard_frames=3
[base] stop
[base] stop
[base] stop
[base] stop
[base] stop
[base] stop
[base] stop
[base] stop
[base] stop
[base] stop
[base] stop
[base] stop
[base] stop
[base] stop
[base] stop
[base] stop
[base] stop
[base] stop
[base] stop
[exp2] phase=geometry_alignment_ready
[tag] backend=pupil_apriltags id=0 center=(62.9,171.8) error_x=-0.304 yaw_deg=-49.38 height=49.9px height_norm=0.208 margin=30.36 distance=0.3247468837745771
[exp2] phase=continuous_yaw center_error=-0.304 raw_yaw_deg=-49.38 calibrated_yaw_deg=-49.38 target_yaw_deg=0.00 yaw_source=calibrated_pnp corner_error_deg=13.48 height_norm=0.208
[base] stop
[exp2] continuous x guard preempted yaw error=-0.304 limit=0.030; camera_settle_seconds=0.200
[base] stop
[base] stop
[base] stop
[base] stop
[base] stop
[base] stop
[base] stop
[base] stop
[base] stop
[tag] backend=pupil_apriltags id=0 center=(62.9,171.8) error_x=-0.304 yaw_deg=-49.39 height=49.9px height_norm=0.208 margin=30.39 distance=0.32471623469920763
[exp2] phase=continuous_center center_error=-0.304 raw_yaw_deg=-49.39 calibrated_yaw_deg=-49.39 target_yaw_deg=0.00 yaw_source=calibrated_pnp corner_error_deg=13.50 height_norm=0.208
[base] continuous start label=exp2_center_align direction=forward requested_speed=0.2 effective_speed=0.2
[exp2] continuous center correction direction=forward
[tag] backend=pupil_apriltags id=0 center=(62.9,171.8) error_x=-0.304 yaw_deg=-49.4 height=49.9px height_norm=0.208 margin=30.47 distance=0.3244202437433803
[exp2] phase=continuous_center center_error=-0.304 raw_yaw_deg=-49.4 calibrated_yaw_deg=-49.4 target_yaw_deg=0.00 yaw_source=calibrated_pnp corner_error_deg=13.32 height_norm=0.208
[exp2] continuous center correction direction=forward
[tag] backend=pupil_apriltags id=0 center=(63.0,171.8) error_x=-0.303 yaw_deg=-49.56 height=50.0px height_norm=0.208 margin=30.52 distance=0.32415016342887326
[exp2] phase=continuous_center center_error=-0.303 raw_yaw_deg=-49.56 calibrated_yaw_deg=-49.56 target_yaw_deg=0.00 yaw_source=calibrated_pnp corner_error_deg=13.71 height_norm=0.208
[exp2] continuous center correction direction=forward
[tag] backend=pupil_apriltags id=0 center=(63.5,171.8) error_x=-0.302 yaw_deg=-48.83 height=49.8px height_norm=0.207 margin=30.53 distance=0.3249910034601169
[exp2] phase=continuous_center center_error=-0.302 raw_yaw_deg=-48.83 calibrated_yaw_deg=-48.83 target_yaw_deg=0.00 yaw_source=calibrated_pnp corner_error_deg=12.94 height_norm=0.207
[exp2] continuous center correction direction=forward
[tag] backend=pupil_apriltags id=0 center=(64.0,171.9) error_x=-0.300 yaw_deg=-48.94 height=50.1px height_norm=0.209 margin=30.81 distance=0.32323590977390615
[exp2] phase=continuous_center center_error=-0.300 raw_yaw_deg=-48.94 calibrated_yaw_deg=-48.94 target_yaw_deg=0.00 yaw_source=calibrated_pnp corner_error_deg=13.17 height_norm=0.209
[exp2] continuous center correction direction=forward
[tag] backend=pupil_apriltags id=0 center=(64.5,172.0) error_x=-0.299 yaw_deg=-49.13 height=50.3px height_norm=0.210 margin=30.62 distance=0.3215563005643251
[exp2] phase=continuous_center center_error=-0.299 raw_yaw_deg=-49.13 calibrated_yaw_deg=-49.13 target_yaw_deg=0.00 yaw_source=calibrated_pnp corner_error_deg=13.95 height_norm=0.210
[exp2] continuous center correction direction=forward
[tag] backend=pupil_apriltags id=0 center=(65.6,172.1) error_x=-0.295 yaw_deg=-48.89 height=50.7px height_norm=0.211 margin=31.23 distance=0.3194875934550711
[exp2] phase=continuous_center center_error=-0.295 raw_yaw_deg=-48.89 calibrated_yaw_deg=-48.89 target_yaw_deg=0.00 yaw_source=calibrated_pnp corner_error_deg=14.30 height_norm=0.211
[exp2] continuous center correction direction=forward
[tag] backend=pupil_apriltags id=0 center=(66.1,172.1) error_x=-0.293 yaw_deg=-49.0 height=50.8px height_norm=0.212 margin=31.00 distance=0.318190862953766
[exp2] phase=continuous_center center_error=-0.293 raw_yaw_deg=-49.0 calibrated_yaw_deg=-49.0 target_yaw_deg=0.00 yaw_source=calibrated_pnp corner_error_deg=14.39 height_norm=0.212
[exp2] continuous center correction direction=forward
[tag] backend=pupil_apriltags id=0 center=(66.7,172.2) error_x=-0.292 yaw_deg=-49.01 height=51.0px height_norm=0.213 margin=30.90 distance=0.3169031256705776
[exp2] phase=continuous_center center_error=-0.292 raw_yaw_deg=-49.01 calibrated_yaw_deg=-49.01 target_yaw_deg=0.00 yaw_source=calibrated_pnp corner_error_deg=14.72 height_norm=0.213
[exp2] continuous center correction direction=forward
[tag] backend=pupil_apriltags id=0 center=(68.4,172.6) error_x=-0.286 yaw_deg=-48.83 height=51.2px height_norm=0.213 margin=31.16 distance=0.31567543353288363
[exp2] phase=continuous_center center_error=-0.286 raw_yaw_deg=-48.83 calibrated_yaw_deg=-48.83 target_yaw_deg=0.00 yaw_source=calibrated_pnp corner_error_deg=14.50 height_norm=0.213
[exp2] continuous center correction direction=forward
[tag] backend=pupil_apriltags id=0 center=(69.3,172.6) error_x=-0.283 yaw_deg=-48.21 height=51.3px height_norm=0.214 margin=31.73 distance=0.31469741243672067
[exp2] phase=continuous_center center_error=-0.283 raw_yaw_deg=-48.21 calibrated_yaw_deg=-48.21 target_yaw_deg=0.00 yaw_source=calibrated_pnp corner_error_deg=14.41 height_norm=0.214
[exp2] continuous center correction direction=forward
[tag] backend=pupil_apriltags id=0 center=(70.0,172.8) error_x=-0.281 yaw_deg=-48.45 height=51.8px height_norm=0.216 margin=31.48 distance=0.31242025321506317
[exp2] phase=continuous_center center_error=-0.281 raw_yaw_deg=-48.45 calibrated_yaw_deg=-48.45 target_yaw_deg=0.00 yaw_source=calibrated_pnp corner_error_deg=15.24 height_norm=0.216
[exp2] continuous center correction direction=forward
[tag] backend=pupil_apriltags id=0 center=(71.4,172.8) error_x=-0.277 yaw_deg=-48.4 height=52.2px height_norm=0.218 margin=31.61 distance=0.3097952962432244
[exp2] phase=continuous_center center_error=-0.277 raw_yaw_deg=-48.4 calibrated_yaw_deg=-48.4 target_yaw_deg=0.00 yaw_source=calibrated_pnp corner_error_deg=15.32 height_norm=0.218
[exp2] continuous center correction direction=forward
[tag] backend=pupil_apriltags id=0 center=(71.9,173.0) error_x=-0.275 yaw_deg=-47.97 height=52.2px height_norm=0.217 margin=31.85 distance=0.3099433501709258
[exp2] phase=continuous_center center_error=-0.275 raw_yaw_deg=-47.97 calibrated_yaw_deg=-47.97 target_yaw_deg=0.00 yaw_source=calibrated_pnp corner_error_deg=15.74 height_norm=0.217
[exp2] continuous center correction direction=forward
[tag] backend=pupil_apriltags id=0 center=(72.7,173.0) error_x=-0.273 yaw_deg=-47.41 height=52.0px height_norm=0.217 margin=31.88 distance=0.3098772656105707
[exp2] phase=continuous_center center_error=-0.273 raw_yaw_deg=-47.41 calibrated_yaw_deg=-47.41 target_yaw_deg=0.00 yaw_source=calibrated_pnp corner_error_deg=14.80 height_norm=0.217
[exp2] continuous center correction direction=forward
[tag] backend=pupil_apriltags id=0 center=(74.0,173.1) error_x=-0.269 yaw_deg=-47.68 height=52.7px height_norm=0.220 margin=32.11 distance=0.3069652640577292
[exp2] phase=continuous_center center_error=-0.269 raw_yaw_deg=-47.68 calibrated_yaw_deg=-47.68 target_yaw_deg=0.00 yaw_source=calibrated_pnp corner_error_deg=16.01 height_norm=0.220
[exp2] continuous center correction direction=forward
[tag] backend=pupil_apriltags id=0 center=(74.7,173.1) error_x=-0.267 yaw_deg=-47.45 height=52.6px height_norm=0.219 margin=32.16 distance=0.3062075342020423
[exp2] phase=continuous_center center_error=-0.267 raw_yaw_deg=-47.45 calibrated_yaw_deg=-47.45 target_yaw_deg=0.00 yaw_source=calibrated_pnp corner_error_deg=15.91 height_norm=0.219
[exp2] continuous center correction direction=forward
[tag] backend=pupil_apriltags id=0 center=(75.5,173.3) error_x=-0.264 yaw_deg=-47.76 height=52.8px height_norm=0.220 margin=32.16 distance=0.3049572269168517
[exp2] phase=continuous_center center_error=-0.264 raw_yaw_deg=-47.76 calibrated_yaw_deg=-47.76 target_yaw_deg=0.00 yaw_source=calibrated_pnp corner_error_deg=16.75 height_norm=0.220
[exp2] continuous center correction direction=forward
[tag] backend=pupil_apriltags id=0 center=(77.1,173.5) error_x=-0.259 yaw_deg=-47.5 height=53.3px height_norm=0.222 margin=32.33 distance=0.30209792208182834
[exp2] phase=continuous_center center_error=-0.259 raw_yaw_deg=-47.5 calibrated_yaw_deg=-47.5 target_yaw_deg=0.00 yaw_source=calibrated_pnp corner_error_deg=17.21 height_norm=0.222
[exp2] continuous center correction direction=forward
[tag] backend=pupil_apriltags id=0 center=(78.0,173.6) error_x=-0.256 yaw_deg=-47.18 height=53.3px height_norm=0.222 margin=32.45 distance=0.30202961558295904
[exp2] phase=continuous_center center_error=-0.256 raw_yaw_deg=-47.18 calibrated_yaw_deg=-47.18 target_yaw_deg=0.00 yaw_source=calibrated_pnp corner_error_deg=16.37 height_norm=0.222
[exp2] continuous center correction direction=forward
[tag] backend=pupil_apriltags id=0 center=(79.2,173.8) error_x=-0.252 yaw_deg=-47.35 height=53.7px height_norm=0.224 margin=32.42 distance=0.2997416125035447
[exp2] phase=continuous_center center_error=-0.252 raw_yaw_deg=-47.35 calibrated_yaw_deg=-47.35 target_yaw_deg=0.00 yaw_source=calibrated_pnp corner_error_deg=17.18 height_norm=0.224
[exp2] continuous center correction direction=forward
[tag] backend=pupil_apriltags id=0 center=(80.0,173.7) error_x=-0.250 yaw_deg=-47.14 height=53.8px height_norm=0.224 margin=32.71 distance=0.2987848010371321
[exp2] phase=continuous_center center_error=-0.250 raw_yaw_deg=-47.14 calibrated_yaw_deg=-47.14 target_yaw_deg=0.00 yaw_source=calibrated_pnp corner_error_deg=17.19 height_norm=0.224
[exp2] continuous center correction direction=forward
[tag] backend=pupil_apriltags id=0 center=(80.8,173.7) error_x=-0.248 yaw_deg=-46.93 height=53.8px height_norm=0.224 margin=32.91 distance=0.2986164682205909
[exp2] phase=continuous_center center_error=-0.248 raw_yaw_deg=-46.93 calibrated_yaw_deg=-46.93 target_yaw_deg=0.00 yaw_source=calibrated_pnp corner_error_deg=16.89 height_norm=0.224
[exp2] continuous center correction direction=forward
[tag] backend=pupil_apriltags id=0 center=(82.2,174.1) error_x=-0.243 yaw_deg=-47.14 height=54.3px height_norm=0.226 margin=33.11 distance=0.2961915329352778
[exp2] phase=continuous_center center_error=-0.243 raw_yaw_deg=-47.14 calibrated_yaw_deg=-47.14 target_yaw_deg=0.00 yaw_source=calibrated_pnp corner_error_deg=18.41 height_norm=0.226
[exp2] continuous center correction direction=forward
[tag] backend=pupil_apriltags id=0 center=(83.2,174.3) error_x=-0.240 yaw_deg=-47.15 height=54.5px height_norm=0.227 margin=32.99 distance=0.2953887668575542
[exp2] phase=continuous_center center_error=-0.240 raw_yaw_deg=-47.15 calibrated_yaw_deg=-47.15 target_yaw_deg=0.00 yaw_source=calibrated_pnp corner_error_deg=18.71 height_norm=0.227
[exp2] continuous center correction direction=forward
[tag] backend=pupil_apriltags id=0 center=(85.0,174.3) error_x=-0.234 yaw_deg=-46.88 height=54.8px height_norm=0.228 margin=33.15 distance=0.2929684916703611
[exp2] phase=continuous_center center_error=-0.234 raw_yaw_deg=-46.88 calibrated_yaw_deg=-46.88 target_yaw_deg=0.00 yaw_source=calibrated_pnp corner_error_deg=19.11 height_norm=0.228
[exp2] continuous center correction direction=forward
[tag] backend=pupil_apriltags id=0 center=(85.7,174.2) error_x=-0.232 yaw_deg=-46.98 height=54.8px height_norm=0.228 margin=33.16 distance=0.292346145946786
[exp2] phase=continuous_center center_error=-0.232 raw_yaw_deg=-46.98 calibrated_yaw_deg=-46.98 target_yaw_deg=0.00 yaw_source=calibrated_pnp corner_error_deg=18.69 height_norm=0.228
[exp2] continuous center correction direction=forward
[tag] backend=pupil_apriltags id=0 center=(86.4,174.4) error_x=-0.230 yaw_deg=-46.87 height=54.8px height_norm=0.229 margin=33.05 distance=0.29218329579511254
[exp2] phase=continuous_center center_error=-0.230 raw_yaw_deg=-46.87 calibrated_yaw_deg=-46.87 target_yaw_deg=0.00 yaw_source=calibrated_pnp corner_error_deg=19.25 height_norm=0.229
[exp2] continuous center correction direction=forward
[tag] backend=pupil_apriltags id=0 center=(88.0,174.2) error_x=-0.225 yaw_deg=-46.9 height=55.4px height_norm=0.231 margin=32.93 distance=0.28952345899381543
[exp2] phase=continuous_center center_error=-0.225 raw_yaw_deg=-46.9 calibrated_yaw_deg=-46.9 target_yaw_deg=0.00 yaw_source=calibrated_pnp corner_error_deg=19.34 height_norm=0.231
[exp2] continuous center correction direction=forward
[tag] backend=pupil_apriltags id=0 center=(88.8,174.4) error_x=-0.223 yaw_deg=-46.63 height=55.1px height_norm=0.230 margin=33.03 distance=0.28980629555559295
[exp2] phase=continuous_center center_error=-0.223 raw_yaw_deg=-46.63 calibrated_yaw_deg=-46.63 target_yaw_deg=0.00 yaw_source=calibrated_pnp corner_error_deg=18.87 height_norm=0.230
[exp2] continuous center correction direction=forward
[tag] backend=pupil_apriltags id=0 center=(89.7,174.9) error_x=-0.220 yaw_deg=-47.02 height=55.5px height_norm=0.231 margin=33.32 distance=0.2881935317025023
[exp2] phase=continuous_center center_error=-0.220 raw_yaw_deg=-47.02 calibrated_yaw_deg=-47.02 target_yaw_deg=0.00 yaw_source=calibrated_pnp corner_error_deg=19.50 height_norm=0.231
[exp2] continuous center correction direction=forward
[tag] backend=pupil_apriltags id=0 center=(91.9,174.9) error_x=-0.213 yaw_deg=-47.14 height=55.9px height_norm=0.233 margin=33.65 distance=0.2860767042050109
[exp2] phase=continuous_center center_error=-0.213 raw_yaw_deg=-47.14 calibrated_yaw_deg=-47.14 target_yaw_deg=0.00 yaw_source=calibrated_pnp corner_error_deg=20.64 height_norm=0.233
[exp2] continuous center correction direction=forward
[tag] backend=pupil_apriltags id=0 center=(92.8,174.9) error_x=-0.210 yaw_deg=-47.11 height=56.1px height_norm=0.234 margin=33.65 distance=0.2848373910534423
[exp2] phase=continuous_center center_error=-0.210 raw_yaw_deg=-47.11 calibrated_yaw_deg=-47.11 target_yaw_deg=0.00 yaw_source=calibrated_pnp corner_error_deg=21.04 height_norm=0.234
[exp2] continuous center correction direction=forward
[tag] backend=pupil_apriltags id=0 center=(94.3,175.1) error_x=-0.205 yaw_deg=-47.07 height=56.6px height_norm=0.236 margin=33.81 distance=0.2824402117835498
[exp2] phase=continuous_center center_error=-0.205 raw_yaw_deg=-47.07 calibrated_yaw_deg=-47.07 target_yaw_deg=0.00 yaw_source=calibrated_pnp corner_error_deg=21.99 height_norm=0.236
[exp2] continuous center correction direction=forward
[tag] backend=pupil_apriltags id=0 center=(95.0,174.9) error_x=-0.203 yaw_deg=-46.49 height=56.1px height_norm=0.234 margin=33.48 distance=0.2838236861913992
[exp2] phase=continuous_center center_error=-0.203 raw_yaw_deg=-46.49 calibrated_yaw_deg=-46.49 target_yaw_deg=0.00 yaw_source=calibrated_pnp corner_error_deg=20.57 height_norm=0.234
[exp2] continuous center correction direction=forward
[tag] backend=pupil_apriltags id=0 center=(95.8,175.0) error_x=-0.201 yaw_deg=-47.0 height=56.5px height_norm=0.236 margin=33.46 distance=0.2820721014555985
[exp2] phase=continuous_center center_error=-0.201 raw_yaw_deg=-47.0 calibrated_yaw_deg=-47.0 target_yaw_deg=0.00 yaw_source=calibrated_pnp corner_error_deg=21.94 height_norm=0.236
[exp2] continuous center correction direction=forward
[tag] backend=pupil_apriltags id=0 center=(97.5,175.6) error_x=-0.195 yaw_deg=-47.91 height=57.3px height_norm=0.239 margin=33.92 distance=0.2788097093682796
[exp2] phase=continuous_center center_error=-0.195 raw_yaw_deg=-47.91 calibrated_yaw_deg=-47.91 target_yaw_deg=0.00 yaw_source=calibrated_pnp corner_error_deg=22.96 height_norm=0.239
[exp2] continuous center correction direction=forward
[tag] backend=pupil_apriltags id=0 center=(98.5,175.5) error_x=-0.192 yaw_deg=-47.54 height=57.2px height_norm=0.238 margin=33.89 distance=0.27897863664782835
[exp2] phase=continuous_center center_error=-0.192 raw_yaw_deg=-47.54 calibrated_yaw_deg=-47.54 target_yaw_deg=0.00 yaw_source=calibrated_pnp corner_error_deg=22.42 height_norm=0.238
[exp2] continuous center correction direction=forward
[tag] backend=pupil_apriltags id=0 center=(100.8,175.6) error_x=-0.185 yaw_deg=-47.5 height=57.4px height_norm=0.239 margin=33.83 distance=0.27732582327236943
[exp2] phase=continuous_center center_error=-0.185 raw_yaw_deg=-47.5 calibrated_yaw_deg=-47.5 target_yaw_deg=0.00 yaw_source=calibrated_pnp corner_error_deg=22.79 height_norm=0.239
[exp2] continuous center correction direction=forward
[tag] backend=pupil_apriltags id=0 center=(101.7,175.5) error_x=-0.182 yaw_deg=-47.57 height=57.5px height_norm=0.240 margin=33.62 distance=0.2767373880684833
[exp2] phase=continuous_center center_error=-0.182 raw_yaw_deg=-47.57 calibrated_yaw_deg=-47.57 target_yaw_deg=0.00 yaw_source=calibrated_pnp corner_error_deg=22.83 height_norm=0.240
[exp2] continuous center correction direction=forward
[tag] backend=pupil_apriltags id=0 center=(102.6,175.5) error_x=-0.179 yaw_deg=-47.59 height=57.9px height_norm=0.241 margin=33.88 distance=0.27517396068829697
[exp2] phase=continuous_center center_error=-0.179 raw_yaw_deg=-47.59 calibrated_yaw_deg=-47.59 target_yaw_deg=0.00 yaw_source=calibrated_pnp corner_error_deg=23.46 height_norm=0.241
[exp2] continuous center correction direction=forward
[tag] backend=pupil_apriltags id=0 center=(104.1,175.5) error_x=-0.175 yaw_deg=-47.26 height=57.7px height_norm=0.240 margin=34.11 distance=0.27539136467169556
[exp2] phase=continuous_center center_error=-0.175 raw_yaw_deg=-47.26 calibrated_yaw_deg=-47.26 target_yaw_deg=0.00 yaw_source=calibrated_pnp corner_error_deg=23.57 height_norm=0.240
[exp2] continuous center correction direction=forward
[tag] backend=pupil_apriltags id=0 center=(104.9,175.7) error_x=-0.172 yaw_deg=-48.44 height=58.5px height_norm=0.244 margin=34.07 distance=0.2718281582537474
[exp2] phase=continuous_center center_error=-0.172 raw_yaw_deg=-48.44 calibrated_yaw_deg=-48.44 target_yaw_deg=0.00 yaw_source=calibrated_pnp corner_error_deg=25.46 height_norm=0.244
[exp2] continuous center correction direction=forward
[tag] backend=pupil_apriltags id=0 center=(107.0,176.1) error_x=-0.166 yaw_deg=-48.49 height=58.6px height_norm=0.244 margin=33.87 distance=0.27180507592584985
[exp2] phase=continuous_center center_error=-0.166 raw_yaw_deg=-48.49 calibrated_yaw_deg=-48.49 target_yaw_deg=0.00 yaw_source=calibrated_pnp corner_error_deg=25.21 height_norm=0.244
[exp2] continuous center correction direction=forward
[tag] backend=pupil_apriltags id=0 center=(108.1,176.2) error_x=-0.162 yaw_deg=-48.4 height=58.5px height_norm=0.244 margin=34.13 distance=0.2717686123144481
[exp2] phase=continuous_center center_error=-0.162 raw_yaw_deg=-48.4 calibrated_yaw_deg=-48.4 target_yaw_deg=0.00 yaw_source=calibrated_pnp corner_error_deg=25.30 height_norm=0.244
[exp2] continuous center correction direction=forward
[tag] backend=pupil_apriltags id=0 center=(110.3,176.1) error_x=-0.155 yaw_deg=-48.48 height=58.9px height_norm=0.245 margin=34.05 distance=0.26952460700488806
[exp2] phase=continuous_center center_error=-0.155 raw_yaw_deg=-48.48 calibrated_yaw_deg=-48.48 target_yaw_deg=0.00 yaw_source=calibrated_pnp corner_error_deg=25.81 height_norm=0.245
[exp2] continuous center correction direction=forward
[tag] backend=pupil_apriltags id=0 center=(111.3,176.1) error_x=-0.152 yaw_deg=-48.7 height=59.1px height_norm=0.246 margin=34.50 distance=0.2684123744826076
[exp2] phase=continuous_center center_error=-0.152 raw_yaw_deg=-48.7 calibrated_yaw_deg=-48.7 target_yaw_deg=0.00 yaw_source=calibrated_pnp corner_error_deg=26.25 height_norm=0.246
[exp2] continuous center correction direction=forward
[tag] backend=pupil_apriltags id=0 center=(113.2,176.4) error_x=-0.146 yaw_deg=-49.12 height=59.3px height_norm=0.247 margin=34.01 distance=0.2675091149231392
[exp2] phase=continuous_center center_error=-0.146 raw_yaw_deg=-49.12 calibrated_yaw_deg=-49.12 target_yaw_deg=0.00 yaw_source=calibrated_pnp corner_error_deg=26.93 height_norm=0.247
[exp2] continuous center correction direction=forward
[tag] backend=pupil_apriltags id=0 center=(114.1,176.3) error_x=-0.143 yaw_deg=-49.1 height=59.6px height_norm=0.248 margin=33.96 distance=0.26600448508568647
[exp2] phase=continuous_center center_error=-0.143 raw_yaw_deg=-49.1 calibrated_yaw_deg=-49.1 target_yaw_deg=0.00 yaw_source=calibrated_pnp corner_error_deg=27.23 height_norm=0.248
[exp2] continuous center correction direction=forward
[tag] backend=pupil_apriltags id=0 center=(115.1,176.6) error_x=-0.140 yaw_deg=-49.07 height=59.6px height_norm=0.248 margin=34.03 distance=0.2663347567715354
[exp2] phase=continuous_center center_error=-0.140 raw_yaw_deg=-49.07 calibrated_yaw_deg=-49.07 target_yaw_deg=0.00 yaw_source=calibrated_pnp corner_error_deg=27.67 height_norm=0.248
[exp2] continuous center correction direction=forward
[tag] backend=pupil_apriltags id=0 center=(117.0,176.7) error_x=-0.134 yaw_deg=-49.7 height=59.7px height_norm=0.249 margin=34.04 distance=0.26548568949169626
[exp2] phase=continuous_center center_error=-0.134 raw_yaw_deg=-49.7 calibrated_yaw_deg=-49.7 target_yaw_deg=0.00 yaw_source=calibrated_pnp corner_error_deg=28.66 height_norm=0.249
[exp2] continuous center correction direction=forward
[tag] backend=pupil_apriltags id=0 center=(118.5,176.7) error_x=-0.130 yaw_deg=-49.83 height=59.9px height_norm=0.249 margin=34.13 distance=0.26482778824828623
[exp2] phase=continuous_center center_error=-0.130 raw_yaw_deg=-49.83 calibrated_yaw_deg=-49.83 target_yaw_deg=0.00 yaw_source=calibrated_pnp corner_error_deg=28.00 height_norm=0.249
[exp2] continuous center correction direction=forward
[tag] backend=pupil_apriltags id=0 center=(120.6,176.7) error_x=-0.123 yaw_deg=-50.01 height=60.2px height_norm=0.251 margin=34.04 distance=0.26266297784859616
[exp2] phase=continuous_center center_error=-0.123 raw_yaw_deg=-50.01 calibrated_yaw_deg=-50.01 target_yaw_deg=0.00 yaw_source=calibrated_pnp corner_error_deg=29.64 height_norm=0.251
[exp2] continuous center correction direction=forward
[tag] backend=pupil_apriltags id=0 center=(121.5,176.6) error_x=-0.120 yaw_deg=-50.32 height=60.4px height_norm=0.251 margin=34.21 distance=0.2618376683600437
[exp2] phase=continuous_center center_error=-0.120 raw_yaw_deg=-50.32 calibrated_yaw_deg=-50.32 target_yaw_deg=0.00 yaw_source=calibrated_pnp corner_error_deg=29.84 height_norm=0.251
[exp2] continuous center correction direction=forward
[tag] backend=pupil_apriltags id=0 center=(123.4,176.8) error_x=-0.114 yaw_deg=-50.47 height=60.6px height_norm=0.252 margin=34.05 distance=0.26104074860162024
[exp2] phase=continuous_center center_error=-0.114 raw_yaw_deg=-50.47 calibrated_yaw_deg=-50.47 target_yaw_deg=0.00 yaw_source=calibrated_pnp corner_error_deg=31.05 height_norm=0.252
[exp2] continuous center correction direction=forward
[tag] backend=pupil_apriltags id=0 center=(124.7,177.0) error_x=-0.110 yaw_deg=-50.31 height=60.5px height_norm=0.252 margin=33.98 distance=0.2615795933392608
[exp2] phase=continuous_center center_error=-0.110 raw_yaw_deg=-50.31 calibrated_yaw_deg=-50.31 target_yaw_deg=0.00 yaw_source=calibrated_pnp corner_error_deg=30.17 height_norm=0.252
[exp2] continuous center correction direction=forward
[tag] backend=pupil_apriltags id=0 center=(126.6,177.2) error_x=-0.104 yaw_deg=-51.09 height=60.6px height_norm=0.252 margin=34.03 distance=0.2608759908342493
[exp2] phase=continuous_center center_error=-0.104 raw_yaw_deg=-51.09 calibrated_yaw_deg=-51.09 target_yaw_deg=0.00 yaw_source=calibrated_pnp corner_error_deg=31.66 height_norm=0.252
[exp2] continuous center correction direction=forward
[tag] backend=pupil_apriltags id=0 center=(128.1,177.2) error_x=-0.100 yaw_deg=-51.1 height=60.5px height_norm=0.252 margin=34.22 distance=0.2612267781405145
[exp2] phase=continuous_center center_error=-0.100 raw_yaw_deg=-51.1 calibrated_yaw_deg=-51.1 target_yaw_deg=0.00 yaw_source=calibrated_pnp corner_error_deg=30.86 height_norm=0.252
[exp2] continuous center correction direction=forward
[tag] backend=pupil_apriltags id=0 center=(130.7,177.1) error_x=-0.092 yaw_deg=-51.51 height=61.2px height_norm=0.255 margin=34.47 distance=0.2583036164343264
[exp2] phase=continuous_center center_error=-0.092 raw_yaw_deg=-51.51 calibrated_yaw_deg=-51.51 target_yaw_deg=0.00 yaw_source=calibrated_pnp corner_error_deg=32.21 height_norm=0.255
[exp2] continuous center correction direction=forward
[tag] backend=pupil_apriltags id=0 center=(131.4,177.0) error_x=-0.089 yaw_deg=-52.07 height=61.4px height_norm=0.256 margin=33.89 distance=0.2573924166574499
[exp2] phase=continuous_center center_error=-0.089 raw_yaw_deg=-52.07 calibrated_yaw_deg=-52.07 target_yaw_deg=0.00 yaw_source=calibrated_pnp corner_error_deg=32.57 height_norm=0.256
[exp2] continuous center correction direction=forward
[tag] backend=pupil_apriltags id=0 center=(133.3,177.0) error_x=-0.083 yaw_deg=-52.13 height=61.4px height_norm=0.256 margin=34.47 distance=0.25715033947633165
[exp2] phase=continuous_center center_error=-0.083 raw_yaw_deg=-52.13 calibrated_yaw_deg=-52.13 target_yaw_deg=0.00 yaw_source=calibrated_pnp corner_error_deg=34.03 height_norm=0.256
[exp2] continuous center correction direction=forward
[tag] backend=pupil_apriltags id=0 center=(134.6,177.1) error_x=-0.079 yaw_deg=-52.2 height=61.4px height_norm=0.256 margin=34.49 distance=0.2567003540394908
[exp2] phase=continuous_center center_error=-0.079 raw_yaw_deg=-52.2 calibrated_yaw_deg=-52.2 target_yaw_deg=0.00 yaw_source=calibrated_pnp corner_error_deg=33.74 height_norm=0.256
[exp2] continuous center correction direction=forward
[tag] backend=pupil_apriltags id=0 center=(136.9,177.2) error_x=-0.072 yaw_deg=-52.74 height=61.9px height_norm=0.258 margin=34.30 distance=0.25526410033907754
[exp2] phase=continuous_center center_error=-0.072 raw_yaw_deg=-52.74 calibrated_yaw_deg=-52.74 target_yaw_deg=0.00 yaw_source=calibrated_pnp corner_error_deg=35.30 height_norm=0.258
[exp2] continuous center correction direction=forward
[tag] backend=pupil_apriltags id=0 center=(138.2,177.6) error_x=-0.068 yaw_deg=-53.28 height=62.0px height_norm=0.258 margin=34.01 distance=0.25453863501366414
[exp2] phase=continuous_center center_error=-0.068 raw_yaw_deg=-53.28 calibrated_yaw_deg=-53.28 target_yaw_deg=0.00 yaw_source=calibrated_pnp corner_error_deg=35.64 height_norm=0.258
[exp2] continuous center correction direction=forward
[tag] backend=pupil_apriltags id=0 center=(140.3,177.2) error_x=-0.061 yaw_deg=-53.39 height=62.3px height_norm=0.260 margin=34.39 distance=0.25309555240126963
[exp2] phase=continuous_center center_error=-0.061 raw_yaw_deg=-53.39 calibrated_yaw_deg=-53.39 target_yaw_deg=0.00 yaw_source=calibrated_pnp corner_error_deg=36.16 height_norm=0.260
[exp2] continuous center correction direction=forward
[tag] backend=pupil_apriltags id=0 center=(141.2,177.3) error_x=-0.059 yaw_deg=-53.59 height=62.3px height_norm=0.260 margin=34.23 distance=0.25326264644276436
[exp2] phase=continuous_center center_error=-0.059 raw_yaw_deg=-53.59 calibrated_yaw_deg=-53.59 target_yaw_deg=0.00 yaw_source=calibrated_pnp corner_error_deg=36.58 height_norm=0.260
[exp2] continuous center correction direction=forward
[tag] backend=pupil_apriltags id=0 center=(143.4,177.1) error_x=-0.052 yaw_deg=-53.92 height=62.4px height_norm=0.260 margin=34.44 distance=0.25306017731226715
[exp2] phase=continuous_center center_error=-0.052 raw_yaw_deg=-53.92 calibrated_yaw_deg=-53.92 target_yaw_deg=0.00 yaw_source=calibrated_pnp corner_error_deg=37.16 height_norm=0.260
[exp2] continuous center correction direction=forward
[tag] backend=pupil_apriltags id=0 center=(144.7,177.1) error_x=-0.048 yaw_deg=-54.35 height=62.6px height_norm=0.261 margin=34.51 distance=0.25197566937852756
[exp2] phase=continuous_center center_error=-0.048 raw_yaw_deg=-54.35 calibrated_yaw_deg=-54.35 target_yaw_deg=0.00 yaw_source=calibrated_pnp corner_error_deg=38.24 height_norm=0.261
[exp2] continuous center correction direction=forward
[tag] backend=pupil_apriltags id=0 center=(147.0,177.1) error_x=-0.041 yaw_deg=-54.55 height=62.5px height_norm=0.260 margin=34.70 distance=0.25264422352189814
[exp2] phase=continuous_center center_error=-0.041 raw_yaw_deg=-54.55 calibrated_yaw_deg=-54.55 target_yaw_deg=0.00 yaw_source=calibrated_pnp corner_error_deg=38.56 height_norm=0.260
[exp2] continuous center correction direction=forward
[tag] backend=pupil_apriltags id=0 center=(148.2,177.3) error_x=-0.037 yaw_deg=-54.85 height=62.7px height_norm=0.261 margin=34.30 distance=0.25194386663319523
[exp2] phase=continuous_center center_error=-0.037 raw_yaw_deg=-54.85 calibrated_yaw_deg=-54.85 target_yaw_deg=0.00 yaw_source=calibrated_pnp corner_error_deg=38.89 height_norm=0.261
[exp2] continuous center correction direction=forward
[tag] backend=pupil_apriltags id=0 center=(151.1,177.5) error_x=-0.028 yaw_deg=-55.39 height=62.6px height_norm=0.261 margin=34.59 distance=0.2523753413257843
[exp2] phase=continuous_center center_error=-0.028 raw_yaw_deg=-55.39 calibrated_yaw_deg=-55.39 target_yaw_deg=0.00 yaw_source=calibrated_pnp corner_error_deg=39.97 height_norm=0.261
[map] motion direction=forward speed=0.2 effective_seconds=3.3218560218811035 pose={'x_m': -0.683857939212118, 'y_m': 0.777302267196386, 'heading_rad': -2.4707127641366706}
[base] continuous stop label=exp2_center_align elapsed=3.322s
[base] stop
[exp2] center accepted; switching to yaw after 0.200s
[base] stop
[base] stop
[base] stop
[base] stop
[base] stop
[base] stop
[base] stop
[base] stop
[base] stop
[tag] backend=pupil_apriltags id=0 center=(154.8,177.3) error_x=-0.016 yaw_deg=-56.05 height=63.0px height_norm=0.262 margin=34.39 distance=0.2505899318429354
[exp2] phase=continuous_yaw center_error=-0.016 raw_yaw_deg=-56.05 calibrated_yaw_deg=-56.05 target_yaw_deg=0.00 yaw_source=calibrated_pnp corner_error_deg=41.82 height_norm=0.262
[base] continuous start label=exp2_yaw_align direction=left requested_speed=0.15 effective_speed=0.15
[exp2] continuous yaw correction direction=left
[tag] backend=pupil_apriltags id=0 center=(154.8,177.3) error_x=-0.016 yaw_deg=-55.99 height=62.9px height_norm=0.262 margin=34.76 distance=0.25086547100024154
[exp2] phase=continuous_yaw center_error=-0.016 raw_yaw_deg=-55.99 calibrated_yaw_deg=-55.99 target_yaw_deg=0.00 yaw_source=calibrated_pnp corner_error_deg=41.75 height_norm=0.262
[exp2] continuous yaw correction direction=left
[tag] backend=pupil_apriltags id=0 center=(154.8,177.3) error_x=-0.016 yaw_deg=-55.97 height=62.8px height_norm=0.262 margin=34.42 distance=0.2511572893586687
[exp2] phase=continuous_yaw center_error=-0.016 raw_yaw_deg=-55.97 calibrated_yaw_deg=-55.97 target_yaw_deg=0.00 yaw_source=calibrated_pnp corner_error_deg=41.66 height_norm=0.262
[exp2] continuous yaw correction direction=left
[tag] backend=pupil_apriltags id=0 center=(155.9,177.0) error_x=-0.013 yaw_deg=-56.31 height=63.2px height_norm=0.263 margin=34.49 distance=0.2492905364350817
[exp2] phase=continuous_yaw center_error=-0.013 raw_yaw_deg=-56.31 calibrated_yaw_deg=-56.31 target_yaw_deg=0.00 yaw_source=calibrated_pnp corner_error_deg=42.06 height_norm=0.263
[exp2] continuous yaw correction direction=left
[tag] backend=pupil_apriltags id=0 center=(156.3,177.1) error_x=-0.012 yaw_deg=-56.16 height=62.8px height_norm=0.262 margin=34.67 distance=0.2511385896208068
[exp2] phase=continuous_yaw center_error=-0.012 raw_yaw_deg=-56.16 calibrated_yaw_deg=-56.16 target_yaw_deg=0.00 yaw_source=calibrated_pnp corner_error_deg=41.26 height_norm=0.262
[exp2] continuous yaw correction direction=left
[tag] backend=pupil_apriltags id=0 center=(158.3,177.0) error_x=-0.005 yaw_deg=-56.92 height=63.3px height_norm=0.264 margin=34.27 distance=0.24834734720340773
[exp2] phase=continuous_yaw center_error=-0.005 raw_yaw_deg=-56.92 calibrated_yaw_deg=-56.92 target_yaw_deg=0.00 yaw_source=calibrated_pnp corner_error_deg=42.99 height_norm=0.264
[exp2] continuous yaw correction direction=left
[tag] backend=pupil_apriltags id=0 center=(160.4,176.7) error_x=0.001 yaw_deg=-56.39 height=62.7px height_norm=0.261 margin=34.68 distance=0.2503980597014624
[exp2] phase=continuous_yaw center_error=0.001 raw_yaw_deg=-56.39 calibrated_yaw_deg=-56.39 target_yaw_deg=0.00 yaw_source=calibrated_pnp corner_error_deg=43.06 height_norm=0.261
[exp2] continuous yaw correction direction=left
[tag] backend=pupil_apriltags id=0 center=(161.3,176.7) error_x=0.004 yaw_deg=-56.34 height=62.8px height_norm=0.262 margin=34.63 distance=0.25056800317936195
[exp2] phase=continuous_yaw center_error=0.004 raw_yaw_deg=-56.34 calibrated_yaw_deg=-56.34 target_yaw_deg=0.00 yaw_source=calibrated_pnp corner_error_deg=42.53 height_norm=0.262
[exp2] continuous yaw correction direction=left
[tag] backend=pupil_apriltags id=0 center=(163.5,176.5) error_x=0.011 yaw_deg=-56.59 height=62.5px height_norm=0.260 margin=34.83 distance=0.2512998408819429
[exp2] phase=continuous_yaw center_error=0.011 raw_yaw_deg=-56.59 calibrated_yaw_deg=-56.59 target_yaw_deg=0.00 yaw_source=calibrated_pnp corner_error_deg=43.60 height_norm=0.260
[exp2] continuous yaw correction direction=left
[tag] backend=pupil_apriltags id=0 center=(164.6,176.7) error_x=0.014 yaw_deg=-56.84 height=62.6px height_norm=0.261 margin=34.78 distance=0.2504561471879481
[exp2] phase=continuous_yaw center_error=0.014 raw_yaw_deg=-56.84 calibrated_yaw_deg=-56.84 target_yaw_deg=0.00 yaw_source=calibrated_pnp corner_error_deg=43.24 height_norm=0.261
[exp2] continuous yaw correction direction=left
[tag] backend=pupil_apriltags id=0 center=(166.7,176.5) error_x=0.021 yaw_deg=-56.67 height=62.3px height_norm=0.260 margin=35.06 distance=0.251412778588943
[exp2] phase=continuous_yaw center_error=0.021 raw_yaw_deg=-56.67 calibrated_yaw_deg=-56.67 target_yaw_deg=0.00 yaw_source=calibrated_pnp corner_error_deg=43.65 height_norm=0.260
[exp2] continuous yaw correction direction=left
[tag] backend=pupil_apriltags id=0 center=(167.9,176.1) error_x=0.025 yaw_deg=-56.77 height=62.2px height_norm=0.259 margin=34.73 distance=0.25215904198738226
[exp2] phase=continuous_yaw center_error=0.025 raw_yaw_deg=-56.77 calibrated_yaw_deg=-56.77 target_yaw_deg=0.00 yaw_source=calibrated_pnp corner_error_deg=44.48 height_norm=0.259
[exp2] continuous yaw correction direction=left
[tag] backend=pupil_apriltags id=0 center=(169.7,176.1) error_x=0.030 yaw_deg=-57.18 height=62.6px height_norm=0.261 margin=35.08 distance=0.24958693425827505
[exp2] phase=continuous_yaw center_error=0.030 raw_yaw_deg=-57.18 calibrated_yaw_deg=-57.18 target_yaw_deg=0.00 yaw_source=calibrated_pnp corner_error_deg=44.62 height_norm=0.261
[map] motion direction=left speed=0.15 effective_seconds=0.6417901515960693 pose={'x_m': -0.683857939212118, 'y_m': 0.777302267196386, 'heading_rad': -2.5676475345886236}
[base] continuous stop label=exp2_yaw_align elapsed=0.642s
[base] stop
[exp2] continuous x guard preempted yaw error=0.030 limit=0.030; camera_settle_seconds=0.200
[base] stop
[base] stop
[base] stop
[base] stop
[base] stop
[base] stop
[base] stop
[base] stop
[base] stop
[tag] backend=pupil_apriltags id=0 center=(172.5,175.8) error_x=0.039 yaw_deg=-56.99 height=62.3px height_norm=0.260 margin=35.31 distance=0.25097849447288634
[exp2] phase=continuous_center center_error=0.039 raw_yaw_deg=-56.99 calibrated_yaw_deg=-56.99 target_yaw_deg=0.00 yaw_source=calibrated_pnp corner_error_deg=44.97 height_norm=0.260
[base] continuous start label=exp2_center_align direction=backward requested_speed=0.2 effective_speed=0.2
[exp2] continuous center correction direction=backward
[tag] backend=pupil_apriltags id=0 center=(172.5,175.8) error_x=0.039 yaw_deg=-56.99 height=62.3px height_norm=0.260 margin=35.28 distance=0.2510017840512566
[exp2] phase=continuous_center center_error=0.039 raw_yaw_deg=-56.99 calibrated_yaw_deg=-56.99 target_yaw_deg=0.00 yaw_source=calibrated_pnp corner_error_deg=45.10 height_norm=0.260
[exp2] continuous center correction direction=backward
[tag] backend=pupil_apriltags id=0 center=(172.5,175.7) error_x=0.039 yaw_deg=-56.95 height=62.3px height_norm=0.260 margin=35.12 distance=0.251224906749404
[exp2] phase=continuous_center center_error=0.039 raw_yaw_deg=-56.95 calibrated_yaw_deg=-56.95 target_yaw_deg=0.00 yaw_source=calibrated_pnp corner_error_deg=45.12 height_norm=0.260
[exp2] continuous center correction direction=backward
[tag] backend=pupil_apriltags id=0 center=(171.2,175.5) error_x=0.035 yaw_deg=-56.76 height=62.1px height_norm=0.259 margin=34.48 distance=0.2510490271605936
[exp2] phase=continuous_center center_error=0.035 raw_yaw_deg=-56.76 calibrated_yaw_deg=-56.76 target_yaw_deg=0.00 yaw_source=calibrated_pnp corner_error_deg=44.74 height_norm=0.259
[exp2] continuous center correction direction=backward
[tag] backend=pupil_apriltags id=0 center=(169.9,175.3) error_x=0.031 yaw_deg=-56.43 height=62.1px height_norm=0.259 margin=35.25 distance=0.2509130682724139
[exp2] phase=continuous_center center_error=0.031 raw_yaw_deg=-56.43 calibrated_yaw_deg=-56.43 target_yaw_deg=0.00 yaw_source=calibrated_pnp corner_error_deg=44.17 height_norm=0.259
[exp2] continuous center correction direction=backward
[tag] backend=pupil_apriltags id=0 center=(168.8,175.3) error_x=0.028 yaw_deg=-56.4 height=62.0px height_norm=0.258 margin=34.95 distance=0.25128330964437684
[exp2] phase=continuous_center center_error=0.028 raw_yaw_deg=-56.4 calibrated_yaw_deg=-56.4 target_yaw_deg=0.00 yaw_source=calibrated_pnp corner_error_deg=43.63 height_norm=0.258
[map] motion direction=backward speed=0.2 effective_seconds=0.28871965408325195 pose={'x_m': -0.6787632354151413, 'y_m': 0.7851821135019498, 'heading_rad': -2.5676475345886236}
[base] continuous stop label=exp2_center_align elapsed=0.289s
[base] stop
[exp2] center accepted; switching to yaw after 0.200s
[base] stop
[base] stop
[base] stop
[base] stop
[base] stop
[base] stop
[base] stop
[base] stop
[base] stop
[tag] backend=pupil_apriltags id=0 center=(163.6,175.9) error_x=0.011 yaw_deg=-55.3 height=61.8px height_norm=0.257 margin=35.39 distance=0.25169144170940383
[exp2] phase=continuous_yaw center_error=0.011 raw_yaw_deg=-55.3 calibrated_yaw_deg=-55.3 target_yaw_deg=0.00 yaw_source=calibrated_pnp corner_error_deg=41.81 height_norm=0.257
[base] continuous start label=exp2_yaw_align direction=left requested_speed=0.15 effective_speed=0.15
[exp2] continuous yaw correction direction=left
[tag] backend=pupil_apriltags id=0 center=(163.6,175.9) error_x=0.011 yaw_deg=-55.16 height=61.8px height_norm=0.257 margin=35.08 distance=0.25199892666313994
[exp2] phase=continuous_yaw center_error=0.011 raw_yaw_deg=-55.16 calibrated_yaw_deg=-55.16 target_yaw_deg=0.00 yaw_source=calibrated_pnp corner_error_deg=41.80 height_norm=0.257
[exp2] continuous yaw correction direction=left
[tag] backend=pupil_apriltags id=0 center=(163.6,175.7) error_x=0.011 yaw_deg=-54.85 height=61.5px height_norm=0.256 margin=34.82 distance=0.253427236894691
[exp2] phase=continuous_yaw center_error=0.011 raw_yaw_deg=-54.85 calibrated_yaw_deg=-54.85 target_yaw_deg=0.00 yaw_source=calibrated_pnp corner_error_deg=41.20 height_norm=0.256
[exp2] continuous yaw correction direction=left
[tag] backend=pupil_apriltags id=0 center=(164.0,175.7) error_x=0.012 yaw_deg=-55.06 height=61.6px height_norm=0.257 margin=34.90 distance=0.2530917857578293
[exp2] phase=continuous_yaw center_error=0.012 raw_yaw_deg=-55.06 calibrated_yaw_deg=-55.06 target_yaw_deg=0.00 yaw_source=calibrated_pnp corner_error_deg=41.36 height_norm=0.257
[exp2] continuous yaw correction direction=left
[tag] backend=pupil_apriltags id=0 center=(166.1,175.4) error_x=0.019 yaw_deg=-55.26 height=61.4px height_norm=0.256 margin=35.10 distance=0.2539970673252626
[exp2] phase=continuous_yaw center_error=0.019 raw_yaw_deg=-55.26 calibrated_yaw_deg=-55.26 target_yaw_deg=0.00 yaw_source=calibrated_pnp corner_error_deg=41.78 height_norm=0.256
[exp2] continuous yaw correction direction=left
[tag] backend=pupil_apriltags id=0 center=(168.6,175.1) error_x=0.027 yaw_deg=-55.55 height=61.2px height_norm=0.255 margin=35.17 distance=0.25412366090593097
[exp2] phase=continuous_yaw center_error=0.027 raw_yaw_deg=-55.55 calibrated_yaw_deg=-55.55 target_yaw_deg=0.00 yaw_source=calibrated_pnp corner_error_deg=42.51 height_norm=0.255
[exp2] continuous yaw correction direction=left
[tag] backend=pupil_apriltags id=0 center=(169.6,175.1) error_x=0.030 yaw_deg=-55.33 height=61.2px height_norm=0.255 margin=35.15 distance=0.25369260428790935
[exp2] phase=continuous_yaw center_error=0.030 raw_yaw_deg=-55.33 calibrated_yaw_deg=-55.33 target_yaw_deg=0.00 yaw_source=calibrated_pnp corner_error_deg=42.91 height_norm=0.255
[map] motion direction=left speed=0.15 effective_seconds=0.34252023696899414 pose={'x_m': -0.6787632354151413, 'y_m': 0.7851821135019498, 'heading_rad': -2.619381143250532}
[base] continuous stop label=exp2_yaw_align elapsed=0.343s
[base] stop
[exp2] continuous x guard preempted yaw error=0.030 limit=0.030; camera_settle_seconds=0.200
[base] stop
[base] stop
[base] stop
[base] stop
[base] stop
[base] stop
[base] stop
[base] stop
[base] stop
[tag] backend=pupil_apriltags id=0 center=(173.1,174.9) error_x=0.041 yaw_deg=-55.38 height=61.3px height_norm=0.256 margin=34.77 distance=0.2528237039220321
[exp2] phase=continuous_center center_error=0.041 raw_yaw_deg=-55.38 calibrated_yaw_deg=-55.38 target_yaw_deg=0.00 yaw_source=calibrated_pnp corner_error_deg=43.74 height_norm=0.256
[base] continuous start label=exp2_center_align direction=backward requested_speed=0.2 effective_speed=0.2
[exp2] continuous center correction direction=backward
[tag] backend=pupil_apriltags id=0 center=(173.1,174.8) error_x=0.041 yaw_deg=-55.38 height=61.3px height_norm=0.255 margin=34.38 distance=0.25292904746763184
[exp2] phase=continuous_center center_error=0.041 raw_yaw_deg=-55.38 calibrated_yaw_deg=-55.38 target_yaw_deg=0.00 yaw_source=calibrated_pnp corner_error_deg=43.66 height_norm=0.255
[exp2] continuous center correction direction=backward
[tag] backend=pupil_apriltags id=0 center=(172.8,174.8) error_x=0.040 yaw_deg=-55.73 height=61.4px height_norm=0.256 margin=34.80 distance=0.252161813604428
[exp2] phase=continuous_center center_error=0.040 raw_yaw_deg=-55.73 calibrated_yaw_deg=-55.73 target_yaw_deg=0.00 yaw_source=calibrated_pnp corner_error_deg=43.91 height_norm=0.256
[exp2] continuous center correction direction=backward
[tag] backend=pupil_apriltags id=0 center=(172.0,174.9) error_x=0.038 yaw_deg=-55.14 height=61.0px height_norm=0.254 margin=34.94 distance=0.25427783911051394
[exp2] phase=continuous_center center_error=0.038 raw_yaw_deg=-55.14 calibrated_yaw_deg=-55.14 target_yaw_deg=0.00 yaw_source=calibrated_pnp corner_error_deg=42.76 height_norm=0.254
[exp2] continuous center correction direction=backward
[tag] backend=pupil_apriltags id=0 center=(170.3,174.9) error_x=0.032 yaw_deg=-54.79 height=60.9px height_norm=0.254 margin=34.92 distance=0.25396737472221903
[exp2] phase=continuous_center center_error=0.032 raw_yaw_deg=-54.79 calibrated_yaw_deg=-54.79 target_yaw_deg=0.00 yaw_source=calibrated_pnp corner_error_deg=42.44 height_norm=0.254
[exp2] continuous center correction direction=backward
[tag] backend=pupil_apriltags id=0 center=(168.0,175.0) error_x=0.025 yaw_deg=-54.46 height=60.7px height_norm=0.253 margin=34.84 distance=0.25470641075498685
[exp2] phase=continuous_center center_error=0.025 raw_yaw_deg=-54.46 calibrated_yaw_deg=-54.46 target_yaw_deg=0.00 yaw_source=calibrated_pnp corner_error_deg=41.81 height_norm=0.253
[map] motion direction=backward speed=0.2 effective_seconds=0.2905871868133545 pose={'x_m': -0.6740525443572774, 'y_m': 0.7933674726426101, 'heading_rad': -2.619381143250532}
[base] continuous stop label=exp2_center_align elapsed=0.291s
[base] stop
[exp2] center accepted; switching to yaw after 0.200s
[base] stop
[base] stop
[base] stop
[base] stop
[base] stop
[base] stop
[base] stop
[base] stop
[base] stop
[tag] backend=pupil_apriltags id=0 center=(163.4,175.2) error_x=0.011 yaw_deg=-53.68 height=60.9px height_norm=0.254 margin=34.70 distance=0.2541107874651618
[exp2] phase=continuous_yaw center_error=0.011 raw_yaw_deg=-53.68 calibrated_yaw_deg=-53.68 target_yaw_deg=0.00 yaw_source=calibrated_pnp corner_error_deg=39.88 height_norm=0.254
[base] continuous start label=exp2_yaw_align direction=left requested_speed=0.15 effective_speed=0.15
[exp2] continuous yaw correction direction=left
[tag] backend=pupil_apriltags id=0 center=(163.2,175.0) error_x=0.010 yaw_deg=-53.5 height=60.7px height_norm=0.253 margin=34.91 distance=0.2547554164159553
[exp2] phase=continuous_yaw center_error=0.010 raw_yaw_deg=-53.5 calibrated_yaw_deg=-53.5 target_yaw_deg=0.00 yaw_source=calibrated_pnp corner_error_deg=39.40 height_norm=0.253
[exp2] continuous yaw correction direction=left
[tag] backend=pupil_apriltags id=0 center=(163.3,175.1) error_x=0.010 yaw_deg=-53.58 height=60.9px height_norm=0.254 margin=34.64 distance=0.2544437534971439
[exp2] phase=continuous_yaw center_error=0.010 raw_yaw_deg=-53.58 calibrated_yaw_deg=-53.58 target_yaw_deg=0.00 yaw_source=calibrated_pnp corner_error_deg=39.59 height_norm=0.254
[exp2] continuous yaw correction direction=left
[tag] backend=pupil_apriltags id=0 center=(163.9,174.9) error_x=0.012 yaw_deg=-53.58 height=60.8px height_norm=0.253 margin=35.06 distance=0.2547628699899452
[exp2] phase=continuous_yaw center_error=0.012 raw_yaw_deg=-53.58 calibrated_yaw_deg=-53.58 target_yaw_deg=0.00 yaw_source=calibrated_pnp corner_error_deg=39.92 height_norm=0.253
[exp2] continuous yaw correction direction=left
[tag] backend=pupil_apriltags id=0 center=(165.8,174.6) error_x=0.018 yaw_deg=-53.58 height=60.4px height_norm=0.252 margin=34.63 distance=0.2560899170661391
[exp2] phase=continuous_yaw center_error=0.018 raw_yaw_deg=-53.58 calibrated_yaw_deg=-53.58 target_yaw_deg=0.00 yaw_source=calibrated_pnp corner_error_deg=39.79 height_norm=0.252
[exp2] continuous yaw correction direction=left
[tag] backend=pupil_apriltags id=0 center=(167.2,174.3) error_x=0.023 yaw_deg=-53.92 height=60.3px height_norm=0.251 margin=35.06 distance=0.25557891874791494
[exp2] phase=continuous_yaw center_error=0.023 raw_yaw_deg=-53.92 calibrated_yaw_deg=-53.92 target_yaw_deg=0.00 yaw_source=calibrated_pnp corner_error_deg=40.46 height_norm=0.251
[exp2] continuous yaw correction direction=left
[tag] backend=pupil_apriltags id=0 center=(169.5,174.4) error_x=0.030 yaw_deg=-54.16 height=60.3px height_norm=0.251 margin=34.99 distance=0.2549355562190199
[exp2] phase=continuous_yaw center_error=0.030 raw_yaw_deg=-54.16 calibrated_yaw_deg=-54.16 target_yaw_deg=0.00 yaw_source=calibrated_pnp corner_error_deg=41.18 height_norm=0.251
[exp2] continuous yaw correction direction=left
[tag] backend=pupil_apriltags id=0 center=(170.4,174.3) error_x=0.033 yaw_deg=-53.94 height=60.1px height_norm=0.251 margin=34.97 distance=0.2558315421419366
[exp2] phase=continuous_yaw center_error=0.033 raw_yaw_deg=-53.94 calibrated_yaw_deg=-53.94 target_yaw_deg=0.00 yaw_source=calibrated_pnp corner_error_deg=40.84 height_norm=0.251
[map] motion direction=left speed=0.15 effective_seconds=0.3979525566101074 pose={'x_m': -0.6740525443572774, 'y_m': 0.7933674726426101, 'heading_rad': -2.679487144612247}
[base] continuous stop label=exp2_yaw_align elapsed=0.398s
[base] stop
[exp2] continuous x guard preempted yaw error=0.033 limit=0.030; camera_settle_seconds=0.200
[base] stop
[base] stop
[base] stop
[base] stop
[base] stop
[base] stop
[base] stop
[base] stop
[base] stop
[tag] backend=pupil_apriltags id=0 center=(174.0,174.0) error_x=0.044 yaw_deg=-54.33 height=59.8px height_norm=0.249 margin=35.27 distance=0.2568492187668633
[exp2] phase=continuous_center center_error=0.044 raw_yaw_deg=-54.33 calibrated_yaw_deg=-54.33 target_yaw_deg=0.00 yaw_source=calibrated_pnp corner_error_deg=41.65 height_norm=0.249
[base] continuous start label=exp2_center_align direction=backward requested_speed=0.2 effective_speed=0.2
[exp2] continuous center correction direction=backward
[tag] backend=pupil_apriltags id=0 center=(174.0,173.9) error_x=0.044 yaw_deg=-54.22 height=59.7px height_norm=0.249 margin=34.94 distance=0.25728381954313034
[exp2] phase=continuous_center center_error=0.044 raw_yaw_deg=-54.22 calibrated_yaw_deg=-54.22 target_yaw_deg=0.00 yaw_source=calibrated_pnp corner_error_deg=41.49 height_norm=0.249
[exp2] continuous center correction direction=backward
[tag] backend=pupil_apriltags id=0 center=(173.6,174.1) error_x=0.043 yaw_deg=-54.51 height=60.2px height_norm=0.251 margin=34.95 distance=0.254591396792709
[exp2] phase=continuous_center center_error=0.043 raw_yaw_deg=-54.51 calibrated_yaw_deg=-54.51 target_yaw_deg=0.00 yaw_source=calibrated_pnp corner_error_deg=41.90 height_norm=0.251
[exp2] continuous center correction direction=backward
[tag] backend=pupil_apriltags id=0 center=(172.5,174.0) error_x=0.039 yaw_deg=-53.81 height=59.8px height_norm=0.249 margin=35.15 distance=0.2565510061360303
[exp2] phase=continuous_center center_error=0.039 raw_yaw_deg=-53.81 calibrated_yaw_deg=-53.81 target_yaw_deg=0.00 yaw_source=calibrated_pnp corner_error_deg=41.75 height_norm=0.249
[exp2] continuous center correction direction=backward
[tag] backend=pupil_apriltags id=0 center=(171.2,174.1) error_x=0.035 yaw_deg=-53.29 height=59.9px height_norm=0.249 margin=34.98 distance=0.256512727603502
[exp2] phase=continuous_center center_error=0.035 raw_yaw_deg=-53.29 calibrated_yaw_deg=-53.29 target_yaw_deg=0.00 yaw_source=calibrated_pnp corner_error_deg=40.31 height_norm=0.249
[exp2] continuous center correction direction=backward
[tag] backend=pupil_apriltags id=0 center=(169.3,173.9) error_x=0.029 yaw_deg=-53.2 height=59.9px height_norm=0.250 margin=35.00 distance=0.25591971752457987
[exp2] phase=continuous_center center_error=0.029 raw_yaw_deg=-53.2 calibrated_yaw_deg=-53.2 target_yaw_deg=0.00 yaw_source=calibrated_pnp corner_error_deg=40.43 height_norm=0.250
[map] motion direction=backward speed=0.2 effective_seconds=0.2907896041870117 pose={'x_m': -0.6698391200460954, 'y_m': 0.8018269094077994, 'heading_rad': -2.679487144612247}
[base] continuous stop label=exp2_center_align elapsed=0.291s
[base] stop
[exp2] center accepted; switching to yaw after 0.200s
[base] stop
[base] stop
[base] stop
[base] stop
[base] stop
[base] stop
[base] stop
[base] stop
[base] stop
[tag] backend=pupil_apriltags id=0 center=(164.5,174.3) error_x=0.014 yaw_deg=-52.19 height=60.0px height_norm=0.250 margin=34.90 distance=0.2552999812767958
[exp2] phase=continuous_yaw center_error=0.014 raw_yaw_deg=-52.19 calibrated_yaw_deg=-52.19 target_yaw_deg=0.00 yaw_source=calibrated_pnp corner_error_deg=38.89 height_norm=0.250
[base] continuous start label=exp2_yaw_align direction=left requested_speed=0.15 effective_speed=0.15
[exp2] continuous yaw correction direction=left
[tag] backend=pupil_apriltags id=0 center=(164.5,174.3) error_x=0.014 yaw_deg=-52.23 height=60.0px height_norm=0.250 margin=34.93 distance=0.25512293304039435
[exp2] phase=continuous_yaw center_error=0.014 raw_yaw_deg=-52.23 calibrated_yaw_deg=-52.23 target_yaw_deg=0.00 yaw_source=calibrated_pnp corner_error_deg=38.91 height_norm=0.250
[exp2] continuous yaw correction direction=left
[tag] backend=pupil_apriltags id=0 center=(164.5,174.3) error_x=0.014 yaw_deg=-52.12 height=59.9px height_norm=0.250 margin=34.77 distance=0.25562141374447267
[exp2] phase=continuous_yaw center_error=0.014 raw_yaw_deg=-52.12 calibrated_yaw_deg=-52.12 target_yaw_deg=0.00 yaw_source=calibrated_pnp corner_error_deg=38.87 height_norm=0.250
[exp2] continuous yaw correction direction=left
[tag] backend=pupil_apriltags id=0 center=(166.1,174.1) error_x=0.019 yaw_deg=-52.38 height=59.7px height_norm=0.249 margin=35.41 distance=0.2566361453818518
[exp2] phase=continuous_yaw center_error=0.019 raw_yaw_deg=-52.38 calibrated_yaw_deg=-52.38 target_yaw_deg=0.00 yaw_source=calibrated_pnp corner_error_deg=38.52 height_norm=0.249
[exp2] continuous yaw correction direction=left
[tag] backend=pupil_apriltags id=0 center=(167.0,173.9) error_x=0.022 yaw_deg=-52.05 height=59.4px height_norm=0.248 margin=35.23 distance=0.25793760081714334
[exp2] phase=continuous_yaw center_error=0.022 raw_yaw_deg=-52.05 calibrated_yaw_deg=-52.05 target_yaw_deg=0.00 yaw_source=calibrated_pnp corner_error_deg=39.07 height_norm=0.248
[exp2] continuous yaw correction direction=left
[tag] backend=pupil_apriltags id=0 center=(169.0,173.9) error_x=0.028 yaw_deg=-52.39 height=59.8px height_norm=0.249 margin=35.44 distance=0.25630609172959967
[exp2] phase=continuous_yaw center_error=0.028 raw_yaw_deg=-52.39 calibrated_yaw_deg=-52.39 target_yaw_deg=0.00 yaw_source=calibrated_pnp corner_error_deg=39.54 height_norm=0.249
[exp2] continuous yaw correction direction=left
[tag] backend=pupil_apriltags id=0 center=(170.6,173.5) error_x=0.033 yaw_deg=-52.29 height=59.3px height_norm=0.247 margin=34.98 distance=0.258091496505593
[exp2] phase=continuous_yaw center_error=0.033 raw_yaw_deg=-52.29 calibrated_yaw_deg=-52.29 target_yaw_deg=0.00 yaw_source=calibrated_pnp corner_error_deg=38.44 height_norm=0.247
[map] motion direction=left speed=0.15 effective_seconds=0.35369300842285156 pose={'x_m': -0.6698391200460954, 'y_m': 0.8018269094077994, 'heading_rad': -2.732908267539525}
[base] continuous stop label=exp2_yaw_align elapsed=0.354s
[base] stop
[exp2] continuous x guard preempted yaw error=0.033 limit=0.030; camera_settle_seconds=0.200
[base] stop
[base] stop
[base] stop
[base] stop
[base] stop
[base] stop
[base] stop
[base] stop
[base] stop
[tag] backend=pupil_apriltags id=0 center=(173.0,173.4) error_x=0.041 yaw_deg=-51.99 height=59.4px height_norm=0.248 margin=34.75 distance=0.2564748199070359
[exp2] phase=continuous_center center_error=0.041 raw_yaw_deg=-51.99 calibrated_yaw_deg=-51.99 target_yaw_deg=0.00 yaw_source=calibrated_pnp corner_error_deg=39.39 height_norm=0.248
[base] continuous start label=exp2_center_align direction=backward requested_speed=0.2 effective_speed=0.2
[exp2] continuous center correction direction=backward
[tag] backend=pupil_apriltags id=0 center=(173.1,173.4) error_x=0.041 yaw_deg=-51.97 height=59.3px height_norm=0.247 margin=34.98 distance=0.2568000449560326
[exp2] phase=continuous_center center_error=0.041 raw_yaw_deg=-51.97 calibrated_yaw_deg=-51.97 target_yaw_deg=0.00 yaw_source=calibrated_pnp corner_error_deg=39.42 height_norm=0.247
[exp2] continuous center correction direction=backward
[tag] backend=pupil_apriltags id=0 center=(172.8,173.0) error_x=0.040 yaw_deg=-52.17 height=58.9px height_norm=0.246 margin=35.26 distance=0.2585584129288165
[exp2] phase=continuous_center center_error=0.040 raw_yaw_deg=-52.17 calibrated_yaw_deg=-52.17 target_yaw_deg=0.00 yaw_source=calibrated_pnp corner_error_deg=39.25 height_norm=0.246
[exp2] continuous center correction direction=backward
[tag] backend=pupil_apriltags id=0 center=(171.7,173.3) error_x=0.036 yaw_deg=-52.13 height=59.3px height_norm=0.247 margin=35.14 distance=0.2569945978379204
[exp2] phase=continuous_center center_error=0.036 raw_yaw_deg=-52.13 calibrated_yaw_deg=-52.13 target_yaw_deg=0.00 yaw_source=calibrated_pnp corner_error_deg=39.46 height_norm=0.247
[exp2] continuous center correction direction=backward
[tag] backend=pupil_apriltags id=0 center=(170.1,173.2) error_x=0.032 yaw_deg=-51.37 height=58.7px height_norm=0.245 margin=34.76 distance=0.2591118064147002
[exp2] phase=continuous_center center_error=0.032 raw_yaw_deg=-51.37 calibrated_yaw_deg=-51.37 target_yaw_deg=0.00 yaw_source=calibrated_pnp corner_error_deg=37.57 height_norm=0.245
[exp2] continuous center correction direction=backward
[tag] backend=pupil_apriltags id=0 center=(168.4,173.3) error_x=0.026 yaw_deg=-51.26 height=59.1px height_norm=0.246 margin=35.11 distance=0.2573133693962774
[exp2] phase=continuous_center center_error=0.026 raw_yaw_deg=-51.26 calibrated_yaw_deg=-51.26 target_yaw_deg=0.00 yaw_source=calibrated_pnp corner_error_deg=37.68 height_norm=0.246
[map] motion direction=backward speed=0.2 effective_seconds=0.3148481845855713 pose={'x_m': -0.6657726736942294, 'y_m': 0.8112167667545286, 'heading_rad': -2.732908267539525}
[base] continuous stop label=exp2_center_align elapsed=0.315s
[base] stop
[exp2] center accepted; switching to yaw after 0.200s
[base] stop
[base] stop
[base] stop
[base] stop
[base] stop
[base] stop
[base] stop
[base] stop
[base] stop
[tag] backend=pupil_apriltags id=0 center=(164.0,173.3) error_x=0.012 yaw_deg=-50.18 height=58.8px height_norm=0.245 margin=35.08 distance=0.2588820469084293
[exp2] phase=continuous_yaw center_error=0.012 raw_yaw_deg=-50.18 calibrated_yaw_deg=-50.18 target_yaw_deg=0.00 yaw_source=calibrated_pnp corner_error_deg=37.19 height_norm=0.245
[base] continuous start label=exp2_yaw_align direction=left requested_speed=0.15 effective_speed=0.15
[exp2] continuous yaw correction direction=left
[tag] backend=pupil_apriltags id=0 center=(164.0,173.3) error_x=0.012 yaw_deg=-50.18 height=58.7px height_norm=0.245 margin=34.99 distance=0.2589297760772119
[exp2] phase=continuous_yaw center_error=0.012 raw_yaw_deg=-50.18 calibrated_yaw_deg=-50.18 target_yaw_deg=0.00 yaw_source=calibrated_pnp corner_error_deg=37.06 height_norm=0.245
[exp2] continuous yaw correction direction=left
[tag] backend=pupil_apriltags id=0 center=(164.0,173.3) error_x=0.012 yaw_deg=-50.24 height=58.8px height_norm=0.245 margin=34.89 distance=0.25866473625463043
[exp2] phase=continuous_yaw center_error=0.012 raw_yaw_deg=-50.24 calibrated_yaw_deg=-50.24 target_yaw_deg=0.00 yaw_source=calibrated_pnp corner_error_deg=37.19 height_norm=0.245
[exp2] continuous yaw correction direction=left
[tag] backend=pupil_apriltags id=0 center=(164.7,173.2) error_x=0.015 yaw_deg=-50.34 height=58.7px height_norm=0.245 margin=34.90 distance=0.2587453722775691
[exp2] phase=continuous_yaw center_error=0.015 raw_yaw_deg=-50.34 calibrated_yaw_deg=-50.34 target_yaw_deg=0.00 yaw_source=calibrated_pnp corner_error_deg=35.82 height_norm=0.245
[exp2] continuous yaw correction direction=left
[tag] backend=pupil_apriltags id=0 center=(167.0,173.2) error_x=0.022 yaw_deg=-50.23 height=58.8px height_norm=0.245 margin=35.13 distance=0.25866188719142086
[exp2] phase=continuous_yaw center_error=0.022 raw_yaw_deg=-50.23 calibrated_yaw_deg=-50.23 target_yaw_deg=0.00 yaw_source=calibrated_pnp corner_error_deg=36.83 height_norm=0.245
[exp2] continuous yaw correction direction=left
[tag] backend=pupil_apriltags id=0 center=(169.5,173.0) error_x=0.030 yaw_deg=-50.4 height=58.5px height_norm=0.244 margin=34.76 distance=0.2592495328034563
[exp2] phase=continuous_yaw center_error=0.030 raw_yaw_deg=-50.4 calibrated_yaw_deg=-50.4 target_yaw_deg=0.00 yaw_source=calibrated_pnp corner_error_deg=36.84 height_norm=0.244
[exp2] continuous yaw correction direction=left
[tag] backend=pupil_apriltags id=0 center=(170.5,173.0) error_x=0.033 yaw_deg=-50.4 height=58.7px height_norm=0.245 margin=34.79 distance=0.25890996188089893
[exp2] phase=continuous_yaw center_error=0.033 raw_yaw_deg=-50.4 calibrated_yaw_deg=-50.4 target_yaw_deg=0.00 yaw_source=calibrated_pnp corner_error_deg=37.24 height_norm=0.245
[map] motion direction=left speed=0.15 effective_seconds=0.3756694793701172 pose={'x_m': -0.6657726736942294, 'y_m': 0.8112167667545286, 'heading_rad': -2.789648675066791}
[base] continuous stop label=exp2_yaw_align elapsed=0.376s
[base] stop
[exp2] continuous x guard preempted yaw error=0.033 limit=0.030; camera_settle_seconds=0.200
[base] stop
[base] stop
[base] stop
[base] stop
[base] stop
[base] stop
[base] stop
[base] stop
[base] stop
[tag] backend=pupil_apriltags id=0 center=(174.4,172.7) error_x=0.045 yaw_deg=-50.1 height=58.2px height_norm=0.243 margin=34.77 distance=0.25981337840273133
[exp2] phase=continuous_center center_error=0.045 raw_yaw_deg=-50.1 calibrated_yaw_deg=-50.1 target_yaw_deg=0.00 yaw_source=calibrated_pnp corner_error_deg=38.04 height_norm=0.243
[base] continuous start label=exp2_center_align direction=backward requested_speed=0.2 effective_speed=0.2
[exp2] continuous center correction direction=backward
[tag] backend=pupil_apriltags id=0 center=(174.5,172.6) error_x=0.045 yaw_deg=-50.18 height=58.2px height_norm=0.242 margin=34.87 distance=0.259968169683104
[exp2] phase=continuous_center center_error=0.045 raw_yaw_deg=-50.18 calibrated_yaw_deg=-50.18 target_yaw_deg=0.00 yaw_source=calibrated_pnp corner_error_deg=37.80 height_norm=0.242
[exp2] continuous center correction direction=backward
[tag] backend=pupil_apriltags id=0 center=(174.4,172.6) error_x=0.045 yaw_deg=-50.08 height=58.2px height_norm=0.242 margin=34.81 distance=0.2600712067815242
[exp2] phase=continuous_center center_error=0.045 raw_yaw_deg=-50.08 calibrated_yaw_deg=-50.08 target_yaw_deg=0.00 yaw_source=calibrated_pnp corner_error_deg=37.70 height_norm=0.242
[exp2] continuous center correction direction=backward
[tag] backend=pupil_apriltags id=0 center=(173.3,172.7) error_x=0.042 yaw_deg=-50.32 height=58.1px height_norm=0.242 margin=34.92 distance=0.2595699363509912
[exp2] phase=continuous_center center_error=0.042 raw_yaw_deg=-50.32 calibrated_yaw_deg=-50.32 target_yaw_deg=0.00 yaw_source=calibrated_pnp corner_error_deg=37.68 height_norm=0.242
[exp2] continuous center correction direction=backward
[tag] backend=pupil_apriltags id=0 center=(171.5,172.7) error_x=0.036 yaw_deg=-50.02 height=58.0px height_norm=0.242 margin=34.83 distance=0.2595710132544193
[exp2] phase=continuous_center center_error=0.036 raw_yaw_deg=-50.02 calibrated_yaw_deg=-50.02 target_yaw_deg=0.00 yaw_source=calibrated_pnp corner_error_deg=36.91 height_norm=0.242
[exp2] continuous center correction direction=backward
[tag] backend=pupil_apriltags id=0 center=(170.3,172.6) error_x=0.032 yaw_deg=-49.8 height=58.0px height_norm=0.242 margin=35.19 distance=0.260381975013035
[exp2] phase=continuous_center center_error=0.032 raw_yaw_deg=-49.8 calibrated_yaw_deg=-49.8 target_yaw_deg=0.00 yaw_source=calibrated_pnp corner_error_deg=35.79 height_norm=0.242
[exp2] continuous center correction direction=backward
[tag] backend=pupil_apriltags id=0 center=(167.9,172.7) error_x=0.025 yaw_deg=-49.11 height=58.1px height_norm=0.242 margin=34.78 distance=0.2590623776934638
[exp2] phase=continuous_center center_error=0.025 raw_yaw_deg=-49.11 calibrated_yaw_deg=-49.11 target_yaw_deg=0.00 yaw_source=calibrated_pnp corner_error_deg=35.72 height_norm=0.242
[map] motion direction=backward speed=0.2 effective_seconds=0.3654608726501465 pose={'x_m': -0.6616782304100617, 'y_m': 0.8223662073867684, 'heading_rad': -2.789648675066791}
[base] continuous stop label=exp2_center_align elapsed=0.365s
[base] stop
[exp2] center accepted; switching to yaw after 0.200s
[base] stop
[base] stop
[base] stop
[base] stop
[base] stop
[base] stop
[base] stop
[base] stop
[base] stop
[tag] backend=pupil_apriltags id=0 center=(163.1,173.2) error_x=0.010 yaw_deg=-48.15 height=58.1px height_norm=0.242 margin=35.27 distance=0.25932820357077024
[exp2] phase=continuous_yaw center_error=0.010 raw_yaw_deg=-48.15 calibrated_yaw_deg=-48.15 target_yaw_deg=0.00 yaw_source=calibrated_pnp corner_error_deg=34.83 height_norm=0.242
[base] continuous start label=exp2_yaw_align direction=left requested_speed=0.15 effective_speed=0.15
[exp2] continuous yaw correction direction=left
[tag] backend=pupil_apriltags id=0 center=(162.8,173.3) error_x=0.009 yaw_deg=-47.86 height=57.9px height_norm=0.241 margin=34.96 distance=0.26056249312541174
[exp2] phase=continuous_yaw center_error=0.009 raw_yaw_deg=-47.86 calibrated_yaw_deg=-47.86 target_yaw_deg=0.00 yaw_source=calibrated_pnp corner_error_deg=34.80 height_norm=0.241
[exp2] continuous yaw correction direction=left
[tag] backend=pupil_apriltags id=0 center=(163.2,173.1) error_x=0.010 yaw_deg=-48.38 height=58.3px height_norm=0.243 margin=35.10 distance=0.258294899808308
[exp2] phase=continuous_yaw center_error=0.010 raw_yaw_deg=-48.38 calibrated_yaw_deg=-48.38 target_yaw_deg=0.00 yaw_source=calibrated_pnp corner_error_deg=34.81 height_norm=0.243
[exp2] continuous yaw correction direction=left
[tag] backend=pupil_apriltags id=0 center=(163.7,173.0) error_x=0.012 yaw_deg=-48.0 height=58.0px height_norm=0.242 margin=34.79 distance=0.2601789647120018
[exp2] phase=continuous_yaw center_error=0.012 raw_yaw_deg=-48.0 calibrated_yaw_deg=-48.0 target_yaw_deg=0.00 yaw_source=calibrated_pnp corner_error_deg=34.84 height_norm=0.242
[exp2] continuous yaw correction direction=left
[tag] backend=pupil_apriltags id=0 center=(165.9,172.8) error_x=0.018 yaw_deg=-47.95 height=57.7px height_norm=0.240 margin=34.75 distance=0.2613025771089601
[exp2] phase=continuous_yaw center_error=0.018 raw_yaw_deg=-47.95 calibrated_yaw_deg=-47.95 target_yaw_deg=0.00 yaw_source=calibrated_pnp corner_error_deg=34.86 height_norm=0.240
[exp2] continuous yaw correction direction=left
[tag] backend=pupil_apriltags id=0 center=(167.7,172.5) error_x=0.024 yaw_deg=-47.7 height=57.5px height_norm=0.240 margin=34.63 distance=0.2617364733250489
[exp2] phase=continuous_yaw center_error=0.024 raw_yaw_deg=-47.7 calibrated_yaw_deg=-47.7 target_yaw_deg=0.00 yaw_source=calibrated_pnp corner_error_deg=34.58 height_norm=0.240
[exp2] continuous yaw correction direction=left
[tag] backend=pupil_apriltags id=0 center=(169.6,172.7) error_x=0.030 yaw_deg=-48.11 height=57.4px height_norm=0.239 margin=34.98 distance=0.26218136119137225
[exp2] phase=continuous_yaw center_error=0.030 raw_yaw_deg=-48.11 calibrated_yaw_deg=-48.11 target_yaw_deg=0.00 yaw_source=calibrated_pnp corner_error_deg=34.57 height_norm=0.239
[map] motion direction=left speed=0.15 effective_seconds=0.37468528747558594 pose={'x_m': -0.6616782304100617, 'y_m': 0.8223662073867684, 'heading_rad': -2.8462404321120585}
[base] continuous stop label=exp2_yaw_align elapsed=0.375s
[base] stop
[exp2] continuous x guard preempted yaw error=0.030 limit=0.030; camera_settle_seconds=0.200
[base] stop
[base] stop
[base] stop
[base] stop
[base] stop
[base] stop
[base] stop
[base] stop
[base] stop
[tag] backend=pupil_apriltags id=0 center=(173.0,172.4) error_x=0.041 yaw_deg=-48.48 height=57.8px height_norm=0.241 margin=35.11 distance=0.25913404437799287
[exp2] phase=continuous_center center_error=0.041 raw_yaw_deg=-48.48 calibrated_yaw_deg=-48.48 target_yaw_deg=0.00 yaw_source=calibrated_pnp corner_error_deg=36.25 height_norm=0.241
[base] continuous start label=exp2_center_align direction=backward requested_speed=0.2 effective_speed=0.2
[exp2] continuous center correction direction=backward
[tag] backend=pupil_apriltags id=0 center=(173.0,172.5) error_x=0.041 yaw_deg=-48.55 height=57.9px height_norm=0.241 margin=35.05 distance=0.2589532145857601
[exp2] phase=continuous_center center_error=0.041 raw_yaw_deg=-48.55 calibrated_yaw_deg=-48.55 target_yaw_deg=0.00 yaw_source=calibrated_pnp corner_error_deg=36.47 height_norm=0.241
[exp2] continuous center correction direction=backward
[tag] backend=pupil_apriltags id=0 center=(172.3,172.5) error_x=0.039 yaw_deg=-48.15 height=57.9px height_norm=0.241 margin=34.92 distance=0.25859987436452947
[exp2] phase=continuous_center center_error=0.039 raw_yaw_deg=-48.15 calibrated_yaw_deg=-48.15 target_yaw_deg=0.00 yaw_source=calibrated_pnp corner_error_deg=36.04 height_norm=0.241
[exp2] continuous center correction direction=backward
[tag] backend=pupil_apriltags id=0 center=(170.3,172.5) error_x=0.032 yaw_deg=-47.95 height=57.6px height_norm=0.240 margin=34.85 distance=0.26001068287789053
[exp2] phase=continuous_center center_error=0.032 raw_yaw_deg=-47.95 calibrated_yaw_deg=-47.95 target_yaw_deg=0.00 yaw_source=calibrated_pnp corner_error_deg=35.55 height_norm=0.240
[exp2] continuous center correction direction=backward
[tag] backend=pupil_apriltags id=0 center=(169.3,172.6) error_x=0.029 yaw_deg=-47.62 height=57.6px height_norm=0.240 margin=34.80 distance=0.26011370373271897
[exp2] phase=continuous_center center_error=0.029 raw_yaw_deg=-47.62 calibrated_yaw_deg=-47.62 target_yaw_deg=0.00 yaw_source=calibrated_pnp corner_error_deg=34.14 height_norm=0.240
[map] motion direction=backward speed=0.2 effective_seconds=0.26628684997558594 pose={'x_m': -0.6591591575425766, 'y_m': 0.8306457950559796, 'heading_rad': -2.8462404321120585}
[base] continuous stop label=exp2_center_align elapsed=0.266s
[base] stop
[exp2] center accepted; switching to yaw after 0.200s
[base] stop
[base] stop
[base] stop
[base] stop
[base] stop
[base] stop
[base] stop
[base] stop
[base] stop
[tag] backend=pupil_apriltags id=0 center=(165.0,172.5) error_x=0.015 yaw_deg=-46.28 height=57.2px height_norm=0.238 margin=34.75 distance=0.26142348254555886
[exp2] phase=continuous_yaw center_error=0.015 raw_yaw_deg=-46.28 calibrated_yaw_deg=-46.28 target_yaw_deg=0.00 yaw_source=calibrated_pnp corner_error_deg=33.19 height_norm=0.238
[base] continuous start label=exp2_yaw_align direction=left requested_speed=0.15 effective_speed=0.15
[exp2] continuous yaw correction direction=left
[tag] backend=pupil_apriltags id=0 center=(165.0,172.5) error_x=0.015 yaw_deg=-46.47 height=57.4px height_norm=0.239 margin=34.86 distance=0.26083128850468595
[exp2] phase=continuous_yaw center_error=0.015 raw_yaw_deg=-46.47 calibrated_yaw_deg=-46.47 target_yaw_deg=0.00 yaw_source=calibrated_pnp corner_error_deg=33.60 height_norm=0.239
[exp2] continuous yaw correction direction=left
[tag] backend=pupil_apriltags id=0 center=(164.9,172.5) error_x=0.015 yaw_deg=-46.29 height=57.2px height_norm=0.238 margin=34.77 distance=0.2614822386746533
[exp2] phase=continuous_yaw center_error=0.015 raw_yaw_deg=-46.29 calibrated_yaw_deg=-46.29 target_yaw_deg=0.00 yaw_source=calibrated_pnp corner_error_deg=33.13 height_norm=0.238
[exp2] continuous yaw correction direction=left
[tag] backend=pupil_apriltags id=0 center=(165.5,172.5) error_x=0.017 yaw_deg=-46.8 height=57.3px height_norm=0.239 margin=34.38 distance=0.26105941923303205
[exp2] phase=continuous_yaw center_error=0.017 raw_yaw_deg=-46.8 calibrated_yaw_deg=-46.8 target_yaw_deg=0.00 yaw_source=calibrated_pnp corner_error_deg=33.41 height_norm=0.239
[exp2] continuous yaw correction direction=left
[tag] backend=pupil_apriltags id=0 center=(167.8,172.5) error_x=0.024 yaw_deg=-46.46 height=57.0px height_norm=0.238 margin=34.57 distance=0.26204297415648564
[exp2] phase=continuous_yaw center_error=0.024 raw_yaw_deg=-46.46 calibrated_yaw_deg=-46.46 target_yaw_deg=0.00 yaw_source=calibrated_pnp corner_error_deg=33.50 height_norm=0.238
[exp2] continuous yaw correction direction=left
[tag] backend=pupil_apriltags id=0 center=(169.9,172.2) error_x=0.031 yaw_deg=-46.64 height=56.7px height_norm=0.236 margin=34.78 distance=0.26340921488903013
[exp2] phase=continuous_yaw center_error=0.031 raw_yaw_deg=-46.64 calibrated_yaw_deg=-46.64 target_yaw_deg=0.00 yaw_source=calibrated_pnp corner_error_deg=34.07 height_norm=0.236
[map] motion direction=left speed=0.15 effective_seconds=0.3182106018066406 pose={'x_m': -0.6591591575425766, 'y_m': 0.8306457950559796, 'heading_rad': -2.8943023594644717}
[base] continuous stop label=exp2_yaw_align elapsed=0.318s
[base] stop
[exp2] continuous x guard preempted yaw error=0.031 limit=0.030; camera_settle_seconds=0.200
[base] stop
[base] stop
[base] stop
[base] stop
[base] stop
[base] stop
[base] stop
[base] stop
[base] stop
[tag] backend=pupil_apriltags id=0 center=(174.0,172.0) error_x=0.044 yaw_deg=-46.86 height=56.7px height_norm=0.236 margin=33.01 distance=0.2620367492655178
[exp2] phase=continuous_center center_error=0.044 raw_yaw_deg=-46.86 calibrated_yaw_deg=-46.86 target_yaw_deg=0.00 yaw_source=calibrated_pnp corner_error_deg=34.60 height_norm=0.236
[base] continuous start label=exp2_center_align direction=backward requested_speed=0.2 effective_speed=0.2
[exp2] continuous center correction direction=backward
[tag] backend=pupil_apriltags id=0 center=(174.0,172.1) error_x=0.044 yaw_deg=-46.98 height=56.8px height_norm=0.237 margin=32.59 distance=0.2614267402951003
[exp2] phase=continuous_center center_error=0.044 raw_yaw_deg=-46.98 calibrated_yaw_deg=-46.98 target_yaw_deg=0.00 yaw_source=calibrated_pnp corner_error_deg=34.58 height_norm=0.237
[exp2] continuous center correction direction=backward
[tag] backend=pupil_apriltags id=0 center=(173.7,172.0) error_x=0.043 yaw_deg=-46.3 height=56.6px height_norm=0.236 margin=32.71 distance=0.2617380585804598
[exp2] phase=continuous_center center_error=0.043 raw_yaw_deg=-46.3 calibrated_yaw_deg=-46.3 target_yaw_deg=0.00 yaw_source=calibrated_pnp corner_error_deg=34.33 height_norm=0.236
[exp2] continuous center correction direction=backward
[tag] backend=pupil_apriltags id=0 center=(171.9,172.3) error_x=0.037 yaw_deg=-46.03 height=56.5px height_norm=0.235 margin=32.83 distance=0.261951200592346
[exp2] phase=continuous_center center_error=0.037 raw_yaw_deg=-46.03 calibrated_yaw_deg=-46.03 target_yaw_deg=0.00 yaw_source=calibrated_pnp corner_error_deg=33.43 height_norm=0.235
[exp2] continuous center correction direction=backward
[tag] backend=pupil_apriltags id=0 center=(170.0,172.3) error_x=0.031 yaw_deg=-45.94 height=56.6px height_norm=0.236 margin=32.78 distance=0.2614822610054615
[exp2] phase=continuous_center center_error=0.031 raw_yaw_deg=-45.94 calibrated_yaw_deg=-45.94 target_yaw_deg=0.00 yaw_source=calibrated_pnp corner_error_deg=33.27 height_norm=0.236
[exp2] continuous center correction direction=backward
[tag] backend=pupil_apriltags id=0 center=(168.7,172.4) error_x=0.027 yaw_deg=-45.46 height=56.5px height_norm=0.235 margin=32.97 distance=0.26262007475304877
[exp2] phase=continuous_center center_error=0.027 raw_yaw_deg=-45.46 calibrated_yaw_deg=-45.46 target_yaw_deg=0.00 yaw_source=calibrated_pnp corner_error_deg=32.32 height_norm=0.235
[map] motion direction=backward speed=0.2 effective_seconds=0.3233828544616699 pose={'x_m': -0.6565865591170365, 'y_m': 0.8408360175447025, 'heading_rad': -2.8943023594644717}
[base] continuous stop label=exp2_center_align elapsed=0.323s
[base] stop
[exp2] center accepted; switching to yaw after 0.200s
[base] stop
[base] stop
[base] stop
[base] stop
[base] stop
[base] stop
[base] stop
[base] stop
[base] stop
[tag] backend=pupil_apriltags id=0 center=(164.1,172.1) error_x=0.013 yaw_deg=-44.43 height=56.4px height_norm=0.235 margin=32.63 distance=0.26204448552709
[exp2] phase=continuous_yaw center_error=0.013 raw_yaw_deg=-44.43 calibrated_yaw_deg=-44.43 target_yaw_deg=0.00 yaw_source=calibrated_pnp corner_error_deg=31.44 height_norm=0.235
[base] continuous start label=exp2_yaw_align direction=left requested_speed=0.15 effective_speed=0.15
[exp2] continuous yaw correction direction=left
[tag] backend=pupil_apriltags id=0 center=(164.0,172.0) error_x=0.013 yaw_deg=-44.37 height=56.3px height_norm=0.235 margin=32.75 distance=0.2623490805828109
[exp2] phase=continuous_yaw center_error=0.013 raw_yaw_deg=-44.37 calibrated_yaw_deg=-44.37 target_yaw_deg=0.00 yaw_source=calibrated_pnp corner_error_deg=31.37 height_norm=0.235
[exp2] continuous yaw correction direction=left
[tag] backend=pupil_apriltags id=0 center=(164.1,172.1) error_x=0.013 yaw_deg=-44.48 height=56.4px height_norm=0.235 margin=32.70 distance=0.26186470742236423
[exp2] phase=continuous_yaw center_error=0.013 raw_yaw_deg=-44.48 calibrated_yaw_deg=-44.48 target_yaw_deg=0.00 yaw_source=calibrated_pnp corner_error_deg=31.60 height_norm=0.235
[exp2] continuous yaw correction direction=left
[tag] backend=pupil_apriltags id=0 center=(165.1,172.0) error_x=0.016 yaw_deg=-44.32 height=56.2px height_norm=0.234 margin=32.68 distance=0.263960030768785
[exp2] phase=continuous_yaw center_error=0.016 raw_yaw_deg=-44.32 calibrated_yaw_deg=-44.32 target_yaw_deg=0.00 yaw_source=calibrated_pnp corner_error_deg=31.40 height_norm=0.234
[exp2] continuous yaw correction direction=left
[tag] backend=pupil_apriltags id=0 center=(167.9,172.2) error_x=0.025 yaw_deg=-44.92 height=56.4px height_norm=0.235 margin=33.02 distance=0.2620044281953627
[exp2] phase=continuous_yaw center_error=0.025 raw_yaw_deg=-44.92 calibrated_yaw_deg=-44.92 target_yaw_deg=0.00 yaw_source=calibrated_pnp corner_error_deg=31.54 height_norm=0.235
[exp2] continuous yaw correction direction=left
[tag] backend=pupil_apriltags id=0 center=(170.3,172.0) error_x=0.032 yaw_deg=-44.55 height=55.9px height_norm=0.233 margin=32.50 distance=0.263899171625871
[exp2] phase=continuous_yaw center_error=0.032 raw_yaw_deg=-44.55 calibrated_yaw_deg=-44.55 target_yaw_deg=0.00 yaw_source=calibrated_pnp corner_error_deg=31.38 height_norm=0.233
[map] motion direction=left speed=0.15 effective_seconds=0.3276183605194092 pose={'x_m': -0.6565865591170365, 'y_m': 0.8408360175447025, 'heading_rad': -2.943785216896634}
[base] continuous stop label=exp2_yaw_align elapsed=0.328s
[base] stop
[exp2] continuous x guard preempted yaw error=0.032 limit=0.030; camera_settle_seconds=0.200
[base] stop
[base] stop
[base] stop
[base] stop
[base] stop
[base] stop
[base] stop
[base] stop
[base] stop
[tag] backend=pupil_apriltags id=0 center=(174.2,172.1) error_x=0.044 yaw_deg=-44.43 height=56.1px height_norm=0.234 margin=32.50 distance=0.2618269730712406
[exp2] phase=continuous_center center_error=0.044 raw_yaw_deg=-44.43 calibrated_yaw_deg=-44.43 target_yaw_deg=0.00 yaw_source=calibrated_pnp corner_error_deg=32.80 height_norm=0.234
[base] continuous start label=exp2_center_align direction=backward requested_speed=0.2 effective_speed=0.2
[exp2] continuous center correction direction=backward
[tag] backend=pupil_apriltags id=0 center=(174.2,172.1) error_x=0.044 yaw_deg=-44.47 height=56.2px height_norm=0.234 margin=32.52 distance=0.2617441666422353
[exp2] phase=continuous_center center_error=0.044 raw_yaw_deg=-44.47 calibrated_yaw_deg=-44.47 target_yaw_deg=0.00 yaw_source=calibrated_pnp corner_error_deg=32.89 height_norm=0.234
[exp2] continuous center correction direction=backward
[tag] backend=pupil_apriltags id=0 center=(174.1,172.0) error_x=0.044 yaw_deg=-44.68 height=56.2px height_norm=0.234 margin=32.71 distance=0.26136136627335455
[exp2] phase=continuous_center center_error=0.044 raw_yaw_deg=-44.68 calibrated_yaw_deg=-44.68 target_yaw_deg=0.00 yaw_source=calibrated_pnp corner_error_deg=33.62 height_norm=0.234
[exp2] continuous center correction direction=backward
[tag] backend=pupil_apriltags id=0 center=(172.3,172.1) error_x=0.038 yaw_deg=-44.28 height=56.1px height_norm=0.234 margin=32.30 distance=0.2621824915732825
[exp2] phase=continuous_center center_error=0.038 raw_yaw_deg=-44.28 calibrated_yaw_deg=-44.28 target_yaw_deg=0.00 yaw_source=calibrated_pnp corner_error_deg=32.41 height_norm=0.234
[exp2] continuous center correction direction=backward
[tag] backend=pupil_apriltags id=0 center=(170.5,172.0) error_x=0.033 yaw_deg=-43.9 height=55.9px height_norm=0.233 margin=32.41 distance=0.2621433429448107
[exp2] phase=continuous_center center_error=0.033 raw_yaw_deg=-43.9 calibrated_yaw_deg=-43.9 target_yaw_deg=0.00 yaw_source=calibrated_pnp corner_error_deg=31.84 height_norm=0.233
[exp2] continuous center correction direction=backward
[tag] backend=pupil_apriltags id=0 center=(168.3,172.1) error_x=0.026 yaw_deg=-43.87 height=56.0px height_norm=0.233 margin=32.54 distance=0.262101700161889
[exp2] phase=continuous_center center_error=0.026 raw_yaw_deg=-43.87 calibrated_yaw_deg=-43.87 target_yaw_deg=0.00 yaw_source=calibrated_pnp corner_error_deg=30.98 height_norm=0.233
[map] motion direction=backward speed=0.2 effective_seconds=0.3250401020050049 pose={'x_m': -0.6545105605215994, 'y_m': 0.851193824760189, 'heading_rad': -2.943785216896634}
[base] continuous stop label=exp2_center_align elapsed=0.325s
[base] stop
[exp2] center accepted; switching to yaw after 0.200s
[base] stop
[base] stop
[base] stop
[base] stop
[base] stop
[base] stop
[base] stop
[base] stop
[base] stop
[tag] backend=pupil_apriltags id=0 center=(164.1,171.9) error_x=0.013 yaw_deg=-42.46 height=55.8px height_norm=0.233 margin=32.47 distance=0.2627668209883781
[exp2] phase=continuous_yaw center_error=0.013 raw_yaw_deg=-42.46 calibrated_yaw_deg=-42.46 target_yaw_deg=0.00 yaw_source=calibrated_pnp corner_error_deg=30.22 height_norm=0.233
[base] continuous start label=exp2_yaw_align direction=left requested_speed=0.15 effective_speed=0.15
[exp2] continuous yaw correction direction=left
[tag] backend=pupil_apriltags id=0 center=(164.0,171.9) error_x=0.013 yaw_deg=-42.31 height=55.7px height_norm=0.232 margin=32.50 distance=0.26311633461801276
[exp2] phase=continuous_yaw center_error=0.013 raw_yaw_deg=-42.31 calibrated_yaw_deg=-42.31 target_yaw_deg=0.00 yaw_source=calibrated_pnp corner_error_deg=30.18 height_norm=0.232
[exp2] continuous yaw correction direction=left
[tag] backend=pupil_apriltags id=0 center=(164.2,171.9) error_x=0.013 yaw_deg=-42.32 height=55.7px height_norm=0.232 margin=32.60 distance=0.26333067186502684
[exp2] phase=continuous_yaw center_error=0.013 raw_yaw_deg=-42.32 calibrated_yaw_deg=-42.32 target_yaw_deg=0.00 yaw_source=calibrated_pnp corner_error_deg=29.97 height_norm=0.232
[exp2] continuous yaw correction direction=left
[tag] backend=pupil_apriltags id=0 center=(165.5,172.0) error_x=0.017 yaw_deg=-42.47 height=55.8px height_norm=0.233 margin=32.51 distance=0.26286948185317804
[exp2] phase=continuous_yaw center_error=0.017 raw_yaw_deg=-42.47 calibrated_yaw_deg=-42.47 target_yaw_deg=0.00 yaw_source=calibrated_pnp corner_error_deg=30.32 height_norm=0.233
[exp2] continuous yaw correction direction=left
[tag] backend=pupil_apriltags id=0 center=(167.9,172.0) error_x=0.025 yaw_deg=-42.63 height=55.5px height_norm=0.231 margin=32.37 distance=0.2644902596252725
[exp2] phase=continuous_yaw center_error=0.025 raw_yaw_deg=-42.63 calibrated_yaw_deg=-42.63 target_yaw_deg=0.00 yaw_source=calibrated_pnp corner_error_deg=29.55 height_norm=0.231
[exp2] continuous yaw correction direction=left
[tag] backend=pupil_apriltags id=0 center=(169.1,172.0) error_x=0.029 yaw_deg=-42.92 height=55.8px height_norm=0.233 margin=32.50 distance=0.26272147216703534
[exp2] phase=continuous_yaw center_error=0.029 raw_yaw_deg=-42.92 calibrated_yaw_deg=-42.92 target_yaw_deg=0.00 yaw_source=calibrated_pnp corner_error_deg=30.95 height_norm=0.233
[exp2] continuous yaw correction direction=left
[tag] backend=pupil_apriltags id=0 center=(172.3,172.0) error_x=0.038 yaw_deg=-43.61 height=55.9px height_norm=0.233 margin=32.49 distance=0.26180115916186236
[exp2] phase=continuous_yaw center_error=0.038 raw_yaw_deg=-43.61 calibrated_yaw_deg=-43.61 target_yaw_deg=0.00 yaw_source=calibrated_pnp corner_error_deg=31.33 height_norm=0.233
[map] motion direction=left speed=0.15 effective_seconds=0.3952767848968506 pose={'x_m': -0.6545105605215994, 'y_m': 0.851193824760189, 'heading_rad': -3.003487074760414}
[base] continuous stop label=exp2_yaw_align elapsed=0.395s
[base] stop
[exp2] continuous x guard preempted yaw error=0.038 limit=0.030; camera_settle_seconds=0.200
[base] stop
[base] stop
[base] stop
[base] stop
[base] stop
[base] stop
[base] stop
[base] stop
[base] stop
[tag] backend=pupil_apriltags id=0 center=(177.7,172.0) error_x=0.055 yaw_deg=-42.52 height=55.8px height_norm=0.233 margin=32.28 distance=0.26148231813566825
[exp2] phase=continuous_center center_error=0.055 raw_yaw_deg=-42.52 calibrated_yaw_deg=-42.52 target_yaw_deg=0.00 yaw_source=calibrated_pnp corner_error_deg=32.13 height_norm=0.233
[base] continuous start label=exp2_center_align direction=backward requested_speed=0.2 effective_speed=0.2
[exp2] continuous center correction direction=backward
[tag] backend=pupil_apriltags id=0 center=(177.7,172.0) error_x=0.055 yaw_deg=-42.59 height=55.9px height_norm=0.233 margin=32.16 distance=0.2612134190370842
[exp2] phase=continuous_center center_error=0.055 raw_yaw_deg=-42.59 calibrated_yaw_deg=-42.59 target_yaw_deg=0.00 yaw_source=calibrated_pnp corner_error_deg=32.35 height_norm=0.233
[exp2] continuous center correction direction=backward
[tag] backend=pupil_apriltags id=0 center=(177.7,171.9) error_x=0.055 yaw_deg=-43.0 height=55.9px height_norm=0.233 margin=32.63 distance=0.261023508723397
[exp2] phase=continuous_center center_error=0.055 raw_yaw_deg=-43.0 calibrated_yaw_deg=-43.0 target_yaw_deg=0.00 yaw_source=calibrated_pnp corner_error_deg=33.03 height_norm=0.233
[exp2] continuous center correction direction=backward
[tag] backend=pupil_apriltags id=0 center=(175.6,172.1) error_x=0.049 yaw_deg=-42.85 height=56.0px height_norm=0.233 margin=32.68 distance=0.26035557462386205
[exp2] phase=continuous_center center_error=0.049 raw_yaw_deg=-42.85 calibrated_yaw_deg=-42.85 target_yaw_deg=0.00 yaw_source=calibrated_pnp corner_error_deg=32.09 height_norm=0.233
[exp2] continuous center correction direction=backward
[tag] backend=pupil_apriltags id=0 center=(174.5,172.2) error_x=0.045 yaw_deg=-42.77 height=56.0px height_norm=0.233 margin=32.54 distance=0.25958186651839144
[exp2] phase=continuous_center center_error=0.045 raw_yaw_deg=-42.77 calibrated_yaw_deg=-42.77 target_yaw_deg=0.00 yaw_source=calibrated_pnp corner_error_deg=31.71 height_norm=0.233
[exp2] continuous center correction direction=backward
[tag] backend=pupil_apriltags id=0 center=(172.5,172.0) error_x=0.039 yaw_deg=-42.52 height=55.6px height_norm=0.232 margin=32.46 distance=0.26141317963896465
[exp2] phase=continuous_center center_error=0.039 raw_yaw_deg=-42.52 calibrated_yaw_deg=-42.52 target_yaw_deg=0.00 yaw_source=calibrated_pnp corner_error_deg=30.82 height_norm=0.232
[exp2] continuous center correction direction=backward
[tag] backend=pupil_apriltags id=0 center=(170.3,171.9) error_x=0.032 yaw_deg=-41.66 height=55.6px height_norm=0.232 margin=32.22 distance=0.26116394435689405
[exp2] phase=continuous_center center_error=0.032 raw_yaw_deg=-41.66 calibrated_yaw_deg=-41.66 target_yaw_deg=0.00 yaw_source=calibrated_pnp corner_error_deg=29.96 height_norm=0.232
[exp2] continuous center correction direction=backward
[tag] backend=pupil_apriltags id=0 center=(168.4,171.8) error_x=0.026 yaw_deg=-41.05 height=55.4px height_norm=0.231 margin=32.53 distance=0.2619979703235787
[exp2] phase=continuous_center center_error=0.026 raw_yaw_deg=-41.05 calibrated_yaw_deg=-41.05 target_yaw_deg=0.00 yaw_source=calibrated_pnp corner_error_deg=29.39 height_norm=0.231
[map] motion direction=backward speed=0.2 effective_seconds=0.45569562911987305 pose={'x_m': -0.6524716976986782, 'y_m': 0.8658629193393785, 'heading_rad': -3.003487074760414}
[base] continuous stop label=exp2_center_align elapsed=0.456s
[base] stop
[exp2] center accepted; switching to yaw after 0.200s
[base] stop
[base] stop
[base] stop
[base] stop
[base] stop
[base] stop
[base] stop
[base] stop
[base] stop
[tag] backend=pupil_apriltags id=0 center=(163.9,171.9) error_x=0.012 yaw_deg=-39.8 height=55.5px height_norm=0.231 margin=32.25 distance=0.26110198615303853
[exp2] phase=continuous_yaw center_error=0.012 raw_yaw_deg=-39.8 calibrated_yaw_deg=-39.8 target_yaw_deg=0.00 yaw_source=calibrated_pnp corner_error_deg=28.04 height_norm=0.231
[base] continuous start label=exp2_yaw_align direction=left requested_speed=0.15 effective_speed=0.15
[exp2] continuous yaw correction direction=left
[tag] backend=pupil_apriltags id=0 center=(163.9,171.9) error_x=0.012 yaw_deg=-39.93 height=55.6px height_norm=0.232 margin=31.95 distance=0.2607551832268374
[exp2] phase=continuous_yaw center_error=0.012 raw_yaw_deg=-39.93 calibrated_yaw_deg=-39.93 target_yaw_deg=0.00 yaw_source=calibrated_pnp corner_error_deg=28.11 height_norm=0.232
[exp2] continuous yaw correction direction=left
[tag] backend=pupil_apriltags id=0 center=(163.8,172.0) error_x=0.012 yaw_deg=-40.46 height=55.7px height_norm=0.232 margin=31.99 distance=0.25984899777663384
[exp2] phase=continuous_yaw center_error=0.012 raw_yaw_deg=-40.46 calibrated_yaw_deg=-40.46 target_yaw_deg=0.00 yaw_source=calibrated_pnp corner_error_deg=28.15 height_norm=0.232
[exp2] continuous yaw correction direction=left
[tag] backend=pupil_apriltags id=0 center=(164.9,171.7) error_x=0.015 yaw_deg=-39.91 height=55.1px height_norm=0.230 margin=32.48 distance=0.26311506100080323
[exp2] phase=continuous_yaw center_error=0.015 raw_yaw_deg=-39.91 calibrated_yaw_deg=-39.91 target_yaw_deg=0.00 yaw_source=calibrated_pnp corner_error_deg=27.92 height_norm=0.230
[exp2] continuous yaw correction direction=left
[tag] backend=pupil_apriltags id=0 center=(166.3,171.9) error_x=0.020 yaw_deg=-40.07 height=55.5px height_norm=0.231 margin=32.27 distance=0.2619277584198257
[exp2] phase=continuous_yaw center_error=0.020 raw_yaw_deg=-40.07 calibrated_yaw_deg=-40.07 target_yaw_deg=0.00 yaw_source=calibrated_pnp corner_error_deg=28.03 height_norm=0.231
[exp2] continuous yaw correction direction=left
[tag] backend=pupil_apriltags id=0 center=(168.8,171.7) error_x=0.028 yaw_deg=-40.31 height=55.2px height_norm=0.230 margin=32.70 distance=0.26256597739000237
[exp2] phase=continuous_yaw center_error=0.028 raw_yaw_deg=-40.31 calibrated_yaw_deg=-40.31 target_yaw_deg=0.00 yaw_source=calibrated_pnp corner_error_deg=28.05 height_norm=0.230
[exp2] continuous yaw correction direction=left
[tag] backend=pupil_apriltags id=0 center=(171.4,171.9) error_x=0.036 yaw_deg=-40.65 height=55.6px height_norm=0.232 margin=32.51 distance=0.26049663831639236
[exp2] phase=continuous_yaw center_error=0.036 raw_yaw_deg=-40.65 calibrated_yaw_deg=-40.65 target_yaw_deg=0.00 yaw_source=calibrated_pnp corner_error_deg=29.13 height_norm=0.232
[map] motion direction=left speed=0.15 effective_seconds=0.4075183868408203 pose={'x_m': -0.6524716976986782, 'y_m': 0.8658629193393785, 'heading_rad': -3.065037881024932}
[base] continuous stop label=exp2_yaw_align elapsed=0.408s
[base] stop
[exp2] continuous x guard preempted yaw error=0.036 limit=0.030; camera_settle_seconds=0.200
[base] stop
[base] stop
[base] stop
[base] stop
[base] stop
[base] stop
[base] stop
[base] stop
[base] stop
[tag] backend=pupil_apriltags id=0 center=(176.6,171.9) error_x=0.052 yaw_deg=-40.11 height=55.5px height_norm=0.231 margin=31.99 distance=0.2592518297879033
[exp2] phase=continuous_center center_error=0.052 raw_yaw_deg=-40.11 calibrated_yaw_deg=-40.11 target_yaw_deg=0.00 yaw_source=calibrated_pnp corner_error_deg=30.40 height_norm=0.231
[base] continuous start label=exp2_center_align direction=backward requested_speed=0.2 effective_speed=0.2
[exp2] continuous center correction direction=backward
[tag] backend=pupil_apriltags id=0 center=(176.7,172.0) error_x=0.052 yaw_deg=-40.13 height=55.5px height_norm=0.231 margin=32.15 distance=0.25899690092050354
[exp2] phase=continuous_center center_error=0.052 raw_yaw_deg=-40.13 calibrated_yaw_deg=-40.13 target_yaw_deg=0.00 yaw_source=calibrated_pnp corner_error_deg=30.43 height_norm=0.231
[exp2] continuous center correction direction=backward
[tag] backend=pupil_apriltags id=0 center=(176.5,171.8) error_x=0.052 yaw_deg=-40.64 height=55.5px height_norm=0.231 margin=32.59 distance=0.25975997715988225
[exp2] phase=continuous_center center_error=0.052 raw_yaw_deg=-40.64 calibrated_yaw_deg=-40.64 target_yaw_deg=0.00 yaw_source=calibrated_pnp corner_error_deg=30.90 height_norm=0.231
[exp2] continuous center correction direction=backward
[tag] backend=pupil_apriltags id=0 center=(174.7,171.9) error_x=0.046 yaw_deg=-39.94 height=55.4px height_norm=0.231 margin=32.14 distance=0.2596758735214726
[exp2] phase=continuous_center center_error=0.046 raw_yaw_deg=-39.94 calibrated_yaw_deg=-39.94 target_yaw_deg=0.00 yaw_source=calibrated_pnp corner_error_deg=29.50 height_norm=0.231
[exp2] continuous center correction direction=backward
[tag] backend=pupil_apriltags id=0 center=(172.7,171.7) error_x=0.040 yaw_deg=-39.57 height=55.1px height_norm=0.229 margin=32.19 distance=0.2607246300185734
[exp2] phase=continuous_center center_error=0.040 raw_yaw_deg=-39.57 calibrated_yaw_deg=-39.57 target_yaw_deg=0.00 yaw_source=calibrated_pnp corner_error_deg=28.66 height_norm=0.229
[exp2] continuous center correction direction=backward
[tag] backend=pupil_apriltags id=0 center=(170.5,171.7) error_x=0.033 yaw_deg=-39.18 height=55.1px height_norm=0.229 margin=32.43 distance=0.26093719044968067
[exp2] phase=continuous_center center_error=0.033 raw_yaw_deg=-39.18 calibrated_yaw_deg=-39.18 target_yaw_deg=0.00 yaw_source=calibrated_pnp corner_error_deg=28.10 height_norm=0.229
[exp2] continuous center correction direction=backward
[tag] backend=pupil_apriltags id=0 center=(168.3,171.7) error_x=0.026 yaw_deg=-38.63 height=55.0px height_norm=0.229 margin=31.90 distance=0.26092652312497067
[exp2] phase=continuous_center center_error=0.026 raw_yaw_deg=-38.63 calibrated_yaw_deg=-38.63 target_yaw_deg=0.00 yaw_source=calibrated_pnp corner_error_deg=27.61 height_norm=0.229
[map] motion direction=backward speed=0.2 effective_seconds=0.411038875579834 pose={'x_m': -0.6514500192304143, 'y_m': 0.879182556503733, 'heading_rad': -3.065037881024932}
[base] continuous stop label=exp2_center_align elapsed=0.411s
[base] stop
[exp2] center accepted; switching to yaw after 0.200s
[base] stop
[base] stop
[base] stop
[base] stop
[base] stop
[base] stop
[base] stop
[base] stop
[base] stop
[tag] backend=pupil_apriltags id=0 center=(164.3,171.7) error_x=0.013 yaw_deg=-37.96 height=55.2px height_norm=0.230 margin=31.96 distance=0.25923558003232483
[exp2] phase=continuous_yaw center_error=0.013 raw_yaw_deg=-37.96 calibrated_yaw_deg=-37.96 target_yaw_deg=0.00 yaw_source=calibrated_pnp corner_error_deg=26.70 height_norm=0.230
[base] continuous start label=exp2_yaw_align direction=left requested_speed=0.15 effective_speed=0.15
[exp2] continuous yaw correction direction=left
[tag] backend=pupil_apriltags id=0 center=(164.5,171.8) error_x=0.014 yaw_deg=-37.76 height=55.0px height_norm=0.229 margin=32.27 distance=0.2598847988190701
[exp2] phase=continuous_yaw center_error=0.014 raw_yaw_deg=-37.76 calibrated_yaw_deg=-37.76 target_yaw_deg=0.00 yaw_source=calibrated_pnp corner_error_deg=26.67 height_norm=0.229
[exp2] continuous yaw correction direction=left
[tag] backend=pupil_apriltags id=0 center=(164.4,171.7) error_x=0.014 yaw_deg=-38.03 height=55.2px height_norm=0.230 margin=32.01 distance=0.25897897579363105
[exp2] phase=continuous_yaw center_error=0.014 raw_yaw_deg=-38.03 calibrated_yaw_deg=-38.03 target_yaw_deg=0.00 yaw_source=calibrated_pnp corner_error_deg=26.58 height_norm=0.230
[exp2] continuous yaw correction direction=left
[tag] backend=pupil_apriltags id=0 center=(164.5,171.8) error_x=0.014 yaw_deg=-37.77 height=55.0px height_norm=0.229 margin=31.99 distance=0.2600338119796209
[exp2] phase=continuous_yaw center_error=0.014 raw_yaw_deg=-37.77 calibrated_yaw_deg=-37.77 target_yaw_deg=0.00 yaw_source=calibrated_pnp corner_error_deg=26.66 height_norm=0.229
[exp2] continuous yaw correction direction=left
[tag] backend=pupil_apriltags id=0 center=(166.9,171.7) error_x=0.021 yaw_deg=-37.72 height=54.7px height_norm=0.228 margin=32.18 distance=0.26256997759619016
[exp2] phase=continuous_yaw center_error=0.021 raw_yaw_deg=-37.72 calibrated_yaw_deg=-37.72 target_yaw_deg=0.00 yaw_source=calibrated_pnp corner_error_deg=26.55 height_norm=0.228
[exp2] continuous yaw correction direction=left
[tag] backend=pupil_apriltags id=0 center=(169.6,171.6) error_x=0.030 yaw_deg=-38.24 height=54.8px height_norm=0.228 margin=32.23 distance=0.26115580270854133
[exp2] phase=continuous_yaw center_error=0.030 raw_yaw_deg=-38.24 calibrated_yaw_deg=-38.24 target_yaw_deg=0.00 yaw_source=calibrated_pnp corner_error_deg=27.23 height_norm=0.228
[exp2] continuous yaw correction direction=left
[tag] backend=pupil_apriltags id=0 center=(173.1,171.5) error_x=0.041 yaw_deg=-38.12 height=54.6px height_norm=0.227 margin=32.33 distance=0.26116994168266583
[exp2] phase=continuous_yaw center_error=0.041 raw_yaw_deg=-38.12 calibrated_yaw_deg=-38.12 target_yaw_deg=0.00 yaw_source=calibrated_pnp corner_error_deg=27.44 height_norm=0.227
[map] motion direction=left speed=0.15 effective_seconds=0.4199061393737793 pose={'x_m': -0.6514500192304143, 'y_m': 0.879182556503733, 'heading_rad': -3.128459709998682}
[base] continuous stop label=exp2_yaw_align elapsed=0.420s
[base] stop
[exp2] continuous x guard preempted yaw error=0.041 limit=0.030; camera_settle_seconds=0.200
[base] stop
[base] stop
[base] stop
[base] stop
[base] stop
[base] stop
[base] stop
[base] stop
[base] stop
[tag] backend=pupil_apriltags id=0 center=(177.0,171.4) error_x=0.053 yaw_deg=-38.08 height=54.4px height_norm=0.227 margin=31.76 distance=0.2615940651586562
[exp2] phase=continuous_center center_error=0.053 raw_yaw_deg=-38.08 calibrated_yaw_deg=-38.08 target_yaw_deg=0.00 yaw_source=calibrated_pnp corner_error_deg=28.16 height_norm=0.227
[base] continuous start label=exp2_center_align direction=backward requested_speed=0.2 effective_speed=0.2
[exp2] continuous center correction direction=backward
[tag] backend=pupil_apriltags id=0 center=(177.0,171.4) error_x=0.053 yaw_deg=-38.21 height=54.5px height_norm=0.227 margin=32.01 distance=0.26103273846497294
[exp2] phase=continuous_center center_error=0.053 raw_yaw_deg=-38.21 calibrated_yaw_deg=-38.21 target_yaw_deg=0.00 yaw_source=calibrated_pnp corner_error_deg=28.49 height_norm=0.227
[exp2] continuous center correction direction=backward
[tag] backend=pupil_apriltags id=0 center=(176.7,171.5) error_x=0.052 yaw_deg=-38.43 height=54.7px height_norm=0.228 margin=32.36 distance=0.25982242639270453
[exp2] phase=continuous_center center_error=0.052 raw_yaw_deg=-38.43 calibrated_yaw_deg=-38.43 target_yaw_deg=0.00 yaw_source=calibrated_pnp corner_error_deg=28.48 height_norm=0.228
[exp2] continuous center correction direction=backward
[tag] backend=pupil_apriltags id=0 center=(175.0,171.4) error_x=0.047 yaw_deg=-37.64 height=54.4px height_norm=0.226 margin=31.92 distance=0.2606183962370452
[exp2] phase=continuous_center center_error=0.047 raw_yaw_deg=-37.64 calibrated_yaw_deg=-37.64 target_yaw_deg=0.00 yaw_source=calibrated_pnp corner_error_deg=27.95 height_norm=0.226
[exp2] continuous center correction direction=backward
[tag] backend=pupil_apriltags id=0 center=(173.3,171.5) error_x=0.042 yaw_deg=-37.5 height=54.4px height_norm=0.227 margin=32.27 distance=0.2599447017253612
[exp2] phase=continuous_center center_error=0.042 raw_yaw_deg=-37.5 calibrated_yaw_deg=-37.5 target_yaw_deg=0.00 yaw_source=calibrated_pnp corner_error_deg=27.34 height_norm=0.227
[exp2] continuous center correction direction=backward
[tag] backend=pupil_apriltags id=0 center=(170.9,171.4) error_x=0.034 yaw_deg=-36.99 height=54.4px height_norm=0.227 margin=32.29 distance=0.2603662857475793
[exp2] phase=continuous_center center_error=0.034 raw_yaw_deg=-36.99 calibrated_yaw_deg=-36.99 target_yaw_deg=0.00 yaw_source=calibrated_pnp corner_error_deg=27.24 height_norm=0.227
[exp2] continuous center correction direction=backward
[tag] backend=pupil_apriltags id=0 center=(168.8,171.3) error_x=0.028 yaw_deg=-36.56 height=54.5px height_norm=0.227 margin=32.14 distance=0.25961005213604516
[exp2] phase=continuous_center center_error=0.028 raw_yaw_deg=-36.56 calibrated_yaw_deg=-36.56 target_yaw_deg=0.00 yaw_source=calibrated_pnp corner_error_deg=26.19 height_norm=0.227
[map] motion direction=backward speed=0.2 effective_seconds=0.4222142696380615 pose={'x_m': -0.6512698146345642, 'y_m': 0.8929033369415661, 'heading_rad': -3.128459709998682}
[base] continuous stop label=exp2_center_align elapsed=0.422s
[base] stop
[exp2] center accepted; switching to yaw after 0.200s
[base] stop
[base] stop
[base] stop
[base] stop
[base] stop
[base] stop
[base] stop
[base] stop
[base] stop
[tag] backend=pupil_apriltags id=0 center=(164.1,171.4) error_x=0.013 yaw_deg=-35.0 height=54.1px height_norm=0.225 margin=31.86 distance=0.2612451402115459
[exp2] phase=continuous_yaw center_error=0.013 raw_yaw_deg=-35.0 calibrated_yaw_deg=-35.0 target_yaw_deg=0.00 yaw_source=calibrated_pnp corner_error_deg=24.70 height_norm=0.225
[base] continuous start label=exp2_yaw_align direction=left requested_speed=0.15 effective_speed=0.15
[exp2] continuous yaw correction direction=left
[tag] backend=pupil_apriltags id=0 center=(164.0,171.4) error_x=0.013 yaw_deg=-35.09 height=54.1px height_norm=0.225 margin=32.10 distance=0.2611769654984756
[exp2] phase=continuous_yaw center_error=0.013 raw_yaw_deg=-35.09 calibrated_yaw_deg=-35.09 target_yaw_deg=0.00 yaw_source=calibrated_pnp corner_error_deg=24.45 height_norm=0.225
[exp2] continuous yaw correction direction=left
[tag] backend=pupil_apriltags id=0 center=(164.1,171.3) error_x=0.013 yaw_deg=-35.21 height=54.1px height_norm=0.225 margin=31.93 distance=0.26076136061205646
[exp2] phase=continuous_yaw center_error=0.013 raw_yaw_deg=-35.21 calibrated_yaw_deg=-35.21 target_yaw_deg=0.00 yaw_source=calibrated_pnp corner_error_deg=24.65 height_norm=0.225
[exp2] continuous yaw correction direction=left
[tag] backend=pupil_apriltags id=0 center=(164.8,171.5) error_x=0.015 yaw_deg=-35.42 height=54.2px height_norm=0.226 margin=31.75 distance=0.26073457751077017
[exp2] phase=continuous_yaw center_error=0.015 raw_yaw_deg=-35.42 calibrated_yaw_deg=-35.42 target_yaw_deg=0.00 yaw_source=calibrated_pnp corner_error_deg=25.11 height_norm=0.226
[exp2] continuous yaw correction direction=left
[tag] backend=pupil_apriltags id=0 center=(167.2,171.4) error_x=0.022 yaw_deg=-35.5 height=54.2px height_norm=0.226 margin=32.00 distance=0.261281125203451
[exp2] phase=continuous_yaw center_error=0.022 raw_yaw_deg=-35.5 calibrated_yaw_deg=-35.5 target_yaw_deg=0.00 yaw_source=calibrated_pnp corner_error_deg=25.60 height_norm=0.226
[exp2] continuous yaw correction direction=left
[tag] backend=pupil_apriltags id=0 center=(170.1,171.3) error_x=0.032 yaw_deg=-35.78 height=54.1px height_norm=0.225 margin=32.00 distance=0.2614441247482878
[exp2] phase=continuous_yaw center_error=0.032 raw_yaw_deg=-35.78 calibrated_yaw_deg=-35.78 target_yaw_deg=0.00 yaw_source=calibrated_pnp corner_error_deg=25.57 height_norm=0.225
[map] motion direction=left speed=0.15 effective_seconds=0.35501956939697266 pose={'x_m': -0.6512698146345642, 'y_m': 0.8929033369415661, 'heading_rad': 3.1011041129934895}
[base] continuous stop label=exp2_yaw_align elapsed=0.355s
[base] stop
[exp2] continuous x guard preempted yaw error=0.032 limit=0.030; camera_settle_seconds=0.200
[base] stop
[base] stop
[base] stop
[base] stop
[base] stop
[base] stop
[base] stop
[base] stop
[base] stop
[tag] backend=pupil_apriltags id=0 center=(175.3,171.3) error_x=0.048 yaw_deg=-35.45 height=54.2px height_norm=0.226 margin=32.43 distance=0.25930615469972623
[exp2] phase=continuous_center center_error=0.048 raw_yaw_deg=-35.45 calibrated_yaw_deg=-35.45 target_yaw_deg=0.00 yaw_source=calibrated_pnp corner_error_deg=27.10 height_norm=0.226
[base] continuous start label=exp2_center_align direction=backward requested_speed=0.2 effective_speed=0.2
[exp2] continuous center correction direction=backward
[tag] backend=pupil_apriltags id=0 center=(175.4,171.2) error_x=0.048 yaw_deg=-35.42 height=54.0px height_norm=0.225 margin=32.17 distance=0.2600499909849299
[exp2] phase=continuous_center center_error=0.048 raw_yaw_deg=-35.42 calibrated_yaw_deg=-35.42 target_yaw_deg=0.00 yaw_source=calibrated_pnp corner_error_deg=26.80 height_norm=0.225
[exp2] continuous center correction direction=backward
[tag] backend=pupil_apriltags id=0 center=(174.9,171.3) error_x=0.046 yaw_deg=-35.8 height=54.1px height_norm=0.225 margin=32.38 distance=0.2590318863655809
[exp2] phase=continuous_center center_error=0.046 raw_yaw_deg=-35.8 calibrated_yaw_deg=-35.8 target_yaw_deg=0.00 yaw_source=calibrated_pnp corner_error_deg=26.57 height_norm=0.225
[exp2] continuous center correction direction=backward
[tag] backend=pupil_apriltags id=0 center=(173.0,171.4) error_x=0.041 yaw_deg=-35.82 height=54.2px height_norm=0.226 margin=32.20 distance=0.2583466532734443
[exp2] phase=continuous_center center_error=0.041 raw_yaw_deg=-35.82 calibrated_yaw_deg=-35.82 target_yaw_deg=0.00 yaw_source=calibrated_pnp corner_error_deg=26.40 height_norm=0.226
[exp2] continuous center correction direction=backward
[tag] backend=pupil_apriltags id=0 center=(171.2,171.5) error_x=0.035 yaw_deg=-35.12 height=54.2px height_norm=0.226 margin=31.99 distance=0.25804293268595163
[exp2] phase=continuous_center center_error=0.035 raw_yaw_deg=-35.12 calibrated_yaw_deg=-35.12 target_yaw_deg=0.00 yaw_source=calibrated_pnp corner_error_deg=25.77 height_norm=0.226
[exp2] continuous center correction direction=backward
[tag] backend=pupil_apriltags id=0 center=(169.4,171.4) error_x=0.029 yaw_deg=-34.56 height=54.0px height_norm=0.225 margin=31.87 distance=0.2596989027257878
[exp2] phase=continuous_center center_error=0.029 raw_yaw_deg=-34.56 calibrated_yaw_deg=-34.56 target_yaw_deg=0.00 yaw_source=calibrated_pnp corner_error_deg=25.44 height_norm=0.225
[map] motion direction=backward speed=0.2 effective_seconds=0.36253809928894043 pose={'x_m': -0.6517467400568219, 'y_m': 0.9046761688421081, 'heading_rad': 3.1011041129934895}
[base] continuous stop label=exp2_center_align elapsed=0.363s
[base] stop
[exp2] center accepted; switching to yaw after 0.200s
[base] stop
[base] stop
[base] stop
[base] stop
[base] stop
[base] stop
[base] stop
[base] stop
[base] stop
[tag] backend=pupil_apriltags id=0 center=(165.1,171.4) error_x=0.016 yaw_deg=-33.36 height=53.9px height_norm=0.224 margin=31.58 distance=0.2600597526174329
[exp2] phase=continuous_yaw center_error=0.016 raw_yaw_deg=-33.36 calibrated_yaw_deg=-33.36 target_yaw_deg=0.00 yaw_source=calibrated_pnp corner_error_deg=23.26 height_norm=0.224
[base] continuous start label=exp2_yaw_align direction=left requested_speed=0.15 effective_speed=0.15
[exp2] continuous yaw correction direction=left
[tag] backend=pupil_apriltags id=0 center=(165.1,171.4) error_x=0.016 yaw_deg=-33.37 height=53.9px height_norm=0.225 margin=31.66 distance=0.2598985108740035
[exp2] phase=continuous_yaw center_error=0.016 raw_yaw_deg=-33.37 calibrated_yaw_deg=-33.37 target_yaw_deg=0.00 yaw_source=calibrated_pnp corner_error_deg=23.26 height_norm=0.225
[exp2] continuous yaw correction direction=left
[tag] backend=pupil_apriltags id=0 center=(164.9,171.4) error_x=0.015 yaw_deg=-33.16 height=53.9px height_norm=0.224 margin=31.29 distance=0.260078248827457
[exp2] phase=continuous_yaw center_error=0.015 raw_yaw_deg=-33.16 calibrated_yaw_deg=-33.16 target_yaw_deg=0.00 yaw_source=calibrated_pnp corner_error_deg=23.27 height_norm=0.224
[exp2] continuous yaw correction direction=left
[tag] backend=pupil_apriltags id=0 center=(164.8,171.3) error_x=0.015 yaw_deg=-33.0 height=53.7px height_norm=0.224 margin=31.69 distance=0.2613086619627231
[exp2] phase=continuous_yaw center_error=0.015 raw_yaw_deg=-33.0 calibrated_yaw_deg=-33.0 target_yaw_deg=0.00 yaw_source=calibrated_pnp corner_error_deg=22.87 height_norm=0.224
[exp2] continuous yaw correction direction=left
[tag] backend=pupil_apriltags id=0 center=(167.7,171.2) error_x=0.024 yaw_deg=-33.45 height=53.8px height_norm=0.224 margin=31.67 distance=0.2604852908169599
[exp2] phase=continuous_yaw center_error=0.024 raw_yaw_deg=-33.45 calibrated_yaw_deg=-33.45 target_yaw_deg=0.00 yaw_source=calibrated_pnp corner_error_deg=24.45 height_norm=0.224
[exp2] continuous yaw correction direction=left
[tag] backend=pupil_apriltags id=0 center=(170.3,171.2) error_x=0.032 yaw_deg=-33.7 height=53.8px height_norm=0.224 margin=31.81 distance=0.26044308608044536
[exp2] phase=continuous_yaw center_error=0.032 raw_yaw_deg=-33.7 calibrated_yaw_deg=-33.7 target_yaw_deg=0.00 yaw_source=calibrated_pnp corner_error_deg=24.78 height_norm=0.224
[map] motion direction=left speed=0.15 effective_seconds=0.3647332191467285 pose={'x_m': -0.6517467400568219, 'y_m': 0.9046761688421081, 'heading_rad': 3.04601549752274}
[base] continuous stop label=exp2_yaw_align elapsed=0.365s
[base] stop
[exp2] continuous x guard preempted yaw error=0.032 limit=0.030; camera_settle_seconds=0.200
[base] stop
[base] stop
[base] stop
[base] stop
[base] stop
[base] stop
[base] stop
[base] stop
[base] stop
[tag] backend=pupil_apriltags id=0 center=(175.3,171.4) error_x=0.048 yaw_deg=-33.96 height=53.5px height_norm=0.223 margin=32.24 distance=0.25972355637461136
[exp2] phase=continuous_center center_error=0.048 raw_yaw_deg=-33.96 calibrated_yaw_deg=-33.96 target_yaw_deg=0.00 yaw_source=calibrated_pnp corner_error_deg=25.57 height_norm=0.223
[base] continuous start label=exp2_center_align direction=backward requested_speed=0.2 effective_speed=0.2
[exp2] continuous center correction direction=backward
[tag] backend=pupil_apriltags id=0 center=(175.3,171.4) error_x=0.048 yaw_deg=-34.0 height=53.5px height_norm=0.223 margin=31.82 distance=0.2598034161073002
[exp2] phase=continuous_center center_error=0.048 raw_yaw_deg=-34.0 calibrated_yaw_deg=-34.0 target_yaw_deg=0.00 yaw_source=calibrated_pnp corner_error_deg=25.58 height_norm=0.223
[exp2] continuous center correction direction=backward
[tag] backend=pupil_apriltags id=0 center=(175.1,171.3) error_x=0.047 yaw_deg=-34.09 height=53.5px height_norm=0.223 margin=31.83 distance=0.2592261462500973
[exp2] phase=continuous_center center_error=0.047 raw_yaw_deg=-34.09 calibrated_yaw_deg=-34.09 target_yaw_deg=0.00 yaw_source=calibrated_pnp corner_error_deg=25.95 height_norm=0.223
[exp2] continuous center correction direction=backward
[tag] backend=pupil_apriltags id=0 center=(173.2,171.3) error_x=0.041 yaw_deg=-33.68 height=53.4px height_norm=0.222 margin=31.91 distance=0.2597954392614086
[exp2] phase=continuous_center center_error=0.041 raw_yaw_deg=-33.68 calibrated_yaw_deg=-33.68 target_yaw_deg=0.00 yaw_source=calibrated_pnp corner_error_deg=24.75 height_norm=0.222
[exp2] continuous center correction direction=backward
[tag] backend=pupil_apriltags id=0 center=(171.0,171.1) error_x=0.034 yaw_deg=-32.82 height=53.4px height_norm=0.222 margin=31.61 distance=0.260397174012976
[exp2] phase=continuous_center center_error=0.034 raw_yaw_deg=-32.82 calibrated_yaw_deg=-32.82 target_yaw_deg=0.00 yaw_source=calibrated_pnp corner_error_deg=24.28 height_norm=0.222
[exp2] continuous center correction direction=backward
[tag] backend=pupil_apriltags id=0 center=(168.2,171.3) error_x=0.026 yaw_deg=-32.5 height=53.5px height_norm=0.223 margin=31.78 distance=0.258713913615961
[exp2] phase=continuous_center center_error=0.026 raw_yaw_deg=-32.5 calibrated_yaw_deg=-32.5 target_yaw_deg=0.00 yaw_source=calibrated_pnp corner_error_deg=24.06 height_norm=0.223
[map] motion direction=backward speed=0.2 effective_seconds=0.36304736137390137 pose={'x_m': -0.6528727425059637, 'y_m': 0.9164213570305264, 'heading_rad': 3.04601549752274}
[base] continuous stop label=exp2_center_align elapsed=0.363s
[base] stop
[exp2] center accepted; switching to yaw after 0.200s
[base] stop
[base] stop
[base] stop
[base] stop
[base] stop
[base] stop
[base] stop
[base] stop
[base] stop
[tag] backend=pupil_apriltags id=0 center=(164.4,171.3) error_x=0.014 yaw_deg=-31.22 height=53.1px height_norm=0.221 margin=30.99 distance=0.261004874088197
[exp2] phase=continuous_yaw center_error=0.014 raw_yaw_deg=-31.22 calibrated_yaw_deg=-31.22 target_yaw_deg=0.00 yaw_source=calibrated_pnp corner_error_deg=21.68 height_norm=0.221
[base] continuous start label=exp2_yaw_align direction=left requested_speed=0.15 effective_speed=0.15
[exp2] continuous yaw correction direction=left
[tag] backend=pupil_apriltags id=0 center=(164.4,171.3) error_x=0.014 yaw_deg=-31.21 height=53.1px height_norm=0.221 margin=31.37 distance=0.2610832249019663
[exp2] phase=continuous_yaw center_error=0.014 raw_yaw_deg=-31.21 calibrated_yaw_deg=-31.21 target_yaw_deg=0.00 yaw_source=calibrated_pnp corner_error_deg=21.61 height_norm=0.221
[exp2] continuous yaw correction direction=left
[tag] backend=pupil_apriltags id=0 center=(164.4,171.3) error_x=0.014 yaw_deg=-31.22 height=53.1px height_norm=0.221 margin=31.12 distance=0.2609495471064207
[exp2] phase=continuous_yaw center_error=0.014 raw_yaw_deg=-31.22 calibrated_yaw_deg=-31.22 target_yaw_deg=0.00 yaw_source=calibrated_pnp corner_error_deg=21.56 height_norm=0.221
[exp2] continuous yaw correction direction=left
[tag] backend=pupil_apriltags id=0 center=(165.8,171.2) error_x=0.018 yaw_deg=-31.68 height=53.4px height_norm=0.222 margin=31.35 distance=0.25997366710258635
[exp2] phase=continuous_yaw center_error=0.018 raw_yaw_deg=-31.68 calibrated_yaw_deg=-31.68 target_yaw_deg=0.00 yaw_source=calibrated_pnp corner_error_deg=22.80 height_norm=0.222
[exp2] continuous yaw correction direction=left
[tag] backend=pupil_apriltags id=0 center=(168.2,171.1) error_x=0.026 yaw_deg=-31.12 height=53.0px height_norm=0.221 margin=31.09 distance=0.26086600593514925
[exp2] phase=continuous_yaw center_error=0.026 raw_yaw_deg=-31.12 calibrated_yaw_deg=-31.12 target_yaw_deg=0.00 yaw_source=calibrated_pnp corner_error_deg=22.77 height_norm=0.221
[exp2] continuous yaw correction direction=left
[tag] backend=pupil_apriltags id=0 center=(170.5,170.9) error_x=0.033 yaw_deg=-31.33 height=52.9px height_norm=0.220 margin=31.68 distance=0.2614192925054294
[exp2] phase=continuous_yaw center_error=0.033 raw_yaw_deg=-31.33 calibrated_yaw_deg=-31.33 target_yaw_deg=0.00 yaw_source=calibrated_pnp corner_error_deg=23.25 height_norm=0.220
[map] motion direction=left speed=0.15 effective_seconds=0.37911105155944824 pose={'x_m': -0.6528727425059637, 'y_m': 0.9164213570305264, 'heading_rad': 2.9887552814422627}
[base] continuous stop label=exp2_yaw_align elapsed=0.379s
[base] stop
[exp2] continuous x guard preempted yaw error=0.033 limit=0.030; camera_settle_seconds=0.200
[base] stop
[base] stop
[base] stop
[base] stop
[base] stop
[base] stop
[base] stop
[base] stop
[base] stop
[tag] backend=pupil_apriltags id=0 center=(175.4,170.5) error_x=0.048 yaw_deg=-31.72 height=52.5px height_norm=0.219 margin=31.96 distance=0.2616176806444603
[exp2] phase=continuous_center center_error=0.048 raw_yaw_deg=-31.72 calibrated_yaw_deg=-31.72 target_yaw_deg=0.00 yaw_source=calibrated_pnp corner_error_deg=23.58 height_norm=0.219
[base] continuous start label=exp2_center_align direction=backward requested_speed=0.2 effective_speed=0.2
[exp2] continuous center correction direction=backward
[tag] backend=pupil_apriltags id=0 center=(175.4,170.5) error_x=0.048 yaw_deg=-31.71 height=52.5px height_norm=0.219 margin=31.62 distance=0.26162000563079846
[exp2] phase=continuous_center center_error=0.048 raw_yaw_deg=-31.71 calibrated_yaw_deg=-31.71 target_yaw_deg=0.00 yaw_source=calibrated_pnp corner_error_deg=23.74 height_norm=0.219
[exp2] continuous center correction direction=backward
[tag] backend=pupil_apriltags id=0 center=(174.9,170.4) error_x=0.047 yaw_deg=-31.31 height=52.6px height_norm=0.219 margin=31.54 distance=0.26119953772491084
[exp2] phase=continuous_center center_error=0.047 raw_yaw_deg=-31.31 calibrated_yaw_deg=-31.31 target_yaw_deg=0.00 yaw_source=calibrated_pnp corner_error_deg=23.82 height_norm=0.219
[exp2] continuous center correction direction=backward
[tag] backend=pupil_apriltags id=0 center=(173.6,170.5) error_x=0.043 yaw_deg=-31.59 height=52.6px height_norm=0.219 margin=31.35 distance=0.26049076054452386
[exp2] phase=continuous_center center_error=0.043 raw_yaw_deg=-31.59 calibrated_yaw_deg=-31.59 target_yaw_deg=0.00 yaw_source=calibrated_pnp corner_error_deg=23.61 height_norm=0.219
[exp2] continuous center correction direction=backward
[tag] backend=pupil_apriltags id=0 center=(171.8,170.4) error_x=0.037 yaw_deg=-31.33 height=52.6px height_norm=0.219 margin=31.33 distance=0.25979679085132207
[exp2] phase=continuous_center center_error=0.037 raw_yaw_deg=-31.33 calibrated_yaw_deg=-31.33 target_yaw_deg=0.00 yaw_source=calibrated_pnp corner_error_deg=23.30 height_norm=0.219
[exp2] continuous center correction direction=backward
[tag] backend=pupil_apriltags id=0 center=(168.3,170.6) error_x=0.026 yaw_deg=-30.0 height=52.4px height_norm=0.218 margin=31.22 distance=0.2608120534105916
[exp2] phase=continuous_center center_error=0.026 raw_yaw_deg=-30.0 calibrated_yaw_deg=-30.0 target_yaw_deg=0.00 yaw_source=calibrated_pnp corner_error_deg=22.27 height_norm=0.218
[map] motion direction=backward speed=0.2 effective_seconds=0.3821597099304199 pose={'x_m': -0.6547636300598303, 'y_m': 0.9286967665194916, 'heading_rad': 2.9887552814422627}
[base] continuous stop label=exp2_center_align elapsed=0.382s
[base] stop
[exp2] center accepted; switching to yaw after 0.200s
[base] stop
[base] stop
[base] stop
[base] stop
[base] stop
[base] stop
[base] stop
[base] stop
[base] stop
[tag] backend=pupil_apriltags id=0 center=(165.2,170.5) error_x=0.016 yaw_deg=-29.69 height=52.3px height_norm=0.218 margin=31.17 distance=0.26104636405951476
[exp2] phase=continuous_yaw center_error=0.016 raw_yaw_deg=-29.69 calibrated_yaw_deg=-29.69 target_yaw_deg=0.00 yaw_source=calibrated_pnp corner_error_deg=21.45 height_norm=0.218
[base] continuous start label=exp2_yaw_align direction=left requested_speed=0.15 effective_speed=0.15
[exp2] continuous yaw correction direction=left
[tag] backend=pupil_apriltags id=0 center=(165.3,170.5) error_x=0.016 yaw_deg=-29.8 height=52.3px height_norm=0.218 margin=31.00 distance=0.26091906073075777
[exp2] phase=continuous_yaw center_error=0.016 raw_yaw_deg=-29.8 calibrated_yaw_deg=-29.8 target_yaw_deg=0.00 yaw_source=calibrated_pnp corner_error_deg=21.52 height_norm=0.218
[exp2] continuous yaw correction direction=left
[tag] backend=pupil_apriltags id=0 center=(165.0,170.5) error_x=0.016 yaw_deg=-29.63 height=52.2px height_norm=0.217 margin=30.99 distance=0.26142765726855255
[exp2] phase=continuous_yaw center_error=0.016 raw_yaw_deg=-29.63 calibrated_yaw_deg=-29.63 target_yaw_deg=0.00 yaw_source=calibrated_pnp corner_error_deg=21.02 height_norm=0.217
[exp2] continuous yaw correction direction=left
[tag] backend=pupil_apriltags id=0 center=(164.6,170.5) error_x=0.014 yaw_deg=-29.13 height=52.2px height_norm=0.218 margin=30.74 distance=0.26223158603695346
[exp2] phase=continuous_yaw center_error=0.014 raw_yaw_deg=-29.13 calibrated_yaw_deg=-29.13 target_yaw_deg=0.00 yaw_source=calibrated_pnp corner_error_deg=20.57 height_norm=0.218
[exp2] continuous yaw correction direction=left
[tag] backend=pupil_apriltags id=0 center=(167.4,170.4) error_x=0.023 yaw_deg=-29.25 height=52.2px height_norm=0.217 margin=31.19 distance=0.26149017128413893
[exp2] phase=continuous_yaw center_error=0.023 raw_yaw_deg=-29.25 calibrated_yaw_deg=-29.25 target_yaw_deg=0.00 yaw_source=calibrated_pnp corner_error_deg=21.71 height_norm=0.217
[exp2] continuous yaw correction direction=left
[tag] backend=pupil_apriltags id=0 center=(171.1,170.5) error_x=0.035 yaw_deg=-29.44 height=52.1px height_norm=0.217 margin=31.24 distance=0.2616608232369253
[exp2] phase=continuous_yaw center_error=0.035 raw_yaw_deg=-29.44 calibrated_yaw_deg=-29.44 target_yaw_deg=0.00 yaw_source=calibrated_pnp corner_error_deg=22.24 height_norm=0.217
[map] motion direction=left speed=0.15 effective_seconds=0.38565635681152344 pose={'x_m': -0.6547636300598303, 'y_m': 0.9286967665194916, 'heading_rad': 2.9305064748379657}
[base] continuous stop label=exp2_yaw_align elapsed=0.386s
[base] stop
[exp2] continuous x guard preempted yaw error=0.035 limit=0.030; camera_settle_seconds=0.200
[base] stop
[base] stop
[base] stop
[base] stop
[base] stop
[base] stop
[base] stop
[base] stop
[base] stop
[tag] backend=pupil_apriltags id=0 center=(175.2,170.6) error_x=0.047 yaw_deg=-29.61 height=52.1px height_norm=0.217 margin=31.25 distance=0.25967578949117753
[exp2] phase=continuous_center center_error=0.047 raw_yaw_deg=-29.61 calibrated_yaw_deg=-29.61 target_yaw_deg=0.00 yaw_source=calibrated_pnp corner_error_deg=22.60 height_norm=0.217
[base] continuous start label=exp2_center_align direction=backward requested_speed=0.2 effective_speed=0.2
[exp2] continuous center correction direction=backward
[tag] backend=pupil_apriltags id=0 center=(175.2,170.6) error_x=0.047 yaw_deg=-29.47 height=52.1px height_norm=0.217 margin=31.39 distance=0.26000830308934614
[exp2] phase=continuous_center center_error=0.047 raw_yaw_deg=-29.47 calibrated_yaw_deg=-29.47 target_yaw_deg=0.00 yaw_source=calibrated_pnp corner_error_deg=22.45 height_norm=0.217
[exp2] continuous center correction direction=backward
[tag] backend=pupil_apriltags id=0 center=(174.4,170.5) error_x=0.045 yaw_deg=-29.32 height=52.1px height_norm=0.217 margin=31.24 distance=0.2596424691947049
[exp2] phase=continuous_center center_error=0.045 raw_yaw_deg=-29.32 calibrated_yaw_deg=-29.32 target_yaw_deg=0.00 yaw_source=calibrated_pnp corner_error_deg=22.61 height_norm=0.217
[exp2] continuous center correction direction=backward
[tag] backend=pupil_apriltags id=0 center=(172.5,170.5) error_x=0.039 yaw_deg=-29.37 height=52.1px height_norm=0.217 margin=30.76 distance=0.2593799809630011
[exp2] phase=continuous_center center_error=0.039 raw_yaw_deg=-29.37 calibrated_yaw_deg=-29.37 target_yaw_deg=0.00 yaw_source=calibrated_pnp corner_error_deg=22.35 height_norm=0.217
[exp2] continuous center correction direction=backward
[tag] backend=pupil_apriltags id=0 center=(170.6,170.5) error_x=0.033 yaw_deg=-29.01 height=52.2px height_norm=0.217 margin=30.80 distance=0.25893490216033843
[exp2] phase=continuous_center center_error=0.033 raw_yaw_deg=-29.01 calibrated_yaw_deg=-29.01 target_yaw_deg=0.00 yaw_source=calibrated_pnp corner_error_deg=22.01 height_norm=0.217
[exp2] continuous center correction direction=backward
[tag] backend=pupil_apriltags id=0 center=(168.7,170.5) error_x=0.027 yaw_deg=-28.55 height=52.0px height_norm=0.217 margin=30.47 distance=0.2592830656682531
[exp2] phase=continuous_center center_error=0.027 raw_yaw_deg=-28.55 calibrated_yaw_deg=-28.55 target_yaw_deg=0.00 yaw_source=calibrated_pnp corner_error_deg=21.55 height_norm=0.217
[map] motion direction=backward speed=0.2 effective_seconds=0.3763308525085449 pose={'x_m': -0.6573262429666816, 'y_m': 0.9406560443763639, 'heading_rad': 2.9305064748379657}
[base] continuous stop label=exp2_center_align elapsed=0.376s
[base] stop
[exp2] center accepted; switching to yaw after 0.200s
[base] stop
[base] stop
[base] stop
[base] stop
[base] stop
[base] stop
[base] stop
[base] stop
[base] stop
[tag] backend=pupil_apriltags id=0 center=(163.9,170.3) error_x=0.012 yaw_deg=-26.45 height=51.6px height_norm=0.215 margin=30.59 distance=0.2622455485718107
[exp2] phase=continuous_yaw center_error=0.012 raw_yaw_deg=-26.45 calibrated_yaw_deg=-26.45 target_yaw_deg=0.00 yaw_source=calibrated_pnp corner_error_deg=19.67 height_norm=0.215
[base] continuous start label=exp2_yaw_align direction=left requested_speed=0.15 effective_speed=0.15
[exp2] continuous yaw correction direction=left
[tag] backend=pupil_apriltags id=0 center=(163.9,170.3) error_x=0.012 yaw_deg=-26.47 height=51.6px height_norm=0.215 margin=30.46 distance=0.2620822937492117
[exp2] phase=continuous_yaw center_error=0.012 raw_yaw_deg=-26.47 calibrated_yaw_deg=-26.47 target_yaw_deg=0.00 yaw_source=calibrated_pnp corner_error_deg=19.69 height_norm=0.215
[exp2] continuous yaw correction direction=left
[tag] backend=pupil_apriltags id=0 center=(163.8,170.3) error_x=0.012 yaw_deg=-26.18 height=51.5px height_norm=0.214 margin=30.28 distance=0.2625394931134842
[exp2] phase=continuous_yaw center_error=0.012 raw_yaw_deg=-26.18 calibrated_yaw_deg=-26.18 target_yaw_deg=0.00 yaw_source=calibrated_pnp corner_error_deg=19.35 height_norm=0.214
[exp2] continuous yaw correction direction=left
[tag] backend=pupil_apriltags id=0 center=(165.4,170.2) error_x=0.017 yaw_deg=-27.18 height=51.3px height_norm=0.214 margin=30.28 distance=0.2623441951185933
[exp2] phase=continuous_yaw center_error=0.017 raw_yaw_deg=-27.18 calibrated_yaw_deg=-27.18 target_yaw_deg=0.00 yaw_source=calibrated_pnp corner_error_deg=19.40 height_norm=0.214
[exp2] continuous yaw correction direction=left
[tag] backend=pupil_apriltags id=0 center=(168.8,170.1) error_x=0.028 yaw_deg=-26.92 height=51.3px height_norm=0.214 margin=30.14 distance=0.2614239036195706
[exp2] phase=continuous_yaw center_error=0.028 raw_yaw_deg=-26.92 calibrated_yaw_deg=-26.92 target_yaw_deg=0.00 yaw_source=calibrated_pnp corner_error_deg=20.52 height_norm=0.214
[exp2] continuous yaw correction direction=left
[tag] backend=pupil_apriltags id=0 center=(171.0,170.0) error_x=0.034 yaw_deg=-27.08 height=51.3px height_norm=0.214 margin=30.18 distance=0.26135286727728146
[exp2] phase=continuous_yaw center_error=0.034 raw_yaw_deg=-27.08 calibrated_yaw_deg=-27.08 target_yaw_deg=0.00 yaw_source=calibrated_pnp corner_error_deg=20.81 height_norm=0.214
[map] motion direction=left speed=0.15 effective_seconds=0.40342259407043457 pose={'x_m': -0.6573262429666816, 'y_m': 0.9406560443763639, 'heading_rad': 2.869574289365663}
[base] continuous stop label=exp2_yaw_align elapsed=0.403s
[base] stop
[exp2] continuous x guard preempted yaw error=0.034 limit=0.030; camera_settle_seconds=0.200
[base] stop
[base] stop
[base] stop
[base] stop
[base] stop
[base] stop
[base] stop
[base] stop
[base] stop
[tag] backend=pupil_apriltags id=0 center=(175.5,170.0) error_x=0.049 yaw_deg=-27.0 height=51.1px height_norm=0.213 margin=30.53 distance=0.26240239485195255
[exp2] phase=continuous_center center_error=0.049 raw_yaw_deg=-27.0 calibrated_yaw_deg=-27.0 target_yaw_deg=0.00 yaw_source=calibrated_pnp corner_error_deg=20.81 height_norm=0.213
[base] continuous start label=exp2_center_align direction=backward requested_speed=0.2 effective_speed=0.2
[exp2] continuous center correction direction=backward
[tag] backend=pupil_apriltags id=0 center=(175.5,170.0) error_x=0.049 yaw_deg=-26.91 height=51.1px height_norm=0.213 margin=30.64 distance=0.2624596157096189
[exp2] phase=continuous_center center_error=0.049 raw_yaw_deg=-26.91 calibrated_yaw_deg=-26.91 target_yaw_deg=0.00 yaw_source=calibrated_pnp corner_error_deg=20.70 height_norm=0.213
[exp2] continuous center correction direction=backward
[tag] backend=pupil_apriltags id=0 center=(175.4,170.0) error_x=0.048 yaw_deg=-27.58 height=51.1px height_norm=0.213 margin=30.43 distance=0.2612753340221843
[exp2] phase=continuous_center center_error=0.048 raw_yaw_deg=-27.58 calibrated_yaw_deg=-27.58 target_yaw_deg=0.00 yaw_source=calibrated_pnp corner_error_deg=20.78 height_norm=0.213
[exp2] continuous center correction direction=backward
[tag] backend=pupil_apriltags id=0 center=(173.7,170.0) error_x=0.043 yaw_deg=-27.56 height=51.2px height_norm=0.213 margin=30.49 distance=0.25941032866028424
[exp2] phase=continuous_center center_error=0.043 raw_yaw_deg=-27.56 calibrated_yaw_deg=-27.56 target_yaw_deg=0.00 yaw_source=calibrated_pnp corner_error_deg=21.46 height_norm=0.213
[exp2] continuous center correction direction=backward
[tag] backend=pupil_apriltags id=0 center=(172.3,169.7) error_x=0.038 yaw_deg=-26.18 height=50.5px height_norm=0.211 margin=30.96 distance=0.26295254432272347
[exp2] phase=continuous_center center_error=0.038 raw_yaw_deg=-26.18 calibrated_yaw_deg=-26.18 target_yaw_deg=0.00 yaw_source=calibrated_pnp corner_error_deg=19.82 height_norm=0.211
[exp2] continuous center correction direction=backward
[tag] backend=pupil_apriltags id=0 center=(170.1,169.7) error_x=0.031 yaw_deg=-26.38 height=50.7px height_norm=0.211 margin=29.83 distance=0.2622520450992753
[exp2] phase=continuous_center center_error=0.031 raw_yaw_deg=-26.38 calibrated_yaw_deg=-26.38 target_yaw_deg=0.00 yaw_source=calibrated_pnp corner_error_deg=19.44 height_norm=0.211
[exp2] continuous center correction direction=backward
[tag] backend=pupil_apriltags id=0 center=(165.3,170.0) error_x=0.016 yaw_deg=-25.46 height=51.2px height_norm=0.213 margin=29.91 distance=0.26130408034358416
[exp2] phase=continuous_center center_error=0.016 raw_yaw_deg=-25.46 calibrated_yaw_deg=-25.46 target_yaw_deg=0.00 yaw_source=calibrated_pnp corner_error_deg=19.15 height_norm=0.213
[map] motion direction=backward speed=0.2 effective_seconds=0.4447667598724365 pose={'x_m': -0.6612099348899384, 'y_m': 0.9545794649495859, 'heading_rad': 2.869574289365663}
[base] continuous stop label=exp2_center_align elapsed=0.445s
[base] stop
[exp2] center accepted; switching to yaw after 0.200s
[base] stop
[base] stop
[base] stop
[base] stop
[base] stop
[base] stop
[base] stop
[base] stop
[base] stop
[tag] backend=pupil_apriltags id=0 center=(164.5,169.4) error_x=0.014 yaw_deg=-25.39 height=50.0px height_norm=0.208 margin=30.63 distance=0.2677905560767875
[exp2] phase=continuous_yaw center_error=0.014 raw_yaw_deg=-25.39 calibrated_yaw_deg=-25.39 target_yaw_deg=0.00 yaw_source=calibrated_pnp corner_error_deg=17.42 height_norm=0.208
[base] continuous start label=exp2_yaw_align direction=left requested_speed=0.15 effective_speed=0.15
[exp2] continuous yaw correction direction=left
[tag] backend=pupil_apriltags id=0 center=(164.6,169.2) error_x=0.014 yaw_deg=-24.79 height=50.5px height_norm=0.210 margin=30.77 distance=0.26542260670391044
[exp2] phase=continuous_yaw center_error=0.014 raw_yaw_deg=-24.79 calibrated_yaw_deg=-24.79 target_yaw_deg=0.00 yaw_source=calibrated_pnp corner_error_deg=17.79 height_norm=0.210
[exp2] continuous yaw correction direction=left
[tag] backend=pupil_apriltags id=0 center=(160.8,169.7) error_x=0.003 yaw_deg=-23.81 height=52.3px height_norm=0.218 margin=30.87 distance=0.26186091454419175
[exp2] phase=continuous_yaw center_error=0.003 raw_yaw_deg=-23.81 calibrated_yaw_deg=-23.81 target_yaw_deg=0.00 yaw_source=calibrated_pnp corner_error_deg=17.93 height_norm=0.218
[exp2] continuous yaw correction direction=left
[tag] backend=pupil_apriltags id=0 center=(160.8,169.7) error_x=0.002 yaw_deg=-22.91 height=52.5px height_norm=0.219 margin=31.50 distance=0.26232472948666846
[exp2] phase=continuous_yaw center_error=0.002 raw_yaw_deg=-22.91 calibrated_yaw_deg=-22.91 target_yaw_deg=0.00 yaw_source=calibrated_pnp corner_error_deg=17.17 height_norm=0.219
[exp2] continuous yaw correction direction=left
[tag] backend=pupil_apriltags id=0 center=(164.8,169.3) error_x=0.015 yaw_deg=-23.82 height=51.6px height_norm=0.215 margin=31.67 distance=0.26503660839340554
[exp2] phase=continuous_yaw center_error=0.015 raw_yaw_deg=-23.82 calibrated_yaw_deg=-23.82 target_yaw_deg=0.00 yaw_source=calibrated_pnp corner_error_deg=17.10 height_norm=0.215
[exp2] continuous yaw correction direction=left
[tag] backend=pupil_apriltags id=0 center=(170.7,168.8) error_x=0.033 yaw_deg=-24.66 height=49.6px height_norm=0.207 margin=31.89 distance=0.2679276218929742
[exp2] phase=continuous_yaw center_error=0.033 raw_yaw_deg=-24.66 calibrated_yaw_deg=-24.66 target_yaw_deg=0.00 yaw_source=calibrated_pnp corner_error_deg=18.31 height_norm=0.207
[map] motion direction=left speed=0.15 effective_seconds=0.38463807106018066 pose={'x_m': -0.6612099348899384, 'y_m': 0.9545794649495859, 'heading_rad': 2.8114792827150046}
[base] continuous stop label=exp2_yaw_align elapsed=0.385s
[base] stop
[exp2] continuous x guard preempted yaw error=0.033 limit=0.030; camera_settle_seconds=0.200
[base] stop
[base] stop
[base] stop
[base] stop
[base] stop
[base] stop
[base] stop
[base] stop
[base] stop
[tag] backend=pupil_apriltags id=0 center=(174.2,168.8) error_x=0.044 yaw_deg=-24.44 height=50.8px height_norm=0.212 margin=30.58 distance=0.2643960340151169
[exp2] phase=continuous_center center_error=0.044 raw_yaw_deg=-24.44 calibrated_yaw_deg=-24.44 target_yaw_deg=0.00 yaw_source=calibrated_pnp corner_error_deg=18.53 height_norm=0.212
[base] continuous start label=exp2_center_align direction=backward requested_speed=0.2 effective_speed=0.2
[exp2] continuous center correction direction=backward
[tag] backend=pupil_apriltags id=0 center=(177.1,168.5) error_x=0.054 yaw_deg=-24.88 height=49.2px height_norm=0.205 margin=30.27 distance=0.26685814911196026
[exp2] phase=continuous_center center_error=0.054 raw_yaw_deg=-24.88 calibrated_yaw_deg=-24.88 target_yaw_deg=0.00 yaw_source=calibrated_pnp corner_error_deg=19.29 height_norm=0.205
[exp2] continuous center correction direction=backward
[tag] backend=pupil_apriltags id=0 center=(175.0,168.9) error_x=0.047 yaw_deg=-24.77 height=50.0px height_norm=0.208 margin=29.12 distance=0.2653226812040073
[exp2] phase=continuous_center center_error=0.047 raw_yaw_deg=-24.77 calibrated_yaw_deg=-24.77 target_yaw_deg=0.00 yaw_source=calibrated_pnp corner_error_deg=18.78 height_norm=0.208
[exp2] continuous center correction direction=backward
[tag] backend=pupil_apriltags id=0 center=(171.6,169.2) error_x=0.036 yaw_deg=-24.03 height=50.8px height_norm=0.212 margin=29.43 distance=0.2634955480018678
[exp2] phase=continuous_center center_error=0.036 raw_yaw_deg=-24.03 calibrated_yaw_deg=-24.03 target_yaw_deg=0.00 yaw_source=calibrated_pnp corner_error_deg=18.72 height_norm=0.212
[exp2] continuous center correction direction=backward
[tag] backend=pupil_apriltags id=0 center=(169.5,169.1) error_x=0.030 yaw_deg=-23.21 height=50.7px height_norm=0.211 margin=29.21 distance=0.26349878485736083
[exp2] phase=continuous_center center_error=0.030 raw_yaw_deg=-23.21 calibrated_yaw_deg=-23.21 target_yaw_deg=0.00 yaw_source=calibrated_pnp corner_error_deg=18.24 height_norm=0.211
[map] motion direction=backward speed=0.2 effective_seconds=0.31481146812438965 pose={'x_m': -0.664526437219573, 'y_m': 0.9642584008369232, 'heading_rad': 2.8114792827150046}
[base] continuous stop label=exp2_center_align elapsed=0.315s
[base] stop
[exp2] center accepted; switching to yaw after 0.200s
[base] stop
[base] stop
[base] stop
[base] stop
[base] stop
[base] stop
[base] stop
[base] stop
[base] stop
[tag] backend=pupil_apriltags id=0 center=(165.4,168.9) error_x=0.017 yaw_deg=-22.74 height=50.3px height_norm=0.210 margin=29.54 distance=0.26321321803351405
[exp2] phase=continuous_yaw center_error=0.017 raw_yaw_deg=-22.74 calibrated_yaw_deg=-22.74 target_yaw_deg=0.00 yaw_source=calibrated_pnp corner_error_deg=17.28 height_norm=0.210
[base] continuous start label=exp2_yaw_align direction=left requested_speed=0.15 effective_speed=0.15
[exp2] continuous yaw correction direction=left
[tag] backend=pupil_apriltags id=0 center=(166.3,168.7) error_x=0.020 yaw_deg=-22.47 height=49.7px height_norm=0.207 margin=29.57 distance=0.26406972289042396
[exp2] phase=continuous_yaw center_error=0.020 raw_yaw_deg=-22.47 calibrated_yaw_deg=-22.47 target_yaw_deg=0.00 yaw_source=calibrated_pnp corner_error_deg=17.13 height_norm=0.207
[exp2] continuous yaw correction direction=left
[tag] backend=pupil_apriltags id=0 center=(169.2,168.6) error_x=0.029 yaw_deg=-23.75 height=48.8px height_norm=0.203 margin=28.90 distance=0.26383960579296933
[exp2] phase=continuous_yaw center_error=0.029 raw_yaw_deg=-23.75 calibrated_yaw_deg=-23.75 target_yaw_deg=0.00 yaw_source=calibrated_pnp corner_error_deg=18.23 height_norm=0.203
[exp2] continuous yaw correction direction=left
[tag] backend=pupil_apriltags id=0 center=(169.6,168.7) error_x=0.030 yaw_deg=-21.96 height=49.1px height_norm=0.204 margin=29.18 distance=0.2655548956580803
[exp2] phase=continuous_yaw center_error=0.030 raw_yaw_deg=-21.96 calibrated_yaw_deg=-21.96 target_yaw_deg=0.00 yaw_source=calibrated_pnp corner_error_deg=17.67 height_norm=0.204
[map] motion direction=left speed=0.15 effective_seconds=0.24692583084106445 pose={'x_m': -0.664526437219573, 'y_m': 0.9642584008369232, 'heading_rad': 2.774184072323086}
[base] continuous stop label=exp2_yaw_align elapsed=0.247s
[base] stop
[exp2] continuous x guard preempted yaw error=0.030 limit=0.030; camera_settle_seconds=0.200
[base] stop
[base] stop
[base] stop
[base] stop
[base] stop
[base] stop
[base] stop
[base] stop
[base] stop
[tag] backend=pupil_apriltags id=0 center=(175.4,168.7) error_x=0.048 yaw_deg=-22.67 height=48.9px height_norm=0.204 margin=28.85 distance=0.2635621462529835
[exp2] phase=continuous_center center_error=0.048 raw_yaw_deg=-22.67 calibrated_yaw_deg=-22.67 target_yaw_deg=0.00 yaw_source=calibrated_pnp corner_error_deg=18.07 height_norm=0.204
[base] continuous start label=exp2_center_align direction=backward requested_speed=0.2 effective_speed=0.2
[exp2] continuous center correction direction=backward
[tag] backend=pupil_apriltags id=0 center=(173.9,168.8) error_x=0.044 yaw_deg=-22.58 height=49.4px height_norm=0.206 margin=29.43 distance=0.2648056057080078
[exp2] phase=continuous_center center_error=0.044 raw_yaw_deg=-22.58 calibrated_yaw_deg=-22.58 target_yaw_deg=0.00 yaw_source=calibrated_pnp corner_error_deg=18.12 height_norm=0.206
[exp2] continuous center correction direction=backward
[tag] backend=pupil_apriltags id=0 center=(173.5,168.9) error_x=0.042 yaw_deg=-22.34 height=49.5px height_norm=0.206 margin=29.26 distance=0.26379191799739216
[exp2] phase=continuous_center center_error=0.042 raw_yaw_deg=-22.34 calibrated_yaw_deg=-22.34 target_yaw_deg=0.00 yaw_source=calibrated_pnp corner_error_deg=18.37 height_norm=0.206
[exp2] continuous center correction direction=backward
[tag] backend=pupil_apriltags id=0 center=(172.5,168.6) error_x=0.039 yaw_deg=-22.35 height=48.7px height_norm=0.203 margin=28.87 distance=0.26467985027439855
[exp2] phase=continuous_center center_error=0.039 raw_yaw_deg=-22.35 calibrated_yaw_deg=-22.35 target_yaw_deg=0.00 yaw_source=calibrated_pnp corner_error_deg=18.54 height_norm=0.203
[exp2] continuous center correction direction=backward
[tag] backend=pupil_apriltags id=0 center=(169.8,168.7) error_x=0.031 yaw_deg=-22.18 height=49.0px height_norm=0.204 margin=28.75 distance=0.2639286636718646
[exp2] phase=continuous_center center_error=0.031 raw_yaw_deg=-22.18 calibrated_yaw_deg=-22.18 target_yaw_deg=0.00 yaw_source=calibrated_pnp corner_error_deg=17.72 height_norm=0.204
[exp2] continuous center correction direction=backward
[tag] backend=pupil_apriltags id=0 center=(166.3,168.8) error_x=0.020 yaw_deg=-21.58 height=49.0px height_norm=0.204 margin=29.24 distance=0.2641224585457576
[exp2] phase=continuous_center center_error=0.020 raw_yaw_deg=-21.58 calibrated_yaw_deg=-21.58 target_yaw_deg=0.00 yaw_source=calibrated_pnp corner_error_deg=16.63 height_norm=0.204
[map] motion direction=backward speed=0.2 effective_seconds=0.4099540710449219 pose={'x_m': -0.6693122166618066, 'y_m': 0.9766927147360575, 'heading_rad': 2.774184072323086}
[base] continuous stop label=exp2_center_align elapsed=0.410s
[base] stop
[exp2] center accepted; switching to yaw after 0.200s
[base] stop
[base] stop
[base] stop
[base] stop
[base] stop
[base] stop
[base] stop
[base] stop
[base] stop
[tag] backend=pupil_apriltags id=0 center=(162.1,168.8) error_x=0.007 yaw_deg=-19.99 height=48.9px height_norm=0.204 margin=29.11 distance=0.2640441761759698
[exp2] phase=continuous_yaw center_error=0.007 raw_yaw_deg=-19.99 calibrated_yaw_deg=-19.99 target_yaw_deg=0.00 yaw_source=calibrated_pnp corner_error_deg=15.30 height_norm=0.204
[base] continuous start label=exp2_yaw_align direction=left requested_speed=0.15 effective_speed=0.15
[exp2] continuous yaw correction direction=left
[tag] backend=pupil_apriltags id=0 center=(162.4,168.7) error_x=0.007 yaw_deg=-19.9 height=48.6px height_norm=0.203 margin=28.79 distance=0.2648758146902564
[exp2] phase=continuous_yaw center_error=0.007 raw_yaw_deg=-19.9 calibrated_yaw_deg=-19.9 target_yaw_deg=0.00 yaw_source=calibrated_pnp corner_error_deg=14.91 height_norm=0.203
[exp2] continuous yaw correction direction=left
[tag] backend=pupil_apriltags id=0 center=(161.9,168.7) error_x=0.006 yaw_deg=-19.34 height=48.8px height_norm=0.203 margin=29.36 distance=0.2645528722647167
[exp2] phase=continuous_yaw center_error=0.006 raw_yaw_deg=-19.34 calibrated_yaw_deg=-19.34 target_yaw_deg=0.00 yaw_source=calibrated_pnp corner_error_deg=14.86 height_norm=0.203
[exp2] continuous yaw correction direction=left
[tag] backend=pupil_apriltags id=0 center=(163.5,168.6) error_x=0.011 yaw_deg=-19.9 height=48.6px height_norm=0.203 margin=29.15 distance=0.26609039855396543
[exp2] phase=continuous_yaw center_error=0.011 raw_yaw_deg=-19.9 calibrated_yaw_deg=-19.9 target_yaw_deg=0.00 yaw_source=calibrated_pnp corner_error_deg=15.09 height_norm=0.203
[exp2] continuous yaw correction direction=left
[tag] backend=pupil_apriltags id=0 center=(166.9,168.7) error_x=0.022 yaw_deg=-20.3 height=48.8px height_norm=0.203 margin=29.07 distance=0.26431875389883
[exp2] phase=continuous_yaw center_error=0.022 raw_yaw_deg=-20.3 calibrated_yaw_deg=-20.3 target_yaw_deg=0.00 yaw_source=calibrated_pnp corner_error_deg=15.94 height_norm=0.203
[exp2] continuous yaw correction direction=left
[tag] backend=pupil_apriltags id=0 center=(169.2,168.6) error_x=0.029 yaw_deg=-20.49 height=48.6px height_norm=0.203 margin=29.13 distance=0.2645734702006718
[exp2] phase=continuous_yaw center_error=0.029 raw_yaw_deg=-20.49 calibrated_yaw_deg=-20.49 target_yaw_deg=0.00 yaw_source=calibrated_pnp corner_error_deg=16.32 height_norm=0.203
[exp2] continuous yaw correction direction=left
[tag] backend=pupil_apriltags id=0 center=(171.8,168.6) error_x=0.037 yaw_deg=-20.63 height=48.6px height_norm=0.202 margin=28.85 distance=0.26427840102946504
[exp2] phase=continuous_yaw center_error=0.037 raw_yaw_deg=-20.63 calibrated_yaw_deg=-20.63 target_yaw_deg=0.00 yaw_source=calibrated_pnp corner_error_deg=16.89 height_norm=0.202
[map] motion direction=left speed=0.15 effective_seconds=0.48767638206481934 pose={'x_m': -0.6693122166618066, 'y_m': 0.9766927147360575, 'heading_rad': 2.7005263540911546}
[base] continuous stop label=exp2_yaw_align elapsed=0.488s
[base] stop
[exp2] continuous x guard preempted yaw error=0.037 limit=0.030; camera_settle_seconds=0.200
[base] stop
[base] stop
[base] stop
[base] stop
[base] stop
[base] stop
[base] stop
[base] stop
[base] stop
[tag] backend=pupil_apriltags id=0 center=(177.6,168.7) error_x=0.055 yaw_deg=-20.7 height=48.5px height_norm=0.202 margin=29.28 distance=0.2633576886799663
[exp2] phase=continuous_center center_error=0.055 raw_yaw_deg=-20.7 calibrated_yaw_deg=-20.7 target_yaw_deg=0.00 yaw_source=calibrated_pnp corner_error_deg=18.32 height_norm=0.202
[base] continuous start label=exp2_center_align direction=backward requested_speed=0.2 effective_speed=0.2
[exp2] continuous center correction direction=backward
[tag] backend=pupil_apriltags id=0 center=(177.7,168.6) error_x=0.055 yaw_deg=-20.23 height=48.3px height_norm=0.201 margin=29.13 distance=0.264551124498794
[exp2] phase=continuous_center center_error=0.055 raw_yaw_deg=-20.23 calibrated_yaw_deg=-20.23 target_yaw_deg=0.00 yaw_source=calibrated_pnp corner_error_deg=17.81 height_norm=0.201
[exp2] continuous center correction direction=backward
[tag] backend=pupil_apriltags id=0 center=(177.5,168.7) error_x=0.055 yaw_deg=-21.4 height=48.6px height_norm=0.203 margin=29.35 distance=0.2625243691689802
[exp2] phase=continuous_center center_error=0.055 raw_yaw_deg=-21.4 calibrated_yaw_deg=-21.4 target_yaw_deg=0.00 yaw_source=calibrated_pnp corner_error_deg=18.12 height_norm=0.203
[exp2] continuous center correction direction=backward
[tag] backend=pupil_apriltags id=0 center=(174.4,168.7) error_x=0.045 yaw_deg=-20.49 height=48.5px height_norm=0.202 margin=29.36 distance=0.2637505711932342
[exp2] phase=continuous_center center_error=0.045 raw_yaw_deg=-20.49 calibrated_yaw_deg=-20.49 target_yaw_deg=0.00 yaw_source=calibrated_pnp corner_error_deg=16.70 height_norm=0.202
[exp2] continuous center correction direction=backward
[tag] backend=pupil_apriltags id=0 center=(173.2,168.6) error_x=0.041 yaw_deg=-20.18 height=48.5px height_norm=0.202 margin=28.91 distance=0.2630836010095149
[exp2] phase=continuous_center center_error=0.041 raw_yaw_deg=-20.18 calibrated_yaw_deg=-20.18 target_yaw_deg=0.00 yaw_source=calibrated_pnp corner_error_deg=16.70 height_norm=0.202
[exp2] continuous center correction direction=backward
[tag] backend=pupil_apriltags id=0 center=(171.4,168.6) error_x=0.036 yaw_deg=-20.37 height=48.4px height_norm=0.202 margin=29.06 distance=0.26250503376325657
[exp2] phase=continuous_center center_error=0.036 raw_yaw_deg=-20.37 calibrated_yaw_deg=-20.37 target_yaw_deg=0.00 yaw_source=calibrated_pnp corner_error_deg=16.50 height_norm=0.202
[exp2] continuous center correction direction=backward
[tag] backend=pupil_apriltags id=0 center=(167.0,168.8) error_x=0.022 yaw_deg=-19.11 height=48.2px height_norm=0.201 margin=29.09 distance=0.2632179308225539
[exp2] phase=continuous_center center_error=0.022 raw_yaw_deg=-19.11 calibrated_yaw_deg=-19.11 target_yaw_deg=0.00 yaw_source=calibrated_pnp corner_error_deg=15.39 height_norm=0.201
[map] motion direction=backward speed=0.2 effective_seconds=0.4852714538574219 pose={'x_m': -0.6760450565688791, 'y_m': 0.990954673658682, 'heading_rad': 2.7005263540911546}
[base] continuous stop label=exp2_center_align elapsed=0.485s
[base] stop
[exp2] center accepted; switching to yaw after 0.200s
[base] stop
[base] stop
[base] stop
[base] stop
[base] stop
[base] stop
[base] stop
[base] stop
[base] stop
[tag] backend=pupil_apriltags id=0 center=(163.6,168.7) error_x=0.011 yaw_deg=-17.94 height=48.2px height_norm=0.201 margin=29.00 distance=0.2629004231142928
[exp2] phase=continuous_yaw center_error=0.011 raw_yaw_deg=-17.94 calibrated_yaw_deg=-17.94 target_yaw_deg=0.00 yaw_source=calibrated_pnp corner_error_deg=14.99 height_norm=0.201
[base] continuous start label=exp2_yaw_align direction=left requested_speed=0.15 effective_speed=0.15
[exp2] continuous yaw correction direction=left
[tag] backend=pupil_apriltags id=0 center=(163.6,168.7) error_x=0.011 yaw_deg=-17.7 height=48.1px height_norm=0.200 margin=29.08 distance=0.26329213576921423
[exp2] phase=continuous_yaw center_error=0.011 raw_yaw_deg=-17.7 calibrated_yaw_deg=-17.7 target_yaw_deg=0.00 yaw_source=calibrated_pnp corner_error_deg=14.95 height_norm=0.200
[exp2] continuous yaw correction direction=left
[tag] backend=pupil_apriltags id=0 center=(163.4,168.7) error_x=0.011 yaw_deg=-17.64 height=48.1px height_norm=0.201 margin=29.23 distance=0.26325004947970204
[exp2] phase=continuous_yaw center_error=0.011 raw_yaw_deg=-17.64 calibrated_yaw_deg=-17.64 target_yaw_deg=0.00 yaw_source=calibrated_pnp corner_error_deg=14.90 height_norm=0.201
[exp2] continuous yaw correction direction=left
[tag] backend=pupil_apriltags id=0 center=(164.7,168.7) error_x=0.015 yaw_deg=-17.69 height=47.9px height_norm=0.199 margin=29.07 distance=0.2651152027686847
[exp2] phase=continuous_yaw center_error=0.015 raw_yaw_deg=-17.69 calibrated_yaw_deg=-17.69 target_yaw_deg=0.00 yaw_source=calibrated_pnp corner_error_deg=14.43 height_norm=0.199
[exp2] continuous yaw correction direction=left
[tag] backend=pupil_apriltags id=0 center=(167.1,168.7) error_x=0.022 yaw_deg=-18.05 height=48.0px height_norm=0.200 margin=29.04 distance=0.2634856589286341
[exp2] phase=continuous_yaw center_error=0.022 raw_yaw_deg=-18.05 calibrated_yaw_deg=-18.05 target_yaw_deg=0.00 yaw_source=calibrated_pnp corner_error_deg=14.79 height_norm=0.200
[exp2] continuous yaw correction direction=left
[tag] backend=pupil_apriltags id=0 center=(170.9,168.7) error_x=0.034 yaw_deg=-17.98 height=48.0px height_norm=0.200 margin=29.22 distance=0.26361754173724755
[exp2] phase=continuous_yaw center_error=0.034 raw_yaw_deg=-17.98 calibrated_yaw_deg=-17.98 target_yaw_deg=0.00 yaw_source=calibrated_pnp corner_error_deg=15.42 height_norm=0.200
[map] motion direction=left speed=0.15 effective_seconds=0.41942596435546875 pose={'x_m': -0.6760450565688791, 'y_m': 0.990954673658682, 'heading_rad': 2.637177049843845}
[base] continuous stop label=exp2_yaw_align elapsed=0.419s
[base] stop
[exp2] continuous x guard preempted yaw error=0.034 limit=0.030; camera_settle_seconds=0.200
[base] stop
[base] stop
[base] stop
[base] stop
[base] stop
[base] stop
[base] stop
[base] stop
[base] stop
[tag] backend=pupil_apriltags id=0 center=(176.0,168.7) error_x=0.050 yaw_deg=-18.28 height=48.0px height_norm=0.200 margin=29.09 distance=0.262189797414523
[exp2] phase=continuous_center center_error=0.050 raw_yaw_deg=-18.28 calibrated_yaw_deg=-18.28 target_yaw_deg=0.00 yaw_source=calibrated_pnp corner_error_deg=15.86 height_norm=0.200
[base] continuous start label=exp2_center_align direction=backward requested_speed=0.2 effective_speed=0.2
[exp2] continuous center correction direction=backward
[tag] backend=pupil_apriltags id=0 center=(176.0,168.7) error_x=0.050 yaw_deg=-18.17 height=48.0px height_norm=0.200 margin=29.11 distance=0.26239376936794023
[exp2] phase=continuous_center center_error=0.050 raw_yaw_deg=-18.17 calibrated_yaw_deg=-18.17 target_yaw_deg=0.00 yaw_source=calibrated_pnp corner_error_deg=15.73 height_norm=0.200
[exp2] continuous center correction direction=backward
[tag] backend=pupil_apriltags id=0 center=(174.9,168.9) error_x=0.047 yaw_deg=-17.76 height=47.7px height_norm=0.199 margin=28.84 distance=0.2641503849523596
[exp2] phase=continuous_center center_error=0.047 raw_yaw_deg=-17.76 calibrated_yaw_deg=-17.76 target_yaw_deg=0.00 yaw_source=calibrated_pnp corner_error_deg=15.31 height_norm=0.199
[exp2] continuous center correction direction=backward
[tag] backend=pupil_apriltags id=0 center=(172.8,168.9) error_x=0.040 yaw_deg=-17.47 height=47.7px height_norm=0.199 margin=28.80 distance=0.2625154026558686
[exp2] phase=continuous_center center_error=0.040 raw_yaw_deg=-17.47 calibrated_yaw_deg=-17.47 target_yaw_deg=0.00 yaw_source=calibrated_pnp corner_error_deg=15.26 height_norm=0.199
[exp2] continuous center correction direction=backward
[tag] backend=pupil_apriltags id=0 center=(170.6,168.9) error_x=0.033 yaw_deg=-16.88 height=47.6px height_norm=0.198 margin=29.11 distance=0.2622926875769015
[exp2] phase=continuous_center center_error=0.033 raw_yaw_deg=-16.88 calibrated_yaw_deg=-16.88 target_yaw_deg=0.00 yaw_source=calibrated_pnp corner_error_deg=15.00 height_norm=0.198
[exp2] continuous center correction direction=backward
[tag] backend=pupil_apriltags id=0 center=(167.5,168.7) error_x=0.023 yaw_deg=-16.99 height=47.7px height_norm=0.199 margin=28.61 distance=0.2617982401032001
[exp2] phase=continuous_center center_error=0.023 raw_yaw_deg=-16.99 calibrated_yaw_deg=-16.99 target_yaw_deg=0.00 yaw_source=calibrated_pnp corner_error_deg=14.17 height_norm=0.199
[map] motion direction=backward speed=0.2 effective_seconds=0.41439080238342285 pose={'x_m': -0.6825539414039765, 'y_m': 1.002745067651899, 'heading_rad': 2.637177049843845}
[base] continuous stop label=exp2_center_align elapsed=0.414s
[base] stop
[exp2] center accepted; switching to yaw after 0.200s
[base] stop
[base] stop
[base] stop
[base] stop
[base] stop
[base] stop
[base] stop
[base] stop
[base] stop
[tag] backend=pupil_apriltags id=0 center=(163.1,169.0) error_x=0.010 yaw_deg=-15.54 height=47.3px height_norm=0.197 margin=28.74 distance=0.2628825102094146
[exp2] phase=continuous_yaw center_error=0.010 raw_yaw_deg=-15.54 calibrated_yaw_deg=-15.54 target_yaw_deg=0.00 yaw_source=calibrated_pnp corner_error_deg=13.23 height_norm=0.197
[base] continuous start label=exp2_yaw_align direction=left requested_speed=0.15 effective_speed=0.15
[exp2] continuous yaw correction direction=left
[tag] backend=pupil_apriltags id=0 center=(163.1,169.0) error_x=0.010 yaw_deg=-15.44 height=47.3px height_norm=0.197 margin=28.57 distance=0.2629447588955482
[exp2] phase=continuous_yaw center_error=0.010 raw_yaw_deg=-15.44 calibrated_yaw_deg=-15.44 target_yaw_deg=0.00 yaw_source=calibrated_pnp corner_error_deg=13.20 height_norm=0.197
[exp2] continuous yaw correction direction=left
[tag] backend=pupil_apriltags id=0 center=(163.0,169.0) error_x=0.009 yaw_deg=-15.48 height=47.3px height_norm=0.197 margin=28.84 distance=0.2628178346815198
[exp2] phase=continuous_yaw center_error=0.009 raw_yaw_deg=-15.48 calibrated_yaw_deg=-15.48 target_yaw_deg=0.00 yaw_source=calibrated_pnp corner_error_deg=13.04 height_norm=0.197
[exp2] continuous yaw correction direction=left
[tag] backend=pupil_apriltags id=0 center=(164.3,169.0) error_x=0.014 yaw_deg=-15.49 height=47.3px height_norm=0.197 margin=28.83 distance=0.26414218179629695
[exp2] phase=continuous_yaw center_error=0.014 raw_yaw_deg=-15.49 calibrated_yaw_deg=-15.49 target_yaw_deg=0.00 yaw_source=calibrated_pnp corner_error_deg=13.15 height_norm=0.197
[exp2] continuous yaw correction direction=left
[tag] backend=pupil_apriltags id=0 center=(167.2,169.0) error_x=0.022 yaw_deg=-15.55 height=47.2px height_norm=0.197 margin=28.86 distance=0.2631574708022885
[exp2] phase=continuous_yaw center_error=0.022 raw_yaw_deg=-15.55 calibrated_yaw_deg=-15.55 target_yaw_deg=0.00 yaw_source=calibrated_pnp corner_error_deg=13.30 height_norm=0.197
[exp2] continuous yaw correction direction=left
[tag] backend=pupil_apriltags id=0 center=(171.0,168.8) error_x=0.034 yaw_deg=-15.48 height=47.4px height_norm=0.198 margin=29.05 distance=0.2622306760952684
[exp2] phase=continuous_yaw center_error=0.034 raw_yaw_deg=-15.48 calibrated_yaw_deg=-15.48 target_yaw_deg=0.00 yaw_source=calibrated_pnp corner_error_deg=13.98 height_norm=0.198
[map] motion direction=left speed=0.15 effective_seconds=0.41513919830322266 pose={'x_m': -0.6825539414039765, 'y_m': 1.002745067651899, 'heading_rad': 2.574475210631987}
[base] continuous stop label=exp2_yaw_align elapsed=0.415s
[base] stop
[exp2] continuous x guard preempted yaw error=0.034 limit=0.030; camera_settle_seconds=0.200
[base] stop
[base] stop
[base] stop
[base] stop
[base] stop
[base] stop
[base] stop
[base] stop
[base] stop
[tag] backend=pupil_apriltags id=0 center=(176.5,169.1) error_x=0.052 yaw_deg=-16.03 height=47.3px height_norm=0.197 margin=28.91 distance=0.26082954946584336
[exp2] phase=continuous_center center_error=0.052 raw_yaw_deg=-16.03 calibrated_yaw_deg=-16.03 target_yaw_deg=0.00 yaw_source=calibrated_pnp corner_error_deg=15.40 height_norm=0.197
[base] continuous start label=exp2_center_align direction=backward requested_speed=0.2 effective_speed=0.2
[exp2] continuous center correction direction=backward
[tag] backend=pupil_apriltags id=0 center=(176.5,169.1) error_x=0.052 yaw_deg=-15.95 height=47.3px height_norm=0.197 margin=29.02 distance=0.2610103207347784
[exp2] phase=continuous_center center_error=0.052 raw_yaw_deg=-15.95 calibrated_yaw_deg=-15.95 target_yaw_deg=0.00 yaw_source=calibrated_pnp corner_error_deg=15.27 height_norm=0.197
[exp2] continuous center correction direction=backward
[tag] backend=pupil_apriltags id=0 center=(176.2,169.1) error_x=0.051 yaw_deg=-17.0 height=47.2px height_norm=0.197 margin=28.80 distance=0.2614914785213183
[exp2] phase=continuous_center center_error=0.051 raw_yaw_deg=-17.0 calibrated_yaw_deg=-17.0 target_yaw_deg=0.00 yaw_source=calibrated_pnp corner_error_deg=14.30 height_norm=0.197
[exp2] continuous center correction direction=backward
[tag] backend=pupil_apriltags id=0 center=(174.0,168.9) error_x=0.044 yaw_deg=-15.58 height=47.0px height_norm=0.196 margin=28.91 distance=0.2617531472012365
[exp2] phase=continuous_center center_error=0.044 raw_yaw_deg=-15.58 calibrated_yaw_deg=-15.58 target_yaw_deg=0.00 yaw_source=calibrated_pnp corner_error_deg=13.71 height_norm=0.196
[exp2] continuous center correction direction=backward
[tag] backend=pupil_apriltags id=0 center=(172.3,169.0) error_x=0.038 yaw_deg=-15.66 height=47.1px height_norm=0.196 margin=28.81 distance=0.260680071263042
[exp2] phase=continuous_center center_error=0.038 raw_yaw_deg=-15.66 calibrated_yaw_deg=-15.66 target_yaw_deg=0.00 yaw_source=calibrated_pnp corner_error_deg=13.69 height_norm=0.196
[exp2] continuous center correction direction=backward
[tag] backend=pupil_apriltags id=0 center=(168.5,169.0) error_x=0.026 yaw_deg=-14.85 height=47.0px height_norm=0.196 margin=28.85 distance=0.26065256233468226
[exp2] phase=continuous_center center_error=0.026 raw_yaw_deg=-14.85 calibrated_yaw_deg=-14.85 target_yaw_deg=0.00 yaw_source=calibrated_pnp corner_error_deg=13.16 height_norm=0.196
[map] motion direction=backward speed=0.2 effective_seconds=0.4165935516357422 pose={'x_m': -0.6898272886039171, 'y_m': 1.0141648227196414, 'heading_rad': 2.574475210631987}
[base] continuous stop label=exp2_center_align elapsed=0.417s
[base] stop
[exp2] center accepted; switching to yaw after 0.200s
[base] stop
[base] stop
[base] stop
[base] stop
[base] stop
[base] stop
[base] stop
[base] stop
[base] stop
[tag] backend=pupil_apriltags id=0 center=(164.0,168.8) error_x=0.012 yaw_deg=-12.49 height=46.8px height_norm=0.195 margin=28.59 distance=0.2615914110966177
[exp2] phase=continuous_yaw center_error=0.012 raw_yaw_deg=-12.49 calibrated_yaw_deg=-12.49 target_yaw_deg=0.00 yaw_source=calibrated_pnp corner_error_deg=11.63 height_norm=0.195
[base] continuous start label=exp2_yaw_align direction=left requested_speed=0.15 effective_speed=0.15
[exp2] continuous yaw correction direction=left
[tag] backend=pupil_apriltags id=0 center=(164.0,168.8) error_x=0.012 yaw_deg=-12.34 height=46.7px height_norm=0.194 margin=28.77 distance=0.2618297946001666
[exp2] phase=continuous_yaw center_error=0.012 raw_yaw_deg=-12.34 calibrated_yaw_deg=-12.34 target_yaw_deg=0.00 yaw_source=calibrated_pnp corner_error_deg=11.65 height_norm=0.194
[exp2] continuous yaw correction direction=left
[tag] backend=pupil_apriltags id=0 center=(164.0,168.9) error_x=0.013 yaw_deg=-12.4 height=46.7px height_norm=0.195 margin=28.54 distance=0.2618170687050609
[exp2] phase=continuous_yaw center_error=0.013 raw_yaw_deg=-12.4 calibrated_yaw_deg=-12.4 target_yaw_deg=0.00 yaw_source=calibrated_pnp corner_error_deg=11.63 height_norm=0.195
[exp2] continuous yaw correction direction=left
[tag] backend=pupil_apriltags id=0 center=(165.1,168.9) error_x=0.016 yaw_deg=-13.26 height=46.8px height_norm=0.195 margin=28.69 distance=0.262081815030058
[exp2] phase=continuous_yaw center_error=0.016 raw_yaw_deg=-13.26 calibrated_yaw_deg=-13.26 target_yaw_deg=0.00 yaw_source=calibrated_pnp corner_error_deg=11.91 height_norm=0.195
[exp2] continuous yaw correction direction=left
[tag] backend=pupil_apriltags id=0 center=(168.8,169.0) error_x=0.027 yaw_deg=-13.14 height=46.7px height_norm=0.195 margin=28.65 distance=0.26106653242760797
[exp2] phase=continuous_yaw center_error=0.027 raw_yaw_deg=-13.14 calibrated_yaw_deg=-13.14 target_yaw_deg=0.00 yaw_source=calibrated_pnp corner_error_deg=12.42 height_norm=0.195
[exp2] continuous yaw correction direction=left
[tag] backend=pupil_apriltags id=0 center=(170.9,168.9) error_x=0.034 yaw_deg=-12.78 height=46.5px height_norm=0.194 margin=28.60 distance=0.2610045440528708
[exp2] phase=continuous_yaw center_error=0.034 raw_yaw_deg=-12.78 calibrated_yaw_deg=-12.78 target_yaw_deg=0.00 yaw_source=calibrated_pnp corner_error_deg=12.61 height_norm=0.194
[map] motion direction=left speed=0.15 effective_seconds=0.43427205085754395 pose={'x_m': -0.6898272886039171, 'y_m': 1.0141648227196414, 'heading_rad': 2.508883581563067}
[base] continuous stop label=exp2_yaw_align elapsed=0.434s
[base] stop
[exp2] continuous x guard preempted yaw error=0.034 limit=0.030; camera_settle_seconds=0.200
[base] stop
[base] stop
[base] stop
[base] stop
[base] stop
[base] stop
[base] stop
[base] stop
[base] stop
[tag] backend=pupil_apriltags id=0 center=(174.8,168.8) error_x=0.046 yaw_deg=-12.83 height=46.3px height_norm=0.193 margin=28.64 distance=0.2621945790621871
[exp2] phase=continuous_center center_error=0.046 raw_yaw_deg=-12.83 calibrated_yaw_deg=-12.83 target_yaw_deg=0.00 yaw_source=calibrated_pnp corner_error_deg=12.84 height_norm=0.193
[base] continuous start label=exp2_center_align direction=backward requested_speed=0.2 effective_speed=0.2
[exp2] continuous center correction direction=backward
[tag] backend=pupil_apriltags id=0 center=(174.8,168.8) error_x=0.046 yaw_deg=-12.69 height=46.3px height_norm=0.193 margin=28.69 distance=0.2624847510323703
[exp2] phase=continuous_center center_error=0.046 raw_yaw_deg=-12.69 calibrated_yaw_deg=-12.69 target_yaw_deg=0.00 yaw_source=calibrated_pnp corner_error_deg=12.74 height_norm=0.193
[exp2] continuous center correction direction=backward
[tag] backend=pupil_apriltags id=0 center=(174.4,168.8) error_x=0.045 yaw_deg=-14.01 height=46.3px height_norm=0.193 margin=28.93 distance=0.2613584702159506
[exp2] phase=continuous_center center_error=0.045 raw_yaw_deg=-14.01 calibrated_yaw_deg=-14.01 target_yaw_deg=0.00 yaw_source=calibrated_pnp corner_error_deg=12.77 height_norm=0.193
[exp2] continuous center correction direction=backward
[tag] backend=pupil_apriltags id=0 center=(172.7,168.7) error_x=0.040 yaw_deg=-12.83 height=46.2px height_norm=0.193 margin=28.85 distance=0.2618439129412532
[exp2] phase=continuous_center center_error=0.040 raw_yaw_deg=-12.83 calibrated_yaw_deg=-12.83 target_yaw_deg=0.00 yaw_source=calibrated_pnp corner_error_deg=12.36 height_norm=0.193
[exp2] continuous center correction direction=backward
[tag] backend=pupil_apriltags id=0 center=(170.7,168.6) error_x=0.033 yaw_deg=-12.76 height=46.3px height_norm=0.193 margin=28.61 distance=0.26069372594426476
[exp2] phase=continuous_center center_error=0.033 raw_yaw_deg=-12.76 calibrated_yaw_deg=-12.76 target_yaw_deg=0.00 yaw_source=calibrated_pnp corner_error_deg=12.17 height_norm=0.193
[exp2] continuous center correction direction=backward
[tag] backend=pupil_apriltags id=0 center=(168.1,168.7) error_x=0.025 yaw_deg=-12.18 height=46.1px height_norm=0.192 margin=28.52 distance=0.26119748741225707
[exp2] phase=continuous_center center_error=0.025 raw_yaw_deg=-12.18 calibrated_yaw_deg=-12.18 target_yaw_deg=0.00 yaw_source=calibrated_pnp corner_error_deg=11.66 height_norm=0.192
[map] motion direction=backward speed=0.2 effective_seconds=0.43014001846313477 pose={'x_m': -0.6980938386009371, 'y_m': 1.0254383308748776, 'heading_rad': 2.508883581563067}
[base] continuous stop label=exp2_center_align elapsed=0.430s
[base] stop
[exp2] center accepted; switching to yaw after 0.200s
[base] stop
[base] stop
[base] stop
[base] stop
[base] stop
[base] stop
[base] stop
[base] stop
[base] stop
[tag] backend=pupil_apriltags id=0 center=(163.9,168.8) error_x=0.012 yaw_deg=-10.72 height=46.0px height_norm=0.192 margin=28.60 distance=0.2619855875313094
[exp2] phase=continuous_yaw center_error=0.012 raw_yaw_deg=-10.72 calibrated_yaw_deg=-10.72 target_yaw_deg=0.00 yaw_source=calibrated_pnp corner_error_deg=10.64 height_norm=0.192
[base] continuous start label=exp2_yaw_align direction=left requested_speed=0.15 effective_speed=0.15
[exp2] continuous yaw correction direction=left
[tag] backend=pupil_apriltags id=0 center=(163.8,168.8) error_x=0.012 yaw_deg=-10.82 height=45.9px height_norm=0.191 margin=28.36 distance=0.2621930058087862
[exp2] phase=continuous_yaw center_error=0.012 raw_yaw_deg=-10.82 calibrated_yaw_deg=-10.82 target_yaw_deg=0.00 yaw_source=calibrated_pnp corner_error_deg=10.67 height_norm=0.191
[exp2] continuous yaw correction direction=left
[tag] backend=pupil_apriltags id=0 center=(163.8,168.8) error_x=0.012 yaw_deg=-11.21 height=46.0px height_norm=0.192 margin=28.12 distance=0.26198300230664673
[exp2] phase=continuous_yaw center_error=0.012 raw_yaw_deg=-11.21 calibrated_yaw_deg=-11.21 target_yaw_deg=0.00 yaw_source=calibrated_pnp corner_error_deg=10.86 height_norm=0.192
[exp2] continuous yaw correction direction=left
[tag] backend=pupil_apriltags id=0 center=(164.3,168.8) error_x=0.014 yaw_deg=-10.78 height=45.9px height_norm=0.191 margin=28.25 distance=0.26337696680542333
[exp2] phase=continuous_yaw center_error=0.014 raw_yaw_deg=-10.78 calibrated_yaw_deg=-10.78 target_yaw_deg=0.00 yaw_source=calibrated_pnp corner_error_deg=10.58 height_norm=0.191
[exp2] continuous yaw correction direction=left
[tag] backend=pupil_apriltags id=0 center=(166.7,168.7) error_x=0.021 yaw_deg=-11.21 height=45.9px height_norm=0.191 margin=28.05 distance=0.2629128373552943
[exp2] phase=continuous_yaw center_error=0.021 raw_yaw_deg=-11.21 calibrated_yaw_deg=-11.21 target_yaw_deg=0.00 yaw_source=calibrated_pnp corner_error_deg=11.00 height_norm=0.191
[exp2] continuous yaw correction direction=left
[tag] backend=pupil_apriltags id=0 center=(169.4,168.4) error_x=0.030 yaw_deg=-10.93 height=45.7px height_norm=0.190 margin=28.50 distance=0.2631134372624359
[exp2] phase=continuous_yaw center_error=0.030 raw_yaw_deg=-10.93 calibrated_yaw_deg=-10.93 target_yaw_deg=0.00 yaw_source=calibrated_pnp corner_error_deg=11.01 height_norm=0.190
[exp2] continuous yaw correction direction=left
[tag] backend=pupil_apriltags id=0 center=(171.4,168.2) error_x=0.036 yaw_deg=-10.82 height=45.5px height_norm=0.190 margin=28.52 distance=0.2638268535534032
[exp2] phase=continuous_yaw center_error=0.036 raw_yaw_deg=-10.82 calibrated_yaw_deg=-10.82 target_yaw_deg=0.00 yaw_source=calibrated_pnp corner_error_deg=11.11 height_norm=0.190
[map] motion direction=left speed=0.15 effective_seconds=0.514340877532959 pose={'x_m': -0.6980938386009371, 'y_m': 1.0254383308748776, 'heading_rad': 2.431198508375635}
[base] continuous stop label=exp2_yaw_align elapsed=0.514s
[base] stop
[exp2] continuous x guard preempted yaw error=0.036 limit=0.030; camera_settle_seconds=0.200
[base] stop
[base] stop
[base] stop
[base] stop
[base] stop
[base] stop
[base] stop
[base] stop
[base] stop
[tag] backend=pupil_apriltags id=0 center=(176.6,168.0) error_x=0.052 yaw_deg=-11.9 height=45.3px height_norm=0.189 margin=28.66 distance=0.2635143644491354
[exp2] phase=continuous_center center_error=0.052 raw_yaw_deg=-11.9 calibrated_yaw_deg=-11.9 target_yaw_deg=0.00 yaw_source=calibrated_pnp corner_error_deg=12.17 height_norm=0.189
[base] continuous start label=exp2_center_align direction=backward requested_speed=0.2 effective_speed=0.2
[exp2] continuous center correction direction=backward
[tag] backend=pupil_apriltags id=0 center=(176.6,168.0) error_x=0.052 yaw_deg=-12.0 height=45.3px height_norm=0.189 margin=28.62 distance=0.26371001906344993
[exp2] phase=continuous_center center_error=0.052 raw_yaw_deg=-12.0 calibrated_yaw_deg=-12.0 target_yaw_deg=0.00 yaw_source=calibrated_pnp corner_error_deg=12.24 height_norm=0.189
[exp2] continuous center correction direction=backward
[tag] backend=pupil_apriltags id=0 center=(176.2,168.1) error_x=0.051 yaw_deg=-12.33 height=45.3px height_norm=0.189 margin=28.64 distance=0.2640021236678402
[exp2] phase=continuous_center center_error=0.051 raw_yaw_deg=-12.33 calibrated_yaw_deg=-12.33 target_yaw_deg=0.00 yaw_source=calibrated_pnp corner_error_deg=12.49 height_norm=0.189
[exp2] continuous center correction direction=backward
[tag] backend=pupil_apriltags id=0 center=(172.9,168.1) error_x=0.040 yaw_deg=-10.56 height=45.2px height_norm=0.189 margin=28.10 distance=0.26409828104555355
[exp2] phase=continuous_center center_error=0.040 raw_yaw_deg=-10.56 calibrated_yaw_deg=-10.56 target_yaw_deg=0.00 yaw_source=calibrated_pnp corner_error_deg=10.72 height_norm=0.189
[exp2] continuous center correction direction=backward
[tag] backend=pupil_apriltags id=0 center=(171.4,168.1) error_x=0.036 yaw_deg=-10.3 height=45.3px height_norm=0.189 margin=28.42 distance=0.2631787746413388
[exp2] phase=continuous_center center_error=0.036 raw_yaw_deg=-10.3 calibrated_yaw_deg=-10.3 target_yaw_deg=0.00 yaw_source=calibrated_pnp corner_error_deg=10.93 height_norm=0.189
[exp2] continuous center correction direction=backward
[tag] backend=pupil_apriltags id=0 center=(168.8,168.0) error_x=0.028 yaw_deg=-10.52 height=45.2px height_norm=0.188 margin=28.00 distance=0.26210413967750734
[exp2] phase=continuous_center center_error=0.028 raw_yaw_deg=-10.52 calibrated_yaw_deg=-10.52 target_yaw_deg=0.00 yaw_source=calibrated_pnp corner_error_deg=10.61 height_norm=0.188
[map] motion direction=backward speed=0.2 effective_seconds=0.4373137950897217 pose={'x_m': -0.7073624028792349, 'y_m': 1.0362130471279734, 'heading_rad': 2.431198508375635}
[base] continuous stop label=exp2_center_align elapsed=0.437s
[base] stop
[exp2] center accepted; switching to yaw after 0.200s
[base] stop
[base] stop
[base] stop
[base] stop
[base] stop
[base] stop
[base] stop
[base] stop
[base] stop
[tag] backend=pupil_apriltags id=0 center=(164.2,168.1) error_x=0.013 yaw_deg=-8.45 height=44.9px height_norm=0.187 margin=27.95 distance=0.2640139508283293
[exp2] phase=continuous_yaw center_error=0.013 raw_yaw_deg=-8.45 calibrated_yaw_deg=-8.45 target_yaw_deg=0.00 yaw_source=calibrated_pnp corner_error_deg=9.00 height_norm=0.187
[base] continuous start label=exp2_yaw_align direction=left requested_speed=0.15 effective_speed=0.15
[exp2] continuous yaw correction direction=left
[tag] backend=pupil_apriltags id=0 center=(164.5,168.1) error_x=0.014 yaw_deg=-9.01 height=45.0px height_norm=0.187 margin=27.93 distance=0.2635214280194665
[exp2] phase=continuous_yaw center_error=0.014 raw_yaw_deg=-9.01 calibrated_yaw_deg=-9.01 target_yaw_deg=0.00 yaw_source=calibrated_pnp corner_error_deg=9.36 height_norm=0.187
[exp2] continuous yaw correction direction=left
[tag] backend=pupil_apriltags id=0 center=(164.3,168.1) error_x=0.013 yaw_deg=-8.53 height=44.9px height_norm=0.187 margin=27.83 distance=0.2636225800794934
[exp2] phase=continuous_yaw center_error=0.013 raw_yaw_deg=-8.53 calibrated_yaw_deg=-8.53 target_yaw_deg=0.00 yaw_source=calibrated_pnp corner_error_deg=9.11 height_norm=0.187
[exp2] continuous yaw correction direction=left
[tag] backend=pupil_apriltags id=0 center=(165.5,168.1) error_x=0.017 yaw_deg=-8.9 height=44.9px height_norm=0.187 margin=28.11 distance=0.2652026121021265
[exp2] phase=continuous_yaw center_error=0.017 raw_yaw_deg=-8.9 calibrated_yaw_deg=-8.9 target_yaw_deg=0.00 yaw_source=calibrated_pnp corner_error_deg=9.23 height_norm=0.187
[exp2] continuous yaw correction direction=left
[tag] backend=pupil_apriltags id=0 center=(167.7,167.9) error_x=0.024 yaw_deg=-9.15 height=44.8px height_norm=0.187 margin=28.13 distance=0.2644481374076347
[exp2] phase=continuous_yaw center_error=0.024 raw_yaw_deg=-9.15 calibrated_yaw_deg=-9.15 target_yaw_deg=0.00 yaw_source=calibrated_pnp corner_error_deg=9.14 height_norm=0.187
[exp2] continuous yaw correction direction=left
[tag] backend=pupil_apriltags id=0 center=(170.6,167.8) error_x=0.033 yaw_deg=-8.61 height=44.4px height_norm=0.185 margin=28.29 distance=0.26459201956233636
[exp2] phase=continuous_yaw center_error=0.033 raw_yaw_deg=-8.61 calibrated_yaw_deg=-8.61 target_yaw_deg=0.00 yaw_source=calibrated_pnp corner_error_deg=9.56 height_norm=0.185
[map] motion direction=left speed=0.15 effective_seconds=0.4414100646972656 pose={'x_m': -0.7073624028792349, 'y_m': 1.0362130471279734, 'heading_rad': 2.364528767199019}
[base] continuous stop label=exp2_yaw_align elapsed=0.441s
[base] stop
[exp2] continuous x guard preempted yaw error=0.033 limit=0.030; camera_settle_seconds=0.200
[base] stop
[base] stop
[base] stop
[base] stop
[base] stop
[base] stop
[base] stop
[base] stop
[base] stop
[tag] backend=pupil_apriltags id=0 center=(173.8,167.6) error_x=0.043 yaw_deg=-8.1 height=44.1px height_norm=0.184 margin=28.06 distance=0.26604751889919065
[exp2] phase=continuous_center center_error=0.043 raw_yaw_deg=-8.1 calibrated_yaw_deg=-8.1 target_yaw_deg=0.00 yaw_source=calibrated_pnp corner_error_deg=9.81 height_norm=0.184
[base] continuous start label=exp2_center_align direction=backward requested_speed=0.2 effective_speed=0.2
[exp2] continuous center correction direction=backward
[tag] backend=pupil_apriltags id=0 center=(173.9,167.6) error_x=0.043 yaw_deg=-8.18 height=44.1px height_norm=0.184 margin=27.89 distance=0.26601754261454985
[exp2] phase=continuous_center center_error=0.043 raw_yaw_deg=-8.18 calibrated_yaw_deg=-8.18 target_yaw_deg=0.00 yaw_source=calibrated_pnp corner_error_deg=9.91 height_norm=0.184
[exp2] continuous center correction direction=backward
[tag] backend=pupil_apriltags id=0 center=(173.2,167.6) error_x=0.041 yaw_deg=-7.97 height=44.1px height_norm=0.184 margin=28.27 distance=0.2663755833771333
[exp2] phase=continuous_center center_error=0.041 raw_yaw_deg=-7.97 calibrated_yaw_deg=-7.97 target_yaw_deg=0.00 yaw_source=calibrated_pnp corner_error_deg=9.70 height_norm=0.184
[exp2] continuous center correction direction=backward
[tag] backend=pupil_apriltags id=0 center=(171.1,167.7) error_x=0.035 yaw_deg=-7.5 height=44.0px height_norm=0.183 margin=28.20 distance=0.2648550831333089
[exp2] phase=continuous_center center_error=0.035 raw_yaw_deg=-7.5 calibrated_yaw_deg=-7.5 target_yaw_deg=0.00 yaw_source=calibrated_pnp corner_error_deg=9.75 height_norm=0.183
[exp2] continuous center correction direction=backward
[tag] backend=pupil_apriltags id=0 center=(169.2,167.6) error_x=0.029 yaw_deg=-7.28 height=44.1px height_norm=0.184 margin=28.17 distance=0.2645056538747007
[exp2] phase=continuous_center center_error=0.029 raw_yaw_deg=-7.28 calibrated_yaw_deg=-7.28 target_yaw_deg=0.00 yaw_source=calibrated_pnp corner_error_deg=9.24 height_norm=0.184
[map] motion direction=backward speed=0.2 effective_seconds=0.3563401699066162 pose={'x_m': -0.7154829124058066, 'y_m': 1.044470054578115, 'heading_rad': 2.364528767199019}
[base] continuous stop label=exp2_center_align elapsed=0.356s
[base] stop
[exp2] center accepted; switching to yaw after 0.200s
[base] stop
[base] stop
[base] stop
[base] stop
[base] stop
[base] stop
[base] stop
[base] stop
[base] stop
[tag] backend=pupil_apriltags id=0 center=(164.1,167.6) error_x=0.013 yaw_deg=-6.24 height=44.0px height_norm=0.183 margin=28.21 distance=0.2649433472014466
[exp2] phase=continuous_yaw center_error=0.013 raw_yaw_deg=-6.24 calibrated_yaw_deg=-6.24 target_yaw_deg=0.00 yaw_source=calibrated_pnp corner_error_deg=8.31 height_norm=0.183
[base] stop
[base] stop
[exp2] stable frame 1/5
[tag] backend=pupil_apriltags id=0 center=(164.1,167.6) error_x=0.013 yaw_deg=-6.21 height=43.9px height_norm=0.183 margin=27.91 distance=0.2650540828822344
[exp2] phase=continuous_yaw center_error=0.013 raw_yaw_deg=-6.21 calibrated_yaw_deg=-6.21 target_yaw_deg=0.00 yaw_source=calibrated_pnp corner_error_deg=8.25 height_norm=0.183
[base] stop
[base] stop
[exp2] stable frame 2/5
[tag] backend=pupil_apriltags id=0 center=(164.1,167.5) error_x=0.013 yaw_deg=-6.1 height=43.9px height_norm=0.183 margin=28.02 distance=0.2650976319242052
[exp2] phase=continuous_yaw center_error=0.013 raw_yaw_deg=-6.1 calibrated_yaw_deg=-6.1 target_yaw_deg=0.00 yaw_source=calibrated_pnp corner_error_deg=8.20 height_norm=0.183
[base] stop
[base] stop
[exp2] stable frame 3/5
[tag] backend=pupil_apriltags id=0 center=(164.1,167.6) error_x=0.013 yaw_deg=-6.06 height=43.9px height_norm=0.183 margin=27.75 distance=0.26505808131642644
[exp2] phase=continuous_yaw center_error=0.013 raw_yaw_deg=-6.06 calibrated_yaw_deg=-6.06 target_yaw_deg=0.00 yaw_source=calibrated_pnp corner_error_deg=8.13 height_norm=0.183
[base] stop
[base] stop
[exp2] stable frame 4/5
[tag] backend=pupil_apriltags id=0 center=(164.1,167.6) error_x=0.013 yaw_deg=-6.16 height=43.9px height_norm=0.183 margin=27.75 distance=0.2650124700680129
[exp2] phase=continuous_yaw center_error=0.013 raw_yaw_deg=-6.16 calibrated_yaw_deg=-6.16 target_yaw_deg=0.00 yaw_source=calibrated_pnp corner_error_deg=8.22 height_norm=0.183
[base] stop
[base] stop
[exp2] stable frame 5/5
[fsm] BIN_SIDE_DOCKING --TARGET_STABLE--> FINALIZING
[exp2] phase=release
[arm] pose release
[arm] release servo=4 angle=0 speed=85
[arm-position] release waiting for motion to settle servos=[4] stability_delta=3 min_wait=0.5 timeout=10.0 stable_samples=2
[arm-position] release waiting positions={4: 327} movement={} read_errors=[]
[arm-position] release waiting positions={4: 340} movement={4: 13} read_errors=[]
[arm-position] release waiting positions={4: 353} movement={4: 13} read_errors=[]
[arm-position] release waiting positions={4: 365} movement={4: 12} read_errors=[]
[arm-position] release waiting positions={4: 379} movement={4: 14} read_errors=[]
[arm-position] release waiting positions={4: 391} movement={4: 12} read_errors=[]
[arm-position] release waiting positions={4: 404} movement={4: 13} read_errors=[]
[arm-position] release waiting positions={4: 417} movement={4: 13} read_errors=[]
[arm-position] release waiting positions={4: 430} movement={4: 13} read_errors=[]
[arm-position] release waiting positions={4: 442} movement={4: 12} read_errors=[]
[arm-position] release waiting positions={4: 455} movement={4: 13} read_errors=[]
[arm-position] release waiting positions={4: 468} movement={4: 13} read_errors=[]
[arm-position] release waiting positions={4: 477} movement={4: 9} read_errors=[]
[arm-position] release waiting positions={4: 490} movement={4: 13} read_errors=[]
[arm-position] release waiting positions={4: 501} movement={4: 11} read_errors=[]
[arm-position] release settled positions={4: 502} movement={4: 0} elapsed=2.42s
[exp2] phase=safe_home
[arm] pose safe_home
[arm] safe_home servo=5 angle=0 speed=85
[arm] safe_home servo=4 angle=0 speed=85
[arm] safe_home servo=3 angle=0 speed=85
[arm] safe_home servo=2 angle=0 speed=85
[arm] safe_home servo=1 angle=-16 speed=85
[arm-position] safe_home waiting for motion to settle servos=[1, 2, 3, 4, 5] stability_delta=3 min_wait=0.5 timeout=10.0 stable_samples=2
[arm-position] safe_home waiting positions={1: 771, 2: 700, 3: 590, 4: 502, 5: 508} movement={} read_errors=[]
[arm-position] safe_home waiting positions={1: 755, 2: 685, 3: 578, 4: 502, 5: 508} movement={1: 16, 2: 15, 3: 12, 4: 0, 5: 0} read_errors=[]
[arm-position] safe_home waiting positions={1: 745, 2: 672, 3: 565, 4: 502, 5: 508} movement={1: 10, 2: 13, 3: 13, 4: 0, 5: 0} read_errors=[]
[arm-position] safe_home waiting positions={1: 731, 2: 659, 3: 552, 4: 502, 5: 508} movement={1: 14, 2: 13, 3: 13, 4: 0, 5: 0} read_errors=[]
[arm-position] safe_home waiting positions={1: 719, 2: 647, 3: 539, 4: 502, 5: 508} movement={1: 12, 2: 12, 3: 13, 4: 0, 5: 0} read_errors=[]
[arm-position] safe_home waiting positions={1: 705, 2: 634, 3: 525, 4: 502, 5: 508} movement={1: 14, 2: 13, 3: 14, 4: 0, 5: 0} read_errors=[]
[arm-position] safe_home waiting positions={1: 692, 2: 621, 3: 515, 4: 502, 5: 508} movement={1: 13, 2: 13, 3: 10, 4: 0, 5: 0} read_errors=[]
[arm-position] safe_home waiting positions={1: 679, 2: 606, 3: 514, 4: 502, 5: 508} movement={1: 13, 2: 15, 3: 1, 4: 0, 5: 0} read_errors=[]
[arm-position] safe_home waiting positions={1: 665, 2: 593, 3: 514, 4: 502, 5: 508} movement={1: 14, 2: 13, 3: 0, 4: 0, 5: 0} read_errors=[]
[arm-position] safe_home waiting positions={1: 653, 2: 579, 3: 515, 4: 502, 5: 508} movement={1: 12, 2: 14, 3: 1, 4: 0, 5: 0} read_errors=[]
[arm-position] safe_home waiting positions={1: 638, 2: 568, 3: 514, 4: 502, 5: 508} movement={1: 15, 2: 11, 3: 1, 4: 0, 5: 0} read_errors=[]
[arm-position] safe_home waiting positions={1: 627, 2: 553, 3: 514, 4: 502, 5: 508} movement={1: 11, 2: 15, 3: 0, 4: 0, 5: 0} read_errors=[]
[arm-position] safe_home waiting positions={1: 613, 2: 538, 3: 514, 4: 502, 5: 508} movement={1: 14, 2: 15, 3: 0, 4: 0, 5: 0} read_errors=[]
[arm-position] safe_home waiting positions={1: 600, 2: 526, 3: 514, 4: 502, 5: 508} movement={1: 13, 2: 12, 3: 0, 4: 0, 5: 0} read_errors=[]
[arm-position] safe_home waiting positions={1: 586, 2: 517, 3: 514, 4: 502, 5: 508} movement={1: 14, 2: 9, 3: 0, 4: 0, 5: 0} read_errors=[]
[arm-position] safe_home waiting positions={1: 573, 2: 517, 3: 514, 4: 502, 5: 508} movement={1: 13, 2: 0, 3: 0, 4: 0, 5: 0} read_errors=[]
[arm-position] safe_home waiting positions={1: 562, 2: 517, 3: 514, 4: 502, 5: 508} movement={1: 11, 2: 0, 3: 0, 4: 0, 5: 0} read_errors=[]
[arm-position] safe_home waiting positions={1: 547, 2: 517, 3: 514, 4: 502, 5: 508} movement={1: 15, 2: 0, 3: 0, 4: 0, 5: 0} read_errors=[]
[arm-position] safe_home waiting positions={1: 534, 2: 517, 3: 514, 4: 502, 5: 508} movement={1: 13, 2: 0, 3: 0, 4: 0, 5: 0} read_errors=[]
[arm-position] safe_home waiting positions={1: 520, 2: 517, 3: 514, 4: 502, 5: 508} movement={1: 14, 2: 0, 3: 0, 4: 0, 5: 0} read_errors=[]
[arm-position] safe_home waiting positions={1: 507, 2: 517, 3: 514, 4: 502, 5: 508} movement={1: 13, 2: 0, 3: 0, 4: 0, 5: 0} read_errors=[]
[arm-position] safe_home waiting positions={1: 494, 2: 518, 3: 514, 4: 502, 5: 508} movement={1: 13, 2: 1, 3: 0, 4: 0, 5: 0} read_errors=[]
[arm-position] safe_home waiting positions={1: 482, 2: 517, 3: 514, 4: 502, 5: 508} movement={1: 12, 2: 1, 3: 0, 4: 0, 5: 0} read_errors=[]
[arm-position] safe_home waiting positions={1: 469, 2: 517, 3: 515, 4: 502, 5: 508} movement={1: 13, 2: 0, 3: 1, 4: 0, 5: 0} read_errors=[]
[arm-position] safe_home waiting positions={1: 456, 2: 517, 3: 515, 4: 502, 5: 508} movement={1: 13, 2: 0, 3: 0, 4: 0, 5: 0} read_errors=[]
[arm-position] safe_home waiting positions={1: 443, 2: 518, 3: 514, 4: 502, 5: 508} movement={1: 13, 2: 1, 3: 1, 4: 0, 5: 0} read_errors=[]
[arm-position] safe_home settled positions={1: 442, 2: 517, 3: 514, 4: 502, 5: 508} movement={1: 0, 2: 1, 3: 1, 4: 0, 5: 0} elapsed=4.17s
[map] pose corrected reason=exp2_side_parked_after_release pose={'x_m': 0.05, 'y_m': -7.0, 'heading_rad': 0.0} transformed_cans=1
[exp2] phase=side_parked
[fsm] FINALIZING --FINALIZED--> PLANNING
[fsm] PLANNING --MISSION_COMPLETE--> DONE
[fsm] terminal=DONE context={'vague_map': {'robot_pose': {'x_m': 0.05, 'y_m': -7.0, 'heading_rad': 0.0}, 'bin_marker_position': {'x_m': 0.05, 'y_m': -7.0, 'heading_rad': 0.0}, 'bin_docking_pose': {'x_m': 0.05, 'y_m': -7.0, 'heading_rad': 1.57079632679}, 'bin_side_docking_pose': {'x_m': 0.05, 'y_m': -7.0, 'heading_rad': 0.0}, 'bin_position_in_robot_frame': {'x_m': 0.0, 'y_m': 0.0}, 'selected_can_id': None, 'known_cans': [{'can_id': 1, 'position': {'x_m': 0.12369724275700124, 'y_m': -6.709086717314234}, 'confidence': 0.20339088141918182, 'observations': 1, 'last_seen_at': 1788763242.3136103}]}, 'distance_to_target': None, 'grabbed': False, 'completed_pickups': 1, 'target_found': False, 'obstacle_found': False, 'target_type': 'bin', 'last_error': 'alignment target lost', 'retry_counts': {}, 'searching_routine': {}, 'metrics': {'state_seconds': {'IDLE': 5.697577714920044, 'INITIALIZING': 5.061502933502197, 'PLANNING': 0.06093168258666992, 'SEARCHING': 9.789695501327515, 'ALIGNING': 1.2737009525299072, 'APPROACHING': 9.699194431304932, 'FINAL_VERIFY': 1.9640536308288574, 'FINALIZING': 33.06292247772217, 'MAP_NAVIGATING': 2.107680559158325, 'BIN_SIDE_DOCKING': 53.64870262145996}, 'detector_calls': {'can': 269, 'bin': 89}, 'detector_seconds': {'can': 8.765416860580444, 'bin': 3.481510877609253}}}
[media] shutdown result={'stopped': True, 'stopping': False, 'last_recording': '/workspace/robot_code/temp_car/diagnostic_outputs/full_demo_1788763194238.avi', 'last_events': '/workspace/robot_code/temp_car/diagnostic_outputs/full_demo_1788763194238.events.csv'}
[fsm] stop_all owner=Thread-62
[base] stop
[arm] pose safe_home
[arm] safe_home servo=5 angle=0 speed=85
[arm] safe_home servo=4 angle=0 speed=85
[arm] safe_home servo=3 angle=0 speed=85
[arm] safe_home servo=2 angle=0 speed=85
[arm] safe_home servo=1 angle=-16 speed=85
[camera] stopped
[depth] stop
[result] True
[integration] SUCCESS elapsed=121.3s
