
>>> run_full_background log=/workspace/robot_code/temp_car/logs/integration_run_full_20260904_013419.log
[fsm] IDLE --START--> INITIALIZING
[depth] loading network fcn-mobilenet
[camera] starting JetBot Camera 320x240
[warmup] frame 1/2 processed
[warmup] frame 2/2 processed
[depth] started enabled=True
[arm] pose safe_home
[arm] TTLServo connected
[arm] safe_home servo=5 angle=0 speed=85
[arm] safe_home servo=4 angle=0 speed=85
[arm] safe_home servo=3 angle=0 speed=85
[arm] safe_home servo=2 angle=0 speed=85
[arm] safe_home servo=1 angle=-16 speed=85
[base] stop
[fsm] INITIALIZING --INITIALIZED--> PLANNING
[fsm] PLANNING --TARGET_REQUIRED--> SEARCHING
[can] loading native detectNet model=/workspace/robot_code/temp_car/assets/models/detectnet_native_can/can_ssd_mobilenet_v1.onnx
[can] native detectNet loaded threshold=0.200 clustering=0.300
[can] backend=detectnet_native no detections
[base] Robot connected
[base] continuous start label=search_can_routine_2_step_0 direction=forward requested_speed=0.6 effective_speed=0.6
[can] backend=detectnet_native no detections
[map] motion direction=forward speed=0.6 effective_seconds=0.06602263450622559 pose={'x_m': 0.0, 'y_m': 0.006849848330020904, 'heading_rad': 0.0}
[can] backend=detectnet_native no detections
[map] motion direction=forward speed=0.6 effective_seconds=0.061127424240112305 pose={'x_m': 0.0, 'y_m': 0.013191818594932556, 'heading_rad': 0.0}
[can] backend=detectnet_native no detections
[map] motion direction=forward speed=0.6 effective_seconds=0.051444292068481445 pose={'x_m': 0.0, 'y_m': 0.018529163897037505, 'heading_rad': 0.0}
[can] backend=detectnet_native no detections
[map] motion direction=forward speed=0.6 effective_seconds=0.05567669868469238 pose={'x_m': 0.0, 'y_m': 0.02430562138557434, 'heading_rad': 0.0}
[can] backend=detectnet_native no detections
[map] motion direction=forward speed=0.6 effective_seconds=0.05533909797668457 pose={'x_m': 0.0, 'y_m': 0.030047052800655363, 'heading_rad': 0.0}
[can] backend=detectnet_native no detections
[map] motion direction=forward speed=0.6 effective_seconds=0.05325675010681152 pose={'x_m': 0.0, 'y_m': 0.03557244062423706, 'heading_rad': 0.0}
[can] backend=detectnet_native no detections
[map] motion direction=forward speed=0.6 effective_seconds=0.05173897743225098 pose={'x_m': 0.0, 'y_m': 0.0409403595328331, 'heading_rad': 0.0}
[can] backend=detectnet_native no detections
[map] motion direction=forward speed=0.6 effective_seconds=0.05008411407470703 pose={'x_m': 0.0, 'y_m': 0.04613658636808395, 'heading_rad': 0.0}
[can] backend=detectnet_native no detections
[map] motion direction=forward speed=0.6 effective_seconds=0.048819541931152344 pose={'x_m': 0.0, 'y_m': 0.051201613843441005, 'heading_rad': 0.0}
[can] backend=detectnet_native no detections
[map] motion direction=forward speed=0.6 effective_seconds=0.047991037368774414 pose={'x_m': 0.0, 'y_m': 0.05618068397045135, 'heading_rad': 0.0}
[can] backend=detectnet_native no detections
[map] motion direction=forward speed=0.6 effective_seconds=0.047873497009277344 pose={'x_m': 0.0, 'y_m': 0.061147559285163876, 'heading_rad': 0.0}
[can] backend=detectnet_native no detections
[map] motion direction=forward speed=0.6 effective_seconds=0.047562599182128906 pose={'x_m': 0.0, 'y_m': 0.06608217895030975, 'heading_rad': 0.0}
[can] backend=detectnet_native no detections
[map] motion direction=forward speed=0.6 effective_seconds=0.04776716232299805 pose={'x_m': 0.0, 'y_m': 0.0710380220413208, 'heading_rad': 0.0}
[can] backend=detectnet_native no detections
[map] motion direction=forward speed=0.6 effective_seconds=0.047864675521850586 pose={'x_m': 0.0, 'y_m': 0.0760039821267128, 'heading_rad': 0.0}
[can] backend=detectnet_native no detections
[map] motion direction=forward speed=0.6 effective_seconds=0.0463862419128418 pose={'x_m': 0.0, 'y_m': 0.08081655472517014, 'heading_rad': 0.0}
[can] backend=detectnet_native no detections
[map] motion direction=forward speed=0.6 effective_seconds=0.04619145393371582 pose={'x_m': 0.0, 'y_m': 0.08560891807079316, 'heading_rad': 0.0}
[can] backend=detectnet_native no detections
[map] motion direction=forward speed=0.6 effective_seconds=0.04662775993347168 pose={'x_m': 0.0, 'y_m': 0.09044654816389085, 'heading_rad': 0.0}
[can] backend=detectnet_native no detections
[map] motion direction=forward speed=0.6 effective_seconds=0.04634571075439453 pose={'x_m': 0.0, 'y_m': 0.09525491565465928, 'heading_rad': 0.0}
[can] backend=detectnet_native no detections
[map] motion direction=forward speed=0.6 effective_seconds=0.046373844146728516 pose={'x_m': 0.0, 'y_m': 0.10006620198488236, 'heading_rad': 0.0}
[can] backend=detectnet_native no detections
[map] motion direction=forward speed=0.6 effective_seconds=0.047548770904541016 pose={'x_m': 0.0, 'y_m': 0.1049993869662285, 'heading_rad': 0.0}
[can] backend=detectnet_native no detections
[map] motion direction=forward speed=0.6 effective_seconds=0.04578065872192383 pose={'x_m': 0.0, 'y_m': 0.1097491303086281, 'heading_rad': 0.0}
[can] backend=detectnet_native no detections
[map] motion direction=forward speed=0.6 effective_seconds=0.04607963562011719 pose={'x_m': 0.0, 'y_m': 0.11452989250421525, 'heading_rad': 0.0}
[can] backend=detectnet_native no detections
[map] motion direction=forward speed=0.6 effective_seconds=0.04634666442871094 pose={'x_m': 0.0, 'y_m': 0.119338358938694, 'heading_rad': 0.0}
[can] backend=detectnet_native no detections
[map] motion direction=forward speed=0.6 effective_seconds=0.046305179595947266 pose={'x_m': 0.0, 'y_m': 0.12414252132177353, 'heading_rad': 0.0}
[can] backend=detectnet_native no detections
[map] motion direction=forward speed=0.6 effective_seconds=0.046572208404541016 pose={'x_m': 0.0, 'y_m': 0.12897438794374466, 'heading_rad': 0.0}
[can] backend=detectnet_native no detections
[map] motion direction=forward speed=0.6 effective_seconds=0.04598665237426758 pose={'x_m': 0.0, 'y_m': 0.1337455031275749, 'heading_rad': 0.0}
[can] backend=detectnet_native no detections
[map] motion direction=forward speed=0.6 effective_seconds=0.046033382415771484 pose={'x_m': 0.0, 'y_m': 0.1385214665532112, 'heading_rad': 0.0}
[can] backend=detectnet_native no detections
[map] motion direction=forward speed=0.6 effective_seconds=0.045915842056274414 pose={'x_m': 0.0, 'y_m': 0.14328523516654967, 'heading_rad': 0.0}
[can] backend=detectnet_native no detections
[map] motion direction=forward speed=0.6 effective_seconds=0.04575490951538086 pose={'x_m': 0.0, 'y_m': 0.14803230702877043, 'heading_rad': 0.0}
[can] backend=detectnet_native no detections
[map] motion direction=forward speed=0.6 effective_seconds=0.04558086395263672 pose={'x_m': 0.0, 'y_m': 0.1527613216638565, 'heading_rad': 0.0}
[map] motion direction=forward speed=0.6 effective_seconds=0.018695831298828125 pose={'x_m': 0.0, 'y_m': 0.15470101416110993, 'heading_rad': 0.0}
[base] continuous stop label=search_can_routine_2_step_0 elapsed=0.019s
[base] stop
[can] backend=detectnet_native no detections
[base] continuous start label=search_can_routine_2_step_1 direction=left requested_speed=0.15 effective_speed=0.15
[can] backend=detectnet_native no detections
[map] motion direction=left speed=0.15 effective_seconds=0.045832157135009766 pose={'x_m': 0.0, 'y_m': 0.15470101416110993, 'heading_rad': -0.00791131693151259}
[can] backend=detectnet_native no detections
[map] motion direction=left speed=0.15 effective_seconds=0.0464015007019043 pose={'x_m': 0.0, 'y_m': 0.15470101416110993, 'heading_rad': -0.01592091109198801}
[can] backend=detectnet_native no detections
[map] motion direction=left speed=0.15 effective_seconds=0.04620862007141113 pose={'x_m': 0.0, 'y_m': 0.15470101416110993, 'heading_rad': -0.023897211166102217}
[can] backend=detectnet_native no detections
[map] motion direction=left speed=0.15 effective_seconds=0.0460357666015625 pose={'x_m': 0.0, 'y_m': 0.15470101416110993, 'heading_rad': -0.03184367414180844}
[can] backend=detectnet_native no detections
[map] motion direction=left speed=0.15 effective_seconds=0.04609537124633789 pose={'x_m': 0.0, 'y_m': 0.15470101416110993, 'heading_rad': -0.03980042577213805}
[can] backend=detectnet_native no detections
[map] motion direction=left speed=0.15 effective_seconds=0.046003103256225586 pose={'x_m': 0.0, 'y_m': 0.15470101416110993, 'heading_rad': -0.04774125056511069}
[can] backend=detectnet_native no detections
[map] motion direction=left speed=0.15 effective_seconds=0.04625535011291504 pose={'x_m': 0.0, 'y_m': 0.15470101416110993, 'heading_rad': -0.05572561694444955}
[can] backend=detectnet_native no detections
[map] motion direction=left speed=0.15 effective_seconds=0.04626822471618652 pose={'x_m': 0.0, 'y_m': 0.15470101416110993, 'heading_rad': -0.06371220567318714}
[can] backend=detectnet_native no detections
[map] motion direction=left speed=0.15 effective_seconds=0.04600858688354492 pose={'x_m': 0.0, 'y_m': 0.15470101416110993, 'heading_rad': -0.07165397702238518}
[can] backend=detectnet_native no detections
[map] motion direction=left speed=0.15 effective_seconds=0.04596900939941406 pose={'x_m': 0.0, 'y_m': 0.15470101416110993, 'heading_rad': -0.07958891670491308}
[can] backend=detectnet_native no detections
[map] motion direction=left speed=0.15 effective_seconds=0.04640483856201172 pose={'x_m': 0.0, 'y_m': 0.15470101416110993, 'heading_rad': -0.0875990870300476}
[can] backend=detectnet_native no detections
[map] motion direction=left speed=0.15 effective_seconds=0.05740761756896973 pose={'x_m': 0.0, 'y_m': 0.15470101416110993, 'heading_rad': -0.09750850184404669}
[can] backend=detectnet_native no detections
[map] motion direction=left speed=0.15 effective_seconds=0.045795440673828125 pose={'x_m': 0.0, 'y_m': 0.15470101416110993, 'heading_rad': -0.10541348096431147}
[can] backend=detectnet_native no detections
[map] motion direction=left speed=0.15 effective_seconds=0.045957326889038086 pose={'x_m': 0.0, 'y_m': 0.15470101416110993, 'heading_rad': -0.11334640407053342}
[can] backend=detectnet_native no detections
[map] motion direction=left speed=0.15 effective_seconds=0.046437740325927734 pose={'x_m': 0.0, 'y_m': 0.15470101416110993, 'heading_rad': -0.1213622537330199}
[can] backend=detectnet_native no detections
[map] motion direction=left speed=0.15 effective_seconds=0.046347618103027344 pose={'x_m': 0.0, 'y_m': 0.15470101416110993, 'heading_rad': -0.12936254694971572}
[can] backend=detectnet_native no detections
[map] motion direction=left speed=0.15 effective_seconds=0.04648947715759277 pose={'x_m': 0.0, 'y_m': 0.15470101416110993, 'heading_rad': -0.13738732716441548}
[can] backend=detectnet_native no detections
[map] motion direction=left speed=0.15 effective_seconds=0.046499013900756836 pose={'x_m': 0.0, 'y_m': 0.15470101416110993, 'heading_rad': -0.1454137535638549}
[can] backend=detectnet_native no detections
[map] motion direction=left speed=0.15 effective_seconds=0.04627656936645508 pose={'x_m': 0.0, 'y_m': 0.15470101416110993, 'heading_rad': -0.15340178270423976}
[can] backend=detectnet_native no detections
[map] motion direction=left speed=0.15 effective_seconds=0.04627275466918945 pose={'x_m': 0.0, 'y_m': 0.15470101416110993, 'heading_rad': -0.1613891533707288}
[can] backend=detectnet_native no detections
[map] motion direction=left speed=0.15 effective_seconds=0.04608798027038574 pose={'x_m': 0.0, 'y_m': 0.15470101416110993, 'heading_rad': -0.16934462920788507}
[can] backend=detectnet_native no detections
[map] motion direction=left speed=0.15 effective_seconds=0.0460660457611084 pose={'x_m': 0.0, 'y_m': 0.15470101416110993, 'heading_rad': -0.1772963188201402}
[can] backend=detectnet_native no detections
[map] motion direction=left speed=0.15 effective_seconds=0.046411991119384766 pose={'x_m': 0.0, 'y_m': 0.15470101416110993, 'heading_rad': -0.1853077237838292}
[can] backend=detectnet_native no detections
[map] motion direction=left speed=0.15 effective_seconds=0.04650402069091797 pose={'x_m': 0.0, 'y_m': 0.15470101416110993, 'heading_rad': -0.1933350144302568}
[can] backend=detectnet_native no detections
[map] motion direction=left speed=0.15 effective_seconds=0.046570539474487305 pose={'x_m': 0.0, 'y_m': 0.15470101416110993, 'heading_rad': -0.20137378721524435}
[can] backend=detectnet_native no detections
[map] motion direction=left speed=0.15 effective_seconds=0.04621171951293945 pose={'x_m': 0.0, 'y_m': 0.15470101416110993, 'heading_rad': -0.20935062229939883}
[can] backend=detectnet_native no detections
[map] motion direction=left speed=0.15 effective_seconds=0.04623723030090332 pose={'x_m': 0.0, 'y_m': 0.15470101416110993, 'heading_rad': -0.21733186092773238}
[can] backend=detectnet_native no detections
[map] motion direction=left speed=0.15 effective_seconds=0.04612445831298828 pose={'x_m': 0.0, 'y_m': 0.15470101416110993, 'heading_rad': -0.2252936334215181}
[can] backend=detectnet_native no detections
[map] motion direction=left speed=0.15 effective_seconds=0.04576849937438965 pose={'x_m': 0.0, 'y_m': 0.15470101416110993, 'heading_rad': -0.23319396206989307}
[can] backend=detectnet_native no detections
[map] motion direction=left speed=0.15 effective_seconds=0.046152591705322266 pose={'x_m': 0.0, 'y_m': 0.15470101416110993, 'heading_rad': -0.24116059080866137}
[can] backend=detectnet_native no detections
[map] motion direction=left speed=0.15 effective_seconds=0.04629993438720703 pose={'x_m': 0.0, 'y_m': 0.15470101416110993, 'heading_rad': -0.24915265310165857}
[can] backend=detectnet_native no detections
[map] motion direction=left speed=0.15 effective_seconds=0.04590559005737305 pose={'x_m': 0.0, 'y_m': 0.15470101416110993, 'heading_rad': -0.25707664565566724}
[can] backend=detectnet_native no detections
[map] motion direction=left speed=0.15 effective_seconds=0.046080589294433594 pose={'x_m': 0.0, 'y_m': 0.15470101416110993, 'heading_rad': -0.2650308456996502}
[can] backend=detectnet_native no detections
[map] motion direction=left speed=0.15 effective_seconds=0.046376943588256836 pose={'x_m': 0.0, 'y_m': 0.15470101416110993, 'heading_rad': -0.27303620093442094}
[can] backend=detectnet_native no detections
[map] motion direction=left speed=0.15 effective_seconds=0.04636096954345703 pose={'x_m': 0.0, 'y_m': 0.15470101416110993, 'heading_rad': -0.28103879880975224}
[can] backend=detectnet_native no detections
[map] motion direction=left speed=0.15 effective_seconds=0.046277523040771484 pose={'x_m': 0.0, 'y_m': 0.15470101416110993, 'heading_rad': -0.2890269925686111}
[can] backend=detectnet_native no detections
[map] motion direction=left speed=0.15 effective_seconds=0.0476984977722168 pose={'x_m': 0.0, 'y_m': 0.15470101416110993, 'heading_rad': -0.2972604678536923}
[can] backend=detectnet_native no detections
[map] motion direction=left speed=0.15 effective_seconds=0.04590940475463867 pose={'x_m': 0.0, 'y_m': 0.15470101416110993, 'heading_rad': -0.30518511888159683}
[can] backend=detectnet_native no detections
[map] motion direction=left speed=0.15 effective_seconds=0.04610776901245117 pose={'x_m': 0.0, 'y_m': 0.15470101416110993, 'heading_rad': -0.31314401055208796}
[can] backend=detectnet_native no detections
[map] motion direction=left speed=0.15 effective_seconds=0.046181678771972656 pose={'x_m': 0.0, 'y_m': 0.15470101416110993, 'heading_rad': -0.32111566015431237}
[can] backend=detectnet_native no detections
[map] motion direction=left speed=0.15 effective_seconds=0.04655337333679199 pose={'x_m': 0.0, 'y_m': 0.15470101416110993, 'heading_rad': -0.3291514698067681}
[can] backend=detectnet_native no detections
[map] motion direction=left speed=0.15 effective_seconds=0.04620838165283203 pose={'x_m': 0.0, 'y_m': 0.15470101416110993, 'heading_rad': -0.33712772872626395}
[can] backend=detectnet_native no detections
[map] motion direction=left speed=0.15 effective_seconds=0.046195268630981445 pose={'x_m': 0.0, 'y_m': 0.15470101416110993, 'heading_rad': -0.3451017241417422}
[can] backend=detectnet_native no detections
[map] motion direction=left speed=0.15 effective_seconds=0.04625391960144043 pose={'x_m': 0.0, 'y_m': 0.15470101416110993, 'heading_rad': -0.35308584359337036}
[can] backend=detectnet_native no detections
[map] motion direction=left speed=0.15 effective_seconds=0.04635262489318848 pose={'x_m': 0.0, 'y_m': 0.15470101416110993, 'heading_rad': -0.3610870010570548}
[can] backend=detectnet_native no detections
[map] motion direction=left speed=0.15 effective_seconds=0.045995235443115234 pose={'x_m': 0.0, 'y_m': 0.15470101416110993, 'heading_rad': -0.36902646774761694}
[can] backend=detectnet_native no detections
[map] motion direction=left speed=0.15 effective_seconds=0.04570126533508301 pose={'x_m': 0.0, 'y_m': 0.15470101416110993, 'heading_rad': -0.3769151907935764}
[can] backend=detectnet_native no detections
[map] motion direction=left speed=0.15 effective_seconds=0.04629826545715332 pose={'x_m': 0.0, 'y_m': 0.15470101416110993, 'heading_rad': -0.38490696500424404}
[can] backend=detectnet_native no detections
[map] motion direction=left speed=0.15 effective_seconds=0.046128034591674805 pose={'x_m': 0.0, 'y_m': 0.15470101416110993, 'heading_rad': -0.3928693548173072}
[can] backend=detectnet_native no detections
[map] motion direction=left speed=0.15 effective_seconds=0.04638242721557617 pose={'x_m': 0.0, 'y_m': 0.15470101416110993, 'heading_rad': -0.4008756566083034}
[can] backend=detectnet_native no detections
[map] motion direction=left speed=0.15 effective_seconds=0.046387434005737305 pose={'x_m': 0.0, 'y_m': 0.15470101416110993, 'heading_rad': -0.4088828226462877}
[can] backend=detectnet_native no detections
[map] motion direction=left speed=0.15 effective_seconds=0.04630708694458008 pose={'x_m': 0.0, 'y_m': 0.15470101416110993, 'heading_rad': -0.4168761195778399}
[can] backend=detectnet_native no detections
[map] motion direction=left speed=0.15 effective_seconds=0.046013593673706055 pose={'x_m': 0.0, 'y_m': 0.15470101416110993, 'heading_rad': -0.4248187551740261}
[can] backend=detectnet_native no detections
[map] motion direction=left speed=0.15 effective_seconds=0.0457916259765625 pose={'x_m': 0.0, 'y_m': 0.15470101416110993, 'heading_rad': -0.4327230758203946}
[can] backend=detectnet_native no detections
[map] motion direction=left speed=0.15 effective_seconds=0.04613685607910156 pose={'x_m': 0.0, 'y_m': 0.15470101416110993, 'heading_rad': -0.4406869883543423}
[can] backend=detectnet_native no detections
[map] motion direction=left speed=0.15 effective_seconds=0.04627585411071777 pose={'x_m': 0.0, 'y_m': 0.15470101416110993, 'heading_rad': -0.4486748940308716}
[can] backend=detectnet_native no detections
[map] motion direction=left speed=0.15 effective_seconds=0.046272993087768555 pose={'x_m': 0.0, 'y_m': 0.15470101416110993, 'heading_rad': -0.456662305851979}
[can] backend=detectnet_native no detections
[map] motion direction=left speed=0.15 effective_seconds=0.04617023468017578 pose={'x_m': 0.0, 'y_m': 0.15470101416110993, 'heading_rad': -0.4646319800325154}
[can] backend=detectnet_native no detections
[map] motion direction=left speed=0.15 effective_seconds=0.04630923271179199 pose={'x_m': 0.0, 'y_m': 0.15470101416110993, 'heading_rad': -0.47262564735563384}
[can] backend=detectnet_native no detections
[map] motion direction=left speed=0.15 effective_seconds=0.04618382453918457 pose={'x_m': 0.0, 'y_m': 0.15470101416110993, 'heading_rad': -0.48059766734942455}
[can] backend=detectnet_native no detections
[map] motion direction=left speed=0.15 effective_seconds=0.046300649642944336 pose={'x_m': 0.0, 'y_m': 0.15470101416110993, 'heading_rad': -0.48858985310627734}
[can] backend=detectnet_native no detections
[map] motion direction=left speed=0.15 effective_seconds=0.045922279357910156 pose={'x_m': 0.0, 'y_m': 0.15470101416110993, 'heading_rad': -0.4965167264835806}
[can] backend=detectnet_native no detections
[map] motion direction=left speed=0.15 effective_seconds=0.04597806930541992 pose={'x_m': 0.0, 'y_m': 0.15470101416110993, 'heading_rad': -0.5044532300416114}
[can] backend=detectnet_native no detections
[map] motion direction=left speed=0.15 effective_seconds=0.04620766639709473 pose={'x_m': 0.0, 'y_m': 0.15470101416110993, 'heading_rad': -0.5124293654972516}
[can] backend=detectnet_native no detections
[map] motion direction=left speed=0.15 effective_seconds=0.04620695114135742 pose={'x_m': 0.0, 'y_m': 0.15470101416110993, 'heading_rad': -0.5204053774890363}
[can] backend=detectnet_native no detections
[map] motion direction=left speed=0.15 effective_seconds=0.046245574951171875 pose={'x_m': 0.0, 'y_m': 0.15470101416110993, 'heading_rad': -0.5283880565290167}
[can] backend=detectnet_native no detections
[map] motion direction=left speed=0.15 effective_seconds=0.046263933181762695 pose={'x_m': 0.0, 'y_m': 0.15470101416110993, 'heading_rad': -0.5363739044746212}
[can] backend=detectnet_native no detections
[map] motion direction=left speed=0.15 effective_seconds=0.04624128341674805 pose={'x_m': 0.0, 'y_m': 0.15470101416110993, 'heading_rad': -0.544355842731469}
[can] backend=detectnet_native no detections
[map] motion direction=left speed=0.15 effective_seconds=0.04635500907897949 pose={'x_m': 0.0, 'y_m': 0.15470101416110993, 'heading_rad': -0.5523574117413381}
[can] backend=detectnet_native no detections
[map] motion direction=left speed=0.15 effective_seconds=0.0456693172454834 pose={'x_m': 0.0, 'y_m': 0.15470101416110993, 'heading_rad': -0.5602406200684196}
[can] backend=detectnet_native no detections
[map] motion direction=left speed=0.15 effective_seconds=0.046005964279174805 pose={'x_m': 0.0, 'y_m': 0.15470101416110993, 'heading_rad': -0.5681819387168141}
[can] backend=detectnet_native no detections
[map] motion direction=left speed=0.15 effective_seconds=0.046363115310668945 pose={'x_m': 0.0, 'y_m': 0.15470101416110993, 'heading_rad': -0.5761849069837122}
[can] backend=detectnet_native no detections
[map] motion direction=left speed=0.15 effective_seconds=0.046129465103149414 pose={'x_m': 0.0, 'y_m': 0.15470101416110993, 'heading_rad': -0.5841475437244865}
[can] backend=detectnet_native no detections
[map] motion direction=left speed=0.15 effective_seconds=0.04661250114440918 pose={'x_m': 0.0, 'y_m': 0.15470101416110993, 'heading_rad': -0.5921935597223289}
[can] backend=detectnet_native no detections
[map] motion direction=left speed=0.15 effective_seconds=0.04619956016540527 pose={'x_m': 0.0, 'y_m': 0.15470101416110993, 'heading_rad': -0.6001682959209402}
[can] backend=detectnet_native no detections
[map] motion direction=left speed=0.15 effective_seconds=0.04608893394470215 pose={'x_m': 0.0, 'y_m': 0.15470101416110993, 'heading_rad': -0.6081239363765705}
[can] backend=detectnet_native no detections
[map] motion direction=left speed=0.15 effective_seconds=0.04626321792602539 pose={'x_m': 0.0, 'y_m': 0.15470101416110993, 'heading_rad': -0.6161096608583199}
[can] backend=detectnet_native no detections
[map] motion direction=left speed=0.15 effective_seconds=0.045781850814819336 pose={'x_m': 0.0, 'y_m': 0.15470101416110993, 'heading_rad': -0.6240122941653303}
[can] backend=detectnet_native no detections
[map] motion direction=left speed=0.15 effective_seconds=0.04603004455566406 pose={'x_m': 0.0, 'y_m': 0.15470101416110993, 'heading_rad': -0.6319577694301928}
[can] backend=detectnet_native no detections
[map] motion direction=left speed=0.15 effective_seconds=0.04611706733703613 pose={'x_m': 0.0, 'y_m': 0.15470101416110993, 'heading_rad': -0.6399182661308052}
[can] backend=detectnet_native no detections
[map] motion direction=left speed=0.15 effective_seconds=0.047306060791015625 pose={'x_m': 0.0, 'y_m': 0.15470101416110993, 'heading_rad': -0.6480840009138458}
[can] backend=detectnet_native no detections
[map] motion direction=left speed=0.15 effective_seconds=0.04612112045288086 pose={'x_m': 0.0, 'y_m': 0.15470101416110993, 'heading_rad': -0.6560451972429728}
[can] backend=detectnet_native no detections
[map] motion direction=left speed=0.15 effective_seconds=0.046225786209106445 pose={'x_m': 0.0, 'y_m': 0.15470101416110993, 'heading_rad': -0.6640244604496184}
[can] backend=detectnet_native no detections
[map] motion direction=left speed=0.15 effective_seconds=0.04603457450866699 pose={'x_m': 0.0, 'y_m': 0.15470101416110993, 'heading_rad': -0.6719707176522323}
[can] backend=detectnet_native no detections
[map] motion direction=left speed=0.15 effective_seconds=0.04652833938598633 pose={'x_m': 0.0, 'y_m': 0.15470101416110993, 'heading_rad': -0.6800022060697462}
[can] backend=detectnet_native no detections
[map] motion direction=left speed=0.15 effective_seconds=0.0458223819732666 pose={'x_m': 0.0, 'y_m': 0.15470101416110993, 'heading_rad': -0.6879118356619003}
[can] backend=detectnet_native no detections
[map] motion direction=left speed=0.15 effective_seconds=0.04557085037231445 pose={'x_m': 0.0, 'y_m': 0.15470101416110993, 'heading_rad': -0.6957780471315438}
[can] backend=detectnet_native no detections
[map] motion direction=left speed=0.15 effective_seconds=0.04604506492614746 pose={'x_m': 0.0, 'y_m': 0.15470101416110993, 'heading_rad': -0.7037261151373713}
[can] backend=detectnet_native no detections
[map] motion direction=left speed=0.15 effective_seconds=0.04631304740905762 pose={'x_m': 0.0, 'y_m': 0.15470101416110993, 'heading_rad': -0.7117204409343856}
[can] backend=detectnet_native no detections
[map] motion direction=left speed=0.15 effective_seconds=0.04627180099487305 pose={'x_m': 0.0, 'y_m': 0.15470101416110993, 'heading_rad': -0.7197076469824006}
[can] backend=detectnet_native no detections
[map] motion direction=left speed=0.15 effective_seconds=0.04625725746154785 pose={'x_m': 0.0, 'y_m': 0.15470101416110993, 'heading_rad': -0.7276923425986874}
[can] backend=detectnet_native no detections
[map] motion direction=left speed=0.15 effective_seconds=0.04624199867248535 pose={'x_m': 0.0, 'y_m': 0.15470101416110993, 'heading_rad': -0.7356744043193908}
[can] backend=detectnet_native no detections
[map] motion direction=left speed=0.15 effective_seconds=0.04645514488220215 pose={'x_m': 0.0, 'y_m': 0.15470101416110993, 'heading_rad': -0.7436932582690274}
[can] backend=detectnet_native no detections
[map] motion direction=left speed=0.15 effective_seconds=0.04602193832397461 pose={'x_m': 0.0, 'y_m': 0.15470101416110993, 'heading_rad': -0.751637334276861}
[can] backend=detectnet_native no detections
[map] motion direction=left speed=0.15 effective_seconds=0.0458066463470459 pose={'x_m': 0.0, 'y_m': 0.15470101416110993, 'heading_rad': -0.7595442476641949}
[can] backend=detectnet_native no detections
[map] motion direction=left speed=0.15 effective_seconds=0.04606986045837402 pose={'x_m': 0.0, 'y_m': 0.15470101416110993, 'heading_rad': -0.7674965957503455}
[can] backend=detectnet_native no detections
[map] motion direction=left speed=0.15 effective_seconds=0.046070098876953125 pose={'x_m': 0.0, 'y_m': 0.15470101416110993, 'heading_rad': -0.7754489849911148}
[can] backend=detectnet_native no detections
[map] motion direction=left speed=0.15 effective_seconds=0.04617023468017578 pose={'x_m': 0.0, 'y_m': 0.15470101416110993, 'heading_rad': -0.7834186591716517}
[can] backend=detectnet_native no detections
[map] motion direction=left speed=0.15 effective_seconds=0.0462191104888916 pose={'x_m': 0.0, 'y_m': 0.15470101416110993, 'heading_rad': -0.7913967700489795}
[can] backend=detectnet_native no detections
[map] motion direction=left speed=0.15 effective_seconds=0.04627394676208496 pose={'x_m': 0.0, 'y_m': 0.15470101416110993, 'heading_rad': -0.7993843464885608}
[can] backend=detectnet_native no detections
[map] motion direction=left speed=0.15 effective_seconds=0.046240806579589844 pose={'x_m': 0.0, 'y_m': 0.15470101416110993, 'heading_rad': -0.8073662024361714}
[can] backend=detectnet_native no detections
[map] motion direction=left speed=0.15 effective_seconds=0.046067237854003906 pose={'x_m': 0.0, 'y_m': 0.15470101416110993, 'heading_rad': -0.8153180978215189}
[can] backend=detectnet_native no detections
[map] motion direction=left speed=0.15 effective_seconds=0.045746803283691406 pose={'x_m': 0.0, 'y_m': 0.15470101416110993, 'heading_rad': -0.8232146813996106}
[can] backend=detectnet_native no detections
[map] motion direction=left speed=0.15 effective_seconds=0.04711103439331055 pose={'x_m': 0.0, 'y_m': 0.15470101416110993, 'heading_rad': -0.8313467517047233}
[can] backend=detectnet_native no detections
[map] motion direction=left speed=0.15 effective_seconds=0.04835844039916992 pose={'x_m': 0.0, 'y_m': 0.15470101416110993, 'heading_rad': -0.8396941429737947}
[can] backend=detectnet_native no detections
[map] motion direction=left speed=0.15 effective_seconds=0.04636669158935547 pose={'x_m': 0.0, 'y_m': 0.15470101416110993, 'heading_rad': -0.8476977285599703}
[can] backend=detectnet_native no detections
[map] motion direction=left speed=0.15 effective_seconds=0.046335697174072266 pose={'x_m': 0.0, 'y_m': 0.15470101416110993, 'heading_rad': -0.8556959640457418}
[can] backend=detectnet_native no detections
[map] motion direction=left speed=0.15 effective_seconds=0.046460866928100586 pose={'x_m': 0.0, 'y_m': 0.15470101416110993, 'heading_rad': -0.8637158057062222}
[can] backend=detectnet_native no detections
[map] motion direction=left speed=0.15 effective_seconds=0.04616045951843262 pose={'x_m': 0.0, 'y_m': 0.15470101416110993, 'heading_rad': -0.8716837925474006}
[can] backend=detectnet_native no detections
[map] motion direction=left speed=0.15 effective_seconds=0.04754376411437988 pose={'x_m': 0.0, 'y_m': 0.15470101416110993, 'heading_rad': -0.8798905584850791}
[can] backend=detectnet_native no detections
[map] motion direction=left speed=0.15 effective_seconds=0.04581451416015625 pose={'x_m': 0.0, 'y_m': 0.15470101416110993, 'heading_rad': -0.8877988299748232}
[can] backend=detectnet_native no detections
[map] motion direction=left speed=0.15 effective_seconds=0.045838356018066406 pose={'x_m': 0.0, 'y_m': 0.15470101416110993, 'heading_rad': -0.8957112169264168}
[can] backend=detectnet_native no detections
[map] motion direction=left speed=0.15 effective_seconds=0.0463407039642334 pose={'x_m': 0.0, 'y_m': 0.15470101416110993, 'heading_rad': -0.9037103166591764}
[can] backend=detectnet_native no detections
[map] motion direction=left speed=0.15 effective_seconds=0.0465242862701416 pose={'x_m': 0.0, 'y_m': 0.15470101416110993, 'heading_rad': -0.9117411054481761}
[can] backend=detectnet_native no detections
[map] motion direction=left speed=0.15 effective_seconds=0.04616522789001465 pose={'x_m': 0.0, 'y_m': 0.15470101416110993, 'heading_rad': -0.9197099153817243}
[can] backend=detectnet_native no detections
[map] motion direction=left speed=0.15 effective_seconds=0.04661297798156738 pose={'x_m': 0.0, 'y_m': 0.15470101416110993, 'heading_rad': -0.9277560136888034}
[can] backend=detectnet_native no detections
[map] motion direction=left speed=0.15 effective_seconds=0.04640340805053711 pose={'x_m': 0.0, 'y_m': 0.15470101416110993, 'heading_rad': -0.9357659370862268}
[can] backend=detectnet_native no detections
[map] motion direction=left speed=0.15 effective_seconds=0.04599165916442871 pose={'x_m': 0.0, 'y_m': 0.15470101416110993, 'heading_rad': -0.9437047864575119}
[can] backend=detectnet_native no detections
[map] motion direction=left speed=0.15 effective_seconds=0.04581928253173828 pose={'x_m': 0.0, 'y_m': 0.15470101416110993, 'heading_rad': -0.9516138810396257}
[can] backend=detectnet_native no detections
[map] motion direction=left speed=0.15 effective_seconds=0.04609870910644531 pose={'x_m': 0.0, 'y_m': 0.15470101416110993, 'heading_rad': -0.959571208834614}
[can] backend=detectnet_native no detections
[map] motion direction=left speed=0.15 effective_seconds=0.04615354537963867 pose={'x_m': 0.0, 'y_m': 0.15470101416110993, 'heading_rad': -0.9675380021918558}
[can] backend=detectnet_native no detections
[map] motion direction=left speed=0.15 effective_seconds=0.04927849769592285 pose={'x_m': 0.0, 'y_m': 0.15470101416110993, 'heading_rad': -0.9760442091336943}
[can] backend=detectnet_native no detections
[map] motion direction=left speed=0.15 effective_seconds=0.04610872268676758 pose={'x_m': 0.0, 'y_m': 0.15470101416110993, 'heading_rad': -0.9840032654226594}
[can] backend=detectnet_native no detections
[map] motion direction=left speed=0.15 effective_seconds=0.046115875244140625 pose={'x_m': 0.0, 'y_m': 0.15470101416110993, 'heading_rad': -0.9919635563501794}
[can] backend=detectnet_native no detections
[map] motion direction=left speed=0.15 effective_seconds=0.04642224311828613 pose={'x_m': 0.0, 'y_m': 0.15470101416110993, 'heading_rad': -0.9999767309624641}
[can] backend=detectnet_native no detections
[map] motion direction=left speed=0.15 effective_seconds=0.046048641204833984 pose={'x_m': 0.0, 'y_m': 0.15470101416110993, 'heading_rad': -1.007925416287569}
[can] backend=detectnet_native no detections
[map] motion direction=left speed=0.15 effective_seconds=0.04723095893859863 pose={'x_m': 0.0, 'y_m': 0.15470101416110993, 'heading_rad': -1.016078187365784}
[can] backend=detectnet_native no detections
[map] motion direction=left speed=0.15 effective_seconds=0.04581642150878906 pose={'x_m': 0.0, 'y_m': 0.15470101416110993, 'heading_rad': -1.023986788092476}
[can] backend=detectnet_native no detections
[map] motion direction=left speed=0.15 effective_seconds=0.04623532295227051 pose={'x_m': 0.0, 'y_m': 0.15470101416110993, 'heading_rad': -1.0319676974838616}
[can] backend=detectnet_native no detections
[map] motion direction=left speed=0.15 effective_seconds=0.04610586166381836 pose={'x_m': 0.0, 'y_m': 0.15470101416110993, 'heading_rad': -1.0399262599174053}
[can] backend=detectnet_native no detections
[map] motion direction=left speed=0.15 effective_seconds=0.04636096954345703 pose={'x_m': 0.0, 'y_m': 0.15470101416110993, 'heading_rad': -1.047928857792737}
[can] backend=detectnet_native no detections
[map] motion direction=left speed=0.15 effective_seconds=0.04622197151184082 pose={'x_m': 0.0, 'y_m': 0.15470101416110993, 'heading_rad': -1.0559074625254867}
[can] backend=detectnet_native no detections
[map] motion direction=left speed=0.15 effective_seconds=0.04645371437072754 pose={'x_m': 0.0, 'y_m': 0.15470101416110993, 'heading_rad': -1.0639260695474126}
[can] backend=detectnet_native no detections
[map] motion direction=left speed=0.15 effective_seconds=0.045978546142578125 pose={'x_m': 0.0, 'y_m': 0.15470101416110993, 'heading_rad': -1.0718626554146802}
[can] backend=detectnet_native no detections
[map] motion direction=left speed=0.15 effective_seconds=0.045881032943725586 pose={'x_m': 0.0, 'y_m': 0.15470101416110993, 'heading_rad': -1.0797824090429842}
[can] backend=detectnet_native no detections
[map] motion direction=left speed=0.15 effective_seconds=0.045987844467163086 pose={'x_m': 0.0, 'y_m': 0.15470101416110993, 'heading_rad': -1.087720599940373}
[can] backend=detectnet_native no detections
[map] motion direction=left speed=0.15 effective_seconds=0.04642009735107422 pose={'x_m': 0.0, 'y_m': 0.15470101416110993, 'heading_rad': -1.0957334041610909}
[can] backend=detectnet_native no detections
[map] motion direction=left speed=0.15 effective_seconds=0.046602725982666016 pose={'x_m': 0.0, 'y_m': 0.15470101416110993, 'heading_rad': -1.1037777328195748}
[can] backend=detectnet_native no detections
[map] motion direction=left speed=0.15 effective_seconds=0.04640054702758789 pose={'x_m': 0.0, 'y_m': 0.15470101416110993, 'heading_rad': -1.1117871623615763}
[can] backend=detectnet_native no detections
[map] motion direction=left speed=0.15 effective_seconds=0.0464930534362793 pose={'x_m': 0.0, 'y_m': 0.15470101416110993, 'heading_rad': -1.1198125598955535}
[can] backend=detectnet_native no detections
[map] motion direction=left speed=0.15 effective_seconds=0.0461733341217041 pose={'x_m': 0.0, 'y_m': 0.15470101416110993, 'heading_rad': -1.1277827690861306}
[can] backend=detectnet_native no detections
[map] motion direction=left speed=0.15 effective_seconds=0.04634571075439453 pose={'x_m': 0.0, 'y_m': 0.15470101416110993, 'heading_rad': -1.1357827330658785}
[can] backend=detectnet_native no detections
[map] motion direction=left speed=0.15 effective_seconds=0.046013832092285156 pose={'x_m': 0.0, 'y_m': 0.15470101416110993, 'heading_rad': -1.1437254098166834}
[can] backend=detectnet_native no detections
[map] motion direction=left speed=0.15 effective_seconds=0.046218156814575195 pose={'x_m': 0.0, 'y_m': 0.15470101416110993, 'heading_rad': -1.1517033560755372}
[can] backend=detectnet_native no detections
[map] motion direction=left speed=0.15 effective_seconds=0.04621148109436035 pose={'x_m': 0.0, 'y_m': 0.15470101416110993, 'heading_rad': -1.1596801500050733}
[can] backend=detectnet_native no detections
[map] motion direction=left speed=0.15 effective_seconds=0.046173095703125 pose={'x_m': 0.0, 'y_m': 0.15470101416110993, 'heading_rad': -1.1676503180410318}
[can] backend=detectnet_native no detections
[map] motion direction=left speed=0.15 effective_seconds=0.04653573036193848 pose={'x_m': 0.0, 'y_m': 0.15470101416110993, 'heading_rad': -1.1756830822517192}
[can] backend=detectnet_native no detections
[map] motion direction=left speed=0.15 effective_seconds=0.04622173309326172 pose={'x_m': 0.0, 'y_m': 0.15470101416110993, 'heading_rad': -1.1836616458298506}
[can] backend=detectnet_native no detections
[map] motion direction=left speed=0.15 effective_seconds=0.04630398750305176 pose={'x_m': 0.0, 'y_m': 0.15470101416110993, 'heading_rad': -1.1916544077513622}
[can] backend=detectnet_native no detections
[map] motion direction=left speed=0.15 effective_seconds=0.04589200019836426 pose={'x_m': 0.0, 'y_m': 0.15470101416110993, 'heading_rad': -1.1995760544921168}
[can] backend=detectnet_native no detections
[map] motion direction=left speed=0.15 effective_seconds=0.046942710876464844 pose={'x_m': 0.0, 'y_m': 0.15470101416110993, 'heading_rad': -1.207679069636573}
[can] backend=detectnet_native no detections
[map] motion direction=left speed=0.15 effective_seconds=0.04635286331176758 pose={'x_m': 0.0, 'y_m': 0.15470101416110993, 'heading_rad': -1.2156802682548757}
[can] backend=detectnet_native no detections
[map] motion direction=left speed=0.15 effective_seconds=0.046076297760009766 pose={'x_m': 0.0, 'y_m': 0.15470101416110993, 'heading_rad': -1.2236337275157259}
[can] backend=detectnet_native no detections
[map] motion direction=left speed=0.15 effective_seconds=0.04636645317077637 pose={'x_m': 0.0, 'y_m': 0.15470101416110993, 'heading_rad': -1.2316372719472828}
[can] backend=detectnet_native no detections
[map] motion direction=left speed=0.15 effective_seconds=0.04606819152832031 pose={'x_m': 0.0, 'y_m': 0.15470101416110993, 'heading_rad': -1.2395893319511042}
[can] backend=detectnet_native no detections
[map] motion direction=left speed=0.15 effective_seconds=0.046318769454956055 pose={'x_m': 0.0, 'y_m': 0.15470101416110993, 'heading_rad': -1.2475846454589623}
[can] backend=detectnet_native no detections
[map] motion direction=left speed=0.15 effective_seconds=0.0463104248046875 pose={'x_m': 0.0, 'y_m': 0.15470101416110993, 'heading_rad': -1.255578518555173}
[can] backend=detectnet_native no detections
[map] motion direction=left speed=0.15 effective_seconds=0.046227455139160156 pose={'x_m': 0.0, 'y_m': 0.15470101416110993, 'heading_rad': -1.2635580698441482}
[can] backend=detectnet_native no detections
[map] motion direction=left speed=0.15 effective_seconds=0.04814481735229492 pose={'x_m': 0.0, 'y_m': 0.15470101416110993, 'heading_rad': -1.2718685865750494}
[can] backend=detectnet_native no detections
[map] motion direction=left speed=0.15 effective_seconds=0.0458827018737793 pose={'x_m': 0.0, 'y_m': 0.15470101416110993, 'heading_rad': -1.2797886282856827}
[can] backend=detectnet_native no detections
[map] motion direction=left speed=0.15 effective_seconds=0.04644036293029785 pose={'x_m': 0.0, 'y_m': 0.15470101416110993, 'heading_rad': -1.2878049306489727}
[can] backend=detectnet_native no detections
[map] motion direction=left speed=0.15 effective_seconds=0.04637742042541504 pose={'x_m': 0.0, 'y_m': 0.15470101416110993, 'heading_rad': -1.2958103681929805}
[can] backend=detectnet_native no detections
[map] motion direction=left speed=0.15 effective_seconds=0.04630303382873535 pose={'x_m': 0.0, 'y_m': 0.15470101416110993, 'heading_rad': -1.3038029654960182}
[can] backend=detectnet_native no detections
[map] motion direction=left speed=0.15 effective_seconds=0.04608035087585449 pose={'x_m': 0.0, 'y_m': 0.15470101416110993, 'heading_rad': -1.3117571243853827}
[can] backend=detectnet_native no detections
[map] motion direction=left speed=0.15 effective_seconds=0.046163320541381836 pose={'x_m': 0.0, 'y_m': 0.15470101416110993, 'heading_rad': -1.319725605081983}
[can] backend=detectnet_native no detections
[map] motion direction=left speed=0.15 effective_seconds=0.04670310020446777 pose={'x_m': 0.0, 'y_m': 0.15470101416110993, 'heading_rad': -1.327787259834853}
[can] backend=detectnet_native no detections
[map] motion direction=left speed=0.15 effective_seconds=0.04688715934753418 pose={'x_m': 0.0, 'y_m': 0.15470101416110993, 'heading_rad': -1.3358806859532002}
[can] backend=detectnet_native no detections
[map] motion direction=left speed=0.15 effective_seconds=0.04626798629760742 pose={'x_m': 0.0, 'y_m': 0.15470101416110993, 'heading_rad': -1.3438672335273192}
[can] backend=detectnet_native no detections
[map] motion direction=left speed=0.15 effective_seconds=0.04603075981140137 pose={'x_m': 0.0, 'y_m': 0.15470101416110993, 'heading_rad': -1.351812832256037}
[can] backend=detectnet_native no detections
[map] motion direction=left speed=0.15 effective_seconds=0.04634904861450195 pose={'x_m': 0.0, 'y_m': 0.15470101416110993, 'heading_rad': -1.3598133724004438}
[can] backend=detectnet_native no detections
[map] motion direction=left speed=0.15 effective_seconds=0.04639387130737305 pose={'x_m': 0.0, 'y_m': 0.15470101416110993, 'heading_rad': -1.3678216496131275}
[can] backend=detectnet_native no detections
[map] motion direction=left speed=0.15 effective_seconds=0.04625892639160156 pose={'x_m': 0.0, 'y_m': 0.15470101416110993, 'heading_rad': -1.3758066333117438}
[can] backend=detectnet_native no detections
[map] motion direction=left speed=0.15 effective_seconds=0.045950889587402344 pose={'x_m': 0.0, 'y_m': 0.15470101416110993, 'heading_rad': -1.3837384452432662}
[can] backend=detectnet_native no detections
[map] motion direction=left speed=0.15 effective_seconds=0.046424150466918945 pose={'x_m': 0.0, 'y_m': 0.15470101416110993, 'heading_rad': -1.3917519490924986}
[can] backend=detectnet_native no detections
[map] motion direction=left speed=0.15 effective_seconds=0.04609179496765137 pose={'x_m': 0.0, 'y_m': 0.15470101416110993, 'heading_rad': -1.3997080834035507}
[can] backend=detectnet_native no detections
[map] motion direction=left speed=0.15 effective_seconds=0.04607200622558594 pose={'x_m': 0.0, 'y_m': 0.15470101416110993, 'heading_rad': -1.407660801881268}
[can] backend=detectnet_native no detections
[map] motion direction=left speed=0.15 effective_seconds=0.046196699142456055 pose={'x_m': 0.0, 'y_m': 0.15470101416110993, 'heading_rad': -1.4156350442244574}
[can] backend=detectnet_native no detections
[map] motion direction=left speed=0.15 effective_seconds=0.04599285125732422 pose={'x_m': 0.0, 'y_m': 0.15470101416110993, 'heading_rad': -1.4235740993688348}
[can] backend=detectnet_native no detections
[map] motion direction=left speed=0.15 effective_seconds=0.046256065368652344 pose={'x_m': 0.0, 'y_m': 0.15470101416110993, 'heading_rad': -1.4315585892120293}
[can] backend=detectnet_native no detections
[map] motion direction=left speed=0.15 effective_seconds=0.046503543853759766 pose={'x_m': 0.0, 'y_m': 0.15470101416110993, 'heading_rad': -1.4395857975492201}
[can] backend=detectnet_native no detections
[map] motion direction=left speed=0.15 effective_seconds=0.04638862609863281 pose={'x_m': 0.0, 'y_m': 0.15470101416110993, 'heading_rad': -1.447593169360297}
[can] backend=detectnet_native no detections
[map] motion direction=left speed=0.15 effective_seconds=0.046198129653930664 pose={'x_m': 0.0, 'y_m': 0.15470101416110993, 'heading_rad': -1.4555676586311974}
[can] backend=detectnet_native no detections
[map] motion direction=left speed=0.15 effective_seconds=0.04627704620361328 pose={'x_m': 0.0, 'y_m': 0.15470101416110993, 'heading_rad': -1.4635557700808193}
[can] backend=detectnet_native no detections
[map] motion direction=left speed=0.15 effective_seconds=0.04558730125427246 pose={'x_m': 0.0, 'y_m': 0.15470101416110993, 'heading_rad': -1.4714248212191388}
[can] backend=detectnet_native no detections
[map] motion direction=left speed=0.15 effective_seconds=0.046041250228881836 pose={'x_m': 0.0, 'y_m': 0.15470101416110993, 'heading_rad': -1.4793722307510704}
[can] backend=detectnet_native no detections
[map] motion direction=left speed=0.15 effective_seconds=0.0462796688079834 pose={'x_m': 0.0, 'y_m': 0.15470101416110993, 'heading_rad': -1.4873607949014955}
[can] backend=detectnet_native no detections
[map] motion direction=left speed=0.15 effective_seconds=0.04647111892700195 pose={'x_m': 0.0, 'y_m': 0.15470101416110993, 'heading_rad': -1.4953824062105712}
[can] backend=detectnet_native no detections
[map] motion direction=left speed=0.15 effective_seconds=0.046338558197021484 pose={'x_m': 0.0, 'y_m': 0.15470101416110993, 'heading_rad': -1.5033811355517643}
[can] backend=detectnet_native no detections
[map] motion direction=left speed=0.15 effective_seconds=0.04629087448120117 pose={'x_m': 0.0, 'y_m': 0.15470101416110993, 'heading_rad': -1.5113716339692587}
[can] backend=detectnet_native no detections
[map] motion direction=left speed=0.15 effective_seconds=0.046417951583862305 pose={'x_m': 0.0, 'y_m': 0.15470101416110993, 'heading_rad': -1.5193840677984103}
[can] backend=detectnet_native no detections
[map] motion direction=left speed=0.15 effective_seconds=0.04578995704650879 pose={'x_m': 0.0, 'y_m': 0.15470101416110993, 'heading_rad': -1.5272881003624494}
[can] backend=detectnet_native no detections
[map] motion direction=left speed=0.15 effective_seconds=0.04596066474914551 pose={'x_m': 0.0, 'y_m': 0.15470101416110993, 'heading_rad': -1.53522159963333}
[can] backend=detectnet_native no detections
[map] motion direction=left speed=0.15 effective_seconds=0.046010494232177734 pose={'x_m': 0.0, 'y_m': 0.15470101416110993, 'heading_rad': -1.5431637002194758}
[can] backend=detectnet_native no detections
[map] motion direction=left speed=0.15 effective_seconds=0.04625105857849121 pose={'x_m': 0.0, 'y_m': 0.15470101416110993, 'heading_rad': -1.5511473258156818}
[can] backend=detectnet_native no detections
[map] motion direction=left speed=0.15 effective_seconds=0.04628276824951172 pose={'x_m': 0.0, 'y_m': 0.15470101416110993, 'heading_rad': -1.5591364249761475}
[can] backend=detectnet_native no detections
[map] motion direction=left speed=0.15 effective_seconds=0.04642009735107422 pose={'x_m': 0.0, 'y_m': 0.15470101416110993, 'heading_rad': -1.5671492291968654}
[can] backend=detectnet_native no detections
[map] motion direction=left speed=0.15 effective_seconds=0.04615378379821777 pose={'x_m': 0.0, 'y_m': 0.15470101416110993, 'heading_rad': -1.575116063708726}
[map] motion direction=left speed=0.15 effective_seconds=0.017086505889892578 pose={'x_m': 0.0, 'y_m': 0.15470101416110993, 'heading_rad': -1.5780654505976937}
[base] continuous stop label=search_can_routine_2_step_1 elapsed=0.017s
[base] stop
[can] backend=detectnet_native no detections
[base] continuous start label=search_can_routine_2_step_2 direction=forward requested_speed=0.6 effective_speed=0.6
[can] backend=detectnet_native no detections
[map] motion direction=forward speed=0.6 effective_seconds=0.04594564437866211 pose={'x_m': -0.004766734664000189, 'y_m': 0.15466636356638575, 'heading_rad': -1.5780654505976937}
[can] backend=detectnet_native no detections
[map] motion direction=forward speed=0.6 effective_seconds=0.046225786209106445 pose={'x_m': -0.009562533275020255, 'y_m': 0.15463150169851123, 'heading_rad': -1.5780654505976937}
[can] backend=detectnet_native no detections
[map] motion direction=forward speed=0.6 effective_seconds=0.046334028244018555 pose={'x_m': -0.014369561700463319, 'y_m': 0.15459655819828755, 'heading_rad': -1.5780654505976937}
[can] backend=detectnet_native no detections
[map] motion direction=forward speed=0.6 effective_seconds=0.04671072959899902 pose={'x_m': -0.01921567185892034, 'y_m': 0.15456133060310429, 'heading_rad': -1.5780654505976937}
[can] backend=detectnet_native no detections
[map] motion direction=forward speed=0.6 effective_seconds=0.04629230499267578 pose={'x_m': -0.024018371611402998, 'y_m': 0.1545264185690945, 'heading_rad': -1.5780654505976937}
[can] backend=detectnet_native no detections
[map] motion direction=forward speed=0.6 effective_seconds=0.04634833335876465 pose={'x_m': -0.028826884153289628, 'y_m': 0.15449146428045463, 'heading_rad': -1.5780654505976937}
[can] backend=detectnet_native no detections
[map] motion direction=forward speed=0.6 effective_seconds=0.04645085334777832 pose={'x_m': -0.03364603286302183, 'y_m': 0.15445643267483208, 'heading_rad': -1.5780654505976937}
[can] backend=detectnet_native no detections
[map] motion direction=forward speed=0.6 effective_seconds=0.04644203186035156 pose={'x_m': -0.03846426636761383, 'y_m': 0.1544214077220662, 'heading_rad': -1.5780654505976937}
[can] backend=detectnet_native no detections
[map] motion direction=forward speed=0.6 effective_seconds=0.04662299156188965 pose={'x_m': -0.043301273945216975, 'y_m': 0.15438624629583556, 'heading_rad': -1.5780654505976937}
[can] backend=detectnet_native no detections
[map] motion direction=forward speed=0.6 effective_seconds=0.04593825340270996 pose={'x_m': -0.04806724181572132, 'y_m': 0.1543516012751264, 'heading_rad': -1.5780654505976937}
[can] backend=detectnet_native no detections
[map] motion direction=forward speed=0.6 effective_seconds=0.0460357666015625 pose={'x_m': -0.05284332641331599, 'y_m': 0.15431688271338023, 'heading_rad': -1.5780654505976937}
[can] backend=detectnet_native no detections
[map] motion direction=forward speed=0.6 effective_seconds=0.04630780220031738 pose={'x_m': -0.05764763395861251, 'y_m': 0.15428195899191957, 'heading_rad': -1.5780654505976937}
[can] backend=detectnet_native no detections
[map] motion direction=forward speed=0.6 effective_seconds=0.04660797119140625 pose={'x_m': -0.06248308321394991, 'y_m': 0.1542468088935259, 'heading_rad': -1.5780654505976937}
[can] backend=detectnet_native no detections
[map] motion direction=forward speed=0.6 effective_seconds=0.049982309341430664 pose={'x_m': -0.06766861080305096, 'y_m': 0.1542091139875606, 'heading_rad': -1.5780654505976937}
[can] backend=detectnet_native no detections
[map] motion direction=forward speed=0.6 effective_seconds=0.04626154899597168 pose={'x_m': -0.07246811970517995, 'y_m': 0.15417422514864562, 'heading_rad': -1.5780654505976937}
[can] backend=detectnet_native no detections
[map] motion direction=forward speed=0.6 effective_seconds=0.046982765197753906 pose={'x_m': -0.07734245281133884, 'y_m': 0.15413879239374786, 'heading_rad': -1.5780654505976937}
[can] backend=detectnet_native no detections
[map] motion direction=forward speed=0.6 effective_seconds=0.045960426330566406 pose={'x_m': -0.08211072106233071, 'y_m': 0.15410413065099363, 'heading_rad': -1.5780654505976937}
[can] backend=detectnet_native no detections
[map] motion direction=forward speed=0.6 effective_seconds=0.0461122989654541 pose={'x_m': -0.08689474568289847, 'y_m': 0.15406935437122085, 'heading_rad': -1.5780654505976937}
[can] backend=detectnet_native no detections
[map] motion direction=forward speed=0.6 effective_seconds=0.04651522636413574 pose={'x_m': -0.09172057291662673, 'y_m': 0.15403427421772548, 'heading_rad': -1.5780654505976937}
[can] backend=detectnet_native no detections
[map] motion direction=forward speed=0.6 effective_seconds=0.04636955261230469 pose={'x_m': -0.09653128689790466, 'y_m': 0.15399930392626826, 'heading_rad': -1.5780654505976937}
[can] backend=detectnet_native no detections
[map] motion direction=forward speed=0.6 effective_seconds=0.04605388641357422 pose={'x_m': -0.10130925137632785, 'y_m': 0.15396457169919492, 'heading_rad': -1.5780654505976937}
[can] backend=detectnet_native no detections
[map] motion direction=forward speed=0.6 effective_seconds=0.046475887298583984 pose={'x_m': -0.1061309972898363, 'y_m': 0.15392952121384407, 'heading_rad': -1.5780654505976937}
[can] backend=detectnet_native no detections
[map] motion direction=forward speed=0.6 effective_seconds=0.046602725982666016 pose={'x_m': -0.11096590236914439, 'y_m': 0.15389437507120302, 'heading_rad': -1.5780654505976937}
[can] backend=detectnet_native no detections
[map] motion direction=forward speed=0.6 effective_seconds=0.046390533447265625 pose={'x_m': -0.11577879305453954, 'y_m': 0.1538593889567354, 'heading_rad': -1.5780654505976937}
[can] backend=detectnet_native no detections
[map] motion direction=forward speed=0.6 effective_seconds=0.04778480529785156 pose={'x_m': -0.12073633562263447, 'y_m': 0.1538233513313034, 'heading_rad': -1.5780654505976937}
[can] backend=detectnet_native no detections
[map] motion direction=forward speed=0.6 effective_seconds=0.04581570625305176 pose={'x_m': -0.12548958956227224, 'y_m': 0.1537887987313596, 'heading_rad': -1.5780654505976937}
[can] backend=detectnet_native no detections
[map] motion direction=forward speed=0.6 effective_seconds=0.04628729820251465 pose={'x_m': -0.13029176987399965, 'y_m': 0.15375389047329546, 'heading_rad': -1.5780654505976937}
[can] backend=detectnet_native no detections
[map] motion direction=forward speed=0.6 effective_seconds=0.04655814170837402 pose={'x_m': -0.1351220494570586, 'y_m': 0.15371877795455152, 'heading_rad': -1.5780654505976937}
[can] backend=detectnet_native no detections
[map] motion direction=forward speed=0.6 effective_seconds=0.04661130905151367 pose={'x_m': -0.13995784500623284, 'y_m': 0.15368362533886076, 'heading_rad': -1.5780654505976937}
[can] backend=detectnet_native no detections
[map] motion direction=forward speed=0.6 effective_seconds=0.04632115364074707 pose={'x_m': -0.1447635377268767, 'y_m': 0.15364869154821167, 'heading_rad': -1.5780654505976937}
[can] backend=detectnet_native no detections
[map] motion direction=forward speed=0.6 effective_seconds=0.0464019775390625 pose={'x_m': -0.14957761570542671, 'y_m': 0.15361369680301112, 'heading_rad': -1.5780654505976937}
[can] backend=detectnet_native no detections
[map] motion direction=forward speed=0.6 effective_seconds=0.049165964126586914 pose={'x_m': -0.15467844971614814, 'y_m': 0.15357661755599625, 'heading_rad': -1.5780654505976937}
[can] backend=detectnet_native no detections
[map] motion direction=forward speed=0.6 effective_seconds=0.04612398147583008 pose={'x_m': -0.1594636863651448, 'y_m': 0.1535418324656836, 'heading_rad': -1.5780654505976937}
[can] backend=detectnet_native no detections
[map] motion direction=forward speed=0.6 effective_seconds=0.04576563835144043 pose={'x_m': -0.1642117458972301, 'y_m': 0.15350731762519643, 'heading_rad': -1.5780654505976937}
[can] backend=detectnet_native no detections
[map] motion direction=forward speed=0.6 effective_seconds=0.046524763107299805 pose={'x_m': -0.16903856254192073, 'y_m': 0.15347223027942358, 'heading_rad': -1.5780654505976937}
[can] backend=detectnet_native no detections
[map] motion direction=forward speed=0.6 effective_seconds=0.04654240608215332 pose={'x_m': -0.17386720959689178, 'y_m': 0.15343712962793746, 'heading_rad': -1.5780654505976937}
[can] backend=detectnet_native no detections
[map] motion direction=forward speed=0.6 effective_seconds=0.04650378227233887 pose={'x_m': -0.1786918495374652, 'y_m': 0.15340205810517504, 'heading_rad': -1.5780654505976937}
[can] backend=detectnet_native no detections
[map] motion direction=forward speed=0.6 effective_seconds=0.046265363693237305 pose={'x_m': -0.18349175420397915, 'y_m': 0.15336716638934908, 'heading_rad': -1.5780654505976937}
[can] backend=detectnet_native no detections
[map] motion direction=forward speed=0.6 effective_seconds=0.04632115364074707 pose={'x_m': -0.188297446924623, 'y_m': 0.1533322325987, 'heading_rad': -1.5780654505976937}
[can] backend=detectnet_native no detections
[map] motion direction=forward speed=0.6 effective_seconds=0.046571969985961914 pose={'x_m': -0.19312916115357742, 'y_m': 0.15329710965115373, 'heading_rad': -1.5780654505976937}
[can] backend=detectnet_native no detections
[map] motion direction=forward speed=0.6 effective_seconds=0.04609060287475586 pose={'x_m': -0.19791093486420577, 'y_m': 0.15326234973381217, 'heading_rad': -1.5780654505976937}
[can] backend=detectnet_native no detections
[map] motion direction=forward speed=0.6 effective_seconds=0.04627513885498047 pose={'x_m': -0.20271185367695616, 'y_m': 0.1532274506459018, 'heading_rad': -1.5780654505976937}
[can] backend=detectnet_native no detections
[map] motion direction=forward speed=0.6 effective_seconds=0.046137094497680664 pose={'x_m': -0.2074984507660261, 'y_m': 0.15319265566620763, 'heading_rad': -1.5780654505976937}
[can] backend=detectnet_native no detections
[map] motion direction=forward speed=0.6 effective_seconds=0.04712057113647461 pose={'x_m': -0.21238708086059135, 'y_m': 0.1531571189829006, 'heading_rad': -1.5780654505976937}
[can] backend=detectnet_native no detections
[map] motion direction=forward speed=0.6 effective_seconds=0.04605245590209961 pose={'x_m': -0.21716489692737018, 'y_m': 0.1531223878346689, 'heading_rad': -1.5780654505976937}
[can] backend=detectnet_native no detections
[map] motion direction=forward speed=0.6 effective_seconds=0.04606938362121582 pose={'x_m': -0.22194446919860722, 'y_m': 0.15308764392014468, 'heading_rad': -1.5780654505976937}
[can] backend=detectnet_native no detections
[map] motion direction=forward speed=0.6 effective_seconds=0.04635167121887207 pose={'x_m': -0.22675332803433068, 'y_m': 0.15305268711420772, 'heading_rad': -1.5780654505976937}
[can] backend=detectnet_native no detections
[map] motion direction=forward speed=0.6 effective_seconds=0.0466609001159668 pose={'x_m': -0.23159426852050927, 'y_m': 0.15301749709867418, 'heading_rad': -1.5780654505976937}
[can] backend=detectnet_native no detections
[map] motion direction=forward speed=0.6 effective_seconds=0.046289682388305664 pose={'x_m': -0.23639669618497727, 'y_m': 0.1529825870425407, 'heading_rad': -1.5780654505976937}
[can] backend=detectnet_native no detections
[map] motion direction=forward speed=0.6 effective_seconds=0.046120643615722656 pose={'x_m': -0.2411815865401371, 'y_m': 0.15294780446952516, 'heading_rad': -1.5780654505976937}
[can] backend=detectnet_native no detections
[map] motion direction=forward speed=0.6 effective_seconds=0.04628872871398926 pose={'x_m': -0.24598391526350888, 'y_m': 0.1529128951326194, 'heading_rad': -1.5780654505976937}
[can] backend=detectnet_native no detections
[map] motion direction=forward speed=0.6 effective_seconds=0.046739816665649414 pose={'x_m': -0.25083304312540117, 'y_m': 0.1528776456009899, 'heading_rad': -1.5780654505976937}
[can] backend=detectnet_native no detections
[map] motion direction=forward speed=0.6 effective_seconds=0.04621601104736328 pose={'x_m': -0.2556278275901848, 'y_m': 0.15284279110519977, 'heading_rad': -1.5780654505976937}
[can] backend=detectnet_native no detections
[map] motion direction=forward speed=0.6 effective_seconds=0.04620218276977539 pose={'x_m': -0.260421177409073, 'y_m': 0.15280794703821196, 'heading_rad': -1.5780654505976937}
[can] backend=detectnet_native no detections
[map] motion direction=forward speed=0.6 effective_seconds=0.04651784896850586 pose={'x_m': -0.26524727673081594, 'y_m': 0.15277286490684028, 'heading_rad': -1.5780654505976937}
[can] backend=detectnet_native no detections
[map] motion direction=forward speed=0.6 effective_seconds=0.04619193077087402 pose={'x_m': -0.2700395629329196, 'y_m': 0.15273802857155075, 'heading_rad': -1.5780654505976937}
[can] backend=detectnet_native no detections
[map] motion direction=forward speed=0.6 effective_seconds=0.04618692398071289 pose={'x_m': -0.27483132969426793, 'y_m': 0.15270319601220686, 'heading_rad': -1.5780654505976937}
[can] backend=detectnet_native no detections
[map] motion direction=forward speed=0.6 effective_seconds=0.045729637145996094 pose={'x_m': -0.27957565419997027, 'y_m': 0.1526687083225671, 'heading_rad': -1.5780654505976937}
[can] backend=detectnet_native no detections
[map] motion direction=forward speed=0.6 effective_seconds=0.046254873275756836 pose={'x_m': -0.2843744705144256, 'y_m': 0.15263382451824634, 'heading_rad': -1.5780654505976937}
[can] backend=detectnet_native no detections
[map] motion direction=forward speed=0.6 effective_seconds=0.04606056213378906 pose={'x_m': -0.2891531275805225, 'y_m': 0.15259908725657878, 'heading_rad': -1.5780654505976937}
[can] backend=detectnet_native no detections
[map] motion direction=forward speed=0.6 effective_seconds=0.046208858489990234 pose={'x_m': -0.2939471699870843, 'y_m': 0.15256423815499676, 'heading_rad': -1.5780654505976937}
[can] backend=detectnet_native no detections
[map] motion direction=forward speed=0.6 effective_seconds=0.04632425308227539 pose={'x_m': -0.29875318426629094, 'y_m': 0.1525293020268575, 'heading_rad': -1.5780654505976937}
[can] backend=detectnet_native no detections
[map] motion direction=forward speed=0.6 effective_seconds=0.04623293876647949 pose={'x_m': -0.3035497249355328, 'y_m': 0.1524944347647749, 'heading_rad': -1.5780654505976937}
[map] motion direction=forward speed=0.6 effective_seconds=0.01706242561340332 pose={'x_m': -0.30531990482359866, 'y_m': 0.15248156688136752, 'heading_rad': -1.5780654505976937}
[base] continuous stop label=search_can_routine_2_step_2 elapsed=0.017s
[base] stop
[can] backend=detectnet_native no detections
[base] continuous start label=search_can_routine_2_step_3 direction=left requested_speed=0.15 effective_speed=0.15
[can] backend=detectnet_native no detections
[map] motion direction=left speed=0.15 effective_seconds=0.04542732238769531 pose={'x_m': -0.30531990482359866, 'y_m': 0.15248156688136752, 'heading_rad': -1.5859068869870039}
[can] backend=detectnet_native no detections
[map] motion direction=left speed=0.15 effective_seconds=0.04575347900390625 pose={'x_m': -0.30531990482359866, 'y_m': 0.15248156688136752, 'heading_rad': -1.5938046228944136}
[can] backend=detectnet_native no detections
[map] motion direction=left speed=0.15 effective_seconds=0.04616832733154297 pose={'x_m': -0.30531990482359866, 'y_m': 0.15248156688136752, 'heading_rad': -1.6017739678380023}
[can] backend=detectnet_native no detections
[map] motion direction=left speed=0.15 effective_seconds=0.046483516693115234 pose={'x_m': -0.30531990482359866, 'y_m': 0.15248156688136752, 'heading_rad': -1.6097977191872397}
[can] backend=detectnet_native no detections
[map] motion direction=left speed=0.15 effective_seconds=0.04640793800354004 pose={'x_m': -0.30531990482359866, 'y_m': 0.15248156688136752, 'heading_rad': -1.6178084245224145}
[can] backend=detectnet_native no detections
[map] motion direction=left speed=0.15 effective_seconds=0.04619002342224121 pose={'x_m': -0.30531990482359866, 'y_m': 0.15248156688136752, 'heading_rad': -1.6257815145362862}
[can] backend=detectnet_native no detections
[map] motion direction=left speed=0.15 effective_seconds=0.04619407653808594 pose={'x_m': -0.30531990482359866, 'y_m': 0.15248156688136752, 'heading_rad': -1.633755304178672}
[can] backend=detectnet_native no detections
[map] motion direction=left speed=0.15 effective_seconds=0.045868635177612305 pose={'x_m': -0.30531990482359866, 'y_m': 0.15248156688136752, 'heading_rad': -1.6416729177668141}
[can] backend=detectnet_native no detections
[map] motion direction=left speed=0.15 effective_seconds=0.04597353935241699 pose={'x_m': -0.30531990482359866, 'y_m': 0.15248156688136752, 'heading_rad': -1.6496086393870935}
[can] backend=detectnet_native no detections
[map] motion direction=left speed=0.15 effective_seconds=0.045925140380859375 pose={'x_m': -0.30531990482359866, 'y_m': 0.15248156688136752, 'heading_rad': -1.6575360066198186}
[can] backend=detectnet_native no detections
[map] motion direction=left speed=0.15 effective_seconds=0.04626965522766113 pose={'x_m': -0.30531990482359866, 'y_m': 0.15248156688136752, 'heading_rad': -1.6655228422762671}
[can] backend=detectnet_native no detections
[map] motion direction=left speed=0.15 effective_seconds=0.04617595672607422 pose={'x_m': -0.30531990482359866, 'y_m': 0.15248156688136752, 'heading_rad': -1.6734935041676475}
[can] backend=detectnet_native no detections
[map] motion direction=left speed=0.15 effective_seconds=0.046472787857055664 pose={'x_m': -0.30531990482359866, 'y_m': 0.15248156688136752, 'heading_rad': -1.6815154035590527}
[can] backend=detectnet_native no detections
[map] motion direction=left speed=0.15 effective_seconds=0.04616665840148926 pose={'x_m': -0.30531990482359866, 'y_m': 0.15248156688136752, 'heading_rad': -1.6894844604203119}
[can] backend=detectnet_native no detections
[map] motion direction=left speed=0.15 effective_seconds=0.04644918441772461 pose={'x_m': -0.30531990482359866, 'y_m': 0.15248156688136752, 'heading_rad': -1.6975022855044861}
[can] backend=detectnet_native no detections
[map] motion direction=left speed=0.15 effective_seconds=0.04662680625915527 pose={'x_m': -0.30531990482359866, 'y_m': 0.15248156688136752, 'heading_rad': -1.7055507707794382}
[can] backend=detectnet_native no detections
[map] motion direction=left speed=0.15 effective_seconds=0.046865224838256836 pose={'x_m': -0.30531990482359866, 'y_m': 0.15248156688136752, 'heading_rad': -1.7136404106728838}
[can] backend=detectnet_native detections=1 best_confidence=0.228
[can] backend=detectnet_native confidence=0.228 class_id=1 center=(167.2,120.3) error_x=0.022 bbox=[158.4375, 100.60546875, 175.9375, 139.921875]
[map] motion direction=left speed=0.15 effective_seconds=0.06436681747436523 pose={'x_m': -0.30531990482359866, 'y_m': 0.15248156688136752, 'heading_rad': -1.7247510876460945}
[base] continuous stop label=search_can_routine_2_step_3 elapsed=0.064s
[base] stop
[fsm] SEARCHING --TARGET_FOUND--> ALIGNING
[can] backend=detectnet_native detections=1 best_confidence=0.204
[can] backend=detectnet_native confidence=0.204 class_id=1 center=(168.9,118.0) error_x=0.028 bbox=[158.75, 97.20703125, 179.0625, 138.8671875]
[base] stop
[fsm] ALIGNING --TARGET_ALIGNED--> APPROACHING
[can] backend=detectnet_native no detections
[base] stop
[can] backend=detectnet_native no detections
[base] stop
[can] backend=detectnet_native no detections
[base] stop
[can] backend=detectnet_native no detections
[base] stop
[fsm] APPROACHING --TARGET_MISSING--> SEARCHING reason=exp1 approach target lost
[can] backend=detectnet_native detections=1 best_confidence=0.208
[can] backend=detectnet_native confidence=0.208 class_id=1 center=(46.2,74.4) error_x=-0.356 bbox=[6.015625, 4.62890625, 86.40625, 144.140625]
[base] stop
[fsm] SEARCHING --TARGET_FOUND--> ALIGNING
[can] backend=detectnet_native no detections
[base] stop
[can] backend=detectnet_native no detections
[base] stop
[can] backend=detectnet_native no detections
[base] stop
[can] backend=detectnet_native no detections
[base] stop
[can] backend=detectnet_native no detections
[base] stop
[can] backend=detectnet_native no detections
[base] stop
[can] backend=detectnet_native no detections
[base] stop
[can] backend=detectnet_native no detections
[base] stop
[base] stop
[fsm] ALIGNING --TARGET_MISSING--> SEARCHING reason=alignment target lost
[can] backend=detectnet_native no detections
[base] continuous start label=search_can_routine_2_step_0 direction=forward requested_speed=0.6 effective_speed=0.6
[can] backend=detectnet_native no detections
[map] motion direction=forward speed=0.6 effective_seconds=0.04542255401611328 pose={'x_m': -0.30997675596219615, 'y_m': 0.15175890389993482, 'heading_rad': -1.7247510876460945}
[can] backend=detectnet_native no detections
[map] motion direction=forward speed=0.6 effective_seconds=0.046225547790527344 pose={'x_m': -0.314715932336652, 'y_m': 0.1510234654617349, 'heading_rad': -1.7247510876460945}
[can] backend=detectnet_native no detections
[map] motion direction=forward speed=0.6 effective_seconds=0.046343326568603516 pose={'x_m': -0.31946718373085675, 'y_m': 0.1502861531887241, 'heading_rad': -1.7247510876460945}
[can] backend=detectnet_native no detections
[map] motion direction=forward speed=0.6 effective_seconds=0.04754185676574707 pose={'x_m': -0.32434131189485366, 'y_m': 0.14952977256025937, 'heading_rad': -1.7247510876460945}
[can] backend=detectnet_native no detections
[map] motion direction=forward speed=0.6 effective_seconds=0.0460810661315918 pose={'x_m': -0.3290656755932614, 'y_m': 0.14879663279391245, 'heading_rad': -1.7247510876460945}
[can] backend=detectnet_native no detections
[map] motion direction=forward speed=0.6 effective_seconds=0.047009944915771484 pose={'x_m': -0.3338852706215101, 'y_m': 0.14804871476759965, 'heading_rad': -1.7247510876460945}
[can] backend=detectnet_native no detections
[map] motion direction=forward speed=0.6 effective_seconds=0.046301841735839844 pose={'x_m': -0.3386322688711069, 'y_m': 0.1473120625092793, 'heading_rad': -1.7247510876460945}
[can] backend=detectnet_native no detections
[map] motion direction=forward speed=0.6 effective_seconds=0.04943680763244629 pose={'x_m': -0.3437006728589169, 'y_m': 0.1465255336235741, 'heading_rad': -1.7247510876460945}
[can] backend=detectnet_native no detections
[map] motion direction=forward speed=0.6 effective_seconds=0.04592084884643555 pose={'x_m': -0.34840861061952866, 'y_m': 0.14579494287948003, 'heading_rad': -1.7247510876460945}
[can] backend=detectnet_native no detections
[map] motion direction=forward speed=0.6 effective_seconds=0.04597043991088867 pose={'x_m': -0.35312163259898205, 'y_m': 0.1450635631523077, 'heading_rad': -1.7247510876460945}
[can] backend=detectnet_native no detections
[map] motion direction=forward speed=0.6 effective_seconds=0.04622960090637207 pose={'x_m': -0.3578612245105548, 'y_m': 0.14432806022991387, 'heading_rad': -1.7247510876460945}
[can] backend=detectnet_native no detections
[map] motion direction=forward speed=0.6 effective_seconds=0.0464015007019043 pose={'x_m': -0.36261844008455446, 'y_m': 0.14358982241906126, 'heading_rad': -1.7247510876460945}
[can] backend=detectnet_native no detections
[map] motion direction=forward speed=0.6 effective_seconds=0.04669618606567383 pose={'x_m': -0.367405867651286, 'y_m': 0.1428468962279936, 'heading_rad': -1.7247510876460945}
[can] backend=detectnet_native detections=1 best_confidence=0.228
[can] backend=detectnet_native confidence=0.228 class_id=1 center=(174.7,121.5) error_x=0.046 bbox=[165.3125, 101.71875, 184.0625, 141.328125]
[map] motion direction=forward speed=0.6 effective_seconds=0.06447839736938477 pose={'x_m': -0.374016378766492, 'y_m': 0.1418210589123633, 'heading_rad': -1.7247510876460945}
[base] continuous stop label=search_can_routine_2_step_0 elapsed=0.064s
[base] stop
[fsm] SEARCHING --TARGET_FOUND--> ALIGNING
[can] backend=detectnet_native detections=1 best_confidence=0.314
[can] backend=detectnet_native confidence=0.314 class_id=1 center=(175.3,122.5) error_x=0.048 bbox=[165.46875, 102.24609375, 185.15625, 142.8515625]
[base] stop
[fsm] ALIGNING --TARGET_ALIGNED--> APPROACHING
[can] backend=detectnet_native detections=1 best_confidence=0.231
[can] backend=detectnet_native confidence=0.231 class_id=1 center=(174.2,123.8) error_x=0.044 bbox=[164.53125, 103.30078125, 183.90625, 144.375]
[base] continuous start label=exp1_can_approach direction=forward requested_speed=0.6 effective_speed=0.6
[exp1] continuous displacement speed=0.6 duration_seconds=2.4 remaining=2.400
[can] backend=detectnet_native detections=1 best_confidence=0.247
[can] backend=detectnet_native confidence=0.247 class_id=1 center=(175.5,123.2) error_x=0.048 bbox=[165.78125, 102.65625, 185.15625, 143.671875]
[can] backend=detectnet_native detections=1 best_confidence=0.263
[can] backend=detectnet_native confidence=0.263 class_id=1 center=(175.2,122.0) error_x=0.047 bbox=[165.625, 101.54296875, 184.6875, 142.5]
[can] backend=detectnet_native detections=1 best_confidence=0.209
[can] backend=detectnet_native confidence=0.209 class_id=1 center=(174.7,121.8) error_x=0.046 bbox=[164.84375, 101.1328125, 184.53125, 142.3828125]
[can] backend=detectnet_native detections=1 best_confidence=0.230
[can] backend=detectnet_native confidence=0.230 class_id=1 center=(175.2,121.1) error_x=0.047 bbox=[165.0, 100.4296875, 185.3125, 141.6796875]
[can] backend=detectnet_native detections=1 best_confidence=0.263
[can] backend=detectnet_native confidence=0.263 class_id=1 center=(175.0,122.1) error_x=0.047 bbox=[164.0625, 98.02734375, 185.9375, 146.25]
[can] backend=detectnet_native detections=1 best_confidence=0.302
[can] backend=detectnet_native confidence=0.302 class_id=1 center=(175.2,122.6) error_x=0.047 bbox=[164.0625, 101.30859375, 186.25, 143.90625]
[can] backend=detectnet_native detections=1 best_confidence=0.409
[can] backend=detectnet_native confidence=0.409 class_id=1 center=(177.6,123.0) error_x=0.055 bbox=[165.46875, 99.90234375, 189.6875, 146.015625]
[can] backend=detectnet_native detections=1 best_confidence=0.347
[can] backend=detectnet_native confidence=0.347 class_id=1 center=(177.6,124.2) error_x=0.055 bbox=[165.78125, 101.07421875, 189.375, 147.3046875]
[can] backend=detectnet_native detections=1 best_confidence=0.325
[can] backend=detectnet_native confidence=0.325 class_id=1 center=(177.7,123.9) error_x=0.055 bbox=[166.25, 100.95703125, 189.0625, 146.8359375]
[can] backend=detectnet_native detections=1 best_confidence=0.430
[can] backend=detectnet_native confidence=0.430 class_id=1 center=(177.5,125.1) error_x=0.055 bbox=[165.46875, 101.54296875, 189.53125, 148.59375]
[can] backend=detectnet_native detections=1 best_confidence=0.319
[can] backend=detectnet_native confidence=0.319 class_id=1 center=(179.1,124.1) error_x=0.060 bbox=[166.875, 100.3125, 191.40625, 147.890625]
[can] backend=detectnet_native detections=1 best_confidence=0.332
[can] backend=detectnet_native confidence=0.332 class_id=1 center=(178.7,125.6) error_x=0.058 bbox=[165.78125, 101.015625, 191.5625, 150.1171875]
[can] backend=detectnet_native detections=1 best_confidence=0.313
[can] backend=detectnet_native confidence=0.313 class_id=1 center=(179.7,124.1) error_x=0.062 bbox=[167.03125, 98.90625, 192.34375, 149.296875]
[can] backend=detectnet_native detections=1 best_confidence=0.365
[can] backend=detectnet_native confidence=0.365 class_id=1 center=(180.1,124.0) error_x=0.063 bbox=[167.1875, 97.265625, 192.96875, 150.703125]
[can] backend=detectnet_native detections=1 best_confidence=0.428
[can] backend=detectnet_native confidence=0.428 class_id=1 center=(179.3,124.1) error_x=0.060 bbox=[166.71875, 98.02734375, 191.875, 150.1171875]
[can] backend=detectnet_native detections=1 best_confidence=0.538
[can] backend=detectnet_native confidence=0.538 class_id=1 center=(179.9,124.7) error_x=0.062 bbox=[167.1875, 98.7890625, 192.65625, 150.5859375]
[can] backend=detectnet_native detections=1 best_confidence=0.513
[can] backend=detectnet_native confidence=0.513 class_id=1 center=(181.3,126.5) error_x=0.067 bbox=[167.5, 100.13671875, 195.15625, 152.8125]
[can] backend=detectnet_native detections=1 best_confidence=0.478
[can] backend=detectnet_native confidence=0.478 class_id=1 center=(182.0,127.4) error_x=0.069 bbox=[170.0, 103.7109375, 194.0625, 151.0546875]
[can] backend=detectnet_native detections=1 best_confidence=0.558
[can] backend=detectnet_native confidence=0.558 class_id=1 center=(181.9,127.2) error_x=0.068 bbox=[168.90625, 100.83984375, 194.84375, 153.515625]
[can] backend=detectnet_native detections=1 best_confidence=0.461
[can] backend=detectnet_native confidence=0.461 class_id=1 center=(182.6,125.8) error_x=0.071 bbox=[169.6875, 97.32421875, 195.46875, 154.21875]
[can] backend=detectnet_native detections=1 best_confidence=0.631
[can] backend=detectnet_native confidence=0.631 class_id=1 center=(181.6,125.6) error_x=0.068 bbox=[168.4375, 95.91796875, 194.84375, 155.2734375]
[can] backend=detectnet_native detections=1 best_confidence=0.695
[can] backend=detectnet_native confidence=0.695 class_id=1 center=(181.6,126.4) error_x=0.068 bbox=[167.8125, 95.5078125, 195.46875, 157.3828125]
[can] backend=detectnet_native detections=1 best_confidence=0.701
[can] backend=detectnet_native confidence=0.701 class_id=1 center=(181.9,128.9) error_x=0.068 bbox=[168.28125, 97.6171875, 195.46875, 160.1953125]
[can] backend=detectnet_native detections=1 best_confidence=0.819
[can] backend=detectnet_native confidence=0.819 class_id=1 center=(182.7,129.0) error_x=0.071 bbox=[168.28125, 98.4375, 197.03125, 159.609375]
[can] backend=detectnet_native detections=1 best_confidence=0.832
[can] backend=detectnet_native confidence=0.832 class_id=1 center=(183.0,128.7) error_x=0.072 bbox=[168.125, 98.0859375, 197.8125, 159.2578125]
[can] backend=detectnet_native detections=1 best_confidence=0.708
[can] backend=detectnet_native confidence=0.708 class_id=1 center=(183.5,129.5) error_x=0.073 bbox=[169.84375, 100.13671875, 197.1875, 158.90625]
[can] backend=detectnet_native detections=1 best_confidence=0.774
[can] backend=detectnet_native confidence=0.774 class_id=1 center=(183.6,130.2) error_x=0.074 bbox=[169.6875, 100.13671875, 197.5, 160.1953125]
[can] backend=detectnet_native detections=1 best_confidence=0.686
[can] backend=detectnet_native confidence=0.686 class_id=1 center=(184.8,130.3) error_x=0.078 bbox=[169.6875, 100.8984375, 200.0, 159.7265625]
[can] backend=detectnet_native detections=1 best_confidence=0.558
[can] backend=detectnet_native confidence=0.558 class_id=1 center=(185.9,130.5) error_x=0.081 bbox=[171.5625, 101.66015625, 200.3125, 159.375]
[can] backend=detectnet_native detections=1 best_confidence=0.500
[can] backend=detectnet_native confidence=0.500 class_id=1 center=(184.9,129.4) error_x=0.078 bbox=[170.46875, 100.546875, 199.375, 158.203125]
[can] backend=detectnet_native detections=1 best_confidence=0.685
[can] backend=detectnet_native confidence=0.685 class_id=1 center=(184.2,129.9) error_x=0.076 bbox=[167.8125, 99.375, 200.625, 160.4296875]
[can] backend=detectnet_native detections=1 best_confidence=0.625
[can] backend=detectnet_native confidence=0.625 class_id=1 center=(185.2,129.0) error_x=0.079 bbox=[169.53125, 99.0234375, 200.78125, 159.0234375]
[can] backend=detectnet_native detections=1 best_confidence=0.572
[can] backend=detectnet_native confidence=0.572 class_id=1 center=(186.6,131.0) error_x=0.083 bbox=[171.09375, 102.1875, 202.03125, 159.84375]
[can] backend=detectnet_native detections=1 best_confidence=0.388
[can] backend=detectnet_native confidence=0.388 class_id=1 center=(185.9,132.7) error_x=0.081 bbox=[170.15625, 104.296875, 201.71875, 161.015625]
[can] backend=detectnet_native detections=1 best_confidence=0.737
[can] backend=detectnet_native confidence=0.737 class_id=1 center=(188.2,130.6) error_x=0.088 bbox=[171.40625, 98.0859375, 205.0, 163.125]
[can] backend=detectnet_native detections=1 best_confidence=0.778
[can] backend=detectnet_native confidence=0.778 class_id=1 center=(188.0,130.9) error_x=0.088 bbox=[171.40625, 98.4375, 204.6875, 163.359375]
[can] backend=detectnet_native detections=1 best_confidence=0.784
[can] backend=detectnet_native confidence=0.784 class_id=1 center=(188.8,129.9) error_x=0.090 bbox=[172.34375, 96.6796875, 205.15625, 163.125]
[can] backend=detectnet_native detections=1 best_confidence=0.940
[can] backend=detectnet_native confidence=0.940 class_id=1 center=(190.8,131.3) error_x=0.096 bbox=[172.96875, 97.79296875, 208.59375, 164.765625]
[can] backend=detectnet_native detections=1 best_confidence=0.965
[can] backend=detectnet_native confidence=0.965 class_id=1 center=(190.6,133.4) error_x=0.096 bbox=[173.4375, 99.9609375, 207.8125, 166.7578125]
[can] backend=detectnet_native detections=1 best_confidence=0.963
[can] backend=detectnet_native confidence=0.963 class_id=1 center=(191.2,133.8) error_x=0.097 bbox=[173.4375, 98.3203125, 208.90625, 169.21875]
[can] backend=detectnet_native detections=1 best_confidence=0.995
[can] backend=detectnet_native confidence=0.995 class_id=1 center=(193.4,134.5) error_x=0.104 bbox=[176.40625, 97.265625, 210.3125, 171.6796875]
[can] backend=detectnet_native detections=1 best_confidence=0.996
[can] backend=detectnet_native confidence=0.996 class_id=1 center=(194.1,133.3) error_x=0.107 bbox=[176.71875, 95.91796875, 211.5625, 170.625]
[can] backend=detectnet_native detections=1 best_confidence=0.999
[can] backend=detectnet_native confidence=0.999 class_id=1 center=(194.2,134.0) error_x=0.107 bbox=[177.03125, 95.68359375, 211.40625, 172.3828125]
[can] backend=detectnet_native detections=1 best_confidence=0.998
[can] backend=detectnet_native confidence=0.998 class_id=1 center=(195.2,134.9) error_x=0.110 bbox=[177.96875, 95.91796875, 212.5, 173.90625]
[can] backend=detectnet_native detections=1 best_confidence=0.999
[can] backend=detectnet_native confidence=0.999 class_id=1 center=(196.0,134.8) error_x=0.113 bbox=[178.28125, 96.796875, 213.75, 172.8515625]
[can] backend=detectnet_native detections=1 best_confidence=0.998
[can] backend=detectnet_native confidence=0.998 class_id=1 center=(196.9,135.7) error_x=0.115 bbox=[179.84375, 96.73828125, 213.90625, 174.609375]
[can] backend=detectnet_native detections=1 best_confidence=0.999
[can] backend=detectnet_native confidence=0.999 class_id=1 center=(196.8,135.4) error_x=0.115 bbox=[178.75, 97.1484375, 214.84375, 173.671875]
[can] backend=detectnet_native detections=1 best_confidence=0.999
[can] backend=detectnet_native confidence=0.999 class_id=1 center=(198.0,134.5) error_x=0.119 bbox=[179.375, 95.0390625, 216.5625, 174.0234375]
[can] backend=detectnet_native detections=1 best_confidence=0.998
[can] backend=detectnet_native confidence=0.998 class_id=1 center=(198.2,134.0) error_x=0.119 bbox=[179.53125, 95.80078125, 216.875, 172.265625]
[can] backend=detectnet_native detections=1 best_confidence=0.997
[can] backend=detectnet_native confidence=0.997 class_id=1 center=(200.0,135.5) error_x=0.125 bbox=[181.40625, 97.5, 218.59375, 173.4375]
[map] motion direction=forward speed=0.6 effective_seconds=2.3369386196136475 pose={'x_m': -0.6136060607495815, 'y_m': 0.10464087239805767, 'heading_rad': -1.7247510876460945}
[base] continuous stop label=exp1_can_approach elapsed=2.337s
[base] stop
[base] continuous start label=exp1_can_steer direction=right requested_speed=0.15 effective_speed=0.15
[visual-turn] label=exp1_can_steer direction=right speed=0.15
[exp1] visual steering direction=right error_x=0.125
[can] backend=detectnet_native detections=1 best_confidence=0.999
[can] backend=detectnet_native confidence=0.999 class_id=1 center=(200.6,135.4) error_x=0.127 bbox=[180.625, 95.859375, 220.625, 174.84375]
[exp1] visual steering direction=right error_x=0.127
[can] backend=detectnet_native detections=1 best_confidence=0.994
[can] backend=detectnet_native confidence=0.994 class_id=1 center=(202.0,136.3) error_x=0.131 bbox=[182.5, 97.5, 221.5625, 175.1953125]
[exp1] visual steering direction=right error_x=0.131
[can] backend=detectnet_native detections=1 best_confidence=0.997
[can] backend=detectnet_native confidence=0.997 class_id=1 center=(202.4,137.3) error_x=0.133 bbox=[181.25, 96.6796875, 223.59375, 177.890625]
[exp1] visual steering direction=right error_x=0.133
[can] backend=detectnet_native detections=1 best_confidence=0.991
[can] backend=detectnet_native confidence=0.991 class_id=1 center=(202.7,136.6) error_x=0.134 bbox=[182.1875, 94.8046875, 223.28125, 178.359375]
[exp1] visual steering direction=right error_x=0.134
[can] backend=detectnet_native detections=1 best_confidence=0.987
[can] backend=detectnet_native confidence=0.987 class_id=1 center=(203.0,137.3) error_x=0.134 bbox=[182.65625, 95.56640625, 223.28125, 178.9453125]
[exp1] visual steering direction=right error_x=0.134
[can] backend=detectnet_native detections=1 best_confidence=0.998
[can] backend=detectnet_native confidence=0.998 class_id=1 center=(202.4,137.3) error_x=0.133 bbox=[181.25, 96.9140625, 223.59375, 177.65625]
[exp1] visual steering direction=right error_x=0.133
[can] backend=detectnet_native detections=1 best_confidence=0.998
[can] backend=detectnet_native confidence=0.998 class_id=1 center=(201.7,137.9) error_x=0.130 bbox=[181.5625, 97.03125, 221.875, 178.828125]
[exp1] visual steering direction=right error_x=0.130
[can] backend=detectnet_native detections=1 best_confidence=1.000
[can] backend=detectnet_native confidence=1.000 class_id=1 center=(199.5,137.9) error_x=0.124 bbox=[180.46875, 97.20703125, 218.59375, 178.59375]
[exp1] visual steering direction=right error_x=0.124
[can] backend=detectnet_native detections=1 best_confidence=1.000
[can] backend=detectnet_native confidence=1.000 class_id=1 center=(198.1,139.2) error_x=0.119 bbox=[178.75, 98.3203125, 217.5, 180.1171875]
[map] motion direction=right speed=0.15 effective_seconds=0.43607044219970703 pose={'x_m': -0.6136060607495815, 'y_m': 0.10464087239805767, 'heading_rad': -1.6486424377759643}
[base] continuous stop label=exp1_can_steer elapsed=0.436s
[base] stop
[base] continuous start label=exp1_can_approach direction=forward requested_speed=0.6 effective_speed=0.6
[exp1] continuous displacement speed=0.6 duration_seconds=2.4 remaining=0.081
[can] backend=detectnet_native detections=1 best_confidence=1.000
[can] backend=detectnet_native confidence=1.000 class_id=1 center=(193.9,137.6) error_x=0.106 bbox=[174.0625, 95.859375, 213.75, 179.4140625]
[can] backend=detectnet_native detections=1 best_confidence=1.000
[can] backend=detectnet_native confidence=1.000 class_id=1 center=(192.0,137.4) error_x=0.100 bbox=[171.71875, 95.44921875, 212.1875, 179.296875]
[can] backend=detectnet_native detections=1 best_confidence=0.999
[can] backend=detectnet_native confidence=0.999 class_id=1 center=(191.2,136.6) error_x=0.098 bbox=[170.9375, 95.2734375, 211.5625, 178.0078125]
[map] motion direction=forward speed=0.6 effective_seconds=0.1592273712158203 pose={'x_m': -0.6300758705312316, 'y_m': 0.10335616559390118, 'heading_rad': -1.6486424377759643}
[base] continuous stop label=exp1_can_approach elapsed=0.159s
[base] stop
[exp1] continuous can approach complete active_seconds=2.434
[fsm] APPROACHING --TARGET_REACHED--> FINAL_VERIFY
[can] backend=detectnet_native detections=1 best_confidence=1.000
[can] backend=detectnet_native confidence=1.000 class_id=1 center=(191.4,136.5) error_x=0.098 bbox=[170.78125, 94.1015625, 212.03125, 178.828125]
[base] continuous start label=align_can direction=right requested_speed=0.15 effective_speed=0.15
[visual-turn] label=align_can direction=right speed=0.15
[can] backend=detectnet_native detections=1 best_confidence=1.000
[can] backend=detectnet_native confidence=1.000 class_id=1 center=(192.5,137.1) error_x=0.102 bbox=[170.3125, 92.9296875, 214.6875, 181.2890625]
[can] backend=detectnet_native detections=1 best_confidence=1.000
[can] backend=detectnet_native confidence=1.000 class_id=1 center=(191.4,136.9) error_x=0.098 bbox=[169.375, 92.4609375, 213.4375, 181.2890625]
[can] backend=detectnet_native detections=1 best_confidence=0.999
[can] backend=detectnet_native confidence=0.999 class_id=1 center=(190.8,137.7) error_x=0.096 bbox=[169.21875, 93.10546875, 212.34375, 182.34375]
[can] backend=detectnet_native detections=1 best_confidence=0.999
[can] backend=detectnet_native confidence=0.999 class_id=1 center=(190.5,136.8) error_x=0.095 bbox=[169.0625, 93.515625, 212.03125, 180.1171875]
[can] backend=detectnet_native detections=1 best_confidence=0.997
[can] backend=detectnet_native confidence=0.997 class_id=1 center=(189.9,136.2) error_x=0.094 bbox=[168.125, 90.8203125, 211.71875, 181.640625]
[can] backend=detectnet_native detections=1 best_confidence=0.995
[can] backend=detectnet_native confidence=0.995 class_id=1 center=(188.9,136.9) error_x=0.090 bbox=[165.625, 92.2265625, 212.1875, 181.640625]
[can] backend=detectnet_native detections=1 best_confidence=0.912
[can] backend=detectnet_native confidence=0.912 class_id=1 center=(187.1,137.1) error_x=0.085 bbox=[165.0, 94.16015625, 209.21875, 180.1171875]
[can] backend=detectnet_native detections=1 best_confidence=0.972
[can] backend=detectnet_native confidence=0.972 class_id=1 center=(186.2,138.0) error_x=0.082 bbox=[163.90625, 94.5703125, 208.59375, 181.40625]
[can] backend=detectnet_native detections=1 best_confidence=0.997
[can] backend=detectnet_native confidence=0.997 class_id=1 center=(185.1,137.6) error_x=0.078 bbox=[162.03125, 94.8046875, 208.125, 180.46875]
[can] backend=detectnet_native detections=1 best_confidence=0.997
[can] backend=detectnet_native confidence=0.997 class_id=1 center=(183.6,137.9) error_x=0.074 bbox=[161.5625, 94.3359375, 205.625, 181.5234375]
[can] backend=detectnet_native detections=1 best_confidence=1.000
[can] backend=detectnet_native confidence=1.000 class_id=1 center=(182.8,138.3) error_x=0.071 bbox=[161.40625, 95.2734375, 204.21875, 181.40625]
[can] backend=detectnet_native detections=1 best_confidence=1.000
[can] backend=detectnet_native confidence=1.000 class_id=1 center=(180.2,137.9) error_x=0.063 bbox=[159.296875, 95.33203125, 201.09375, 180.46875]
[can] backend=detectnet_native detections=1 best_confidence=1.000
[can] backend=detectnet_native confidence=1.000 class_id=1 center=(178.8,138.6) error_x=0.059 bbox=[158.4375, 95.15625, 199.0625, 181.9921875]
[can] backend=detectnet_native detections=1 best_confidence=1.000
[can] backend=detectnet_native confidence=1.000 class_id=1 center=(177.8,136.5) error_x=0.056 bbox=[155.859375, 93.046875, 199.6875, 180.0]
[can] backend=detectnet_native detections=1 best_confidence=1.000
[can] backend=detectnet_native confidence=1.000 class_id=1 center=(174.7,137.9) error_x=0.046 bbox=[152.65625, 93.046875, 196.71875, 182.6953125]
[can] backend=detectnet_native detections=1 best_confidence=0.998
[can] backend=detectnet_native confidence=0.998 class_id=1 center=(173.0,137.3) error_x=0.041 bbox=[150.9375, 91.46484375, 195.0, 183.1640625]
[can] backend=detectnet_native detections=1 best_confidence=0.979
[can] backend=detectnet_native confidence=0.979 class_id=1 center=(171.3,136.7) error_x=0.035 bbox=[149.21875, 91.5234375, 193.4375, 181.875]
[can] backend=detectnet_native detections=1 best_confidence=0.950
[can] backend=detectnet_native confidence=0.950 class_id=1 center=(170.3,138.7) error_x=0.032 bbox=[148.75, 95.80078125, 191.875, 181.640625]
[can] backend=detectnet_native detections=1 best_confidence=0.970
[can] backend=detectnet_native confidence=0.970 class_id=1 center=(169.8,137.7) error_x=0.031 bbox=[147.890625, 94.62890625, 191.71875, 180.703125]
[can] backend=detectnet_native detections=1 best_confidence=0.998
[can] backend=detectnet_native confidence=0.998 class_id=1 center=(167.7,137.6) error_x=0.024 bbox=[145.390625, 95.7421875, 190.0, 179.4140625]
[map] motion direction=right speed=0.15 effective_seconds=0.9436507225036621 pose={'x_m': -0.6300758705312316, 'y_m': 0.10335616559390118, 'heading_rad': -1.483944316810831}
[base] continuous stop label=align_can elapsed=0.944s
[base] stop
[can] backend=detectnet_native detections=1 best_confidence=1.000
[can] backend=detectnet_native confidence=1.000 class_id=1 center=(166.3,137.3) error_x=0.020 bbox=[144.53125, 94.453125, 188.125, 180.234375]
[base] stop
[fsm] FINAL_VERIFY --TARGET_STABLE--> FINALIZING
[arm] pose arm_down
[arm] arm_down servo=5 angle=0 speed=85
[arm] arm_down servo=4 angle=0 speed=85
[arm] arm_down servo=3 angle=45 speed=85
[arm] arm_down servo=2 angle=105 speed=85
[arm] arm_down servo=1 angle=-16 speed=85
[arm-position] arm_down waiting for motion to settle servos=[1, 2, 3, 4, 5] stability_delta=3 min_wait=0.5 timeout=10.0 stable_samples=2
[arm-position] arm_down waiting positions={1: 441, 2: 612, 3: 641, 4: 495, 5: 510} movement={} read_errors=[]
[arm-position] arm_down waiting positions={1: 441, 2: 626, 3: 655, 4: 495, 5: 510} movement={1: 0, 2: 14, 3: 14, 4: 0, 5: 0} read_errors=[]
[arm-position] arm_down waiting positions={1: 441, 2: 639, 3: 667, 4: 495, 5: 510} movement={1: 0, 2: 13, 3: 12, 4: 0, 5: 0} read_errors=[]
[arm-position] arm_down waiting positions={1: 441, 2: 654, 3: 680, 4: 495, 5: 510} movement={1: 0, 2: 15, 3: 13, 4: 0, 5: 0} read_errors=[]
[arm-position] arm_down waiting positions={1: 441, 2: 668, 3: 693, 4: 495, 5: 510} movement={1: 0, 2: 14, 3: 13, 4: 0, 5: 0} read_errors=[]
[arm-position] arm_down waiting positions={1: 441, 2: 680, 3: 706, 4: 495, 5: 510} movement={1: 0, 2: 12, 3: 13, 4: 0, 5: 0} read_errors=[]
[arm-position] arm_down waiting positions={1: 441, 2: 694, 3: 716, 4: 495, 5: 510} movement={1: 0, 2: 14, 3: 10, 4: 0, 5: 0} read_errors=[]
[arm-position] arm_down waiting positions={1: 441, 2: 707, 3: 717, 4: 495, 5: 510} movement={1: 0, 2: 13, 3: 1, 4: 0, 5: 0} read_errors=[]
[arm-position] arm_down waiting positions={1: 441, 2: 721, 3: 717, 4: 495, 5: 510} movement={1: 0, 2: 14, 3: 0, 4: 0, 5: 0} read_errors=[]
[arm-position] arm_down waiting positions={1: 441, 2: 733, 3: 717, 4: 495, 5: 510} movement={1: 0, 2: 12, 3: 0, 4: 0, 5: 0} read_errors=[]
[arm-position] arm_down waiting positions={1: 441, 2: 746, 3: 718, 4: 495, 5: 510} movement={1: 0, 2: 13, 3: 1, 4: 0, 5: 0} read_errors=[]
[arm-position] arm_down waiting positions={1: 441, 2: 761, 3: 717, 4: 495, 5: 510} movement={1: 0, 2: 15, 3: 1, 4: 0, 5: 0} read_errors=[]
[arm-position] arm_down waiting positions={1: 441, 2: 773, 3: 717, 4: 495, 5: 510} movement={1: 0, 2: 12, 3: 0, 4: 0, 5: 0} read_errors=[]
[arm-position] arm_down waiting positions={1: 441, 2: 786, 3: 717, 4: 495, 5: 510} movement={1: 0, 2: 13, 3: 0, 4: 0, 5: 0} read_errors=[]
[arm-position] arm_down waiting positions={1: 441, 2: 799, 3: 717, 4: 495, 5: 510} movement={1: 0, 2: 13, 3: 0, 4: 0, 5: 0} read_errors=[]
[arm-position] arm_down waiting positions={1: 441, 2: 812, 3: 717, 4: 496, 5: 510} movement={1: 0, 2: 13, 3: 0, 4: 1, 5: 0} read_errors=[]
[arm-position] arm_down waiting positions={1: 441, 2: 828, 3: 717, 4: 495, 5: 510} movement={1: 0, 2: 16, 3: 0, 4: 1, 5: 0} read_errors=[]
[arm-position] arm_down waiting positions={1: 441, 2: 839, 3: 717, 4: 495, 5: 510} movement={1: 0, 2: 11, 3: 0, 4: 0, 5: 0} read_errors=[]
[arm-position] arm_down waiting positions={1: 441, 2: 854, 3: 717, 4: 495, 5: 510} movement={1: 0, 2: 15, 3: 0, 4: 0, 5: 0} read_errors=[]
[arm-position] arm_down waiting positions={1: 441, 2: 867, 3: 718, 4: 495, 5: 510} movement={1: 0, 2: 13, 3: 1, 4: 0, 5: 0} read_errors=[]
[arm-position] arm_down waiting positions={1: 441, 2: 880, 3: 717, 4: 495, 5: 510} movement={1: 0, 2: 13, 3: 1, 4: 0, 5: 0} read_errors=[]
[arm-position] arm_down waiting positions={1: 441, 2: 892, 3: 717, 4: 495, 5: 510} movement={1: 0, 2: 12, 3: 0, 4: 0, 5: 0} read_errors=[]
[arm-position] arm_down waiting positions={1: 442, 2: 905, 3: 717, 4: 495, 5: 510} movement={1: 1, 2: 13, 3: 0, 4: 0, 5: 0} read_errors=[]
[arm-position] arm_down waiting positions={1: 441, 2: 919, 3: 718, 4: 495, 5: 510} movement={1: 1, 2: 14, 3: 1, 4: 0, 5: 0} read_errors=[]
[arm-position] arm_down waiting positions={1: 441, 2: 933, 3: 718, 4: 495, 5: 510} movement={1: 0, 2: 14, 3: 0, 4: 0, 5: 0} read_errors=[]
[arm-position] arm_down waiting positions={1: 441, 2: 946, 3: 717, 4: 496, 5: 510} movement={1: 0, 2: 13, 3: 1, 4: 1, 5: 0} read_errors=[]
[arm-position] arm_down waiting positions={1: 441, 2: 958, 3: 717, 4: 495, 5: 510} movement={1: 0, 2: 12, 3: 0, 4: 1, 5: 0} read_errors=[]
[arm-position] arm_down waiting positions={1: 441, 2: 972, 3: 718, 4: 495, 5: 510} movement={1: 0, 2: 14, 3: 1, 4: 0, 5: 0} read_errors=[]
[arm-position] arm_down waiting positions={1: 441, 2: 984, 3: 718, 4: 495, 5: 510} movement={1: 0, 2: 12, 3: 0, 4: 0, 5: 0} read_errors=[]
[arm-position] arm_down waiting positions={1: 442, 2: 998, 3: 718, 4: 495, 5: 510} movement={1: 1, 2: 14, 3: 0, 4: 0, 5: 0} read_errors=[]
[arm-position] arm_down waiting positions={1: 441, 2: 1005, 3: 718, 4: 495, 5: 510} movement={1: 1, 2: 7, 3: 0, 4: 0, 5: 0} read_errors=[]
[arm-position] arm_down settled positions={1: 441, 2: 1005, 3: 718, 4: 495, 5: 510} movement={1: 0, 2: 0, 3: 0, 4: 0, 5: 0} elapsed=4.94s
[base] pickup_push direction=forward requested_speed=0.2 effective_speed=0.2 seconds=3.76
[map] motion direction=forward speed=0.2 effective_seconds=3.76 pose={'x_m': -0.7518152662819501, 'y_m': 0.11395614305849701, 'heading_rad': -1.483944316810831}
[arm] pose grab
[arm] grab servo=5 angle=0 speed=85
[arm] grab servo=4 angle=-50 speed=85
[arm] grab servo=3 angle=45 speed=85
[arm] grab servo=2 angle=105 speed=85
[arm] grab servo=1 angle=-16 speed=85
[arm] pose carry
[arm] carry servo=5 angle=0 speed=85
[arm] carry servo=4 angle=-50 speed=85
[arm] carry servo=3 angle=45 speed=85
[arm] carry servo=2 angle=60 speed=85
[arm] carry servo=1 angle=-16 speed=85
[mission] completed_pickups=1
[fsm] FINALIZING --FINALIZED--> PLANNING
[fsm] PLANNING --MAP_TARGET_AVAILABLE--> MAP_NAVIGATING
[can] backend=detectnet_native detections=1 best_confidence=0.562
[depth] map_can_0_depth mean=3.110 min=2.713 max=3.667
[map] can rejected reason=out_of_bounds position={'x_m': -3.8607685228435464, 'y_m': 0.20516083647644018}
[tag] cv2=4.1.1
[tag] has pupil_apriltags=True
[tag] has aruco=False
[tag] has ArucoDetector=False
[tag] has DICT_APRILTAG_36h11=False
[tag] calibration not loaded; pose distance disabled
[tag] detector loaded backend=pupil_apriltags family=tag36h11 dictionary=DICT_APRILTAG_36h11
[tag] no detections
[map] navigate label=bin_docking distance_m=0.810 heading_error_rad=-3.087
[base] continuous start label=map_turn_bin_docking direction=left requested_speed=0.15 effective_speed=0.15
[can] backend=detectnet_native detections=1 best_confidence=0.635
[depth] map_can_0_depth mean=3.120 min=2.779 max=3.650
[map] can rejected reason=out_of_bounds position={'x_m': -3.8711091249158094, 'y_m': 0.15998439269763895}
[tag] no detections
[map] motion direction=left speed=0.15 effective_seconds=0.11432075500488281 pose={'x_m': -0.7518152662819501, 'y_m': 0.11395614305849701, 'heading_rad': -1.503677791760073}
[map] navigate label=bin_docking distance_m=0.810 heading_error_rad=-3.068
[can] backend=detectnet_native detections=1 best_confidence=0.608
[depth] map_can_0_depth mean=3.103 min=2.694 max=3.642
[map] can rejected reason=out_of_bounds position={'x_m': -3.8552641001305252, 'y_m': 0.1310365808238544}
[tag] no detections
[map] motion direction=left speed=0.15 effective_seconds=0.10070037841796875 pose={'x_m': -0.7518152662819501, 'y_m': 0.11395614305849701, 'heading_rad': -1.5210601856640082}
[map] navigate label=bin_docking distance_m=0.810 heading_error_rad=-3.050
[can] backend=detectnet_native detections=1 best_confidence=0.581
[depth] map_can_0_depth mean=3.070 min=2.697 max=3.430
[map] can rejected reason=out_of_bounds position={'x_m': -3.8222157012458924, 'y_m': 0.12576050683418546}
[tag] no detections
[map] motion direction=left speed=0.15 effective_seconds=0.0922083854675293 pose={'x_m': -0.7518152662819501, 'y_m': 0.11395614305849701, 'heading_rad': -1.536976734366436}
[map] navigate label=bin_docking distance_m=0.810 heading_error_rad=-3.034
[can] backend=detectnet_native detections=1 best_confidence=0.623
[depth] map_can_0_depth mean=2.964 min=2.630 max=3.226
[map] can rejected reason=out_of_bounds position={'x_m': -3.7151108494258183, 'y_m': 0.07742378327435223}
[tag] no detections
[map] motion direction=left speed=0.15 effective_seconds=0.08774566650390625 pose={'x_m': -0.7518152662819501, 'y_m': 0.11395614305849701, 'heading_rad': -1.5521229509198993}
[map] navigate label=bin_docking distance_m=0.810 heading_error_rad=-3.019
[can] backend=detectnet_native detections=1 best_confidence=0.481
[depth] map_can_0_depth mean=2.831 min=2.503 max=3.265
[map] can rejected reason=out_of_bounds position={'x_m': -3.5818135822893646, 'y_m': 0.058989305836405825}
[tag] no detections
[map] motion direction=left speed=0.15 effective_seconds=0.08797001838684082 pose={'x_m': -0.7518152662819501, 'y_m': 0.11395614305849701, 'heading_rad': -1.567307893969365}
[map] navigate label=bin_docking distance_m=0.810 heading_error_rad=-3.004
[can] backend=detectnet_native detections=1 best_confidence=0.377
[depth] map_can_0_depth mean=2.744 min=2.295 max=3.099
[map] can rejected reason=out_of_bounds position={'x_m': -3.495296139670101, 'y_m': 0.06530464333427052}
[tag] no detections
[map] motion direction=left speed=0.15 effective_seconds=0.08688116073608398 pose={'x_m': -0.7518152662819501, 'y_m': 0.11395614305849701, 'heading_rad': -1.5823048838761702}
[map] navigate label=bin_docking distance_m=0.810 heading_error_rad=-2.989
[can] backend=detectnet_native detections=1 best_confidence=0.601
[depth] map_can_0_depth mean=2.793 min=2.174 max=3.269
[map] can rejected reason=out_of_bounds position={'x_m': -3.544566864577766, 'y_m': 0.08395646171509147}
[tag] no detections
[map] motion direction=left speed=0.15 effective_seconds=0.08416485786437988 pose={'x_m': -0.7518152662819501, 'y_m': 0.11395614305849701, 'heading_rad': -1.596832999214477}
[map] navigate label=bin_docking distance_m=0.810 heading_error_rad=-2.974
[can] backend=detectnet_native detections=1 best_confidence=0.656
[depth] map_can_0_depth mean=2.603 min=1.866 max=3.205
[map] can rejected reason=out_of_bounds position={'x_m': -3.354892269589474, 'y_m': 0.07645886824457533}
[tag] no detections
[map] motion direction=left speed=0.15 effective_seconds=0.08348751068115234 pose={'x_m': -0.7518152662819501, 'y_m': 0.11395614305849701, 'heading_rad': -1.6112441942816431}
[map] navigate label=bin_docking distance_m=0.810 heading_error_rad=-2.960
[can] backend=detectnet_native detections=1 best_confidence=0.614
[depth] map_can_0_depth mean=2.613 min=2.117 max=3.191
[map] can rejected reason=out_of_bounds position={'x_m': -3.3644438437416646, 'y_m': 0.07507338559737617}
[tag] no detections
[map] motion direction=left speed=0.15 effective_seconds=0.08589625358581543 pose={'x_m': -0.7518152662819501, 'y_m': 0.11395614305849701, 'heading_rad': -1.626071174459451}
[map] navigate label=bin_docking distance_m=0.810 heading_error_rad=-2.945
[can] backend=detectnet_native detections=1 best_confidence=0.411
[depth] map_can_0_depth mean=2.595 min=1.830 max=3.247
[map] can rejected reason=out_of_bounds position={'x_m': -3.3450072379132005, 'y_m': 0.019929261495068434}
[tag] no detections
[map] navigate label=bin_docking distance_m=0.810 heading_error_rad=-2.934
[base] continuous start label=map_turn_bin_docking direction=left requested_speed=0.15 effective_speed=0.15
[fsm] stop requested; ending run without mission failure
[media] shutdown result={'stopped': True, 'stopping': False, 'last_recording': '/workspace/robot_code/temp_car/diagnostic_outputs/full_demo_1788485660310.avi', 'last_events': '/workspace/robot_code/temp_car/diagnostic_outputs/full_demo_1788485660310.events.csv'}
[fsm] stop_all owner=Thread-14
[map] motion direction=left speed=0.15 effective_seconds=0.18305730819702148 pose={'x_m': -0.7518152662819501, 'y_m': 0.11395614305849701, 'heading_rad': -1.6686784686767129}
[base] continuous stop label=map_turn_bin_docking elapsed=0.183s
[base] stop
[arm] pose safe_home
[arm] safe_home servo=5 angle=0 speed=85
[arm] safe_home servo=4 angle=0 speed=85
[arm] safe_home servo=3 angle=0 speed=85
[arm] safe_home servo=2 angle=0 speed=85
[arm] safe_home servo=1 angle=-16 speed=85
[camera] stopped
[depth] stop
[result] False
[integration] STOPPED elapsed=53.9s
