
>>> run_full_background log=/workspace/robot_code/temp_car/logs/integration_run_full_20260909_004741.log
[fsm] IDLE --START--> INITIALIZING
[depth] loading network fcn-mobilenet
[camera] starting JetBot Camera 320x240
[warmup] frame 1/2 processed
[warmup] frame 2/2 processed
[depth] started enabled=True rectification=True frame_space=rectified
[arm] pose safe_home
[arm] TTLServo connected
[arm] safe_home servo=5 angle=0 speed=85
[arm] safe_home servo=4 angle=0 speed=85
[arm] safe_home servo=3 angle=0 speed=85
[arm] safe_home servo=2 angle=0 speed=85
[arm] safe_home servo=1 angle=-16 speed=85
[base] stop
[fsm] INITIALIZING --INITIALIZED--> PLANNING
[fsm] PLANNING --TARGET_REQUIRED--> SEARCHING
[can] rectification enabled=False frame_space=raw
[can] loading native detectNet model=/workspace/robot_code/temp_car/assets/models/detectnet_native_can/can_ssd_mobilenet_v1.onnx
[can] native detectNet loaded threshold=0.200 clustering=0.300
[can] backend=detectnet_native no detections
[base] Robot connected
[base] continuous start label=search_can_routine_2_step_0 direction=forward requested_speed=0.6 effective_speed=0.6
[can] backend=detectnet_native no detections
[map] motion direction=forward speed=0.6 effective_seconds=0.06606817245483398 pose={'x_m': 0.0, 'y_m': 0.0068545728921890255, 'heading_rad': 0.0}
[can] backend=detectnet_native no detections
[map] motion direction=forward speed=0.6 effective_seconds=0.07217931747436523 pose={'x_m': 0.0, 'y_m': 0.014343177080154416, 'heading_rad': 0.0}
[can] backend=detectnet_native no detections
[map] motion direction=forward speed=0.6 effective_seconds=0.0662074089050293 pose={'x_m': 0.0, 'y_m': 0.021212195754051207, 'heading_rad': 0.0}
[can] backend=detectnet_native no detections
[map] motion direction=forward speed=0.6 effective_seconds=0.0644533634185791 pose={'x_m': 0.0, 'y_m': 0.027899232208728787, 'heading_rad': 0.0}
[can] backend=detectnet_native no detections
[map] motion direction=forward speed=0.6 effective_seconds=0.06099247932434082 pose={'x_m': 0.0, 'y_m': 0.034227201938629145, 'heading_rad': 0.0}
[can] backend=detectnet_native no detections
[map] motion direction=forward speed=0.6 effective_seconds=0.05949664115905762 pose={'x_m': 0.0, 'y_m': 0.04039997845888137, 'heading_rad': 0.0}
[can] backend=detectnet_native no detections
[map] motion direction=forward speed=0.6 effective_seconds=0.058008432388305664 pose={'x_m': 0.0, 'y_m': 0.04641835331916808, 'heading_rad': 0.0}
[can] backend=detectnet_native no detections
[map] motion direction=forward speed=0.6 effective_seconds=0.04718923568725586 pose={'x_m': 0.0, 'y_m': 0.05131423652172088, 'heading_rad': 0.0}
[can] backend=detectnet_native no detections
[map] motion direction=forward speed=0.6 effective_seconds=0.05178213119506836 pose={'x_m': 0.0, 'y_m': 0.05668663263320922, 'heading_rad': 0.0}
[can] backend=detectnet_native no detections
[map] motion direction=forward speed=0.6 effective_seconds=0.05058741569519043 pose={'x_m': 0.0, 'y_m': 0.06193507701158523, 'heading_rad': 0.0}
[can] backend=detectnet_native no detections
[map] motion direction=forward speed=0.6 effective_seconds=0.05079531669616699 pose={'x_m': 0.0, 'y_m': 0.06720509111881255, 'heading_rad': 0.0}
[can] backend=detectnet_native no detections
[map] motion direction=forward speed=0.6 effective_seconds=0.048880577087402344 pose={'x_m': 0.0, 'y_m': 0.07227645099163055, 'heading_rad': 0.0}
[can] backend=detectnet_native no detections
[map] motion direction=forward speed=0.6 effective_seconds=0.05058741569519043 pose={'x_m': 0.0, 'y_m': 0.07752489537000655, 'heading_rad': 0.0}
[can] backend=detectnet_native no detections
[map] motion direction=forward speed=0.6 effective_seconds=0.0490107536315918 pose={'x_m': 0.0, 'y_m': 0.08260976105928419, 'heading_rad': 0.0}
[can] backend=detectnet_native no detections
[map] motion direction=forward speed=0.6 effective_seconds=0.04925107955932617 pose={'x_m': 0.0, 'y_m': 0.08771956056356428, 'heading_rad': 0.0}
[can] backend=detectnet_native no detections
[map] motion direction=forward speed=0.6 effective_seconds=0.04738759994506836 pose={'x_m': 0.0, 'y_m': 0.09263602405786513, 'heading_rad': 0.0}
[can] backend=detectnet_native no detections
[map] motion direction=forward speed=0.6 effective_seconds=0.04774880409240723 pose={'x_m': 0.0, 'y_m': 0.09758996248245237, 'heading_rad': 0.0}
[can] backend=detectnet_native no detections
[map] motion direction=forward speed=0.6 effective_seconds=0.04729342460632324 pose={'x_m': 0.0, 'y_m': 0.10249665528535841, 'heading_rad': 0.0}
[can] backend=detectnet_native no detections
[map] motion direction=forward speed=0.6 effective_seconds=0.04732322692871094 pose={'x_m': 0.0, 'y_m': 0.10740644007921217, 'heading_rad': 0.0}
[can] backend=detectnet_native no detections
[map] motion direction=forward speed=0.6 effective_seconds=0.04805493354797363 pose={'x_m': 0.0, 'y_m': 0.11239213943481444, 'heading_rad': 0.0}
[can] backend=detectnet_native no detections
[map] motion direction=forward speed=0.6 effective_seconds=0.0472407341003418 pose={'x_m': 0.0, 'y_m': 0.1172933655977249, 'heading_rad': 0.0}
[can] backend=detectnet_native no detections
[map] motion direction=forward speed=0.6 effective_seconds=0.0474858283996582 pose={'x_m': 0.0, 'y_m': 0.12222002029418944, 'heading_rad': 0.0}
[can] backend=detectnet_native no detections
[map] motion direction=forward speed=0.6 effective_seconds=0.047431230545043945 pose={'x_m': 0.0, 'y_m': 0.12714101046323775, 'heading_rad': 0.0}
[can] backend=detectnet_native no detections
[map] motion direction=forward speed=0.6 effective_seconds=0.047471046447753906 pose={'x_m': 0.0, 'y_m': 0.1320661315321922, 'heading_rad': 0.0}
[can] backend=detectnet_native no detections
[map] motion direction=forward speed=0.6 effective_seconds=0.04755759239196777 pose={'x_m': 0.0, 'y_m': 0.13700023174285886, 'heading_rad': 0.0}
[can] backend=detectnet_native no detections
[map] motion direction=forward speed=0.6 effective_seconds=0.04759335517883301 pose={'x_m': 0.0, 'y_m': 0.14193804234266277, 'heading_rad': 0.0}
[can] backend=detectnet_native no detections
[map] motion direction=forward speed=0.6 effective_seconds=0.04721951484680176 pose={'x_m': 0.0, 'y_m': 0.14683706700801846, 'heading_rad': 0.0}
[can] backend=detectnet_native no detections
[map] motion direction=forward speed=0.6 effective_seconds=0.04754900932312012 pose={'x_m': 0.0, 'y_m': 0.15177027672529217, 'heading_rad': 0.0}
[can] backend=detectnet_native no detections
[map] motion direction=forward speed=0.6 effective_seconds=0.04758501052856445 pose={'x_m': 0.0, 'y_m': 0.15670722156763073, 'heading_rad': 0.0}
[can] backend=detectnet_native no detections
[map] motion direction=forward speed=0.6 effective_seconds=0.0471339225769043 pose={'x_m': 0.0, 'y_m': 0.16159736603498454, 'heading_rad': 0.0}
[can] backend=detectnet_native no detections
[map] motion direction=forward speed=0.6 effective_seconds=0.047274112701416016 pose={'x_m': 0.0, 'y_m': 0.16650205522775643, 'heading_rad': 0.0}
[can] backend=detectnet_native no detections
[map] motion direction=forward speed=0.6 effective_seconds=0.04756331443786621 pose={'x_m': 0.0, 'y_m': 0.17143674910068504, 'heading_rad': 0.0}
[can] backend=detectnet_native no detections
[map] motion direction=forward speed=0.6 effective_seconds=0.047414541244506836 pose={'x_m': 0.0, 'y_m': 0.17635600775480262, 'heading_rad': 0.0}
[can] backend=detectnet_native no detections
[map] motion direction=forward speed=0.6 effective_seconds=0.04748082160949707 pose={'x_m': 0.0, 'y_m': 0.18128214299678794, 'heading_rad': 0.0}
[can] backend=detectnet_native no detections
[map] motion direction=forward speed=0.6 effective_seconds=0.04712486267089844 pose={'x_m': 0.0, 'y_m': 0.18617134749889364, 'heading_rad': 0.0}
[can] backend=detectnet_native no detections
[map] motion direction=forward speed=0.6 effective_seconds=0.04740428924560547 pose={'x_m': 0.0, 'y_m': 0.1910895425081252, 'heading_rad': 0.0}
[can] backend=detectnet_native no detections
[map] motion direction=forward speed=0.6 effective_seconds=0.04734444618225098 pose={'x_m': 0.0, 'y_m': 0.19600152879953375, 'heading_rad': 0.0}
[can] backend=detectnet_native no detections
[map] motion direction=forward speed=0.6 effective_seconds=0.04766559600830078 pose={'x_m': 0.0, 'y_m': 0.20094683438539496, 'heading_rad': 0.0}
[can] backend=detectnet_native no detections
[map] motion direction=forward speed=0.6 effective_seconds=0.04743361473083496 pose={'x_m': 0.0, 'y_m': 0.2058680719137191, 'heading_rad': 0.0}
[can] backend=detectnet_native no detections
[map] motion direction=forward speed=0.6 effective_seconds=0.0474095344543457 pose={'x_m': 0.0, 'y_m': 0.21078681111335745, 'heading_rad': 0.0}
[can] backend=detectnet_native no detections
[map] motion direction=forward speed=0.6 effective_seconds=0.04722762107849121 pose={'x_m': 0.0, 'y_m': 0.21568667680025091, 'heading_rad': 0.0}
[can] backend=detectnet_native no detections
[map] motion direction=forward speed=0.6 effective_seconds=0.047309160232543945 pose={'x_m': 0.0, 'y_m': 0.22059500217437736, 'heading_rad': 0.0}
[can] backend=detectnet_native no detections
[map] motion direction=forward speed=0.6 effective_seconds=0.04741048812866211 pose={'x_m': 0.0, 'y_m': 0.22551384031772606, 'heading_rad': 0.0}
[can] backend=detectnet_native no detections
[map] motion direction=forward speed=0.6 effective_seconds=0.04702615737915039 pose={'x_m': 0.0, 'y_m': 0.23039280414581292, 'heading_rad': 0.0}
[can] backend=detectnet_native no detections
[map] motion direction=forward speed=0.6 effective_seconds=0.04745817184448242 pose={'x_m': 0.0, 'y_m': 0.23531658947467798, 'heading_rad': 0.0}
[can] backend=detectnet_native detections=1 best_confidence=0.279
[can] backend=detectnet_native confidence=0.279 class_id=1 center=(249.1,73.5) error_x=0.278 bbox=[205.625, 0.0, 292.5, 146.953125]
[map] motion direction=forward speed=0.6 effective_seconds=0.09374308586120605 pose={'x_m': 0.0, 'y_m': 0.2450424346327781, 'heading_rad': 0.0}
[base] continuous stop label=search_can_routine_2_step_0 elapsed=0.094s
[base] stop
[fsm] SEARCHING --TARGET_FOUND--> ALIGNING
[can] backend=detectnet_native detections=1 best_confidence=0.286
[can] backend=detectnet_native confidence=0.286 class_id=1 center=(250.2,73.9) error_x=0.282 bbox=[206.875, 0.0, 293.4375, 147.890625]
[base] continuous start label=align_can direction=right requested_speed=0.15 effective_speed=0.15
[visual-turn] label=align_can direction=right speed=0.15
[can] backend=detectnet_native no detections
[visual-turn] label=align_can target temporarily missing; holding motion frame=1/2
[can] backend=detectnet_native no detections
[visual-turn] label=align_can target temporarily missing; holding motion frame=2/2
[can] backend=detectnet_native no detections
[map] motion direction=right speed=0.15 effective_seconds=0.3631751537322998 pose={'x_m': 0.0, 'y_m': 0.2450424346327781, 'heading_rad': 0.06338602194065635}
[base] continuous stop label=align_can elapsed=0.363s
[base] stop
[can] backend=detectnet_native no detections
[base] stop
[can] backend=detectnet_native no detections
[base] stop
[can] backend=detectnet_native no detections
[base] stop
[can] backend=detectnet_native no detections
[base] stop
[can] backend=detectnet_native no detections
[base] stop
[fsm] ALIGNING --TARGET_MISSING--> SEARCHING reason=alignment target lost
[can] backend=detectnet_native no detections
[base] continuous start label=search_can_routine_2_step_0 direction=forward requested_speed=0.6 effective_speed=0.6
[can] backend=detectnet_native no detections
[map] motion direction=forward speed=0.6 effective_seconds=0.04661870002746582 pose={'x_m': 0.00030637329321205287, 'y_m': 0.24986941161615436, 'heading_rad': 0.06338602194065635}
[can] backend=detectnet_native no detections
[map] motion direction=forward speed=0.6 effective_seconds=0.04697227478027344 pose={'x_m': 0.0006150702432689016, 'y_m': 0.25473299831178553, 'heading_rad': 0.06338602194065635}
[can] backend=detectnet_native no detections
[map] motion direction=forward speed=0.6 effective_seconds=0.04740500450134277 pose={'x_m': 0.0009266110484662119, 'y_m': 0.2596413905554563, 'heading_rad': 0.06338602194065635}
[can] backend=detectnet_native no detections
[map] motion direction=forward speed=0.6 effective_seconds=0.04734063148498535 pose={'x_m': 0.0012377288008327096, 'y_m': 0.26454311751098897, 'heading_rad': 0.06338602194065635}
[can] backend=detectnet_native no detections
[map] motion direction=forward speed=0.6 effective_seconds=0.04738163948059082 pose={'x_m': 0.0015491160535210584, 'y_m': 0.26944909050192817, 'heading_rad': 0.06338602194065635}
[can] backend=detectnet_native no detections
[map] motion direction=forward speed=0.6 effective_seconds=0.04717397689819336 pose={'x_m': 0.0018591385691144528, 'y_m': 0.2743335617670588, 'heading_rad': 0.06338602194065635}
[can] backend=detectnet_native no detections
[map] motion direction=forward speed=0.6 effective_seconds=0.0470430850982666 pose={'x_m': 0.002168300877285195, 'y_m': 0.27920448027964195, 'heading_rad': 0.06338602194065635}
[can] backend=detectnet_native no detections
[map] motion direction=forward speed=0.6 effective_seconds=0.04753303527832031 pose={'x_m': 0.0024806830875571213, 'y_m': 0.2841261290408319, 'heading_rad': 0.06338602194065635}
[can] backend=detectnet_native no detections
[map] motion direction=forward speed=0.6 effective_seconds=0.04737710952758789 pose={'x_m': 0.0027920405698610793, 'y_m': 0.2890316329929762, 'heading_rad': 0.06338602194065635}
[can] backend=detectnet_native no detections
[map] motion direction=forward speed=0.6 effective_seconds=0.047365427017211914 pose={'x_m': 0.0031033212759105566, 'y_m': 0.2939359273187547, 'heading_rad': 0.06338602194065635}
[can] backend=detectnet_native no detections
[map] motion direction=forward speed=0.6 effective_seconds=0.04751324653625488 pose={'x_m': 0.0034155734366085664, 'y_m': 0.29885552712099844, 'heading_rad': 0.06338602194065635}
[can] backend=detectnet_native no detections
[map] motion direction=forward speed=0.6 effective_seconds=0.04738616943359375 pose={'x_m': 0.0037269904596813055, 'y_m': 0.3037619691507325, 'heading_rad': 0.06338602194065635}
[can] backend=detectnet_native no detections
[map] motion direction=forward speed=0.6 effective_seconds=0.04737043380737305 pose={'x_m': 0.004038304069839846, 'y_m': 0.3086667818878106, 'heading_rad': 0.06338602194065635}
[can] backend=detectnet_native no detections
[map] motion direction=forward speed=0.6 effective_seconds=0.04727673530578613 pose={'x_m': 0.004349001903100204, 'y_m': 0.31356189292770986, 'heading_rad': 0.06338602194065635}
[can] backend=detectnet_native no detections
[map] motion direction=forward speed=0.6 effective_seconds=0.04760313034057617 pose={'x_m': 0.004661844770899015, 'y_m': 0.31849079944709463, 'heading_rad': 0.06338602194065635}
[can] backend=detectnet_native no detections
[map] motion direction=forward speed=0.6 effective_seconds=0.047280311584472656 pose={'x_m': 0.004972566107094418, 'y_m': 0.32338628078077936, 'heading_rad': 0.06338602194065635}
[can] backend=detectnet_native no detections
[map] motion direction=forward speed=0.6 effective_seconds=0.04728221893310547 pose={'x_m': 0.005283299978188512, 'y_m': 0.328281959604483, 'heading_rad': 0.06338602194065635}
[can] backend=detectnet_native no detections
[map] motion direction=forward speed=0.6 effective_seconds=0.04746508598327637 pose={'x_m': 0.00559523563269458, 'y_m': 0.33319657278374937, 'heading_rad': 0.06338602194065635}
[can] backend=detectnet_native no detections
[map] motion direction=forward speed=0.6 effective_seconds=0.04743027687072754 pose={'x_m': 0.005906942525299543, 'y_m': 0.3381075817701707, 'heading_rad': 0.06338602194065635}
[can] backend=detectnet_native no detections
[map] motion direction=forward speed=0.6 effective_seconds=0.04787564277648926 pose={'x_m': 0.006221576316748793, 'y_m': 0.34306470467600686, 'heading_rad': 0.06338602194065635}
[can] backend=detectnet_native no detections
[map] motion direction=forward speed=0.6 effective_seconds=0.04735064506530762 pose={'x_m': 0.006532759877333418, 'y_m': 0.3479674684541388, 'heading_rad': 0.06338602194065635}
[can] backend=detectnet_native no detections
[map] motion direction=forward speed=0.6 effective_seconds=0.04882454872131348 pose={'x_m': 0.006853629780881311, 'y_m': 0.3530228426443814, 'heading_rad': 0.06338602194065635}
[can] backend=detectnet_native no detections
[map] motion direction=forward speed=0.6 effective_seconds=0.04719662666320801 pose={'x_m': 0.007163801148396658, 'y_m': 0.35790965910348654, 'heading_rad': 0.06338602194065635}
[can] backend=detectnet_native no detections
[map] motion direction=forward speed=0.6 effective_seconds=0.047257184982299805 pose={'x_m': 0.0074743704989454355, 'y_m': 0.362802745870692, 'heading_rad': 0.06338602194065635}
[can] backend=detectnet_native no detections
[map] motion direction=forward speed=0.6 effective_seconds=0.04721832275390625 pose={'x_m': 0.00778468445093339, 'y_m': 0.36769180877876223, 'heading_rad': 0.06338602194065635}
[can] backend=detectnet_native no detections
[map] motion direction=forward speed=0.6 effective_seconds=0.04727888107299805 pose={'x_m': 0.008095396385954775, 'y_m': 0.37258714199493276, 'heading_rad': 0.06338602194065635}
[can] backend=detectnet_native no detections
[map] motion direction=forward speed=0.6 effective_seconds=0.04765462875366211 pose={'x_m': 0.008408577696018235, 'y_m': 0.37752138074482805, 'heading_rad': 0.06338602194065635}
[can] backend=detectnet_native no detections
[map] motion direction=forward speed=0.6 effective_seconds=0.04719996452331543 pose={'x_m': 0.00871877099960629, 'y_m': 0.3824085428114663, 'heading_rad': 0.06338602194065635}
[can] backend=detectnet_native no detections
[map] motion direction=forward speed=0.6 effective_seconds=0.047796010971069336 pose={'x_m': 0.009032881459035203, 'y_m': 0.3873574205090131, 'heading_rad': 0.06338602194065635}
[can] backend=detectnet_native no detections
[map] motion direction=forward speed=0.6 effective_seconds=0.048326969146728516 pose={'x_m': 0.009350481320887151, 'y_m': 0.39236127449057323, 'heading_rad': 0.06338602194065635}
[can] backend=detectnet_native no detections
[map] motion direction=forward speed=0.6 effective_seconds=0.04741859436035156 pose={'x_m': 0.009662111437237633, 'y_m': 0.39727107385062876, 'heading_rad': 0.06338602194065635}
[can] backend=detectnet_native no detections
[map] motion direction=forward speed=0.6 effective_seconds=0.04735565185546875 pose={'x_m': 0.00997332790193132, 'y_m': 0.40217435604006035, 'heading_rad': 0.06338602194065635}
[can] backend=detectnet_native no detections
[map] motion direction=forward speed=0.6 effective_seconds=0.04739570617675781 pose={'x_m': 0.010284807599497512, 'y_m': 0.407081785519889, 'heading_rad': 0.06338602194065635}
[can] backend=detectnet_native no detections
[map] motion direction=forward speed=0.6 effective_seconds=0.04773116111755371 pose={'x_m': 0.01059849187237094, 'y_m': 0.4120239485567929, 'heading_rad': 0.06338602194065635}
[can] backend=detectnet_native no detections
[map] motion direction=forward speed=0.6 effective_seconds=0.04757261276245117 pose={'x_m': 0.010911134181790698, 'y_m': 0.4169496952358752, 'heading_rad': 0.06338602194065635}
[can] backend=detectnet_native no detections
[map] motion direction=forward speed=0.6 effective_seconds=0.04770231246948242 pose={'x_m': 0.011224628864321427, 'y_m': 0.4218888712362432, 'heading_rad': 0.06338602194065635}
[can] backend=detectnet_native no detections
[map] motion direction=forward speed=0.6 effective_seconds=0.04758501052856445 pose={'x_m': 0.011537352650582675, 'y_m': 0.42681590160044836, 'heading_rad': 0.06338602194065635}
[can] backend=detectnet_native no detections
[map] motion direction=forward speed=0.6 effective_seconds=0.04736828804016113 pose={'x_m': 0.01184865215898019, 'y_m': 0.4317204921612552, 'heading_rad': 0.06338602194065635}
[can] backend=detectnet_native no detections
[map] motion direction=forward speed=0.6 effective_seconds=0.047238826751708984 pose={'x_m': 0.01215910086112907, 'y_m': 0.43661167808702867, 'heading_rad': 0.06338602194065635}
[can] backend=detectnet_native no detections
[map] motion direction=forward speed=0.6 effective_seconds=0.04715394973754883 pose={'x_m': 0.012468991760286211, 'y_m': 0.44149407570696075, 'heading_rad': 0.06338602194065635}
[can] backend=detectnet_native no detections
[map] motion direction=forward speed=0.6 effective_seconds=0.04747462272644043 pose={'x_m': 0.012780990089285734, 'y_m': 0.44640967633632167, 'heading_rad': 0.06338602194065635}
[can] backend=detectnet_native no detections
[map] motion direction=forward speed=0.6 effective_seconds=0.0473935604095459 pose={'x_m': 0.0130924556850909, 'y_m': 0.45131688363987904, 'heading_rad': 0.06338602194065635}
[can] backend=detectnet_native no detections
[map] motion direction=forward speed=0.6 effective_seconds=0.04741644859313965 pose={'x_m': 0.013404071699680355, 'y_m': 0.45622646082366325, 'heading_rad': 0.06338602194065635}
[can] backend=detectnet_native no detections
[map] motion direction=forward speed=0.6 effective_seconds=0.04993009567260742 pose={'x_m': 0.013732207143881868, 'y_m': 0.461396305166115, 'heading_rad': 0.06338602194065635}
[can] backend=detectnet_native no detections
[map] motion direction=forward speed=0.6 effective_seconds=0.047315120697021484 pose={'x_m': 0.014043157241978377, 'y_m': 0.4662953906926448, 'heading_rad': 0.06338602194065635}
[can] backend=detectnet_native no detections
[map] motion direction=forward speed=0.6 effective_seconds=0.04714202880859375 pose={'x_m': 0.014352969798018702, 'y_m': 0.4711765539999587, 'heading_rad': 0.06338602194065635}
[can] backend=detectnet_native no detections
[map] motion direction=forward speed=0.6 effective_seconds=0.047295331954956055 pose={'x_m': 0.014663789846541294, 'y_m': 0.47607359056754234, 'heading_rad': 0.06338602194065635}
[can] backend=detectnet_native no detections
[map] motion direction=forward speed=0.6 effective_seconds=0.04748344421386719 pose={'x_m': 0.014975846149447261, 'y_m': 0.4809901045882407, 'heading_rad': 0.06338602194065635}
[can] backend=detectnet_native no detections
[map] motion direction=forward speed=0.6 effective_seconds=0.04724478721618652 pose={'x_m': 0.01528633402315455, 'y_m': 0.4858819076703233, 'heading_rad': 0.06338602194065635}
[can] backend=detectnet_native no detections
[map] motion direction=forward speed=0.6 effective_seconds=0.047540903091430664 pose={'x_m': 0.015598767939883575, 'y_m': 0.49080437107784125, 'heading_rad': 0.06338602194065635}
[can] backend=detectnet_native no detections
[map] motion direction=forward speed=0.6 effective_seconds=0.04742097854614258 pose={'x_m': 0.01591041372485742, 'y_m': 0.4957144173004204, 'heading_rad': 0.06338602194065635}
[can] backend=detectnet_native no detections
[map] motion direction=forward speed=0.6 effective_seconds=0.047115325927734375 pose={'x_m': 0.016220050792316074, 'y_m': 0.5005928157474696, 'heading_rad': 0.06338602194065635}
[can] backend=detectnet_native no detections
[map] motion direction=forward speed=0.6 effective_seconds=0.047080278396606445 pose={'x_m': 0.016529457531011284, 'y_m': 0.5054675853154215, 'heading_rad': 0.06338602194065635}
[can] backend=detectnet_native no detections
[map] motion direction=forward speed=0.6 effective_seconds=0.04726743698120117 pose={'x_m': 0.016840094256640525, 'y_m': 0.5103617335914785, 'heading_rad': 0.06338602194065635}
[can] backend=detectnet_native no detections
[map] motion direction=forward speed=0.6 effective_seconds=0.047490596771240234 pose={'x_m': 0.017152197565416583, 'y_m': 0.5152789881997478, 'heading_rad': 0.06338602194065635}
[can] backend=detectnet_native no detections
[map] motion direction=forward speed=0.6 effective_seconds=0.04756617546081543 pose={'x_m': 0.01746479756955326, 'y_m': 0.5202040683500163, 'heading_rad': 0.06338602194065635}
[can] backend=detectnet_native no detections
[map] motion direction=forward speed=0.6 effective_seconds=0.04744148254394531 pose={'x_m': 0.01777657810468803, 'y_m': 0.5251162375902987, 'heading_rad': 0.06338602194065635}
[can] backend=detectnet_native no detections
[map] motion direction=forward speed=0.6 effective_seconds=0.04742884635925293 pose={'x_m': 0.018088275596118975, 'y_m': 0.5300270984592058, 'heading_rad': 0.06338602194065635}
[can] backend=detectnet_native no detections
[map] motion direction=forward speed=0.6 effective_seconds=0.04732084274291992 pose={'x_m': 0.018399263298911554, 'y_m': 0.5349267764557923, 'heading_rad': 0.06338602194065635}
[can] backend=detectnet_native no detections
[map] motion direction=forward speed=0.6 effective_seconds=0.04751014709472656 pose={'x_m': 0.018711495090399193, 'y_m': 0.5398460553367554, 'heading_rad': 0.06338602194065635}
[can] backend=detectnet_native no detections
[map] motion direction=forward speed=0.6 effective_seconds=0.047460317611694336 pose={'x_m': 0.019023399407658535, 'y_m': 0.5447601747909746, 'heading_rad': 0.06338602194065635}
[map] motion direction=forward speed=0.6 effective_seconds=0.017371416091918945 pose={'x_m': 0.019137562564346785, 'y_m': 0.5465588398244257, 'heading_rad': 0.06338602194065635}
[base] continuous stop label=search_can_routine_2_step_0 elapsed=0.017s
[base] stop
[can] backend=detectnet_native no detections
[base] continuous start label=search_can_routine_2_step_1 direction=left requested_speed=0.15 effective_speed=0.15
[can] backend=detectnet_native no detections
[map] motion direction=left speed=0.15 effective_seconds=0.046877384185791016 pose={'x_m': 0.019137562564346785, 'y_m': 0.5465588398244257, 'heading_rad': 0.056305750509041186}
[can] backend=detectnet_native no detections
[map] motion direction=left speed=0.15 effective_seconds=0.04732370376586914 pose={'x_m': 0.019137562564346785, 'y_m': 0.5465588398244257, 'heading_rad': 0.04915806781233334}
[can] backend=detectnet_native no detections
[map] motion direction=left speed=0.15 effective_seconds=0.04737138748168945 pose={'x_m': 0.019137562564346785, 'y_m': 0.5465588398244257, 'heading_rad': 0.04200318305738904}
[can] backend=detectnet_native no detections
[map] motion direction=left speed=0.15 effective_seconds=0.046965837478637695 pose={'x_m': 0.019137562564346785, 'y_m': 0.5465588398244257, 'heading_rad': 0.03490955180774513}
[can] backend=detectnet_native no detections
[map] motion direction=left speed=0.15 effective_seconds=0.04753470420837402 pose={'x_m': 0.019137562564346785, 'y_m': 0.5465588398244257, 'heading_rad': 0.02773000000334136}
[can] backend=detectnet_native no detections
[map] motion direction=left speed=0.15 effective_seconds=0.047072410583496094 pose={'x_m': 0.019137562564346785, 'y_m': 0.5465588398244257, 'heading_rad': 0.020620272153539343}
[can] backend=detectnet_native no detections
[map] motion direction=left speed=0.15 effective_seconds=0.04754185676574707 pose={'x_m': 0.019137562564346785, 'y_m': 0.5465588398244257, 'heading_rad': 0.01343964004039977}
[can] backend=detectnet_native no detections
[map] motion direction=left speed=0.15 effective_seconds=0.047191619873046875 pose={'x_m': 0.019137562564346785, 'y_m': 0.5465588398244257, 'heading_rad': 0.006311907045006837}
[can] backend=detectnet_native no detections
[map] motion direction=left speed=0.15 effective_seconds=0.04724907875061035 pose={'x_m': 0.019137562564346785, 'y_m': 0.5465588398244257, 'heading_rad': -0.000824504430561035}
[can] backend=detectnet_native no detections
[map] motion direction=left speed=0.15 effective_seconds=0.04727506637573242 pose={'x_m': 0.019137562564346785, 'y_m': 0.5465588398244257, 'heading_rad': -0.007964841027867653}
[can] backend=detectnet_native no detections
[map] motion direction=left speed=0.15 effective_seconds=0.04723954200744629 pose={'x_m': 0.019137562564346785, 'y_m': 0.5465588398244257, 'heading_rad': -0.015099812091788234}
[can] backend=detectnet_native no detections
[map] motion direction=left speed=0.15 effective_seconds=0.047765254974365234 pose={'x_m': 0.019137562564346785, 'y_m': 0.5465588398244257, 'heading_rad': -0.0223141858477649}
[can] backend=detectnet_native no detections
[map] motion direction=left speed=0.15 effective_seconds=0.04741787910461426 pose={'x_m': 0.019137562564346785, 'y_m': 0.5465588398244257, 'heading_rad': -0.02947609260948969}
[can] backend=detectnet_native no detections
[map] motion direction=left speed=0.15 effective_seconds=0.047194480895996094 pose={'x_m': 0.019137562564346785, 'y_m': 0.5465588398244257, 'heading_rad': -0.03660425772837694}
[can] backend=detectnet_native no detections
[map] motion direction=left speed=0.15 effective_seconds=0.04728055000305176 pose={'x_m': 0.019137562564346785, 'y_m': 0.5465588398244257, 'heading_rad': -0.04374542256238101}
[can] backend=detectnet_native no detections
[map] motion direction=left speed=0.15 effective_seconds=0.04728102684020996 pose={'x_m': 0.019137562564346785, 'y_m': 0.5465588398244257, 'heading_rad': -0.05088665941696746}
[can] backend=detectnet_native no detections
[map] motion direction=left speed=0.15 effective_seconds=0.04721379280090332 pose={'x_m': 0.019137562564346785, 'y_m': 0.5465588398244257, 'heading_rad': -0.05801774136944049}
[can] backend=detectnet_native no detections
[map] motion direction=left speed=0.15 effective_seconds=0.04714012145996094 pose={'x_m': 0.019137562564346785, 'y_m': 0.5465588398244257, 'heading_rad': -0.06513769614193832}
[can] backend=detectnet_native no detections
[map] motion direction=left speed=0.15 effective_seconds=0.047479867935180664 pose={'x_m': 0.019137562564346785, 'y_m': 0.5465588398244257, 'heading_rad': -0.07230896557937028}
[can] backend=detectnet_native no detections
[map] motion direction=left speed=0.15 effective_seconds=0.047406673431396484 pose={'x_m': 0.019137562564346785, 'y_m': 0.5465588398244257, 'heading_rad': -0.07946917985740942}
[can] backend=detectnet_native no detections
[map] motion direction=left speed=0.15 effective_seconds=0.0475306510925293 pose={'x_m': 0.019137562564346785, 'y_m': 0.5465588398244257, 'heading_rad': -0.08664811948686335}
[can] backend=detectnet_native no detections
[map] motion direction=left speed=0.15 effective_seconds=0.04728341102600098 pose={'x_m': 0.019137562564346785, 'y_m': 0.5465588398244257, 'heading_rad': -0.09378971644436129}
[can] backend=detectnet_native no detections
[map] motion direction=left speed=0.15 effective_seconds=0.047132015228271484 pose={'x_m': 0.019137562564346785, 'y_m': 0.5465588398244257, 'heading_rad': -0.10090844686695899}
[can] backend=detectnet_native no detections
[map] motion direction=left speed=0.15 effective_seconds=0.050611019134521484 pose={'x_m': 0.019137562564346785, 'y_m': 0.5465588398244257, 'heading_rad': -0.10855263945848392}
[can] backend=detectnet_native no detections
[map] motion direction=left speed=0.15 effective_seconds=0.0469202995300293 pose={'x_m': 0.019137562564346785, 'y_m': 0.5465588398244257, 'heading_rad': -0.11563939274251211}
[can] backend=detectnet_native no detections
[map] motion direction=left speed=0.15 effective_seconds=0.04894828796386719 pose={'x_m': 0.019137562564346785, 'y_m': 0.5465588398244257, 'heading_rad': -0.12303244956333392}
[can] backend=detectnet_native no detections
[map] motion direction=left speed=0.15 effective_seconds=0.04708719253540039 pose={'x_m': 0.019137562564346785, 'y_m': 0.5465588398244257, 'heading_rad': -0.13014441005118949}
[can] backend=detectnet_native no detections
[map] motion direction=left speed=0.15 effective_seconds=0.04714465141296387 pose={'x_m': 0.019137562564346785, 'y_m': 0.5465588398244257, 'heading_rad': -0.13726504901921954}
[can] backend=detectnet_native no detections
[map] motion direction=left speed=0.15 effective_seconds=0.047356367111206055 pose={'x_m': 0.019137562564346785, 'y_m': 0.5465588398244257, 'heading_rad': -0.14441766512581955}
[can] backend=detectnet_native no detections
[map] motion direction=left speed=0.15 effective_seconds=0.04706549644470215 pose={'x_m': 0.019137562564346785, 'y_m': 0.5465588398244257, 'heading_rad': -0.1515263486771774}
[can] backend=detectnet_native no detections
[map] motion direction=left speed=0.15 effective_seconds=0.047300100326538086 pose={'x_m': 0.019137562564346785, 'y_m': 0.5465588398244257, 'heading_rad': -0.15867046635505844}
[can] backend=detectnet_native no detections
[map] motion direction=left speed=0.15 effective_seconds=0.047493934631347656 pose={'x_m': 0.019137562564346785, 'y_m': 0.5465588398244257, 'heading_rad': -0.16584386039967036}
[can] backend=detectnet_native no detections
[map] motion direction=left speed=0.15 effective_seconds=0.04745984077453613 pose={'x_m': 0.019137562564346785, 'y_m': 0.5465588398244257, 'heading_rad': -0.17301210497264297}
[can] backend=detectnet_native no detections
[map] motion direction=left speed=0.15 effective_seconds=0.04742074012756348 pose={'x_m': 0.019137562564346785, 'y_m': 0.5465588398244257, 'heading_rad': -0.18017444385786208}
[can] backend=detectnet_native no detections
[map] motion direction=left speed=0.15 effective_seconds=0.04740428924560547 pose={'x_m': 0.019137562564346785, 'y_m': 0.5465588398244257, 'heading_rad': -0.1873342980329893}
[can] backend=detectnet_native no detections
[map] motion direction=left speed=0.15 effective_seconds=0.047394514083862305 pose={'x_m': 0.019137562564346785, 'y_m': 0.5465588398244257, 'heading_rad': -0.19449267578617802}
[can] backend=detectnet_native no detections
[map] motion direction=left speed=0.15 effective_seconds=0.04723024368286133 pose={'x_m': 0.019137562564346785, 'y_m': 0.5465588398244257, 'heading_rad': -0.2016262424487425}
[can] backend=detectnet_native no detections
[map] motion direction=left speed=0.15 effective_seconds=0.04735398292541504 pose={'x_m': 0.019137562564346785, 'y_m': 0.5465588398244257, 'heading_rad': -0.20877849845243057}
[can] backend=detectnet_native no detections
[map] motion direction=left speed=0.15 effective_seconds=0.04704093933105469 pose={'x_m': 0.019137562564346785, 'y_m': 0.5465588398244257, 'heading_rad': -0.21588347294379684}
[can] backend=detectnet_native no detections
[map] motion direction=left speed=0.15 effective_seconds=0.04767489433288574 pose={'x_m': 0.019137562564346785, 'y_m': 0.5465588398244257, 'heading_rad': -0.22308419879941566}
[can] backend=detectnet_native no detections
[map] motion direction=left speed=0.15 effective_seconds=0.04733872413635254 pose={'x_m': 0.019137562564346785, 'y_m': 0.5465588398244257, 'heading_rad': -0.2302341501444678}
[can] backend=detectnet_native no detections
[map] motion direction=left speed=0.15 effective_seconds=0.04745984077453613 pose={'x_m': 0.019137562564346785, 'y_m': 0.5465588398244257, 'heading_rad': -0.2374023947174404}
[can] backend=detectnet_native no detections
[map] motion direction=left speed=0.15 effective_seconds=0.047037363052368164 pose={'x_m': 0.019137562564346785, 'y_m': 0.5465588398244257, 'heading_rad': -0.24450682905443877}
[can] backend=detectnet_native no detections
[map] motion direction=left speed=0.15 effective_seconds=0.0470118522644043 pose={'x_m': 0.019137562564346785, 'y_m': 0.5465588398244257, 'heading_rad': -0.2516074102902808}
[can] backend=detectnet_native no detections
[map] motion direction=left speed=0.15 effective_seconds=0.04821896553039551 pose={'x_m': 0.019137562564346785, 'y_m': 0.5465588398244257, 'heading_rad': -0.2588903116303767}
[can] backend=detectnet_native no detections
[map] motion direction=left speed=0.15 effective_seconds=0.046924591064453125 pose={'x_m': 0.019137562564346785, 'y_m': 0.5465588398244257, 'heading_rad': -0.2659777130996459}
[can] backend=detectnet_native no detections
[map] motion direction=left speed=0.15 effective_seconds=0.047209978103637695 pose={'x_m': 0.019137562564346785, 'y_m': 0.5465588398244257, 'heading_rad': -0.27310821888745984}
[can] backend=detectnet_native no detections
[map] motion direction=left speed=0.15 effective_seconds=0.04729580879211426 pose={'x_m': 0.019137562564346785, 'y_m': 0.5465588398244257, 'heading_rad': -0.2802516883800994}
[can] backend=detectnet_native no detections
[map] motion direction=left speed=0.15 effective_seconds=0.047118186950683594 pose={'x_m': 0.019137562564346785, 'y_m': 0.5465588398244257, 'heading_rad': -0.2873683302058083}
[can] backend=detectnet_native no detections
[map] motion direction=left speed=0.15 effective_seconds=0.04711484909057617 pose={'x_m': 0.019137562564346785, 'y_m': 0.5465588398244257, 'heading_rad': -0.294484467887441}
[can] backend=detectnet_native no detections
[map] motion direction=left speed=0.15 effective_seconds=0.04723191261291504 pose={'x_m': 0.019137562564346785, 'y_m': 0.5465588398244257, 'heading_rad': -0.3016182866220438}
[can] backend=detectnet_native no detections
[map] motion direction=left speed=0.15 effective_seconds=0.04704689979553223 pose={'x_m': 0.019137562564346785, 'y_m': 0.5465588398244257, 'heading_rad': -0.3087241613706895}
[can] backend=detectnet_native no detections
[map] motion direction=left speed=0.15 effective_seconds=0.04729413986206055 pose={'x_m': 0.019137562564346785, 'y_m': 0.5465588398244257, 'heading_rad': -0.3158673787912907}
[can] backend=detectnet_native no detections
[map] motion direction=left speed=0.15 effective_seconds=0.04726147651672363 pose={'x_m': 0.019137562564346785, 'y_m': 0.5465588398244257, 'heading_rad': -0.32300566280200016}
[can] backend=detectnet_native no detections
[map] motion direction=left speed=0.15 effective_seconds=0.04730796813964844 pose={'x_m': 0.019137562564346785, 'y_m': 0.5465588398244257, 'heading_rad': -0.33015096881949013}
[can] backend=detectnet_native no detections
[map] motion direction=left speed=0.15 effective_seconds=0.04717683792114258 pose={'x_m': 0.019137562564346785, 'y_m': 0.5465588398244257, 'heading_rad': -0.33727646917682996}
[can] backend=detectnet_native no detections
[map] motion direction=left speed=0.15 effective_seconds=0.04773378372192383 pose={'x_m': 0.019137562564346785, 'y_m': 0.5465588398244257, 'heading_rad': -0.3444860895743709}
[can] backend=detectnet_native no detections
[map] motion direction=left speed=0.15 effective_seconds=0.04728841781616211 pose={'x_m': 0.019137562564346785, 'y_m': 0.5465588398244257, 'heading_rad': -0.3516284427479839}
[can] backend=detectnet_native no detections
[map] motion direction=left speed=0.15 effective_seconds=0.04738163948059082 pose={'x_m': 0.019137562564346785, 'y_m': 0.5465588398244257, 'heading_rad': -0.35878487594544906}
[can] backend=detectnet_native no detections
[map] motion direction=left speed=0.15 effective_seconds=0.04734539985656738 pose={'x_m': 0.019137562564346785, 'y_m': 0.5465588398244257, 'heading_rad': -0.3659358355786546}
[can] backend=detectnet_native no detections
[map] motion direction=left speed=0.15 effective_seconds=0.0472412109375 pose={'x_m': 0.019137562564346785, 'y_m': 0.5465588398244257, 'heading_rad': -0.37307105871461355}
[can] backend=detectnet_native no detections
[map] motion direction=left speed=0.15 effective_seconds=0.0475010871887207 pose={'x_m': 0.019137562564346785, 'y_m': 0.5465588398244257, 'heading_rad': -0.38024553306796083}
[can] backend=detectnet_native no detections
[map] motion direction=left speed=0.15 effective_seconds=0.047165632247924805 pose={'x_m': 0.019137562564346785, 'y_m': 0.5465588398244257, 'heading_rad': -0.387369340941615}
[can] backend=detectnet_native no detections
[map] motion direction=left speed=0.15 effective_seconds=0.04735398292541504 pose={'x_m': 0.019137562564346785, 'y_m': 0.5465588398244257, 'heading_rad': -0.3945215969453031}
[can] backend=detectnet_native no detections
[map] motion direction=left speed=0.15 effective_seconds=0.04743814468383789 pose={'x_m': 0.019137562564346785, 'y_m': 0.5465588398244257, 'heading_rad': -0.4016865645817784}
[can] backend=detectnet_native no detections
[map] motion direction=left speed=0.15 effective_seconds=0.05367445945739746 pose={'x_m': 0.019137562564346785, 'y_m': 0.5465588398244257, 'heading_rad': -0.4097934534047001}
[can] backend=detectnet_native no detections
[map] motion direction=left speed=0.15 effective_seconds=0.0472111701965332 pose={'x_m': 0.019137562564346785, 'y_m': 0.5465588398244257, 'heading_rad': -0.41692413924397}
[can] backend=detectnet_native no detections
[map] motion direction=left speed=0.15 effective_seconds=0.04718184471130371 pose={'x_m': 0.019137562564346785, 'y_m': 0.5465588398244257, 'heading_rad': -0.42405039581742443}
[can] backend=detectnet_native no detections
[map] motion direction=left speed=0.15 effective_seconds=0.047254323959350586 pose={'x_m': 0.019137562564346785, 'y_m': 0.5465588398244257, 'heading_rad': -0.4311875995193981}
[can] backend=detectnet_native no detections
[map] motion direction=left speed=0.15 effective_seconds=0.047046661376953125 pose={'x_m': 0.019137562564346785, 'y_m': 0.5465588398244257, 'heading_rad': -0.4382934382577526}
[can] backend=detectnet_native no detections
[map] motion direction=left speed=0.15 effective_seconds=0.04724574089050293 pose={'x_m': 0.019137562564346785, 'y_m': 0.5465588398244257, 'heading_rad': -0.4454293455892442}
[can] backend=detectnet_native no detections
[map] motion direction=left speed=0.15 effective_seconds=0.04737114906311035 pose={'x_m': 0.019137562564346785, 'y_m': 0.5465588398244257, 'heading_rad': -0.4525841943338973}
[can] backend=detectnet_native no detections
[map] motion direction=left speed=0.15 effective_seconds=0.04736518859863281 pose={'x_m': 0.019137562564346785, 'y_m': 0.5465588398244257, 'heading_rad': -0.459738142821271}
[can] backend=detectnet_native no detections
[map] motion direction=left speed=0.15 effective_seconds=0.047434091567993164 pose={'x_m': 0.019137562564346785, 'y_m': 0.5465588398244257, 'heading_rad': -0.46690249828279606}
[can] backend=detectnet_native no detections
[map] motion direction=left speed=0.15 effective_seconds=0.047136545181274414 pose={'x_m': 0.019137562564346785, 'y_m': 0.5465588398244257, 'heading_rad': -0.474021912900926}
[can] backend=detectnet_native no detections
[map] motion direction=left speed=0.15 effective_seconds=0.04733896255493164 pose={'x_m': 0.019137562564346785, 'y_m': 0.5465588398244257, 'heading_rad': -0.4811719002562693}
[can] backend=detectnet_native no detections
[map] motion direction=left speed=0.15 effective_seconds=0.04724550247192383 pose={'x_m': 0.019137562564346785, 'y_m': 0.5465588398244257, 'heading_rad': -0.4883077715774693}
[can] backend=detectnet_native no detections
[map] motion direction=left speed=0.15 effective_seconds=0.04863595962524414 pose={'x_m': 0.019137562564346785, 'y_m': 0.5465588398244257, 'heading_rad': -0.4956536549168429}
[can] backend=detectnet_native no detections
[map] motion direction=left speed=0.15 effective_seconds=0.047263145446777344 pose={'x_m': 0.019137562564346785, 'y_m': 0.5465588398244257, 'heading_rad': -0.5027921909995907}
[can] backend=detectnet_native no detections
[map] motion direction=left speed=0.15 effective_seconds=0.04740500450134277 pose={'x_m': 0.019137562564346785, 'y_m': 0.5465588398244257, 'heading_rad': -0.5099521532055915}
[can] backend=detectnet_native no detections
[map] motion direction=left speed=0.15 effective_seconds=0.04741525650024414 pose={'x_m': 0.019137562564346785, 'y_m': 0.5465588398244257, 'heading_rad': -0.5171136638541132}
[can] backend=detectnet_native no detections
[map] motion direction=left speed=0.15 effective_seconds=0.04746866226196289 pose={'x_m': 0.019137562564346785, 'y_m': 0.5465588398244257, 'heading_rad': -0.5242832408078595}
[can] backend=detectnet_native no detections
[map] motion direction=left speed=0.15 effective_seconds=0.04745292663574219 pose={'x_m': 0.019137562564346785, 'y_m': 0.5465588398244257, 'heading_rad': -0.5314504410823879}
[can] backend=detectnet_native no detections
[map] motion direction=left speed=0.15 effective_seconds=0.04723334312438965 pose={'x_m': 0.019137562564346785, 'y_m': 0.5465588398244257, 'heading_rad': -0.5385844758787379}
[can] backend=detectnet_native no detections
[map] motion direction=left speed=0.15 effective_seconds=0.04768681526184082 pose={'x_m': 0.019137562564346785, 'y_m': 0.5465588398244257, 'heading_rad': -0.545787002248916}
[can] backend=detectnet_native no detections
[map] motion direction=left speed=0.15 effective_seconds=0.04736208915710449 pose={'x_m': 0.019137562564346785, 'y_m': 0.5465588398244257, 'heading_rad': -0.5529404826025042}
[can] backend=detectnet_native no detections
[map] motion direction=left speed=0.15 effective_seconds=0.04740786552429199 pose={'x_m': 0.019137562564346785, 'y_m': 0.5465588398244257, 'heading_rad': -0.5601008769319993}
[can] backend=detectnet_native no detections
[map] motion direction=left speed=0.15 effective_seconds=0.047385215759277344 pose={'x_m': 0.019137562564346785, 'y_m': 0.5465588398244257, 'heading_rad': -0.5672578502838324}
[can] backend=detectnet_native no detections
[map] motion direction=left speed=0.15 effective_seconds=0.04751420021057129 pose={'x_m': 0.019137562564346785, 'y_m': 0.5465588398244257, 'heading_rad': -0.5744343052031944}
[can] backend=detectnet_native no detections
[map] motion direction=left speed=0.15 effective_seconds=0.04723763465881348 pose={'x_m': 0.019137562564346785, 'y_m': 0.5465588398244257, 'heading_rad': -0.5815689881847854}
[can] backend=detectnet_native no detections
[map] motion direction=left speed=0.15 effective_seconds=0.047239065170288086 pose={'x_m': 0.019137562564346785, 'y_m': 0.5465588398244257, 'heading_rad': -0.5887038872281236}
[can] backend=detectnet_native no detections
[map] motion direction=left speed=0.15 effective_seconds=0.04739093780517578 pose={'x_m': 0.019137562564346785, 'y_m': 0.5465588398244257, 'heading_rad': -0.5958617248269449}
[can] backend=detectnet_native no detections
[map] motion direction=left speed=0.15 effective_seconds=0.04715323448181152 pose={'x_m': 0.019137562564346785, 'y_m': 0.5465588398244257, 'heading_rad': -0.6029836601654575}
[can] backend=detectnet_native no detections
[map] motion direction=left speed=0.15 effective_seconds=0.04736757278442383 pose={'x_m': 0.019137562564346785, 'y_m': 0.5465588398244257, 'heading_rad': -0.6101379687557427}
[can] backend=detectnet_native no detections
[map] motion direction=left speed=0.15 effective_seconds=0.04724764823913574 pose={'x_m': 0.019137562564346785, 'y_m': 0.5465588398244257, 'heading_rad': -0.6172741641695634}
[can] backend=detectnet_native no detections
[map] motion direction=left speed=0.15 effective_seconds=0.047238826751708984 pose={'x_m': 0.019137562564346785, 'y_m': 0.5465588398244257, 'heading_rad': -0.6244090272026104}
[can] backend=detectnet_native no detections
[map] motion direction=left speed=0.15 effective_seconds=0.04720354080200195 pose={'x_m': 0.019137562564346785, 'y_m': 0.5465588398244257, 'heading_rad': -0.6315385607125625}
[can] backend=detectnet_native no detections
[map] motion direction=left speed=0.15 effective_seconds=0.047086238861083984 pose={'x_m': 0.019137562564346785, 'y_m': 0.5465588398244257, 'heading_rad': -0.6386503771592533}
[can] backend=detectnet_native no detections
[map] motion direction=left speed=0.15 effective_seconds=0.047254323959350586 pose={'x_m': 0.019137562564346785, 'y_m': 0.5465588398244257, 'heading_rad': -0.645787580861227}
[can] backend=detectnet_native no detections
[map] motion direction=left speed=0.15 effective_seconds=0.04818129539489746 pose={'x_m': 0.019137562564346785, 'y_m': 0.5465588398244257, 'heading_rad': -0.6530647925753161}
[can] backend=detectnet_native no detections
[map] motion direction=left speed=0.15 effective_seconds=0.047191619873046875 pose={'x_m': 0.019137562564346785, 'y_m': 0.5465588398244257, 'heading_rad': -0.6601925255707091}
[can] backend=detectnet_native no detections
[map] motion direction=left speed=0.15 effective_seconds=0.04719877243041992 pose={'x_m': 0.019137562564346785, 'y_m': 0.5465588398244257, 'heading_rad': -0.6673213388748378}
[can] backend=detectnet_native no detections
[map] motion direction=left speed=0.15 effective_seconds=0.04719376564025879 pose={'x_m': 0.019137562564346785, 'y_m': 0.5465588398244257, 'heading_rad': -0.6744493959628515}
[can] backend=detectnet_native no detections
[map] motion direction=left speed=0.15 effective_seconds=0.04783344268798828 pose={'x_m': 0.019137562564346785, 'y_m': 0.5465588398244257, 'heading_rad': -0.6816740686621063}
[can] backend=detectnet_native no detections
[map] motion direction=left speed=0.15 effective_seconds=0.04725027084350586 pose={'x_m': 0.019137562564346785, 'y_m': 0.5465588398244257, 'heading_rad': -0.6888106601891302}
[can] backend=detectnet_native no detections
[map] motion direction=left speed=0.15 effective_seconds=0.04738903045654297 pose={'x_m': 0.019137562564346785, 'y_m': 0.5465588398244257, 'heading_rad': -0.6959682097056219}
[can] backend=detectnet_native no detections
[map] motion direction=left speed=0.15 effective_seconds=0.04726862907409668 pose={'x_m': 0.019137562564346785, 'y_m': 0.5465588398244257, 'heading_rad': -0.7031075740250667}
[can] backend=detectnet_native no detections
[map] motion direction=left speed=0.15 effective_seconds=0.04699850082397461 pose={'x_m': 0.019137562564346785, 'y_m': 0.5465588398244257, 'heading_rad': -0.7102061386846024}
[can] backend=detectnet_native no detections
[map] motion direction=left speed=0.15 effective_seconds=0.04679703712463379 pose={'x_m': 0.019137562564346785, 'y_m': 0.5465588398244257, 'heading_rad': -0.7172742746480893}
[can] backend=detectnet_native no detections
[map] motion direction=left speed=0.15 effective_seconds=0.04702901840209961 pose={'x_m': 0.019137562564346785, 'y_m': 0.5465588398244257, 'heading_rad': -0.7243774486248964}
[can] backend=detectnet_native no detections
[map] motion direction=left speed=0.15 effective_seconds=0.04762554168701172 pose={'x_m': 0.019137562564346785, 'y_m': 0.5465588398244257, 'heading_rad': -0.7315707203502404}
[can] backend=detectnet_native no detections
[map] motion direction=left speed=0.15 effective_seconds=0.047600746154785156 pose={'x_m': 0.019137562564346785, 'y_m': 0.5465588398244257, 'heading_rad': -0.7387602470053016}
[can] backend=detectnet_native no detections
[map] motion direction=left speed=0.15 effective_seconds=0.047737836837768555 pose={'x_m': 0.019137562564346785, 'y_m': 0.5465588398244257, 'heading_rad': -0.7459704795777924}
[can] backend=detectnet_native no detections
[map] motion direction=left speed=0.15 effective_seconds=0.047271728515625 pose={'x_m': 0.019137562564346785, 'y_m': 0.5465588398244257, 'heading_rad': -0.7531103120310227}
[can] backend=detectnet_native no detections
[map] motion direction=left speed=0.15 effective_seconds=0.04740405082702637 pose={'x_m': 0.019137562564346785, 'y_m': 0.5465588398244257, 'heading_rad': -0.7602701301958588}
[can] backend=detectnet_native no detections
[map] motion direction=left speed=0.15 effective_seconds=0.04743528366088867 pose={'x_m': 0.019137562564346785, 'y_m': 0.5465588398244257, 'heading_rad': -0.7674346657088398}
[can] backend=detectnet_native no detections
[map] motion direction=left speed=0.15 effective_seconds=0.04728507995605469 pose={'x_m': 0.019137562564346785, 'y_m': 0.5465588398244257, 'heading_rad': -0.7745765147383761}
[can] backend=detectnet_native no detections
[map] motion direction=left speed=0.15 effective_seconds=0.047376394271850586 pose={'x_m': 0.019137562564346785, 'y_m': 0.5465588398244257, 'heading_rad': -0.7817321557094354}
[can] backend=detectnet_native no detections
[map] motion direction=left speed=0.15 effective_seconds=0.0473942756652832 pose={'x_m': 0.019137562564346785, 'y_m': 0.5465588398244257, 'heading_rad': -0.788890497452333}
[can] backend=detectnet_native no detections
[map] motion direction=left speed=0.15 effective_seconds=0.04727005958557129 pose={'x_m': 0.019137562564346785, 'y_m': 0.5465588398244257, 'heading_rad': -0.796030077833525}
[can] backend=detectnet_native no detections
[map] motion direction=left speed=0.15 effective_seconds=0.04743385314941406 pose={'x_m': 0.019137562564346785, 'y_m': 0.5465588398244257, 'heading_rad': -0.8031943972847588}
[can] backend=detectnet_native no detections
[map] motion direction=left speed=0.15 effective_seconds=0.04720020294189453 pose={'x_m': 0.019137562564346785, 'y_m': 0.5465588398244257, 'heading_rad': -0.8103234266506343}
[can] backend=detectnet_native no detections
[map] motion direction=left speed=0.15 effective_seconds=0.04761195182800293 pose={'x_m': 0.019137562564346785, 'y_m': 0.5465588398244257, 'heading_rad': -0.8175146457893812}
[can] backend=detectnet_native no detections
[map] motion direction=left speed=0.15 effective_seconds=0.04744720458984375 pose={'x_m': 0.019137562564346785, 'y_m': 0.5465588398244257, 'heading_rad': -0.8246809818169214}
[can] backend=detectnet_native no detections
[map] motion direction=left speed=0.15 effective_seconds=0.047212839126586914 pose={'x_m': 0.019137562564346785, 'y_m': 0.5465588398244257, 'heading_rad': -0.8318119197282297}
[can] backend=detectnet_native no detections
[map] motion direction=left speed=0.15 effective_seconds=0.04739737510681152 pose={'x_m': 0.019137562564346785, 'y_m': 0.5465588398244257, 'heading_rad': -0.8389707296049127}
[can] backend=detectnet_native no detections
[map] motion direction=left speed=0.15 effective_seconds=0.047331809997558594 pose={'x_m': 0.019137562564346785, 'y_m': 0.5465588398244257, 'heading_rad': -0.8461196366515207}
[can] backend=detectnet_native no detections
[map] motion direction=left speed=0.15 effective_seconds=0.0470433235168457 pose={'x_m': 0.019137562564346785, 'y_m': 0.5465588398244257, 'heading_rad': -0.8532249712457984}
[can] backend=detectnet_native no detections
[map] motion direction=left speed=0.15 effective_seconds=0.047332048416137695 pose={'x_m': 0.019137562564346785, 'y_m': 0.5465588398244257, 'heading_rad': -0.8603739143026976}
[can] backend=detectnet_native detections=1 best_confidence=0.211
[can] backend=detectnet_native confidence=0.211 class_id=1 center=(86.1,127.6) error_x=-0.231 bbox=[75.859375, 109.51171875, 96.328125, 145.78125]
[map] motion direction=left speed=0.15 effective_seconds=0.06745195388793945 pose={'x_m': 0.019137562564346785, 'y_m': 0.5465588398244257, 'heading_rad': -0.8705617298221515}
[base] continuous stop label=search_can_routine_2_step_1 elapsed=0.067s
[base] stop
[fsm] SEARCHING --TARGET_FOUND--> ALIGNING
[can] backend=detectnet_native no detections
[base] stop
[can] backend=detectnet_native no detections
[base] stop
[can] backend=detectnet_native detections=1 best_confidence=0.210
[can] backend=detectnet_native confidence=0.210 class_id=1 center=(87.3,123.9) error_x=-0.227 bbox=[78.6328125, 107.2265625, 95.9375, 140.5078125]
[base] continuous start label=align_can direction=left requested_speed=0.15 effective_speed=0.15
[visual-turn] label=align_can direction=left speed=0.15
[can] backend=detectnet_native detections=1 best_confidence=0.252
[can] backend=detectnet_native confidence=0.252 class_id=1 center=(87.1,123.9) error_x=-0.228 bbox=[78.046875, 107.63671875, 96.171875, 140.15625]
[can] backend=detectnet_native detections=1 best_confidence=0.241
[can] backend=detectnet_native confidence=0.241 class_id=1 center=(86.7,123.7) error_x=-0.229 bbox=[77.2265625, 107.40234375, 96.25, 139.921875]
[can] backend=detectnet_native detections=1 best_confidence=0.283
[can] backend=detectnet_native confidence=0.283 class_id=1 center=(87.8,123.3) error_x=-0.226 bbox=[78.8671875, 106.0546875, 96.796875, 140.5078125]
[can] backend=detectnet_native no detections
[visual-turn] label=align_can target temporarily missing; holding motion frame=1/2
[can] backend=detectnet_native no detections
[visual-turn] label=align_can target temporarily missing; holding motion frame=2/2
[can] backend=detectnet_native detections=1 best_confidence=0.226
[can] backend=detectnet_native confidence=0.226 class_id=1 center=(102.0,123.2) error_x=-0.181 bbox=[92.8125, 107.87109375, 111.25, 138.515625]
[can] backend=detectnet_native no detections
[visual-turn] label=align_can target temporarily missing; holding motion frame=1/2
[can] backend=detectnet_native no detections
[visual-turn] label=align_can target temporarily missing; holding motion frame=2/2
[can] backend=detectnet_native no detections
[map] motion direction=left speed=0.15 effective_seconds=0.8420302867889404 pose={'x_m': 0.019137562564346785, 'y_m': 0.5465588398244257, 'heading_rad': -0.9977403915085175}
[base] continuous stop label=align_can elapsed=0.842s
[base] stop
[can] backend=detectnet_native detections=1 best_confidence=0.221
[can] backend=detectnet_native confidence=0.221 class_id=1 center=(118.3,122.8) error_x=-0.130 bbox=[108.203125, 106.5234375, 128.4375, 139.1015625]
[base] stop
[fsm] ALIGNING --TARGET_ALIGNED--> APPROACHING
[can] backend=detectnet_native detections=1 best_confidence=0.258
[can] backend=detectnet_native confidence=0.258 class_id=1 center=(118.2,123.8) error_x=-0.131 bbox=[107.65625, 107.2265625, 128.671875, 140.390625]
[approach] target=can mode=bbox_height bbox=0.138/0.36 bbox_ok=False depth_raw=n/a/2.05 depth_ok=False pnp_z=n/a/None pnp_ok=False error_x=-0.131
[base] continuous start label=approach_can_steer direction=left requested_speed=0.15 effective_speed=0.15
[visual-turn] label=approach_can_steer direction=left speed=0.15
[can] backend=detectnet_native detections=1 best_confidence=0.274
[can] backend=detectnet_native confidence=0.274 class_id=1 center=(118.4,123.1) error_x=-0.130 bbox=[108.4375, 107.40234375, 128.359375, 138.75]
[approach] target=can mode=bbox_height bbox=0.131/0.36 bbox_ok=False depth_raw=n/a/2.05 depth_ok=False pnp_z=n/a/None pnp_ok=False error_x=-0.130
[can] backend=detectnet_native detections=1 best_confidence=0.280
[can] backend=detectnet_native confidence=0.280 class_id=1 center=(119.1,122.4) error_x=-0.128 bbox=[110.15625, 106.11328125, 127.96875, 138.75]
[approach] target=can mode=bbox_height bbox=0.136/0.36 bbox_ok=False depth_raw=n/a/2.05 depth_ok=False pnp_z=n/a/None pnp_ok=False error_x=-0.128
[can] backend=detectnet_native detections=1 best_confidence=0.273
[can] backend=detectnet_native confidence=0.273 class_id=1 center=(118.4,121.1) error_x=-0.130 bbox=[108.4375, 103.76953125, 128.28125, 138.515625]
[approach] target=can mode=bbox_height bbox=0.145/0.36 bbox_ok=False depth_raw=n/a/2.05 depth_ok=False pnp_z=n/a/None pnp_ok=False error_x=-0.130
[can] backend=detectnet_native no detections
[map] motion direction=left speed=0.15 effective_seconds=0.2087709903717041 pose={'x_m': 0.019137562564346785, 'y_m': 0.5465588398244257, 'heading_rad': -1.0292727669717125}
[base] continuous stop label=approach_can_steer elapsed=0.209s
[base] stop
[can] backend=detectnet_native no detections
[base] stop
[can] backend=detectnet_native no detections
[base] stop
[can] backend=detectnet_native no detections
[base] stop
[fsm] APPROACHING --TARGET_MISSING--> SEARCHING reason=approach target lost
[can] backend=detectnet_native no detections
[base] continuous start label=search_can_routine_2_step_0 direction=forward requested_speed=0.6 effective_speed=0.6
[can] backend=detectnet_native no detections
[map] motion direction=forward speed=0.6 effective_seconds=0.04697394371032715 pose={'x_m': 0.014961301666737278, 'y_m': 0.5490708712656646, 'heading_rad': -1.0292727669717125}
[can] backend=detectnet_native no detections
[map] motion direction=forward speed=0.6 effective_seconds=0.047437429428100586 pose={'x_m': 0.010743834152717742, 'y_m': 0.551607688590388, 'heading_rad': -1.0292727669717125}
[can] backend=detectnet_native no detections
[map] motion direction=forward speed=0.6 effective_seconds=0.047591209411621094 pose={'x_m': 0.006512694690352287, 'y_m': 0.5541527296264528, 'heading_rad': -1.0292727669717125}
[can] backend=detectnet_native no detections
[map] motion direction=forward speed=0.6 effective_seconds=0.047391414642333984 pose={'x_m': 0.002299318162426957, 'y_m': 0.5566870862127439, 'heading_rad': -1.0292727669717125}
[can] backend=detectnet_native no detections
[map] motion direction=forward speed=0.6 effective_seconds=0.04735445976257324 pose={'x_m': -0.0019107728585315243, 'y_m': 0.559219466558325, 'heading_rad': -1.0292727669717125}
[can] backend=detectnet_native detections=1 best_confidence=0.237
[can] backend=detectnet_native confidence=0.237 class_id=1 center=(122.9,122.1) error_x=-0.116 bbox=[115.0, 105.76171875, 130.78125, 138.515625]
[map] motion direction=forward speed=0.6 effective_seconds=0.06598639488220215 pose={'x_m': -0.007777352901717805, 'y_m': 0.5627482292200314, 'heading_rad': -1.0292727669717125}
[base] continuous stop label=search_can_routine_2_step_0 elapsed=0.066s
[base] stop
[fsm] SEARCHING --TARGET_FOUND--> ALIGNING
[can] backend=detectnet_native no detections
[base] stop
[can] backend=detectnet_native detections=1 best_confidence=0.223
[can] backend=detectnet_native confidence=0.223 class_id=1 center=(123.0,122.7) error_x=-0.116 bbox=[114.609375, 105.3515625, 131.328125, 140.0390625]
[base] stop
[fsm] ALIGNING --TARGET_ALIGNED--> APPROACHING
[can] backend=detectnet_native no detections
[base] stop
[can] backend=detectnet_native detections=1 best_confidence=0.226
[can] backend=detectnet_native confidence=0.226 class_id=1 center=(123.4,123.8) error_x=-0.115 bbox=[114.84375, 106.9921875, 131.875, 140.5078125]
[approach] target=can mode=bbox_height bbox=0.140/0.36 bbox_ok=False depth_raw=n/a/2.05 depth_ok=False pnp_z=n/a/None pnp_ok=False error_x=-0.115
[base] continuous start label=approach_can_forward direction=forward requested_speed=0.6 effective_speed=0.6
[can] backend=detectnet_native no detections
[map] motion direction=forward speed=0.6 effective_seconds=0.06434464454650879 pose={'x_m': -0.01349797164829943, 'y_m': 0.5661891957944568, 'heading_rad': -1.0292727669717125}
[base] continuous stop label=approach_can_forward elapsed=0.064s
[base] stop
[can] backend=detectnet_native no detections
[base] stop
[can] backend=detectnet_native detections=1 best_confidence=0.221
[can] backend=detectnet_native confidence=0.221 class_id=1 center=(122.1,122.7) error_x=-0.118 bbox=[113.359375, 103.7109375, 130.859375, 141.6796875]
[approach] target=can mode=bbox_height bbox=0.158/0.36 bbox_ok=False depth_raw=n/a/2.05 depth_ok=False pnp_z=n/a/None pnp_ok=False error_x=-0.118
[base] continuous start label=approach_can_forward direction=forward requested_speed=0.6 effective_speed=0.6
[can] backend=detectnet_native no detections
[map] motion direction=forward speed=0.6 effective_seconds=0.06461143493652344 pose={'x_m': -0.01924230963549979, 'y_m': 0.5696444295518138, 'heading_rad': -1.0292727669717125}
[base] continuous stop label=approach_can_forward elapsed=0.065s
[base] stop
[can] backend=detectnet_native detections=1 best_confidence=0.246
[can] backend=detectnet_native confidence=0.246 class_id=1 center=(124.5,122.8) error_x=-0.111 bbox=[115.78125, 104.765625, 133.125, 140.859375]
[approach] target=can mode=bbox_height bbox=0.150/0.36 bbox_ok=False depth_raw=n/a/2.05 depth_ok=False pnp_z=n/a/None pnp_ok=False error_x=-0.111
[base] continuous start label=approach_can_forward direction=forward requested_speed=0.6 effective_speed=0.6
[can] backend=detectnet_native no detections
[map] motion direction=forward speed=0.6 effective_seconds=0.06290698051452637 pose={'x_m': -0.024835111562661424, 'y_m': 0.573008513987653, 'heading_rad': -1.0292727669717125}
[base] continuous stop label=approach_can_forward elapsed=0.063s
[base] stop
[can] backend=detectnet_native detections=1 best_confidence=0.234
[can] backend=detectnet_native confidence=0.234 class_id=1 center=(122.9,122.6) error_x=-0.116 bbox=[114.453125, 104.58984375, 131.328125, 140.625]
[approach] target=can mode=bbox_height bbox=0.150/0.36 bbox_ok=False depth_raw=n/a/2.05 depth_ok=False pnp_z=n/a/None pnp_ok=False error_x=-0.116
[base] continuous start label=approach_can_forward direction=forward requested_speed=0.6 effective_speed=0.6
[can] backend=detectnet_native no detections
[map] motion direction=forward speed=0.6 effective_seconds=0.06360387802124023 pose={'x_m': -0.030489871792172087, 'y_m': 0.5764098664982993, 'heading_rad': -1.0292727669717125}
[base] continuous stop label=approach_can_forward elapsed=0.064s
[base] stop
[can] backend=detectnet_native no detections
[base] stop
[can] backend=detectnet_native no detections
[base] stop
[can] backend=detectnet_native detections=1 best_confidence=0.206
[can] backend=detectnet_native confidence=0.206 class_id=1 center=(123.0,122.6) error_x=-0.115 bbox=[114.0625, 103.4765625, 132.03125, 141.6796875]
[approach] target=can mode=bbox_height bbox=0.159/0.36 bbox_ok=False depth_raw=n/a/2.05 depth_ok=False pnp_z=n/a/None pnp_ok=False error_x=-0.115
[base] continuous start label=approach_can_forward direction=forward requested_speed=0.6 effective_speed=0.6
[can] backend=detectnet_native no detections
[map] motion direction=forward speed=0.6 effective_seconds=0.06432938575744629 pose={'x_m': -0.03620913394232869, 'y_m': 0.5798500170765605, 'heading_rad': -1.0292727669717125}
[base] continuous stop label=approach_can_forward elapsed=0.064s
[base] stop
[can] backend=detectnet_native no detections
[base] stop
[can] backend=detectnet_native no detections
[base] stop
[can] backend=detectnet_native detections=1 best_confidence=0.241
[can] backend=detectnet_native confidence=0.241 class_id=1 center=(122.1,122.8) error_x=-0.118 bbox=[113.28125, 103.53515625, 130.9375, 142.03125]
[approach] target=can mode=bbox_height bbox=0.160/0.36 bbox_ok=False depth_raw=n/a/2.05 depth_ok=False pnp_z=n/a/None pnp_ok=False error_x=-0.118
[base] continuous start label=approach_can_forward direction=forward requested_speed=0.6 effective_speed=0.6
[can] backend=detectnet_native no detections
[map] motion direction=forward speed=0.6 effective_seconds=0.06791830062866211 pose={'x_m': -0.04224747181101418, 'y_m': 0.5834820925026059, 'heading_rad': -1.0292727669717125}
[base] continuous stop label=approach_can_forward elapsed=0.068s
[base] stop
[can] backend=detectnet_native no detections
[base] stop
[can] backend=detectnet_native no detections
[base] stop
[can] backend=detectnet_native no detections
[base] stop
[fsm] APPROACHING --TARGET_MISSING--> SEARCHING reason=approach target lost
[can] backend=detectnet_native detections=1 best_confidence=0.241
[can] backend=detectnet_native confidence=0.241 class_id=1 center=(122.4,122.6) error_x=-0.117 bbox=[113.046875, 102.3046875, 131.796875, 142.8515625]
[base] stop
[fsm] SEARCHING --TARGET_FOUND--> ALIGNING
[can] backend=detectnet_native no detections
[base] stop
[can] backend=detectnet_native no detections
[base] stop
[can] backend=detectnet_native no detections
[base] stop
[can] backend=detectnet_native no detections
[base] stop
[can] backend=detectnet_native no detections
[base] stop
[can] backend=detectnet_native detections=1 best_confidence=0.226
[can] backend=detectnet_native confidence=0.226 class_id=1 center=(122.9,122.5) error_x=-0.116 bbox=[113.90625, 101.66015625, 131.875, 143.3203125]
[base] stop
[fsm] ALIGNING --TARGET_ALIGNED--> APPROACHING
[can] backend=detectnet_native no detections
[base] stop
[can] backend=detectnet_native no detections
[base] stop
[can] backend=detectnet_native no detections
[base] stop
[can] backend=detectnet_native no detections
[base] stop
[fsm] APPROACHING --TARGET_MISSING--> SEARCHING reason=approach target lost
[can] backend=detectnet_native no detections
[base] continuous start label=search_can_routine_2_step_0 direction=forward requested_speed=0.6 effective_speed=0.6
[can] backend=detectnet_native no detections
[map] motion direction=forward speed=0.6 effective_seconds=0.047209739685058594 pose={'x_m': -0.0464446963627541, 'y_m': 0.5860067336345681, 'heading_rad': -1.0292727669717125}
[can] backend=detectnet_native no detections
[map] motion direction=forward speed=0.6 effective_seconds=0.04735589027404785 pose={'x_m': -0.050654914564627423, 'y_m': 0.5885391904797896, 'heading_rad': -1.0292727669717125}
[can] backend=detectnet_native no detections
[map] motion direction=forward speed=0.6 effective_seconds=0.04739642143249512 pose={'x_m': -0.054868736225754715, 'y_m': 0.591073814814822, 'heading_rad': -1.0292727669717125}
[can] backend=detectnet_native no detections
[map] motion direction=forward speed=0.6 effective_seconds=0.04743814468383789 pose={'x_m': -0.05908626733023167, 'y_m': 0.5936106703893657, 'heading_rad': -1.0292727669717125}
[can] backend=detectnet_native no detections
[map] motion direction=forward speed=0.6 effective_seconds=0.04749274253845215 pose={'x_m': -0.06330865250629192, 'y_m': 0.5961504457001839, 'heading_rad': -1.0292727669717125}
[can] backend=detectnet_native no detections
[map] motion direction=forward speed=0.6 effective_seconds=0.04737257957458496 pose={'x_m': -0.06752035448550511, 'y_m': 0.5986837950412099, 'heading_rad': -1.0292727669717125}
[can] backend=detectnet_native detections=1 best_confidence=0.235
[can] backend=detectnet_native confidence=0.235 class_id=1 center=(123.4,123.0) error_x=-0.115 bbox=[114.140625, 103.53515625, 132.578125, 142.5]
[map] motion direction=forward speed=0.6 effective_seconds=0.0661005973815918 pose={'x_m': -0.07339708780505991, 'y_m': 0.602218664924207, 'heading_rad': -1.0292727669717125}
[base] continuous stop label=search_can_routine_2_step_0 elapsed=0.066s
[base] stop
[fsm] SEARCHING --TARGET_FOUND--> ALIGNING
[can] backend=detectnet_native no detections
[base] stop
[can] backend=detectnet_native no detections
[base] stop
[can] backend=detectnet_native detections=1 best_confidence=0.216
[can] backend=detectnet_native confidence=0.216 class_id=1 center=(123.6,119.9) error_x=-0.114 bbox=[114.375, 100.4296875, 132.8125, 139.453125]
[base] stop
[fsm] ALIGNING --TARGET_ALIGNED--> APPROACHING
[can] backend=detectnet_native detections=1 best_confidence=0.246
[can] backend=detectnet_native confidence=0.246 class_id=1 center=(124.3,120.7) error_x=-0.112 bbox=[115.234375, 101.8359375, 133.359375, 139.5703125]
[approach] target=can mode=bbox_height bbox=0.157/0.36 bbox_ok=False depth_raw=n/a/2.05 depth_ok=False pnp_z=n/a/None pnp_ok=False error_x=-0.112
[base] continuous start label=approach_can_forward direction=forward requested_speed=0.6 effective_speed=0.6
[can] backend=detectnet_native no detections
[map] motion direction=forward speed=0.6 effective_seconds=0.06481337547302246 pose={'x_m': -0.07915937949807267, 'y_m': 0.6056846978807983, 'heading_rad': -1.0292727669717125}
[base] continuous stop label=approach_can_forward elapsed=0.065s
[base] stop
[can] backend=detectnet_native no detections
[base] stop
[can] backend=detectnet_native no detections
[base] stop
[can] backend=detectnet_native no detections
[base] stop
[fsm] APPROACHING --TARGET_MISSING--> SEARCHING reason=approach target lost
[can] backend=detectnet_native no detections
[base] continuous start label=search_can_routine_2_step_0 direction=forward requested_speed=0.6 effective_speed=0.6
[can] backend=detectnet_native no detections
[map] motion direction=forward speed=0.6 effective_seconds=0.04881024360656738 pose={'x_m': -0.08349889829670586, 'y_m': 0.6082949293604105, 'heading_rad': -1.0292727669717125}
[can] backend=detectnet_native no detections
[map] motion direction=forward speed=0.6 effective_seconds=0.047393083572387695 pose={'x_m': -0.08771242320236518, 'y_m': 0.610829375196282, 'heading_rad': -1.0292727669717125}
[can] backend=detectnet_native no detections
[map] motion direction=forward speed=0.6 effective_seconds=0.04711270332336426 pose={'x_m': -0.09190102064871472, 'y_m': 0.6133488271026382, 'heading_rad': -1.0292727669717125}
[can] backend=detectnet_native no detections
[map] motion direction=forward speed=0.6 effective_seconds=0.04713773727416992 pose={'x_m': -0.09609184376107407, 'y_m': 0.6158696177527011, 'heading_rad': -1.0292727669717125}
[can] backend=detectnet_native no detections
[map] motion direction=forward speed=0.6 effective_seconds=0.04734659194946289 pose={'x_m': -0.1003012352870009, 'y_m': 0.6184015773502601, 'heading_rad': -1.0292727669717125}
[can] backend=detectnet_native no detections
[map] motion direction=forward speed=0.6 effective_seconds=0.047446250915527344 pose={'x_m': -0.10451948708332864, 'y_m': 0.620938866422766, 'heading_rad': -1.0292727669717125}
[can] backend=detectnet_native no detections
[map] motion direction=forward speed=0.6 effective_seconds=0.04745364189147949 pose={'x_m': -0.10873839598104977, 'y_m': 0.6234765507434138, 'heading_rad': -1.0292727669717125}
[can] backend=detectnet_native no detections
[map] motion direction=forward speed=0.6 effective_seconds=0.047326087951660156 pose={'x_m': -0.11294596458053048, 'y_m': 0.6260074138461273, 'heading_rad': -1.0292727669717125}
[can] backend=detectnet_native no detections
[map] motion direction=forward speed=0.6 effective_seconds=0.04765653610229492 pose={'x_m': -0.11718291197134056, 'y_m': 0.6285559483657697, 'heading_rad': -1.0292727669717125}
[can] backend=detectnet_native no detections
[map] motion direction=forward speed=0.6 effective_seconds=0.04742598533630371 pose={'x_m': -0.12139936203804133, 'y_m': 0.63109215369337, 'heading_rad': -1.0292727669717125}
[can] backend=detectnet_native no detections
[map] motion direction=forward speed=0.6 effective_seconds=0.047063589096069336 pose={'x_m': -0.12558359293964783, 'y_m': 0.633608979112073, 'heading_rad': -1.0292727669717125}
[can] backend=detectnet_native no detections
[map] motion direction=forward speed=0.6 effective_seconds=0.04744601249694824 pose={'x_m': -0.12980182353915642, 'y_m': 0.6361462554346388, 'heading_rad': -1.0292727669717125}
[can] backend=detectnet_native no detections
[map] motion direction=forward speed=0.6 effective_seconds=0.04761815071105957 pose={'x_m': -0.13403535824208482, 'y_m': 0.6386927372139307, 'heading_rad': -1.0292727669717125}
[can] backend=detectnet_native no detections
[map] motion direction=forward speed=0.6 effective_seconds=0.04726815223693848 pose={'x_m': -0.13823777601451426, 'y_m': 0.6412205020812087, 'heading_rad': -1.0292727669717125}
[can] backend=detectnet_native no detections
[map] motion direction=forward speed=0.6 effective_seconds=0.04734468460083008 pose={'x_m': -0.14244699796588797, 'y_m': 0.6437523596792473, 'heading_rad': -1.0292727669717125}
[can] backend=detectnet_native no detections
[map] motion direction=forward speed=0.6 effective_seconds=0.05096268653869629 pose={'x_m': -0.14697788164772577, 'y_m': 0.6464776976177578, 'heading_rad': -1.0292727669717125}
[can] backend=detectnet_native no detections
[map] motion direction=forward speed=0.6 effective_seconds=0.046872615814208984 pose={'x_m': -0.15114513389720036, 'y_m': 0.6489843103344695, 'heading_rad': -1.0292727669717125}
[can] backend=detectnet_native no detections
[map] motion direction=forward speed=0.6 effective_seconds=0.04744553565979004 pose={'x_m': -0.1553633221030707, 'y_m': 0.6515215611571551, 'heading_rad': -1.0292727669717125}
[can] backend=detectnet_native no detections
[map] motion direction=forward speed=0.6 effective_seconds=0.0473170280456543 pose={'x_m': -0.15957008522342403, 'y_m': 0.6540519397621462, 'heading_rad': -1.0292727669717125}
[can] backend=detectnet_native no detections
[map] motion direction=forward speed=0.6 effective_seconds=0.04757046699523926 pose={'x_m': -0.16379938056252422, 'y_m': 0.6565958715534254, 'heading_rad': -1.0292727669717125}
[can] backend=detectnet_native detections=1 best_confidence=0.205
[can] backend=detectnet_native confidence=0.205 class_id=1 center=(120.9,128.6) error_x=-0.122 bbox=[108.359375, 103.359375, 133.515625, 153.75]
[map] motion direction=forward speed=0.6 effective_seconds=0.06497693061828613 pose={'x_m': -0.16957621327346767, 'y_m': 0.6600706509689006, 'heading_rad': -1.0292727669717125}
[base] continuous stop label=search_can_routine_2_step_0 elapsed=0.065s
[base] stop
[fsm] SEARCHING --TARGET_FOUND--> ALIGNING
[can] backend=detectnet_native no detections
[base] stop
[can] backend=detectnet_native no detections
[base] stop
[can] backend=detectnet_native no detections
[base] stop
[can] backend=detectnet_native no detections
[base] stop
[can] backend=detectnet_native no detections
[base] stop
[can] backend=detectnet_native no detections
[base] stop
[can] backend=detectnet_native no detections
[base] stop
[can] backend=detectnet_native no detections
[base] stop
[fsm] ALIGNING --TARGET_MISSING--> SEARCHING reason=alignment target lost
[can] backend=detectnet_native no detections
[base] continuous start label=search_can_routine_2_step_0 direction=forward requested_speed=0.6 effective_speed=0.6
[can] backend=detectnet_native no detections
[map] motion direction=forward speed=0.6 effective_seconds=0.046988487243652344 pose={'x_m': -0.17375376717704477, 'y_m': 0.6625834601564834, 'heading_rad': -1.0292727669717125}
[can] backend=detectnet_native no detections
[map] motion direction=forward speed=0.6 effective_seconds=0.04730057716369629 pose={'x_m': -0.1779590677168774, 'y_m': 0.6651129590156101, 'heading_rad': -1.0292727669717125}
[can] backend=detectnet_native no detections
[map] motion direction=forward speed=0.6 effective_seconds=0.047831058502197266 pose={'x_m': -0.18221153117929864, 'y_m': 0.6676708264913792, 'heading_rad': -1.0292727669717125}
[can] backend=detectnet_native no detections
[map] motion direction=forward speed=0.6 effective_seconds=0.04719948768615723 pose={'x_m': -0.1864078442678155, 'y_m': 0.6701949193759187, 'heading_rad': -1.0292727669717125}
[can] backend=detectnet_native no detections
[map] motion direction=forward speed=0.6 effective_seconds=0.04749011993408203 pose={'x_m': -0.1906299962788652, 'y_m': 0.6727345544373963, 'heading_rad': -1.0292727669717125}
[can] backend=detectnet_native detections=1 best_confidence=0.216
[can] backend=detectnet_native confidence=0.216 class_id=1 center=(120.1,129.8) error_x=-0.125 bbox=[107.109375, 104.1796875, 133.046875, 155.5078125]
[map] motion direction=forward speed=0.6 effective_seconds=0.06479167938232422 pose={'x_m': -0.19639035906133614, 'y_m': 0.6761994271494417, 'heading_rad': -1.0292727669717125}
[base] continuous stop label=search_can_routine_2_step_0 elapsed=0.065s
[base] stop
[fsm] SEARCHING --TARGET_FOUND--> ALIGNING
[can] backend=detectnet_native detections=1 best_confidence=0.314
[can] backend=detectnet_native confidence=0.314 class_id=1 center=(117.5,131.0) error_x=-0.133 bbox=[102.34375, 101.42578125, 132.734375, 160.546875]
[base] stop
[fsm] ALIGNING --TARGET_ALIGNED--> APPROACHING
[can] backend=detectnet_native detections=1 best_confidence=0.423
[can] backend=detectnet_native confidence=0.423 class_id=1 center=(118.2,130.9) error_x=-0.130 bbox=[103.90625, 102.0703125, 132.578125, 159.7265625]
[approach] target=can mode=bbox_height bbox=0.240/0.36 bbox_ok=False depth_raw=n/a/2.05 depth_ok=False pnp_z=n/a/None pnp_ok=False error_x=-0.130
[base] continuous start label=approach_can_steer direction=left requested_speed=0.15 effective_speed=0.15
[visual-turn] label=approach_can_steer direction=left speed=0.15
[can] backend=detectnet_native detections=1 best_confidence=0.319
[can] backend=detectnet_native confidence=0.319 class_id=1 center=(116.8,133.3) error_x=-0.135 bbox=[103.4375, 105.64453125, 130.15625, 160.8984375]
[approach] target=can mode=bbox_height bbox=0.230/0.36 bbox_ok=False depth_raw=n/a/2.05 depth_ok=False pnp_z=n/a/None pnp_ok=False error_x=-0.135
[can] backend=detectnet_native detections=1 best_confidence=0.444
[can] backend=detectnet_native confidence=0.444 class_id=1 center=(117.4,131.7) error_x=-0.133 bbox=[103.046875, 103.18359375, 131.796875, 160.1953125]
[approach] target=can mode=bbox_height bbox=0.238/0.36 bbox_ok=False depth_raw=n/a/2.05 depth_ok=False pnp_z=n/a/None pnp_ok=False error_x=-0.133
[can] backend=detectnet_native detections=1 best_confidence=0.302
[can] backend=detectnet_native confidence=0.302 class_id=1 center=(118.8,129.8) error_x=-0.129 bbox=[105.78125, 102.1875, 131.875, 157.5]
[approach] target=can mode=bbox_height bbox=0.230/0.36 bbox_ok=False depth_raw=n/a/2.05 depth_ok=False pnp_z=n/a/None pnp_ok=False error_x=-0.129
[can] backend=detectnet_native no detections
[map] motion direction=left speed=0.15 effective_seconds=0.2085433006286621 pose={'x_m': -0.19639035906133614, 'y_m': 0.6761994271494417, 'heading_rad': -1.0607707526068286}
[base] continuous stop label=approach_can_steer elapsed=0.209s
[base] stop
[can] backend=detectnet_native no detections
[base] stop
[can] backend=detectnet_native no detections
[base] stop
[can] backend=detectnet_native no detections
[base] stop
[fsm] APPROACHING --TARGET_MISSING--> SEARCHING reason=approach target lost
[can] backend=detectnet_native no detections
[base] continuous start label=search_can_routine_2_step_0 direction=forward requested_speed=0.6 effective_speed=0.6
[can] backend=detectnet_native no detections
[map] motion direction=forward speed=0.6 effective_seconds=0.04684114456176758 pose={'x_m': -0.20063163487050859, 'y_m': 0.6785719641454273, 'heading_rad': -1.0607707526068286}
[can] backend=detectnet_native no detections
[map] motion direction=forward speed=0.6 effective_seconds=0.04753732681274414 pose={'x_m': -0.204935947161122, 'y_m': 0.6809797632632472, 'heading_rad': -1.0607707526068286}
[can] backend=detectnet_native no detections
[map] motion direction=forward speed=0.6 effective_seconds=0.04732155799865723 pose={'x_m': -0.20922072246005596, 'y_m': 0.6833766335385122, 'heading_rad': -1.0607707526068286}
[can] backend=detectnet_native no detections
[map] motion direction=forward speed=0.6 effective_seconds=0.04774069786071777 pose={'x_m': -0.21354344917487114, 'y_m': 0.6857947335432925, 'heading_rad': -1.0607707526068286}
[can] backend=detectnet_native no detections
[map] motion direction=forward speed=0.6 effective_seconds=0.047249555587768555 pose={'x_m': -0.21782170494729988, 'y_m': 0.6881879568456829, 'heading_rad': -1.0607707526068286}
[can] backend=detectnet_native detections=1 best_confidence=0.218
[can] backend=detectnet_native confidence=0.218 class_id=1 center=(121.8,132.2) error_x=-0.119 bbox=[108.515625, 106.40625, 135.078125, 157.96875]
[map] motion direction=forward speed=0.6 effective_seconds=0.06595802307128906 pose={'x_m': -0.2237939366314383, 'y_m': 0.6915287772159527, 'heading_rad': -1.0607707526068286}
[base] continuous stop label=search_can_routine_2_step_0 elapsed=0.066s
[base] stop
[fsm] SEARCHING --TARGET_FOUND--> ALIGNING
[can] backend=detectnet_native detections=1 best_confidence=0.360
[can] backend=detectnet_native confidence=0.360 class_id=1 center=(120.1,134.4) error_x=-0.125 bbox=[104.609375, 106.69921875, 135.625, 162.0703125]
[base] stop
[fsm] ALIGNING --TARGET_ALIGNED--> APPROACHING
[can] backend=detectnet_native detections=1 best_confidence=0.466
[can] backend=detectnet_native confidence=0.466 class_id=1 center=(119.6,134.1) error_x=-0.126 bbox=[104.609375, 104.765625, 134.53125, 163.359375]
[approach] target=can mode=bbox_height bbox=0.244/0.36 bbox_ok=False depth_raw=n/a/2.05 depth_ok=False pnp_z=n/a/None pnp_ok=False error_x=-0.126
[base] continuous start label=approach_can_steer direction=left requested_speed=0.15 effective_speed=0.15
[visual-turn] label=approach_can_steer direction=left speed=0.15
[can] backend=detectnet_native detections=1 best_confidence=0.469
[can] backend=detectnet_native confidence=0.469 class_id=1 center=(119.7,132.8) error_x=-0.126 bbox=[104.0625, 103.7109375, 135.3125, 161.953125]
[approach] target=can mode=bbox_height bbox=0.243/0.36 bbox_ok=False depth_raw=n/a/2.05 depth_ok=False pnp_z=n/a/None pnp_ok=False error_x=-0.126
[can] backend=detectnet_native detections=1 best_confidence=0.659
[can] backend=detectnet_native confidence=0.659 class_id=1 center=(120.9,134.5) error_x=-0.122 bbox=[104.765625, 105.41015625, 136.953125, 163.59375]
[approach] target=can mode=bbox_height bbox=0.242/0.36 bbox_ok=False depth_raw=n/a/2.05 depth_ok=False pnp_z=n/a/None pnp_ok=False error_x=-0.122
[can] backend=detectnet_native detections=1 best_confidence=0.664
[can] backend=detectnet_native confidence=0.664 class_id=1 center=(121.2,134.1) error_x=-0.121 bbox=[105.625, 104.765625, 136.71875, 163.359375]
[approach] target=can mode=bbox_height bbox=0.244/0.36 bbox_ok=False depth_raw=n/a/2.05 depth_ok=False pnp_z=n/a/None pnp_ok=False error_x=-0.121
[can] backend=detectnet_native detections=1 best_confidence=0.457
[can] backend=detectnet_native confidence=0.457 class_id=1 center=(120.0,135.2) error_x=-0.125 bbox=[104.53125, 105.41015625, 135.546875, 165.0]
[approach] target=can mode=bbox_height bbox=0.248/0.36 bbox_ok=False depth_raw=n/a/2.05 depth_ok=False pnp_z=n/a/None pnp_ok=False error_x=-0.125
[can] backend=detectnet_native detections=1 best_confidence=0.292
[can] backend=detectnet_native confidence=0.292 class_id=1 center=(120.2,134.5) error_x=-0.124 bbox=[104.609375, 105.234375, 135.859375, 163.828125]
[approach] target=can mode=bbox_height bbox=0.244/0.36 bbox_ok=False depth_raw=n/a/2.05 depth_ok=False pnp_z=n/a/None pnp_ok=False error_x=-0.124
[can] backend=detectnet_native detections=1 best_confidence=0.357
[can] backend=detectnet_native confidence=0.357 class_id=1 center=(122.7,133.1) error_x=-0.116 bbox=[108.4375, 106.640625, 137.03125, 159.609375]
[approach] target=can mode=bbox_height bbox=0.221/0.36 bbox_ok=False depth_raw=n/a/2.05 depth_ok=False pnp_z=n/a/None pnp_ok=False error_x=-0.116
[map] motion direction=left speed=0.15 effective_seconds=0.30559277534484863 pose={'x_m': -0.2237939366314383, 'y_m': 0.6915287772159527, 'heading_rad': -1.1069269073190187}
[base] continuous stop label=approach_can_steer elapsed=0.306s
[base] stop
[base] continuous start label=approach_can_forward direction=forward requested_speed=0.6 effective_speed=0.6
[can] backend=detectnet_native detections=1 best_confidence=0.819
[can] backend=detectnet_native confidence=0.819 class_id=1 center=(124.6,130.9) error_x=-0.111 bbox=[109.21875, 99.140625, 140.0, 162.65625]
[approach] target=can mode=bbox_height bbox=0.265/0.36 bbox_ok=False depth_raw=n/a/2.05 depth_ok=False pnp_z=n/a/None pnp_ok=False error_x=-0.111
[can] backend=detectnet_native detections=1 best_confidence=0.751
[can] backend=detectnet_native confidence=0.751 class_id=1 center=(124.8,131.6) error_x=-0.110 bbox=[109.453125, 102.01171875, 140.234375, 161.1328125]
[approach] target=can mode=bbox_height bbox=0.246/0.36 bbox_ok=False depth_raw=n/a/2.05 depth_ok=False pnp_z=n/a/None pnp_ok=False error_x=-0.110
[can] backend=detectnet_native detections=1 best_confidence=0.924
[can] backend=detectnet_native confidence=0.924 class_id=1 center=(127.3,132.3) error_x=-0.102 bbox=[112.34375, 102.3046875, 142.1875, 162.3046875]
[approach] target=can mode=bbox_height bbox=0.250/0.36 bbox_ok=False depth_raw=n/a/2.05 depth_ok=False pnp_z=n/a/None pnp_ok=False error_x=-0.102
[can] backend=detectnet_native detections=1 best_confidence=0.973
[can] backend=detectnet_native confidence=0.973 class_id=1 center=(126.0,131.8) error_x=-0.106 bbox=[110.9375, 100.6640625, 141.09375, 162.890625]
[approach] target=can mode=bbox_height bbox=0.259/0.36 bbox_ok=False depth_raw=n/a/2.05 depth_ok=False pnp_z=n/a/None pnp_ok=False error_x=-0.106
[can] backend=detectnet_native detections=1 best_confidence=0.970
[can] backend=detectnet_native confidence=0.970 class_id=1 center=(127.3,131.3) error_x=-0.102 bbox=[112.03125, 99.66796875, 142.5, 162.890625]
[approach] target=can mode=bbox_height bbox=0.263/0.36 bbox_ok=False depth_raw=n/a/2.05 depth_ok=False pnp_z=n/a/None pnp_ok=False error_x=-0.102
[can] backend=detectnet_native detections=1 best_confidence=0.957
[can] backend=detectnet_native confidence=0.957 class_id=1 center=(126.2,131.4) error_x=-0.105 bbox=[110.625, 97.5, 141.875, 165.234375]
[approach] target=can mode=bbox_height bbox=0.282/0.36 bbox_ok=False depth_raw=n/a/2.05 depth_ok=False pnp_z=n/a/None pnp_ok=False error_x=-0.105
[can] backend=detectnet_native detections=1 best_confidence=0.974
[can] backend=detectnet_native confidence=0.974 class_id=1 center=(126.5,134.4) error_x=-0.105 bbox=[110.15625, 98.90625, 142.8125, 169.921875]
[approach] target=can mode=bbox_height bbox=0.296/0.36 bbox_ok=False depth_raw=n/a/2.05 depth_ok=False pnp_z=n/a/None pnp_ok=False error_x=-0.105
[can] backend=detectnet_native detections=1 best_confidence=0.959
[can] backend=detectnet_native confidence=0.959 class_id=1 center=(127.0,134.4) error_x=-0.103 bbox=[110.9375, 99.375, 143.125, 169.3359375]
[approach] target=can mode=bbox_height bbox=0.292/0.36 bbox_ok=False depth_raw=n/a/2.05 depth_ok=False pnp_z=n/a/None pnp_ok=False error_x=-0.103
[can] backend=detectnet_native detections=1 best_confidence=0.992
[can] backend=detectnet_native confidence=0.992 class_id=1 center=(127.3,134.1) error_x=-0.102 bbox=[110.78125, 97.8515625, 143.90625, 170.2734375]
[approach] target=can mode=bbox_height bbox=0.302/0.36 bbox_ok=False depth_raw=n/a/2.05 depth_ok=False pnp_z=n/a/None pnp_ok=False error_x=-0.102
[can] backend=detectnet_native detections=1 best_confidence=0.989
[can] backend=detectnet_native confidence=0.989 class_id=1 center=(126.6,133.9) error_x=-0.104 bbox=[109.609375, 97.734375, 143.59375, 170.15625]
[approach] target=can mode=bbox_height bbox=0.302/0.36 bbox_ok=False depth_raw=n/a/2.05 depth_ok=False pnp_z=n/a/None pnp_ok=False error_x=-0.104
[can] backend=detectnet_native detections=1 best_confidence=0.990
[can] backend=detectnet_native confidence=0.990 class_id=1 center=(126.1,135.1) error_x=-0.106 bbox=[109.140625, 98.0859375, 143.046875, 172.03125]
[approach] target=can mode=bbox_height bbox=0.308/0.36 bbox_ok=False depth_raw=n/a/2.05 depth_ok=False pnp_z=n/a/None pnp_ok=False error_x=-0.106
[can] backend=detectnet_native detections=1 best_confidence=0.989
[can] backend=detectnet_native confidence=0.989 class_id=1 center=(126.4,135.6) error_x=-0.105 bbox=[109.6875, 97.3828125, 143.203125, 173.90625]
[approach] target=can mode=bbox_height bbox=0.319/0.36 bbox_ok=False depth_raw=n/a/2.05 depth_ok=False pnp_z=n/a/None pnp_ok=False error_x=-0.105
[can] backend=detectnet_native detections=1 best_confidence=0.974
[can] backend=detectnet_native confidence=0.974 class_id=1 center=(125.5,135.2) error_x=-0.108 bbox=[109.296875, 98.7890625, 141.640625, 171.5625]
[approach] target=can mode=bbox_height bbox=0.303/0.36 bbox_ok=False depth_raw=n/a/2.05 depth_ok=False pnp_z=n/a/None pnp_ok=False error_x=-0.108
[can] backend=detectnet_native detections=1 best_confidence=0.988
[can] backend=detectnet_native confidence=0.988 class_id=1 center=(124.2,134.9) error_x=-0.112 bbox=[107.03125, 96.97265625, 141.328125, 172.8515625]
[approach] target=can mode=bbox_height bbox=0.316/0.36 bbox_ok=False depth_raw=n/a/2.05 depth_ok=False pnp_z=n/a/None pnp_ok=False error_x=-0.112
[can] backend=detectnet_native detections=1 best_confidence=0.968
[can] backend=detectnet_native confidence=0.968 class_id=1 center=(124.5,134.9) error_x=-0.111 bbox=[107.03125, 97.96875, 142.03125, 171.9140625]
[approach] target=can mode=bbox_height bbox=0.308/0.36 bbox_ok=False depth_raw=n/a/2.05 depth_ok=False pnp_z=n/a/None pnp_ok=False error_x=-0.111
[can] backend=detectnet_native detections=1 best_confidence=0.985
[can] backend=detectnet_native confidence=0.985 class_id=1 center=(123.6,135.2) error_x=-0.114 bbox=[106.09375, 97.1484375, 141.09375, 173.203125]
[approach] target=can mode=bbox_height bbox=0.317/0.36 bbox_ok=False depth_raw=n/a/2.05 depth_ok=False pnp_z=n/a/None pnp_ok=False error_x=-0.114
[can] backend=detectnet_native detections=1 best_confidence=0.989
[can] backend=detectnet_native confidence=0.989 class_id=1 center=(122.6,134.8) error_x=-0.117 bbox=[104.21875, 95.9765625, 140.9375, 173.671875]
[approach] target=can mode=bbox_height bbox=0.324/0.36 bbox_ok=False depth_raw=n/a/2.05 depth_ok=False pnp_z=n/a/None pnp_ok=False error_x=-0.117
[can] backend=detectnet_native detections=1 best_confidence=0.996
[can] backend=detectnet_native confidence=0.996 class_id=1 center=(122.1,136.2) error_x=-0.118 bbox=[101.71875, 93.6328125, 142.578125, 178.7109375]
[approach] target=can mode=bbox_height bbox=0.354/0.36 bbox_ok=False depth_raw=n/a/2.05 depth_ok=False pnp_z=n/a/None pnp_ok=False error_x=-0.118
[can] backend=detectnet_native detections=1 best_confidence=0.996
[can] backend=detectnet_native confidence=0.996 class_id=1 center=(122.3,135.3) error_x=-0.118 bbox=[102.109375, 92.4609375, 142.5, 178.125]
[approach] target=can mode=bbox_height bbox=0.357/0.36 bbox_ok=False depth_raw=n/a/2.05 depth_ok=False pnp_z=n/a/None pnp_ok=False error_x=-0.118
[can] backend=detectnet_native detections=1 best_confidence=0.996
[can] backend=detectnet_native confidence=0.996 class_id=1 center=(122.5,135.9) error_x=-0.117 bbox=[102.65625, 93.3984375, 142.421875, 178.4765625]
[approach] target=can mode=bbox_height bbox=0.354/0.36 bbox_ok=False depth_raw=n/a/2.05 depth_ok=False pnp_z=n/a/None pnp_ok=False error_x=-0.117
[can] backend=detectnet_native detections=1 best_confidence=0.996
[can] backend=detectnet_native confidence=0.996 class_id=1 center=(122.9,137.3) error_x=-0.116 bbox=[102.421875, 93.6328125, 143.28125, 180.9375]
[approach] target=can mode=bbox_height bbox=0.364/0.36 bbox_ok=True depth_raw=n/a/2.05 depth_ok=False pnp_z=n/a/None pnp_ok=False error_x=-0.116
[map] motion direction=forward speed=0.6 effective_seconds=1.0252759456634521 pose={'x_m': -0.3189257309795239, 'y_m': 0.7391210538516721, 'heading_rad': -1.1069269073190187}
[base] continuous stop label=approach_can_forward elapsed=1.025s
[base] stop
[fsm] APPROACHING --TARGET_REACHED--> FINAL_VERIFY
[can] backend=detectnet_native detections=1 best_confidence=0.970
[can] backend=detectnet_native confidence=0.970 class_id=1 center=(120.9,136.6) error_x=-0.122 bbox=[99.375, 90.703125, 142.34375, 182.578125]
[base] continuous start label=align_can direction=left requested_speed=0.15 effective_speed=0.15
[visual-turn] label=align_can direction=left speed=0.15
[can] backend=detectnet_native detections=1 best_confidence=0.928
[can] backend=detectnet_native confidence=0.928 class_id=1 center=(120.5,138.1) error_x=-0.123 bbox=[98.359375, 91.875, 142.734375, 184.3359375]
[can] backend=detectnet_native detections=1 best_confidence=0.927
[can] backend=detectnet_native confidence=0.927 class_id=1 center=(119.7,138.1) error_x=-0.126 bbox=[96.71875, 90.76171875, 142.734375, 185.390625]
[can] backend=detectnet_native detections=1 best_confidence=0.976
[can] backend=detectnet_native confidence=0.976 class_id=1 center=(121.9,137.7) error_x=-0.119 bbox=[99.140625, 90.76171875, 144.6875, 184.6875]
[can] backend=detectnet_native detections=1 best_confidence=0.992
[can] backend=detectnet_native confidence=0.992 class_id=1 center=(123.0,141.4) error_x=-0.115 bbox=[100.9375, 93.6328125, 145.15625, 189.140625]
[can] backend=detectnet_native detections=1 best_confidence=0.988
[can] backend=detectnet_native confidence=0.988 class_id=1 center=(123.9,139.5) error_x=-0.113 bbox=[102.34375, 95.0390625, 145.46875, 183.8671875]
[can] backend=detectnet_native detections=1 best_confidence=0.998
[can] backend=detectnet_native confidence=0.998 class_id=1 center=(124.6,140.1) error_x=-0.111 bbox=[102.5, 93.69140625, 146.640625, 186.4453125]
[can] backend=detectnet_native detections=1 best_confidence=0.999
[can] backend=detectnet_native confidence=0.999 class_id=1 center=(125.9,140.7) error_x=-0.106 bbox=[103.75, 92.109375, 148.125, 189.375]
[can] backend=detectnet_native detections=1 best_confidence=0.999
[can] backend=detectnet_native confidence=0.999 class_id=1 center=(127.7,142.0) error_x=-0.101 bbox=[106.25, 94.3359375, 149.21875, 189.7265625]
[can] backend=detectnet_native detections=1 best_confidence=1.000
[can] backend=detectnet_native confidence=1.000 class_id=1 center=(128.2,141.1) error_x=-0.099 bbox=[106.953125, 94.1015625, 149.453125, 188.0859375]
[can] backend=detectnet_native detections=1 best_confidence=1.000
[can] backend=detectnet_native confidence=1.000 class_id=1 center=(129.1,139.8) error_x=-0.096 bbox=[107.34375, 93.1640625, 150.9375, 186.4453125]
[can] backend=detectnet_native detections=1 best_confidence=1.000
[can] backend=detectnet_native confidence=1.000 class_id=1 center=(129.4,138.7) error_x=-0.096 bbox=[107.34375, 93.57421875, 151.40625, 183.8671875]
[can] backend=detectnet_native detections=1 best_confidence=0.999
[can] backend=detectnet_native confidence=0.999 class_id=1 center=(131.5,136.4) error_x=-0.089 bbox=[109.921875, 92.51953125, 153.125, 180.234375]
[can] backend=detectnet_native detections=1 best_confidence=0.995
[can] backend=detectnet_native confidence=0.995 class_id=1 center=(132.1,137.1) error_x=-0.087 bbox=[111.40625, 93.515625, 152.8125, 180.703125]
[can] backend=detectnet_native detections=1 best_confidence=0.979
[can] backend=detectnet_native confidence=0.979 class_id=1 center=(135.9,136.1) error_x=-0.075 bbox=[112.578125, 90.1171875, 159.21875, 182.109375]
[can] backend=detectnet_native detections=1 best_confidence=0.867
[can] backend=detectnet_native confidence=0.867 class_id=1 center=(137.6,135.8) error_x=-0.070 bbox=[115.0, 89.765625, 160.15625, 181.875]
[can] backend=detectnet_native detections=1 best_confidence=0.954
[can] backend=detectnet_native confidence=0.954 class_id=1 center=(139.3,136.7) error_x=-0.065 bbox=[117.34375, 93.1640625, 161.25, 180.234375]
[can] backend=detectnet_native detections=1 best_confidence=0.992
[can] backend=detectnet_native confidence=0.992 class_id=1 center=(143.3,139.6) error_x=-0.052 bbox=[122.8125, 95.15625, 163.75, 183.984375]
[can] backend=detectnet_native detections=1 best_confidence=0.998
[can] backend=detectnet_native confidence=0.998 class_id=1 center=(143.1,141.9) error_x=-0.053 bbox=[121.25, 94.3359375, 165.0, 189.375]
[can] backend=detectnet_native detections=1 best_confidence=0.999
[can] backend=detectnet_native confidence=0.999 class_id=1 center=(145.4,140.2) error_x=-0.046 bbox=[123.828125, 93.1640625, 167.03125, 187.265625]
[can] backend=detectnet_native detections=1 best_confidence=1.000
[can] backend=detectnet_native confidence=1.000 class_id=1 center=(145.2,140.3) error_x=-0.046 bbox=[123.59375, 93.75, 166.71875, 186.796875]
[can] backend=detectnet_native detections=1 best_confidence=1.000
[can] backend=detectnet_native confidence=1.000 class_id=1 center=(145.9,139.3) error_x=-0.044 bbox=[123.59375, 92.05078125, 168.28125, 186.5625]
[can] backend=detectnet_native detections=1 best_confidence=1.000
[can] backend=detectnet_native confidence=1.000 class_id=1 center=(148.0,134.5) error_x=-0.038 bbox=[126.875, 90.0, 169.0625, 179.0625]
[can] backend=detectnet_native detections=1 best_confidence=0.999
[can] backend=detectnet_native confidence=0.999 class_id=1 center=(150.2,136.3) error_x=-0.031 bbox=[128.125, 90.8203125, 172.1875, 181.7578125]
[can] backend=detectnet_native detections=1 best_confidence=0.994
[can] backend=detectnet_native confidence=0.994 class_id=1 center=(152.7,136.9) error_x=-0.023 bbox=[129.375, 89.6484375, 176.09375, 184.21875]
[map] motion direction=left speed=0.15 effective_seconds=1.1660897731781006 pose={'x_m': -0.3189257309795239, 'y_m': 0.7391210538516721, 'heading_rad': -1.283050900821074}
[base] continuous stop label=align_can elapsed=1.166s
[base] stop
[can] backend=detectnet_native detections=1 best_confidence=0.933
[can] backend=detectnet_native confidence=0.933 class_id=1 center=(155.6,134.1) error_x=-0.014 bbox=[133.28125, 86.1328125, 177.96875, 182.109375]
[base] stop
[fsm] FINAL_VERIFY --TARGET_STABLE--> FINALIZING
[arm] pose arm_down
[arm] arm_down servo=5 angle=0 speed=85
[arm] arm_down servo=4 angle=0 speed=85
[arm] arm_down servo=3 angle=45 speed=85
[arm] arm_down servo=2 angle=105 speed=85
[arm] arm_down servo=1 angle=-16 speed=85
[arm-position] arm_down waiting for motion to settle servos=[1, 2, 3, 4, 5] stability_delta=3 min_wait=0.5 timeout=10.0 stable_samples=2
[arm-position] arm_down waiting positions={1: 439, 2: 612, 3: 641, 4: 502, 5: 508} movement={} read_errors=[]
[arm-position] arm_down waiting positions={1: 439, 2: 626, 3: 655, 4: 502, 5: 508} movement={1: 0, 2: 14, 3: 14, 4: 0, 5: 0} read_errors=[]
[arm-position] arm_down waiting positions={1: 439, 2: 639, 3: 667, 4: 502, 5: 508} movement={1: 0, 2: 13, 3: 12, 4: 0, 5: 0} read_errors=[]
[arm-position] arm_down waiting positions={1: 439, 2: 655, 3: 680, 4: 502, 5: 508} movement={1: 0, 2: 16, 3: 13, 4: 0, 5: 0} read_errors=[]
[arm-position] arm_down waiting positions={1: 439, 2: 667, 3: 695, 4: 502, 5: 508} movement={1: 0, 2: 12, 3: 15, 4: 0, 5: 0} read_errors=[]
[arm-position] arm_down waiting positions={1: 439, 2: 680, 3: 706, 4: 502, 5: 508} movement={1: 0, 2: 13, 3: 11, 4: 0, 5: 0} read_errors=[]
[arm-position] arm_down waiting positions={1: 439, 2: 694, 3: 717, 4: 502, 5: 508} movement={1: 0, 2: 14, 3: 11, 4: 0, 5: 0} read_errors=[]
[arm-position] arm_down waiting positions={1: 439, 2: 708, 3: 718, 4: 502, 5: 508} movement={1: 0, 2: 14, 3: 1, 4: 0, 5: 0} read_errors=[]
[arm-position] arm_down waiting positions={1: 439, 2: 721, 3: 718, 4: 502, 5: 508} movement={1: 0, 2: 13, 3: 0, 4: 0, 5: 0} read_errors=[]
[arm-position] arm_down waiting positions={1: 439, 2: 733, 3: 717, 4: 502, 5: 508} movement={1: 0, 2: 12, 3: 1, 4: 0, 5: 0} read_errors=[]
[arm-position] arm_down waiting positions={1: 439, 2: 746, 3: 718, 4: 502, 5: 508} movement={1: 0, 2: 13, 3: 1, 4: 0, 5: 0} read_errors=[]
[arm-position] arm_down waiting positions={1: 438, 2: 761, 3: 717, 4: 502, 5: 508} movement={1: 1, 2: 15, 3: 1, 4: 0, 5: 0} read_errors=[]
[arm-position] arm_down waiting positions={1: 439, 2: 773, 3: 717, 4: 502, 5: 508} movement={1: 1, 2: 12, 3: 0, 4: 0, 5: 0} read_errors=[]
[arm-position] arm_down waiting positions={1: 439, 2: 787, 3: 718, 4: 502, 5: 508} movement={1: 0, 2: 14, 3: 1, 4: 0, 5: 0} read_errors=[]
[arm-position] arm_down waiting positions={1: 439, 2: 799, 3: 717, 4: 502, 5: 508} movement={1: 0, 2: 12, 3: 1, 4: 0, 5: 0} read_errors=[]
[arm-position] arm_down waiting positions={1: 439, 2: 811, 3: 718, 4: 502, 5: 508} movement={1: 0, 2: 12, 3: 1, 4: 0, 5: 0} read_errors=[]
[arm-position] arm_down waiting positions={1: 439, 2: 827, 3: 718, 4: 502, 5: 508} movement={1: 0, 2: 16, 3: 0, 4: 0, 5: 0} read_errors=[]
[arm-position] arm_down waiting positions={1: 439, 2: 839, 3: 717, 4: 502, 5: 508} movement={1: 0, 2: 12, 3: 1, 4: 0, 5: 0} read_errors=[]
[arm-position] arm_down waiting positions={1: 439, 2: 855, 3: 718, 4: 502, 5: 508} movement={1: 0, 2: 16, 3: 1, 4: 0, 5: 0} read_errors=[]
[arm-position] arm_down waiting positions={1: 439, 2: 867, 3: 718, 4: 502, 5: 508} movement={1: 0, 2: 12, 3: 0, 4: 0, 5: 0} read_errors=[]
[arm-position] arm_down waiting positions={1: 439, 2: 881, 3: 718, 4: 502, 5: 508} movement={1: 0, 2: 14, 3: 0, 4: 0, 5: 0} read_errors=[]
[arm-position] arm_down waiting positions={1: 439, 2: 892, 3: 718, 4: 502, 5: 508} movement={1: 0, 2: 11, 3: 0, 4: 0, 5: 0} read_errors=[]
[arm-position] arm_down waiting positions={1: 439, 2: 905, 3: 718, 4: 502, 5: 508} movement={1: 0, 2: 13, 3: 0, 4: 0, 5: 0} read_errors=[]
[arm-position] arm_down waiting positions={1: 439, 2: 920, 3: 718, 4: 502, 5: 508} movement={1: 0, 2: 15, 3: 0, 4: 0, 5: 0} read_errors=[]
[arm-position] arm_down waiting positions={1: 439, 2: 934, 3: 718, 4: 502, 5: 508} movement={1: 0, 2: 14, 3: 0, 4: 0, 5: 0} read_errors=[]
[arm-position] arm_down waiting positions={1: 439, 2: 946, 3: 718, 4: 502, 5: 508} movement={1: 0, 2: 12, 3: 0, 4: 0, 5: 0} read_errors=[]
[arm-position] arm_down waiting positions={1: 439, 2: 959, 3: 718, 4: 502, 5: 508} movement={1: 0, 2: 13, 3: 0, 4: 0, 5: 0} read_errors=[]
[arm-position] arm_down waiting positions={1: 439, 2: 973, 3: 718, 4: 502, 5: 508} movement={1: 0, 2: 14, 3: 0, 4: 0, 5: 0} read_errors=[]
[arm-position] arm_down waiting positions={1: 439, 2: 985, 3: 718, 4: 502, 5: 508} movement={1: 0, 2: 12, 3: 0, 4: 0, 5: 0} read_errors=[]
[arm-position] arm_down waiting positions={1: 439, 2: 998, 3: 718, 4: 502, 5: 508} movement={1: 0, 2: 13, 3: 0, 4: 0, 5: 0} read_errors=[]
[arm-position] arm_down waiting positions={1: 439, 2: 1004, 3: 718, 4: 502, 5: 508} movement={1: 0, 2: 6, 3: 0, 4: 0, 5: 0} read_errors=[]
[arm-position] arm_down settled positions={1: 439, 2: 1004, 3: 718, 4: 502, 5: 508} movement={1: 0, 2: 2, 3: 0, 4: 0, 5: 0} elapsed=4.95s
[base] pickup_push direction=forward requested_speed=0.2 effective_speed=0.2 seconds=3.9
[map] motion direction=forward speed=0.2 effective_seconds=3.9 pose={'x_m': -0.4404645492245671, 'y_m': 0.77509157177397, 'heading_rad': -1.283050900821074}
[arm] pose grab
[arm] grab servo=5 angle=0 speed=85
[arm] grab servo=4 angle=-55 speed=85
[arm] grab servo=3 angle=45 speed=85
[arm] grab servo=2 angle=105 speed=85
[arm] grab servo=1 angle=-16 speed=85
[arm] pose carry
[arm] carry servo=5 angle=0 speed=85
[arm] carry servo=4 angle=-55 speed=85
[arm] carry servo=3 angle=45 speed=85
[arm] carry servo=2 angle=60 speed=85
[arm] carry servo=1 angle=-16 speed=85
[mission] completed_pickups=1
[fsm] FINALIZING --FINALIZED--> PLANNING
[fsm] PLANNING --MAP_TARGET_AVAILABLE--> MAP_NAVIGATING
[can] backend=detectnet_native no detections
[tag] cv2=4.1.1
[tag] has pupil_apriltags=True
[tag] has aruco=False
[tag] has ArucoDetector=False
[tag] has DICT_APRILTAG_36h11=False
[tag] calibration loaded /workspace/robot_code/temp_car/calibration_320.yaml
[tag] detector loaded backend=pupil_apriltags family=tag36h11 dictionary=DICT_APRILTAG_36h11
[tag] no detections
[map] navigate label=bin_docking distance_m=7.791 heading_error_rad=-1.922
[base] continuous start label=map_turn_bin_docking direction=left requested_speed=0.15 effective_speed=0.15
[can] backend=detectnet_native no detections
[tag] no detections
[map] motion direction=left speed=0.15 effective_seconds=0.14644980430603027 pose={'x_m': -0.4404645492245671, 'y_m': 0.77509157177397, 'heading_rad': -1.3051704022310509}
[map] navigate label=bin_docking distance_m=7.791 heading_error_rad=-1.899
[can] backend=detectnet_native no detections
[tag] no detections
[map] motion direction=left speed=0.15 effective_seconds=0.08419036865234375 pose={'x_m': -0.4404645492245671, 'y_m': 0.77509157177397, 'heading_rad': -1.3178863562532257}
[map] navigate label=bin_docking distance_m=7.791 heading_error_rad=-1.887
[can] backend=detectnet_native no detections
[tag] no detections
[map] motion direction=left speed=0.15 effective_seconds=0.07984781265258789 pose={'x_m': -0.4404645492245671, 'y_m': 0.77509157177397, 'heading_rad': -1.3299464188318122}
[map] navigate label=bin_docking distance_m=7.791 heading_error_rad=-1.875
[can] backend=detectnet_native no detections
[tag] no detections
[map] motion direction=left speed=0.15 effective_seconds=0.06477522850036621 pose={'x_m': -0.4404645492245671, 'y_m': 0.77509157177397, 'heading_rad': -1.3397299468121662}
[map] navigate label=bin_docking distance_m=7.791 heading_error_rad=-1.865
[can] backend=detectnet_native no detections
[tag] no detections
[map] motion direction=left speed=0.15 effective_seconds=0.0667116641998291 pose={'x_m': -0.4404645492245671, 'y_m': 0.77509157177397, 'heading_rad': -1.3498059503775002}
[map] navigate label=bin_docking distance_m=7.791 heading_error_rad=-1.855
[can] backend=detectnet_native no detections
[tag] no detections
[map] motion direction=left speed=0.15 effective_seconds=0.06717681884765625 pose={'x_m': -0.4404645492245671, 'y_m': 0.77509157177397, 'heading_rad': -1.35995221002093}
[map] navigate label=bin_docking distance_m=7.791 heading_error_rad=-1.845
[can] backend=detectnet_native no detections
[tag] no detections
[map] motion direction=left speed=0.15 effective_seconds=0.06403541564941406 pose={'x_m': -0.4404645492245671, 'y_m': 0.77509157177397, 'heading_rad': -1.3696239980677465}
[map] navigate label=bin_docking distance_m=7.791 heading_error_rad=-1.835
[can] backend=detectnet_native no detections
[tag] no detections
[map] motion direction=left speed=0.15 effective_seconds=0.06255984306335449 pose={'x_m': -0.4404645492245671, 'y_m': 0.77509157177397, 'heading_rad': -1.3790729184224377}
[map] navigate label=bin_docking distance_m=7.791 heading_error_rad=-1.826
[can] backend=detectnet_native no detections
[tag] no detections
[map] motion direction=left speed=0.15 effective_seconds=0.0627140998840332 pose={'x_m': -0.4404645492245671, 'y_m': 0.77509157177397, 'heading_rad': -1.3885451374355238}
[map] navigate label=bin_docking distance_m=7.791 heading_error_rad=-1.816
[can] backend=detectnet_native no detections
[tag] no detections
[map] motion direction=left speed=0.15 effective_seconds=0.06555986404418945 pose={'x_m': -0.4404645492245671, 'y_m': 0.77509157177397, 'heading_rad': -1.3984471752841576}
[map] navigate label=bin_docking distance_m=7.791 heading_error_rad=-1.806
[can] backend=detectnet_native no detections
[tag] no detections
[map] motion direction=left speed=0.15 effective_seconds=0.06450080871582031 pose={'x_m': -0.4404645492245671, 'y_m': 0.77509157177397, 'heading_rad': -1.4081892554193611}
[map] navigate label=bin_docking distance_m=7.791 heading_error_rad=-1.796
[can] backend=detectnet_native no detections
[tag] no detections
[map] motion direction=left speed=0.15 effective_seconds=0.06174182891845703 pose={'x_m': -0.4404645492245671, 'y_m': 0.77509157177397, 'heading_rad': -1.417514624465007}
[map] navigate label=bin_docking distance_m=7.791 heading_error_rad=-1.787
[can] backend=detectnet_native no detections
[tag] no detections
[map] motion direction=left speed=0.15 effective_seconds=0.06151437759399414 pose={'x_m': -0.4404645492245671, 'y_m': 0.77509157177397, 'heading_rad': -1.4268056396928652}
[map] navigate label=bin_docking distance_m=7.791 heading_error_rad=-1.778
[can] backend=detectnet_native no detections
[tag] no detections
[map] motion direction=left speed=0.15 effective_seconds=0.062151432037353516 pose={'x_m': -0.4404645492245671, 'y_m': 0.77509157177397, 'heading_rad': -1.4361928744187618}
[map] navigate label=bin_docking distance_m=7.791 heading_error_rad=-1.768
[can] backend=detectnet_native no detections
[tag] no detections
[map] motion direction=left speed=0.15 effective_seconds=0.06179094314575195 pose={'x_m': -0.4404645492245671, 'y_m': 0.77509157177397, 'heading_rad': -1.4455256615843912}
[map] navigate label=bin_docking distance_m=7.791 heading_error_rad=-1.759
[can] backend=detectnet_native no detections
[tag] no detections
[map] motion direction=left speed=0.15 effective_seconds=0.06272387504577637 pose={'x_m': -0.4404645492245671, 'y_m': 0.77509157177397, 'heading_rad': -1.4549993570194157}
[map] navigate label=bin_docking distance_m=7.791 heading_error_rad=-1.750
[can] backend=detectnet_native no detections
[tag] no detections
[map] motion direction=left speed=0.15 effective_seconds=0.060385942459106445 pose={'x_m': -0.4404645492245671, 'y_m': 0.77509157177397, 'heading_rad': -1.46411993553911}
[map] navigate label=bin_docking distance_m=7.791 heading_error_rad=-1.740
[can] backend=detectnet_native no detections
[tag] no detections
[map] motion direction=left speed=0.15 effective_seconds=0.06325793266296387 pose={'x_m': -0.4404645492245671, 'y_m': 0.77509157177397, 'heading_rad': -1.4736742940263818}
[map] navigate label=bin_docking distance_m=7.791 heading_error_rad=-1.731
[can] backend=detectnet_native no detections
[tag] no detections
[map] motion direction=left speed=0.15 effective_seconds=0.06332826614379883 pose={'x_m': -0.4404645492245671, 'y_m': 0.77509157177397, 'heading_rad': -1.4832392755495525}
[map] navigate label=bin_docking distance_m=7.791 heading_error_rad=-1.721
[can] backend=detectnet_native no detections
[tag] no detections
[map] motion direction=left speed=0.15 effective_seconds=0.06264925003051758 pose={'x_m': -0.4404645492245671, 'y_m': 0.77509157177397, 'heading_rad': -1.492701699763437}
[map] navigate label=bin_docking distance_m=7.791 heading_error_rad=-1.712
[can] backend=detectnet_native no detections
[tag] no detections
[map] motion direction=left speed=0.15 effective_seconds=0.06276726722717285 pose={'x_m': -0.4404645492245671, 'y_m': 0.77509157177397, 'heading_rad': -1.5021819490714565}
[map] navigate label=bin_docking distance_m=7.791 heading_error_rad=-1.702
[can] backend=detectnet_native no detections
[tag] no detections
[map] motion direction=left speed=0.15 effective_seconds=0.06194257736206055 pose={'x_m': -0.4404645492245671, 'y_m': 0.77509157177397, 'heading_rad': -1.5115376387822776}
[map] navigate label=bin_docking distance_m=7.791 heading_error_rad=-1.693
[can] backend=detectnet_native no detections
[tag] no detections
[map] motion direction=left speed=0.15 effective_seconds=0.059815406799316406 pose={'x_m': -0.4404645492245671, 'y_m': 0.77509157177397, 'heading_rad': -1.5205720446751734}
[map] navigate label=bin_docking distance_m=7.791 heading_error_rad=-1.684
[can] backend=detectnet_native no detections
[tag] no detections
[map] motion direction=left speed=0.15 effective_seconds=0.059557437896728516 pose={'x_m': -0.4404645492245671, 'y_m': 0.77509157177397, 'heading_rad': -1.52956748743301}
[map] navigate label=bin_docking distance_m=7.791 heading_error_rad=-1.675
[can] backend=detectnet_native no detections
[tag] no detections
[map] motion direction=left speed=0.15 effective_seconds=0.06016254425048828 pose={'x_m': -0.4404645492245671, 'y_m': 0.77509157177397, 'heading_rad': -1.5386543243098667}
[map] navigate label=bin_docking distance_m=7.791 heading_error_rad=-1.666
[can] backend=detectnet_native no detections
[tag] no detections
[map] motion direction=left speed=0.15 effective_seconds=0.0606989860534668 pose={'x_m': -0.4404645492245671, 'y_m': 0.77509157177397, 'heading_rad': -1.5478221843418827}
[map] navigate label=bin_docking distance_m=7.791 heading_error_rad=-1.657
[can] backend=detectnet_native no detections
[tag] no detections
[map] motion direction=left speed=0.15 effective_seconds=0.06431746482849121 pose={'x_m': -0.4404645492245671, 'y_m': 0.77509157177397, 'heading_rad': -1.5575365725631674}
[map] navigate label=bin_docking distance_m=7.791 heading_error_rad=-1.647
[can] backend=detectnet_native no detections
[tag] no detections
[map] motion direction=left speed=0.15 effective_seconds=0.06154942512512207 pose={'x_m': -0.4404645492245671, 'y_m': 0.77509157177397, 'heading_rad': -1.5668328813038295}
[map] navigate label=bin_docking distance_m=7.791 heading_error_rad=-1.638
[can] backend=detectnet_native no detections
[tag] no detections
[map] motion direction=left speed=0.15 effective_seconds=0.06082868576049805 pose={'x_m': -0.4404645492245671, 'y_m': 0.77509157177397, 'heading_rad': -1.5760203309342484}
[map] navigate label=bin_docking distance_m=7.791 heading_error_rad=-1.629
[can] backend=detectnet_native no detections
[tag] no detections
[map] motion direction=left speed=0.15 effective_seconds=0.05867910385131836 pose={'x_m': -0.4404645492245671, 'y_m': 0.77509157177397, 'heading_rad': -1.584883111779371}
[map] navigate label=bin_docking distance_m=7.791 heading_error_rad=-1.620
[can] backend=detectnet_native no detections
[tag] no detections
[map] motion direction=left speed=0.15 effective_seconds=0.06087803840637207 pose={'x_m': -0.4404645492245671, 'y_m': 0.77509157177397, 'heading_rad': -1.5940780155400647}
[map] navigate label=bin_docking distance_m=7.791 heading_error_rad=-1.611
[can] backend=detectnet_native no detections
[tag] no detections
[map] motion direction=left speed=0.15 effective_seconds=0.0641946792602539 pose={'x_m': -0.4404645492245671, 'y_m': 0.77509157177397, 'heading_rad': -1.6037738584613905}
[map] navigate label=bin_docking distance_m=7.791 heading_error_rad=-1.601
[can] backend=detectnet_native no detections
[tag] no detections
[map] motion direction=left speed=0.15 effective_seconds=0.06143522262573242 pose={'x_m': -0.4404645492245671, 'y_m': 0.77509157177397, 'heading_rad': -1.6130529182725764}
[map] navigate label=bin_docking distance_m=7.791 heading_error_rad=-1.592
[can] backend=detectnet_native no detections
[tag] no detections
[map] motion direction=left speed=0.15 effective_seconds=0.06322026252746582 pose={'x_m': -0.4404645492245671, 'y_m': 0.77509157177397, 'heading_rad': -1.6226015871338417}
[map] navigate label=bin_docking distance_m=7.791 heading_error_rad=-1.582
[can] backend=detectnet_native no detections
[tag] no detections
[map] motion direction=left speed=0.15 effective_seconds=0.06256747245788574 pose={'x_m': -0.4404645492245671, 'y_m': 0.77509157177397, 'heading_rad': -1.6320516598178507}
[map] navigate label=bin_docking distance_m=7.791 heading_error_rad=-1.573
[can] backend=detectnet_native no detections
[tag] no detections
[map] motion direction=left speed=0.15 effective_seconds=0.07550668716430664 pose={'x_m': -0.4404645492245671, 'y_m': 0.77509157177397, 'heading_rad': -1.643456047014596}
[map] navigate label=bin_docking distance_m=7.791 heading_error_rad=-1.561
[can] backend=detectnet_native no detections
[tag] no detections
[map] motion direction=left speed=0.15 effective_seconds=0.06187725067138672 pose={'x_m': -0.4404645492245671, 'y_m': 0.77509157177397, 'heading_rad': -1.6528018699056333}
[map] navigate label=bin_docking distance_m=7.791 heading_error_rad=-1.552
[can] backend=detectnet_native no detections
[tag] no detections
[map] motion direction=left speed=0.15 effective_seconds=0.06144285202026367 pose={'x_m': -0.4404645492245671, 'y_m': 0.77509157177397, 'heading_rad': -1.662082082046137}
[map] navigate label=bin_docking distance_m=7.791 heading_error_rad=-1.543
[can] backend=detectnet_native no detections
[tag] no detections
[map] motion direction=left speed=0.15 effective_seconds=0.06081581115722656 pose={'x_m': -0.4404645492245671, 'y_m': 0.77509157177397, 'heading_rad': -1.6712675871208322}
[map] navigate label=bin_docking distance_m=7.791 heading_error_rad=-1.533
[can] backend=detectnet_native no detections
[tag] no detections
[map] motion direction=left speed=0.15 effective_seconds=0.06255936622619629 pose={'x_m': -0.4404645492245671, 'y_m': 0.77509157177397, 'heading_rad': -1.680716435454941}
[map] navigate label=bin_docking distance_m=7.791 heading_error_rad=-1.524
[can] backend=detectnet_native no detections
[tag] no detections
[map] motion direction=left speed=0.15 effective_seconds=0.062128305435180664 pose={'x_m': -0.4404645492245671, 'y_m': 0.77509157177397, 'heading_rad': -1.690100177182593}
[map] navigate label=bin_docking distance_m=7.791 heading_error_rad=-1.514
[can] backend=detectnet_native no detections
[tag] no detections
[map] motion direction=left speed=0.15 effective_seconds=0.06112790107727051 pose={'x_m': -0.4404645492245671, 'y_m': 0.77509157177397, 'heading_rad': -1.6993328197284454}
[map] navigate label=bin_docking distance_m=7.791 heading_error_rad=-1.505
[can] backend=detectnet_native no detections
[tag] no detections
[map] motion direction=left speed=0.15 effective_seconds=0.0635688304901123 pose={'x_m': -0.4404645492245671, 'y_m': 0.77509157177397, 'heading_rad': -1.7089341356354186}
[map] navigate label=bin_docking distance_m=7.791 heading_error_rad=-1.496
[can] backend=detectnet_native no detections
[tag] no detections
[map] motion direction=left speed=0.15 effective_seconds=0.0626833438873291 pose={'x_m': -0.4404645492245671, 'y_m': 0.77509157177397, 'heading_rad': -1.718401709320942}
[map] navigate label=bin_docking distance_m=7.791 heading_error_rad=-1.486
[can] backend=detectnet_native no detections
[tag] no detections
[map] motion direction=left speed=0.15 effective_seconds=0.06132793426513672 pose={'x_m': -0.4404645492245671, 'y_m': 0.77509157177397, 'heading_rad': -1.7276645645010962}
[map] navigate label=bin_docking distance_m=7.791 heading_error_rad=-1.477
[can] backend=detectnet_native no detections
[tag] no detections
[map] motion direction=left speed=0.15 effective_seconds=0.05997347831726074 pose={'x_m': -0.4404645492245671, 'y_m': 0.77509157177397, 'heading_rad': -1.7367228452170456}
[map] navigate label=bin_docking distance_m=7.791 heading_error_rad=-1.468
[can] backend=detectnet_native no detections
[tag] no detections
[map] motion direction=left speed=0.15 effective_seconds=0.06213259696960449 pose={'x_m': -0.4404645492245671, 'y_m': 0.77509157177397, 'heading_rad': -1.7461072351299387}
[map] navigate label=bin_docking distance_m=7.791 heading_error_rad=-1.458
[can] backend=detectnet_native no detections
[tag] no detections
[map] motion direction=left speed=0.15 effective_seconds=0.06209826469421387 pose={'x_m': -0.4404645492245671, 'y_m': 0.77509157177397, 'heading_rad': -1.7554864395609016}
[map] navigate label=bin_docking distance_m=7.791 heading_error_rad=-1.449
[can] backend=detectnet_native no detections
[tag] no detections
[map] motion direction=left speed=0.15 effective_seconds=0.061550140380859375 pose={'x_m': -0.4404645492245671, 'y_m': 0.77509157177397, 'heading_rad': -1.7647828563324373}
[map] navigate label=bin_docking distance_m=7.791 heading_error_rad=-1.440
[can] backend=detectnet_native no detections
[tag] no detections
[map] motion direction=left speed=0.15 effective_seconds=0.06384730339050293 pose={'x_m': -0.4404645492245671, 'y_m': 0.77509157177397, 'heading_rad': -1.774426232259511}
[map] navigate label=bin_docking distance_m=7.791 heading_error_rad=-1.430
[can] backend=detectnet_native no detections
[tag] no detections
[map] motion direction=left speed=0.15 effective_seconds=0.06224179267883301 pose={'x_m': -0.4404645492245671, 'y_m': 0.77509157177397, 'heading_rad': -1.7838271148857656}
[map] navigate label=bin_docking distance_m=7.791 heading_error_rad=-1.421
[can] backend=detectnet_native no detections
[tag] no detections
[map] motion direction=left speed=0.15 effective_seconds=0.06277251243591309 pose={'x_m': -0.4404645492245671, 'y_m': 0.77509157177397, 'heading_rad': -1.7933081564201911}
[map] navigate label=bin_docking distance_m=7.791 heading_error_rad=-1.411
[can] backend=detectnet_native no detections
[tag] no detections
[map] motion direction=left speed=0.15 effective_seconds=0.06139039993286133 pose={'x_m': -0.4404645492245671, 'y_m': 0.77509157177397, 'heading_rad': -1.8025804462966348}
[map] navigate label=bin_docking distance_m=7.791 heading_error_rad=-1.402
[can] backend=detectnet_native no detections
[tag] no detections
[map] motion direction=left speed=0.15 effective_seconds=0.06058454513549805 pose={'x_m': -0.4404645492245671, 'y_m': 0.77509157177397, 'heading_rad': -1.8117310213888835}
[map] navigate label=bin_docking distance_m=7.791 heading_error_rad=-1.393
[can] backend=detectnet_native no detections
[tag] no detections
[map] motion direction=left speed=0.15 effective_seconds=0.06332254409790039 pose={'x_m': -0.4404645492245671, 'y_m': 0.77509157177397, 'heading_rad': -1.821295138665066}
[map] navigate label=bin_docking distance_m=7.791 heading_error_rad=-1.383
[can] backend=detectnet_native no detections
[tag] no detections
[map] motion direction=left speed=0.15 effective_seconds=0.06672787666320801 pose={'x_m': -0.4404645492245671, 'y_m': 0.77509157177397, 'heading_rad': -1.8313735909302002}
[map] navigate label=bin_docking distance_m=7.791 heading_error_rad=-1.373
[can] backend=detectnet_native no detections
[tag] no detections
[map] motion direction=left speed=0.15 effective_seconds=0.06576251983642578 pose={'x_m': -0.4404645492245671, 'y_m': 0.77509157177397, 'heading_rad': -1.8413062375263387}
[map] navigate label=bin_docking distance_m=7.791 heading_error_rad=-1.363
[can] backend=detectnet_native no detections
[tag] no detections
[map] motion direction=left speed=0.15 effective_seconds=0.06468462944030762 pose={'x_m': -0.4404645492245671, 'y_m': 0.77509157177397, 'heading_rad': -1.8510760815960436}
[map] navigate label=bin_docking distance_m=7.791 heading_error_rad=-1.354
[can] backend=detectnet_native no detections
[tag] no detections
[map] motion direction=left speed=0.15 effective_seconds=0.062328338623046875 pose={'x_m': -0.4404645492245671, 'y_m': 0.77509157177397, 'heading_rad': -1.8604900359579972}
[map] navigate label=bin_docking distance_m=7.791 heading_error_rad=-1.344
[can] backend=detectnet_native no detections
[tag] no detections
[map] motion direction=left speed=0.15 effective_seconds=0.06042075157165527 pose={'x_m': -0.4404645492245671, 'y_m': 0.77509157177397, 'heading_rad': -1.8696158719802038}
[map] navigate label=bin_docking distance_m=7.791 heading_error_rad=-1.335
[can] backend=detectnet_native no detections
[tag] no detections
[map] motion direction=left speed=0.15 effective_seconds=0.06151437759399414 pose={'x_m': -0.4404645492245671, 'y_m': 0.77509157177397, 'heading_rad': -1.878906887208062}
[map] navigate label=bin_docking distance_m=7.791 heading_error_rad=-1.326
[can] backend=detectnet_native no detections
[tag] no detections
[map] motion direction=left speed=0.15 effective_seconds=0.06344771385192871 pose={'x_m': -0.4404645492245671, 'y_m': 0.77509157177397, 'heading_rad': -1.888489909887115}
[map] navigate label=bin_docking distance_m=7.791 heading_error_rad=-1.316
[can] backend=detectnet_native no detections
[tag] no detections
[map] motion direction=left speed=0.15 effective_seconds=0.060826778411865234 pose={'x_m': -0.4404645492245671, 'y_m': 0.77509157177397, 'heading_rad': -1.8976770714352047}
[map] navigate label=bin_docking distance_m=7.791 heading_error_rad=-1.307
[can] backend=detectnet_native no detections
[tag] no detections
[map] motion direction=left speed=0.15 effective_seconds=0.06438040733337402 pose={'x_m': -0.4404645492245671, 'y_m': 0.77509157177397, 'heading_rad': -1.9074009663733613}
[map] navigate label=bin_docking distance_m=7.791 heading_error_rad=-1.297
[can] backend=detectnet_native no detections
[tag] no detections
[map] motion direction=left speed=0.15 effective_seconds=0.06096315383911133 pose={'x_m': -0.4404645492245671, 'y_m': 0.77509157177397, 'heading_rad': -1.916608725808007}
[map] navigate label=bin_docking distance_m=7.791 heading_error_rad=-1.288
[can] backend=detectnet_native no detections
[tag] no detections
[map] motion direction=left speed=0.15 effective_seconds=0.06092071533203125 pose={'x_m': -0.4404645492245671, 'y_m': 0.77509157177397, 'heading_rad': -1.925810075410822}
[map] navigate label=bin_docking distance_m=7.791 heading_error_rad=-1.279
[can] backend=detectnet_native no detections
[tag] no detections
[map] motion direction=left speed=0.15 effective_seconds=0.06430745124816895 pose={'x_m': -0.4404645492245671, 'y_m': 0.77509157177397, 'heading_rad': -1.935522951199877}
[map] navigate label=bin_docking distance_m=7.791 heading_error_rad=-1.269
[can] backend=detectnet_native no detections
[tag] no detections
[map] motion direction=left speed=0.15 effective_seconds=0.06068301200866699 pose={'x_m': -0.4404645492245671, 'y_m': 0.77509157177397, 'heading_rad': -1.944688398542384}
[map] navigate label=bin_docking distance_m=7.791 heading_error_rad=-1.260
[can] backend=detectnet_native no detections
[tag] no detections
[map] motion direction=left speed=0.15 effective_seconds=0.06240344047546387 pose={'x_m': -0.4404645492245671, 'y_m': 0.77509157177397, 'heading_rad': -1.95411369614606}
[map] navigate label=bin_docking distance_m=7.791 heading_error_rad=-1.250
[can] backend=detectnet_native no detections
[tag] no detections
[map] motion direction=left speed=0.15 effective_seconds=0.061064958572387695 pose={'x_m': -0.4404645492245671, 'y_m': 0.77509157177397, 'heading_rad': -1.9633368319750402}
[map] navigate label=bin_docking distance_m=7.791 heading_error_rad=-1.241
[can] backend=detectnet_native no detections
[tag] no detections
[map] motion direction=left speed=0.15 effective_seconds=0.06096172332763672 pose={'x_m': -0.4404645492245671, 'y_m': 0.77509157177397, 'heading_rad': -1.9725443753479388}
[map] navigate label=bin_docking distance_m=7.791 heading_error_rad=-1.232
[can] backend=detectnet_native no detections
[tag] no detections
[map] motion direction=left speed=0.15 effective_seconds=0.06329751014709473 pose={'x_m': -0.4404645492245671, 'y_m': 0.77509157177397, 'heading_rad': -1.982104711543547}
[map] navigate label=bin_docking distance_m=7.791 heading_error_rad=-1.222
[can] backend=detectnet_native no detections
[tag] no detections
[map] motion direction=left speed=0.15 effective_seconds=0.0618898868560791 pose={'x_m': -0.4404645492245671, 'y_m': 0.77509157177397, 'heading_rad': -1.991452442980017}
[map] navigate label=bin_docking distance_m=7.791 heading_error_rad=-1.213
[can] backend=detectnet_native no detections
[tag] no detections
[map] motion direction=left speed=0.15 effective_seconds=0.06202983856201172 pose={'x_m': -0.4404645492245671, 'y_m': 0.77509157177397, 'heading_rad': -2.000821312457411}
[map] navigate label=bin_docking distance_m=7.791 heading_error_rad=-1.204
[can] backend=detectnet_native no detections
[tag] no detections
[map] motion direction=left speed=0.15 effective_seconds=0.061979055404663086 pose={'x_m': -0.4404645492245671, 'y_m': 0.77509157177397, 'heading_rad': -2.0101825117427827}
[map] navigate label=bin_docking distance_m=7.791 heading_error_rad=-1.194
[can] backend=detectnet_native no detections
[tag] no detections
[map] motion direction=left speed=0.15 effective_seconds=0.061826467514038086 pose={'x_m': -0.4404645492245671, 'y_m': 0.77509157177397, 'heading_rad': -2.0195206644417985}
[map] navigate label=bin_docking distance_m=7.791 heading_error_rad=-1.185
[can] backend=detectnet_native no detections
[tag] no detections
[map] motion direction=left speed=0.15 effective_seconds=0.058632612228393555 pose={'x_m': -0.4404645492245671, 'y_m': 0.77509157177397, 'heading_rad': -2.0283764232801405}
[map] navigate label=bin_docking distance_m=7.791 heading_error_rad=-1.176
[can] backend=detectnet_native no detections
[tag] no detections
[map] motion direction=left speed=0.15 effective_seconds=0.06092977523803711 pose={'x_m': -0.4404645492245671, 'y_m': 0.77509157177397, 'heading_rad': -2.0375791412740205}
[map] navigate label=bin_docking distance_m=7.791 heading_error_rad=-1.167
[can] backend=detectnet_native no detections
[tag] no detections
[map] motion direction=left speed=0.15 effective_seconds=0.06380438804626465 pose={'x_m': -0.4404645492245671, 'y_m': 0.77509157177397, 'heading_rad': -2.0472160353486815}
[map] navigate label=bin_docking distance_m=7.791 heading_error_rad=-1.157
[can] backend=detectnet_native no detections
[tag] no detections
[map] motion direction=left speed=0.15 effective_seconds=0.06133222579956055 pose={'x_m': -0.4404645492245671, 'y_m': 0.77509157177397, 'heading_rad': -2.056479538714077}
[map] navigate label=bin_docking distance_m=7.791 heading_error_rad=-1.148
[can] backend=detectnet_native no detections
[tag] no detections
[map] motion direction=left speed=0.15 effective_seconds=0.06036520004272461 pose={'x_m': -0.4404645492245671, 'y_m': 0.77509157177397, 'heading_rad': -2.065596984338438}
[map] navigate label=bin_docking distance_m=7.791 heading_error_rad=-1.139
[can] backend=detectnet_native no detections
[tag] no detections
[map] motion direction=left speed=0.15 effective_seconds=0.06144571304321289 pose={'x_m': -0.4404645492245671, 'y_m': 0.77509157177397, 'heading_rad': -2.074877628602436}
[map] navigate label=bin_docking distance_m=7.791 heading_error_rad=-1.130
[can] backend=detectnet_native no detections
[tag] no detections
[map] motion direction=left speed=0.15 effective_seconds=0.06029343605041504 pose={'x_m': -0.4404645492245671, 'y_m': 0.77509157177397, 'heading_rad': -2.0839842351291518}
[map] navigate label=bin_docking distance_m=7.791 heading_error_rad=-1.121
[can] backend=detectnet_native no detections
[tag] no detections
[map] motion direction=left speed=0.15 effective_seconds=0.06034445762634277 pose={'x_m': -0.4404645492245671, 'y_m': 0.77509157177397, 'heading_rad': -2.09309854785818}
[map] navigate label=bin_docking distance_m=7.791 heading_error_rad=-1.111
[can] backend=detectnet_native no detections
[tag] no detections
[map] motion direction=left speed=0.15 effective_seconds=0.06592130661010742 pose={'x_m': -0.4404645492245671, 'y_m': 0.77509157177397, 'heading_rad': -2.1030551773082458}
[map] navigate label=bin_docking distance_m=7.791 heading_error_rad=-1.102
[can] backend=detectnet_native no detections
[tag] no detections
[map] motion direction=left speed=0.15 effective_seconds=0.061972618103027344 pose={'x_m': -0.4404645492245671, 'y_m': 0.77509157177397, 'heading_rad': -2.112415404315756}
[map] navigate label=bin_docking distance_m=7.791 heading_error_rad=-1.092
[can] backend=detectnet_native no detections
[tag] no detections
[map] motion direction=left speed=0.15 effective_seconds=0.06271195411682129 pose={'x_m': -0.4404645492245671, 'y_m': 0.77509157177397, 'heading_rad': -2.121887299236221}
[map] navigate label=bin_docking distance_m=7.791 heading_error_rad=-1.083
[can] backend=detectnet_native no detections
[tag] no detections
[map] motion direction=left speed=0.15 effective_seconds=0.06279754638671875 pose={'x_m': -0.4404645492245671, 'y_m': 0.77509157177397, 'heading_rad': -2.131372121851221}
[map] navigate label=bin_docking distance_m=7.791 heading_error_rad=-1.073
[can] backend=detectnet_native no detections
[tag] no detections
[map] motion direction=left speed=0.15 effective_seconds=0.06339383125305176 pose={'x_m': -0.4404645492245671, 'y_m': 0.77509157177397, 'heading_rad': -2.140947006204467}
[map] navigate label=bin_docking distance_m=7.791 heading_error_rad=-1.064
[can] backend=detectnet_native no detections
[tag] no detections
[map] motion direction=left speed=0.15 effective_seconds=0.060468435287475586 pose={'x_m': -0.4404645492245671, 'y_m': 0.77509157177397, 'heading_rad': -2.15008004428491}
[map] navigate label=bin_docking distance_m=7.791 heading_error_rad=-1.055
[can] backend=detectnet_native no detections
[tag] no detections
[map] motion direction=left speed=0.15 effective_seconds=0.06131124496459961 pose={'x_m': -0.4404645492245671, 'y_m': 0.77509157177397, 'heading_rad': -2.159340378744681}
[map] navigate label=bin_docking distance_m=7.791 heading_error_rad=-1.045
[can] backend=detectnet_native no detections
[tag] no detections
[map] motion direction=left speed=0.15 effective_seconds=0.06031394004821777 pose={'x_m': -0.4404645492245671, 'y_m': 0.77509157177397, 'heading_rad': -2.1684500821564385}
[map] navigate label=bin_docking distance_m=7.791 heading_error_rad=-1.036
[can] backend=detectnet_native no detections
[tag] no detections
[map] motion direction=left speed=0.15 effective_seconds=0.06267905235290527 pose={'x_m': -0.4404645492245671, 'y_m': 0.77509157177397, 'heading_rad': -2.177917007656721}
[map] navigate label=bin_docking distance_m=7.791 heading_error_rad=-1.027
[can] backend=detectnet_native no detections
[tag] no detections
[map] motion direction=left speed=0.15 effective_seconds=0.06209206581115723 pose={'x_m': -0.4404645492245671, 'y_m': 0.77509157177397, 'heading_rad': -2.187295275820113}
[map] navigate label=bin_docking distance_m=7.791 heading_error_rad=-1.017
[can] backend=detectnet_native no detections
[tag] no detections
[map] motion direction=left speed=0.15 effective_seconds=0.06025886535644531 pose={'x_m': -0.4404645492245671, 'y_m': 0.77509157177397, 'heading_rad': -2.1963966608546075}
[map] navigate label=bin_docking distance_m=7.791 heading_error_rad=-1.008
[can] backend=detectnet_native no detections
[tag] no detections
[map] motion direction=left speed=0.15 effective_seconds=0.0618748664855957 pose={'x_m': -0.4404645492245671, 'y_m': 0.77509157177397, 'heading_rad': -2.205742123642733}
[map] navigate label=bin_docking distance_m=7.791 heading_error_rad=-0.999
[can] backend=detectnet_native no detections
[tag] no detections
[map] motion direction=left speed=0.15 effective_seconds=0.060500383377075195 pose={'x_m': -0.4404645492245671, 'y_m': 0.77509157177397, 'heading_rad': -2.2148799871021945}
[map] navigate label=bin_docking distance_m=7.791 heading_error_rad=-0.990
[can] backend=detectnet_native no detections
[tag] no detections
[map] motion direction=left speed=0.15 effective_seconds=0.0622866153717041 pose={'x_m': -0.4404645492245671, 'y_m': 0.77509157177397, 'heading_rad': -2.224287639663191}
[map] navigate label=bin_docking distance_m=7.791 heading_error_rad=-0.980
[can] backend=detectnet_native no detections
[tag] no detections
[map] motion direction=left speed=0.15 effective_seconds=0.0635228157043457 pose={'x_m': -0.4404645492245671, 'y_m': 0.77509157177397, 'heading_rad': -2.2338820055839665}
[map] navigate label=bin_docking distance_m=7.791 heading_error_rad=-0.971
[can] backend=detectnet_native no detections
[tag] no detections
[map] motion direction=left speed=0.15 effective_seconds=0.062148094177246094 pose={'x_m': -0.4404645492245671, 'y_m': 0.77509157177397, 'heading_rad': -2.2432687361657866}
[map] navigate label=bin_docking distance_m=7.791 heading_error_rad=-0.961
[can] backend=detectnet_native no detections
[tag] no detections
[map] motion direction=left speed=0.15 effective_seconds=0.06172323226928711 pose={'x_m': -0.4404645492245671, 'y_m': 0.77509157177397, 'heading_rad': -2.2525912964087205}
[map] navigate label=bin_docking distance_m=7.791 heading_error_rad=-0.952
[can] backend=detectnet_native no detections
[tag] no detections
[map] motion direction=left speed=0.15 effective_seconds=0.0606234073638916 pose={'x_m': -0.4404645492245671, 'y_m': 0.77509157177397, 'heading_rad': -2.2617477411784317}
[map] navigate label=bin_docking distance_m=7.791 heading_error_rad=-0.943
[can] backend=detectnet_native no detections
[tag] no detections
[map] motion direction=left speed=0.15 effective_seconds=0.060140132904052734 pose={'x_m': -0.4404645492245671, 'y_m': 0.77509157177397, 'heading_rad': -2.270831193087917}
[map] navigate label=bin_docking distance_m=7.791 heading_error_rad=-0.934
[can] backend=detectnet_native no detections
[tag] no detections
[map] motion direction=left speed=0.15 effective_seconds=0.0603177547454834 pose={'x_m': -0.4404645492245671, 'y_m': 0.77509157177397, 'heading_rad': -2.279941472664333}
[map] navigate label=bin_docking distance_m=7.791 heading_error_rad=-0.925
[can] backend=detectnet_native no detections
[tag] no detections
[map] motion direction=left speed=0.15 effective_seconds=0.06282877922058105 pose={'x_m': -0.4404645492245671, 'y_m': 0.77509157177397, 'heading_rad': -2.2894310126274773}
[map] navigate label=bin_docking distance_m=7.791 heading_error_rad=-0.915
[can] backend=detectnet_native no detections
[tag] no detections
[map] motion direction=left speed=0.15 effective_seconds=0.0614016056060791 pose={'x_m': -0.4404645492245671, 'y_m': 0.77509157177397, 'heading_rad': -2.2987049949876064}
[map] navigate label=bin_docking distance_m=7.791 heading_error_rad=-0.906
[can] backend=detectnet_native no detections
[tag] no detections
[map] motion direction=left speed=0.15 effective_seconds=0.07043242454528809 pose={'x_m': -0.4404645492245671, 'y_m': 0.77509157177397, 'heading_rad': -2.309342975157126}
[map] navigate label=bin_docking distance_m=7.791 heading_error_rad=-0.895
[can] backend=detectnet_native no detections
[tag] no detections
[map] motion direction=left speed=0.15 effective_seconds=0.06325697898864746 pose={'x_m': -0.4404645492245671, 'y_m': 0.77509157177397, 'heading_rad': -2.3188971896032333}
[map] navigate label=bin_docking distance_m=7.791 heading_error_rad=-0.886
[can] backend=detectnet_native no detections
[tag] no detections
[map] motion direction=left speed=0.15 effective_seconds=0.06164669990539551 pose={'x_m': -0.4404645492245671, 'y_m': 0.77509157177397, 'heading_rad': -2.3282081905426977}
[map] navigate label=bin_docking distance_m=7.791 heading_error_rad=-0.876
[can] backend=detectnet_native no detections
[tag] no detections
[map] motion direction=left speed=0.15 effective_seconds=0.06357336044311523 pose={'x_m': -0.4404645492245671, 'y_m': 0.77509157177397, 'heading_rad': -2.3378101906452033}
[map] navigate label=bin_docking distance_m=7.791 heading_error_rad=-0.867
[can] backend=detectnet_native no detections
[tag] no detections
[map] motion direction=left speed=0.15 effective_seconds=0.06137800216674805 pose={'x_m': -0.4404645492245671, 'y_m': 0.77509157177397, 'heading_rad': -2.3470806079865056}
[map] navigate label=bin_docking distance_m=7.791 heading_error_rad=-0.858
[can] backend=detectnet_native no detections
[tag] no detections
[map] motion direction=left speed=0.15 effective_seconds=0.06226301193237305 pose={'x_m': -0.4404645492245671, 'y_m': 0.77509157177397, 'heading_rad': -2.356484695528675}
[map] navigate label=bin_docking distance_m=7.791 heading_error_rad=-0.848
[can] backend=detectnet_native no detections
[tag] no detections
[map] motion direction=left speed=0.15 effective_seconds=0.05981707572937012 pose={'x_m': -0.4404645492245671, 'y_m': 0.77509157177397, 'heading_rad': -2.365519353493609}
[map] navigate label=bin_docking distance_m=7.791 heading_error_rad=-0.839
[can] backend=detectnet_native no detections
[tag] no detections
[map] motion direction=left speed=0.15 effective_seconds=0.06403446197509766 pose={'x_m': -0.4404645492245671, 'y_m': 0.77509157177397, 'heading_rad': -2.375190997499261}
[map] navigate label=bin_docking distance_m=7.791 heading_error_rad=-0.829
[can] backend=detectnet_native no detections
[tag] no detections
[map] motion direction=left speed=0.15 effective_seconds=0.06051802635192871 pose={'x_m': -0.4404645492245671, 'y_m': 0.77509157177397, 'heading_rad': -2.38433152572027}
[map] navigate label=bin_docking distance_m=7.791 heading_error_rad=-0.820
[can] backend=detectnet_native no detections
[tag] no detections
[map] motion direction=left speed=0.15 effective_seconds=0.06266188621520996 pose={'x_m': -0.4404645492245671, 'y_m': 0.77509157177397, 'heading_rad': -2.393795858479587}
[map] navigate label=bin_docking distance_m=7.791 heading_error_rad=-0.811
[can] backend=detectnet_native no detections
[tag] no detections
[map] motion direction=left speed=0.15 effective_seconds=0.06165933609008789 pose={'x_m': -0.4404645492245671, 'y_m': 0.77509157177397, 'heading_rad': -2.403108767964484}
[map] navigate label=bin_docking distance_m=7.791 heading_error_rad=-0.801
[can] backend=detectnet_native no detections
[tag] no detections
[map] motion direction=left speed=0.15 effective_seconds=0.061071157455444336 pose={'x_m': -0.4404645492245671, 'y_m': 0.77509157177397, 'heading_rad': -2.412332840061035}
[map] navigate label=bin_docking distance_m=7.791 heading_error_rad=-0.792
[can] backend=detectnet_native no detections
[tag] no detections
[map] motion direction=left speed=0.15 effective_seconds=0.06183433532714844 pose={'x_m': -0.4404645492245671, 'y_m': 0.77509157177397, 'heading_rad': -2.4216721810996598}
[map] navigate label=bin_docking distance_m=7.791 heading_error_rad=-0.783
[can] backend=detectnet_native no detections
[tag] no detections
[map] motion direction=left speed=0.15 effective_seconds=0.060446739196777344 pose={'x_m': -0.4404645492245671, 'y_m': 0.77509157177397, 'heading_rad': -2.430801942243605}
[map] navigate label=bin_docking distance_m=7.791 heading_error_rad=-0.774
[can] backend=detectnet_native no detections
[tag] no detections
[map] motion direction=left speed=0.15 effective_seconds=0.06245231628417969 pose={'x_m': -0.4404645492245671, 'y_m': 0.77509157177397, 'heading_rad': -2.4402346219569733}
[map] navigate label=bin_docking distance_m=7.791 heading_error_rad=-0.764
[can] backend=detectnet_native no detections
[tag] no detections
[map] motion direction=left speed=0.15 effective_seconds=0.06381964683532715 pose={'x_m': -0.4404645492245671, 'y_m': 0.77509157177397, 'heading_rad': -2.44987382069027}
[map] navigate label=bin_docking distance_m=7.791 heading_error_rad=-0.755
[can] backend=detectnet_native no detections
[tag] no detections
[map] motion direction=left speed=0.15 effective_seconds=0.06436467170715332 pose={'x_m': -0.4404645492245671, 'y_m': 0.77509157177397, 'heading_rad': -2.459595338949209}
[map] navigate label=bin_docking distance_m=7.791 heading_error_rad=-0.745
[can] backend=detectnet_native no detections
[tag] no detections
[map] motion direction=left speed=0.15 effective_seconds=0.06623029708862305 pose={'x_m': -0.4404645492245671, 'y_m': 0.77509157177397, 'heading_rad': -2.4695986377366466}
[map] navigate label=bin_docking distance_m=7.791 heading_error_rad=-0.735
[can] backend=detectnet_native no detections
[tag] no detections
[map] motion direction=left speed=0.15 effective_seconds=0.06428933143615723 pose={'x_m': -0.4404645492245671, 'y_m': 0.77509157177397, 'heading_rad': -2.4793087767435718}
[map] navigate label=bin_docking distance_m=7.791 heading_error_rad=-0.725
[can] backend=detectnet_native no detections
[tag] no detections
[map] motion direction=left speed=0.15 effective_seconds=0.06338286399841309 pose={'x_m': -0.4404645492245671, 'y_m': 0.77509157177397, 'heading_rad': -2.4888820046234232}
[map] navigate label=bin_docking distance_m=7.791 heading_error_rad=-0.716
[can] backend=detectnet_native no detections
[tag] no detections
[map] motion direction=left speed=0.15 effective_seconds=0.061048030853271484 pose={'x_m': -0.4404645492245671, 'y_m': 0.77509157177397, 'heading_rad': -2.4981025837217294}
[map] navigate label=bin_docking distance_m=7.791 heading_error_rad=-0.706
[can] backend=detectnet_native no detections
[tag] no detections
[map] motion direction=left speed=0.15 effective_seconds=0.0612339973449707 pose={'x_m': -0.4404645492245671, 'y_m': 0.77509157177397, 'heading_rad': -2.5073512508471576}
[map] navigate label=bin_docking distance_m=7.791 heading_error_rad=-0.697
[can] backend=detectnet_native no detections
[tag] no detections
[map] motion direction=left speed=0.15 effective_seconds=0.06221485137939453 pose={'x_m': -0.4404645492245671, 'y_m': 0.77509157177397, 'heading_rad': -2.5167480643105087}
[map] navigate label=bin_docking distance_m=7.791 heading_error_rad=-0.688
[can] backend=detectnet_native no detections
[tag] no detections
[map] motion direction=left speed=0.15 effective_seconds=0.06006598472595215 pose={'x_m': -0.4404645492245671, 'y_m': 0.77509157177397, 'heading_rad': -2.5258203170194364}
[map] navigate label=bin_docking distance_m=7.791 heading_error_rad=-0.679
[can] backend=detectnet_native no detections
[tag] no detections
[map] motion direction=left speed=0.15 effective_seconds=0.06360983848571777 pose={'x_m': -0.4404645492245671, 'y_m': 0.77509157177397, 'heading_rad': -2.535427826696493}
[map] navigate label=bin_docking distance_m=7.791 heading_error_rad=-0.669
[can] backend=detectnet_native no detections
[tag] no detections
[map] motion direction=left speed=0.15 effective_seconds=0.0639345645904541 pose={'x_m': -0.4404645492245671, 'y_m': 0.77509157177397, 'heading_rad': -2.5450843823901392}
[map] navigate label=bin_docking distance_m=7.791 heading_error_rad=-0.660
[can] backend=detectnet_native no detections
[tag] no detections
[map] motion direction=left speed=0.15 effective_seconds=0.06230807304382324 pose={'x_m': -0.4404645492245671, 'y_m': 0.77509157177397, 'heading_rad': -2.5544952758773425}
[map] navigate label=bin_docking distance_m=7.791 heading_error_rad=-0.650
[can] backend=detectnet_native no detections
[tag] no detections
[map] motion direction=left speed=0.15 effective_seconds=0.060617923736572266 pose={'x_m': -0.4404645492245671, 'y_m': 0.77509157177397, 'heading_rad': -2.5636508924103567}
[map] navigate label=bin_docking distance_m=7.791 heading_error_rad=-0.641
[can] backend=detectnet_native no detections
[tag] no detections
[map] motion direction=left speed=0.15 effective_seconds=0.06178593635559082 pose={'x_m': -0.4404645492245671, 'y_m': 0.77509157177397, 'heading_rad': -2.5729829233598713}
[map] navigate label=bin_docking distance_m=7.791 heading_error_rad=-0.632
[can] backend=detectnet_native no detections
[tag] no detections
[map] motion direction=left speed=0.15 effective_seconds=0.06092548370361328 pose={'x_m': -0.4404645492245671, 'y_m': 0.77509157177397, 'heading_rad': -2.5821849931685104}
[map] navigate label=bin_docking distance_m=7.791 heading_error_rad=-0.622
[can] backend=detectnet_native no detections
[tag] no detections
[map] motion direction=left speed=0.15 effective_seconds=0.060578107833862305 pose={'x_m': -0.4404645492245671, 'y_m': 0.77509157177397, 'heading_rad': -2.591334595982897}
[map] navigate label=bin_docking distance_m=7.791 heading_error_rad=-0.613
[can] backend=detectnet_native no detections
[tag] no detections
[map] motion direction=left speed=0.15 effective_seconds=0.0625760555267334 pose={'x_m': -0.4404645492245671, 'y_m': 0.77509157177397, 'heading_rad': -2.600785965037389}
[map] navigate label=bin_docking distance_m=7.791 heading_error_rad=-0.604
[can] backend=detectnet_native no detections
[tag] no detections
[map] motion direction=left speed=0.15 effective_seconds=0.0621647834777832 pose={'x_m': -0.4404645492245671, 'y_m': 0.77509157177397, 'heading_rad': -2.6101752163395915}
[map] navigate label=bin_docking distance_m=7.791 heading_error_rad=-0.594
[can] backend=detectnet_native no detections
[tag] no detections
[map] motion direction=left speed=0.15 effective_seconds=0.06343436241149902 pose={'x_m': -0.4404645492245671, 'y_m': 0.77509157177397, 'heading_rad': -2.619756222442338}
[map] navigate label=bin_docking distance_m=7.791 heading_error_rad=-0.585
[can] backend=detectnet_native no detections
[tag] no detections
[map] motion direction=left speed=0.15 effective_seconds=0.061005353927612305 pose={'x_m': -0.4404645492245671, 'y_m': 0.77509157177397, 'heading_rad': -2.628970355698523}
[map] navigate label=bin_docking distance_m=7.791 heading_error_rad=-0.576
[can] backend=detectnet_native no detections
[tag] no detections
[map] motion direction=left speed=0.15 effective_seconds=0.05991768836975098 pose={'x_m': -0.4404645492245671, 'y_m': 0.77509157177397, 'heading_rad': -2.6380202100063355}
[map] navigate label=bin_docking distance_m=7.791 heading_error_rad=-0.567
[can] backend=detectnet_native no detections
[tag] no detections
[map] motion direction=left speed=0.15 effective_seconds=0.060709238052368164 pose={'x_m': -0.4404645492245671, 'y_m': 0.77509157177397, 'heading_rad': -2.6471896184808723}
[map] navigate label=bin_docking distance_m=7.791 heading_error_rad=-0.557
[can] backend=detectnet_native no detections
[tag] no detections
[map] motion direction=left speed=0.15 effective_seconds=0.06135821342468262 pose={'x_m': -0.4404645492245671, 'y_m': 0.77509157177397, 'heading_rad': -2.6564570469680064}
[map] navigate label=bin_docking distance_m=7.791 heading_error_rad=-0.548
[can] backend=detectnet_native no detections
[tag] no detections
[map] motion direction=left speed=0.15 effective_seconds=0.0614008903503418 pose={'x_m': -0.4404645492245671, 'y_m': 0.77509157177397, 'heading_rad': -2.665730921297262}
[map] navigate label=bin_docking distance_m=7.791 heading_error_rad=-0.539
[can] backend=detectnet_native no detections
[tag] no detections
[map] motion direction=left speed=0.15 effective_seconds=0.06037402153015137 pose={'x_m': -0.4404645492245671, 'y_m': 0.77509157177397, 'heading_rad': -2.674849699302397}
[map] navigate label=bin_docking distance_m=7.791 heading_error_rad=-0.530
[can] backend=detectnet_native no detections
[tag] no detections
[map] motion direction=left speed=0.15 effective_seconds=0.06086254119873047 pose={'x_m': -0.4404645492245671, 'y_m': 0.77509157177397, 'heading_rad': -2.6840422623941635}
[map] navigate label=bin_docking distance_m=7.791 heading_error_rad=-0.521
[can] backend=detectnet_native no detections
[tag] no detections
[map] motion direction=left speed=0.15 effective_seconds=0.059404850006103516 pose={'x_m': -0.4404645492245671, 'y_m': 0.77509157177397, 'heading_rad': -2.693014658565644}
[map] navigate label=bin_docking distance_m=7.791 heading_error_rad=-0.512
[can] backend=detectnet_native no detections
[tag] no detections
[map] motion direction=left speed=0.15 effective_seconds=0.06238675117492676 pose={'x_m': -0.4404645492245671, 'y_m': 0.77509157177397, 'heading_rad': -2.702437435448937}
[map] navigate label=bin_docking distance_m=7.791 heading_error_rad=-0.502
[can] backend=detectnet_native no detections
[tag] no detections
[map] motion direction=left speed=0.15 effective_seconds=0.06122231483459473 pose={'x_m': -0.4404645492245671, 'y_m': 0.77509157177397, 'heading_rad': -2.7116843380700977}
[map] navigate label=bin_docking distance_m=7.791 heading_error_rad=-0.493
[can] backend=detectnet_native no detections
[tag] no detections
[map] motion direction=left speed=0.15 effective_seconds=0.05977272987365723 pose={'x_m': -0.4404645492245671, 'y_m': 0.77509157177397, 'heading_rad': -2.720712298120872}
[map] navigate label=bin_docking distance_m=7.791 heading_error_rad=-0.484
[can] backend=detectnet_native no detections
[tag] no detections
[map] motion direction=left speed=0.15 effective_seconds=0.06251192092895508 pose={'x_m': -0.4404645492245671, 'y_m': 0.77509157177397, 'heading_rad': -2.7301539804070356}
[map] navigate label=bin_docking distance_m=7.791 heading_error_rad=-0.474
[can] backend=detectnet_native no detections
[tag] no detections
[map] motion direction=left speed=0.15 effective_seconds=0.06095170974731445 pose={'x_m': -0.4404645492245671, 'y_m': 0.77509157177397, 'heading_rad': -2.7393600113477046}
[map] navigate label=bin_docking distance_m=7.791 heading_error_rad=-0.465
[can] backend=detectnet_native no detections
[tag] no detections
[map] motion direction=left speed=0.15 effective_seconds=0.06138157844543457 pose={'x_m': -0.4404645492245671, 'y_m': 0.77509157177397, 'heading_rad': -2.7486309688433748}
[map] navigate label=bin_docking distance_m=7.791 heading_error_rad=-0.456
[can] backend=detectnet_native no detections
[tag] no detections
[map] motion direction=left speed=0.15 effective_seconds=0.06004834175109863 pose={'x_m': -0.4404645492245671, 'y_m': 0.77509157177397, 'heading_rad': -2.757700556790755}
[map] navigate label=bin_docking distance_m=7.791 heading_error_rad=-0.447
[can] backend=detectnet_native no detections
[tag] no detections
[map] motion direction=left speed=0.15 effective_seconds=0.05944180488586426 pose={'x_m': -0.4404645492245671, 'y_m': 0.77509157177397, 'heading_rad': -2.766678534557369}
[map] navigate label=bin_docking distance_m=7.791 heading_error_rad=-0.438
[can] backend=detectnet_native no detections
[tag] no detections
[map] motion direction=left speed=0.15 effective_seconds=0.06041908264160156 pose={'x_m': -0.4404645492245671, 'y_m': 0.77509157177397, 'heading_rad': -2.775804118507537}
[map] navigate label=bin_docking distance_m=7.791 heading_error_rad=-0.429
[can] backend=detectnet_native no detections
[tag] no detections
[map] motion direction=left speed=0.15 effective_seconds=0.06481075286865234 pose={'x_m': -0.4404645492245671, 'y_m': 0.77509157177397, 'heading_rad': -2.7855930120212773}
[map] navigate label=bin_docking distance_m=7.791 heading_error_rad=-0.419
[can] backend=detectnet_native no detections
[tag] no detections
[map] motion direction=left speed=0.15 effective_seconds=0.06287765502929688 pose={'x_m': -0.4404645492245671, 'y_m': 0.77509157177397, 'heading_rad': -2.795089934094114}
[map] navigate label=bin_docking distance_m=7.791 heading_error_rad=-0.410
[can] backend=detectnet_native no detections
[tag] no detections
[map] motion direction=left speed=0.15 effective_seconds=0.05994415283203125 pose={'x_m': -0.4404645492245671, 'y_m': 0.77509157177397, 'heading_rad': -2.8041437855442477}
[map] navigate label=bin_docking distance_m=7.791 heading_error_rad=-0.400
[can] backend=detectnet_native no detections
[tag] no detections
[map] motion direction=left speed=0.15 effective_seconds=0.06238603591918945 pose={'x_m': -0.4404645492245671, 'y_m': 0.77509157177397, 'heading_rad': -2.813566454396667}
[map] navigate label=bin_docking distance_m=7.791 heading_error_rad=-0.391
[can] backend=detectnet_native no detections
[tag] no detections
[map] motion direction=left speed=0.15 effective_seconds=0.061214447021484375 pose={'x_m': -0.4404645492245671, 'y_m': 0.77509157177397, 'heading_rad': -2.822812168678219}
[map] navigate label=bin_docking distance_m=7.791 heading_error_rad=-0.382
[can] backend=detectnet_native no detections
[tag] no detections
[map] motion direction=left speed=0.15 effective_seconds=0.06083488464355469 pose={'x_m': -0.4404645492245671, 'y_m': 0.77509157177397, 'heading_rad': -2.8320005545762084}
[map] navigate label=bin_docking distance_m=7.791 heading_error_rad=-0.373
[can] backend=detectnet_native no detections
[tag] no detections
[map] motion direction=left speed=0.15 effective_seconds=0.06056714057922363 pose={'x_m': -0.4404645492245671, 'y_m': 0.77509157177397, 'heading_rad': -2.8411485009172006}
[map] navigate label=bin_docking distance_m=7.791 heading_error_rad=-0.363
[can] backend=detectnet_native no detections
[tag] no detections
[map] motion direction=left speed=0.15 effective_seconds=0.060074567794799805 pose={'x_m': -0.4404645492245671, 'y_m': 0.77509157177397, 'heading_rad': -2.850222049996611}
[map] navigate label=bin_docking distance_m=7.791 heading_error_rad=-0.354
[can] backend=detectnet_native no detections
[tag] no detections
[map] motion direction=left speed=0.15 effective_seconds=0.058472633361816406 pose={'x_m': -0.4404645492245671, 'y_m': 0.77509157177397, 'heading_rad': -2.8590536459295697}
[map] navigate label=bin_docking distance_m=7.791 heading_error_rad=-0.346
[can] backend=detectnet_native no detections
[tag] no detections
[map] motion direction=left speed=0.15 effective_seconds=0.059173583984375 pose={'x_m': -0.4404645492245671, 'y_m': 0.77509157177397, 'heading_rad': -2.8679911121186037}
[map] navigate label=bin_docking distance_m=7.791 heading_error_rad=-0.337
[can] backend=detectnet_native no detections
[tag] no detections
[map] motion direction=left speed=0.15 effective_seconds=0.06250500679016113 pose={'x_m': -0.4404645492245671, 'y_m': 0.77509157177397, 'heading_rad': -2.877431750106323}
[map] navigate label=bin_docking distance_m=7.791 heading_error_rad=-0.327
[can] backend=detectnet_native no detections
[tag] no detections
[map] motion direction=left speed=0.15 effective_seconds=0.060871124267578125 pose={'x_m': -0.4404645492245671, 'y_m': 0.77509157177397, 'heading_rad': -2.8866256095685725}
[map] navigate label=bin_docking distance_m=7.791 heading_error_rad=-0.318
[can] backend=detectnet_native no detections
[tag] no detections
[map] motion direction=left speed=0.15 effective_seconds=0.05971693992614746 pose={'x_m': -0.4404645492245671, 'y_m': 0.77509157177397, 'heading_rad': -2.89564514321121}
[map] navigate label=bin_docking distance_m=7.791 heading_error_rad=-0.309
[can] backend=detectnet_native no detections
[tag] no detections
[map] motion direction=left speed=0.15 effective_seconds=0.05823183059692383 pose={'x_m': -0.4404645492245671, 'y_m': 0.77509157177397, 'heading_rad': -2.904440368750075}
[map] navigate label=bin_docking distance_m=7.791 heading_error_rad=-0.300
[can] backend=detectnet_native no detections
[tag] no detections
[map] motion direction=left speed=0.15 effective_seconds=0.06187009811401367 pose={'x_m': -0.4404645492245671, 'y_m': 0.77509157177397, 'heading_rad': -2.913785111332377}
[map] navigate label=bin_docking distance_m=7.791 heading_error_rad=-0.291
[can] backend=detectnet_native no detections
[tag] no detections
[map] motion direction=left speed=0.15 effective_seconds=0.06217241287231445 pose={'x_m': -0.4404645492245671, 'y_m': 0.77509157177397, 'heading_rad': -2.9231755149638974}
[map] navigate label=bin_docking distance_m=7.791 heading_error_rad=-0.281
[can] backend=detectnet_native no detections
[tag] no detections
[map] motion direction=left speed=0.15 effective_seconds=0.06341862678527832 pose={'x_m': -0.4404645492245671, 'y_m': 0.77509157177397, 'heading_rad': -2.932754144387426}
[map] navigate label=bin_docking distance_m=7.791 heading_error_rad=-0.272
[can] backend=detectnet_native no detections
[tag] no detections
[map] motion direction=left speed=0.15 effective_seconds=0.06107139587402344 pose={'x_m': -0.4404645492245671, 'y_m': 0.77509157177397, 'heading_rad': -2.9419782524942684}
[map] navigate label=bin_docking distance_m=7.791 heading_error_rad=-0.263
[can] backend=detectnet_native no detections
[tag] no detections
[map] motion direction=left speed=0.15 effective_seconds=0.06113481521606445 pose={'x_m': -0.4404645492245671, 'y_m': 0.77509157177397, 'heading_rad': -2.951211939338565}
[map] navigate label=bin_docking distance_m=7.791 heading_error_rad=-0.253
[can] backend=detectnet_native no detections
[tag] no detections
[map] motion direction=left speed=0.15 effective_seconds=0.060004472732543945 pose={'x_m': -0.4404645492245671, 'y_m': 0.77509157177397, 'heading_rad': -2.960274901392368}
[map] navigate label=bin_docking distance_m=7.791 heading_error_rad=-0.244
[can] backend=detectnet_native no detections
[tag] no detections
[map] motion direction=left speed=0.15 effective_seconds=0.06035733222961426 pose={'x_m': -0.4404645492245671, 'y_m': 0.77509157177397, 'heading_rad': -2.9693911586771202}
[map] navigate label=bin_docking distance_m=7.791 heading_error_rad=-0.235
[can] backend=detectnet_native no detections
[tag] no detections
[map] motion direction=left speed=0.15 effective_seconds=0.06105685234069824 pose={'x_m': -0.4404645492245671, 'y_m': 0.77509157177397, 'heading_rad': -2.9786130701562006}
[map] navigate label=bin_docking distance_m=7.791 heading_error_rad=-0.226
[can] backend=detectnet_native no detections
[tag] no detections
[map] motion direction=left speed=0.15 effective_seconds=0.059800148010253906 pose={'x_m': -0.4404645492245671, 'y_m': 0.77509157177397, 'heading_rad': -2.9876451713904606}
[map] navigate label=bin_docking distance_m=7.791 heading_error_rad=-0.217
[can] backend=detectnet_native no detections
[tag] no detections
[map] motion direction=left speed=0.15 effective_seconds=0.06169748306274414 pose={'x_m': -0.4404645492245671, 'y_m': 0.77509157177397, 'heading_rad': -2.9969638425219465}
[map] navigate label=bin_docking distance_m=7.791 heading_error_rad=-0.208
[can] backend=detectnet_native no detections
[tag] no detections
[map] motion direction=left speed=0.15 effective_seconds=0.061536550521850586 pose={'x_m': -0.4404645492245671, 'y_m': 0.77509157177397, 'heading_rad': -3.006258206706885}
[map] navigate label=bin_docking distance_m=7.791 heading_error_rad=-0.198
[can] backend=detectnet_native no detections
[tag] no detections
[map] motion direction=left speed=0.15 effective_seconds=0.05974268913269043 pose={'x_m': -0.4404645492245671, 'y_m': 0.77509157177397, 'heading_rad': -3.01528162946097}
[map] navigate label=bin_docking distance_m=7.791 heading_error_rad=-0.189
[can] backend=detectnet_native no detections
[tag] no detections
[map] motion direction=left speed=0.15 effective_seconds=0.061060190200805664 pose={'x_m': -0.4404645492245671, 'y_m': 0.77509157177397, 'heading_rad': -3.0245040450841265}
[map] navigate label=bin_docking distance_m=7.791 heading_error_rad=-0.180
[can] backend=detectnet_native no detections
[tag] no detections
[map] motion direction=left speed=0.15 effective_seconds=0.0617678165435791 pose={'x_m': -0.4404645492245671, 'y_m': 0.77509157177397, 'heading_rad': -3.0338333392515113}
[map] navigate label=bin_docking distance_m=7.791 heading_error_rad=-0.171
[can] backend=detectnet_native no detections
[tag] no detections
[map] motion direction=left speed=0.15 effective_seconds=0.06092238426208496 pose={'x_m': -0.4404645492245671, 'y_m': 0.77509157177397, 'heading_rad': -3.043034940926365}
[map] navigate label=bin_docking distance_m=7.791 heading_error_rad=-0.162
[can] backend=detectnet_native no detections
[tag] no detections
[map] motion direction=left speed=0.15 effective_seconds=0.060559749603271484 pose={'x_m': -0.4404645492245671, 'y_m': 0.77509157177397, 'heading_rad': -3.0521817709483305}
[map] navigate label=bin_docking distance_m=7.791 heading_error_rad=-0.152
[can] backend=detectnet_native no detections
[tag] no detections
[map] motion direction=left speed=0.15 effective_seconds=0.061194419860839844 pose={'x_m': -0.4404645492245671, 'y_m': 0.77509157177397, 'heading_rad': -3.061424460365423}
[map] navigate label=bin_docking distance_m=7.791 heading_error_rad=-0.143
[can] backend=detectnet_native no detections
[tag] no detections
[map] motion direction=left speed=0.15 effective_seconds=0.062163352966308594 pose={'x_m': -0.4404645492245671, 'y_m': 0.77509157177397, 'heading_rad': -3.0708134956058784}
[map] navigate label=bin_docking distance_m=7.791 heading_error_rad=-0.134
[can] backend=detectnet_native no detections
[tag] no detections
[map] motion direction=left speed=0.15 effective_seconds=0.06058764457702637 pose={'x_m': -0.4404645492245671, 'y_m': 0.77509157177397, 'heading_rad': -3.0799645388319123}
[map] navigate label=bin_docking distance_m=7.791 heading_error_rad=-0.125
[can] backend=detectnet_native no detections
[tag] no detections
[map] motion direction=left speed=0.15 effective_seconds=0.06128263473510742 pose={'x_m': -0.4404645492245671, 'y_m': 0.77509157177397, 'heading_rad': -3.0892205520567417}
[map] navigate label=bin_docking distance_m=7.791 heading_error_rad=-0.115
[map] motion direction=left speed=0.15 effective_seconds=0.01691126823425293 pose={'x_m': -0.4404645492245671, 'y_m': 0.77509157177397, 'heading_rad': -3.0917747980205696}
[base] continuous stop label=map_turn_bin_docking elapsed=0.017s
[base] stop
[base] continuous start label=map_forward_bin_docking direction=forward requested_speed=0.2 effective_speed=0.2
[can] backend=detectnet_native no detections
[tag] no detections
[map] motion direction=forward speed=0.2 effective_seconds=0.06452488899230957 pose={'x_m': -0.44056897699393877, 'y_m': 0.7729971146035918, 'heading_rad': -3.0917747980205696}
[map] navigate label=bin_docking distance_m=7.788 heading_error_rad=-0.113
[can] backend=detectnet_native no detections
[tag] no detections
[map] motion direction=forward speed=0.2 effective_seconds=0.06499981880187988 pose={'x_m': -0.44067417339478576, 'y_m': 0.770887241364149, 'heading_rad': -3.0917747980205696}
[map] navigate label=bin_docking distance_m=7.786 heading_error_rad=-0.113
[can] backend=detectnet_native no detections
[tag] no detections
[map] motion direction=forward speed=0.2 effective_seconds=0.06142568588256836 pose={'x_m': -0.4407735853807499, 'y_m': 0.7688933833312047, 'heading_rad': -3.0917747980205696}
[map] navigate label=bin_docking distance_m=7.784 heading_error_rad=-0.113
[can] backend=detectnet_native no detections
[tag] no detections
[map] motion direction=forward speed=0.2 effective_seconds=0.06312727928161621 pose={'x_m': -0.4408757512436414, 'y_m': 0.7668442921231033, 'heading_rad': -3.0917747980205696}
[map] navigate label=bin_docking distance_m=7.782 heading_error_rad=-0.113
[can] backend=detectnet_native no detections
[tag] no detections
[map] motion direction=forward speed=0.2 effective_seconds=0.0634756088256836 pose={'x_m': -0.4409784808467867, 'y_m': 0.76478389424989, 'heading_rad': -3.0917747980205696}
[map] navigate label=bin_docking distance_m=7.780 heading_error_rad=-0.113
[can] backend=detectnet_native no detections
[tag] no detections
[map] motion direction=forward speed=0.2 effective_seconds=0.06212425231933594 pose={'x_m': -0.4410790234001317, 'y_m': 0.7627673609747978, 'heading_rad': -3.0917747980205696}
[map] navigate label=bin_docking distance_m=7.778 heading_error_rad=-0.113
[can] backend=detectnet_native no detections
[tag] no detections
[map] motion direction=forward speed=0.2 effective_seconds=0.06152009963989258 pose={'x_m': -0.4411785881863289, 'y_m': 0.7607704383016178, 'heading_rad': -3.0917747980205696}
[map] navigate label=bin_docking distance_m=7.776 heading_error_rad=-0.113
[can] backend=detectnet_native no detections
[tag] no detections
[map] motion direction=forward speed=0.2 effective_seconds=0.06346750259399414 pose={'x_m': -0.4412813046702622, 'y_m': 0.7587103035540813, 'heading_rad': -3.0917747980205696}
[map] navigate label=bin_docking distance_m=7.774 heading_error_rad=-0.113
[can] backend=detectnet_native no detections
[tag] no detections
[map] motion direction=forward speed=0.2 effective_seconds=0.06093120574951172 pose={'x_m': -0.44137991638429874, 'y_m': 0.756732496187422, 'heading_rad': -3.0917747980205696}
[map] navigate label=bin_docking distance_m=7.772 heading_error_rad=-0.113
[can] backend=detectnet_native no detections
[tag] no detections
[map] motion direction=forward speed=0.2 effective_seconds=0.0613555908203125 pose={'x_m': -0.4414792149276656, 'y_m': 0.754740913417683, 'heading_rad': -3.0917747980205696}
[map] navigate label=bin_docking distance_m=7.770 heading_error_rad=-0.113
[can] backend=detectnet_native no detections
[tag] no detections
[map] motion direction=forward speed=0.2 effective_seconds=0.061093807220458984 pose={'x_m': -0.44157808979765906, 'y_m': 0.7527578280595068, 'heading_rad': -3.0917747980205696}
[map] navigate label=bin_docking distance_m=7.768 heading_error_rad=-0.113
[can] backend=detectnet_native no detections
[tag] no detections
[map] motion direction=forward speed=0.2 effective_seconds=0.06310486793518066 pose={'x_m': -0.4416802193897882, 'y_m': 0.7507094643165119, 'heading_rad': -3.0917747980205696}
[map] navigate label=bin_docking distance_m=7.766 heading_error_rad=-0.113
[can] backend=detectnet_native no detections
[tag] no detections
[map] motion direction=forward speed=0.2 effective_seconds=0.06386256217956543 pose={'x_m': -0.44178357524237344, 'y_m': 0.7486365060617265, 'heading_rad': -3.0917747980205696}
[map] navigate label=bin_docking distance_m=7.764 heading_error_rad=-0.113
[can] backend=detectnet_native no detections
[tag] no detections
[map] motion direction=forward speed=0.2 effective_seconds=0.0586085319519043 pose={'x_m': -0.4418784279163333, 'y_m': 0.7467340919404617, 'heading_rad': -3.0917747980205696}
[map] navigate label=bin_docking distance_m=7.762 heading_error_rad=-0.113
[can] backend=detectnet_native no detections
[tag] no detections
[map] motion direction=forward speed=0.2 effective_seconds=0.06351661682128906 pose={'x_m': -0.4419812238872566, 'y_m': 0.7446723629608833, 'heading_rad': -3.0917747980205696}
[map] navigate label=bin_docking distance_m=7.760 heading_error_rad=-0.113
[can] backend=detectnet_native no detections
[tag] no detections
[map] motion direction=forward speed=0.2 effective_seconds=0.06074118614196777 pose={'x_m': -0.4420795280715311, 'y_m': 0.742700723569648, 'heading_rad': -3.0917747980205696}
[map] navigate label=bin_docking distance_m=7.758 heading_error_rad=-0.113
[can] backend=detectnet_native no detections
[tag] no detections
[map] motion direction=forward speed=0.2 effective_seconds=0.06351065635681152 pose={'x_m': -0.44218231439597505, 'y_m': 0.740639188064832, 'heading_rad': -3.0917747980205696}
[map] navigate label=bin_docking distance_m=7.756 heading_error_rad=-0.113
[can] backend=detectnet_native no detections
[tag] no detections
[map] motion direction=forward speed=0.2 effective_seconds=0.06189298629760742 pose={'x_m': -0.4422824826659209, 'y_m': 0.7386301616105191, 'heading_rad': -3.0917747980205696}
[map] navigate label=bin_docking distance_m=7.754 heading_error_rad=-0.113
[can] backend=detectnet_native no detections
[tag] no detections
[map] motion direction=forward speed=0.2 effective_seconds=0.06292533874511719 pose={'x_m': -0.44238432170609177, 'y_m': 0.7365876253273663, 'heading_rad': -3.0917747980205696}
[map] navigate label=bin_docking distance_m=7.752 heading_error_rad=-0.113
[can] backend=detectnet_native no detections
[tag] no detections
[map] motion direction=forward speed=0.2 effective_seconds=0.06096386909484863 pose={'x_m': -0.44248298628283517, 'y_m': 0.7346087577190094, 'heading_rad': -3.0917747980205696}
[map] navigate label=bin_docking distance_m=7.750 heading_error_rad=-0.113
[can] backend=detectnet_native no detections
[tag] no detections
[map] motion direction=forward speed=0.2 effective_seconds=0.06277322769165039 pose={'x_m': -0.4425845791448528, 'y_m': 0.7325711589117919, 'heading_rad': -3.0917747980205696}
[map] navigate label=bin_docking distance_m=7.748 heading_error_rad=-0.113
[can] backend=detectnet_native no detections
[tag] no detections
[map] motion direction=forward speed=0.2 effective_seconds=0.06189227104187012 pose={'x_m': -0.44268474625722115, 'y_m': 0.7305621556744506, 'heading_rad': -3.0917747980205696}
[map] navigate label=bin_docking distance_m=7.746 heading_error_rad=-0.113
[can] backend=detectnet_native no detections
[tag] no detections
[map] motion direction=forward speed=0.2 effective_seconds=0.06136727333068848 pose={'x_m': -0.4427840637076876, 'y_m': 0.7285701936941774, 'heading_rad': -3.0917747980205696}
[map] navigate label=bin_docking distance_m=7.744 heading_error_rad=-0.113
[can] backend=detectnet_native no detections
[tag] no detections
[map] motion direction=forward speed=0.2 effective_seconds=0.0669248104095459 pose={'x_m': -0.44289237553550836, 'y_m': 0.7263978358454845, 'heading_rad': -3.0917747980205696}
[map] navigate label=bin_docking distance_m=7.742 heading_error_rad=-0.114
[can] backend=detectnet_native no detections
[tag] no detections
[map] motion direction=forward speed=0.2 effective_seconds=0.06356549263000488 pose={'x_m': -0.4429952506075624, 'y_m': 0.7243345203728548, 'heading_rad': -3.0917747980205696}
[map] navigate label=bin_docking distance_m=7.740 heading_error_rad=-0.114
[can] backend=detectnet_native no detections
[tag] no detections
[map] motion direction=forward speed=0.2 effective_seconds=0.0632929801940918 pose={'x_m': -0.44309768464258015, 'y_m': 0.72228005056636, 'heading_rad': -3.0917747980205696}
[map] navigate label=bin_docking distance_m=7.738 heading_error_rad=-0.114
[can] backend=detectnet_native no detections
[tag] no detections
[map] motion direction=forward speed=0.2 effective_seconds=0.062001705169677734 pose={'x_m': -0.44319802886430953, 'y_m': 0.7202674951323819, 'heading_rad': -3.0917747980205696}
[map] navigate label=bin_docking distance_m=7.736 heading_error_rad=-0.114
[can] backend=detectnet_native no detections
[tag] no detections
[map] motion direction=forward speed=0.2 effective_seconds=0.06217694282531738 pose={'x_m': -0.4432986566925321, 'y_m': 0.7182492515403904, 'heading_rad': -3.0917747980205696}
[map] navigate label=bin_docking distance_m=7.734 heading_error_rad=-0.114
[can] backend=detectnet_native no detections
[tag] no detections
[map] motion direction=forward speed=0.2 effective_seconds=0.06586861610412598 pose={'x_m': -0.4434052591642105, 'y_m': 0.7161111774195869, 'heading_rad': -3.0917747980205696}
[map] navigate label=bin_docking distance_m=7.732 heading_error_rad=-0.114
[can] backend=detectnet_native no detections
[tag] no detections
[map] motion direction=forward speed=0.2 effective_seconds=0.05991768836975098 pose={'x_m': -0.4435022305908968, 'y_m': 0.7141662685015184, 'heading_rad': -3.0917747980205696}
[map] navigate label=bin_docking distance_m=7.730 heading_error_rad=-0.114
[can] backend=detectnet_native no detections
[tag] no detections
[map] motion direction=forward speed=0.2 effective_seconds=0.06123805046081543 pose={'x_m': -0.4436013389056907, 'y_m': 0.7121785010540931, 'heading_rad': -3.0917747980205696}
[map] navigate label=bin_docking distance_m=7.728 heading_error_rad=-0.114
[can] backend=detectnet_native no detections
[tag] no detections
[map] motion direction=forward speed=0.2 effective_seconds=0.06046605110168457 pose={'x_m': -0.443699197808478, 'y_m': 0.710215792457888, 'heading_rad': -3.0917747980205696}
[map] navigate label=bin_docking distance_m=7.726 heading_error_rad=-0.114
[can] backend=detectnet_native no detections
[tag] no detections
[map] motion direction=forward speed=0.2 effective_seconds=0.06200885772705078 pose={'x_m': -0.4437995536059826, 'y_m': 0.708203004854195, 'heading_rad': -3.0917747980205696}
[map] navigate label=bin_docking distance_m=7.724 heading_error_rad=-0.114
[can] backend=detectnet_native no detections
[tag] no detections
[map] motion direction=forward speed=0.2 effective_seconds=0.062482357025146484 pose={'x_m': -0.4439006757198075, 'y_m': 0.7061748476153804, 'heading_rad': -3.0917747980205696}
[map] navigate label=bin_docking distance_m=7.722 heading_error_rad=-0.114
[can] backend=detectnet_native no detections
[tag] no detections
[map] motion direction=forward speed=0.2 effective_seconds=0.060634613037109375 pose={'x_m': -0.4439988074250311, 'y_m': 0.704206667552896, 'heading_rad': -3.0917747980205696}
[map] navigate label=bin_docking distance_m=7.720 heading_error_rad=-0.114
[can] backend=detectnet_native no detections
[tag] no detections
[map] motion direction=forward speed=0.2 effective_seconds=0.06239891052246094 pose={'x_m': -0.44409979448814496, 'y_m': 0.7021812189607544, 'heading_rad': -3.0917747980205696}
[map] navigate label=bin_docking distance_m=7.718 heading_error_rad=-0.114
[can] backend=detectnet_native no detections
[tag] no detections
[map] motion direction=forward speed=0.2 effective_seconds=0.06250214576721191 pose={'x_m': -0.44420094862828136, 'y_m': 0.7001524193857288, 'heading_rad': -3.0917747980205696}
[map] navigate label=bin_docking distance_m=7.716 heading_error_rad=-0.114
[can] backend=detectnet_native no detections
[tag] no detections
[map] motion direction=forward speed=0.2 effective_seconds=0.060999393463134766 pose={'x_m': -0.4442996706980417, 'y_m': 0.6981723986677882, 'heading_rad': -3.0917747980205696}
[map] navigate label=bin_docking distance_m=7.714 heading_error_rad=-0.114
[can] backend=detectnet_native no detections
[tag] no detections
[map] motion direction=forward speed=0.2 effective_seconds=0.0606381893157959 pose={'x_m': -0.44439780819115293, 'y_m': 0.6962041025204464, 'heading_rad': -3.0917747980205696}
[map] navigate label=bin_docking distance_m=7.712 heading_error_rad=-0.114
[can] backend=detectnet_native no detections
[tag] no detections
[map] motion direction=forward speed=0.2 effective_seconds=0.06136298179626465 pose={'x_m': -0.4444971186961542, 'y_m': 0.6942122798420022, 'heading_rad': -3.0917747980205696}
[map] navigate label=bin_docking distance_m=7.710 heading_error_rad=-0.114
[can] backend=detectnet_native no detections
[tag] no detections
[map] motion direction=forward speed=0.2 effective_seconds=0.0632622241973877 pose={'x_m': -0.44459950295533845, 'y_m': 0.6921588083652811, 'heading_rad': -3.0917747980205696}
[map] navigate label=bin_docking distance_m=7.708 heading_error_rad=-0.114
[can] backend=detectnet_native no detections
[tag] no detections
[map] motion direction=forward speed=0.2 effective_seconds=0.06235480308532715 pose={'x_m': -0.44470041863450505, 'y_m': 0.690134791486381, 'heading_rad': -3.0917747980205696}
[map] navigate label=bin_docking distance_m=7.706 heading_error_rad=-0.114
[can] backend=detectnet_native no detections
[tag] no detections
[map] motion direction=forward speed=0.2 effective_seconds=0.061264753341674805 pose={'x_m': -0.44479957016552646, 'y_m': 0.6881461572720203, 'heading_rad': -3.0917747980205696}
[map] navigate label=bin_docking distance_m=7.704 heading_error_rad=-0.114
[can] backend=detectnet_native no detections
[tag] no detections
[map] motion direction=forward speed=0.2 effective_seconds=0.0626828670501709 pose={'x_m': -0.444901016786917, 'y_m': 0.6861114915422002, 'heading_rad': -3.0917747980205696}
[map] navigate label=bin_docking distance_m=7.702 heading_error_rad=-0.114
[can] backend=detectnet_native no detections
[tag] no detections
[map] motion direction=forward speed=0.2 effective_seconds=0.060382843017578125 pose={'x_m': -0.4449987410248525, 'y_m': 0.6841514838536776, 'heading_rad': -3.0917747980205696}
[map] navigate label=bin_docking distance_m=7.700 heading_error_rad=-0.114
[can] backend=detectnet_native no detections
[tag] no detections
[map] motion direction=forward speed=0.2 effective_seconds=0.06413483619689941 pose={'x_m': -0.4451025375286149, 'y_m': 0.6820696876717478, 'heading_rad': -3.0917747980205696}
[map] navigate label=bin_docking distance_m=7.698 heading_error_rad=-0.114
[can] backend=detectnet_native no detections
[tag] no detections
[map] motion direction=forward speed=0.2 effective_seconds=0.06769442558288574 pose={'x_m': -0.44521209490985053, 'y_m': 0.6798723483617396, 'heading_rad': -3.0917747980205696}
[map] navigate label=bin_docking distance_m=7.696 heading_error_rad=-0.114
[can] backend=detectnet_native no detections
[tag] no detections
[map] motion direction=forward speed=0.2 effective_seconds=0.06569480895996094 pose={'x_m': -0.4453184160901908, 'y_m': 0.6777399159650063, 'heading_rad': -3.0917747980205696}
[map] navigate label=bin_docking distance_m=7.694 heading_error_rad=-0.114
[can] backend=detectnet_native no detections
[tag] no detections
[map] motion direction=forward speed=0.2 effective_seconds=0.06286215782165527 pose={'x_m': -0.44542015287768044, 'y_m': 0.6756994305143345, 'heading_rad': -3.0917747980205696}
[map] navigate label=bin_docking distance_m=7.692 heading_error_rad=-0.114
[can] backend=detectnet_native no detections
[tag] no detections
[map] motion direction=forward speed=0.2 effective_seconds=0.06173825263977051 pose={'x_m': -0.44552007072502214, 'y_m': 0.6736954266648524, 'heading_rad': -3.0917747980205696}
[map] navigate label=bin_docking distance_m=7.690 heading_error_rad=-0.114
[can] backend=detectnet_native no detections
[tag] no detections
[map] motion direction=forward speed=0.2 effective_seconds=0.06127619743347168 pose={'x_m': -0.44561924077728393, 'y_m': 0.6717064209789481, 'heading_rad': -3.0917747980205696}
[map] navigate label=bin_docking distance_m=7.688 heading_error_rad=-0.114
[can] backend=detectnet_native no detections
[tag] no detections
[map] motion direction=forward speed=0.2 effective_seconds=0.06174349784851074 pose={'x_m': -0.4457191671135275, 'y_m': 0.6697022468716751, 'heading_rad': -3.0917747980205696}
[map] navigate label=bin_docking distance_m=7.686 heading_error_rad=-0.114
[can] backend=detectnet_native no detections
[tag] no detections
[map] motion direction=forward speed=0.2 effective_seconds=0.06104755401611328 pose={'x_m': -0.4458179671268411, 'y_m': 0.6677206628776547, 'heading_rad': -3.0917747980205696}
[map] navigate label=bin_docking distance_m=7.684 heading_error_rad=-0.114
[can] backend=detectnet_native no detections
[tag] no detections
[map] motion direction=forward speed=0.2 effective_seconds=0.06127738952636719 pose={'x_m': -0.44591713910839875, 'y_m': 0.665731618496798, 'heading_rad': -3.0917747980205696}
[map] navigate label=bin_docking distance_m=7.682 heading_error_rad=-0.114
[can] backend=detectnet_native no detections
[tag] no detections
[map] motion direction=forward speed=0.2 effective_seconds=0.06346607208251953 pose={'x_m': -0.4460198532771771, 'y_m': 0.6636715301832044, 'heading_rad': -3.0917747980205696}
[map] navigate label=bin_docking distance_m=7.680 heading_error_rad=-0.114
[can] backend=detectnet_native no detections
[tag] no detections
[map] motion direction=forward speed=0.2 effective_seconds=0.0602262020111084 pose={'x_m': -0.446117324005635, 'y_m': 0.6617166070114364, 'heading_rad': -3.0917747980205696}
[map] navigate label=bin_docking distance_m=7.678 heading_error_rad=-0.114
[can] backend=detectnet_native no detections
[tag] no detections
[map] motion direction=forward speed=0.2 effective_seconds=0.06089901924133301 pose={'x_m': -0.4462158836286829, 'y_m': 0.6597398444084939, 'heading_rad': -3.0917747980205696}
[map] navigate label=bin_docking distance_m=7.676 heading_error_rad=-0.115
[can] backend=detectnet_native no detections
[tag] no detections
[map] motion direction=forward speed=0.2 effective_seconds=0.0621185302734375 pose={'x_m': -0.4463164169214077, 'y_m': 0.6577234968691735, 'heading_rad': -3.0917747980205696}
[map] navigate label=bin_docking distance_m=7.674 heading_error_rad=-0.115
[can] backend=detectnet_native no detections
[tag] no detections
[map] motion direction=forward speed=0.2 effective_seconds=0.0598909854888916 pose={'x_m': -0.4464133451318665, 'y_m': 0.6557794547180404, 'heading_rad': -3.0917747980205696}
[map] navigate label=bin_docking distance_m=7.672 heading_error_rad=-0.115
[can] backend=detectnet_native no detections
[tag] no detections
[map] motion direction=forward speed=0.2 effective_seconds=0.06343674659729004 pose={'x_m': -0.44651601183996636, 'y_m': 0.6537203183002777, 'heading_rad': -3.0917747980205696}
[map] navigate label=bin_docking distance_m=7.670 heading_error_rad=-0.115
[can] backend=detectnet_native no detections
[tag] no detections
[map] motion direction=forward speed=0.2 effective_seconds=0.060968637466430664 pose={'x_m': -0.4466146841338932, 'y_m': 0.6517412959121108, 'heading_rad': -3.0917747980205696}
[map] navigate label=bin_docking distance_m=7.668 heading_error_rad=-0.115
[can] backend=detectnet_native no detections
[tag] no detections
[map] motion direction=forward speed=0.2 effective_seconds=0.06246018409729004 pose={'x_m': -0.4467157703628149, 'y_m': 0.6497138583994123, 'heading_rad': -3.0917747980205696}
[map] navigate label=bin_docking distance_m=7.666 heading_error_rad=-0.115
[can] backend=detectnet_native no detections
[tag] no detections
[map] motion direction=forward speed=0.2 effective_seconds=0.060416221618652344 pose={'x_m': -0.4468135486210348, 'y_m': 0.6477527672522205, 'heading_rad': -3.0917747980205696}
[map] navigate label=bin_docking distance_m=7.664 heading_error_rad=-0.115
[can] backend=detectnet_native no detections
[tag] no detections
[map] motion direction=forward speed=0.2 effective_seconds=0.061411380767822266 pose={'x_m': -0.44691293745544847, 'y_m': 0.6457593735587059, 'heading_rad': -3.0917747980205696}
[map] navigate label=bin_docking distance_m=7.662 heading_error_rad=-0.115
[can] backend=detectnet_native no detections
[tag] no detections
[map] motion direction=forward speed=0.2 effective_seconds=0.06026649475097656 pose={'x_m': -0.4470104733941068, 'y_m': 0.6438031424975446, 'heading_rad': -3.0917747980205696}
[map] navigate label=bin_docking distance_m=7.660 heading_error_rad=-0.115
[can] backend=detectnet_native no detections
[tag] no detections
[map] motion direction=forward speed=0.2 effective_seconds=0.06019854545593262 pose={'x_m': -0.4471078993629005, 'y_m': 0.641849117048674, 'heading_rad': -3.0917747980205696}
[map] navigate label=bin_docking distance_m=7.658 heading_error_rad=-0.115
[can] backend=detectnet_native no detections
[tag] no detections
[map] motion direction=forward speed=0.2 effective_seconds=0.0621953010559082 pose={'x_m': -0.4472085569022795, 'y_m': 0.6398302775544145, 'heading_rad': -3.0917747980205696}
[map] navigate label=bin_docking distance_m=7.656 heading_error_rad=-0.115
[can] backend=detectnet_native no detections
[tag] no detections
[map] motion direction=forward speed=0.2 effective_seconds=0.06238365173339844 pose={'x_m': -0.44730951927040624, 'y_m': 0.6378053242576646, 'heading_rad': -3.0917747980205696}
[map] navigate label=bin_docking distance_m=7.654 heading_error_rad=-0.115
[can] backend=detectnet_native no detections
[tag] no detections
[map] motion direction=forward speed=0.2 effective_seconds=0.064117431640625 pose={'x_m': -0.4474132876064489, 'y_m': 0.6357240930220408, 'heading_rad': -3.0917747980205696}
[map] navigate label=bin_docking distance_m=7.652 heading_error_rad=-0.115
[can] backend=detectnet_native no detections
[tag] no detections
[map] motion direction=forward speed=0.2 effective_seconds=0.06313729286193848 pose={'x_m': -0.44751546967542577, 'y_m': 0.6336746767763387, 'heading_rad': -3.0917747980205696}
[map] navigate label=bin_docking distance_m=7.650 heading_error_rad=-0.115
[can] backend=detectnet_native no detections
[tag] no detections
[map] motion direction=forward speed=0.2 effective_seconds=0.06197381019592285 pose={'x_m': -0.4476157687516317, 'y_m': 0.6316630268042484, 'heading_rad': -3.0917747980205696}
[map] navigate label=bin_docking distance_m=7.648 heading_error_rad=-0.115
[can] backend=detectnet_native no detections
[tag] no detections
[map] motion direction=forward speed=0.2 effective_seconds=0.06114482879638672 pose={'x_m': -0.44771472619548847, 'y_m': 0.6296782853021063, 'heading_rad': -3.0917747980205696}
[map] navigate label=bin_docking distance_m=7.646 heading_error_rad=-0.115
[can] backend=detectnet_native no detections
[tag] no detections
[map] motion direction=forward speed=0.2 effective_seconds=0.06151986122131348 pose={'x_m': -0.44781429059582645, 'y_m': 0.6276813703679169, 'heading_rad': -3.0917747980205696}
[map] navigate label=bin_docking distance_m=7.644 heading_error_rad=-0.115
[can] backend=detectnet_native no detections
[tag] no detections
[map] motion direction=forward speed=0.2 effective_seconds=0.0639653205871582 pose={'x_m': -0.4479178127537159, 'y_m': 0.6256050766082285, 'heading_rad': -3.0917747980205696}
[map] navigate label=bin_docking distance_m=7.642 heading_error_rad=-0.115
[can] backend=detectnet_native no detections
[tag] no detections
[map] motion direction=forward speed=0.2 effective_seconds=0.05989718437194824 pose={'x_m': -0.44801475099651317, 'y_m': 0.6236608332433425, 'heading_rad': -3.0917747980205696}
[map] navigate label=bin_docking distance_m=7.640 heading_error_rad=-0.115
[can] backend=detectnet_native no detections
[tag] no detections
[map] motion direction=forward speed=0.2 effective_seconds=0.06197500228881836 pose={'x_m': -0.448115052002015, 'y_m': 0.6216491445762997, 'heading_rad': -3.0917747980205696}
[map] navigate label=bin_docking distance_m=7.638 heading_error_rad=-0.115
[can] backend=detectnet_native no detections
[tag] no detections
[map] motion direction=forward speed=0.2 effective_seconds=0.062090396881103516 pose={'x_m': -0.44821553976335726, 'y_m': 0.6196337102378576, 'heading_rad': -3.0917747980205696}
[map] navigate label=bin_docking distance_m=7.636 heading_error_rad=-0.115
[can] backend=detectnet_native no detections
[tag] no detections
[map] motion direction=forward speed=0.2 effective_seconds=0.06391644477844238 pose={'x_m': -0.44831898282011595, 'y_m': 0.6175590029712205, 'heading_rad': -3.0917747980205696}
[map] navigate label=bin_docking distance_m=7.634 heading_error_rad=-0.115
[can] backend=detectnet_native no detections
[tag] no detections
[map] motion direction=forward speed=0.2 effective_seconds=0.05927467346191406 pose={'x_m': -0.448414913584609, 'y_m': 0.6156349661105149, 'heading_rad': -3.0917747980205696}
[map] navigate label=bin_docking distance_m=7.632 heading_error_rad=-0.115
[can] backend=detectnet_native no detections
[tag] no detections
[map] motion direction=forward speed=0.2 effective_seconds=0.06036567687988281 pose={'x_m': -0.44851261004068393, 'y_m': 0.6136755156293079, 'heading_rad': -3.0917747980205696}
[map] navigate label=bin_docking distance_m=7.630 heading_error_rad=-0.115
[can] backend=detectnet_native no detections
[tag] no detections
[map] motion direction=forward speed=0.2 effective_seconds=0.06038022041320801 pose={'x_m': -0.4486103300341685, 'y_m': 0.6117155930696807, 'heading_rad': -3.0917747980205696}
[map] navigate label=bin_docking distance_m=7.628 heading_error_rad=-0.115
[can] backend=detectnet_native no detections
[tag] no detections
[map] motion direction=forward speed=0.2 effective_seconds=0.060535430908203125 pose={'x_m': -0.4487083012219756, 'y_m': 0.6097506324272418, 'heading_rad': -3.0917747980205696}
[map] navigate label=bin_docking distance_m=7.626 heading_error_rad=-0.115
[can] backend=detectnet_native no detections
[tag] no detections
[map] motion direction=forward speed=0.2 effective_seconds=0.06807708740234375 pose={'x_m': -0.44881847790718604, 'y_m': 0.6075408720374904, 'heading_rad': -3.0917747980205696}
[map] navigate label=bin_docking distance_m=7.624 heading_error_rad=-0.115
[can] backend=detectnet_native no detections
[tag] no detections
[map] motion direction=forward speed=0.2 effective_seconds=0.06470370292663574 pose={'x_m': -0.4489231950709385, 'y_m': 0.6054406106242415, 'heading_rad': -3.0917747980205696}
[map] navigate label=bin_docking distance_m=7.622 heading_error_rad=-0.115
[can] backend=detectnet_native no detections
[tag] no detections
[map] motion direction=forward speed=0.2 effective_seconds=0.0635993480682373 pose={'x_m': -0.4490261249349953, 'y_m': 0.6033761962149616, 'heading_rad': -3.0917747980205696}
[map] navigate label=bin_docking distance_m=7.620 heading_error_rad=-0.115
[can] backend=detectnet_native no detections
[tag] no detections
[map] motion direction=forward speed=0.2 effective_seconds=0.06331753730773926 pose={'x_m': -0.44912859871350796, 'y_m': 0.601320929292446, 'heading_rad': -3.0917747980205696}
[map] navigate label=bin_docking distance_m=7.618 heading_error_rad=-0.115
[can] backend=detectnet_native no detections
[tag] no detections
[map] motion direction=forward speed=0.2 effective_seconds=0.061608314514160156 pose={'x_m': -0.44922830626759963, 'y_m': 0.5993211431927832, 'heading_rad': -3.0917747980205696}
[map] navigate label=bin_docking distance_m=7.616 heading_error_rad=-0.115
[can] backend=detectnet_native no detections
[tag] no detections
[map] motion direction=forward speed=0.2 effective_seconds=0.061298370361328125 pose={'x_m': -0.44932751220476463, 'y_m': 0.5973314177807628, 'heading_rad': -3.0917747980205696}
[map] navigate label=bin_docking distance_m=7.614 heading_error_rad=-0.115
[can] backend=detectnet_native no detections
[tag] no detections
[map] motion direction=forward speed=0.2 effective_seconds=0.05999135971069336 pose={'x_m': -0.4494246028619358, 'y_m': 0.5953841175146317, 'heading_rad': -3.0917747980205696}
[map] navigate label=bin_docking distance_m=7.612 heading_error_rad=-0.115
[can] backend=detectnet_native no detections
[tag] no detections
[map] motion direction=forward speed=0.2 effective_seconds=0.06261610984802246 pose={'x_m': -0.44952594144275754, 'y_m': 0.5933516187021499, 'heading_rad': -3.0917747980205696}
[map] navigate label=bin_docking distance_m=7.610 heading_error_rad=-0.116
[can] backend=detectnet_native no detections
[tag] no detections
[map] motion direction=forward speed=0.2 effective_seconds=0.06199979782104492 pose={'x_m': -0.4496262825776135, 'y_m': 0.5913391251800957, 'heading_rad': -3.0917747980205696}
[map] navigate label=bin_docking distance_m=7.608 heading_error_rad=-0.116
[can] backend=detectnet_native no detections
[tag] no detections
[map] motion direction=forward speed=0.2 effective_seconds=0.06115555763244629 pose={'x_m': -0.4497252573851331, 'y_m': 0.5893540354233814, 'heading_rad': -3.0917747980205696}
[map] navigate label=bin_docking distance_m=7.606 heading_error_rad=-0.116
[can] backend=detectnet_native no detections
[tag] no detections
[map] motion direction=forward speed=0.2 effective_seconds=0.06249642372131348 pose={'x_m': -0.44982640226464926, 'y_m': 0.5873254215841277, 'heading_rad': -3.0917747980205696}
[map] navigate label=bin_docking distance_m=7.604 heading_error_rad=-0.116
[can] backend=detectnet_native no detections
[tag] no detections
[map] motion direction=forward speed=0.2 effective_seconds=0.0612490177154541 pose={'x_m': -0.4499255283289652, 'y_m': 0.5853372981431397, 'heading_rad': -3.0917747980205696}
[map] navigate label=bin_docking distance_m=7.602 heading_error_rad=-0.116
[can] backend=detectnet_native no detections
[tag] no detections
[map] motion direction=forward speed=0.2 effective_seconds=0.06424403190612793 pose={'x_m': -0.45002950155622945, 'y_m': 0.5832519575035636, 'heading_rad': -3.0917747980205696}
[map] navigate label=bin_docking distance_m=7.600 heading_error_rad=-0.116
[can] backend=detectnet_native no detections
[tag] no detections
[map] motion direction=forward speed=0.2 effective_seconds=0.06032443046569824 pose={'x_m': -0.4501271312586672, 'y_m': 0.581293845867712, 'heading_rad': -3.0917747980205696}
[map] navigate label=bin_docking distance_m=7.598 heading_error_rad=-0.116
[can] backend=detectnet_native no detections
[tag] no detections
[map] motion direction=forward speed=0.2 effective_seconds=0.06286787986755371 pose={'x_m': -0.4502288773067771, 'y_m': 0.5792531746812684, 'heading_rad': -3.0917747980205696}
[map] navigate label=bin_docking distance_m=7.596 heading_error_rad=-0.116
[can] backend=detectnet_native no detections
[tag] no detections
[map] motion direction=forward speed=0.2 effective_seconds=0.06422114372253418 pose={'x_m': -0.45033281349156057, 'y_m': 0.5771685769847796, 'heading_rad': -3.0917747980205696}
[map] navigate label=bin_docking distance_m=7.594 heading_error_rad=-0.116
[can] backend=detectnet_native no detections
[tag] no detections
[map] motion direction=forward speed=0.2 effective_seconds=0.06270766258239746 pose={'x_m': -0.45043430024230524, 'y_m': 0.5751331063999481, 'heading_rad': -3.0917747980205696}
[map] navigate label=bin_docking distance_m=7.592 heading_error_rad=-0.116
[can] backend=detectnet_native no detections
[tag] no detections
[map] motion direction=forward speed=0.2 effective_seconds=0.06474781036376953 pose={'x_m': -0.4505390887900049, 'y_m': 0.5730314132734577, 'heading_rad': -3.0917747980205696}
[map] navigate label=bin_docking distance_m=7.590 heading_error_rad=-0.116
[can] backend=detectnet_native no detections
[tag] no detections
[map] motion direction=forward speed=0.2 effective_seconds=0.06299757957458496 pose={'x_m': -0.4506410447455056, 'y_m': 0.5709865320761852, 'heading_rad': -3.0917747980205696}
[map] navigate label=bin_docking distance_m=7.588 heading_error_rad=-0.116
[can] backend=detectnet_native no detections
[tag] no detections
[map] motion direction=forward speed=0.2 effective_seconds=0.06223487854003906 pose={'x_m': -0.4507417663375075, 'y_m': 0.5689664079095037, 'heading_rad': -3.0917747980205696}
[map] navigate label=bin_docking distance_m=7.586 heading_error_rad=-0.116
[can] backend=detectnet_native no detections
[tag] no detections
[map] motion direction=forward speed=0.2 effective_seconds=0.06311988830566406 pose={'x_m': -0.45084392023876463, 'y_m': 0.5669175566101077, 'heading_rad': -3.0917747980205696}
[map] navigate label=bin_docking distance_m=7.583 heading_error_rad=-0.116
[can] backend=detectnet_native no detections
[tag] no detections
[map] motion direction=forward speed=0.2 effective_seconds=0.06099653244018555 pose={'x_m': -0.4509426376782149, 'y_m': 0.564937628760053, 'heading_rad': -3.0917747980205696}
[map] navigate label=bin_docking distance_m=7.582 heading_error_rad=-0.116
[can] backend=detectnet_native no detections
[tag] no detections
[map] motion direction=forward speed=0.2 effective_seconds=0.06229901313781738 pose={'x_m': -0.45104346306633475, 'y_m': 0.5629154228049286, 'heading_rad': -3.0917747980205696}
[map] navigate label=bin_docking distance_m=7.579 heading_error_rad=-0.116
[can] backend=detectnet_native no detections
[tag] no detections
[map] motion direction=forward speed=0.2 effective_seconds=0.06261968612670898 pose={'x_m': -0.4511448074350441, 'y_m': 0.5608828079075894, 'heading_rad': -3.0917747980205696}
[map] navigate label=bin_docking distance_m=7.577 heading_error_rad=-0.116
[can] backend=detectnet_native no detections
[tag] no detections
[map] motion direction=forward speed=0.2 effective_seconds=0.06261539459228516 pose={'x_m': -0.4512461448582883, 'y_m': 0.5588503323120791, 'heading_rad': -3.0917747980205696}
[map] navigate label=bin_docking distance_m=7.575 heading_error_rad=-0.116
[can] backend=detectnet_native no detections
[tag] no detections
[map] motion direction=forward speed=0.2 effective_seconds=0.06234455108642578 pose={'x_m': -0.4513470439455104, 'y_m': 0.5568266482097702, 'heading_rad': -3.0917747980205696}
[map] navigate label=bin_docking distance_m=7.573 heading_error_rad=-0.116
[can] backend=detectnet_native no detections
[tag] no detections
[map] motion direction=forward speed=0.2 effective_seconds=0.06199955940246582 pose={'x_m': -0.45144738469450724, 'y_m': 0.5548141624267064, 'heading_rad': -3.0917747980205696}
[map] navigate label=bin_docking distance_m=7.571 heading_error_rad=-0.116
[can] backend=detectnet_native no detections
[tag] no detections
[map] motion direction=forward speed=0.2 effective_seconds=0.0627138614654541 pose={'x_m': -0.4515488814775904, 'y_m': 0.5527784906281221, 'heading_rad': -3.0917747980205696}
[map] navigate label=bin_docking distance_m=7.569 heading_error_rad=-0.116
[can] backend=detectnet_native no detections
[tag] no detections
[map] motion direction=forward speed=0.2 effective_seconds=0.06312251091003418 pose={'x_m': -0.4516510396232985, 'y_m': 0.5507295541998307, 'heading_rad': -3.0917747980205696}
[map] navigate label=bin_docking distance_m=7.567 heading_error_rad=-0.116
[can] backend=detectnet_native no detections
[tag] no detections
[map] motion direction=forward speed=0.2 effective_seconds=0.06272053718566895 pose={'x_m': -0.45175254721043856, 'y_m': 0.5486936657095125, 'heading_rad': -3.0917747980205696}
[map] navigate label=bin_docking distance_m=7.565 heading_error_rad=-0.116
[can] backend=detectnet_native no detections
[tag] no detections
[map] motion direction=forward speed=0.2 effective_seconds=0.06183981895446777 pose={'x_m': -0.45185262943378857, 'y_m': 0.5466863650500798, 'heading_rad': -3.0917747980205696}
[map] navigate label=bin_docking distance_m=7.563 heading_error_rad=-0.116
[can] backend=detectnet_native no detections
[tag] no detections
[map] motion direction=forward speed=0.2 effective_seconds=0.06344079971313477 pose={'x_m': -0.4519553027014944, 'y_m': 0.5446270970694786, 'heading_rad': -3.0917747980205696}
[map] navigate label=bin_docking distance_m=7.561 heading_error_rad=-0.116
[can] backend=detectnet_native no detections
[tag] no detections
[map] motion direction=forward speed=0.2 effective_seconds=0.062272071838378906 pose={'x_m': -0.45205608448752754, 'y_m': 0.5426057656202801, 'heading_rad': -3.0917747980205696}
[map] navigate label=bin_docking distance_m=7.559 heading_error_rad=-0.116
[can] backend=detectnet_native no detections
[tag] no detections
[map] motion direction=forward speed=0.2 effective_seconds=0.0624995231628418 pose={'x_m': -0.452157234383213, 'y_m': 0.54057705117415, 'heading_rad': -3.0917747980205696}
[map] navigate label=bin_docking distance_m=7.557 heading_error_rad=-0.116
[can] backend=detectnet_native no detections
[tag] no detections
[map] motion direction=forward speed=0.2 effective_seconds=0.06155109405517578 pose={'x_m': -0.45225684933110283, 'y_m': 0.5385791224322058, 'heading_rad': -3.0917747980205696}
[map] navigate label=bin_docking distance_m=7.555 heading_error_rad=-0.116
[can] backend=detectnet_native no detections
[tag] no detections
[map] motion direction=forward speed=0.2 effective_seconds=0.06358933448791504 pose={'x_m': -0.45235976298907427, 'y_m': 0.5365150330605267, 'heading_rad': -3.0917747980205696}
[map] navigate label=bin_docking distance_m=7.553 heading_error_rad=-0.116
[can] backend=detectnet_native no detections
[tag] no detections
[map] motion direction=forward speed=0.2 effective_seconds=0.062307119369506836 pose={'x_m': -0.452460601496406, 'y_m': 0.5344925639797254, 'heading_rad': -3.0917747980205696}
[map] navigate label=bin_docking distance_m=7.551 heading_error_rad=-0.116
[can] backend=detectnet_native no detections
[tag] no detections
[map] motion direction=forward speed=0.2 effective_seconds=0.06148076057434082 pose={'x_m': -0.4525601026158394, 'y_m': 0.532496918239977, 'heading_rad': -3.0917747980205696}
[map] navigate label=bin_docking distance_m=7.549 heading_error_rad=-0.116
[can] backend=detectnet_native no detections
[tag] no detections
[map] motion direction=forward speed=0.2 effective_seconds=0.06312274932861328 pose={'x_m': -0.45266226114740665, 'y_m': 0.5304479740726951, 'heading_rad': -3.0917747980205696}
[map] navigate label=bin_docking distance_m=7.547 heading_error_rad=-0.116
[can] backend=detectnet_native no detections
[tag] no detections
[map] motion direction=forward speed=0.2 effective_seconds=0.06484460830688477 pose={'x_m': -0.45276720635393114, 'y_m': 0.528343138916064, 'heading_rad': -3.0917747980205696}
[map] navigate label=bin_docking distance_m=7.545 heading_error_rad=-0.117
[can] backend=detectnet_native no detections
[tag] no detections
[map] motion direction=forward speed=0.2 effective_seconds=0.0621485710144043 pose={'x_m': -0.4528677882649119, 'y_m': 0.5263258162639414, 'heading_rad': -3.0917747980205696}
[map] navigate label=bin_docking distance_m=7.543 heading_error_rad=-0.117
[can] backend=detectnet_native no detections
[tag] no detections
[map] motion direction=forward speed=0.2 effective_seconds=0.06188225746154785 pose={'x_m': -0.45296793917119493, 'y_m': 0.5243171380642008, 'heading_rad': -3.0917747980205696}
[map] navigate label=bin_docking distance_m=7.541 heading_error_rad=-0.117
[can] backend=detectnet_native no detections
[tag] no detections
[map] motion direction=forward speed=0.2 effective_seconds=0.06418704986572266 pose={'x_m': -0.45307182017811654, 'y_m': 0.5222336470433527, 'heading_rad': -3.0917747980205696}
[map] navigate label=bin_docking distance_m=7.539 heading_error_rad=-0.117
[can] backend=detectnet_native no detections
[tag] no detections
[map] motion direction=forward speed=0.2 effective_seconds=0.06308841705322266 pose={'x_m': -0.45317392314596266, 'y_m': 0.520185817290702, 'heading_rad': -3.0917747980205696}
[map] navigate label=bin_docking distance_m=7.537 heading_error_rad=-0.117
[can] backend=detectnet_native no detections
[tag] no detections
[map] motion direction=forward speed=0.2 effective_seconds=0.06328034400939941 pose={'x_m': -0.45327633673044415, 'y_m': 0.5181317576507034, 'heading_rad': -3.0917747980205696}
[map] navigate label=bin_docking distance_m=7.535 heading_error_rad=-0.117
[can] backend=detectnet_native no detections
[tag] no detections
[map] motion direction=forward speed=0.2 effective_seconds=0.0650782585144043 pose={'x_m': -0.45338166007895947, 'y_m': 0.5160193382833881, 'heading_rad': -3.0917747980205696}
[map] navigate label=bin_docking distance_m=7.533 heading_error_rad=-0.117
[can] backend=detectnet_native no detections
[tag] no detections
[map] motion direction=forward speed=0.2 effective_seconds=0.060538291931152344 pose={'x_m': -0.4534796358970766, 'y_m': 0.5140542847730633, 'heading_rad': -3.0917747980205696}
[map] navigate label=bin_docking distance_m=7.531 heading_error_rad=-0.117
[can] backend=detectnet_native no detections
[tag] no detections
[map] motion direction=forward speed=0.2 effective_seconds=0.06259298324584961 pose={'x_m': -0.45358093704955843, 'y_m': 0.5120225366426594, 'heading_rad': -3.0917747980205696}
[map] navigate label=bin_docking distance_m=7.529 heading_error_rad=-0.117
[can] backend=detectnet_native no detections
[tag] no detections
[map] motion direction=forward speed=0.2 effective_seconds=0.06089901924133301 pose={'x_m': -0.4536794966726064, 'y_m': 0.5100457740397168, 'heading_rad': -3.0917747980205696}
[map] navigate label=bin_docking distance_m=7.527 heading_error_rad=-0.117
[can] backend=detectnet_native no detections
[tag] no detections
[map] motion direction=forward speed=0.2 effective_seconds=0.06376481056213379 pose={'x_m': -0.45378269432293017, 'y_m': 0.507975988771034, 'heading_rad': -3.0917747980205696}
[map] navigate label=bin_docking distance_m=7.525 heading_error_rad=-0.117
[can] backend=detectnet_native no detections
[tag] no detections
[map] motion direction=forward speed=0.2 effective_seconds=0.06403660774230957 pose={'x_m': -0.4538863318527127, 'y_m': 0.5058973810531878, 'heading_rad': -3.0917747980205696}
[map] navigate label=bin_docking distance_m=7.523 heading_error_rad=-0.117
[can] backend=detectnet_native no detections
[tag] no detections
[map] motion direction=forward speed=0.2 effective_seconds=0.06349039077758789 pose={'x_m': -0.4539890853791268, 'y_m': 0.5038365033625638, 'heading_rad': -3.0917747980205696}
[map] navigate label=bin_docking distance_m=7.521 heading_error_rad=-0.117
[can] backend=detectnet_native no detections
[tag] no detections
[map] motion direction=forward speed=0.2 effective_seconds=0.0625600814819336 pose={'x_m': -0.45409033328304255, 'y_m': 0.5018058232128482, 'heading_rad': -3.0917747980205696}
[map] navigate label=bin_docking distance_m=7.519 heading_error_rad=-0.117
[can] backend=detectnet_native no detections
[tag] no detections
[map] motion direction=forward speed=0.2 effective_seconds=0.06076836585998535 pose={'x_m': -0.454188681455263, 'y_m': 0.4998333015766964, 'heading_rad': -3.0917747980205696}
[map] navigate label=bin_docking distance_m=7.517 heading_error_rad=-0.117
[can] backend=detectnet_native no detections
[tag] no detections
[map] motion direction=forward speed=0.2 effective_seconds=0.06132030487060547 pose={'x_m': -0.454287922891472, 'y_m': 0.49784286417755064, 'heading_rad': -3.0917747980205696}
[map] navigate label=bin_docking distance_m=7.515 heading_error_rad=-0.117
[can] backend=detectnet_native no detections
[tag] no detections
[map] motion direction=forward speed=0.2 effective_seconds=0.06051826477050781 pose={'x_m': -0.4543858662974185, 'y_m': 0.4958784607424273, 'heading_rad': -3.0917747980205696}
[map] navigate label=bin_docking distance_m=7.513 heading_error_rad=-0.117
[can] backend=detectnet_native no detections
[tag] no detections
[map] motion direction=forward speed=0.2 effective_seconds=0.06291723251342773 pose={'x_m': -0.4544876922183774, 'y_m': 0.4938361875849514, 'heading_rad': -3.0917747980205696}
[map] navigate label=bin_docking distance_m=7.511 heading_error_rad=-0.117
[can] backend=detectnet_native no detections
[tag] no detections
[map] motion direction=forward speed=0.2 effective_seconds=0.06458497047424316 pose={'x_m': -0.454592217224261, 'y_m': 0.4917397801889686, 'heading_rad': -3.0917747980205696}
[map] navigate label=bin_docking distance_m=7.509 heading_error_rad=-0.117
[can] backend=detectnet_native no detections
[tag] no detections
[map] motion direction=forward speed=0.2 effective_seconds=0.06284284591674805 pose={'x_m': -0.45469392275715753, 'y_m': 0.4896999215965268, 'heading_rad': -3.0917747980205696}
[map] navigate label=bin_docking distance_m=7.507 heading_error_rad=-0.117
[can] backend=detectnet_native no detections
[tag] no detections
[map] motion direction=forward speed=0.2 effective_seconds=0.06157040596008301 pose={'x_m': -0.4547935689596405, 'y_m': 0.4877013659963526, 'heading_rad': -3.0917747980205696}
[map] navigate label=bin_docking distance_m=7.505 heading_error_rad=-0.117
[can] backend=detectnet_native no detections
[tag] no detections
[map] motion direction=forward speed=0.2 effective_seconds=0.05856180191040039 pose={'x_m': -0.4548883460052022, 'y_m': 0.4858004687172247, 'heading_rad': -3.0917747980205696}
[map] navigate label=bin_docking distance_m=7.503 heading_error_rad=-0.117
[can] backend=detectnet_native no detections
[tag] no detections
[map] motion direction=forward speed=0.2 effective_seconds=0.05968117713928223 pose={'x_m': -0.45498493465958756, 'y_m': 0.48386323687772653, 'heading_rad': -3.0917747980205696}
[map] navigate label=bin_docking distance_m=7.501 heading_error_rad=-0.117
[can] backend=detectnet_native no detections
[tag] no detections
[map] motion direction=forward speed=0.2 effective_seconds=0.0625302791595459 pose={'x_m': -0.4550861343311065, 'y_m': 0.4818335241018227, 'heading_rad': -3.0917747980205696}
[map] navigate label=bin_docking distance_m=7.499 heading_error_rad=-0.117
[can] backend=detectnet_native no detections
[tag] no detections
[map] motion direction=forward speed=0.2 effective_seconds=0.06111955642700195 pose={'x_m': -0.4551850508738908, 'y_m': 0.479849602932673, 'heading_rad': -3.0917747980205696}
[map] navigate label=bin_docking distance_m=7.497 heading_error_rad=-0.117
[can] backend=detectnet_native no detections
[tag] no detections
[map] motion direction=forward speed=0.2 effective_seconds=0.06266212463378906 pose={'x_m': -0.4552864639255331, 'y_m': 0.47781561049502586, 'heading_rad': -3.0917747980205696}
[map] navigate label=bin_docking distance_m=7.495 heading_error_rad=-0.117
[can] backend=detectnet_native no detections
[tag] no detections
[map] motion direction=forward speed=0.2 effective_seconds=0.06307744979858398 pose={'x_m': -0.45538854914385724, 'y_m': 0.4757681367359378, 'heading_rad': -3.0917747980205696}
[map] navigate label=bin_docking distance_m=7.493 heading_error_rad=-0.117
[can] backend=detectnet_native no detections
[tag] no detections
[map] motion direction=forward speed=0.2 effective_seconds=0.05974268913269043 pose={'x_m': -0.45548523734990953, 'y_m': 0.4738289082368921, 'heading_rad': -3.0917747980205696}
[map] navigate label=bin_docking distance_m=7.491 heading_error_rad=-0.117
[can] backend=detectnet_native no detections
[tag] no detections
[map] motion direction=forward speed=0.2 effective_seconds=0.05901932716369629 pose={'x_m': -0.45558075485922683, 'y_m': 0.4719131598350058, 'heading_rad': -3.0917747980205696}
[map] navigate label=bin_docking distance_m=7.489 heading_error_rad=-0.117
[can] backend=detectnet_native no detections
[tag] backend=pupil_apriltags id=0 center=(115.9,123.6) error_x=-0.138 yaw_deg=30.28 height=11.1px height_norm=0.046 margin=19.88 distance=1.21423484268946
[map] motion direction=forward speed=0.2 effective_seconds=0.4066591262817383 pose={'x_m': -0.45623889633169473, 'y_m': 0.4587131352205957, 'heading_rad': -3.0917747980205696}
[base] continuous stop label=map_forward_bin_docking elapsed=0.407s
[base] stop
[fsm] MAP_NAVIGATING --TARGET_FOUND--> ALIGNING
[can] backend=detectnet_native no detections
[tag] no detections
[base] stop
[can] backend=detectnet_native no detections
[tag] backend=pupil_apriltags id=0 center=(115.8,124.1) error_x=-0.138 yaw_deg=-44.83 height=10.6px height_norm=0.044 margin=20.22 distance=1.19059875106464
[base] stop
[fsm] ALIGNING --TARGET_ALIGNED--> APPROACHING
[can] backend=detectnet_native no detections
[tag] no detections
[base] stop
[can] backend=detectnet_native no detections
[tag] no detections
[base] stop
[can] backend=detectnet_native no detections
[tag] no detections
[base] stop
[can] backend=detectnet_native no detections
[tag] backend=pupil_apriltags id=0 center=(115.8,124.1) error_x=-0.138 yaw_deg=-45.06 height=10.6px height_norm=0.044 margin=19.98 distance=1.1897156955729717
[approach] target=bin mode=pnp_z bbox=0.044/None bbox_ok=False depth_raw=n/a/None depth_ok=False pnp_z=1.179/0.36 pnp_ok=False error_x=-0.138
[base] continuous start label=approach_bin_steer direction=left requested_speed=0.15 effective_speed=0.15
[visual-turn] label=approach_bin_steer direction=left speed=0.15
[can] backend=detectnet_native no detections
[tag] backend=pupil_apriltags id=0 center=(115.7,124.1) error_x=-0.138 yaw_deg=-45.05 height=10.6px height_norm=0.044 margin=20.54 distance=1.18968002441505
[approach] target=bin mode=pnp_z bbox=0.044/None bbox_ok=False depth_raw=n/a/None depth_ok=False pnp_z=1.179/0.36 pnp_ok=False error_x=-0.138
[can] backend=detectnet_native no detections
[tag] no detections
[map] motion direction=left speed=0.15 effective_seconds=0.14348626136779785 pose={'x_m': -0.45623889633169473, 'y_m': 0.4587131352205957, 'heading_rad': -3.1134466915111547}
[base] continuous stop label=approach_bin_steer elapsed=0.143s
[base] stop
[can] backend=detectnet_native no detections
[tag] backend=pupil_apriltags id=0 center=(117.7,124.1) error_x=-0.132 yaw_deg=-45.06 height=10.9px height_norm=0.045 margin=19.45 distance=1.1804865556952873
[approach] target=bin mode=pnp_z bbox=0.045/None bbox_ok=False depth_raw=n/a/None depth_ok=False pnp_z=1.171/0.36 pnp_ok=False error_x=-0.132
[base] continuous start label=approach_bin_steer direction=left requested_speed=0.15 effective_speed=0.15
[visual-turn] label=approach_bin_steer direction=left speed=0.15
[can] backend=detectnet_native no detections
[tag] no detections
[map] motion direction=left speed=0.15 effective_seconds=0.08494353294372559 pose={'x_m': -0.45623889633169473, 'y_m': 0.4587131352205957, 'heading_rad': -3.1262764020431733}
[base] continuous stop label=approach_bin_steer elapsed=0.085s
[base] stop
[can] backend=detectnet_native no detections
[tag] no detections
[base] stop
[can] backend=detectnet_native detections=1 best_confidence=0.208
[depth] map_can_0_depth mean=3.247 min=2.988 max=3.447
[map] can added id=1 position={'x_m': -0.41154958842762834, 'y_m': 0.13712902196760718}
[tag] backend=pupil_apriltags id=0 center=(119.9,124.1) error_x=-0.125 yaw_deg=-46.07 height=10.7px height_norm=0.045 margin=22.38 distance=1.187548482725699
[approach] target=bin mode=pnp_z bbox=0.045/None bbox_ok=False depth_raw=n/a/None depth_ok=False pnp_z=1.179/0.36 pnp_ok=False error_x=-0.125
[base] continuous start label=approach_bin_steer direction=left requested_speed=0.15 effective_speed=0.15
[visual-turn] label=approach_bin_steer direction=left speed=0.15
[can] backend=detectnet_native detections=1 best_confidence=0.208
[depth] map_can_0_depth mean=3.286 min=2.940 max=3.444
[map] can merged id=1 position={'x_m': -0.41098947747067044, 'y_m': 0.13523458034735272} observations=2
[tag] backend=pupil_apriltags id=0 center=(119.9,124.1) error_x=-0.125 yaw_deg=-46.08 height=10.9px height_norm=0.045 margin=21.58 distance=1.187923938133114
[approach] target=bin mode=pnp_z bbox=0.045/None bbox_ok=False depth_raw=n/a/None depth_ok=False pnp_z=1.179/0.36 pnp_ok=False error_x=-0.125
[can] backend=detectnet_native no detections
[tag] no detections
[map] motion direction=left speed=0.15 effective_seconds=0.1724405288696289 pose={'x_m': -0.45623889633169473, 'y_m': 0.4587131352205957, 'heading_rad': 3.130863813853817}
[base] continuous stop label=approach_bin_steer elapsed=0.172s
[base] stop
[can] backend=detectnet_native no detections
[tag] backend=pupil_apriltags id=0 center=(124.7,124.1) error_x=-0.110 yaw_deg=-42.97 height=10.7px height_norm=0.045 margin=20.30 distance=1.1877431113994037
[approach] target=bin mode=pnp_z bbox=0.045/None bbox_ok=False depth_raw=n/a/None depth_ok=False pnp_z=1.181/0.36 pnp_ok=False error_x=-0.110
[base] continuous start label=approach_bin_steer direction=left requested_speed=0.15 effective_speed=0.15
[visual-turn] label=approach_bin_steer direction=left speed=0.15
[can] backend=detectnet_native no detections
[tag] backend=pupil_apriltags id=0 center=(124.7,124.1) error_x=-0.110 yaw_deg=-42.73 height=10.7px height_norm=0.045 margin=19.31 distance=1.1905426673944466
[approach] target=bin mode=pnp_z bbox=0.045/None bbox_ok=False depth_raw=n/a/None depth_ok=False pnp_z=1.184/0.36 pnp_ok=False error_x=-0.110
[can] backend=detectnet_native no detections
[tag] backend=pupil_apriltags id=0 center=(124.7,124.1) error_x=-0.110 yaw_deg=-44.42 height=10.7px height_norm=0.045 margin=17.05 distance=1.1876079985018255
[approach] target=bin mode=pnp_z bbox=0.045/None bbox_ok=False depth_raw=n/a/None depth_ok=False pnp_z=1.181/0.36 pnp_ok=False error_x=-0.110
[can] backend=detectnet_native detections=1 best_confidence=0.201
[depth] map_can_0_depth mean=3.305 min=3.110 max=3.493
[map] can merged id=1 position={'x_m': -0.410132022302085, 'y_m': 0.13405562164625892} observations=3
[tag] no detections
[map] motion direction=left speed=0.15 effective_seconds=0.23574423789978027 pose={'x_m': -0.45623889633169473, 'y_m': 0.4587131352205957, 'heading_rad': 3.0952574501080417}
[base] continuous stop label=approach_bin_steer elapsed=0.236s
[base] stop
[can] backend=detectnet_native no detections
[tag] backend=pupil_apriltags id=0 center=(131.9,123.5) error_x=-0.088 yaw_deg=-45.59 height=11.3px height_norm=0.047 margin=19.17 distance=1.156035599087201
[approach] target=bin mode=pnp_z bbox=0.047/None bbox_ok=False depth_raw=n/a/None depth_ok=False pnp_z=1.152/0.36 pnp_ok=False error_x=-0.088
[base] continuous start label=approach_bin_forward direction=forward requested_speed=0.6 effective_speed=0.6
[can] backend=detectnet_native no detections
[tag] backend=pupil_apriltags id=0 center=(132.0,123.5) error_x=-0.088 yaw_deg=-44.98 height=11.2px height_norm=0.047 margin=19.91 distance=1.1669648950755527
[approach] target=bin mode=pnp_z bbox=0.047/None bbox_ok=False depth_raw=n/a/None depth_ok=False pnp_z=1.163/0.36 pnp_ok=False error_x=-0.088
[can] backend=detectnet_native no detections
[tag] backend=pupil_apriltags id=0 center=(131.9,123.7) error_x=-0.088 yaw_deg=31.08 height=10.9px height_norm=0.046 margin=15.19 distance=1.1824158370046383
[approach] target=bin mode=pnp_z bbox=0.046/None bbox_ok=False depth_raw=n/a/None depth_ok=False pnp_z=1.178/0.36 pnp_ok=False error_x=-0.088
[can] backend=detectnet_native no detections
[tag] no detections
[map] motion direction=forward speed=0.6 effective_seconds=0.2116227149963379 pose={'x_m': -0.4552219312316591, 'y_m': 0.4367808433983484, 'heading_rad': 3.0952574501080417}
[base] continuous stop label=approach_bin_forward elapsed=0.212s
[base] stop
[can] backend=detectnet_native no detections
[tag] no detections
[base] stop
[can] backend=detectnet_native no detections
[tag] backend=pupil_apriltags id=0 center=(135.0,124.1) error_x=-0.078 yaw_deg=-44.43 height=10.7px height_norm=0.044 margin=26.13 distance=1.1687132889542449
[approach] target=bin mode=pnp_z bbox=0.044/None bbox_ok=False depth_raw=n/a/None depth_ok=False pnp_z=1.166/0.36 pnp_ok=False error_x=-0.078
[base] continuous start label=approach_bin_forward direction=forward requested_speed=0.6 effective_speed=0.6
[can] backend=detectnet_native no detections
[tag] backend=pupil_apriltags id=0 center=(135.0,124.1) error_x=-0.078 yaw_deg=-44.18 height=10.7px height_norm=0.045 margin=24.48 distance=1.1699618200851858
[approach] target=bin mode=pnp_z bbox=0.045/None bbox_ok=False depth_raw=n/a/None depth_ok=False pnp_z=1.167/0.36 pnp_ok=False error_x=-0.078
[can] backend=detectnet_native detections=1 best_confidence=0.266
[depth] map_can_0_depth mean=3.410 min=3.181 max=3.578
[map] can added id=2 position={'x_m': -0.40171900013930545, 'y_m': 0.09999937224542604}
[tag] backend=pupil_apriltags id=0 center=(135.1,124.0) error_x=-0.078 yaw_deg=-44.17 height=11.0px height_norm=0.046 margin=22.61 distance=1.1583334928942377
[approach] target=bin mode=pnp_z bbox=0.046/None bbox_ok=False depth_raw=n/a/None depth_ok=False pnp_z=1.155/0.36 pnp_ok=False error_x=-0.078
[can] backend=detectnet_native detections=1 best_confidence=0.242
[depth] map_can_0_depth mean=3.328 min=3.199 max=3.467
[map] can merged id=2 position={'x_m': -0.4030321010157685, 'y_m': 0.10392600596876078} observations=2
[tag] no detections
[map] motion direction=forward speed=0.6 effective_seconds=0.2723212242126465 pose={'x_m': -0.45391327596264397, 'y_m': 0.408557840215884, 'heading_rad': 3.0952574501080417}
[base] continuous stop label=approach_bin_forward elapsed=0.272s
[base] stop
[can] backend=detectnet_native no detections
[tag] no detections
[base] stop
[can] backend=detectnet_native detections=1 best_confidence=0.215
[depth] map_can_0_depth mean=3.316 min=3.145 max=3.470
[map] can added id=3 position={'x_m': -0.4044892482162411, 'y_m': 0.08070332641659783}
[tag] no detections
[base] stop
[can] backend=detectnet_native detections=1 best_confidence=0.214
[depth] map_can_0_depth mean=3.334 min=3.146 max=3.477
[map] can merged id=3 position={'x_m': -0.40384791763872857, 'y_m': 0.07987975068824349} observations=2
[tag] no detections
[base] stop
[can] backend=detectnet_native detections=1 best_confidence=0.247
[depth] map_can_0_depth mean=3.313 min=3.113 max=3.453
[map] can merged id=3 position={'x_m': -0.40340432149516675, 'y_m': 0.08033941654113867} observations=3
[tag] no detections
[base] stop
[fsm] APPROACHING --TARGET_MISSING--> SEARCHING reason=approach target lost
[can] backend=detectnet_native no detections
[tag] no detections
[base] continuous start label=search_bin_routine_2_step_0 direction=forward requested_speed=0.6 effective_speed=0.6
[can] backend=detectnet_native detections=1 best_confidence=0.220
[depth] map_can_0_depth mean=3.336 min=3.134 max=3.458
[map] can merged id=3 position={'x_m': -0.40359769923498934, 'y_m': 0.07991394954045833} observations=4
[tag] no detections
[map] motion direction=forward speed=0.6 effective_seconds=0.09360504150390625 pose={'x_m': -0.45346345156454704, 'y_m': 0.3988567403772737, 'heading_rad': 3.0952574501080417}
[can] backend=detectnet_native no detections
[tag] backend=pupil_apriltags id=0 center=(135.6,124.9) error_x=-0.076 yaw_deg=35.18 height=11.8px height_norm=0.049 margin=19.19 distance=1.0997172891848477
[map] motion direction=forward speed=0.6 effective_seconds=0.08284378051757812 pose={'x_m': -0.45306534102361173, 'y_m': 0.39027092306554906, 'heading_rad': 3.0952574501080417}
[base] continuous stop label=search_bin_routine_2_step_0 elapsed=0.083s
[base] stop
[fsm] SEARCHING --TARGET_FOUND--> ALIGNING
[can] backend=detectnet_native detections=1 best_confidence=0.214
[depth] map_can_0_depth mean=3.267 min=3.145 max=3.432
[map] can added id=4 position={'x_m': -0.405273412159482, 'y_m': 0.06707925589528069}
[tag] no detections
[base] stop
[can] backend=detectnet_native no detections
[tag] no detections
[base] stop
[can] backend=detectnet_native no detections
[tag] no detections
[base] stop
[can] backend=detectnet_native detections=1 best_confidence=0.243
[depth] map_can_0_depth mean=3.193 min=3.073 max=3.363
[map] can merged id=3 position={'x_m': -0.40414845053782883, 'y_m': 0.0788050591192423} observations=5
[tag] no detections
[base] stop
[can] backend=detectnet_native detections=1 best_confidence=0.211
[depth] map_can_0_depth mean=3.144 min=3.027 max=3.309
[map] can merged id=3 position={'x_m': -0.4043320962050208, 'y_m': 0.07893086471510942} observations=6
[tag] no detections
[base] stop
[can] backend=detectnet_native no detections
[tag] no detections
[base] stop
[can] backend=detectnet_native detections=1 best_confidence=0.215
[depth] map_can_0_depth mean=3.224 min=3.110 max=3.383
[map] can merged id=4 position={'x_m': -0.40510294100768807, 'y_m': 0.06930671199091157} observations=2
[tag] no detections
[base] stop
[can] backend=detectnet_native no detections
[tag] no detections
[base] stop
[fsm] ALIGNING --TARGET_MISSING--> SEARCHING reason=alignment target lost
[can] backend=detectnet_native no detections
[tag] no detections
[base] continuous start label=search_bin_routine_2_step_0 direction=forward requested_speed=0.6 effective_speed=0.6
[can] backend=detectnet_native detections=1 best_confidence=0.227
[depth] map_can_0_depth mean=3.194 min=3.057 max=3.385
[map] can merged id=3 position={'x_m': -0.4046183589684018, 'y_m': 0.07826424725366699} observations=7
[tag] no detections
[map] motion direction=forward speed=0.6 effective_seconds=0.09581971168518066 pose={'x_m': -0.4526048739008787, 'y_m': 0.3803402978061607, 'heading_rad': 3.0952574501080417}
[can] backend=detectnet_native detections=1 best_confidence=0.254
[depth] map_can_0_depth mean=3.166 min=3.065 max=3.296
[map] can merged id=4 position={'x_m': -0.40555134998918696, 'y_m': 0.06857115746763219} observations=3
[tag] no detections
[map] motion direction=forward speed=0.6 effective_seconds=0.09446501731872559 pose={'x_m': -0.4521509168396574, 'y_m': 0.37055007123778977, 'heading_rad': 3.0952574501080417}
[can] backend=detectnet_native no detections
[tag] backend=pupil_apriltags id=0 center=(137.2,125.5) error_x=-0.071 yaw_deg=-40.11 height=11.7px height_norm=0.049 margin=21.30 distance=1.078225556658065
[map] motion direction=forward speed=0.6 effective_seconds=0.08102250099182129 pose={'x_m': -0.45176155856198996, 'y_m': 0.362153008871627, 'heading_rad': 3.0952574501080417}
[base] continuous stop label=search_bin_routine_2_step_0 elapsed=0.081s
[base] stop
[fsm] SEARCHING --TARGET_FOUND--> ALIGNING
[can] backend=detectnet_native no detections
[tag] backend=pupil_apriltags id=0 center=(137.0,125.7) error_x=-0.072 yaw_deg=-38.79 height=11.9px height_norm=0.050 margin=21.74 distance=1.0581692345657967
[base] continuous start label=align_bin direction=right requested_speed=0.15 effective_speed=0.15
[visual-turn] label=align_bin direction=right speed=0.15
[can] backend=detectnet_native no detections
[tag] backend=pupil_apriltags id=0 center=(136.9,125.8) error_x=-0.072 yaw_deg=-35.7 height=11.9px height_norm=0.050 margin=26.44 distance=1.0566470972053756
[can] backend=detectnet_native no detections
[tag] backend=pupil_apriltags id=0 center=(137.3,126.1) error_x=-0.071 yaw_deg=-44.99 height=12.7px height_norm=0.053 margin=22.88 distance=0.9988160920929423
[can] backend=detectnet_native no detections
[tag] no detections
[map] motion direction=right speed=0.15 effective_seconds=0.20914864540100098 pose={'x_m': -0.45176155856198996, 'y_m': 0.362153008871627, 'heading_rad': 3.1317607749913794}
[base] continuous stop label=align_bin elapsed=0.209s
[base] stop
[can] backend=detectnet_native detections=1 best_confidence=0.244
[depth] map_can_0_depth mean=3.199 min=3.088 max=3.362
[map] can added id=5 position={'x_m': -0.4142652981645313, 'y_m': 0.04441360141082151}
[tag] backend=pupil_apriltags id=0 center=(136.9,126.2) error_x=-0.072 yaw_deg=-37.5 height=12.6px height_norm=0.053 margin=23.29 distance=1.021978459939358
[base] continuous start label=align_bin direction=right requested_speed=0.15 effective_speed=0.15
[visual-turn] label=align_bin direction=right speed=0.15
[can] backend=detectnet_native detections=1 best_confidence=0.229
[depth] map_can_0_depth mean=3.217 min=3.106 max=3.324
[map] can merged id=5 position={'x_m': -0.4140416554400102, 'y_m': 0.04357106086000262} observations=2
[tag] backend=pupil_apriltags id=0 center=(136.9,126.2) error_x=-0.072 yaw_deg=-37.45 height=12.7px height_norm=0.053 margin=23.18 distance=1.019335019367463
[can] backend=detectnet_native no detections
[tag] no detections
[map] motion direction=right speed=0.15 effective_seconds=0.17292332649230957 pose={'x_m': -0.45176155856198996, 'y_m': 0.362153008871627, 'heading_rad': -3.1212437181802857}
[base] continuous stop label=align_bin elapsed=0.173s
[base] stop
[can] backend=detectnet_native no detections
[tag] no detections
[base] stop
[can] backend=detectnet_native detections=1 best_confidence=0.204
[depth] map_can_0_depth mean=3.271 min=3.163 max=3.445
[map] can merged id=5 position={'x_m': -0.4159162223966242, 'y_m': 0.04125482297896793} observations=3
[tag] no detections
[base] stop
[can] backend=detectnet_native no detections
[tag] no detections
[base] stop
[can] backend=detectnet_native detections=1 best_confidence=0.223
[depth] map_can_0_depth mean=3.189 min=3.068 max=3.356
[map] can merged id=5 position={'x_m': -0.4165266463262066, 'y_m': 0.042183215205775254} observations=4
[tag] no detections
[base] stop
[can] backend=detectnet_native no detections
[tag] no detections
[base] stop
[can] backend=detectnet_native no detections
[tag] no detections
[base] stop
[can] backend=detectnet_native no detections
[tag] no detections
[base] stop
[fsm] ALIGNING --TARGET_MISSING--> SEARCHING reason=alignment target lost
[can] backend=detectnet_native detections=1 best_confidence=0.236
[depth] map_can_0_depth mean=3.263 min=3.161 max=3.410
[map] can merged id=5 position={'x_m': -0.41673919196636344, 'y_m': 0.04128070780746083} observations=5
[tag] no detections
[base] continuous start label=search_bin_routine_2_step_0 direction=forward requested_speed=0.6 effective_speed=0.6
[can] backend=detectnet_native no detections
[tag] no detections
[map] motion direction=forward speed=0.6 effective_seconds=0.06739664077758789 pose={'x_m': -0.4519038366685364, 'y_m': 0.35516205504490633, 'heading_rad': -3.1212437181802857}
[can] backend=detectnet_native no detections
[tag] no detections
[map] motion direction=forward speed=0.6 effective_seconds=0.06247258186340332 pose={'x_m': -0.4520357198092396, 'y_m': 0.3486818665636384, 'heading_rad': -3.1212437181802857}
[can] backend=detectnet_native no detections
[tag] backend=pupil_apriltags id=0 center=(128.9,126.3) error_x=-0.097 yaw_deg=-41.45 height=12.7px height_norm=0.053 margin=14.09 distance=0.9967883168381138
[map] motion direction=forward speed=0.6 effective_seconds=0.08221864700317383 pose={'x_m': -0.4522092880061625, 'y_m': 0.34015344796201324, 'heading_rad': -3.1212437181802857}
[base] continuous stop label=search_bin_routine_2_step_0 elapsed=0.082s
[base] stop
[fsm] SEARCHING --TARGET_FOUND--> ALIGNING
[can] backend=detectnet_native no detections
[tag] backend=pupil_apriltags id=0 center=(127.9,126.1) error_x=-0.100 yaw_deg=29.58 height=12.4px height_norm=0.052 margin=17.41 distance=1.0031945950078953
[base] stop
[fsm] ALIGNING --TARGET_ALIGNED--> APPROACHING
[can] backend=detectnet_native no detections
[tag] backend=pupil_apriltags id=0 center=(127.9,126.1) error_x=-0.100 yaw_deg=-41.11 height=12.5px height_norm=0.052 margin=21.40 distance=0.9940250561604409
[approach] target=bin mode=pnp_z bbox=0.052/None bbox_ok=False depth_raw=n/a/None depth_ok=False pnp_z=0.990/0.36 pnp_ok=False error_x=-0.100
[base] continuous start label=approach_bin_steer direction=left requested_speed=0.15 effective_speed=0.15
[visual-turn] label=approach_bin_steer direction=left speed=0.15
[can] backend=detectnet_native no detections
[tag] backend=pupil_apriltags id=0 center=(128.0,126.5) error_x=-0.100 yaw_deg=30.71 height=13.2px height_norm=0.055 margin=20.92 distance=0.9914813127185103
[approach] target=bin mode=pnp_z bbox=0.055/None bbox_ok=False depth_raw=n/a/None depth_ok=False pnp_z=0.987/0.36 pnp_ok=False error_x=-0.100
[can] backend=detectnet_native no detections
[tag] backend=pupil_apriltags id=0 center=(127.9,126.9) error_x=-0.100 yaw_deg=-40.23 height=12.9px height_norm=0.054 margin=22.47 distance=0.9977080891271056
[approach] target=bin mode=pnp_z bbox=0.054/None bbox_ok=False depth_raw=n/a/None depth_ok=False pnp_z=0.993/0.36 pnp_ok=False error_x=-0.100
[can] backend=detectnet_native no detections
[tag] backend=pupil_apriltags id=0 center=(128.1,126.9) error_x=-0.100 yaw_deg=-41.13 height=13.1px height_norm=0.055 margin=22.94 distance=0.9911496496937804
[approach] target=bin mode=pnp_z bbox=0.055/None bbox_ok=False depth_raw=n/a/None depth_ok=False pnp_z=0.987/0.36 pnp_ok=False error_x=-0.100
[map] motion direction=left speed=0.15 effective_seconds=0.21083307266235352 pose={'x_m': -0.4522092880061625, 'y_m': 0.34015344796201324, 'heading_rad': 3.130097760527673}
[base] continuous stop label=approach_bin_steer elapsed=0.211s
[base] stop
[base] continuous start label=approach_bin_forward direction=forward requested_speed=0.6 effective_speed=0.6
[can] backend=detectnet_native no detections
[tag] no detections
[map] motion direction=forward speed=0.6 effective_seconds=0.07635617256164551 pose={'x_m': -0.452118228010059, 'y_m': 0.3322320184269641, 'heading_rad': 3.130097760527673}
[base] continuous stop label=approach_bin_forward elapsed=0.076s
[base] stop
[can] backend=detectnet_native no detections
[tag] backend=pupil_apriltags id=0 center=(131.2,126.7) error_x=-0.090 yaw_deg=-41.57 height=13.5px height_norm=0.056 margin=18.89 distance=0.9612900495457768
[approach] target=bin mode=pnp_z bbox=0.056/None bbox_ok=False depth_raw=n/a/None depth_ok=False pnp_z=0.958/0.36 pnp_ok=False error_x=-0.090
[base] continuous start label=approach_bin_forward direction=forward requested_speed=0.6 effective_speed=0.6
[can] backend=detectnet_native no detections
[tag] backend=pupil_apriltags id=0 center=(132.6,126.9) error_x=-0.086 yaw_deg=25.5 height=13.3px height_norm=0.055 margin=20.26 distance=0.9759988899581696
[approach] target=bin mode=pnp_z bbox=0.055/None bbox_ok=False depth_raw=n/a/None depth_ok=False pnp_z=0.973/0.36 pnp_ok=False error_x=-0.086
[can] backend=detectnet_native no detections
[tag] backend=pupil_apriltags id=0 center=(132.5,126.8) error_x=-0.086 yaw_deg=-34.86 height=13.3px height_norm=0.055 margin=19.43 distance=0.9723376482219533
[approach] target=bin mode=pnp_z bbox=0.055/None bbox_ok=False depth_raw=n/a/None depth_ok=False pnp_z=0.969/0.36 pnp_ok=False error_x=-0.086
[can] backend=detectnet_native no detections
[tag] backend=pupil_apriltags id=0 center=(133.0,127.4) error_x=-0.084 yaw_deg=-42.17 height=13.2px height_norm=0.055 margin=25.91 distance=0.9662856046522843
[approach] target=bin mode=pnp_z bbox=0.055/None bbox_ok=False depth_raw=n/a/None depth_ok=False pnp_z=0.963/0.36 pnp_ok=False error_x=-0.084
[can] backend=detectnet_native no detections
[tag] backend=pupil_apriltags id=0 center=(132.7,127.5) error_x=-0.085 yaw_deg=-41.67 height=13.3px height_norm=0.055 margin=25.79 distance=0.9560336821695858
[approach] target=bin mode=pnp_z bbox=0.055/None bbox_ok=False depth_raw=n/a/None depth_ok=False pnp_z=0.953/0.36 pnp_ok=False error_x=-0.085
[can] backend=detectnet_native no detections
[tag] backend=pupil_apriltags id=0 center=(132.3,128.1) error_x=-0.086 yaw_deg=-33.1 height=12.8px height_norm=0.053 margin=19.93 distance=0.9797371892626554
[approach] target=bin mode=pnp_z bbox=0.053/None bbox_ok=False depth_raw=n/a/None depth_ok=False pnp_z=0.977/0.36 pnp_ok=False error_x=-0.086
[can] backend=detectnet_native detections=1 best_confidence=0.201
[depth] map_can_0_depth mean=3.181 min=3.004 max=3.323
[map] can added id=6 position={'x_m': -0.40737758079023584, 'y_m': 0.01729124757477446}
[tag] backend=pupil_apriltags id=0 center=(132.3,128.7) error_x=-0.087 yaw_deg=-37.76 height=13.7px height_norm=0.057 margin=24.68 distance=0.9343097937376795
[approach] target=bin mode=pnp_z bbox=0.057/None bbox_ok=False depth_raw=n/a/None depth_ok=False pnp_z=0.931/0.36 pnp_ok=False error_x=-0.087
[can] backend=detectnet_native no detections
[tag] backend=pupil_apriltags id=0 center=(132.4,129.0) error_x=-0.086 yaw_deg=-41.21 height=14.4px height_norm=0.060 margin=24.98 distance=0.8908180315963689
[approach] target=bin mode=pnp_z bbox=0.060/None bbox_ok=False depth_raw=n/a/None depth_ok=False pnp_z=0.888/0.36 pnp_ok=False error_x=-0.086
[can] backend=detectnet_native no detections
[tag] backend=pupil_apriltags id=0 center=(132.7,128.9) error_x=-0.085 yaw_deg=30.77 height=14.4px height_norm=0.060 margin=23.42 distance=0.8919898205235746
[approach] target=bin mode=pnp_z bbox=0.060/None bbox_ok=False depth_raw=n/a/None depth_ok=False pnp_z=0.889/0.36 pnp_ok=False error_x=-0.085
[can] backend=detectnet_native no detections
[tag] backend=pupil_apriltags id=0 center=(132.5,129.5) error_x=-0.086 yaw_deg=-39.44 height=14.4px height_norm=0.060 margin=24.17 distance=0.8967799953979827
[approach] target=bin mode=pnp_z bbox=0.060/None bbox_ok=False depth_raw=n/a/None depth_ok=False pnp_z=0.894/0.36 pnp_ok=False error_x=-0.086
[can] backend=detectnet_native detections=1 best_confidence=0.315
[depth] map_can_0_depth mean=3.035 min=2.766 max=3.168
[map] can added id=7 position={'x_m': -0.4108915323121209, 'y_m': 0.03154482475897258}
[tag] backend=pupil_apriltags id=0 center=(132.6,130.1) error_x=-0.086 yaw_deg=-40.58 height=14.7px height_norm=0.061 margin=28.80 distance=0.8739972175129939
[approach] target=bin mode=pnp_z bbox=0.061/None bbox_ok=False depth_raw=n/a/None depth_ok=False pnp_z=0.871/0.36 pnp_ok=False error_x=-0.086
[can] backend=detectnet_native detections=1 best_confidence=0.365
[depth] map_can_0_depth mean=2.968 min=2.822 max=3.100
[map] can merged id=5 position={'x_m': -0.41591732704665635, 'y_m': 0.04077210752477781} observations=6
[tag] no detections
[map] motion direction=forward speed=0.6 effective_seconds=0.8156859874725342 pose={'x_m': -0.45114546627581986, 'y_m': 0.2476101881843061, 'heading_rad': 3.130097760527673}
[base] continuous stop label=approach_bin_forward elapsed=0.816s
[base] stop
[can] backend=detectnet_native detections=1 best_confidence=0.278
[depth] map_can_0_depth mean=2.939 min=2.729 max=3.066
[map] can added id=8 position={'x_m': -0.4119736056037996, 'y_m': -0.043620746538553606}
[tag] backend=pupil_apriltags id=0 center=(132.0,131.6) error_x=-0.087 yaw_deg=-36.74 height=15.3px height_norm=0.064 margin=26.50 distance=0.8322769163418586
[approach] target=bin mode=pnp_z bbox=0.064/None bbox_ok=False depth_raw=n/a/None depth_ok=False pnp_z=0.829/0.36 pnp_ok=False error_x=-0.087
[base] continuous start label=approach_bin_forward direction=forward requested_speed=0.6 effective_speed=0.6
[can] backend=detectnet_native detections=1 best_confidence=0.218
[depth] map_can_0_depth mean=2.866 min=2.627 max=2.977
[map] can merged id=8 position={'x_m': -0.4143130431892138, 'y_m': -0.040241783370172396} observations=2
[tag] backend=pupil_apriltags id=0 center=(135.4,131.6) error_x=-0.077 yaw_deg=-33.81 height=15.5px height_norm=0.065 margin=28.11 distance=0.8265791045099032
[approach] target=bin mode=pnp_z bbox=0.065/None bbox_ok=False depth_raw=n/a/None depth_ok=False pnp_z=0.824/0.36 pnp_ok=False error_x=-0.077
[can] backend=detectnet_native detections=1 best_confidence=0.234
[depth] map_can_0_depth mean=2.901 min=2.672 max=3.026
[map] can merged id=8 position={'x_m': -0.4149491599723241, 'y_m': -0.04030056010657224} observations=3
[tag] backend=pupil_apriltags id=0 center=(135.4,131.6) error_x=-0.077 yaw_deg=-36.75 height=15.5px height_norm=0.065 margin=26.12 distance=0.8180452311657739
[approach] target=bin mode=pnp_z bbox=0.065/None bbox_ok=False depth_raw=n/a/None depth_ok=False pnp_z=0.816/0.36 pnp_ok=False error_x=-0.077
[can] backend=detectnet_native detections=1 best_confidence=0.272
[depth] map_can_0_depth mean=2.951 min=2.666 max=3.076
[map] can merged id=8 position={'x_m': -0.41434218849890714, 'y_m': -0.041456733093306275} observations=4
[tag] backend=pupil_apriltags id=0 center=(134.5,131.7) error_x=-0.080 yaw_deg=-34.83 height=15.7px height_norm=0.065 margin=32.45 distance=0.8034738999165151
[approach] target=bin mode=pnp_z bbox=0.065/None bbox_ok=False depth_raw=n/a/None depth_ok=False pnp_z=0.801/0.36 pnp_ok=False error_x=-0.080
[can] backend=detectnet_native detections=1 best_confidence=0.280
[depth] map_can_0_depth mean=2.934 min=2.775 max=3.050
[map] can merged id=8 position={'x_m': -0.4140657384201326, 'y_m': -0.04182982698013246} observations=5
[tag] backend=pupil_apriltags id=0 center=(134.1,132.2) error_x=-0.081 yaw_deg=29.51 height=17.1px height_norm=0.071 margin=30.24 distance=0.7720199384502834
[approach] target=bin mode=pnp_z bbox=0.071/None bbox_ok=False depth_raw=n/a/None depth_ok=False pnp_z=0.770/0.36 pnp_ok=False error_x=-0.081
[can] backend=detectnet_native detections=1 best_confidence=0.219
[depth] map_can_0_depth mean=2.927 min=2.748 max=3.032
[map] can merged id=8 position={'x_m': -0.4143361370553082, 'y_m': -0.04201667548965051} observations=6
[tag] backend=pupil_apriltags id=0 center=(134.0,133.1) error_x=-0.081 yaw_deg=-35.37 height=16.4px height_norm=0.068 margin=29.88 distance=0.7646053016114988
[approach] target=bin mode=pnp_z bbox=0.068/None bbox_ok=False depth_raw=n/a/None depth_ok=False pnp_z=0.762/0.36 pnp_ok=False error_x=-0.081
[can] backend=detectnet_native no detections
[tag] backend=pupil_apriltags id=0 center=(132.9,133.6) error_x=-0.085 yaw_deg=-38.23 height=17.4px height_norm=0.072 margin=33.42 distance=0.7350478632072697
[approach] target=bin mode=pnp_z bbox=0.072/None bbox_ok=False depth_raw=n/a/None depth_ok=False pnp_z=0.733/0.36 pnp_ok=False error_x=-0.085
[can] backend=detectnet_native no detections
[tag] backend=pupil_apriltags id=0 center=(133.6,133.6) error_x=-0.083 yaw_deg=-35.81 height=17.3px height_norm=0.072 margin=35.42 distance=0.735133827407093
[approach] target=bin mode=pnp_z bbox=0.072/None bbox_ok=False depth_raw=n/a/None depth_ok=False pnp_z=0.733/0.36 pnp_ok=False error_x=-0.083
[can] backend=detectnet_native no detections
[tag] backend=pupil_apriltags id=0 center=(133.3,134.0) error_x=-0.084 yaw_deg=-39.32 height=18.5px height_norm=0.077 margin=34.83 distance=0.7049010856078759
[approach] target=bin mode=pnp_z bbox=0.077/None bbox_ok=False depth_raw=n/a/None depth_ok=False pnp_z=0.703/0.36 pnp_ok=False error_x=-0.084
[can] backend=detectnet_native no detections
[tag] backend=pupil_apriltags id=0 center=(132.5,134.9) error_x=-0.086 yaw_deg=-34.36 height=18.0px height_norm=0.075 margin=33.66 distance=0.7112345529513304
[approach] target=bin mode=pnp_z bbox=0.075/None bbox_ok=False depth_raw=n/a/None depth_ok=False pnp_z=0.709/0.36 pnp_ok=False error_x=-0.086
[can] backend=detectnet_native no detections
[tag] backend=pupil_apriltags id=0 center=(132.6,135.3) error_x=-0.086 yaw_deg=-36.18 height=18.9px height_norm=0.079 margin=34.30 distance=0.6934968331760404
[approach] target=bin mode=pnp_z bbox=0.079/None bbox_ok=False depth_raw=n/a/None depth_ok=False pnp_z=0.691/0.36 pnp_ok=False error_x=-0.086
[can] backend=detectnet_native no detections
[tag] backend=pupil_apriltags id=0 center=(132.5,135.6) error_x=-0.086 yaw_deg=-38.19 height=19.4px height_norm=0.081 margin=34.72 distance=0.6850807574570089
[approach] target=bin mode=pnp_z bbox=0.081/None bbox_ok=False depth_raw=n/a/None depth_ok=False pnp_z=0.683/0.36 pnp_ok=False error_x=-0.086
[can] backend=detectnet_native no detections
[tag] backend=pupil_apriltags id=0 center=(132.3,135.9) error_x=-0.086 yaw_deg=-36.87 height=19.0px height_norm=0.079 margin=31.47 distance=0.6775540415138928
[approach] target=bin mode=pnp_z bbox=0.079/None bbox_ok=False depth_raw=n/a/None depth_ok=False pnp_z=0.675/0.36 pnp_ok=False error_x=-0.086
[can] backend=detectnet_native no detections
[tag] backend=pupil_apriltags id=0 center=(132.7,136.6) error_x=-0.085 yaw_deg=-36.91 height=19.4px height_norm=0.081 margin=34.13 distance=0.6525740398499206
[approach] target=bin mode=pnp_z bbox=0.081/None bbox_ok=False depth_raw=n/a/None depth_ok=False pnp_z=0.650/0.36 pnp_ok=False error_x=-0.085
[can] backend=detectnet_native no detections
[tag] backend=pupil_apriltags id=0 center=(132.9,137.0) error_x=-0.085 yaw_deg=-36.17 height=20.3px height_norm=0.085 margin=36.55 distance=0.6469799651600427
[approach] target=bin mode=pnp_z bbox=0.085/None bbox_ok=False depth_raw=n/a/None depth_ok=False pnp_z=0.645/0.36 pnp_ok=False error_x=-0.085
[can] backend=detectnet_native no detections
[tag] backend=pupil_apriltags id=0 center=(133.4,137.9) error_x=-0.083 yaw_deg=-35.09 height=20.8px height_norm=0.087 margin=32.91 distance=0.6284896685298208
[approach] target=bin mode=pnp_z bbox=0.087/None bbox_ok=False depth_raw=n/a/None depth_ok=False pnp_z=0.626/0.36 pnp_ok=False error_x=-0.083
[can] backend=detectnet_native no detections
[tag] backend=pupil_apriltags id=0 center=(133.2,138.2) error_x=-0.084 yaw_deg=-32.06 height=20.9px height_norm=0.087 margin=33.70 distance=0.6263568255529871
[approach] target=bin mode=pnp_z bbox=0.087/None bbox_ok=False depth_raw=n/a/None depth_ok=False pnp_z=0.624/0.36 pnp_ok=False error_x=-0.084
[can] backend=detectnet_native no detections
[tag] backend=pupil_apriltags id=0 center=(133.0,138.8) error_x=-0.084 yaw_deg=-34.56 height=21.3px height_norm=0.089 margin=35.93 distance=0.6094427284091325
[approach] target=bin mode=pnp_z bbox=0.089/None bbox_ok=False depth_raw=n/a/None depth_ok=False pnp_z=0.607/0.36 pnp_ok=False error_x=-0.084
[can] backend=detectnet_native no detections
[tag] backend=pupil_apriltags id=0 center=(132.3,139.7) error_x=-0.087 yaw_deg=-34.11 height=21.7px height_norm=0.090 margin=35.22 distance=0.5953269639806641
[approach] target=bin mode=pnp_z bbox=0.090/None bbox_ok=False depth_raw=n/a/None depth_ok=False pnp_z=0.593/0.36 pnp_ok=False error_x=-0.087
[can] backend=detectnet_native no detections
[tag] backend=pupil_apriltags id=0 center=(131.6,140.3) error_x=-0.089 yaw_deg=-33.69 height=23.1px height_norm=0.096 margin=35.79 distance=0.5764118552882151
[approach] target=bin mode=pnp_z bbox=0.096/None bbox_ok=False depth_raw=n/a/None depth_ok=False pnp_z=0.574/0.36 pnp_ok=False error_x=-0.089
[can] backend=detectnet_native no detections
[tag] backend=pupil_apriltags id=0 center=(131.4,141.2) error_x=-0.089 yaw_deg=-36.1 height=23.3px height_norm=0.097 margin=34.91 distance=0.565471071424892
[approach] target=bin mode=pnp_z bbox=0.097/None bbox_ok=False depth_raw=n/a/None depth_ok=False pnp_z=0.563/0.36 pnp_ok=False error_x=-0.089
[can] backend=detectnet_native no detections
[tag] backend=pupil_apriltags id=0 center=(131.0,142.5) error_x=-0.091 yaw_deg=-35.12 height=23.6px height_norm=0.098 margin=34.72 distance=0.5537210053664835
[approach] target=bin mode=pnp_z bbox=0.098/None bbox_ok=False depth_raw=n/a/None depth_ok=False pnp_z=0.551/0.36 pnp_ok=False error_x=-0.091
[can] backend=detectnet_native no detections
[tag] backend=pupil_apriltags id=0 center=(130.9,142.9) error_x=-0.091 yaw_deg=-34.08 height=24.4px height_norm=0.102 margin=35.30 distance=0.5385664188332515
[approach] target=bin mode=pnp_z bbox=0.102/None bbox_ok=False depth_raw=n/a/None depth_ok=False pnp_z=0.536/0.36 pnp_ok=False error_x=-0.091
[can] backend=detectnet_native no detections
[tag] backend=pupil_apriltags id=0 center=(129.8,143.3) error_x=-0.094 yaw_deg=-34.03 height=25.0px height_norm=0.104 margin=35.70 distance=0.532824715950986
[approach] target=bin mode=pnp_z bbox=0.104/None bbox_ok=False depth_raw=n/a/None depth_ok=False pnp_z=0.530/0.36 pnp_ok=False error_x=-0.094
[can] backend=detectnet_native no detections
[tag] backend=pupil_apriltags id=0 center=(129.0,144.0) error_x=-0.097 yaw_deg=-32.61 height=25.9px height_norm=0.108 margin=35.27 distance=0.5087948674767669
[approach] target=bin mode=pnp_z bbox=0.108/None bbox_ok=False depth_raw=n/a/None depth_ok=False pnp_z=0.506/0.36 pnp_ok=False error_x=-0.097
[can] backend=detectnet_native no detections
[tag] backend=pupil_apriltags id=0 center=(128.0,145.6) error_x=-0.100 yaw_deg=-33.76 height=27.0px height_norm=0.112 margin=35.78 distance=0.49910253787469033
[approach] target=bin mode=pnp_z bbox=0.112/None bbox_ok=False depth_raw=n/a/None depth_ok=False pnp_z=0.496/0.36 pnp_ok=False error_x=-0.100
[can] backend=detectnet_native no detections
[tag] backend=pupil_apriltags id=0 center=(127.3,146.9) error_x=-0.102 yaw_deg=-35.18 height=27.5px height_norm=0.115 margin=35.76 distance=0.4844745228661266
[approach] target=bin mode=pnp_z bbox=0.115/None bbox_ok=False depth_raw=n/a/None depth_ok=False pnp_z=0.481/0.36 pnp_ok=False error_x=-0.102
[map] motion direction=forward speed=0.6 effective_seconds=1.8608767986297607 pose={'x_m': -0.4489262424940683, 'y_m': 0.054556975336940844, 'heading_rad': 3.130097760527673}
[base] continuous stop label=approach_bin_forward elapsed=1.861s
[base] stop
[base] continuous start label=approach_bin_steer direction=left requested_speed=0.15 effective_speed=0.15
[visual-turn] label=approach_bin_steer direction=left speed=0.15
[can] backend=detectnet_native no detections
[tag] backend=pupil_apriltags id=0 center=(126.7,148.0) error_x=-0.104 yaw_deg=-36.25 height=29.0px height_norm=0.121 margin=34.72 distance=0.4639797525167345
[approach] target=bin mode=pnp_z bbox=0.121/None bbox_ok=False depth_raw=n/a/None depth_ok=False pnp_z=0.461/0.36 pnp_ok=False error_x=-0.104
[can] backend=detectnet_native no detections
[tag] backend=pupil_apriltags id=0 center=(127.4,149.3) error_x=-0.102 yaw_deg=-31.57 height=29.1px height_norm=0.121 margin=35.35 distance=0.4601793183694659
[approach] target=bin mode=pnp_z bbox=0.121/None bbox_ok=False depth_raw=n/a/None depth_ok=False pnp_z=0.457/0.36 pnp_ok=False error_x=-0.102
[can] backend=detectnet_native no detections
[tag] backend=pupil_apriltags id=0 center=(127.9,149.0) error_x=-0.100 yaw_deg=-32.45 height=29.3px height_norm=0.122 margin=35.61 distance=0.4580608785222476
[approach] target=bin mode=pnp_z bbox=0.122/None bbox_ok=False depth_raw=n/a/None depth_ok=False pnp_z=0.455/0.36 pnp_ok=False error_x=-0.100
[can] backend=detectnet_native no detections
[tag] backend=pupil_apriltags id=0 center=(128.8,149.2) error_x=-0.098 yaw_deg=-31.41 height=28.9px height_norm=0.120 margin=35.16 distance=0.46349101371461465
[approach] target=bin mode=pnp_z bbox=0.120/None bbox_ok=False depth_raw=n/a/None depth_ok=False pnp_z=0.460/0.36 pnp_ok=False error_x=-0.098
[map] motion direction=left speed=0.15 effective_seconds=0.27335166931152344 pose={'x_m': -0.4489262424940683, 'y_m': 0.054556975336940844, 'heading_rad': 3.0888112414817286}
[base] continuous stop label=approach_bin_steer elapsed=0.273s
[base] stop
[base] continuous start label=approach_bin_forward direction=forward requested_speed=0.6 effective_speed=0.6
[can] backend=detectnet_native no detections
[tag] backend=pupil_apriltags id=0 center=(133.4,148.3) error_x=-0.083 yaw_deg=-33.81 height=29.3px height_norm=0.122 margin=34.50 distance=0.4593540811236136
[approach] target=bin mode=pnp_z bbox=0.122/None bbox_ok=False depth_raw=n/a/None depth_ok=False pnp_z=0.457/0.36 pnp_ok=False error_x=-0.083
[can] backend=detectnet_native no detections
[tag] backend=pupil_apriltags id=0 center=(135.8,148.3) error_x=-0.076 yaw_deg=-33.61 height=29.3px height_norm=0.122 margin=34.59 distance=0.4556880959551949
[approach] target=bin mode=pnp_z bbox=0.122/None bbox_ok=False depth_raw=n/a/None depth_ok=False pnp_z=0.453/0.36 pnp_ok=False error_x=-0.076
[can] backend=detectnet_native no detections
[tag] backend=pupil_apriltags id=0 center=(137.7,149.4) error_x=-0.070 yaw_deg=-29.69 height=29.1px height_norm=0.121 margin=35.34 distance=0.4551552138762996
[approach] target=bin mode=pnp_z bbox=0.121/None bbox_ok=False depth_raw=n/a/None depth_ok=False pnp_z=0.453/0.36 pnp_ok=False error_x=-0.070
[can] backend=detectnet_native no detections
[tag] backend=pupil_apriltags id=0 center=(137.5,150.6) error_x=-0.070 yaw_deg=-30.85 height=30.0px height_norm=0.125 margin=35.77 distance=0.4388349549650364
[approach] target=bin mode=pnp_z bbox=0.125/None bbox_ok=False depth_raw=n/a/None depth_ok=False pnp_z=0.437/0.36 pnp_ok=False error_x=-0.070
[can] backend=detectnet_native no detections
[tag] backend=pupil_apriltags id=0 center=(136.9,151.9) error_x=-0.072 yaw_deg=-33.58 height=31.3px height_norm=0.130 margin=35.20 distance=0.4245947441909583
[approach] target=bin mode=pnp_z bbox=0.130/None bbox_ok=False depth_raw=n/a/None depth_ok=False pnp_z=0.422/0.36 pnp_ok=False error_x=-0.072
[can] backend=detectnet_native no detections
[tag] backend=pupil_apriltags id=0 center=(135.5,153.6) error_x=-0.077 yaw_deg=-28.35 height=31.8px height_norm=0.132 margin=35.17 distance=0.4219199239474867
[approach] target=bin mode=pnp_z bbox=0.132/None bbox_ok=False depth_raw=n/a/None depth_ok=False pnp_z=0.419/0.36 pnp_ok=False error_x=-0.077
[can] backend=detectnet_native no detections
[tag] backend=pupil_apriltags id=0 center=(135.5,154.7) error_x=-0.076 yaw_deg=-30.9 height=33.0px height_norm=0.137 margin=35.42 distance=0.4047478424572296
[approach] target=bin mode=pnp_z bbox=0.137/None bbox_ok=False depth_raw=n/a/None depth_ok=False pnp_z=0.402/0.36 pnp_ok=False error_x=-0.076
[can] backend=detectnet_native no detections
[tag] backend=pupil_apriltags id=0 center=(135.5,156.6) error_x=-0.077 yaw_deg=-30.71 height=34.2px height_norm=0.142 margin=35.46 distance=0.391546254805328
[approach] target=bin mode=pnp_z bbox=0.142/None bbox_ok=False depth_raw=n/a/None depth_ok=False pnp_z=0.389/0.36 pnp_ok=False error_x=-0.077
[can] backend=detectnet_native no detections
[tag] backend=pupil_apriltags id=0 center=(135.2,158.3) error_x=-0.078 yaw_deg=-28.91 height=35.6px height_norm=0.148 margin=35.36 distance=0.3787607359206112
[approach] target=bin mode=pnp_z bbox=0.148/None bbox_ok=False depth_raw=n/a/None depth_ok=False pnp_z=0.376/0.36 pnp_ok=False error_x=-0.078
[can] backend=detectnet_native no detections
[tag] backend=pupil_apriltags id=0 center=(134.8,160.0) error_x=-0.079 yaw_deg=-28.6 height=36.4px height_norm=0.152 margin=35.25 distance=0.36919457423843827
[approach] target=bin mode=pnp_z bbox=0.152/None bbox_ok=False depth_raw=n/a/None depth_ok=False pnp_z=0.366/0.36 pnp_ok=False error_x=-0.079
[can] backend=detectnet_native no detections
[tag] backend=pupil_apriltags id=0 center=(134.5,161.7) error_x=-0.080 yaw_deg=-28.15 height=38.0px height_norm=0.158 margin=35.24 distance=0.3547129783883352
[approach] target=bin mode=pnp_z bbox=0.158/None bbox_ok=False depth_raw=n/a/None depth_ok=False pnp_z=0.351/0.36 pnp_ok=True error_x=-0.080
[map] motion direction=forward speed=0.6 effective_seconds=0.7456684112548828 pose={'x_m': -0.4448448046345186, 'y_m': -0.022698385290913378, 'heading_rad': 3.0888112414817286}
[base] continuous stop label=approach_bin_forward elapsed=0.746s
[base] stop
[fsm] APPROACHING --TARGET_REACHED--> FINAL_VERIFY
[can] backend=detectnet_native no detections
[tag] backend=pupil_apriltags id=0 center=(134.4,164.9) error_x=-0.080 yaw_deg=-28.76 height=40.2px height_norm=0.167 margin=35.17 distance=0.3363787680096461
[base] continuous start label=align_bin direction=right requested_speed=0.15 effective_speed=0.15
[visual-turn] label=align_bin direction=right speed=0.15
[can] backend=detectnet_native no detections
[tag] backend=pupil_apriltags id=0 center=(133.6,167.5) error_x=-0.083 yaw_deg=-27.51 height=41.9px height_norm=0.175 margin=35.02 distance=0.322404189168442
[map] motion direction=right speed=0.15 effective_seconds=0.08558797836303711 pose={'x_m': -0.4448448046345186, 'y_m': -0.022698385290913378, 'heading_rad': 3.103749161707336}
[base] continuous stop label=align_bin elapsed=0.086s
[base] stop
[can] backend=detectnet_native no detections
[tag] backend=pupil_apriltags id=0 center=(133.5,168.7) error_x=-0.083 yaw_deg=-27.7 height=42.5px height_norm=0.177 margin=35.14 distance=0.31797255063195845
[base] stop
[fsm] FINAL_VERIFY --SIDE_DOCK_REQUIRED--> BIN_SIDE_DOCKING
[base] stop
[exp2] phase=side_view_pose base_direction=left reference_base_angle_deg=90.00 servo1_fixed=70
[arm] pose side_view_grabbing
[arm] side_view_grabbing servo=5 angle=0 speed=85
[arm] side_view_grabbing servo=4 angle=-55 speed=85
[arm] side_view_grabbing servo=3 angle=45 speed=85
[arm] side_view_grabbing servo=2 angle=60 speed=85
[arm] side_view_grabbing servo=1 angle=70 speed=85
[arm-position] side_view_grabbing waiting for motion to settle servos=[1, 2, 3, 4, 5] stability_delta=3 min_wait=0.5 timeout=10.0 stable_samples=2
[arm-position] side_view_grabbing waiting positions={1: 508, 2: 804, 3: 718, 4: 273, 5: 508} movement={} read_errors=[]
[arm-position] side_view_grabbing waiting positions={1: 523, 2: 803, 3: 718, 4: 273, 5: 508} movement={1: 15, 2: 1, 3: 0, 4: 0, 5: 0} read_errors=[]
[arm-position] side_view_grabbing waiting positions={1: 535, 2: 803, 3: 718, 4: 273, 5: 508} movement={1: 12, 2: 0, 3: 0, 4: 0, 5: 0} read_errors=[]
[arm-position] side_view_grabbing waiting positions={1: 549, 2: 803, 3: 718, 4: 273, 5: 508} movement={1: 14, 2: 0, 3: 0, 4: 0, 5: 0} read_errors=[]
[arm-position] side_view_grabbing waiting positions={1: 561, 2: 803, 3: 718, 4: 273, 5: 508} movement={1: 12, 2: 0, 3: 0, 4: 0, 5: 0} read_errors=[]
[arm-position] side_view_grabbing waiting positions={1: 575, 2: 803, 3: 718, 4: 273, 5: 508} movement={1: 14, 2: 0, 3: 0, 4: 0, 5: 0} read_errors=[]
[arm-position] side_view_grabbing waiting positions={1: 588, 2: 803, 3: 718, 4: 273, 5: 508} movement={1: 13, 2: 0, 3: 0, 4: 0, 5: 0} read_errors=[]
[arm-position] side_view_grabbing waiting positions={1: 601, 2: 803, 3: 718, 4: 273, 5: 508} movement={1: 13, 2: 0, 3: 0, 4: 0, 5: 0} read_errors=[]
[arm-position] side_view_grabbing waiting positions={1: 614, 2: 803, 3: 718, 4: 273, 5: 508} movement={1: 13, 2: 0, 3: 0, 4: 0, 5: 0} read_errors=[]
[arm-position] side_view_grabbing waiting positions={1: 626, 2: 803, 3: 718, 4: 273, 5: 508} movement={1: 12, 2: 0, 3: 0, 4: 0, 5: 0} read_errors=[]
[arm-position] side_view_grabbing waiting positions={1: 639, 2: 803, 3: 718, 4: 273, 5: 508} movement={1: 13, 2: 0, 3: 0, 4: 0, 5: 0} read_errors=[]
[arm-position] side_view_grabbing waiting positions={1: 652, 2: 803, 3: 718, 4: 273, 5: 508} movement={1: 13, 2: 0, 3: 0, 4: 0, 5: 0} read_errors=[]
[arm-position] side_view_grabbing waiting positions={1: 665, 2: 803, 3: 718, 4: 273, 5: 508} movement={1: 13, 2: 0, 3: 0, 4: 0, 5: 0} read_errors=[]
[arm-position] side_view_grabbing waiting positions={1: 679, 2: 803, 3: 718, 4: 273, 5: 508} movement={1: 14, 2: 0, 3: 0, 4: 0, 5: 0} read_errors=[]
[arm-position] side_view_grabbing waiting positions={1: 693, 2: 803, 3: 718, 4: 273, 5: 508} movement={1: 14, 2: 0, 3: 0, 4: 0, 5: 0} read_errors=[]
[arm-position] side_view_grabbing waiting positions={1: 704, 2: 803, 3: 718, 4: 273, 5: 508} movement={1: 11, 2: 0, 3: 0, 4: 0, 5: 0} read_errors=[]
[arm-position] side_view_grabbing waiting positions={1: 718, 2: 803, 3: 718, 4: 273, 5: 508} movement={1: 14, 2: 0, 3: 0, 4: 0, 5: 0} read_errors=[]
[arm-position] side_view_grabbing waiting positions={1: 733, 2: 803, 3: 718, 4: 273, 5: 508} movement={1: 15, 2: 0, 3: 0, 4: 0, 5: 0} read_errors=[]
[arm-position] side_view_grabbing waiting positions={1: 746, 2: 803, 3: 718, 4: 273, 5: 508} movement={1: 13, 2: 0, 3: 0, 4: 0, 5: 0} read_errors=[]
[arm-position] side_view_grabbing waiting positions={1: 757, 2: 803, 3: 718, 4: 273, 5: 508} movement={1: 11, 2: 0, 3: 0, 4: 0, 5: 0} read_errors=[]
[arm-position] side_view_grabbing waiting positions={1: 770, 2: 803, 3: 718, 4: 273, 5: 508} movement={1: 13, 2: 0, 3: 0, 4: 0, 5: 0} read_errors=[]
[arm-position] side_view_grabbing waiting positions={1: 784, 2: 803, 3: 718, 4: 273, 5: 508} movement={1: 14, 2: 0, 3: 0, 4: 0, 5: 0} read_errors=[]
[arm-position] side_view_grabbing waiting positions={1: 796, 2: 804, 3: 718, 4: 273, 5: 508} movement={1: 12, 2: 1, 3: 0, 4: 0, 5: 0} read_errors=[]
[arm-position] side_view_grabbing waiting positions={1: 810, 2: 803, 3: 718, 4: 273, 5: 508} movement={1: 14, 2: 1, 3: 0, 4: 0, 5: 0} read_errors=[]
[arm-position] side_view_grabbing waiting positions={1: 824, 2: 803, 3: 718, 4: 273, 5: 508} movement={1: 14, 2: 0, 3: 0, 4: 0, 5: 0} read_errors=[]
[arm-position] side_view_grabbing waiting positions={1: 836, 2: 803, 3: 718, 4: 273, 5: 508} movement={1: 12, 2: 0, 3: 0, 4: 0, 5: 0} read_errors=[]
[arm-position] side_view_grabbing settled positions={1: 836, 2: 804, 3: 718, 4: 273, 5: 508} movement={1: 0, 2: 1, 3: 0, 4: 0, 5: 0} elapsed=4.18s
[base] exp2_side_entry_turn direction=left requested_speed=0.15 effective_speed=0.15 seconds=10.4
[map] motion direction=left speed=0.15 effective_seconds=10.4 pose={'x_m': -0.4448448046345186, 'y_m': -0.022698385290913378, 'heading_rad': 1.5329528349123365}
[exp2] side entry direction=left angle_deg=90.00 speed=0.15 seconds=10.400
[exp2] phase=camera_settle seconds=0.40 discard_frames=3
[base] stop
[base] stop
[base] stop
[base] stop
[base] stop
[base] stop
[base] stop
[base] stop
[base] stop
[base] stop
[base] stop
[base] stop
[base] stop
[base] stop
[base] stop
[base] stop
[base] stop
[base] stop
[base] stop
[exp2] phase=geometry_alignment_ready
[tag] backend=pupil_apriltags id=0 center=(155.6,167.9) error_x=-0.014 yaw_deg=-38.94 height=49.0px height_norm=0.204 margin=37.61 distance=0.28876562140511064
[exp2] phase=continuous_yaw center_error=-0.014 raw_yaw_deg=-38.94 calibrated_yaw_deg=-38.94 target_yaw_deg=0.00 yaw_source=calibrated_pnp corner_error_deg=24.55 height_norm=0.204
[base] continuous start label=exp2_yaw_align direction=left requested_speed=0.15 effective_speed=0.15
[exp2] continuous yaw correction direction=left
[tag] backend=pupil_apriltags id=0 center=(155.5,167.9) error_x=-0.014 yaw_deg=-38.82 height=49.0px height_norm=0.204 margin=36.97 distance=0.2891717710311178
[exp2] phase=continuous_yaw center_error=-0.014 raw_yaw_deg=-38.82 calibrated_yaw_deg=-38.82 target_yaw_deg=0.00 yaw_source=calibrated_pnp corner_error_deg=24.53 height_norm=0.204
[exp2] continuous yaw correction direction=left
[tag] backend=pupil_apriltags id=0 center=(155.5,168.0) error_x=-0.014 yaw_deg=-38.45 height=49.0px height_norm=0.204 margin=37.24 distance=0.28997773912407243
[exp2] phase=continuous_yaw center_error=-0.014 raw_yaw_deg=-38.45 calibrated_yaw_deg=-38.45 target_yaw_deg=0.00 yaw_source=calibrated_pnp corner_error_deg=24.43 height_norm=0.204
[exp2] continuous yaw correction direction=left
[tag] backend=pupil_apriltags id=0 center=(156.2,167.8) error_x=-0.012 yaw_deg=-38.57 height=48.9px height_norm=0.204 margin=37.67 distance=0.2915663943464331
[exp2] phase=continuous_yaw center_error=-0.012 raw_yaw_deg=-38.57 calibrated_yaw_deg=-38.57 target_yaw_deg=0.00 yaw_source=calibrated_pnp corner_error_deg=23.70 height_norm=0.204
[exp2] continuous yaw correction direction=left
[tag] backend=pupil_apriltags id=0 center=(158.8,167.9) error_x=-0.004 yaw_deg=-38.83 height=48.8px height_norm=0.203 margin=37.57 distance=0.29107683754194746
[exp2] phase=continuous_yaw center_error=-0.004 raw_yaw_deg=-38.83 calibrated_yaw_deg=-38.83 target_yaw_deg=0.00 yaw_source=calibrated_pnp corner_error_deg=23.79 height_norm=0.203
[exp2] continuous yaw correction direction=left
[tag] backend=pupil_apriltags id=0 center=(160.2,167.7) error_x=0.000 yaw_deg=-39.01 height=48.7px height_norm=0.203 margin=37.57 distance=0.29240365874416685
[exp2] phase=continuous_yaw center_error=0.000 raw_yaw_deg=-39.01 calibrated_yaw_deg=-39.01 target_yaw_deg=0.00 yaw_source=calibrated_pnp corner_error_deg=24.34 height_norm=0.203
[exp2] continuous yaw correction direction=left
[tag] backend=pupil_apriltags id=0 center=(162.9,167.6) error_x=0.009 yaw_deg=-39.01 height=48.9px height_norm=0.204 margin=36.84 distance=0.28943538727347723
[exp2] phase=continuous_yaw center_error=0.009 raw_yaw_deg=-39.01 calibrated_yaw_deg=-39.01 target_yaw_deg=0.00 yaw_source=calibrated_pnp corner_error_deg=24.63 height_norm=0.204
[exp2] continuous yaw correction direction=left
[tag] backend=pupil_apriltags id=0 center=(164.0,167.6) error_x=0.013 yaw_deg=-38.93 height=48.9px height_norm=0.204 margin=36.80 distance=0.2896479542194199
[exp2] phase=continuous_yaw center_error=0.013 raw_yaw_deg=-38.93 calibrated_yaw_deg=-38.93 target_yaw_deg=0.00 yaw_source=calibrated_pnp corner_error_deg=25.01 height_norm=0.204
[exp2] continuous yaw correction direction=left
[tag] backend=pupil_apriltags id=0 center=(166.5,167.4) error_x=0.020 yaw_deg=-38.83 height=48.5px height_norm=0.202 margin=36.49 distance=0.2904791321529465
[exp2] phase=continuous_yaw center_error=0.020 raw_yaw_deg=-38.83 calibrated_yaw_deg=-38.83 target_yaw_deg=0.00 yaw_source=calibrated_pnp corner_error_deg=25.37 height_norm=0.202
[exp2] continuous yaw correction direction=left
[tag] backend=pupil_apriltags id=0 center=(167.8,167.3) error_x=0.024 yaw_deg=-39.09 height=48.5px height_norm=0.202 margin=36.68 distance=0.2908082311324541
[exp2] phase=continuous_yaw center_error=0.024 raw_yaw_deg=-39.09 calibrated_yaw_deg=-39.09 target_yaw_deg=0.00 yaw_source=calibrated_pnp corner_error_deg=25.70 height_norm=0.202
[exp2] continuous yaw correction direction=left
[tag] backend=pupil_apriltags id=0 center=(168.7,167.3) error_x=0.027 yaw_deg=-38.92 height=48.4px height_norm=0.202 margin=36.09 distance=0.2916431137255569
[exp2] phase=continuous_yaw center_error=0.027 raw_yaw_deg=-38.92 calibrated_yaw_deg=-38.92 target_yaw_deg=0.00 yaw_source=calibrated_pnp corner_error_deg=24.74 height_norm=0.202
[exp2] continuous yaw correction direction=left
[tag] backend=pupil_apriltags id=0 center=(171.2,167.0) error_x=0.035 yaw_deg=-39.85 height=48.3px height_norm=0.201 margin=36.79 distance=0.2915061776462341
[exp2] phase=continuous_yaw center_error=0.035 raw_yaw_deg=-39.85 calibrated_yaw_deg=-39.85 target_yaw_deg=0.00 yaw_source=calibrated_pnp corner_error_deg=25.98 height_norm=0.201
[map] motion direction=left speed=0.15 effective_seconds=0.5369729995727539 pose={'x_m': -0.4448448046345186, 'y_m': -0.022698385290913378, 'heading_rad': 1.4518494488241656}
[base] continuous stop label=exp2_yaw_align elapsed=0.537s
[base] stop
[exp2] continuous x guard preempted yaw error=0.035 limit=0.030; camera_settle_seconds=0.200
[base] stop
[base] stop
[base] stop
[base] stop
[base] stop
[base] stop
[base] stop
[base] stop
[base] stop
[tag] backend=pupil_apriltags id=0 center=(174.7,166.9) error_x=0.046 yaw_deg=-38.1 height=47.6px height_norm=0.199 margin=37.02 distance=0.2950381685789939
[exp2] phase=continuous_center center_error=0.046 raw_yaw_deg=-38.1 calibrated_yaw_deg=-38.1 target_yaw_deg=0.00 yaw_source=calibrated_pnp corner_error_deg=25.46 height_norm=0.199
[base] continuous start label=exp2_center_align direction=backward requested_speed=0.2 effective_speed=0.2
[exp2] continuous center correction direction=backward
[tag] backend=pupil_apriltags id=0 center=(174.7,166.9) error_x=0.046 yaw_deg=-38.48 height=47.8px height_norm=0.199 margin=37.16 distance=0.2939697943782111
[exp2] phase=continuous_center center_error=0.046 raw_yaw_deg=-38.48 calibrated_yaw_deg=-38.48 target_yaw_deg=0.00 yaw_source=calibrated_pnp corner_error_deg=25.63 height_norm=0.199
[exp2] continuous center correction direction=backward
[tag] backend=pupil_apriltags id=0 center=(174.5,166.8) error_x=0.045 yaw_deg=-38.57 height=47.6px height_norm=0.198 margin=36.75 distance=0.29393413329158796
[exp2] phase=continuous_center center_error=0.045 raw_yaw_deg=-38.57 calibrated_yaw_deg=-38.57 target_yaw_deg=0.00 yaw_source=calibrated_pnp corner_error_deg=25.60 height_norm=0.198
[exp2] continuous center correction direction=backward
[tag] backend=pupil_apriltags id=0 center=(173.6,166.8) error_x=0.043 yaw_deg=-39.17 height=47.9px height_norm=0.199 margin=36.50 distance=0.29125348859530364
[exp2] phase=continuous_center center_error=0.043 raw_yaw_deg=-39.17 calibrated_yaw_deg=-39.17 target_yaw_deg=0.00 yaw_source=calibrated_pnp corner_error_deg=25.78 height_norm=0.199
[exp2] continuous center correction direction=backward
[tag] backend=pupil_apriltags id=0 center=(171.8,166.7) error_x=0.037 yaw_deg=-38.6 height=47.8px height_norm=0.199 margin=36.64 distance=0.2927775310828805
[exp2] phase=continuous_center center_error=0.037 raw_yaw_deg=-38.6 calibrated_yaw_deg=-38.6 target_yaw_deg=0.00 yaw_source=calibrated_pnp corner_error_deg=25.44 height_norm=0.199
[exp2] continuous center correction direction=backward
[tag] backend=pupil_apriltags id=0 center=(170.6,166.8) error_x=0.033 yaw_deg=-38.47 height=47.8px height_norm=0.199 margin=36.45 distance=0.2926920275224776
[exp2] phase=continuous_center center_error=0.033 raw_yaw_deg=-38.47 calibrated_yaw_deg=-38.47 target_yaw_deg=0.00 yaw_source=calibrated_pnp corner_error_deg=24.79 height_norm=0.199
[exp2] continuous center correction direction=backward
[tag] backend=pupil_apriltags id=0 center=(168.1,166.6) error_x=0.025 yaw_deg=-37.83 height=48.1px height_norm=0.201 margin=36.76 distance=0.29132810481260063
[exp2] phase=continuous_center center_error=0.025 raw_yaw_deg=-37.83 calibrated_yaw_deg=-37.83 target_yaw_deg=0.00 yaw_source=calibrated_pnp corner_error_deg=24.08 height_norm=0.201
[map] motion direction=backward speed=0.2 effective_seconds=0.3105289936065674 pose={'x_m': -0.4548656870789367, 'y_m': -0.02389599136060627, 'heading_rad': 1.4518494488241656}
[base] continuous stop label=exp2_center_align elapsed=0.311s
[base] stop
[exp2] center accepted; switching to yaw after 0.200s
[base] stop
[base] stop
[base] stop
[base] stop
[base] stop
[base] stop
[base] stop
[base] stop
[base] stop
[tag] backend=pupil_apriltags id=0 center=(164.6,166.9) error_x=0.014 yaw_deg=-36.08 height=47.9px height_norm=0.199 margin=36.28 distance=0.29142529234143427
[exp2] phase=continuous_yaw center_error=0.014 raw_yaw_deg=-36.08 calibrated_yaw_deg=-36.08 target_yaw_deg=0.00 yaw_source=calibrated_pnp corner_error_deg=23.24 height_norm=0.199
[base] continuous start label=exp2_yaw_align direction=left requested_speed=0.15 effective_speed=0.15
[exp2] continuous yaw correction direction=left
[tag] backend=pupil_apriltags id=0 center=(164.6,166.8) error_x=0.014 yaw_deg=-36.05 height=47.8px height_norm=0.199 margin=36.51 distance=0.29173255275449905
[exp2] phase=continuous_yaw center_error=0.014 raw_yaw_deg=-36.05 calibrated_yaw_deg=-36.05 target_yaw_deg=0.00 yaw_source=calibrated_pnp corner_error_deg=23.43 height_norm=0.199
[exp2] continuous yaw correction direction=left
[tag] backend=pupil_apriltags id=0 center=(164.9,166.8) error_x=0.015 yaw_deg=-36.46 height=47.8px height_norm=0.199 margin=36.60 distance=0.2931190336679991
[exp2] phase=continuous_yaw center_error=0.015 raw_yaw_deg=-36.46 calibrated_yaw_deg=-36.46 target_yaw_deg=0.00 yaw_source=calibrated_pnp corner_error_deg=23.59 height_norm=0.199
[exp2] continuous yaw correction direction=left
[tag] backend=pupil_apriltags id=0 center=(165.7,166.8) error_x=0.018 yaw_deg=-36.72 height=47.6px height_norm=0.198 margin=35.83 distance=0.29401292221336506
[exp2] phase=continuous_yaw center_error=0.018 raw_yaw_deg=-36.72 calibrated_yaw_deg=-36.72 target_yaw_deg=0.00 yaw_source=calibrated_pnp corner_error_deg=23.44 height_norm=0.198
[exp2] continuous yaw correction direction=left
[tag] backend=pupil_apriltags id=0 center=(167.9,166.7) error_x=0.025 yaw_deg=-37.27 height=47.7px height_norm=0.199 margin=36.46 distance=0.29320870378356734
[exp2] phase=continuous_yaw center_error=0.025 raw_yaw_deg=-37.27 calibrated_yaw_deg=-37.27 target_yaw_deg=0.00 yaw_source=calibrated_pnp corner_error_deg=23.53 height_norm=0.199
[exp2] continuous yaw correction direction=left
[tag] backend=pupil_apriltags id=0 center=(169.0,166.6) error_x=0.028 yaw_deg=-37.41 height=47.7px height_norm=0.199 margin=36.28 distance=0.29309470276280086
[exp2] phase=continuous_yaw center_error=0.028 raw_yaw_deg=-37.41 calibrated_yaw_deg=-37.41 target_yaw_deg=0.00 yaw_source=calibrated_pnp corner_error_deg=23.19 height_norm=0.199
[exp2] continuous yaw correction direction=left
[tag] backend=pupil_apriltags id=0 center=(172.0,166.4) error_x=0.037 yaw_deg=-37.29 height=47.5px height_norm=0.198 margin=36.78 distance=0.293653943948142
[exp2] phase=continuous_yaw center_error=0.037 raw_yaw_deg=-37.29 calibrated_yaw_deg=-37.29 target_yaw_deg=0.00 yaw_source=calibrated_pnp corner_error_deg=24.26 height_norm=0.198
[map] motion direction=left speed=0.15 effective_seconds=0.31957364082336426 pose={'x_m': -0.4548656870789367, 'y_m': -0.02389599136060627, 'heading_rad': 1.403581650637065}
[base] continuous stop label=exp2_yaw_align elapsed=0.320s
[base] stop
[exp2] continuous x guard preempted yaw error=0.037 limit=0.030; camera_settle_seconds=0.200
[base] stop
[base] stop
[base] stop
[base] stop
[base] stop
[base] stop
[base] stop
[base] stop
[base] stop
[tag] backend=pupil_apriltags id=0 center=(175.4,166.3) error_x=0.048 yaw_deg=-37.03 height=47.4px height_norm=0.198 margin=37.15 distance=0.2913840542734366
[exp2] phase=continuous_center center_error=0.048 raw_yaw_deg=-37.03 calibrated_yaw_deg=-37.03 target_yaw_deg=0.00 yaw_source=calibrated_pnp corner_error_deg=24.45 height_norm=0.198
[base] continuous start label=exp2_center_align direction=backward requested_speed=0.2 effective_speed=0.2
[exp2] continuous center correction direction=backward
[tag] backend=pupil_apriltags id=0 center=(175.4,166.3) error_x=0.048 yaw_deg=-36.91 height=47.4px height_norm=0.197 margin=37.16 distance=0.2915783716519741
[exp2] phase=continuous_center center_error=0.048 raw_yaw_deg=-36.91 calibrated_yaw_deg=-36.91 target_yaw_deg=0.00 yaw_source=calibrated_pnp corner_error_deg=24.34 height_norm=0.197
[exp2] continuous center correction direction=backward
[tag] backend=pupil_apriltags id=0 center=(175.4,166.3) error_x=0.048 yaw_deg=-37.01 height=47.4px height_norm=0.198 margin=37.26 distance=0.29140249385826605
[exp2] phase=continuous_center center_error=0.048 raw_yaw_deg=-37.01 calibrated_yaw_deg=-37.01 target_yaw_deg=0.00 yaw_source=calibrated_pnp corner_error_deg=24.73 height_norm=0.198
[exp2] continuous center correction direction=backward
[tag] backend=pupil_apriltags id=0 center=(173.9,166.3) error_x=0.043 yaw_deg=-36.73 height=47.5px height_norm=0.198 margin=36.55 distance=0.29189642923525816
[exp2] phase=continuous_center center_error=0.043 raw_yaw_deg=-36.73 calibrated_yaw_deg=-36.73 target_yaw_deg=0.00 yaw_source=calibrated_pnp corner_error_deg=24.49 height_norm=0.198
[exp2] continuous center correction direction=backward
[tag] backend=pupil_apriltags id=0 center=(173.3,166.3) error_x=0.042 yaw_deg=-36.12 height=47.3px height_norm=0.197 margin=36.34 distance=0.2935557890198489
[exp2] phase=continuous_center center_error=0.042 raw_yaw_deg=-36.12 calibrated_yaw_deg=-36.12 target_yaw_deg=0.00 yaw_source=calibrated_pnp corner_error_deg=24.40 height_norm=0.197
[exp2] continuous center correction direction=backward
[tag] backend=pupil_apriltags id=0 center=(171.5,166.4) error_x=0.036 yaw_deg=-36.73 height=47.3px height_norm=0.197 margin=36.16 distance=0.2928939736118583
[exp2] phase=continuous_center center_error=0.036 raw_yaw_deg=-36.73 calibrated_yaw_deg=-36.73 target_yaw_deg=0.00 yaw_source=calibrated_pnp corner_error_deg=23.88 height_norm=0.197
[exp2] continuous center correction direction=backward
[tag] backend=pupil_apriltags id=0 center=(170.4,166.4) error_x=0.033 yaw_deg=-36.05 height=47.0px height_norm=0.196 margin=36.33 distance=0.29389004617851444
[exp2] phase=continuous_center center_error=0.033 raw_yaw_deg=-36.05 calibrated_yaw_deg=-36.05 target_yaw_deg=0.00 yaw_source=calibrated_pnp corner_error_deg=23.60 height_norm=0.196
[exp2] continuous center correction direction=backward
[tag] backend=pupil_apriltags id=0 center=(168.4,166.4) error_x=0.026 yaw_deg=-35.49 height=47.1px height_norm=0.196 margin=36.37 distance=0.2937712670489989
[exp2] phase=continuous_center center_error=0.026 raw_yaw_deg=-35.49 calibrated_yaw_deg=-35.49 target_yaw_deg=0.00 yaw_source=calibrated_pnp corner_error_deg=22.41 height_norm=0.196
[map] motion direction=backward speed=0.2 effective_seconds=0.3682820796966553 pose={'x_m': -0.4666679107642919, 'y_m': -0.025888098004771924, 'heading_rad': 1.403581650637065}
[base] continuous stop label=exp2_center_align elapsed=0.368s
[base] stop
[exp2] center accepted; switching to yaw after 0.200s
[base] stop
[base] stop
[base] stop
[base] stop
[base] stop
[base] stop
[base] stop
[base] stop
[base] stop
[tag] backend=pupil_apriltags id=0 center=(164.9,166.4) error_x=0.015 yaw_deg=-34.68 height=47.3px height_norm=0.197 margin=36.41 distance=0.2913072896529866
[exp2] phase=continuous_yaw center_error=0.015 raw_yaw_deg=-34.68 calibrated_yaw_deg=-34.68 target_yaw_deg=0.00 yaw_source=calibrated_pnp corner_error_deg=21.99 height_norm=0.197
[base] continuous start label=exp2_yaw_align direction=left requested_speed=0.15 effective_speed=0.15
[exp2] continuous yaw correction direction=left
[tag] backend=pupil_apriltags id=0 center=(164.9,166.4) error_x=0.015 yaw_deg=-34.61 height=47.3px height_norm=0.197 margin=36.33 distance=0.291582763149845
[exp2] phase=continuous_yaw center_error=0.015 raw_yaw_deg=-34.61 calibrated_yaw_deg=-34.61 target_yaw_deg=0.00 yaw_source=calibrated_pnp corner_error_deg=21.86 height_norm=0.197
[exp2] continuous yaw correction direction=left
[tag] backend=pupil_apriltags id=0 center=(164.9,166.4) error_x=0.015 yaw_deg=-34.77 height=47.3px height_norm=0.197 margin=37.21 distance=0.2912971527295412
[exp2] phase=continuous_yaw center_error=0.015 raw_yaw_deg=-34.77 calibrated_yaw_deg=-34.77 target_yaw_deg=0.00 yaw_source=calibrated_pnp corner_error_deg=22.11 height_norm=0.197
[exp2] continuous yaw correction direction=left
[tag] backend=pupil_apriltags id=0 center=(164.9,166.3) error_x=0.015 yaw_deg=-34.77 height=47.3px height_norm=0.197 margin=36.55 distance=0.29181689963946816
[exp2] phase=continuous_yaw center_error=0.015 raw_yaw_deg=-34.77 calibrated_yaw_deg=-34.77 target_yaw_deg=0.00 yaw_source=calibrated_pnp corner_error_deg=22.11 height_norm=0.197
[exp2] continuous yaw correction direction=left
[tag] backend=pupil_apriltags id=0 center=(166.6,166.3) error_x=0.021 yaw_deg=-34.88 height=47.1px height_norm=0.196 margin=36.94 distance=0.29359049540470267
[exp2] phase=continuous_yaw center_error=0.021 raw_yaw_deg=-34.88 calibrated_yaw_deg=-34.88 target_yaw_deg=0.00 yaw_source=calibrated_pnp corner_error_deg=22.10 height_norm=0.196
[exp2] continuous yaw correction direction=left
[tag] backend=pupil_apriltags id=0 center=(168.6,166.3) error_x=0.027 yaw_deg=-34.69 height=46.9px height_norm=0.196 margin=36.43 distance=0.2944424613629121
[exp2] phase=continuous_yaw center_error=0.027 raw_yaw_deg=-34.69 calibrated_yaw_deg=-34.69 target_yaw_deg=0.00 yaw_source=calibrated_pnp corner_error_deg=21.84 height_norm=0.196
[exp2] continuous yaw correction direction=left
[tag] backend=pupil_apriltags id=0 center=(169.7,166.1) error_x=0.030 yaw_deg=-34.92 height=47.0px height_norm=0.196 margin=36.58 distance=0.2937792401014245
[exp2] phase=continuous_yaw center_error=0.030 raw_yaw_deg=-34.92 calibrated_yaw_deg=-34.92 target_yaw_deg=0.00 yaw_source=calibrated_pnp corner_error_deg=22.48 height_norm=0.196
[map] motion direction=left speed=0.15 effective_seconds=0.32166337966918945 pose={'x_m': -0.4666679107642919, 'y_m': -0.025888098004771924, 'heading_rad': 1.3549982222477546}
[base] continuous stop label=exp2_yaw_align elapsed=0.322s
[base] stop
[exp2] continuous x guard preempted yaw error=0.030 limit=0.030; camera_settle_seconds=0.200
[base] stop
[base] stop
[base] stop
[base] stop
[base] stop
[base] stop
[base] stop
[base] stop
[base] stop
[tag] backend=pupil_apriltags id=0 center=(173.4,165.9) error_x=0.042 yaw_deg=-35.02 height=46.7px height_norm=0.195 margin=35.46 distance=0.2933561594973535
[exp2] phase=continuous_center center_error=0.042 raw_yaw_deg=-35.02 calibrated_yaw_deg=-35.02 target_yaw_deg=0.00 yaw_source=calibrated_pnp corner_error_deg=23.57 height_norm=0.195
[base] continuous start label=exp2_center_align direction=backward requested_speed=0.2 effective_speed=0.2
[exp2] continuous center correction direction=backward
[tag] backend=pupil_apriltags id=0 center=(173.4,165.9) error_x=0.042 yaw_deg=-34.86 height=46.6px height_norm=0.194 margin=35.13 distance=0.29365580126705193
[exp2] phase=continuous_center center_error=0.042 raw_yaw_deg=-34.86 calibrated_yaw_deg=-34.86 target_yaw_deg=0.00 yaw_source=calibrated_pnp corner_error_deg=23.26 height_norm=0.194
[exp2] continuous center correction direction=backward
[tag] backend=pupil_apriltags id=0 center=(173.4,165.9) error_x=0.042 yaw_deg=-34.79 height=46.6px height_norm=0.194 margin=35.27 distance=0.2940031360870712
[exp2] phase=continuous_center center_error=0.042 raw_yaw_deg=-34.79 calibrated_yaw_deg=-34.79 target_yaw_deg=0.00 yaw_source=calibrated_pnp corner_error_deg=23.43 height_norm=0.194
[exp2] continuous center correction direction=backward
[tag] backend=pupil_apriltags id=0 center=(172.1,165.7) error_x=0.038 yaw_deg=-34.81 height=46.4px height_norm=0.194 margin=35.16 distance=0.29489059435315024
[exp2] phase=continuous_center center_error=0.038 raw_yaw_deg=-34.81 calibrated_yaw_deg=-34.81 target_yaw_deg=0.00 yaw_source=calibrated_pnp corner_error_deg=22.73 height_norm=0.194
[exp2] continuous center correction direction=backward
[tag] backend=pupil_apriltags id=0 center=(169.9,165.6) error_x=0.031 yaw_deg=-34.29 height=46.6px height_norm=0.194 margin=34.71 distance=0.2937612177388325
[exp2] phase=continuous_center center_error=0.031 raw_yaw_deg=-34.29 calibrated_yaw_deg=-34.29 target_yaw_deg=0.00 yaw_source=calibrated_pnp corner_error_deg=22.10 height_norm=0.194
[exp2] continuous center correction direction=backward
[tag] backend=pupil_apriltags id=0 center=(169.1,165.7) error_x=0.028 yaw_deg=-33.64 height=46.8px height_norm=0.195 margin=35.20 distance=0.2927815402333613
[exp2] phase=continuous_center center_error=0.028 raw_yaw_deg=-33.64 calibrated_yaw_deg=-33.64 target_yaw_deg=0.00 yaw_source=calibrated_pnp corner_error_deg=22.52 height_norm=0.195
[map] motion direction=backward speed=0.2 effective_seconds=0.2759559154510498 pose={'x_m': -0.4754284593592678, 'y_m': -0.02780851120811313, 'heading_rad': 1.3549982222477546}
[base] continuous stop label=exp2_center_align elapsed=0.276s
[base] stop
[exp2] center accepted; switching to yaw after 0.200s
[base] stop
[base] stop
[base] stop
[base] stop
[base] stop
[base] stop
[base] stop
[base] stop
[base] stop
[tag] backend=pupil_apriltags id=0 center=(165.2,165.8) error_x=0.016 yaw_deg=-32.17 height=46.1px height_norm=0.192 margin=35.21 distance=0.2951840631566071
[exp2] phase=continuous_yaw center_error=0.016 raw_yaw_deg=-32.17 calibrated_yaw_deg=-32.17 target_yaw_deg=0.00 yaw_source=calibrated_pnp corner_error_deg=19.89 height_norm=0.192
[base] continuous start label=exp2_yaw_align direction=left requested_speed=0.15 effective_speed=0.15
[exp2] continuous yaw correction direction=left
[tag] backend=pupil_apriltags id=0 center=(165.2,165.8) error_x=0.016 yaw_deg=-32.25 height=46.2px height_norm=0.193 margin=35.15 distance=0.2949625334968063
[exp2] phase=continuous_yaw center_error=0.016 raw_yaw_deg=-32.25 calibrated_yaw_deg=-32.25 target_yaw_deg=0.00 yaw_source=calibrated_pnp corner_error_deg=20.05 height_norm=0.193
[exp2] continuous yaw correction direction=left
[tag] backend=pupil_apriltags id=0 center=(165.2,165.8) error_x=0.016 yaw_deg=-32.26 height=46.3px height_norm=0.193 margin=35.16 distance=0.2945833833601804
[exp2] phase=continuous_yaw center_error=0.016 raw_yaw_deg=-32.26 calibrated_yaw_deg=-32.26 target_yaw_deg=0.00 yaw_source=calibrated_pnp corner_error_deg=20.11 height_norm=0.193
[exp2] continuous yaw correction direction=left
[tag] backend=pupil_apriltags id=0 center=(166.0,165.8) error_x=0.019 yaw_deg=-32.48 height=46.3px height_norm=0.193 margin=35.07 distance=0.29460882575860603
[exp2] phase=continuous_yaw center_error=0.019 raw_yaw_deg=-32.48 calibrated_yaw_deg=-32.48 target_yaw_deg=0.00 yaw_source=calibrated_pnp corner_error_deg=20.96 height_norm=0.193
[exp2] continuous yaw correction direction=left
[tag] backend=pupil_apriltags id=0 center=(168.2,165.6) error_x=0.026 yaw_deg=-32.36 height=45.9px height_norm=0.191 margin=34.63 distance=0.2984047884601073
[exp2] phase=continuous_yaw center_error=0.026 raw_yaw_deg=-32.36 calibrated_yaw_deg=-32.36 target_yaw_deg=0.00 yaw_source=calibrated_pnp corner_error_deg=20.04 height_norm=0.191
[exp2] continuous yaw correction direction=left
[tag] backend=pupil_apriltags id=0 center=(169.4,165.6) error_x=0.029 yaw_deg=-32.42 height=45.9px height_norm=0.191 margin=34.75 distance=0.2972639966576819
[exp2] phase=continuous_yaw center_error=0.029 raw_yaw_deg=-32.42 calibrated_yaw_deg=-32.42 target_yaw_deg=0.00 yaw_source=calibrated_pnp corner_error_deg=21.00 height_norm=0.191
[exp2] continuous yaw correction direction=left
[tag] backend=pupil_apriltags id=0 center=(172.0,165.4) error_x=0.037 yaw_deg=-33.19 height=46.0px height_norm=0.192 margin=34.53 distance=0.2966665760109259
[exp2] phase=continuous_yaw center_error=0.037 raw_yaw_deg=-33.19 calibrated_yaw_deg=-33.19 target_yaw_deg=0.00 yaw_source=calibrated_pnp corner_error_deg=21.58 height_norm=0.192
[map] motion direction=left speed=0.15 effective_seconds=0.3330841064453125 pose={'x_m': -0.4754284593592678, 'y_m': -0.02780851120811313, 'heading_rad': 1.304689828890246}
[base] continuous stop label=exp2_yaw_align elapsed=0.333s
[base] stop
[exp2] continuous x guard preempted yaw error=0.037 limit=0.030; camera_settle_seconds=0.200
[base] stop
[base] stop
[base] stop
[base] stop
[base] stop
[base] stop
[base] stop
[base] stop
[base] stop
[tag] backend=pupil_apriltags id=0 center=(175.1,165.2) error_x=0.047 yaw_deg=-33.11 height=45.7px height_norm=0.190 margin=35.20 distance=0.2951933097740458
[exp2] phase=continuous_center center_error=0.047 raw_yaw_deg=-33.11 calibrated_yaw_deg=-33.11 target_yaw_deg=0.00 yaw_source=calibrated_pnp corner_error_deg=21.93 height_norm=0.190
[base] continuous start label=exp2_center_align direction=backward requested_speed=0.2 effective_speed=0.2
[exp2] continuous center correction direction=backward
[tag] backend=pupil_apriltags id=0 center=(175.1,165.2) error_x=0.047 yaw_deg=-33.1 height=45.7px height_norm=0.190 margin=34.79 distance=0.29510751925808776
[exp2] phase=continuous_center center_error=0.047 raw_yaw_deg=-33.1 calibrated_yaw_deg=-33.1 target_yaw_deg=0.00 yaw_source=calibrated_pnp corner_error_deg=22.03 height_norm=0.190
[exp2] continuous center correction direction=backward
[tag] backend=pupil_apriltags id=0 center=(175.1,165.2) error_x=0.047 yaw_deg=-32.87 height=45.6px height_norm=0.190 margin=34.54 distance=0.2954169952805556
[exp2] phase=continuous_center center_error=0.047 raw_yaw_deg=-32.87 calibrated_yaw_deg=-32.87 target_yaw_deg=0.00 yaw_source=calibrated_pnp corner_error_deg=21.82 height_norm=0.190
[exp2] continuous center correction direction=backward
[tag] backend=pupil_apriltags id=0 center=(173.4,165.4) error_x=0.042 yaw_deg=-32.6 height=45.7px height_norm=0.190 margin=34.89 distance=0.2961096083543887
[exp2] phase=continuous_center center_error=0.042 raw_yaw_deg=-32.6 calibrated_yaw_deg=-32.6 target_yaw_deg=0.00 yaw_source=calibrated_pnp corner_error_deg=21.17 height_norm=0.190
[exp2] continuous center correction direction=backward
[tag] backend=pupil_apriltags id=0 center=(173.2,165.3) error_x=0.041 yaw_deg=-31.55 height=45.7px height_norm=0.190 margin=34.41 distance=0.2963318637379218
[exp2] phase=continuous_center center_error=0.041 raw_yaw_deg=-31.55 calibrated_yaw_deg=-31.55 target_yaw_deg=0.00 yaw_source=calibrated_pnp corner_error_deg=21.57 height_norm=0.190
[exp2] continuous center correction direction=backward
[tag] backend=pupil_apriltags id=0 center=(171.4,165.2) error_x=0.035 yaw_deg=-32.24 height=45.5px height_norm=0.190 margin=34.84 distance=0.29697507335229584
[exp2] phase=continuous_center center_error=0.035 raw_yaw_deg=-32.24 calibrated_yaw_deg=-32.24 target_yaw_deg=0.00 yaw_source=calibrated_pnp corner_error_deg=21.34 height_norm=0.190
[exp2] continuous center correction direction=backward
[tag] backend=pupil_apriltags id=0 center=(170.2,165.2) error_x=0.032 yaw_deg=-31.61 height=45.5px height_norm=0.190 margin=34.62 distance=0.29673933111880085
[exp2] phase=continuous_center center_error=0.032 raw_yaw_deg=-31.61 calibrated_yaw_deg=-31.61 target_yaw_deg=0.00 yaw_source=calibrated_pnp corner_error_deg=21.11 height_norm=0.190
[exp2] continuous center correction direction=backward
[tag] backend=pupil_apriltags id=0 center=(167.7,165.2) error_x=0.024 yaw_deg=-30.92 height=45.4px height_norm=0.189 margin=34.60 distance=0.2978023527601155
[exp2] phase=continuous_center center_error=0.024 raw_yaw_deg=-30.92 calibrated_yaw_deg=-30.92 target_yaw_deg=0.00 yaw_source=calibrated_pnp corner_error_deg=19.75 height_norm=0.189
[map] motion direction=backward speed=0.2 effective_seconds=0.3870518207550049 pose={'x_m': -0.487564882768846, 'y_m': -0.031116547078592925, 'heading_rad': 1.304689828890246}
[base] continuous stop label=exp2_center_align elapsed=0.387s
[base] stop
[exp2] center accepted; switching to yaw after 0.200s
[base] stop
[base] stop
[base] stop
[base] stop
[base] stop
[base] stop
[base] stop
[base] stop
[base] stop
[tag] backend=pupil_apriltags id=0 center=(164.7,165.3) error_x=0.015 yaw_deg=-29.28 height=45.4px height_norm=0.189 margin=34.85 distance=0.2972880452618996
[exp2] phase=continuous_yaw center_error=0.015 raw_yaw_deg=-29.28 calibrated_yaw_deg=-29.28 target_yaw_deg=0.00 yaw_source=calibrated_pnp corner_error_deg=19.05 height_norm=0.189
[base] continuous start label=exp2_yaw_align direction=left requested_speed=0.15 effective_speed=0.15
[exp2] continuous yaw correction direction=left
[tag] backend=pupil_apriltags id=0 center=(164.6,165.3) error_x=0.014 yaw_deg=-29.41 height=45.3px height_norm=0.189 margin=35.17 distance=0.2974499159371695
[exp2] phase=continuous_yaw center_error=0.014 raw_yaw_deg=-29.41 calibrated_yaw_deg=-29.41 target_yaw_deg=0.00 yaw_source=calibrated_pnp corner_error_deg=18.78 height_norm=0.189
[exp2] continuous yaw correction direction=left
[tag] backend=pupil_apriltags id=0 center=(164.6,165.2) error_x=0.014 yaw_deg=-29.55 height=45.4px height_norm=0.189 margin=35.06 distance=0.29655319770529137
[exp2] phase=continuous_yaw center_error=0.014 raw_yaw_deg=-29.55 calibrated_yaw_deg=-29.55 target_yaw_deg=0.00 yaw_source=calibrated_pnp corner_error_deg=18.91 height_norm=0.189
[exp2] continuous yaw correction direction=left
[tag] backend=pupil_apriltags id=0 center=(164.4,165.2) error_x=0.014 yaw_deg=-29.56 height=45.4px height_norm=0.189 margin=34.89 distance=0.29659943421571056
[exp2] phase=continuous_yaw center_error=0.014 raw_yaw_deg=-29.56 calibrated_yaw_deg=-29.56 target_yaw_deg=0.00 yaw_source=calibrated_pnp corner_error_deg=18.98 height_norm=0.189
[exp2] continuous yaw correction direction=left
[tag] backend=pupil_apriltags id=0 center=(165.3,165.1) error_x=0.017 yaw_deg=-29.3 height=45.1px height_norm=0.188 margin=34.86 distance=0.29884266422736844
[exp2] phase=continuous_yaw center_error=0.017 raw_yaw_deg=-29.3 calibrated_yaw_deg=-29.3 target_yaw_deg=0.00 yaw_source=calibrated_pnp corner_error_deg=19.12 height_norm=0.188
[exp2] continuous yaw correction direction=left
[tag] backend=pupil_apriltags id=0 center=(166.7,165.0) error_x=0.021 yaw_deg=-29.74 height=45.3px height_norm=0.189 margin=34.77 distance=0.29845347560899976
[exp2] phase=continuous_yaw center_error=0.021 raw_yaw_deg=-29.74 calibrated_yaw_deg=-29.74 target_yaw_deg=0.00 yaw_source=calibrated_pnp corner_error_deg=18.85 height_norm=0.189
[exp2] continuous yaw correction direction=left
[tag] backend=pupil_apriltags id=0 center=(168.9,165.0) error_x=0.028 yaw_deg=-30.75 height=45.2px height_norm=0.188 margin=34.98 distance=0.2974827443895093
[exp2] phase=continuous_yaw center_error=0.028 raw_yaw_deg=-30.75 calibrated_yaw_deg=-30.75 target_yaw_deg=0.00 yaw_source=calibrated_pnp corner_error_deg=20.20 height_norm=0.188
[exp2] continuous yaw correction direction=left
[tag] backend=pupil_apriltags id=0 center=(171.1,164.8) error_x=0.035 yaw_deg=-30.77 height=45.3px height_norm=0.189 margin=34.60 distance=0.29723032877281236
[exp2] phase=continuous_yaw center_error=0.035 raw_yaw_deg=-30.77 calibrated_yaw_deg=-30.77 target_yaw_deg=0.00 yaw_source=calibrated_pnp corner_error_deg=20.16 height_norm=0.189
[map] motion direction=left speed=0.15 effective_seconds=0.39745163917541504 pose={'x_m': -0.487564882768846, 'y_m': -0.031116547078592925, 'heading_rad': 1.2446594851503043}
[base] continuous stop label=exp2_yaw_align elapsed=0.397s
[base] stop
[exp2] continuous x guard preempted yaw error=0.035 limit=0.030; camera_settle_seconds=0.200
[base] stop
[base] stop
[base] stop
[base] stop
[base] stop
[base] stop
[base] stop
[base] stop
[base] stop
[tag] backend=pupil_apriltags id=0 center=(174.3,164.6) error_x=0.045 yaw_deg=-30.02 height=44.8px height_norm=0.187 margin=34.83 distance=0.29837730678037505
[exp2] phase=continuous_center center_error=0.045 raw_yaw_deg=-30.02 calibrated_yaw_deg=-30.02 target_yaw_deg=0.00 yaw_source=calibrated_pnp corner_error_deg=20.76 height_norm=0.187
[base] continuous start label=exp2_center_align direction=backward requested_speed=0.2 effective_speed=0.2
[exp2] continuous center correction direction=backward
[tag] backend=pupil_apriltags id=0 center=(174.3,164.6) error_x=0.045 yaw_deg=-30.07 height=44.8px height_norm=0.187 margin=34.37 distance=0.2983340413749927
[exp2] phase=continuous_center center_error=0.045 raw_yaw_deg=-30.07 calibrated_yaw_deg=-30.07 target_yaw_deg=0.00 yaw_source=calibrated_pnp corner_error_deg=20.85 height_norm=0.187
[exp2] continuous center correction direction=backward
[tag] backend=pupil_apriltags id=0 center=(174.3,164.6) error_x=0.045 yaw_deg=-29.77 height=44.6px height_norm=0.186 margin=34.74 distance=0.29927147591090475
[exp2] phase=continuous_center center_error=0.045 raw_yaw_deg=-29.77 calibrated_yaw_deg=-29.77 target_yaw_deg=0.00 yaw_source=calibrated_pnp corner_error_deg=20.41 height_norm=0.186
[exp2] continuous center correction direction=backward
[tag] backend=pupil_apriltags id=0 center=(172.4,164.7) error_x=0.039 yaw_deg=-30.65 height=45.0px height_norm=0.187 margin=34.70 distance=0.2972195361835827
[exp2] phase=continuous_center center_error=0.039 raw_yaw_deg=-30.65 calibrated_yaw_deg=-30.65 target_yaw_deg=0.00 yaw_source=calibrated_pnp corner_error_deg=20.61 height_norm=0.187
[exp2] continuous center correction direction=backward
[tag] backend=pupil_apriltags id=0 center=(171.2,164.6) error_x=0.035 yaw_deg=-29.77 height=44.8px height_norm=0.187 margin=34.68 distance=0.2987552265137796
[exp2] phase=continuous_center center_error=0.035 raw_yaw_deg=-29.77 calibrated_yaw_deg=-29.77 target_yaw_deg=0.00 yaw_source=calibrated_pnp corner_error_deg=19.47 height_norm=0.187
[exp2] continuous center correction direction=backward
[tag] backend=pupil_apriltags id=0 center=(169.6,164.3) error_x=0.030 yaw_deg=-29.22 height=44.9px height_norm=0.187 margin=34.33 distance=0.2970750959076006
[exp2] phase=continuous_center center_error=0.030 raw_yaw_deg=-29.22 calibrated_yaw_deg=-29.22 target_yaw_deg=0.00 yaw_source=calibrated_pnp corner_error_deg=19.05 height_norm=0.187
[map] motion direction=backward speed=0.2 effective_seconds=0.29380059242248535 pose={'x_m': -0.49661007198314183, 'y_m': -0.03417575809067656, 'heading_rad': 1.2446594851503043}
[base] continuous stop label=exp2_center_align elapsed=0.294s
[base] stop
[exp2] center accepted; switching to yaw after 0.200s
[base] stop
[base] stop
[base] stop
[base] stop
[base] stop
[base] stop
[base] stop
[base] stop
[base] stop
[tag] backend=pupil_apriltags id=0 center=(165.6,164.5) error_x=0.018 yaw_deg=-27.68 height=44.2px height_norm=0.184 margin=34.88 distance=0.3002390484035289
[exp2] phase=continuous_yaw center_error=0.018 raw_yaw_deg=-27.68 calibrated_yaw_deg=-27.68 target_yaw_deg=0.00 yaw_source=calibrated_pnp corner_error_deg=17.41 height_norm=0.184
[base] continuous start label=exp2_yaw_align direction=left requested_speed=0.15 effective_speed=0.15
[exp2] continuous yaw correction direction=left
[tag] backend=pupil_apriltags id=0 center=(165.0,164.5) error_x=0.016 yaw_deg=-26.72 height=44.5px height_norm=0.185 margin=34.63 distance=0.29962943093585676
[exp2] phase=continuous_yaw center_error=0.016 raw_yaw_deg=-26.72 calibrated_yaw_deg=-26.72 target_yaw_deg=0.00 yaw_source=calibrated_pnp corner_error_deg=18.16 height_norm=0.185
[exp2] continuous yaw correction direction=left
[tag] backend=pupil_apriltags id=0 center=(165.6,164.4) error_x=0.018 yaw_deg=-27.89 height=44.5px height_norm=0.186 margin=34.49 distance=0.2989951625996909
[exp2] phase=continuous_yaw center_error=0.018 raw_yaw_deg=-27.89 calibrated_yaw_deg=-27.89 target_yaw_deg=0.00 yaw_source=calibrated_pnp corner_error_deg=17.65 height_norm=0.186
[exp2] continuous yaw correction direction=left
[tag] backend=pupil_apriltags id=0 center=(165.9,164.5) error_x=0.019 yaw_deg=-27.44 height=44.4px height_norm=0.185 margin=34.34 distance=0.298096040376833
[exp2] phase=continuous_yaw center_error=0.019 raw_yaw_deg=-27.44 calibrated_yaw_deg=-27.44 target_yaw_deg=0.00 yaw_source=calibrated_pnp corner_error_deg=17.54 height_norm=0.185
[exp2] continuous yaw correction direction=left
[tag] backend=pupil_apriltags id=0 center=(168.2,164.5) error_x=0.026 yaw_deg=-28.02 height=44.4px height_norm=0.185 margin=34.37 distance=0.2999978672925482
[exp2] phase=continuous_yaw center_error=0.026 raw_yaw_deg=-28.02 calibrated_yaw_deg=-28.02 target_yaw_deg=0.00 yaw_source=calibrated_pnp corner_error_deg=18.04 height_norm=0.185
[exp2] continuous yaw correction direction=left
[tag] backend=pupil_apriltags id=0 center=(171.2,164.3) error_x=0.035 yaw_deg=-28.42 height=44.5px height_norm=0.185 margin=34.73 distance=0.2998369785009767
[exp2] phase=continuous_yaw center_error=0.035 raw_yaw_deg=-28.42 calibrated_yaw_deg=-28.42 target_yaw_deg=0.00 yaw_source=calibrated_pnp corner_error_deg=18.64 height_norm=0.185
[map] motion direction=left speed=0.15 effective_seconds=0.2883167266845703 pose={'x_m': -0.49661007198314183, 'y_m': -0.03417575809067656, 'heading_rad': 1.2011126721474508}
[base] continuous stop label=exp2_yaw_align elapsed=0.288s
[base] stop
[exp2] continuous x guard preempted yaw error=0.035 limit=0.030; camera_settle_seconds=0.200
[base] stop
[base] stop
[base] stop
[base] stop
[base] stop
[base] stop
[base] stop
[base] stop
[base] stop
[tag] backend=pupil_apriltags id=0 center=(174.9,164.1) error_x=0.047 yaw_deg=-28.5 height=44.6px height_norm=0.186 margin=35.03 distance=0.29520331745955003
[exp2] phase=continuous_center center_error=0.047 raw_yaw_deg=-28.5 calibrated_yaw_deg=-28.5 target_yaw_deg=0.00 yaw_source=calibrated_pnp corner_error_deg=19.52 height_norm=0.186
[base] continuous start label=exp2_center_align direction=backward requested_speed=0.2 effective_speed=0.2
[exp2] continuous center correction direction=backward
[tag] backend=pupil_apriltags id=0 center=(174.9,164.2) error_x=0.047 yaw_deg=-28.52 height=44.6px height_norm=0.186 margin=34.68 distance=0.29535396108718814
[exp2] phase=continuous_center center_error=0.047 raw_yaw_deg=-28.52 calibrated_yaw_deg=-28.52 target_yaw_deg=0.00 yaw_source=calibrated_pnp corner_error_deg=19.20 height_norm=0.186
[exp2] continuous center correction direction=backward
[tag] backend=pupil_apriltags id=0 center=(174.9,164.0) error_x=0.047 yaw_deg=-28.16 height=44.5px height_norm=0.185 margin=34.64 distance=0.2959140056646811
[exp2] phase=continuous_center center_error=0.047 raw_yaw_deg=-28.16 calibrated_yaw_deg=-28.16 target_yaw_deg=0.00 yaw_source=calibrated_pnp corner_error_deg=19.27 height_norm=0.185
[exp2] continuous center correction direction=backward
[tag] backend=pupil_apriltags id=0 center=(174.0,164.1) error_x=0.044 yaw_deg=-28.14 height=44.4px height_norm=0.185 margin=34.77 distance=0.2965275236829288
[exp2] phase=continuous_center center_error=0.044 raw_yaw_deg=-28.14 calibrated_yaw_deg=-28.14 target_yaw_deg=0.00 yaw_source=calibrated_pnp corner_error_deg=19.55 height_norm=0.185
[exp2] continuous center correction direction=backward
[tag] backend=pupil_apriltags id=0 center=(172.3,164.0) error_x=0.038 yaw_deg=-27.37 height=44.1px height_norm=0.184 margin=34.86 distance=0.29794254281420207
[exp2] phase=continuous_center center_error=0.038 raw_yaw_deg=-27.37 calibrated_yaw_deg=-27.37 target_yaw_deg=0.00 yaw_source=calibrated_pnp corner_error_deg=18.58 height_norm=0.184
[exp2] continuous center correction direction=backward
[tag] backend=pupil_apriltags id=0 center=(171.4,164.1) error_x=0.036 yaw_deg=-27.79 height=44.2px height_norm=0.184 margin=34.63 distance=0.2985085102572455
[exp2] phase=continuous_center center_error=0.036 raw_yaw_deg=-27.79 calibrated_yaw_deg=-27.79 target_yaw_deg=0.00 yaw_source=calibrated_pnp corner_error_deg=18.36 height_norm=0.184
[exp2] continuous center correction direction=backward
[tag] backend=pupil_apriltags id=0 center=(169.2,164.0) error_x=0.029 yaw_deg=-26.67 height=44.0px height_norm=0.183 margin=34.56 distance=0.2995443220386193
[exp2] phase=continuous_center center_error=0.029 raw_yaw_deg=-26.67 calibrated_yaw_deg=-26.67 target_yaw_deg=0.00 yaw_source=calibrated_pnp corner_error_deg=17.57 height_norm=0.183
[map] motion direction=backward speed=0.2 effective_seconds=0.3586463928222656 pose={'x_m': -0.5074786196140875, 'y_m': -0.038387312370486905, 'heading_rad': 1.2011126721474508}
[base] continuous stop label=exp2_center_align elapsed=0.359s
[base] stop
[exp2] center accepted; switching to yaw after 0.200s
[base] stop
[base] stop
[base] stop
[base] stop
[base] stop
[base] stop
[base] stop
[base] stop
[base] stop
[tag] backend=pupil_apriltags id=0 center=(164.3,164.2) error_x=0.013 yaw_deg=-25.18 height=43.9px height_norm=0.183 margin=34.80 distance=0.2975281273719758
[exp2] phase=continuous_yaw center_error=0.013 raw_yaw_deg=-25.18 calibrated_yaw_deg=-25.18 target_yaw_deg=0.00 yaw_source=calibrated_pnp corner_error_deg=16.35 height_norm=0.183
[base] continuous start label=exp2_yaw_align direction=left requested_speed=0.15 effective_speed=0.15
[exp2] continuous yaw correction direction=left
[tag] backend=pupil_apriltags id=0 center=(164.2,164.2) error_x=0.013 yaw_deg=-25.51 height=43.9px height_norm=0.183 margin=34.60 distance=0.29723467257802516
[exp2] phase=continuous_yaw center_error=0.013 raw_yaw_deg=-25.51 calibrated_yaw_deg=-25.51 target_yaw_deg=0.00 yaw_source=calibrated_pnp corner_error_deg=16.26 height_norm=0.183
[exp2] continuous yaw correction direction=left
[tag] backend=pupil_apriltags id=0 center=(164.3,164.2) error_x=0.014 yaw_deg=-24.79 height=44.0px height_norm=0.183 margin=34.08 distance=0.2972375471530416
[exp2] phase=continuous_yaw center_error=0.014 raw_yaw_deg=-24.79 calibrated_yaw_deg=-24.79 target_yaw_deg=0.00 yaw_source=calibrated_pnp corner_error_deg=16.44 height_norm=0.183
[exp2] continuous yaw correction direction=left
[tag] backend=pupil_apriltags id=0 center=(165.9,164.1) error_x=0.018 yaw_deg=-25.67 height=43.9px height_norm=0.183 margin=34.48 distance=0.2992789421172387
[exp2] phase=continuous_yaw center_error=0.018 raw_yaw_deg=-25.67 calibrated_yaw_deg=-25.67 target_yaw_deg=0.00 yaw_source=calibrated_pnp corner_error_deg=16.53 height_norm=0.183
[exp2] continuous yaw correction direction=left
[tag] backend=pupil_apriltags id=0 center=(167.1,164.2) error_x=0.022 yaw_deg=-25.08 height=43.7px height_norm=0.182 margin=34.02 distance=0.30174922808954596
[exp2] phase=continuous_yaw center_error=0.022 raw_yaw_deg=-25.08 calibrated_yaw_deg=-25.08 target_yaw_deg=0.00 yaw_source=calibrated_pnp corner_error_deg=16.21 height_norm=0.182
[exp2] continuous yaw correction direction=left
[tag] backend=pupil_apriltags id=0 center=(170.2,164.1) error_x=0.032 yaw_deg=-25.58 height=43.9px height_norm=0.183 margin=34.39 distance=0.2991666721955963
[exp2] phase=continuous_yaw center_error=0.032 raw_yaw_deg=-25.58 calibrated_yaw_deg=-25.58 target_yaw_deg=0.00 yaw_source=calibrated_pnp corner_error_deg=17.09 height_norm=0.183
[map] motion direction=left speed=0.15 effective_seconds=0.299391508102417 pose={'x_m': -0.5074786196140875, 'y_m': -0.038387312370486905, 'heading_rad': 1.1558931451089034}
[base] continuous stop label=exp2_yaw_align elapsed=0.299s
[base] stop
[exp2] continuous x guard preempted yaw error=0.032 limit=0.030; camera_settle_seconds=0.200
[base] stop
[base] stop
[base] stop
[base] stop
[base] stop
[base] stop
[base] stop
[base] stop
[base] stop
[tag] backend=pupil_apriltags id=0 center=(175.3,164.0) error_x=0.048 yaw_deg=-24.65 height=43.8px height_norm=0.182 margin=34.60 distance=0.297722642556525
[exp2] phase=continuous_center center_error=0.048 raw_yaw_deg=-24.65 calibrated_yaw_deg=-24.65 target_yaw_deg=0.00 yaw_source=calibrated_pnp corner_error_deg=17.74 height_norm=0.182
[base] continuous start label=exp2_center_align direction=backward requested_speed=0.2 effective_speed=0.2
[exp2] continuous center correction direction=backward
[tag] backend=pupil_apriltags id=0 center=(175.3,164.0) error_x=0.048 yaw_deg=-24.63 height=43.7px height_norm=0.182 margin=34.32 distance=0.29802715673474567
[exp2] phase=continuous_center center_error=0.048 raw_yaw_deg=-24.63 calibrated_yaw_deg=-24.63 target_yaw_deg=0.00 yaw_source=calibrated_pnp corner_error_deg=17.72 height_norm=0.182
[exp2] continuous center correction direction=backward
[tag] backend=pupil_apriltags id=0 center=(175.2,163.9) error_x=0.047 yaw_deg=-24.79 height=43.7px height_norm=0.182 margin=34.60 distance=0.29856929501108054
[exp2] phase=continuous_center center_error=0.047 raw_yaw_deg=-24.79 calibrated_yaw_deg=-24.79 target_yaw_deg=0.00 yaw_source=calibrated_pnp corner_error_deg=17.68 height_norm=0.182
[exp2] continuous center correction direction=backward
[tag] backend=pupil_apriltags id=0 center=(173.6,163.9) error_x=0.042 yaw_deg=-26.27 height=43.9px height_norm=0.183 margin=34.64 distance=0.29718649671206454
[exp2] phase=continuous_center center_error=0.042 raw_yaw_deg=-26.27 calibrated_yaw_deg=-26.27 target_yaw_deg=0.00 yaw_source=calibrated_pnp corner_error_deg=18.16 height_norm=0.183
[exp2] continuous center correction direction=backward
[tag] backend=pupil_apriltags id=0 center=(172.4,164.0) error_x=0.039 yaw_deg=-24.96 height=43.8px height_norm=0.182 margin=33.88 distance=0.29738852879856337
[exp2] phase=continuous_center center_error=0.039 raw_yaw_deg=-24.96 calibrated_yaw_deg=-24.96 target_yaw_deg=0.00 yaw_source=calibrated_pnp corner_error_deg=17.28 height_norm=0.182
[exp2] continuous center correction direction=backward
[tag] backend=pupil_apriltags id=0 center=(170.4,164.1) error_x=0.032 yaw_deg=-24.43 height=43.6px height_norm=0.182 margin=34.71 distance=0.2980450813481363
[exp2] phase=continuous_center center_error=0.032 raw_yaw_deg=-24.43 calibrated_yaw_deg=-24.43 target_yaw_deg=0.00 yaw_source=calibrated_pnp corner_error_deg=16.77 height_norm=0.182
[exp2] continuous center correction direction=backward
[tag] backend=pupil_apriltags id=0 center=(168.4,164.1) error_x=0.026 yaw_deg=-24.1 height=43.5px height_norm=0.181 margin=34.41 distance=0.29820753032371866
[exp2] phase=continuous_center center_error=0.026 raw_yaw_deg=-24.1 calibrated_yaw_deg=-24.1 target_yaw_deg=0.00 yaw_source=calibrated_pnp corner_error_deg=16.39 height_norm=0.181
[map] motion direction=backward speed=0.2 effective_seconds=0.3588898181915283 pose={'x_m': -0.5181529176000884, 'y_m': -0.04308905365140532, 'heading_rad': 1.1558931451089034}
[base] continuous stop label=exp2_center_align elapsed=0.359s
[base] stop
[exp2] center accepted; switching to yaw after 0.200s
[base] stop
[base] stop
[base] stop
[base] stop
[base] stop
[base] stop
[base] stop
[base] stop
[base] stop
[tag] backend=pupil_apriltags id=0 center=(164.4,164.0) error_x=0.014 yaw_deg=-23.19 height=43.5px height_norm=0.181 margin=34.67 distance=0.2974127971952337
[exp2] phase=continuous_yaw center_error=0.014 raw_yaw_deg=-23.19 calibrated_yaw_deg=-23.19 target_yaw_deg=0.00 yaw_source=calibrated_pnp corner_error_deg=15.77 height_norm=0.181
[base] continuous start label=exp2_yaw_align direction=left requested_speed=0.15 effective_speed=0.15
[exp2] continuous yaw correction direction=left
[tag] backend=pupil_apriltags id=0 center=(164.4,164.0) error_x=0.014 yaw_deg=-22.99 height=43.4px height_norm=0.181 margin=34.57 distance=0.2977589052018082
[exp2] phase=continuous_yaw center_error=0.014 raw_yaw_deg=-22.99 calibrated_yaw_deg=-22.99 target_yaw_deg=0.00 yaw_source=calibrated_pnp corner_error_deg=15.57 height_norm=0.181
[exp2] continuous yaw correction direction=left
[tag] backend=pupil_apriltags id=0 center=(164.4,164.0) error_x=0.014 yaw_deg=-23.15 height=43.4px height_norm=0.181 margin=35.09 distance=0.2975272995008504
[exp2] phase=continuous_yaw center_error=0.014 raw_yaw_deg=-23.15 calibrated_yaw_deg=-23.15 target_yaw_deg=0.00 yaw_source=calibrated_pnp corner_error_deg=15.71 height_norm=0.181
[exp2] continuous yaw correction direction=left
[tag] backend=pupil_apriltags id=0 center=(164.7,164.0) error_x=0.015 yaw_deg=-22.81 height=43.5px height_norm=0.181 margin=34.79 distance=0.2982955710438298
[exp2] phase=continuous_yaw center_error=0.015 raw_yaw_deg=-22.81 calibrated_yaw_deg=-22.81 target_yaw_deg=0.00 yaw_source=calibrated_pnp corner_error_deg=15.48 height_norm=0.181
[exp2] continuous yaw correction direction=left
[tag] backend=pupil_apriltags id=0 center=(167.8,163.9) error_x=0.024 yaw_deg=-23.75 height=43.5px height_norm=0.181 margin=34.93 distance=0.2994082184203115
[exp2] phase=continuous_yaw center_error=0.024 raw_yaw_deg=-23.75 calibrated_yaw_deg=-23.75 target_yaw_deg=0.00 yaw_source=calibrated_pnp corner_error_deg=16.04 height_norm=0.181
[exp2] continuous yaw correction direction=left
[tag] backend=pupil_apriltags id=0 center=(170.9,163.9) error_x=0.034 yaw_deg=-23.9 height=43.5px height_norm=0.181 margin=34.20 distance=0.29846102679392306
[exp2] phase=continuous_yaw center_error=0.034 raw_yaw_deg=-23.9 calibrated_yaw_deg=-23.9 target_yaw_deg=0.00 yaw_source=calibrated_pnp corner_error_deg=16.29 height_norm=0.181
[map] motion direction=left speed=0.15 effective_seconds=0.3072998523712158 pose={'x_m': -0.5181529176000884, 'y_m': -0.04308905365140532, 'heading_rad': 1.10947915671185}
[base] continuous stop label=exp2_yaw_align elapsed=0.307s
[base] stop
[exp2] continuous x guard preempted yaw error=0.034 limit=0.030; camera_settle_seconds=0.200
[base] stop
[base] stop
[base] stop
[base] stop
[base] stop
[base] stop
[base] stop
[base] stop
[base] stop
[tag] backend=pupil_apriltags id=0 center=(175.6,164.0) error_x=0.049 yaw_deg=-23.23 height=43.4px height_norm=0.181 margin=34.36 distance=0.2962251057749955
[exp2] phase=continuous_center center_error=0.049 raw_yaw_deg=-23.23 calibrated_yaw_deg=-23.23 target_yaw_deg=0.00 yaw_source=calibrated_pnp corner_error_deg=17.26 height_norm=0.181
[base] continuous start label=exp2_center_align direction=backward requested_speed=0.2 effective_speed=0.2
[exp2] continuous center correction direction=backward
[tag] backend=pupil_apriltags id=0 center=(175.6,164.0) error_x=0.049 yaw_deg=-22.81 height=43.4px height_norm=0.181 margin=34.61 distance=0.29662971806745503
[exp2] phase=continuous_center center_error=0.049 raw_yaw_deg=-22.81 calibrated_yaw_deg=-22.81 target_yaw_deg=0.00 yaw_source=calibrated_pnp corner_error_deg=17.11 height_norm=0.181
[exp2] continuous center correction direction=backward
[tag] backend=pupil_apriltags id=0 center=(175.6,164.1) error_x=0.049 yaw_deg=-23.52 height=43.3px height_norm=0.180 margin=34.91 distance=0.2968527458331696
[exp2] phase=continuous_center center_error=0.049 raw_yaw_deg=-23.52 calibrated_yaw_deg=-23.52 target_yaw_deg=0.00 yaw_source=calibrated_pnp corner_error_deg=17.38 height_norm=0.180
[exp2] continuous center correction direction=backward
[tag] backend=pupil_apriltags id=0 center=(174.7,164.0) error_x=0.046 yaw_deg=-23.66 height=43.3px height_norm=0.180 margin=34.63 distance=0.29612881879945224
[exp2] phase=continuous_center center_error=0.046 raw_yaw_deg=-23.66 calibrated_yaw_deg=-23.66 target_yaw_deg=0.00 yaw_source=calibrated_pnp corner_error_deg=16.81 height_norm=0.180
[exp2] continuous center correction direction=backward
[tag] backend=pupil_apriltags id=0 center=(173.4,163.8) error_x=0.042 yaw_deg=-23.43 height=43.4px height_norm=0.181 margin=34.29 distance=0.2963059730282027
[exp2] phase=continuous_center center_error=0.042 raw_yaw_deg=-23.43 calibrated_yaw_deg=-23.43 target_yaw_deg=0.00 yaw_source=calibrated_pnp corner_error_deg=16.67 height_norm=0.181
[exp2] continuous center correction direction=backward
[tag] backend=pupil_apriltags id=0 center=(170.8,164.1) error_x=0.034 yaw_deg=-22.89 height=43.3px height_norm=0.180 margin=34.62 distance=0.2961147850590452
[exp2] phase=continuous_center center_error=0.034 raw_yaw_deg=-22.89 calibrated_yaw_deg=-22.89 target_yaw_deg=0.00 yaw_source=calibrated_pnp corner_error_deg=16.46 height_norm=0.180
[exp2] continuous center correction direction=backward
[tag] backend=pupil_apriltags id=0 center=(168.0,164.1) error_x=0.025 yaw_deg=-22.34 height=43.2px height_norm=0.180 margin=34.89 distance=0.2972864624919077
[exp2] phase=continuous_center center_error=0.025 raw_yaw_deg=-22.34 calibrated_yaw_deg=-22.34 target_yaw_deg=0.00 yaw_source=calibrated_pnp corner_error_deg=15.57 height_norm=0.180
[map] motion direction=backward speed=0.2 effective_seconds=0.36856937408447266 pose={'x_m': -0.5288792728139827, 'y_m': -0.04842102117390486, 'heading_rad': 1.10947915671185}
[base] continuous stop label=exp2_center_align elapsed=0.369s
[base] stop
[exp2] center accepted; switching to yaw after 0.200s
[base] stop
[base] stop
[base] stop
[base] stop
[base] stop
[base] stop
[base] stop
[base] stop
[base] stop
[tag] backend=pupil_apriltags id=0 center=(165.7,164.0) error_x=0.018 yaw_deg=-20.83 height=43.0px height_norm=0.179 margin=34.50 distance=0.29743939370465566
[exp2] phase=continuous_yaw center_error=0.018 raw_yaw_deg=-20.83 calibrated_yaw_deg=-20.83 target_yaw_deg=0.00 yaw_source=calibrated_pnp corner_error_deg=13.60 height_norm=0.179
[base] continuous start label=exp2_yaw_align direction=left requested_speed=0.15 effective_speed=0.15
[exp2] continuous yaw correction direction=left
[tag] backend=pupil_apriltags id=0 center=(165.6,163.9) error_x=0.017 yaw_deg=-20.46 height=43.0px height_norm=0.179 margin=34.67 distance=0.2980592981501663
[exp2] phase=continuous_yaw center_error=0.017 raw_yaw_deg=-20.46 calibrated_yaw_deg=-20.46 target_yaw_deg=0.00 yaw_source=calibrated_pnp corner_error_deg=13.85 height_norm=0.179
[exp2] continuous yaw correction direction=left
[tag] backend=pupil_apriltags id=0 center=(165.7,163.9) error_x=0.018 yaw_deg=-20.79 height=43.0px height_norm=0.179 margin=34.76 distance=0.29749154606334793
[exp2] phase=continuous_yaw center_error=0.018 raw_yaw_deg=-20.79 calibrated_yaw_deg=-20.79 target_yaw_deg=0.00 yaw_source=calibrated_pnp corner_error_deg=13.73 height_norm=0.179
[exp2] continuous yaw correction direction=left
[tag] backend=pupil_apriltags id=0 center=(165.3,164.0) error_x=0.017 yaw_deg=-19.69 height=42.9px height_norm=0.179 margin=34.78 distance=0.2987885720386907
[exp2] phase=continuous_yaw center_error=0.017 raw_yaw_deg=-19.69 calibrated_yaw_deg=-19.69 target_yaw_deg=0.00 yaw_source=calibrated_pnp corner_error_deg=13.82 height_norm=0.179
[exp2] continuous yaw correction direction=left
[tag] backend=pupil_apriltags id=0 center=(167.3,163.8) error_x=0.023 yaw_deg=-21.1 height=43.0px height_norm=0.179 margin=34.64 distance=0.2991954765068796
[exp2] phase=continuous_yaw center_error=0.023 raw_yaw_deg=-21.1 calibrated_yaw_deg=-21.1 target_yaw_deg=0.00 yaw_source=calibrated_pnp corner_error_deg=14.56 height_norm=0.179
[exp2] continuous yaw correction direction=left
[tag] backend=pupil_apriltags id=0 center=(170.7,163.8) error_x=0.033 yaw_deg=-21.53 height=43.0px height_norm=0.179 margin=34.40 distance=0.29737721835383196
[exp2] phase=continuous_yaw center_error=0.033 raw_yaw_deg=-21.53 calibrated_yaw_deg=-21.53 target_yaw_deg=0.00 yaw_source=calibrated_pnp corner_error_deg=14.99 height_norm=0.179
[map] motion direction=left speed=0.15 effective_seconds=0.31658053398132324 pose={'x_m': -0.5288792728139827, 'y_m': -0.04842102117390486, 'heading_rad': 1.0616634317202482}
[base] continuous stop label=exp2_yaw_align elapsed=0.317s
[base] stop
[exp2] continuous x guard preempted yaw error=0.033 limit=0.030; camera_settle_seconds=0.200
[base] stop
[base] stop
[base] stop
[base] stop
[base] stop
[base] stop
[base] stop
[base] stop
[base] stop
[tag] backend=pupil_apriltags id=0 center=(175.9,164.0) error_x=0.050 yaw_deg=-21.16 height=42.9px height_norm=0.179 margin=34.68 distance=0.2965318847487235
[exp2] phase=continuous_center center_error=0.050 raw_yaw_deg=-21.16 calibrated_yaw_deg=-21.16 target_yaw_deg=0.00 yaw_source=calibrated_pnp corner_error_deg=15.82 height_norm=0.179
[base] continuous start label=exp2_center_align direction=backward requested_speed=0.2 effective_speed=0.2
[exp2] continuous center correction direction=backward
[tag] backend=pupil_apriltags id=0 center=(175.9,163.9) error_x=0.050 yaw_deg=-21.12 height=42.8px height_norm=0.178 margin=34.25 distance=0.2971095305548483
[exp2] phase=continuous_center center_error=0.050 raw_yaw_deg=-21.12 calibrated_yaw_deg=-21.12 target_yaw_deg=0.00 yaw_source=calibrated_pnp corner_error_deg=15.54 height_norm=0.178
[exp2] continuous center correction direction=backward
[tag] backend=pupil_apriltags id=0 center=(175.7,164.0) error_x=0.049 yaw_deg=-21.03 height=42.8px height_norm=0.178 margin=34.54 distance=0.29724976977276896
[exp2] phase=continuous_center center_error=0.049 raw_yaw_deg=-21.03 calibrated_yaw_deg=-21.03 target_yaw_deg=0.00 yaw_source=calibrated_pnp corner_error_deg=15.47 height_norm=0.178
[exp2] continuous center correction direction=backward
[tag] backend=pupil_apriltags id=0 center=(174.0,163.9) error_x=0.044 yaw_deg=-21.61 height=42.7px height_norm=0.178 margin=34.30 distance=0.29666637768179516
[exp2] phase=continuous_center center_error=0.044 raw_yaw_deg=-21.61 calibrated_yaw_deg=-21.61 target_yaw_deg=0.00 yaw_source=calibrated_pnp corner_error_deg=15.36 height_norm=0.178
[exp2] continuous center correction direction=backward
[tag] backend=pupil_apriltags id=0 center=(172.6,163.9) error_x=0.039 yaw_deg=-21.38 height=42.8px height_norm=0.178 margin=34.86 distance=0.29613769164299375
[exp2] phase=continuous_center center_error=0.039 raw_yaw_deg=-21.38 calibrated_yaw_deg=-21.38 target_yaw_deg=0.00 yaw_source=calibrated_pnp corner_error_deg=15.53 height_norm=0.178
[exp2] continuous center correction direction=backward
[tag] backend=pupil_apriltags id=0 center=(170.9,163.7) error_x=0.034 yaw_deg=-20.84 height=42.7px height_norm=0.178 margin=34.74 distance=0.2960113450655515
[exp2] phase=continuous_center center_error=0.034 raw_yaw_deg=-20.84 calibrated_yaw_deg=-20.84 target_yaw_deg=0.00 yaw_source=calibrated_pnp corner_error_deg=14.89 height_norm=0.178
[exp2] continuous center correction direction=backward
[tag] backend=pupil_apriltags id=0 center=(168.6,164.1) error_x=0.027 yaw_deg=-20.87 height=42.7px height_norm=0.178 margin=34.85 distance=0.2962620636712617
[exp2] phase=continuous_center center_error=0.027 raw_yaw_deg=-20.87 calibrated_yaw_deg=-20.87 target_yaw_deg=0.00 yaw_source=calibrated_pnp corner_error_deg=14.63 height_norm=0.178
[map] motion direction=backward speed=0.2 effective_seconds=0.395923376083374 pose={'x_m': -0.5401147638574848, 'y_m': -0.054692906653998674, 'heading_rad': 1.0616634317202482}
[base] continuous stop label=exp2_center_align elapsed=0.396s
[base] stop
[exp2] center accepted; switching to yaw after 0.200s
[base] stop
[base] stop
[base] stop
[base] stop
[base] stop
[base] stop
[base] stop
[base] stop
[base] stop
[tag] backend=pupil_apriltags id=0 center=(165.1,163.9) error_x=0.016 yaw_deg=-18.8 height=42.5px height_norm=0.177 margin=34.85 distance=0.29637543560930996
[exp2] phase=continuous_yaw center_error=0.016 raw_yaw_deg=-18.8 calibrated_yaw_deg=-18.8 target_yaw_deg=0.00 yaw_source=calibrated_pnp corner_error_deg=12.65 height_norm=0.177
[base] continuous start label=exp2_yaw_align direction=left requested_speed=0.15 effective_speed=0.15
[exp2] continuous yaw correction direction=left
[tag] backend=pupil_apriltags id=0 center=(164.9,163.8) error_x=0.015 yaw_deg=-18.79 height=42.5px height_norm=0.177 margin=34.65 distance=0.2969256060448598
[exp2] phase=continuous_yaw center_error=0.015 raw_yaw_deg=-18.79 calibrated_yaw_deg=-18.79 target_yaw_deg=0.00 yaw_source=calibrated_pnp corner_error_deg=13.34 height_norm=0.177
[exp2] continuous yaw correction direction=left
[tag] backend=pupil_apriltags id=0 center=(165.0,163.9) error_x=0.016 yaw_deg=-18.93 height=42.4px height_norm=0.177 margin=34.74 distance=0.2969194035318817
[exp2] phase=continuous_yaw center_error=0.016 raw_yaw_deg=-18.93 calibrated_yaw_deg=-18.93 target_yaw_deg=0.00 yaw_source=calibrated_pnp corner_error_deg=12.91 height_norm=0.177
[exp2] continuous yaw correction direction=left
[tag] backend=pupil_apriltags id=0 center=(164.6,163.7) error_x=0.014 yaw_deg=-17.53 height=42.4px height_norm=0.176 margin=34.75 distance=0.2978940806514406
[exp2] phase=continuous_yaw center_error=0.014 raw_yaw_deg=-17.53 calibrated_yaw_deg=-17.53 target_yaw_deg=0.00 yaw_source=calibrated_pnp corner_error_deg=13.06 height_norm=0.176
[exp2] continuous yaw correction direction=left
[tag] backend=pupil_apriltags id=0 center=(167.0,163.7) error_x=0.022 yaw_deg=-18.86 height=42.4px height_norm=0.177 margin=34.74 distance=0.2980946187455159
[exp2] phase=continuous_yaw center_error=0.022 raw_yaw_deg=-18.86 calibrated_yaw_deg=-18.86 target_yaw_deg=0.00 yaw_source=calibrated_pnp corner_error_deg=13.13 height_norm=0.177
[exp2] continuous yaw correction direction=left
[tag] backend=pupil_apriltags id=0 center=(168.9,163.7) error_x=0.028 yaw_deg=-19.37 height=42.4px height_norm=0.177 margin=34.76 distance=0.2973822581782324
[exp2] phase=continuous_yaw center_error=0.028 raw_yaw_deg=-19.37 calibrated_yaw_deg=-19.37 target_yaw_deg=0.00 yaw_source=calibrated_pnp corner_error_deg=13.31 height_norm=0.177
[exp2] continuous yaw correction direction=left
[tag] backend=pupil_apriltags id=0 center=(171.6,163.7) error_x=0.036 yaw_deg=-18.84 height=42.4px height_norm=0.176 margin=34.37 distance=0.29820865764135784
[exp2] phase=continuous_yaw center_error=0.036 raw_yaw_deg=-18.84 calibrated_yaw_deg=-18.84 target_yaw_deg=0.00 yaw_source=calibrated_pnp corner_error_deg=13.62 height_norm=0.176
[map] motion direction=left speed=0.15 effective_seconds=0.38149476051330566 pose={'x_m': -0.5401147638574848, 'y_m': -0.054692906653998674, 'heading_rad': 1.0040431847485332}
[base] continuous stop label=exp2_yaw_align elapsed=0.381s
[base] stop
[exp2] continuous x guard preempted yaw error=0.036 limit=0.030; camera_settle_seconds=0.200
[base] stop
[base] stop
[base] stop
[base] stop
[base] stop
[base] stop
[base] stop
[base] stop
[base] stop
[tag] backend=pupil_apriltags id=0 center=(178.2,163.7) error_x=0.057 yaw_deg=-18.7 height=42.4px height_norm=0.177 margin=34.50 distance=0.2955217164318602
[exp2] phase=continuous_center center_error=0.057 raw_yaw_deg=-18.7 calibrated_yaw_deg=-18.7 target_yaw_deg=0.00 yaw_source=calibrated_pnp corner_error_deg=14.49 height_norm=0.177
[base] continuous start label=exp2_center_align direction=backward requested_speed=0.2 effective_speed=0.2
[exp2] continuous center correction direction=backward
[tag] backend=pupil_apriltags id=0 center=(178.3,163.6) error_x=0.057 yaw_deg=-18.36 height=42.4px height_norm=0.177 margin=34.14 distance=0.2955564292790865
[exp2] phase=continuous_center center_error=0.057 raw_yaw_deg=-18.36 calibrated_yaw_deg=-18.36 target_yaw_deg=0.00 yaw_source=calibrated_pnp corner_error_deg=14.57 height_norm=0.177
[exp2] continuous center correction direction=backward
[tag] backend=pupil_apriltags id=0 center=(178.0,163.7) error_x=0.056 yaw_deg=-19.65 height=42.5px height_norm=0.177 margin=34.45 distance=0.29575791140575913
[exp2] phase=continuous_center center_error=0.056 raw_yaw_deg=-19.65 calibrated_yaw_deg=-19.65 target_yaw_deg=0.00 yaw_source=calibrated_pnp corner_error_deg=14.63 height_norm=0.177
[exp2] continuous center correction direction=backward
[tag] backend=pupil_apriltags id=0 center=(176.1,163.7) error_x=0.050 yaw_deg=-18.96 height=42.4px height_norm=0.177 margin=34.55 distance=0.29551188212220353
[exp2] phase=continuous_center center_error=0.050 raw_yaw_deg=-18.96 calibrated_yaw_deg=-18.96 target_yaw_deg=0.00 yaw_source=calibrated_pnp corner_error_deg=14.12 height_norm=0.177
[exp2] continuous center correction direction=backward
[tag] backend=pupil_apriltags id=0 center=(174.3,163.7) error_x=0.045 yaw_deg=-19.11 height=42.3px height_norm=0.176 margin=34.49 distance=0.2940962396499235
[exp2] phase=continuous_center center_error=0.045 raw_yaw_deg=-19.11 calibrated_yaw_deg=-19.11 target_yaw_deg=0.00 yaw_source=calibrated_pnp corner_error_deg=14.35 height_norm=0.176
[exp2] continuous center correction direction=backward
[tag] backend=pupil_apriltags id=0 center=(173.4,163.7) error_x=0.042 yaw_deg=-18.34 height=42.3px height_norm=0.176 margin=34.25 distance=0.2945014680260869
[exp2] phase=continuous_center center_error=0.042 raw_yaw_deg=-18.34 calibrated_yaw_deg=-18.34 target_yaw_deg=0.00 yaw_source=calibrated_pnp corner_error_deg=13.97 height_norm=0.176
[exp2] continuous center correction direction=backward
[tag] backend=pupil_apriltags id=0 center=(170.9,163.5) error_x=0.034 yaw_deg=-18.46 height=42.3px height_norm=0.176 margin=34.45 distance=0.2956703443458869
[exp2] phase=continuous_center center_error=0.034 raw_yaw_deg=-18.46 calibrated_yaw_deg=-18.46 target_yaw_deg=0.00 yaw_source=calibrated_pnp corner_error_deg=13.79 height_norm=0.176
[exp2] continuous center correction direction=backward
[tag] backend=pupil_apriltags id=0 center=(168.5,163.8) error_x=0.027 yaw_deg=-17.87 height=42.2px height_norm=0.176 margin=34.39 distance=0.2937436376228077
[exp2] phase=continuous_center center_error=0.027 raw_yaw_deg=-17.87 calibrated_yaw_deg=-17.87 target_yaw_deg=0.00 yaw_source=calibrated_pnp corner_error_deg=13.08 height_norm=0.176
[map] motion direction=backward speed=0.2 effective_seconds=0.4597017765045166 pose={'x_m': -0.5527191342053085, 'y_m': -0.06271429327933607, 'heading_rad': 1.0040431847485332}
[base] continuous stop label=exp2_center_align elapsed=0.460s
[base] stop
[exp2] center accepted; switching to yaw after 0.200s
[base] stop
[base] stop
[base] stop
[base] stop
[base] stop
[base] stop
[base] stop
[base] stop
[base] stop
[tag] backend=pupil_apriltags id=0 center=(163.6,163.6) error_x=0.011 yaw_deg=-15.89 height=42.1px height_norm=0.176 margin=34.63 distance=0.2957269765094714
[exp2] phase=continuous_yaw center_error=0.011 raw_yaw_deg=-15.89 calibrated_yaw_deg=-15.89 target_yaw_deg=0.00 yaw_source=calibrated_pnp corner_error_deg=12.05 height_norm=0.176
[base] continuous start label=exp2_yaw_align direction=left requested_speed=0.15 effective_speed=0.15
[exp2] continuous yaw correction direction=left
[tag] backend=pupil_apriltags id=0 center=(163.6,163.5) error_x=0.011 yaw_deg=-15.39 height=42.0px height_norm=0.175 margin=34.60 distance=0.2960750869129831
[exp2] phase=continuous_yaw center_error=0.011 raw_yaw_deg=-15.39 calibrated_yaw_deg=-15.39 target_yaw_deg=0.00 yaw_source=calibrated_pnp corner_error_deg=11.86 height_norm=0.175
[exp2] continuous yaw correction direction=left
[tag] backend=pupil_apriltags id=0 center=(163.7,163.6) error_x=0.012 yaw_deg=-15.54 height=42.0px height_norm=0.175 margin=33.98 distance=0.29600633921680997
[exp2] phase=continuous_yaw center_error=0.012 raw_yaw_deg=-15.54 calibrated_yaw_deg=-15.54 target_yaw_deg=0.00 yaw_source=calibrated_pnp corner_error_deg=12.12 height_norm=0.175
[exp2] continuous yaw correction direction=left
[tag] backend=pupil_apriltags id=0 center=(164.4,163.6) error_x=0.014 yaw_deg=-16.88 height=42.2px height_norm=0.176 margin=34.61 distance=0.29423709453701524
[exp2] phase=continuous_yaw center_error=0.014 raw_yaw_deg=-16.88 calibrated_yaw_deg=-16.88 target_yaw_deg=0.00 yaw_source=calibrated_pnp corner_error_deg=12.01 height_norm=0.176
[exp2] continuous yaw correction direction=left
[tag] backend=pupil_apriltags id=0 center=(167.1,163.6) error_x=0.022 yaw_deg=-17.36 height=42.1px height_norm=0.176 margin=34.38 distance=0.2961393290070858
[exp2] phase=continuous_yaw center_error=0.022 raw_yaw_deg=-17.36 calibrated_yaw_deg=-17.36 target_yaw_deg=0.00 yaw_source=calibrated_pnp corner_error_deg=12.36 height_norm=0.176
[exp2] continuous yaw correction direction=left
[tag] backend=pupil_apriltags id=0 center=(169.8,163.5) error_x=0.031 yaw_deg=-16.22 height=42.0px height_norm=0.175 margin=34.37 distance=0.29553938818051445
[exp2] phase=continuous_yaw center_error=0.031 raw_yaw_deg=-16.22 calibrated_yaw_deg=-16.22 target_yaw_deg=0.00 yaw_source=calibrated_pnp corner_error_deg=12.35 height_norm=0.175
[map] motion direction=left speed=0.15 effective_seconds=0.34081006050109863 pose={'x_m': -0.5527191342053085, 'y_m': -0.06271429327933607, 'heading_rad': 0.9525678779052731}
[base] continuous stop label=exp2_yaw_align elapsed=0.341s
[base] stop
[exp2] continuous x guard preempted yaw error=0.031 limit=0.030; camera_settle_seconds=0.200
[base] stop
[base] stop
[base] stop
[base] stop
[base] stop
[base] stop
[base] stop
[base] stop
[base] stop
[tag] backend=pupil_apriltags id=0 center=(175.7,163.7) error_x=0.049 yaw_deg=-16.66 height=42.2px height_norm=0.176 margin=34.04 distance=0.29182432338368397
[exp2] phase=continuous_center center_error=0.049 raw_yaw_deg=-16.66 calibrated_yaw_deg=-16.66 target_yaw_deg=0.00 yaw_source=calibrated_pnp corner_error_deg=13.24 height_norm=0.176
[base] continuous start label=exp2_center_align direction=backward requested_speed=0.2 effective_speed=0.2
[exp2] continuous center correction direction=backward
[tag] backend=pupil_apriltags id=0 center=(175.7,163.7) error_x=0.049 yaw_deg=-16.63 height=42.2px height_norm=0.176 margin=33.83 distance=0.29174176955534054
[exp2] phase=continuous_center center_error=0.049 raw_yaw_deg=-16.63 calibrated_yaw_deg=-16.63 target_yaw_deg=0.00 yaw_source=calibrated_pnp corner_error_deg=13.28 height_norm=0.176
[exp2] continuous center correction direction=backward
[tag] backend=pupil_apriltags id=0 center=(175.6,163.8) error_x=0.049 yaw_deg=-16.7 height=42.0px height_norm=0.175 margin=33.33 distance=0.29367587298937275
[exp2] phase=continuous_center center_error=0.049 raw_yaw_deg=-16.7 calibrated_yaw_deg=-16.7 target_yaw_deg=0.00 yaw_source=calibrated_pnp corner_error_deg=13.45 height_norm=0.175
[exp2] continuous center correction direction=backward
[tag] backend=pupil_apriltags id=0 center=(173.5,163.7) error_x=0.042 yaw_deg=-17.03 height=42.1px height_norm=0.175 margin=34.14 distance=0.2935113819382452
[exp2] phase=continuous_center center_error=0.042 raw_yaw_deg=-17.03 calibrated_yaw_deg=-17.03 target_yaw_deg=0.00 yaw_source=calibrated_pnp corner_error_deg=13.18 height_norm=0.175
[exp2] continuous center correction direction=backward
[tag] backend=pupil_apriltags id=0 center=(171.6,163.7) error_x=0.036 yaw_deg=-16.91 height=42.1px height_norm=0.175 margin=34.21 distance=0.29298285025729287
[exp2] phase=continuous_center center_error=0.036 raw_yaw_deg=-16.91 calibrated_yaw_deg=-16.91 target_yaw_deg=0.00 yaw_source=calibrated_pnp corner_error_deg=13.02 height_norm=0.175
[exp2] continuous center correction direction=backward
[tag] backend=pupil_apriltags id=0 center=(170.4,163.6) error_x=0.033 yaw_deg=-16.06 height=42.0px height_norm=0.175 margin=34.27 distance=0.29260135485143346
[exp2] phase=continuous_center center_error=0.033 raw_yaw_deg=-16.06 calibrated_yaw_deg=-16.06 target_yaw_deg=0.00 yaw_source=calibrated_pnp corner_error_deg=12.61 height_norm=0.175
[exp2] continuous center correction direction=backward
[tag] backend=pupil_apriltags id=0 center=(168.0,163.7) error_x=0.025 yaw_deg=-15.49 height=41.9px height_norm=0.175 margin=34.23 distance=0.291106021403608
[exp2] phase=continuous_center center_error=0.025 raw_yaw_deg=-15.49 calibrated_yaw_deg=-15.49 target_yaw_deg=0.00 yaw_source=calibrated_pnp corner_error_deg=12.22 height_norm=0.175
[map] motion direction=backward speed=0.2 effective_seconds=0.3970344066619873 pose={'x_m': -0.5632343767244103, 'y_m': -0.07019313261723065, 'heading_rad': 0.9525678779052731}
[base] continuous stop label=exp2_center_align elapsed=0.397s
[base] stop
[exp2] center accepted; switching to yaw after 0.200s
[base] stop
[base] stop
[base] stop
[base] stop
[base] stop
[base] stop
[base] stop
[base] stop
[base] stop
[tag] backend=pupil_apriltags id=0 center=(163.1,163.6) error_x=0.010 yaw_deg=-13.21 height=41.6px height_norm=0.173 margin=34.71 distance=0.2934645096418463
[exp2] phase=continuous_yaw center_error=0.010 raw_yaw_deg=-13.21 calibrated_yaw_deg=-13.21 target_yaw_deg=0.00 yaw_source=calibrated_pnp corner_error_deg=10.80 height_norm=0.173
[base] continuous start label=exp2_yaw_align direction=left requested_speed=0.15 effective_speed=0.15
[exp2] continuous yaw correction direction=left
[tag] backend=pupil_apriltags id=0 center=(163.1,163.5) error_x=0.010 yaw_deg=-13.71 height=41.7px height_norm=0.174 margin=34.57 distance=0.2931463063689369
[exp2] phase=continuous_yaw center_error=0.010 raw_yaw_deg=-13.71 calibrated_yaw_deg=-13.71 target_yaw_deg=0.00 yaw_source=calibrated_pnp corner_error_deg=11.24 height_norm=0.174
[exp2] continuous yaw correction direction=left
[tag] backend=pupil_apriltags id=0 center=(163.4,163.5) error_x=0.010 yaw_deg=-13.9 height=41.7px height_norm=0.174 margin=34.50 distance=0.29352173122662983
[exp2] phase=continuous_yaw center_error=0.010 raw_yaw_deg=-13.9 calibrated_yaw_deg=-13.9 target_yaw_deg=0.00 yaw_source=calibrated_pnp corner_error_deg=11.17 height_norm=0.174
[exp2] continuous yaw correction direction=left
[tag] backend=pupil_apriltags id=0 center=(164.7,163.6) error_x=0.015 yaw_deg=-13.42 height=41.6px height_norm=0.173 margin=34.59 distance=0.2960490125349284
[exp2] phase=continuous_yaw center_error=0.015 raw_yaw_deg=-13.42 calibrated_yaw_deg=-13.42 target_yaw_deg=0.00 yaw_source=calibrated_pnp corner_error_deg=9.97 height_norm=0.173
[exp2] continuous yaw correction direction=left
[tag] backend=pupil_apriltags id=0 center=(167.7,163.7) error_x=0.024 yaw_deg=-15.17 height=41.6px height_norm=0.173 margin=34.24 distance=0.2940629753255085
[exp2] phase=continuous_yaw center_error=0.024 raw_yaw_deg=-15.17 calibrated_yaw_deg=-15.17 target_yaw_deg=0.00 yaw_source=calibrated_pnp corner_error_deg=11.33 height_norm=0.173
[exp2] continuous yaw correction direction=left
[tag] backend=pupil_apriltags id=0 center=(170.2,163.7) error_x=0.032 yaw_deg=-14.23 height=41.4px height_norm=0.173 margin=33.98 distance=0.2946490051745281
[exp2] phase=continuous_yaw center_error=0.032 raw_yaw_deg=-14.23 calibrated_yaw_deg=-14.23 target_yaw_deg=0.00 yaw_source=calibrated_pnp corner_error_deg=11.54 height_norm=0.173
[map] motion direction=left speed=0.15 effective_seconds=0.3477632999420166 pose={'x_m': -0.5632343767244103, 'y_m': -0.07019313261723065, 'heading_rad': 0.9000423669299824}
[base] continuous stop label=exp2_yaw_align elapsed=0.348s
[base] stop
[exp2] continuous x guard preempted yaw error=0.032 limit=0.030; camera_settle_seconds=0.200
[base] stop
[base] stop
[base] stop
[base] stop
[base] stop
[base] stop
[base] stop
[base] stop
[base] stop
[tag] backend=pupil_apriltags id=0 center=(175.8,163.6) error_x=0.049 yaw_deg=-14.78 height=41.6px height_norm=0.173 margin=33.38 distance=0.29323545141857377
[exp2] phase=continuous_center center_error=0.049 raw_yaw_deg=-14.78 calibrated_yaw_deg=-14.78 target_yaw_deg=0.00 yaw_source=calibrated_pnp corner_error_deg=11.68 height_norm=0.173
[base] continuous start label=exp2_center_align direction=backward requested_speed=0.2 effective_speed=0.2
[exp2] continuous center correction direction=backward
[tag] backend=pupil_apriltags id=0 center=(175.8,163.5) error_x=0.049 yaw_deg=-14.57 height=41.6px height_norm=0.173 margin=33.19 distance=0.2933359279629331
[exp2] phase=continuous_center center_error=0.049 raw_yaw_deg=-14.57 calibrated_yaw_deg=-14.57 target_yaw_deg=0.00 yaw_source=calibrated_pnp corner_error_deg=11.39 height_norm=0.173
[exp2] continuous center correction direction=backward
[tag] backend=pupil_apriltags id=0 center=(175.8,163.7) error_x=0.049 yaw_deg=-14.9 height=41.6px height_norm=0.173 margin=33.51 distance=0.29334187294822767
[exp2] phase=continuous_center center_error=0.049 raw_yaw_deg=-14.9 calibrated_yaw_deg=-14.9 target_yaw_deg=0.00 yaw_source=calibrated_pnp corner_error_deg=11.91 height_norm=0.173
[exp2] continuous center correction direction=backward
[tag] backend=pupil_apriltags id=0 center=(173.6,163.8) error_x=0.043 yaw_deg=-14.87 height=41.4px height_norm=0.172 margin=34.07 distance=0.29327682739431443
[exp2] phase=continuous_center center_error=0.043 raw_yaw_deg=-14.87 calibrated_yaw_deg=-14.87 target_yaw_deg=0.00 yaw_source=calibrated_pnp corner_error_deg=12.16 height_norm=0.172
[exp2] continuous center correction direction=backward
[tag] backend=pupil_apriltags id=0 center=(172.3,163.7) error_x=0.038 yaw_deg=-14.72 height=41.4px height_norm=0.173 margin=33.74 distance=0.29141964449633445
[exp2] phase=continuous_center center_error=0.038 raw_yaw_deg=-14.72 calibrated_yaw_deg=-14.72 target_yaw_deg=0.00 yaw_source=calibrated_pnp corner_error_deg=11.89 height_norm=0.173
[exp2] continuous center correction direction=backward
[tag] backend=pupil_apriltags id=0 center=(170.3,163.7) error_x=0.032 yaw_deg=-13.66 height=41.2px height_norm=0.172 margin=33.48 distance=0.2920011580655541
[exp2] phase=continuous_center center_error=0.032 raw_yaw_deg=-13.66 calibrated_yaw_deg=-13.66 target_yaw_deg=0.00 yaw_source=calibrated_pnp corner_error_deg=11.11 height_norm=0.172
[exp2] continuous center correction direction=backward
[tag] backend=pupil_apriltags id=0 center=(168.0,163.9) error_x=0.025 yaw_deg=-13.51 height=41.0px height_norm=0.171 margin=33.78 distance=0.29297383950337913
[exp2] phase=continuous_center center_error=0.025 raw_yaw_deg=-13.51 calibrated_yaw_deg=-13.51 target_yaw_deg=0.00 yaw_source=calibrated_pnp corner_error_deg=10.76 height_norm=0.171
[map] motion direction=backward speed=0.2 effective_seconds=0.4135446548461914 pose={'x_m': -0.5737628020075441, 'y_m': -0.07854724966043855, 'heading_rad': 0.9000423669299824}
[base] continuous stop label=exp2_center_align elapsed=0.414s
[base] stop
[exp2] center accepted; switching to yaw after 0.200s
[base] stop
[base] stop
[base] stop
[base] stop
[base] stop
[base] stop
[base] stop
[base] stop
[base] stop
[tag] backend=pupil_apriltags id=0 center=(163.0,164.2) error_x=0.009 yaw_deg=-11.68 height=40.6px height_norm=0.169 margin=34.43 distance=0.29312770256717974
[exp2] phase=continuous_yaw center_error=0.009 raw_yaw_deg=-11.68 calibrated_yaw_deg=-11.68 target_yaw_deg=0.00 yaw_source=calibrated_pnp corner_error_deg=9.46 height_norm=0.169
[base] continuous start label=exp2_yaw_align direction=left requested_speed=0.15 effective_speed=0.15
[exp2] continuous yaw correction direction=left
[tag] backend=pupil_apriltags id=0 center=(163.2,164.2) error_x=0.010 yaw_deg=-11.86 height=40.5px height_norm=0.169 margin=34.54 distance=0.2934164950461271
[exp2] phase=continuous_yaw center_error=0.010 raw_yaw_deg=-11.86 calibrated_yaw_deg=-11.86 target_yaw_deg=0.00 yaw_source=calibrated_pnp corner_error_deg=9.51 height_norm=0.169
[exp2] continuous yaw correction direction=left
[tag] backend=pupil_apriltags id=0 center=(163.2,164.2) error_x=0.010 yaw_deg=-12.08 height=40.7px height_norm=0.170 margin=34.37 distance=0.29331638352000117
[exp2] phase=continuous_yaw center_error=0.010 raw_yaw_deg=-12.08 calibrated_yaw_deg=-12.08 target_yaw_deg=0.00 yaw_source=calibrated_pnp corner_error_deg=9.72 height_norm=0.170
[exp2] continuous yaw correction direction=left
[tag] backend=pupil_apriltags id=0 center=(164.1,164.2) error_x=0.013 yaw_deg=-10.44 height=40.5px height_norm=0.169 margin=34.26 distance=0.29701282786319533
[exp2] phase=continuous_yaw center_error=0.013 raw_yaw_deg=-10.44 calibrated_yaw_deg=-10.44 target_yaw_deg=0.00 yaw_source=calibrated_pnp corner_error_deg=8.96 height_norm=0.169
[exp2] continuous yaw correction direction=left
[tag] backend=pupil_apriltags id=0 center=(166.5,164.1) error_x=0.020 yaw_deg=-11.03 height=40.6px height_norm=0.169 margin=34.04 distance=0.29558161272464284
[exp2] phase=continuous_yaw center_error=0.020 raw_yaw_deg=-11.03 calibrated_yaw_deg=-11.03 target_yaw_deg=0.00 yaw_source=calibrated_pnp corner_error_deg=9.85 height_norm=0.169
[exp2] continuous yaw correction direction=left
[tag] backend=pupil_apriltags id=0 center=(169.1,164.0) error_x=0.029 yaw_deg=-11.28 height=40.5px height_norm=0.169 margin=34.42 distance=0.2968091521173258
[exp2] phase=continuous_yaw center_error=0.029 raw_yaw_deg=-11.28 calibrated_yaw_deg=-11.28 target_yaw_deg=0.00 yaw_source=calibrated_pnp corner_error_deg=10.21 height_norm=0.169
[exp2] continuous yaw correction direction=left
[tag] backend=pupil_apriltags id=0 center=(172.0,163.8) error_x=0.037 yaw_deg=-11.68 height=40.4px height_norm=0.168 margin=33.63 distance=0.29480722614177274
[exp2] phase=continuous_yaw center_error=0.037 raw_yaw_deg=-11.68 calibrated_yaw_deg=-11.68 target_yaw_deg=0.00 yaw_source=calibrated_pnp corner_error_deg=10.45 height_norm=0.168
[map] motion direction=left speed=0.15 effective_seconds=0.4093661308288574 pose={'x_m': -0.5737628020075441, 'y_m': -0.07854724966043855, 'heading_rad': 0.8382124809088047}
[base] continuous stop label=exp2_yaw_align elapsed=0.409s
[base] stop
[exp2] continuous x guard preempted yaw error=0.037 limit=0.030; camera_settle_seconds=0.200
[base] stop
[base] stop
[base] stop
[base] stop
[base] stop
[base] stop
[base] stop
[base] stop
[base] stop
[tag] backend=pupil_apriltags id=0 center=(177.2,163.5) error_x=0.054 yaw_deg=-11.47 height=40.4px height_norm=0.168 margin=33.35 distance=0.2937586084090938
[exp2] phase=continuous_center center_error=0.054 raw_yaw_deg=-11.47 calibrated_yaw_deg=-11.47 target_yaw_deg=0.00 yaw_source=calibrated_pnp corner_error_deg=10.92 height_norm=0.168
[base] continuous start label=exp2_center_align direction=backward requested_speed=0.2 effective_speed=0.2
[exp2] continuous center correction direction=backward
[tag] backend=pupil_apriltags id=0 center=(177.1,163.4) error_x=0.053 yaw_deg=-10.82 height=40.3px height_norm=0.168 margin=33.96 distance=0.29474500557617367
[exp2] phase=continuous_center center_error=0.053 raw_yaw_deg=-10.82 calibrated_yaw_deg=-10.82 target_yaw_deg=0.00 yaw_source=calibrated_pnp corner_error_deg=10.50 height_norm=0.168
[exp2] continuous center correction direction=backward
[tag] backend=pupil_apriltags id=0 center=(176.8,163.5) error_x=0.053 yaw_deg=-11.38 height=40.2px height_norm=0.167 margin=33.60 distance=0.2958101290821011
[exp2] phase=continuous_center center_error=0.053 raw_yaw_deg=-11.38 calibrated_yaw_deg=-11.38 target_yaw_deg=0.00 yaw_source=calibrated_pnp corner_error_deg=10.38 height_norm=0.167
[exp2] continuous center correction direction=backward
[tag] backend=pupil_apriltags id=0 center=(174.9,163.7) error_x=0.047 yaw_deg=-11.17 height=40.2px height_norm=0.168 margin=33.74 distance=0.29487598547742033
[exp2] phase=continuous_center center_error=0.047 raw_yaw_deg=-11.17 calibrated_yaw_deg=-11.17 target_yaw_deg=0.00 yaw_source=calibrated_pnp corner_error_deg=10.14 height_norm=0.168
[exp2] continuous center correction direction=backward
[tag] backend=pupil_apriltags id=0 center=(173.2,163.6) error_x=0.041 yaw_deg=-11.08 height=40.1px height_norm=0.167 margin=33.41 distance=0.2946040916713473
[exp2] phase=continuous_center center_error=0.041 raw_yaw_deg=-11.08 calibrated_yaw_deg=-11.08 target_yaw_deg=0.00 yaw_source=calibrated_pnp corner_error_deg=9.91 height_norm=0.167
[exp2] continuous center correction direction=backward
[tag] backend=pupil_apriltags id=0 center=(170.9,163.4) error_x=0.034 yaw_deg=-10.31 height=40.1px height_norm=0.167 margin=33.62 distance=0.29389111624971165
[exp2] phase=continuous_center center_error=0.034 raw_yaw_deg=-10.31 calibrated_yaw_deg=-10.31 target_yaw_deg=0.00 yaw_source=calibrated_pnp corner_error_deg=9.60 height_norm=0.167
[exp2] continuous center correction direction=backward
[tag] backend=pupil_apriltags id=0 center=(168.7,163.4) error_x=0.027 yaw_deg=-9.79 height=40.1px height_norm=0.167 margin=33.50 distance=0.29446440175766575
[exp2] phase=continuous_center center_error=0.027 raw_yaw_deg=-9.79 calibrated_yaw_deg=-9.79 target_yaw_deg=0.00 yaw_source=calibrated_pnp corner_error_deg=9.15 height_norm=0.167
[map] motion direction=backward speed=0.2 effective_seconds=0.4248185157775879 pose={'x_m': -0.584027303912424, 'y_m': -0.0877810058235873, 'heading_rad': 0.8382124809088047}
[base] continuous stop label=exp2_center_align elapsed=0.425s
[base] stop
[exp2] center accepted; switching to yaw after 0.200s
[base] stop
[base] stop
[base] stop
[base] stop
[base] stop
[base] stop
[base] stop
[base] stop
[base] stop
[tag] backend=pupil_apriltags id=0 center=(164.3,163.9) error_x=0.014 yaw_deg=-6.78 height=39.5px height_norm=0.164 margin=34.04 distance=0.297834901585623
[exp2] phase=continuous_yaw center_error=0.014 raw_yaw_deg=-6.78 calibrated_yaw_deg=-6.78 target_yaw_deg=0.00 yaw_source=calibrated_pnp corner_error_deg=7.03 height_norm=0.164
[base] stop
[base] stop
[exp2] stable frame 1/5
[tag] backend=pupil_apriltags id=0 center=(165.1,163.9) error_x=0.016 yaw_deg=-9.51 height=39.7px height_norm=0.165 margin=33.60 distance=0.2960667786136128
[exp2] phase=continuous_yaw center_error=0.016 raw_yaw_deg=-9.51 calibrated_yaw_deg=-9.51 target_yaw_deg=0.00 yaw_source=calibrated_pnp corner_error_deg=7.88 height_norm=0.165
[base] continuous start label=exp2_yaw_align direction=left requested_speed=0.15 effective_speed=0.15
[exp2] continuous yaw correction direction=left
[tag] backend=pupil_apriltags id=0 center=(165.0,163.9) error_x=0.016 yaw_deg=-9.6 height=39.7px height_norm=0.165 margin=33.55 distance=0.29604127328813784
[exp2] phase=continuous_yaw center_error=0.016 raw_yaw_deg=-9.6 calibrated_yaw_deg=-9.6 target_yaw_deg=0.00 yaw_source=calibrated_pnp corner_error_deg=7.55 height_norm=0.165
[exp2] continuous yaw correction direction=left
[tag] backend=pupil_apriltags id=0 center=(165.0,163.9) error_x=0.016 yaw_deg=-9.34 height=39.6px height_norm=0.165 margin=34.15 distance=0.29629760390584736
[exp2] phase=continuous_yaw center_error=0.016 raw_yaw_deg=-9.34 calibrated_yaw_deg=-9.34 target_yaw_deg=0.00 yaw_source=calibrated_pnp corner_error_deg=7.38 height_norm=0.165
[exp2] continuous yaw correction direction=left
[tag] backend=pupil_apriltags id=0 center=(165.6,163.9) error_x=0.017 yaw_deg=-8.2 height=39.6px height_norm=0.165 margin=33.98 distance=0.2966892543598936
[exp2] phase=continuous_yaw center_error=0.017 raw_yaw_deg=-8.2 calibrated_yaw_deg=-8.2 target_yaw_deg=0.00 yaw_source=calibrated_pnp corner_error_deg=7.96 height_norm=0.165
[exp2] continuous yaw correction direction=left
[tag] backend=pupil_apriltags id=0 center=(168.1,163.5) error_x=0.025 yaw_deg=-8.88 height=39.8px height_norm=0.166 margin=33.63 distance=0.29617319320952407
[exp2] phase=continuous_yaw center_error=0.025 raw_yaw_deg=-8.88 calibrated_yaw_deg=-8.88 target_yaw_deg=0.00 yaw_source=calibrated_pnp corner_error_deg=8.38 height_norm=0.166
[exp2] continuous yaw correction direction=left
[tag] backend=pupil_apriltags id=0 center=(170.7,163.4) error_x=0.033 yaw_deg=-8.26 height=39.5px height_norm=0.165 margin=33.79 distance=0.2976534279058846
[exp2] phase=continuous_yaw center_error=0.033 raw_yaw_deg=-8.26 calibrated_yaw_deg=-8.26 target_yaw_deg=0.00 yaw_source=calibrated_pnp corner_error_deg=8.40 height_norm=0.165
[map] motion direction=left speed=0.15 effective_seconds=0.3568141460418701 pose={'x_m': -0.584027303912424, 'y_m': -0.0877810058235873, 'heading_rad': 0.784319947259664}
[base] continuous stop label=exp2_yaw_align elapsed=0.357s
[base] stop
[exp2] continuous x guard preempted yaw error=0.033 limit=0.030; camera_settle_seconds=0.200
[base] stop
[base] stop
[base] stop
[base] stop
[base] stop
[base] stop
[base] stop
[base] stop
[base] stop
[tag] backend=pupil_apriltags id=0 center=(175.2,163.1) error_x=0.047 yaw_deg=-8.09 height=39.2px height_norm=0.163 margin=33.35 distance=0.2956796843790398
[exp2] phase=continuous_center center_error=0.047 raw_yaw_deg=-8.09 calibrated_yaw_deg=-8.09 target_yaw_deg=0.00 yaw_source=calibrated_pnp corner_error_deg=8.86 height_norm=0.163
[base] continuous start label=exp2_center_align direction=backward requested_speed=0.2 effective_speed=0.2
[exp2] continuous center correction direction=backward
[tag] backend=pupil_apriltags id=0 center=(175.3,163.1) error_x=0.048 yaw_deg=-7.91 height=39.0px height_norm=0.163 margin=33.60 distance=0.2966698294097787
[exp2] phase=continuous_center center_error=0.048 raw_yaw_deg=-7.91 calibrated_yaw_deg=-7.91 target_yaw_deg=0.00 yaw_source=calibrated_pnp corner_error_deg=8.63 height_norm=0.163
[exp2] continuous center correction direction=backward
[tag] backend=pupil_apriltags id=0 center=(174.8,163.2) error_x=0.046 yaw_deg=-8.01 height=39.1px height_norm=0.163 margin=33.66 distance=0.2969635148015635
[exp2] phase=continuous_center center_error=0.046 raw_yaw_deg=-8.01 calibrated_yaw_deg=-8.01 target_yaw_deg=0.00 yaw_source=calibrated_pnp corner_error_deg=8.77 height_norm=0.163
[exp2] continuous center correction direction=backward
[tag] backend=pupil_apriltags id=0 center=(173.7,163.2) error_x=0.043 yaw_deg=-7.66 height=39.1px height_norm=0.163 margin=33.83 distance=0.29824507930426525
[exp2] phase=continuous_center center_error=0.043 raw_yaw_deg=-7.66 calibrated_yaw_deg=-7.66 target_yaw_deg=0.00 yaw_source=calibrated_pnp corner_error_deg=8.37 height_norm=0.163
[exp2] continuous center correction direction=backward
[tag] backend=pupil_apriltags id=0 center=(172.6,163.1) error_x=0.039 yaw_deg=-6.79 height=38.9px height_norm=0.162 margin=33.90 distance=0.29717565006117547
[exp2] phase=continuous_center center_error=0.039 raw_yaw_deg=-6.79 calibrated_yaw_deg=-6.79 target_yaw_deg=0.00 yaw_source=calibrated_pnp corner_error_deg=8.21 height_norm=0.162
[exp2] continuous center correction direction=backward
[tag] backend=pupil_apriltags id=0 center=(170.2,163.1) error_x=0.032 yaw_deg=-6.63 height=38.8px height_norm=0.161 margin=34.12 distance=0.29694048917040544
[exp2] phase=continuous_center center_error=0.032 raw_yaw_deg=-6.63 calibrated_yaw_deg=-6.63 target_yaw_deg=0.00 yaw_source=calibrated_pnp corner_error_deg=7.67 height_norm=0.161
[exp2] continuous center correction direction=backward
[tag] backend=pupil_apriltags id=0 center=(168.1,162.9) error_x=0.025 yaw_deg=-8.85 height=39.5px height_norm=0.164 margin=33.89 distance=0.29499560846966344
[exp2] phase=continuous_center center_error=0.025 raw_yaw_deg=-8.85 calibrated_yaw_deg=-8.85 target_yaw_deg=0.00 yaw_source=calibrated_pnp corner_error_deg=8.28 height_norm=0.164
[map] motion direction=backward speed=0.2 effective_seconds=0.42285966873168945 pose={'x_m': -0.5937345459829397, 'y_m': -0.09750920350701132, 'heading_rad': 0.784319947259664}
[base] continuous stop label=exp2_center_align elapsed=0.423s
[base] stop
[exp2] center accepted; switching to yaw after 0.200s
[base] stop
[base] stop
[base] stop
[base] stop
[base] stop
[base] stop
[base] stop
[base] stop
[base] stop
[tag] backend=pupil_apriltags id=0 center=(164.2,163.1) error_x=0.013 yaw_deg=-3.03 height=38.5px height_norm=0.160 margin=34.11 distance=0.29925969032744393
[exp2] phase=continuous_yaw center_error=0.013 raw_yaw_deg=-3.03 calibrated_yaw_deg=-3.03 target_yaw_deg=0.00 yaw_source=calibrated_pnp corner_error_deg=5.02 height_norm=0.160
[base] stop
[base] stop
[exp2] stable frame 1/5
[tag] backend=pupil_apriltags id=0 center=(164.2,163.1) error_x=0.013 yaw_deg=-3.26 height=38.6px height_norm=0.161 margin=33.87 distance=0.2990887719284685
[exp2] phase=continuous_yaw center_error=0.013 raw_yaw_deg=-3.26 calibrated_yaw_deg=-3.26 target_yaw_deg=0.00 yaw_source=calibrated_pnp corner_error_deg=5.10 height_norm=0.161
[base] stop
[base] stop
[exp2] stable frame 2/5
[tag] backend=pupil_apriltags id=0 center=(164.3,163.0) error_x=0.013 yaw_deg=-3.83 height=38.8px height_norm=0.162 margin=34.22 distance=0.298811803815165
[exp2] phase=continuous_yaw center_error=0.013 raw_yaw_deg=-3.83 calibrated_yaw_deg=-3.83 target_yaw_deg=0.00 yaw_source=calibrated_pnp corner_error_deg=5.04 height_norm=0.162
[base] stop
[base] stop
[exp2] stable frame 3/5
[tag] backend=pupil_apriltags id=0 center=(164.3,163.1) error_x=0.013 yaw_deg=-3.25 height=38.6px height_norm=0.161 margin=34.05 distance=0.29868321057104913
[exp2] phase=continuous_yaw center_error=0.013 raw_yaw_deg=-3.25 calibrated_yaw_deg=-3.25 target_yaw_deg=0.00 yaw_source=calibrated_pnp corner_error_deg=5.21 height_norm=0.161
[base] stop
[base] stop
[exp2] stable frame 4/5
[tag] backend=pupil_apriltags id=0 center=(164.3,163.0) error_x=0.013 yaw_deg=-3.94 height=38.8px height_norm=0.162 margin=33.85 distance=0.2988381467614005
[exp2] phase=continuous_yaw center_error=0.013 raw_yaw_deg=-3.94 calibrated_yaw_deg=-3.94 target_yaw_deg=0.00 yaw_source=calibrated_pnp corner_error_deg=5.20 height_norm=0.162
[base] stop
[base] stop
[exp2] stable frame 5/5
[map] bin tag localization rejected reason=out_of_bounds
[fsm] BIN_SIDE_DOCKING --TARGET_STABLE--> FINALIZING
[base] stop
[exp2] phase=bin_insert
[arm] pose side_view_bin_insert
[arm] side_view_bin_insert servo=5 angle=0 speed=85
[arm] side_view_bin_insert servo=4 angle=-55 speed=85
[arm] side_view_bin_insert servo=3 angle=55 speed=85
[arm] side_view_bin_insert servo=2 angle=80 speed=85
[arm] side_view_bin_insert servo=1 angle=70 speed=85
[arm-position] side_view_bin_insert waiting for motion to settle servos=[1, 2, 3, 4, 5] stability_delta=3 min_wait=0.5 timeout=10.0 stable_samples=2
[arm-position] side_view_bin_insert waiting positions={1: 836, 2: 891, 3: 763, 4: 273, 5: 508} movement={} read_errors=[]
[arm-position] side_view_bin_insert waiting positions={1: 836, 2: 892, 3: 763, 4: 273, 5: 508} movement={1: 0, 2: 1, 3: 0, 4: 0, 5: 0} read_errors=[]
[arm-position] side_view_bin_insert waiting positions={1: 837, 2: 891, 3: 763, 4: 273, 5: 508} movement={1: 1, 2: 1, 3: 0, 4: 0, 5: 0} read_errors=[]
[arm-position] side_view_bin_insert waiting positions={1: 836, 2: 891, 3: 763, 4: 273, 5: 508} movement={1: 1, 2: 0, 3: 0, 4: 0, 5: 0} read_errors=[]
[arm-position] side_view_bin_insert settled positions={1: 836, 2: 891, 3: 763, 4: 273, 5: 508} movement={1: 1, 2: 1, 3: 0, 4: 0, 5: 0} elapsed=0.78s
[exp2] phase=release
[arm] pose release
[arm] release servo=4 angle=0 speed=85
[arm-position] release waiting for motion to settle servos=[4] stability_delta=3 min_wait=0.5 timeout=10.0 stable_samples=2
[arm-position] release waiting positions={4: 327} movement={} read_errors=[]
[arm-position] release waiting positions={4: 339} movement={4: 12} read_errors=[]
[arm-position] release waiting positions={4: 353} movement={4: 14} read_errors=[]
[arm-position] release waiting positions={4: 365} movement={4: 12} read_errors=[]
[arm-position] release waiting positions={4: 379} movement={4: 14} read_errors=[]
[arm-position] release waiting positions={4: 391} movement={4: 12} read_errors=[]
[arm-position] release waiting positions={4: 403} movement={4: 12} read_errors=[]
[arm-position] release waiting positions={4: 416} movement={4: 13} read_errors=[]
[arm-position] release waiting positions={4: 428} movement={4: 12} read_errors=[]
[arm-position] release waiting positions={4: 443} movement={4: 15} read_errors=[]
[arm-position] release waiting positions={4: 455} movement={4: 12} read_errors=[]
[arm-position] release waiting positions={4: 467} movement={4: 12} read_errors=[]
[arm-position] release waiting positions={4: 478} movement={4: 11} read_errors=[]
[arm-position] release waiting positions={4: 490} movement={4: 12} read_errors=[]
[arm-position] release waiting positions={4: 501} movement={4: 11} read_errors=[]
[arm-position] release settled positions={4: 502} movement={4: 0} elapsed=2.43s
[exp2] phase=safe_home
[arm] pose safe_home
[arm] safe_home servo=5 angle=0 speed=85
[arm] safe_home servo=4 angle=0 speed=85
[arm] safe_home servo=3 angle=0 speed=85
[arm] safe_home servo=2 angle=0 speed=85
[arm] safe_home servo=1 angle=-16 speed=85
[arm-position] safe_home waiting for motion to settle servos=[1, 2, 3, 4, 5] stability_delta=3 min_wait=0.5 timeout=10.0 stable_samples=2
[arm-position] safe_home waiting positions={1: 772, 2: 793, 3: 636, 4: 502, 5: 508} movement={} read_errors=[]
[arm-position] safe_home waiting positions={1: 755, 2: 780, 3: 623, 4: 502, 5: 508} movement={1: 17, 2: 13, 3: 13, 4: 0, 5: 0} read_errors=[]
[arm-position] safe_home waiting positions={1: 744, 2: 767, 3: 611, 4: 502, 5: 508} movement={1: 11, 2: 13, 3: 12, 4: 0, 5: 0} read_errors=[]
[arm-position] safe_home waiting positions={1: 730, 2: 753, 3: 598, 4: 502, 5: 508} movement={1: 14, 2: 14, 3: 13, 4: 0, 5: 0} read_errors=[]
[arm-position] safe_home waiting positions={1: 719, 2: 742, 3: 583, 4: 502, 5: 508} movement={1: 11, 2: 11, 3: 15, 4: 0, 5: 0} read_errors=[]
[arm-position] safe_home waiting positions={1: 704, 2: 727, 3: 571, 4: 502, 5: 508} movement={1: 15, 2: 15, 3: 12, 4: 0, 5: 0} read_errors=[]
[arm-position] safe_home waiting positions={1: 692, 2: 714, 3: 556, 4: 502, 5: 508} movement={1: 12, 2: 13, 3: 15, 4: 0, 5: 0} read_errors=[]
[arm-position] safe_home waiting positions={1: 680, 2: 701, 3: 544, 4: 502, 5: 508} movement={1: 12, 2: 13, 3: 12, 4: 0, 5: 0} read_errors=[]
[arm-position] safe_home waiting positions={1: 664, 2: 687, 3: 532, 4: 502, 5: 508} movement={1: 16, 2: 14, 3: 12, 4: 0, 5: 0} read_errors=[]
[arm-position] safe_home waiting positions={1: 652, 2: 673, 3: 519, 4: 502, 5: 508} movement={1: 12, 2: 14, 3: 13, 4: 0, 5: 0} read_errors=[]
[arm-position] safe_home waiting positions={1: 638, 2: 661, 3: 514, 4: 502, 5: 508} movement={1: 14, 2: 12, 3: 5, 4: 0, 5: 0} read_errors=[]
[arm-position] safe_home waiting positions={1: 626, 2: 648, 3: 514, 4: 502, 5: 508} movement={1: 12, 2: 13, 3: 0, 4: 0, 5: 0} read_errors=[]
[arm-position] safe_home waiting positions={1: 614, 2: 635, 3: 514, 4: 502, 5: 508} movement={1: 12, 2: 13, 3: 0, 4: 0, 5: 0} read_errors=[]
[arm-position] safe_home waiting positions={1: 601, 2: 621, 3: 514, 4: 502, 5: 508} movement={1: 13, 2: 14, 3: 0, 4: 0, 5: 0} read_errors=[]
[arm-position] safe_home waiting positions={1: 588, 2: 608, 3: 514, 4: 502, 5: 508} movement={1: 13, 2: 13, 3: 0, 4: 0, 5: 0} read_errors=[]
[arm-position] safe_home waiting positions={1: 573, 2: 594, 3: 514, 4: 502, 5: 508} movement={1: 15, 2: 14, 3: 0, 4: 0, 5: 0} read_errors=[]
[arm-position] safe_home waiting positions={1: 561, 2: 580, 3: 514, 4: 502, 5: 508} movement={1: 12, 2: 14, 3: 0, 4: 0, 5: 0} read_errors=[]
[arm-position] safe_home waiting positions={1: 546, 2: 568, 3: 514, 4: 502, 5: 508} movement={1: 15, 2: 12, 3: 0, 4: 0, 5: 0} read_errors=[]
[arm-position] safe_home waiting positions={1: 533, 2: 554, 3: 514, 4: 502, 5: 508} movement={1: 13, 2: 14, 3: 0, 4: 0, 5: 0} read_errors=[]
[arm-position] safe_home waiting positions={1: 518, 2: 541, 3: 514, 4: 502, 5: 508} movement={1: 15, 2: 13, 3: 0, 4: 0, 5: 0} read_errors=[]
[arm-position] safe_home waiting positions={1: 507, 2: 527, 3: 514, 4: 502, 5: 508} movement={1: 11, 2: 14, 3: 0, 4: 0, 5: 0} read_errors=[]
[arm-position] safe_home waiting positions={1: 493, 2: 518, 3: 514, 4: 502, 5: 508} movement={1: 14, 2: 9, 3: 0, 4: 0, 5: 0} read_errors=[]
[arm-position] safe_home waiting positions={1: 481, 2: 517, 3: 514, 4: 502, 5: 508} movement={1: 12, 2: 1, 3: 0, 4: 0, 5: 0} read_errors=[]
[arm-position] safe_home waiting positions={1: 468, 2: 517, 3: 514, 4: 502, 5: 508} movement={1: 13, 2: 0, 3: 0, 4: 0, 5: 0} read_errors=[]
[arm-position] safe_home waiting positions={1: 456, 2: 517, 3: 514, 4: 502, 5: 508} movement={1: 12, 2: 0, 3: 0, 4: 0, 5: 0} read_errors=[]
[arm-position] safe_home waiting positions={1: 443, 2: 517, 3: 514, 4: 502, 5: 508} movement={1: 13, 2: 0, 3: 0, 4: 0, 5: 0} read_errors=[]
[arm-position] safe_home settled positions={1: 442, 2: 517, 3: 514, 4: 502, 5: 508} movement={1: 0, 2: 0, 3: 0, 4: 0, 5: 0} elapsed=4.17s
[map] pose corrected reason=exp2_side_parked_after_release pose={'x_m': 0.05, 'y_m': -7.0, 'heading_rad': 0.0} transformed_cans=8
[exp2] phase=side_parked
[fsm] FINALIZING --FINALIZED--> PLANNING
[fsm] PLANNING --MISSION_COMPLETE--> DONE
[fsm] terminal=DONE context={'vague_map': {'robot_pose': {'x_m': 0.05, 'y_m': -7.0, 'heading_rad': 0.0}, 'bin_marker_position': {'x_m': 0.05, 'y_m': -7.0, 'heading_rad': 0.0}, 'bin_docking_pose': {'x_m': 0.05, 'y_m': -7.0, 'heading_rad': 1.57079632679}, 'bin_side_docking_pose': {'x_m': 0.05, 'y_m': -7.0, 'heading_rad': 0.0}, 'bin_position_in_robot_frame': {'x_m': 0.0, 'y_m': 0.0}, 'selected_can_id': None, 'known_cans': [{'can_id': 1, 'position': {'x_m': 0.016402080415111167, 'y_m': -6.706395955835396}, 'confidence': 0.2081034779548645, 'observations': 3, 'last_seen_at': 1788914947.3578255}, {'can_id': 2, 'position': {'x_m': 0.04270976500375047, 'y_m': -6.722708783754868}, 'confidence': 0.2655946612358093, 'observations': 2, 'last_seen_at': 1788914948.371999}, {'can_id': 3, 'position': {'x_m': 0.0597129306939615, 'y_m': -6.741994385408828}, 'confidence': 0.24698711931705475, 'observations': 7, 'last_seen_at': 1788914950.896605}, {'can_id': 4, 'position': {'x_m': 0.06589915086353453, 'y_m': -6.749514833657341}, 'confidence': 0.2543237507343292, 'observations': 3, 'last_seen_at': 1788914950.9919364}, {'can_id': 5, 'position': {'x_m': 0.07819709020924018, 'y_m': -6.776514858581971}, 'confidence': 0.36472100019454956, 'observations': 6, 'last_seen_at': 1788914954.7284539}, {'can_id': 6, 'position': {'x_m': 0.10082767352309495, 'y_m': -6.787104228203926}, 'confidence': 0.20145951211452484, 'observations': 1, 'last_seen_at': 1788914954.3435166}, {'can_id': 7, 'position': {'x_m': 0.08827232883172506, 'y_m': -6.779496624275952}, 'confidence': 0.3145504295825958, 'observations': 1, 'last_seen_at': 1788914954.6350157}, {'can_id': 8, 'position': {'x_m': 0.1377937217829413, 'y_m': -6.834001589745496}, 'confidence': 0.28017303347587585, 'observations': 6, 'last_seen_at': 1788914955.4314241}]}, 'distance_to_target': None, 'grabbed': False, 'completed_pickups': 1, 'target_found': False, 'obstacle_found': False, 'target_type': 'bin', 'last_error': 'alignment target lost', 'retry_counts': {}, 'searching_routine': {}, 'metrics': {'state_seconds': {'IDLE': 0.009192943572998047, 'INITIALIZING': 6.653404235839844, 'PLANNING': 0.0608830451965332, 'SEARCHING': 17.02497172355652, 'ALIGNING': 8.499248743057251, 'APPROACHING': 15.110670328140259, 'FINAL_VERIFY': 1.519899606704712, 'FINALIZING': 36.20194959640503, 'MAP_NAVIGATING': 24.110628843307495, 'BIN_SIDE_DOCKING': 35.75684857368469}, 'detector_calls': {'can': 435, 'bin': 470}, 'detector_seconds': {'can': 13.369896173477173, 'bin': 9.778095245361328}}}
[media] shutdown result={'stopped': True, 'stopping': False, 'last_recording': None, 'last_events': None}
[fsm] stop_all owner=Thread-11
[base] stop
[arm] pose safe_home
[arm] safe_home servo=5 angle=0 speed=85
[arm] safe_home servo=4 angle=0 speed=85
[arm] safe_home servo=3 angle=0 speed=85
[arm] safe_home servo=2 angle=0 speed=85
[arm] safe_home servo=1 angle=-16 speed=85
[camera] stopped
[depth] stop
[result] True
[integration] STOPPED elapsed=149.8s
