
>>> run_full_background log=/workspace/robot_code/temp_car/logs/integration_run_full_20260906_221710.log
[fsm] IDLE --START--> INITIALIZING
[depth] loading network fcn-mobilenet
[camera] starting JetBot Camera 320x240
[warmup] frame 1/2 processed
[warmup] frame 2/2 processed
[depth] started enabled=True
[arm] pose safe_home
[arm] TTLServo connected
[arm] safe_home servo=5 angle=0 speed=85
[arm] safe_home servo=4 angle=0 speed=85
[arm] safe_home servo=3 angle=0 speed=85
[arm] safe_home servo=2 angle=0 speed=85
[arm] safe_home servo=1 angle=-16 speed=85
[base] stop
[fsm] INITIALIZING --INITIALIZED--> PLANNING
[fsm] PLANNING --TARGET_REQUIRED--> SEARCHING
[can] loading native detectNet model=/workspace/robot_code/temp_car/assets/models/detectnet_native_can/can_ssd_mobilenet_v1.onnx
[can] native detectNet loaded threshold=0.200 clustering=0.300
[can] backend=detectnet_native no detections
[base] Robot connected
[base] continuous start label=search_can_routine_2_step_0 direction=forward requested_speed=0.6 effective_speed=0.6
[can] backend=detectnet_native no detections
[map] motion direction=forward speed=0.6 effective_seconds=0.06643986701965332 pose={'x_m': 0.0, 'y_m': 0.006893136203289032, 'heading_rad': 0.0}
[can] backend=detectnet_native no detections
[map] motion direction=forward speed=0.6 effective_seconds=0.06677031517028809 pose={'x_m': 0.0, 'y_m': 0.01382055640220642, 'heading_rad': 0.0}
[can] backend=detectnet_native no detections
[map] motion direction=forward speed=0.6 effective_seconds=0.06638002395629883 pose={'x_m': 0.0, 'y_m': 0.020707483887672424, 'heading_rad': 0.0}
[can] backend=detectnet_native no detections
[map] motion direction=forward speed=0.6 effective_seconds=0.062435150146484375 pose={'x_m': 0.0, 'y_m': 0.027185130715370178, 'heading_rad': 0.0}
[can] backend=detectnet_native no detections
[map] motion direction=forward speed=0.6 effective_seconds=0.05927228927612305 pose={'x_m': 0.0, 'y_m': 0.03333463072776795, 'heading_rad': 0.0}
[can] backend=detectnet_native no detections
[map] motion direction=forward speed=0.6 effective_seconds=0.05950164794921875 pose={'x_m': 0.0, 'y_m': 0.03950792670249939, 'heading_rad': 0.0}
[can] backend=detectnet_native no detections
[map] motion direction=forward speed=0.6 effective_seconds=0.05933189392089844 pose={'x_m': 0.0, 'y_m': 0.0456636106967926, 'heading_rad': 0.0}
[can] backend=detectnet_native no detections
[map] motion direction=forward speed=0.6 effective_seconds=0.05586814880371094 pose={'x_m': 0.0, 'y_m': 0.05145993113517761, 'heading_rad': 0.0}
[can] backend=detectnet_native no detections
[map] motion direction=forward speed=0.6 effective_seconds=0.04692697525024414 pose={'x_m': 0.0, 'y_m': 0.056328604817390444, 'heading_rad': 0.0}
[can] backend=detectnet_native no detections
[map] motion direction=forward speed=0.6 effective_seconds=0.05050992965698242 pose={'x_m': 0.0, 'y_m': 0.06156901001930237, 'heading_rad': 0.0}
[can] backend=detectnet_native no detections
[map] motion direction=forward speed=0.6 effective_seconds=0.05053377151489258 pose={'x_m': 0.0, 'y_m': 0.06681188881397247, 'heading_rad': 0.0}
[can] backend=detectnet_native no detections
[map] motion direction=forward speed=0.6 effective_seconds=0.05093026161193848 pose={'x_m': 0.0, 'y_m': 0.07209590345621109, 'heading_rad': 0.0}
[can] backend=detectnet_native no detections
[map] motion direction=forward speed=0.6 effective_seconds=0.04889178276062012 pose={'x_m': 0.0, 'y_m': 0.07716842591762542, 'heading_rad': 0.0}
[can] backend=detectnet_native no detections
[map] motion direction=forward speed=0.6 effective_seconds=0.04752779006958008 pose={'x_m': 0.0, 'y_m': 0.08209943413734436, 'heading_rad': 0.0}
[can] backend=detectnet_native no detections
[map] motion direction=forward speed=0.6 effective_seconds=0.047032833099365234 pose={'x_m': 0.0, 'y_m': 0.0869790905714035, 'heading_rad': 0.0}
[can] backend=detectnet_native no detections
[map] motion direction=forward speed=0.6 effective_seconds=0.04776144027709961 pose={'x_m': 0.0, 'y_m': 0.09193434000015259, 'heading_rad': 0.0}
[can] backend=detectnet_native no detections
[map] motion direction=forward speed=0.6 effective_seconds=0.048476457595825195 pose={'x_m': 0.0, 'y_m': 0.09696377247571945, 'heading_rad': 0.0}
[can] backend=detectnet_native no detections
[map] motion direction=forward speed=0.6 effective_seconds=0.04672122001647949 pose={'x_m': 0.0, 'y_m': 0.1018110990524292, 'heading_rad': 0.0}
[can] backend=detectnet_native no detections
[map] motion direction=forward speed=0.6 effective_seconds=0.045526981353759766 pose={'x_m': 0.0, 'y_m': 0.10653452336788177, 'heading_rad': 0.0}
[can] backend=detectnet_native no detections
[map] motion direction=forward speed=0.6 effective_seconds=0.046036481857299805 pose={'x_m': 0.0, 'y_m': 0.11131080836057662, 'heading_rad': 0.0}
[can] backend=detectnet_native no detections
[map] motion direction=forward speed=0.6 effective_seconds=0.04544997215270996 pose={'x_m': 0.0, 'y_m': 0.11602624297142028, 'heading_rad': 0.0}
[can] backend=detectnet_native no detections
[map] motion direction=forward speed=0.6 effective_seconds=0.045607566833496094 pose={'x_m': 0.0, 'y_m': 0.1207580280303955, 'heading_rad': 0.0}
[can] backend=detectnet_native no detections
[map] motion direction=forward speed=0.6 effective_seconds=0.04727935791015625 pose={'x_m': 0.0, 'y_m': 0.1256632614135742, 'heading_rad': 0.0}
[can] backend=detectnet_native no detections
[map] motion direction=forward speed=0.6 effective_seconds=0.04559493064880371 pose={'x_m': 0.0, 'y_m': 0.1303937354683876, 'heading_rad': 0.0}
[can] backend=detectnet_native no detections
[map] motion direction=forward speed=0.6 effective_seconds=0.048253774642944336 pose={'x_m': 0.0, 'y_m': 0.13540006458759307, 'heading_rad': 0.0}
[can] backend=detectnet_native no detections
[map] motion direction=forward speed=0.6 effective_seconds=0.04485487937927246 pose={'x_m': 0.0, 'y_m': 0.14005375832319258, 'heading_rad': 0.0}
[can] backend=detectnet_native no detections
[map] motion direction=forward speed=0.6 effective_seconds=0.04518413543701172 pose={'x_m': 0.0, 'y_m': 0.14474161237478256, 'heading_rad': 0.0}
[can] backend=detectnet_native no detections
[map] motion direction=forward speed=0.6 effective_seconds=0.04762148857116699 pose={'x_m': 0.0, 'y_m': 0.14968234181404114, 'heading_rad': 0.0}
[can] backend=detectnet_native no detections
[map] motion direction=forward speed=0.6 effective_seconds=0.04591870307922363 pose={'x_m': 0.0, 'y_m': 0.15444640725851058, 'heading_rad': 0.0}
[can] backend=detectnet_native no detections
[map] motion direction=forward speed=0.6 effective_seconds=0.04643845558166504 pose={'x_m': 0.0, 'y_m': 0.15926439702510833, 'heading_rad': 0.0}
[can] backend=detectnet_native no detections
[map] motion direction=forward speed=0.6 effective_seconds=0.0453641414642334 pose={'x_m': 0.0, 'y_m': 0.16397092670202254, 'heading_rad': 0.0}
[can] backend=detectnet_native no detections
[map] motion direction=forward speed=0.6 effective_seconds=0.045548200607299805 pose={'x_m': 0.0, 'y_m': 0.1686965525150299, 'heading_rad': 0.0}
[can] backend=detectnet_native no detections
[map] motion direction=forward speed=0.6 effective_seconds=0.047057151794433594 pose={'x_m': 0.0, 'y_m': 0.17357873201370239, 'heading_rad': 0.0}
[can] backend=detectnet_native no detections
[map] motion direction=forward speed=0.6 effective_seconds=0.04496884346008301 pose={'x_m': 0.0, 'y_m': 0.178244249522686, 'heading_rad': 0.0}
[can] backend=detectnet_native no detections
[map] motion direction=forward speed=0.6 effective_seconds=0.04555463790893555 pose={'x_m': 0.0, 'y_m': 0.18297054320573805, 'heading_rad': 0.0}
[can] backend=detectnet_native no detections
[map] motion direction=forward speed=0.6 effective_seconds=0.04677557945251465 pose={'x_m': 0.0, 'y_m': 0.18782350957393645, 'heading_rad': 0.0}
[can] backend=detectnet_native no detections
[map] motion direction=forward speed=0.6 effective_seconds=0.04589223861694336 pose={'x_m': 0.0, 'y_m': 0.19258482933044432, 'heading_rad': 0.0}
[can] backend=detectnet_native no detections
[map] motion direction=forward speed=0.6 effective_seconds=0.04571866989135742 pose={'x_m': 0.0, 'y_m': 0.19732814133167265, 'heading_rad': 0.0}
[can] backend=detectnet_native no detections
[map] motion direction=forward speed=0.6 effective_seconds=0.04562258720397949 pose={'x_m': 0.0, 'y_m': 0.20206148475408553, 'heading_rad': 0.0}
[can] backend=detectnet_native no detections
[map] motion direction=forward speed=0.6 effective_seconds=0.04679465293884277 pose={'x_m': 0.0, 'y_m': 0.20691642999649046, 'heading_rad': 0.0}
[can] backend=detectnet_native no detections
[map] motion direction=forward speed=0.6 effective_seconds=0.04630422592163086 pose={'x_m': 0.0, 'y_m': 0.21172049343585966, 'heading_rad': 0.0}
[can] backend=detectnet_native no detections
[map] motion direction=forward speed=0.6 effective_seconds=0.04511547088623047 pose={'x_m': 0.0, 'y_m': 0.21640122354030608, 'heading_rad': 0.0}
[can] backend=detectnet_native no detections
[map] motion direction=forward speed=0.6 effective_seconds=0.04635739326477051 pose={'x_m': 0.0, 'y_m': 0.22121080309152602, 'heading_rad': 0.0}
[can] backend=detectnet_native no detections
[map] motion direction=forward speed=0.6 effective_seconds=0.04676365852355957 pose={'x_m': 0.0, 'y_m': 0.22606253266334533, 'heading_rad': 0.0}
[can] backend=detectnet_native no detections
[map] motion direction=forward speed=0.6 effective_seconds=0.04654812812805176 pose={'x_m': 0.0, 'y_m': 0.2308919009566307, 'heading_rad': 0.0}
[can] backend=detectnet_native no detections
[map] motion direction=forward speed=0.6 effective_seconds=0.04660630226135254 pose={'x_m': 0.0, 'y_m': 0.23572730481624604, 'heading_rad': 0.0}
[can] backend=detectnet_native no detections
[map] motion direction=forward speed=0.6 effective_seconds=0.045360565185546875 pose={'x_m': 0.0, 'y_m': 0.24043346345424654, 'heading_rad': 0.0}
[can] backend=detectnet_native no detections
[map] motion direction=forward speed=0.6 effective_seconds=0.046182870864868164 pose={'x_m': 0.0, 'y_m': 0.24522493630647663, 'heading_rad': 0.0}
[can] backend=detectnet_native no detections
[map] motion direction=forward speed=0.6 effective_seconds=0.046791791915893555 pose={'x_m': 0.0, 'y_m': 0.2500795847177506, 'heading_rad': 0.0}
[can] backend=detectnet_native no detections
[map] motion direction=forward speed=0.6 effective_seconds=0.04628109931945801 pose={'x_m': 0.0, 'y_m': 0.25488124877214435, 'heading_rad': 0.0}
[can] backend=detectnet_native no detections
[map] motion direction=forward speed=0.6 effective_seconds=0.046248674392700195 pose={'x_m': 0.0, 'y_m': 0.259679548740387, 'heading_rad': 0.0}
[can] backend=detectnet_native no detections
[map] motion direction=forward speed=0.6 effective_seconds=0.04564404487609863 pose={'x_m': 0.0, 'y_m': 0.26441511839628223, 'heading_rad': 0.0}
[can] backend=detectnet_native no detections
[map] motion direction=forward speed=0.6 effective_seconds=0.046602487564086914 pose={'x_m': 0.0, 'y_m': 0.26925012648105623, 'heading_rad': 0.0}
[can] backend=detectnet_native no detections
[map] motion direction=forward speed=0.6 effective_seconds=0.04657745361328125 pose={'x_m': 0.0, 'y_m': 0.2740825372934342, 'heading_rad': 0.0}
[can] backend=detectnet_native no detections
[map] motion direction=forward speed=0.6 effective_seconds=0.04607534408569336 pose={'x_m': 0.0, 'y_m': 0.2788628542423249, 'heading_rad': 0.0}
[can] backend=detectnet_native no detections
[map] motion direction=forward speed=0.6 effective_seconds=0.04776597023010254 pose={'x_m': 0.0, 'y_m': 0.283818573653698, 'heading_rad': 0.0}
[can] backend=detectnet_native no detections
[map] motion direction=forward speed=0.6 effective_seconds=0.04551291465759277 pose={'x_m': 0.0, 'y_m': 0.28854053854942324, 'heading_rad': 0.0}
[can] backend=detectnet_native no detections
[map] motion direction=forward speed=0.6 effective_seconds=0.046998023986816406 pose={'x_m': 0.0, 'y_m': 0.29341658353805544, 'heading_rad': 0.0}
[can] backend=detectnet_native no detections
[map] motion direction=forward speed=0.6 effective_seconds=0.046862125396728516 pose={'x_m': 0.0, 'y_m': 0.29827852904796603, 'heading_rad': 0.0}
[can] backend=detectnet_native no detections
[map] motion direction=forward speed=0.6 effective_seconds=0.045984506607055664 pose={'x_m': 0.0, 'y_m': 0.30304942160844806, 'heading_rad': 0.0}
[map] motion direction=forward speed=0.6 effective_seconds=0.018093109130859375 pose={'x_m': 0.0, 'y_m': 0.3049265816807747, 'heading_rad': 0.0}
[base] continuous stop label=search_can_routine_2_step_0 elapsed=0.018s
[base] stop
[can] backend=detectnet_native no detections
[base] continuous start label=search_can_routine_2_step_1 direction=left requested_speed=0.15 effective_speed=0.15
[can] backend=detectnet_native no detections
[map] motion direction=left speed=0.15 effective_seconds=0.04522299766540527 pose={'x_m': 0.0, 'y_m': 0.3049265816807747, 'heading_rad': -0.00755703389568918}
[can] backend=detectnet_native no detections
[map] motion direction=left speed=0.15 effective_seconds=0.04710960388183594 pose={'x_m': 0.0, 'y_m': 0.3049265816807747, 'heading_rad': -0.015429330995088808}
[can] backend=detectnet_native no detections
[map] motion direction=left speed=0.15 effective_seconds=0.047196388244628906 pose={'x_m': 0.0, 'y_m': 0.3049265816807747, 'heading_rad': -0.023316130281541447}
[can] backend=detectnet_native no detections
[map] motion direction=left speed=0.15 effective_seconds=0.0470736026763916 pose={'x_m': 0.0, 'y_m': 0.3049265816807747, 'heading_rad': -0.03118241136378419}
[can] backend=detectnet_native no detections
[map] motion direction=left speed=0.15 effective_seconds=0.046645402908325195 pose={'x_m': 0.0, 'y_m': 0.3049265816807747, 'heading_rad': -0.03897713769891942}
[can] backend=detectnet_native no detections
[map] motion direction=left speed=0.15 effective_seconds=0.045439720153808594 pose={'x_m': 0.0, 'y_m': 0.3049265816807747, 'heading_rad': -0.046570387221067655}
[can] backend=detectnet_native no detections
[map] motion direction=left speed=0.15 effective_seconds=0.04716324806213379 pose={'x_m': 0.0, 'y_m': 0.3049265816807747, 'heading_rad': -0.0544516485844424}
[can] backend=detectnet_native no detections
[map] motion direction=left speed=0.15 effective_seconds=0.047380685806274414 pose={'x_m': 0.0, 'y_m': 0.3049265816807747, 'heading_rad': -0.06236924509779618}
[can] backend=detectnet_native no detections
[map] motion direction=left speed=0.15 effective_seconds=0.047443389892578125 pose={'x_m': 0.0, 'y_m': 0.3049265816807747, 'heading_rad': -0.07029731983970722}
[can] backend=detectnet_native no detections
[map] motion direction=left speed=0.15 effective_seconds=0.047409772872924805 pose={'x_m': 0.0, 'y_m': 0.3049265816807747, 'heading_rad': -0.07821977697619387}
[can] backend=detectnet_native no detections
[map] motion direction=left speed=0.15 effective_seconds=0.046117305755615234 pose={'x_m': 0.0, 'y_m': 0.3049265816807747, 'heading_rad': -0.08592625511264096}
[can] backend=detectnet_native no detections
[map] motion direction=left speed=0.15 effective_seconds=0.04693436622619629 pose={'x_m': 0.0, 'y_m': 0.3049265816807747, 'heading_rad': -0.09376926894972204}
[can] backend=detectnet_native no detections
[map] motion direction=left speed=0.15 effective_seconds=0.047048091888427734 pose={'x_m': 0.0, 'y_m': 0.3049265816807747, 'heading_rad': -0.10163128702642998}
[can] backend=detectnet_native no detections
[map] motion direction=left speed=0.15 effective_seconds=0.04582095146179199 pose={'x_m': 0.0, 'y_m': 0.3049265816807747, 'heading_rad': -0.10928824258456116}
[can] backend=detectnet_native no detections
[map] motion direction=left speed=0.15 effective_seconds=0.046521902084350586 pose={'x_m': 0.0, 'y_m': 0.3049265816807747, 'heading_rad': -0.11706233119196696}
[can] backend=detectnet_native no detections
[map] motion direction=left speed=0.15 effective_seconds=0.04560446739196777 pose={'x_m': 0.0, 'y_m': 0.3049265816807747, 'heading_rad': -0.1246831109648121}
[can] backend=detectnet_native no detections
[map] motion direction=left speed=0.15 effective_seconds=0.046761512756347656 pose={'x_m': 0.0, 'y_m': 0.3049265816807747, 'heading_rad': -0.1324972399513067}
[can] backend=detectnet_native no detections
[map] motion direction=left speed=0.15 effective_seconds=0.04667234420776367 pose={'x_m': 0.0, 'y_m': 0.3049265816807747, 'heading_rad': -0.14029646833901577}
[can] backend=detectnet_native no detections
[map] motion direction=left speed=0.15 effective_seconds=0.0480654239654541 pose={'x_m': 0.0, 'y_m': 0.3049265816807747, 'heading_rad': -0.14832848870186455}
[can] backend=detectnet_native no detections
[map] motion direction=left speed=0.15 effective_seconds=0.04616904258728027 pose={'x_m': 0.0, 'y_m': 0.3049265816807747, 'heading_rad': -0.15604361237290076}
[can] backend=detectnet_native no detections
[map] motion direction=left speed=0.15 effective_seconds=0.04499650001525879 pose={'x_m': 0.0, 'y_m': 0.3049265816807747, 'heading_rad': -0.16356279715402833}
[can] backend=detectnet_native no detections
[map] motion direction=left speed=0.15 effective_seconds=0.04585099220275879 pose={'x_m': 0.0, 'y_m': 0.3049265816807747, 'heading_rad': -0.17122477269998582}
[can] backend=detectnet_native no detections
[map] motion direction=left speed=0.15 effective_seconds=0.04685807228088379 pose={'x_m': 0.0, 'y_m': 0.3049265816807747, 'heading_rad': -0.17905503736163553}
[can] backend=detectnet_native no detections
[map] motion direction=left speed=0.15 effective_seconds=0.045706987380981445 pose={'x_m': 0.0, 'y_m': 0.3049265816807747, 'heading_rad': -0.18669294883896637}
[can] backend=detectnet_native no detections
[map] motion direction=left speed=0.15 effective_seconds=0.046575069427490234 pose={'x_m': 0.0, 'y_m': 0.3049265816807747, 'heading_rad': -0.1944759220280008}
[can] backend=detectnet_native no detections
[map] motion direction=left speed=0.15 effective_seconds=0.046550750732421875 pose={'x_m': 0.0, 'y_m': 0.3049265816807747, 'heading_rad': -0.20225483141736644}
[can] backend=detectnet_native no detections
[map] motion direction=left speed=0.15 effective_seconds=0.04691672325134277 pose={'x_m': 0.0, 'y_m': 0.3049265816807747, 'heading_rad': -0.21009489700762884}
[can] backend=detectnet_native no detections
[map] motion direction=left speed=0.15 effective_seconds=0.047734975814819336 pose={'x_m': 0.0, 'y_m': 0.3049265816807747, 'heading_rad': -0.21807169750439126}
[can] backend=detectnet_native no detections
[map] motion direction=left speed=0.15 effective_seconds=0.045478105545043945 pose={'x_m': 0.0, 'y_m': 0.3049265816807747, 'heading_rad': -0.22567136145542843}
[can] backend=detectnet_native no detections
[map] motion direction=left speed=0.15 effective_seconds=0.04640626907348633 pose={'x_m': 0.0, 'y_m': 0.3049265816807747, 'heading_rad': -0.23342612709382138}
[can] backend=detectnet_native no detections
[map] motion direction=left speed=0.15 effective_seconds=0.04580521583557129 pose={'x_m': 0.0, 'y_m': 0.3049265816807747, 'heading_rad': -0.24108045313451987}
[can] backend=detectnet_native no detections
[map] motion direction=left speed=0.15 effective_seconds=0.04638171195983887 pose={'x_m': 0.0, 'y_m': 0.3049265816807747, 'heading_rad': -0.248831115132071}
[can] backend=detectnet_native no detections
[map] motion direction=left speed=0.15 effective_seconds=0.04676389694213867 pose={'x_m': 0.0, 'y_m': 0.3049265816807747, 'heading_rad': -0.25664564253029765}
[can] backend=detectnet_native no detections
[map] motion direction=left speed=0.15 effective_seconds=0.0453181266784668 pose={'x_m': 0.0, 'y_m': 0.3049265816807747, 'heading_rad': -0.26421857305410246}
[can] backend=detectnet_native no detections
[map] motion direction=left speed=0.15 effective_seconds=0.04590749740600586 pose={'x_m': 0.0, 'y_m': 0.3049265816807747, 'heading_rad': -0.2718899909581136}
[can] backend=detectnet_native no detections
[map] motion direction=left speed=0.15 effective_seconds=0.04657149314880371 pose={'x_m': 0.0, 'y_m': 0.3049265816807747, 'heading_rad': -0.2796723665295495}
[can] backend=detectnet_native no detections
[map] motion direction=left speed=0.15 effective_seconds=0.04682564735412598 pose={'x_m': 0.0, 'y_m': 0.3049265816807747, 'heading_rad': -0.28749721279164087}
[can] backend=detectnet_native no detections
[map] motion direction=left speed=0.15 effective_seconds=0.046898841857910156 pose={'x_m': 0.0, 'y_m': 0.3049265816807747, 'heading_rad': -0.29533429029391156}
[can] backend=detectnet_native no detections
[map] motion direction=left speed=0.15 effective_seconds=0.045453548431396484 pose={'x_m': 0.0, 'y_m': 0.3049265816807747, 'heading_rad': -0.30292985060410693}
[can] backend=detectnet_native no detections
[map] motion direction=left speed=0.15 effective_seconds=0.047156572341918945 pose={'x_m': 0.0, 'y_m': 0.3049265816807747, 'heading_rad': -0.31080999641463114}
[can] backend=detectnet_native no detections
[map] motion direction=left speed=0.15 effective_seconds=0.04720425605773926 pose={'x_m': 0.0, 'y_m': 0.3049265816807747, 'heading_rad': -0.3186981104597999}
[can] backend=detectnet_native no detections
[map] motion direction=left speed=0.15 effective_seconds=0.045859336853027344 pose={'x_m': 0.0, 'y_m': 0.3049265816807747, 'heading_rad': -0.32636148044682}
[can] backend=detectnet_native no detections
[map] motion direction=left speed=0.15 effective_seconds=0.047345876693725586 pose={'x_m': 0.0, 'y_m': 0.3049265816807747, 'heading_rad': -0.3342732601488829}
[can] backend=detectnet_native no detections
[map] motion direction=left speed=0.15 effective_seconds=0.04564237594604492 pose={'x_m': 0.0, 'y_m': 0.3049265816807747, 'heading_rad': -0.3419003746682705}
[can] backend=detectnet_native no detections
[map] motion direction=left speed=0.15 effective_seconds=0.047621965408325195 pose={'x_m': 0.0, 'y_m': 0.3049265816807747, 'heading_rad': -0.3498582904489256}
[can] backend=detectnet_native no detections
[map] motion direction=left speed=0.15 effective_seconds=0.04695463180541992 pose={'x_m': 0.0, 'y_m': 0.3049265816807747, 'heading_rad': -0.3577046907857304}
[can] backend=detectnet_native detections=1 best_confidence=0.224
[can] backend=detectnet_native confidence=0.224 class_id=1 center=(24.5,134.0) error_x=-0.424 bbox=[16.747451782226562, 118.43997192382812, 32.15666198730469, 149.57948303222656]
[map] motion direction=left speed=0.15 effective_seconds=0.06346964836120605 pose={'x_m': 0.0, 'y_m': 0.3049265816807747, 'heading_rad': -0.3683108493504914}
[base] continuous stop label=search_can_routine_2_step_1 elapsed=0.063s
[base] stop
[fsm] SEARCHING --TARGET_FOUND--> ALIGNING
[can] backend=detectnet_native no detections
[base] stop
[can] backend=detectnet_native no detections
[base] stop
[can] backend=detectnet_native detections=1 best_confidence=0.271
[can] backend=detectnet_native confidence=0.271 class_id=1 center=(26.7,131.9) error_x=-0.417 bbox=[17.908512115478516, 116.14363098144531, 35.45147705078125, 147.69947814941406]
[base] continuous start label=align_can direction=left requested_speed=0.15 effective_speed=0.15
[visual-turn] label=align_can direction=left speed=0.15
[can] backend=detectnet_native no detections
[visual-turn] label=align_can target temporarily missing; holding motion frame=1/2
[can] backend=detectnet_native detections=1 best_confidence=0.248
[can] backend=detectnet_native confidence=0.248 class_id=1 center=(28.1,132.2) error_x=-0.412 bbox=[18.892366409301758, 114.94583129882812, 37.305992126464844, 149.42759704589844]
[can] backend=detectnet_native detections=1 best_confidence=0.347
[can] backend=detectnet_native confidence=0.347 class_id=1 center=(30.4,132.3) error_x=-0.405 bbox=[22.351858139038086, 117.68414306640625, 38.34988784790039, 146.99420166015625]
[can] backend=detectnet_native detections=1 best_confidence=0.289
[can] backend=detectnet_native confidence=0.289 class_id=1 center=(30.1,130.1) error_x=-0.406 bbox=[21.597179412841797, 114.59381103515625, 38.680301666259766, 145.56349182128906]
[can] backend=detectnet_native detections=1 best_confidence=0.223
[can] backend=detectnet_native confidence=0.223 class_id=1 center=(29.6,131.0) error_x=-0.408 bbox=[20.189861297607422, 113.88035583496094, 38.99602508544922, 148.02703857421875]
[can] backend=detectnet_native no detections
[visual-turn] label=align_can target temporarily missing; holding motion frame=1/2
[can] backend=detectnet_native no detections
[visual-turn] label=align_can target temporarily missing; holding motion frame=2/2
[can] backend=detectnet_native no detections
[map] motion direction=left speed=0.15 effective_seconds=0.6886591911315918 pose={'x_m': 0.0, 'y_m': 0.3049265816807747, 'heading_rad': -0.48338992678061077}
[base] continuous stop label=align_can elapsed=0.689s
[base] stop
[can] backend=detectnet_native detections=1 best_confidence=0.273
[can] backend=detectnet_native confidence=0.273 class_id=1 center=(47.5,130.8) error_x=-0.352 bbox=[38.54328536987305, 111.98014831542969, 56.36251449584961, 149.6885986328125]
[base] continuous start label=align_can direction=left requested_speed=0.15 effective_speed=0.15
[visual-turn] label=align_can direction=left speed=0.15
[can] backend=detectnet_native detections=1 best_confidence=0.256
[can] backend=detectnet_native confidence=0.256 class_id=1 center=(48.4,130.3) error_x=-0.349 bbox=[40.23249816894531, 111.99624633789062, 56.635520935058594, 148.55880737304688]
[can] backend=detectnet_native detections=1 best_confidence=0.331
[can] backend=detectnet_native confidence=0.331 class_id=1 center=(48.1,131.4) error_x=-0.350 bbox=[38.939395904541016, 113.89076232910156, 57.30990982055664, 148.9977264404297]
[can] backend=detectnet_native detections=1 best_confidence=0.209
[can] backend=detectnet_native confidence=0.209 class_id=1 center=(48.3,132.2) error_x=-0.349 bbox=[38.986324310302734, 114.38528442382812, 57.66071701049805, 149.9616241455078]
[can] backend=detectnet_native detections=1 best_confidence=0.272
[can] backend=detectnet_native confidence=0.272 class_id=1 center=(48.7,131.1) error_x=-0.348 bbox=[40.31169128417969, 115.55408477783203, 57.051307678222656, 146.64498901367188]
[can] backend=detectnet_native detections=1 best_confidence=0.225
[can] backend=detectnet_native confidence=0.225 class_id=1 center=(49.2,128.9) error_x=-0.346 bbox=[40.16362762451172, 110.74021911621094, 58.206993103027344, 147.0040740966797]
[can] backend=detectnet_native no detections
[visual-turn] label=align_can target temporarily missing; holding motion frame=1/2
[can] backend=detectnet_native no detections
[visual-turn] label=align_can target temporarily missing; holding motion frame=2/2
[can] backend=detectnet_native no detections
[map] motion direction=left speed=0.15 effective_seconds=0.5858445167541504 pose={'x_m': 0.0, 'y_m': 0.3049265816807747, 'heading_rad': -0.5812880560349099}
[base] continuous stop label=align_can elapsed=0.586s
[base] stop
[can] backend=detectnet_native no detections
[base] stop
[can] backend=detectnet_native no detections
[base] stop
[can] backend=detectnet_native no detections
[base] stop
[can] backend=detectnet_native no detections
[base] stop
[can] backend=detectnet_native no detections
[base] stop
[fsm] ALIGNING --TARGET_MISSING--> SEARCHING reason=alignment target lost
[can] backend=detectnet_native detections=1 best_confidence=0.217
[can] backend=detectnet_native confidence=0.217 class_id=1 center=(60.5,131.7) error_x=-0.311 bbox=[51.74880599975586, 114.84164428710938, 69.2370376586914, 148.60369873046875]
[base] stop
[fsm] SEARCHING --TARGET_FOUND--> ALIGNING
[can] backend=detectnet_native no detections
[base] stop
[can] backend=detectnet_native no detections
[base] stop
[can] backend=detectnet_native no detections
[base] stop
[can] backend=detectnet_native no detections
[base] stop
[can] backend=detectnet_native no detections
[base] stop
[can] backend=detectnet_native no detections
[base] stop
[can] backend=detectnet_native no detections
[base] stop
[can] backend=detectnet_native no detections
[base] stop
[fsm] ALIGNING --TARGET_MISSING--> SEARCHING reason=alignment target lost
[can] backend=detectnet_native no detections
[base] continuous start label=search_can_routine_2_step_0 direction=forward requested_speed=0.6 effective_speed=0.6
[can] backend=detectnet_native no detections
[map] motion direction=forward speed=0.6 effective_seconds=0.04521536827087402 pose={'x_m': -0.0025758841544412554, 'y_m': 0.3088471923523085, 'heading_rad': -0.5812880560349099}
[can] backend=detectnet_native no detections
[map] motion direction=forward speed=0.6 effective_seconds=0.04724526405334473 pose={'x_m': -0.005267409883444265, 'y_m': 0.31294381466261034, 'heading_rad': -0.5812880560349099}
[can] backend=detectnet_native detections=1 best_confidence=0.229
[can] backend=detectnet_native confidence=0.229 class_id=1 center=(61.2,131.0) error_x=-0.309 bbox=[52.90270233154297, 114.905029296875, 69.43437957763672, 147.10842895507812]
[map] motion direction=forward speed=0.6 effective_seconds=0.06587457656860352 pose={'x_m': -0.009020232971095585, 'y_m': 0.3186557789295033, 'heading_rad': -0.5812880560349099}
[base] continuous stop label=search_can_routine_2_step_0 elapsed=0.066s
[base] stop
[fsm] SEARCHING --TARGET_FOUND--> ALIGNING
[can] backend=detectnet_native no detections
[base] stop
[can] backend=detectnet_native no detections
[base] stop
[can] backend=detectnet_native no detections
[base] stop
[can] backend=detectnet_native no detections
[base] stop
[can] backend=detectnet_native no detections
[base] stop
[can] backend=detectnet_native no detections
[base] stop
[can] backend=detectnet_native no detections
[base] stop
[can] backend=detectnet_native no detections
[base] stop
[fsm] ALIGNING --TARGET_MISSING--> SEARCHING reason=alignment target lost
[can] backend=detectnet_native no detections
[base] continuous start label=search_can_routine_2_step_0 direction=forward requested_speed=0.6 effective_speed=0.6
[can] backend=detectnet_native no detections
[map] motion direction=forward speed=0.6 effective_seconds=0.04501938819885254 pose={'x_m': -0.011584952294166185, 'y_m': 0.32255939622928853, 'heading_rad': -0.5812880560349099}
[can] backend=detectnet_native no detections
[map] motion direction=forward speed=0.6 effective_seconds=0.04603290557861328 pose={'x_m': -0.014207410909398168, 'y_m': 0.32655089530924797, 'heading_rad': -0.5812880560349099}
[can] backend=detectnet_native no detections
[map] motion direction=forward speed=0.6 effective_seconds=0.04585528373718262 pose={'x_m': -0.016819750547293, 'y_m': 0.3305269928539851, 'heading_rad': -0.5812880560349099}
[can] backend=detectnet_native no detections
[map] motion direction=forward speed=0.6 effective_seconds=0.04674887657165527 pose={'x_m': -0.019482997469831648, 'y_m': 0.33458057355847126, 'heading_rad': -0.5812880560349099}
[can] backend=detectnet_native no detections
[map] motion direction=forward speed=0.6 effective_seconds=0.04627847671508789 pose={'x_m': -0.02211944608057674, 'y_m': 0.3385933660361205, 'heading_rad': -0.5812880560349099}
[can] backend=detectnet_native no detections
[map] motion direction=forward speed=0.6 effective_seconds=0.045662641525268555 pose={'x_m': -0.024720811042379737, 'y_m': 0.34255275963393206, 'heading_rad': -0.5812880560349099}
[can] backend=detectnet_native no detections
[map] motion direction=forward speed=0.6 effective_seconds=0.04684162139892578 pose={'x_m': -0.027389341565165568, 'y_m': 0.3466143822138564, 'heading_rad': -0.5812880560349099}
[can] backend=detectnet_native no detections
[map] motion direction=forward speed=0.6 effective_seconds=0.046679019927978516 pose={'x_m': -0.030048608809368934, 'y_m': 0.3506619056702618, 'heading_rad': -0.5812880560349099}
[can] backend=detectnet_native no detections
[map] motion direction=forward speed=0.6 effective_seconds=0.04611563682556152 pose={'x_m': -0.032675780559011644, 'y_m': 0.35466057835119047, 'heading_rad': -0.5812880560349099}
[can] backend=detectnet_native detections=1 best_confidence=0.222
[can] backend=detectnet_native confidence=0.222 class_id=1 center=(57.8,129.7) error_x=-0.319 bbox=[49.49833679199219, 112.81956481933594, 66.09471130371094, 146.51571655273438]
[map] motion direction=forward speed=0.6 effective_seconds=0.0642998218536377 pose={'x_m': -0.03633889110262017, 'y_m': 0.3602359961212473, 'heading_rad': -0.5812880560349099}
[base] continuous stop label=search_can_routine_2_step_0 elapsed=0.064s
[base] stop
[fsm] SEARCHING --TARGET_FOUND--> ALIGNING
[can] backend=detectnet_native no detections
[base] stop
[can] backend=detectnet_native no detections
[base] stop
[can] backend=detectnet_native no detections
[base] stop
[can] backend=detectnet_native no detections
[base] stop
[can] backend=detectnet_native no detections
[base] stop
[can] backend=detectnet_native no detections
[base] stop
[can] backend=detectnet_native no detections
[base] stop
[can] backend=detectnet_native no detections
[base] stop
[fsm] ALIGNING --TARGET_MISSING--> SEARCHING reason=alignment target lost
[can] backend=detectnet_native no detections
[base] continuous start label=search_can_routine_2_step_0 direction=forward requested_speed=0.6 effective_speed=0.6
[can] backend=detectnet_native no detections
[map] motion direction=forward speed=0.6 effective_seconds=0.04516863822937012 pose={'x_m': -0.03891211308315796, 'y_m': 0.36415255484525955, 'heading_rad': -0.5812880560349099}
[can] backend=detectnet_native no detections
[map] motion direction=forward speed=0.6 effective_seconds=0.046215057373046875 pose={'x_m': -0.04154494874360549, 'y_m': 0.36815984825127235, 'heading_rad': -0.5812880560349099}
[can] backend=detectnet_native no detections
[map] motion direction=forward speed=0.6 effective_seconds=0.04640388488769531 pose={'x_m': -0.04418854175982621, 'y_m': 0.3721835148329845, 'heading_rad': -0.5812880560349099}
[can] backend=detectnet_native no detections
[map] motion direction=forward speed=0.6 effective_seconds=0.045271873474121094 pose={'x_m': -0.04676764497148747, 'y_m': 0.3761090250533071, 'heading_rad': -0.5812880560349099}
[can] backend=detectnet_native no detections
[map] motion direction=forward speed=0.6 effective_seconds=0.0466156005859375 pose={'x_m': -0.049423299265393274, 'y_m': 0.38015104943807615, 'heading_rad': -0.5812880560349099}
[can] backend=detectnet_native no detections
[map] motion direction=forward speed=0.6 effective_seconds=0.046781063079833984 pose={'x_m': -0.052088379828120535, 'y_m': 0.3842074210247837, 'heading_rad': -0.5812880560349099}
[can] backend=detectnet_native no detections
[map] motion direction=forward speed=0.6 effective_seconds=0.04629778861999512 pose={'x_m': -0.054725928622978794, 'y_m': 0.3882218880317658, 'heading_rad': -0.5812880560349099}
[can] backend=detectnet_native no detections
[map] motion direction=forward speed=0.6 effective_seconds=0.04659843444824219 pose={'x_m': -0.05738060497545067, 'y_m': 0.39226242394601674, 'heading_rad': -0.5812880560349099}
[can] backend=detectnet_native no detections
[map] motion direction=forward speed=0.6 effective_seconds=0.0460660457611084 pose={'x_m': -0.06000495156095093, 'y_m': 0.3962567966010042, 'heading_rad': -0.5812880560349099}
[can] backend=detectnet_native detections=1 best_confidence=0.313
[can] backend=detectnet_native confidence=0.313 class_id=1 center=(50.6,130.4) error_x=-0.342 bbox=[41.0330810546875, 110.15440368652344, 60.21015548706055, 150.54649353027344]
[map] motion direction=forward speed=0.6 effective_seconds=0.06364822387695312 pose={'x_m': -0.06363094107763001, 'y_m': 0.4017757145109773, 'heading_rad': -0.5812880560349099}
[base] continuous stop label=search_can_routine_2_step_0 elapsed=0.064s
[base] stop
[fsm] SEARCHING --TARGET_FOUND--> ALIGNING
[can] backend=detectnet_native no detections
[base] stop
[can] backend=detectnet_native no detections
[base] stop
[can] backend=detectnet_native detections=1 best_confidence=0.200
[can] backend=detectnet_native confidence=0.200 class_id=1 center=(47.5,129.8) error_x=-0.352 bbox=[36.972801208496094, 110.0696792602539, 57.97718811035156, 149.46449279785156]
[base] continuous start label=align_can direction=left requested_speed=0.15 effective_speed=0.15
[visual-turn] label=align_can direction=left speed=0.15
[can] backend=detectnet_native no detections
[visual-turn] label=align_can target temporarily missing; holding motion frame=1/2
[can] backend=detectnet_native detections=1 best_confidence=0.248
[can] backend=detectnet_native confidence=0.248 class_id=1 center=(49.1,130.1) error_x=-0.347 bbox=[38.74249267578125, 109.93276977539062, 59.47786331176758, 150.2775421142578]
[can] backend=detectnet_native detections=1 best_confidence=0.220
[can] backend=detectnet_native confidence=0.220 class_id=1 center=(47.7,128.4) error_x=-0.351 bbox=[35.48356628417969, 106.23576354980469, 59.93488693237305, 150.58047485351562]
[can] backend=detectnet_native no detections
[visual-turn] label=align_can target temporarily missing; holding motion frame=1/2
[can] backend=detectnet_native no detections
[visual-turn] label=align_can target temporarily missing; holding motion frame=2/2
[can] backend=detectnet_native no detections
[map] motion direction=left speed=0.15 effective_seconds=0.5962512493133545 pose={'x_m': -0.06363094107763001, 'y_m': 0.4017757145109773, 'heading_rad': -0.680925212659202}
[base] continuous stop label=align_can elapsed=0.596s
[base] stop
[can] backend=detectnet_native detections=1 best_confidence=0.207
[can] backend=detectnet_native confidence=0.207 class_id=1 center=(62.5,133.0) error_x=-0.305 bbox=[53.81025314331055, 114.21615600585938, 71.18952941894531, 151.74826049804688]
[base] continuous start label=align_can direction=left requested_speed=0.15 effective_speed=0.15
[visual-turn] label=align_can direction=left speed=0.15
[can] backend=detectnet_native no detections
[visual-turn] label=align_can target temporarily missing; holding motion frame=1/2
[can] backend=detectnet_native no detections
[visual-turn] label=align_can target temporarily missing; holding motion frame=2/2
[can] backend=detectnet_native no detections
[map] motion direction=left speed=0.15 effective_seconds=0.35932278633117676 pose={'x_m': -0.06363094107763001, 'y_m': 0.4017757145109773, 'heading_rad': -0.7409702033935379}
[base] continuous stop label=align_can elapsed=0.359s
[base] stop
[can] backend=detectnet_native no detections
[base] stop
[can] backend=detectnet_native detections=1 best_confidence=0.230
[can] backend=detectnet_native confidence=0.230 class_id=1 center=(70.7,130.1) error_x=-0.279 bbox=[61.59550094604492, 107.9920883178711, 79.78038024902344, 152.1121826171875]
[base] continuous start label=align_can direction=left requested_speed=0.15 effective_speed=0.15
[visual-turn] label=align_can direction=left speed=0.15
[can] backend=detectnet_native no detections
[visual-turn] label=align_can target temporarily missing; holding motion frame=1/2
[can] backend=detectnet_native no detections
[visual-turn] label=align_can target temporarily missing; holding motion frame=2/2
[can] backend=detectnet_native detections=1 best_confidence=0.272
[can] backend=detectnet_native confidence=0.272 class_id=1 center=(76.6,129.1) error_x=-0.261 bbox=[68.16409301757812, 109.41126251220703, 84.98236846923828, 148.83685302734375]
[can] backend=detectnet_native no detections
[visual-turn] label=align_can target temporarily missing; holding motion frame=1/2
[can] backend=detectnet_native no detections
[visual-turn] label=align_can target temporarily missing; holding motion frame=2/2
[can] backend=detectnet_native no detections
[map] motion direction=left speed=0.15 effective_seconds=0.6951858997344971 pose={'x_m': -0.06363094107763001, 'y_m': 0.4017757145109773, 'heading_rad': -0.8571399329406257}
[base] continuous stop label=align_can elapsed=0.695s
[base] stop
[can] backend=detectnet_native detections=1 best_confidence=0.247
[can] backend=detectnet_native confidence=0.247 class_id=1 center=(89.1,125.8) error_x=-0.221 bbox=[80.93394470214844, 106.91401672363281, 97.32415008544922, 144.6519317626953]
[base] continuous start label=align_can direction=left requested_speed=0.15 effective_speed=0.15
[visual-turn] label=align_can direction=left speed=0.15
[can] backend=detectnet_native no detections
[visual-turn] label=align_can target temporarily missing; holding motion frame=1/2
[can] backend=detectnet_native detections=1 best_confidence=0.325
[can] backend=detectnet_native confidence=0.325 class_id=1 center=(91.8,126.9) error_x=-0.213 bbox=[83.44972229003906, 107.43263244628906, 100.21553039550781, 146.3076934814453]
[can] backend=detectnet_native no detections
[visual-turn] label=align_can target temporarily missing; holding motion frame=1/2
[can] backend=detectnet_native no detections
[visual-turn] label=align_can target temporarily missing; holding motion frame=2/2
[can] backend=detectnet_native no detections
[map] motion direction=left speed=0.15 effective_seconds=0.5452489852905273 pose={'x_m': -0.06363094107763001, 'y_m': 0.4017757145109773, 'heading_rad': -0.948254305630313}
[base] continuous stop label=align_can elapsed=0.545s
[base] stop
[can] backend=detectnet_native no detections
[base] stop
[can] backend=detectnet_native no detections
[base] stop
[can] backend=detectnet_native detections=1 best_confidence=0.229
[can] backend=detectnet_native confidence=0.229 class_id=1 center=(104.5,127.2) error_x=-0.173 bbox=[95.9482650756836, 107.76885986328125, 113.03137969970703, 146.56805419921875]
[base] continuous start label=align_can direction=left requested_speed=0.15 effective_speed=0.15
[visual-turn] label=align_can direction=left speed=0.15
[can] backend=detectnet_native no detections
[visual-turn] label=align_can target temporarily missing; holding motion frame=1/2
[can] backend=detectnet_native detections=1 best_confidence=0.280
[can] backend=detectnet_native confidence=0.280 class_id=1 center=(107.0,128.3) error_x=-0.166 bbox=[98.08906555175781, 109.13423156738281, 115.96406555175781, 147.49636840820312]
[can] backend=detectnet_native no detections
[visual-turn] label=align_can target temporarily missing; holding motion frame=1/2
[can] backend=detectnet_native no detections
[visual-turn] label=align_can target temporarily missing; holding motion frame=2/2
[can] backend=detectnet_native no detections
[map] motion direction=left speed=0.15 effective_seconds=0.5468599796295166 pose={'x_m': -0.06363094107763001, 'y_m': 0.4017757145109773, 'heading_rad': -1.0396378851274655}
[base] continuous stop label=align_can elapsed=0.547s
[base] stop
[can] backend=detectnet_native no detections
[base] stop
[can] backend=detectnet_native no detections
[base] stop
[can] backend=detectnet_native no detections
[base] stop
[can] backend=detectnet_native no detections
[base] stop
[can] backend=detectnet_native no detections
[base] stop
[fsm] ALIGNING --TARGET_MISSING--> SEARCHING reason=alignment target lost
[can] backend=detectnet_native no detections
[base] continuous start label=search_can_routine_2_step_0 direction=forward requested_speed=0.6 effective_speed=0.6
[can] backend=detectnet_native no detections
[map] motion direction=forward speed=0.6 effective_seconds=0.04688239097595215 pose={'x_m': -0.06782482478623611, 'y_m': 0.40423951300217087, 'heading_rad': -1.0396378851274655}
[can] backend=detectnet_native no detections
[map] motion direction=forward speed=0.6 effective_seconds=0.04564309120178223 pose={'x_m': -0.07190784642008931, 'y_m': 0.406638182884303, 'heading_rad': -1.0396378851274655}
[can] backend=detectnet_native no detections
[map] motion direction=forward speed=0.6 effective_seconds=0.04758453369140625 pose={'x_m': -0.07616454059621124, 'y_m': 0.40913888090487044, 'heading_rad': -1.0396378851274655}
[can] backend=detectnet_native no detections
[map] motion direction=forward speed=0.6 effective_seconds=0.04727578163146973 pose={'x_m': -0.08039361522889242, 'y_m': 0.4116233531561546, 'heading_rad': -1.0396378851274655}
[can] backend=detectnet_native no detections
[map] motion direction=forward speed=0.6 effective_seconds=0.05125784873962402 pose={'x_m': -0.08497890732454452, 'y_m': 0.4143170939777627, 'heading_rad': -1.0396378851274655}
[can] backend=detectnet_native no detections
[map] motion direction=forward speed=0.6 effective_seconds=0.04698801040649414 pose={'x_m': -0.08918223926306897, 'y_m': 0.41678644306030177, 'heading_rad': -1.0396378851274655}
[can] backend=detectnet_native no detections
[map] motion direction=forward speed=0.6 effective_seconds=0.045499324798583984 pose={'x_m': -0.09325240021376019, 'y_m': 0.41917755762283715, 'heading_rad': -1.0396378851274655}
[can] backend=detectnet_native detections=1 best_confidence=0.210
[can] backend=detectnet_native confidence=0.210 class_id=1 center=(113.0,130.6) error_x=-0.147 bbox=[105.01982879638672, 114.12581634521484, 120.96794891357422, 147.11865234375]
[map] motion direction=forward speed=0.6 effective_seconds=0.06541037559509277 pose={'x_m': -0.09910371246280433, 'y_m': 0.4226150526256465, 'heading_rad': -1.0396378851274655}
[base] continuous stop label=search_can_routine_2_step_0 elapsed=0.065s
[base] stop
[fsm] SEARCHING --TARGET_FOUND--> ALIGNING
[can] backend=detectnet_native no detections
[base] stop
[can] backend=detectnet_native no detections
[base] stop
[can] backend=detectnet_native no detections
[base] stop
[can] backend=detectnet_native no detections
[base] stop
[can] backend=detectnet_native no detections
[base] stop
[can] backend=detectnet_native no detections
[base] stop
[can] backend=detectnet_native no detections
[base] stop
[can] backend=detectnet_native no detections
[base] stop
[fsm] ALIGNING --TARGET_MISSING--> SEARCHING reason=alignment target lost
[can] backend=detectnet_native no detections
[base] continuous start label=search_can_routine_2_step_0 direction=forward requested_speed=0.6 effective_speed=0.6
[can] backend=detectnet_native no detections
[map] motion direction=forward speed=0.6 effective_seconds=0.0466005802154541 pose={'x_m': -0.10327238667307301, 'y_m': 0.4250640411868842, 'heading_rad': -1.0396378851274655}
[can] backend=detectnet_native no detections
[map] motion direction=forward speed=0.6 effective_seconds=0.046457767486572266 pose={'x_m': -0.10742828551151079, 'y_m': 0.42750552454673135, 'heading_rad': -1.0396378851274655}
[can] backend=detectnet_native no detections
[map] motion direction=forward speed=0.6 effective_seconds=0.04650473594665527 pose={'x_m': -0.11158838593300481, 'y_m': 0.4299494762282378, 'heading_rad': -1.0396378851274655}
[can] backend=detectnet_native no detections
[map] motion direction=forward speed=0.6 effective_seconds=0.04536151885986328 pose={'x_m': -0.11564621939635336, 'y_m': 0.43233334870996565, 'heading_rad': -1.0396378851274655}
[can] backend=detectnet_native no detections
[map] motion direction=forward speed=0.6 effective_seconds=0.05069851875305176 pose={'x_m': -0.12018147639632053, 'y_m': 0.4349976952035902, 'heading_rad': -1.0396378851274655}
[can] backend=detectnet_native no detections
[map] motion direction=forward speed=0.6 effective_seconds=0.046648502349853516 pose={'x_m': -0.12435443750097654, 'y_m': 0.43744920220469347, 'heading_rad': -1.0396378851274655}
[can] backend=detectnet_native no detections
[map] motion direction=forward speed=0.6 effective_seconds=0.04756522178649902 pose={'x_m': -0.12860940412264388, 'y_m': 0.43994888533158377, 'heading_rad': -1.0396378851274655}
[can] backend=detectnet_native no detections
[map] motion direction=forward speed=0.6 effective_seconds=0.0474393367767334 pose={'x_m': -0.1328531096486072, 'y_m': 0.44244195285524507, 'heading_rad': -1.0396378851274655}
[can] backend=detectnet_native no detections
[map] motion direction=forward speed=0.6 effective_seconds=0.047486305236816406 pose={'x_m': -0.13710101675762673, 'y_m': 0.44493748870056565, 'heading_rad': -1.0396378851274655}
[can] backend=detectnet_native no detections
[map] motion direction=forward speed=0.6 effective_seconds=0.04746651649475098 pose={'x_m': -0.14134715365652614, 'y_m': 0.4474319845931059, 'heading_rad': -1.0396378851274655}
[can] backend=detectnet_native no detections
[map] motion direction=forward speed=0.6 effective_seconds=0.045604705810546875 pose={'x_m': -0.14542674150930293, 'y_m': 0.44982863721743527, 'heading_rad': -1.0396378851274655}
[can] backend=detectnet_native no detections
[map] motion direction=forward speed=0.6 effective_seconds=0.04758930206298828 pose={'x_m': -0.1496838622420803, 'y_m': 0.45232958582903415, 'heading_rad': -1.0396378851274655}
[can] backend=detectnet_native no detections
[map] motion direction=forward speed=0.6 effective_seconds=0.04801225662231445 pose={'x_m': -0.1539788185501966, 'y_m': 0.4548527618651184, 'heading_rad': -1.0396378851274655}
[can] backend=detectnet_native no detections
[map] motion direction=forward speed=0.6 effective_seconds=0.04692363739013672 pose={'x_m': -0.1581763919738724, 'y_m': 0.4573187279687336, 'heading_rad': -1.0396378851274655}
[can] backend=detectnet_native no detections
[map] motion direction=forward speed=0.6 effective_seconds=0.04725217819213867 pose={'x_m': -0.16240335515110907, 'y_m': 0.45980195979441235, 'heading_rad': -1.0396378851274655}
[can] backend=detectnet_native no detections
[map] motion direction=forward speed=0.6 effective_seconds=0.0458521842956543 pose={'x_m': -0.166505081294304, 'y_m': 0.46221161809327144, 'heading_rad': -1.0396378851274655}
[can] backend=detectnet_native no detections
[map] motion direction=forward speed=0.6 effective_seconds=0.047298431396484375 pose={'x_m': -0.17073618207109859, 'y_m': 0.4646972806519548, 'heading_rad': -1.0396378851274655}
[can] backend=detectnet_native no detections
[map] motion direction=forward speed=0.6 effective_seconds=0.047434091567993164 pose={'x_m': -0.17497941838474088, 'y_m': 0.46719007252548156, 'heading_rad': -1.0396378851274655}
[can] backend=detectnet_native no detections
[map] motion direction=forward speed=0.6 effective_seconds=0.047539710998535156 pose={'x_m': -0.17923210292830152, 'y_m': 0.46968841499035385, 'heading_rad': -1.0396378851274655}
[can] backend=detectnet_native detections=1 best_confidence=0.218
[can] backend=detectnet_native confidence=0.218 class_id=1 center=(110.7,128.1) error_x=-0.154 bbox=[100.92914581298828, 103.5138931274414, 120.50743103027344, 152.7333221435547]
[map] motion direction=forward speed=0.6 effective_seconds=0.06630563735961914 pose={'x_m': -0.18516350118940744, 'y_m': 0.47317295845930896, 'heading_rad': -1.0396378851274655}
[base] continuous stop label=search_can_routine_2_step_0 elapsed=0.066s
[base] stop
[fsm] SEARCHING --TARGET_FOUND--> ALIGNING
[can] backend=detectnet_native detections=1 best_confidence=0.222
[can] backend=detectnet_native confidence=0.222 class_id=1 center=(110.8,128.5) error_x=-0.154 bbox=[98.8265380859375, 101.24171447753906, 122.76750183105469, 155.78663635253906]
[base] continuous start label=align_can direction=left requested_speed=0.15 effective_speed=0.15
[visual-turn] label=align_can direction=left speed=0.15
[can] backend=detectnet_native detections=1 best_confidence=0.253
[can] backend=detectnet_native confidence=0.253 class_id=1 center=(109.8,128.6) error_x=-0.157 bbox=[98.3675308227539, 101.58876037597656, 121.30160522460938, 155.62461853027344]
[can] backend=detectnet_native detections=1 best_confidence=0.332
[can] backend=detectnet_native confidence=0.332 class_id=1 center=(109.7,128.6) error_x=-0.157 bbox=[96.58457946777344, 98.45448303222656, 122.85803985595703, 158.75949096679688]
[can] backend=detectnet_native detections=1 best_confidence=0.243
[can] backend=detectnet_native confidence=0.243 class_id=1 center=(110.8,128.5) error_x=-0.154 bbox=[97.4869155883789, 98.93512725830078, 124.1220474243164, 157.9871826171875]
[can] backend=detectnet_native no detections
[visual-turn] label=align_can target temporarily missing; holding motion frame=1/2
[can] backend=detectnet_native detections=1 best_confidence=0.228
[can] backend=detectnet_native confidence=0.228 class_id=1 center=(114.8,127.9) error_x=-0.141 bbox=[101.898193359375, 96.93115997314453, 127.76432037353516, 158.81114196777344]
[map] motion direction=left speed=0.15 effective_seconds=0.3502767086029053 pose={'x_m': -0.18516350118940744, 'y_m': 0.47317295845930896, 'heading_rad': -1.0981712220673896}
[base] continuous stop label=align_can elapsed=0.350s
[base] stop
[fsm] ALIGNING --TARGET_ALIGNED--> APPROACHING
[can] backend=detectnet_native detections=1 best_confidence=0.277
[can] backend=detectnet_native confidence=0.277 class_id=1 center=(115.7,128.6) error_x=-0.138 bbox=[103.00128936767578, 99.69269561767578, 128.36712646484375, 157.5742950439453]
[approach] target=can mode=bbox_height bbox=0.241/0.36 bbox_ok=False depth_raw=n/a/2.05 depth_ok=False error_x=-0.138
[base] continuous start label=approach_can_steer direction=left requested_speed=0.15 effective_speed=0.15
[visual-turn] label=approach_can_steer direction=left speed=0.15
[can] backend=detectnet_native no detections
[map] motion direction=left speed=0.15 effective_seconds=0.06237673759460449 pose={'x_m': -0.18516350118940744, 'y_m': 0.47317295845930896, 'heading_rad': -1.108594748694098}
[base] continuous stop label=approach_can_steer elapsed=0.062s
[base] stop
[can] backend=detectnet_native detections=1 best_confidence=0.259
[can] backend=detectnet_native confidence=0.259 class_id=1 center=(118.2,127.6) error_x=-0.131 bbox=[104.95914459228516, 99.13362121582031, 131.37667846679688, 155.97891235351562]
[approach] target=can mode=bbox_height bbox=0.237/0.36 bbox_ok=False depth_raw=n/a/2.05 depth_ok=False error_x=-0.131
[base] continuous start label=approach_can_steer direction=left requested_speed=0.15 effective_speed=0.15
[visual-turn] label=approach_can_steer direction=left speed=0.15
[can] backend=detectnet_native detections=1 best_confidence=0.266
[can] backend=detectnet_native confidence=0.266 class_id=1 center=(118.2,127.5) error_x=-0.131 bbox=[105.09123992919922, 98.6110610961914, 131.26226806640625, 156.44180297851562]
[approach] target=can mode=bbox_height bbox=0.241/0.36 bbox_ok=False depth_raw=n/a/2.05 depth_ok=False error_x=-0.131
[can] backend=detectnet_native detections=1 best_confidence=0.239
[can] backend=detectnet_native confidence=0.239 class_id=1 center=(117.9,127.9) error_x=-0.132 bbox=[104.96211242675781, 98.76311492919922, 130.80804443359375, 156.97918701171875]
[approach] target=can mode=bbox_height bbox=0.243/0.36 bbox_ok=False depth_raw=n/a/2.05 depth_ok=False error_x=-0.132
[can] backend=detectnet_native detections=1 best_confidence=0.293
[can] backend=detectnet_native confidence=0.293 class_id=1 center=(116.8,129.9) error_x=-0.135 bbox=[102.53057861328125, 100.59989929199219, 130.9945068359375, 159.10662841796875]
[approach] target=can mode=bbox_height bbox=0.244/0.36 bbox_ok=False depth_raw=n/a/2.05 depth_ok=False error_x=-0.135
[can] backend=detectnet_native no detections
[map] motion direction=left speed=0.15 effective_seconds=0.2022559642791748 pose={'x_m': -0.18516350118940744, 'y_m': 0.47317295845930896, 'heading_rad': -1.1423929322858115}
[base] continuous stop label=approach_can_steer elapsed=0.202s
[base] stop
[can] backend=detectnet_native detections=1 best_confidence=0.291
[can] backend=detectnet_native confidence=0.291 class_id=1 center=(122.4,128.9) error_x=-0.118 bbox=[109.91703033447266, 100.12513732910156, 134.83114624023438, 157.68545532226562]
[approach] target=can mode=bbox_height bbox=0.240/0.36 bbox_ok=False depth_raw=n/a/2.05 depth_ok=False error_x=-0.118
[base] continuous start label=approach_can_forward direction=forward requested_speed=0.6 effective_speed=0.6
[can] backend=detectnet_native detections=1 best_confidence=0.272
[can] backend=detectnet_native confidence=0.272 class_id=1 center=(122.2,128.2) error_x=-0.118 bbox=[109.60130310058594, 100.09909057617188, 134.7402801513672, 156.32601928710938]
[approach] target=can mode=bbox_height bbox=0.234/0.36 bbox_ok=False depth_raw=n/a/2.05 depth_ok=False error_x=-0.118
[can] backend=detectnet_native detections=1 best_confidence=0.501
[can] backend=detectnet_native confidence=0.501 class_id=1 center=(122.2,126.3) error_x=-0.118 bbox=[109.41719818115234, 97.50669860839844, 134.9420623779297, 154.9939727783203]
[approach] target=can mode=bbox_height bbox=0.240/0.36 bbox_ok=False depth_raw=n/a/2.05 depth_ok=False error_x=-0.118
[can] backend=detectnet_native detections=1 best_confidence=0.270
[can] backend=detectnet_native confidence=0.270 class_id=1 center=(124.5,128.1) error_x=-0.111 bbox=[111.67927551269531, 99.71446228027344, 137.4043426513672, 156.4322052001953]
[approach] target=can mode=bbox_height bbox=0.236/0.36 bbox_ok=False depth_raw=n/a/2.05 depth_ok=False error_x=-0.111
[can] backend=detectnet_native detections=1 best_confidence=0.203
[can] backend=detectnet_native confidence=0.203 class_id=1 center=(122.8,128.6) error_x=-0.116 bbox=[110.19744110107422, 100.11739349365234, 135.3462371826172, 157.16287231445312]
[approach] target=can mode=bbox_height bbox=0.238/0.36 bbox_ok=False depth_raw=n/a/2.05 depth_ok=False error_x=-0.116
[can] backend=detectnet_native detections=1 best_confidence=0.382
[can] backend=detectnet_native confidence=0.382 class_id=1 center=(122.6,128.5) error_x=-0.117 bbox=[108.4395751953125, 98.88463592529297, 136.6709747314453, 158.19676208496094]
[approach] target=can mode=bbox_height bbox=0.247/0.36 bbox_ok=False depth_raw=n/a/2.05 depth_ok=False error_x=-0.117
[can] backend=detectnet_native no detections
[map] motion direction=forward speed=0.6 effective_seconds=0.29920458793640137 pose={'x_m': -0.21340067387987163, 'y_m': 0.4860685931687851, 'heading_rad': -1.1423929322858115}
[base] continuous stop label=approach_can_forward elapsed=0.299s
[base] stop
[can] backend=detectnet_native no detections
[base] stop
[can] backend=detectnet_native no detections
[base] stop
[can] backend=detectnet_native no detections
[base] stop
[fsm] APPROACHING --TARGET_MISSING--> SEARCHING reason=approach target lost
[can] backend=detectnet_native no detections
[base] continuous start label=search_can_routine_2_step_0 direction=forward requested_speed=0.6 effective_speed=0.6
[can] backend=detectnet_native no detections
[map] motion direction=forward speed=0.6 effective_seconds=0.049072265625 pose={'x_m': -0.2180318262573211, 'y_m': 0.48818359419945406, 'heading_rad': -1.1423929322858115}
[can] backend=detectnet_native no detections
[map] motion direction=forward speed=0.6 effective_seconds=0.04506278038024902 pose={'x_m': -0.2222845869528891, 'y_m': 0.490125787528724, 'heading_rad': -1.1423929322858115}
[can] backend=detectnet_native no detections
[map] motion direction=forward speed=0.6 effective_seconds=0.04570317268371582 pose={'x_m': -0.2265977841149811, 'y_m': 0.4920955815885617, 'heading_rad': -1.1423929322858115}
[can] backend=detectnet_native detections=1 best_confidence=0.289
[can] backend=detectnet_native confidence=0.289 class_id=1 center=(123.1,128.6) error_x=-0.115 bbox=[109.6804428100586, 99.3833236694336, 136.53497314453125, 157.72459411621094]
[map] motion direction=forward speed=0.6 effective_seconds=0.0692291259765625 pose={'x_m': -0.23313122265244635, 'y_m': 0.49507933770676604, 'heading_rad': -1.1423929322858115}
[base] continuous stop label=search_can_routine_2_step_0 elapsed=0.069s
[base] stop
[fsm] SEARCHING --TARGET_FOUND--> ALIGNING
[can] backend=detectnet_native no detections
[base] stop
[can] backend=detectnet_native detections=1 best_confidence=0.305
[can] backend=detectnet_native confidence=0.305 class_id=1 center=(119.9,129.0) error_x=-0.125 bbox=[104.30095672607422, 97.67520904541016, 135.4466552734375, 160.349609375]
[base] stop
[fsm] ALIGNING --TARGET_ALIGNED--> APPROACHING
[can] backend=detectnet_native no detections
[base] stop
[can] backend=detectnet_native no detections
[base] stop
[can] backend=detectnet_native no detections
[base] stop
[can] backend=detectnet_native detections=1 best_confidence=0.230
[can] backend=detectnet_native confidence=0.230 class_id=1 center=(119.5,129.3) error_x=-0.126 bbox=[104.47785949707031, 98.59039306640625, 134.5812530517578, 160.06326293945312]
[approach] target=can mode=bbox_height bbox=0.256/0.36 bbox_ok=False depth_raw=n/a/2.05 depth_ok=False error_x=-0.126
[base] continuous start label=approach_can_steer direction=left requested_speed=0.15 effective_speed=0.15
[visual-turn] label=approach_can_steer direction=left speed=0.15
[can] backend=detectnet_native detections=1 best_confidence=0.228
[can] backend=detectnet_native confidence=0.228 class_id=1 center=(121.7,131.3) error_x=-0.120 bbox=[108.16893768310547, 102.8714599609375, 135.29759216308594, 159.67234802246094]
[approach] target=can mode=bbox_height bbox=0.237/0.36 bbox_ok=False depth_raw=n/a/2.05 depth_ok=False error_x=-0.120
[map] motion direction=left speed=0.15 effective_seconds=0.06580376625061035 pose={'x_m': -0.23313122265244635, 'y_m': 0.49507933770676604, 'heading_rad': -1.1533891359364217}
[base] continuous stop label=approach_can_steer elapsed=0.066s
[base] stop
[base] continuous start label=approach_can_forward direction=forward requested_speed=0.6 effective_speed=0.6
[can] backend=detectnet_native no detections
[map] motion direction=forward speed=0.6 effective_seconds=0.06384468078613281 pose={'x_m': -0.2391864020968655, 'y_m': 0.49776460543194495, 'heading_rad': -1.1533891359364217}
[base] continuous stop label=approach_can_forward elapsed=0.064s
[base] stop
[can] backend=detectnet_native no detections
[base] stop
[can] backend=detectnet_native no detections
[base] stop
[can] backend=detectnet_native detections=1 best_confidence=0.204
[can] backend=detectnet_native confidence=0.204 class_id=1 center=(117.0,134.7) error_x=-0.134 bbox=[101.07205200195312, 103.8932876586914, 133.01870727539062, 165.58621215820312]
[approach] target=can mode=bbox_height bbox=0.257/0.36 bbox_ok=False depth_raw=n/a/2.05 depth_ok=False error_x=-0.134
[base] continuous start label=approach_can_steer direction=left requested_speed=0.15 effective_speed=0.15
[visual-turn] label=approach_can_steer direction=left speed=0.15
[can] backend=detectnet_native no detections
[map] motion direction=left speed=0.15 effective_seconds=0.06342101097106934 pose={'x_m': -0.2391864020968655, 'y_m': 0.49776460543194495, 'heading_rad': -1.1639871669018451}
[base] continuous stop label=approach_can_steer elapsed=0.063s
[base] stop
[can] backend=detectnet_native no detections
[base] stop
[can] backend=detectnet_native no detections
[base] stop
[can] backend=detectnet_native no detections
[base] stop
[fsm] APPROACHING --TARGET_MISSING--> SEARCHING reason=approach target lost
[can] backend=detectnet_native no detections
[base] continuous start label=search_can_routine_2_step_0 direction=forward requested_speed=0.6 effective_speed=0.6
[can] backend=detectnet_native no detections
[map] motion direction=forward speed=0.6 effective_seconds=0.04903078079223633 pose={'x_m': -0.24385819022733088, 'y_m': 0.4997774119078465, 'heading_rad': -1.1639871669018451}
[can] backend=detectnet_native no detections
[map] motion direction=forward speed=0.6 effective_seconds=0.04734635353088379 pose={'x_m': -0.24836948147891594, 'y_m': 0.5017210694523003, 'heading_rad': -1.1639871669018451}
[can] backend=detectnet_native no detections
[map] motion direction=forward speed=0.6 effective_seconds=0.047508955001831055 pose={'x_m': -0.25289626584747144, 'y_m': 0.5036714020953029, 'heading_rad': -1.1639871669018451}
[can] backend=detectnet_native detections=1 best_confidence=0.216
[can] backend=detectnet_native confidence=0.216 class_id=1 center=(122.1,129.2) error_x=-0.119 bbox=[107.7958984375, 95.10804748535156, 136.3600616455078, 163.36546325683594]
[map] motion direction=forward speed=0.6 effective_seconds=0.06585264205932617 pose={'x_m': -0.259170887351791, 'y_m': 0.506374777857437, 'heading_rad': -1.1639871669018451}
[base] continuous stop label=search_can_routine_2_step_0 elapsed=0.066s
[base] stop
[fsm] SEARCHING --TARGET_FOUND--> ALIGNING
[can] backend=detectnet_native no detections
[base] stop
[can] backend=detectnet_native detections=1 best_confidence=0.475
[can] backend=detectnet_native confidence=0.475 class_id=1 center=(119.2,133.4) error_x=-0.128 bbox=[101.33700561523438, 99.71178436279297, 137.01312255859375, 167.15234375]
[base] stop
[fsm] ALIGNING --TARGET_ALIGNED--> APPROACHING
[can] backend=detectnet_native detections=1 best_confidence=0.645
[can] backend=detectnet_native confidence=0.645 class_id=1 center=(119.0,131.7) error_x=-0.128 bbox=[101.19670104980469, 97.24613952636719, 136.73480224609375, 166.18106079101562]
[approach] target=can mode=bbox_height bbox=0.287/0.36 bbox_ok=False depth_raw=n/a/2.05 depth_ok=False error_x=-0.128
[base] continuous start label=approach_can_steer direction=left requested_speed=0.15 effective_speed=0.15
[visual-turn] label=approach_can_steer direction=left speed=0.15
[can] backend=detectnet_native detections=1 best_confidence=0.698
[can] backend=detectnet_native confidence=0.698 class_id=1 center=(118.0,130.8) error_x=-0.131 bbox=[99.12532043457031, 93.56044006347656, 136.78768920898438, 168.11814880371094]
[approach] target=can mode=bbox_height bbox=0.311/0.36 bbox_ok=False depth_raw=n/a/2.05 depth_ok=False error_x=-0.131
[can] backend=detectnet_native detections=1 best_confidence=0.543
[can] backend=detectnet_native confidence=0.543 class_id=1 center=(117.7,131.9) error_x=-0.132 bbox=[98.97965240478516, 97.00090789794922, 136.42135620117188, 166.70091247558594]
[approach] target=can mode=bbox_height bbox=0.290/0.36 bbox_ok=False depth_raw=n/a/2.05 depth_ok=False error_x=-0.132
[can] backend=detectnet_native detections=1 best_confidence=0.472
[can] backend=detectnet_native confidence=0.472 class_id=1 center=(117.8,135.5) error_x=-0.132 bbox=[99.28305053710938, 102.81006622314453, 136.36398315429688, 168.1875]
[approach] target=can mode=bbox_height bbox=0.272/0.36 bbox_ok=False depth_raw=n/a/2.05 depth_ok=False error_x=-0.132
[can] backend=detectnet_native detections=1 best_confidence=0.349
[can] backend=detectnet_native confidence=0.349 class_id=1 center=(116.8,134.3) error_x=-0.135 bbox=[99.91693115234375, 102.23011779785156, 133.73190307617188, 166.36180114746094]
[approach] target=can mode=bbox_height bbox=0.267/0.36 bbox_ok=False depth_raw=n/a/2.05 depth_ok=False error_x=-0.135
[can] backend=detectnet_native detections=1 best_confidence=0.324
[can] backend=detectnet_native confidence=0.324 class_id=1 center=(123.0,133.0) error_x=-0.116 bbox=[107.30836486816406, 101.76409912109375, 138.60653686523438, 164.26657104492188]
[approach] target=can mode=bbox_height bbox=0.260/0.36 bbox_ok=False depth_raw=n/a/2.05 depth_ok=False error_x=-0.116
[map] motion direction=left speed=0.15 effective_seconds=0.24914956092834473 pose={'x_m': -0.259170887351791, 'y_m': 0.506374777857437, 'heading_rad': -1.2056215514900186}
[base] continuous stop label=approach_can_steer elapsed=0.249s
[base] stop
[base] continuous start label=approach_can_forward direction=forward requested_speed=0.6 effective_speed=0.6
[can] backend=detectnet_native detections=1 best_confidence=0.682
[can] backend=detectnet_native confidence=0.682 class_id=1 center=(124.9,132.2) error_x=-0.110 bbox=[108.88225555419922, 98.9361801147461, 140.82891845703125, 165.49501037597656]
[approach] target=can mode=bbox_height bbox=0.277/0.36 bbox_ok=False depth_raw=n/a/2.05 depth_ok=False error_x=-0.110
[can] backend=detectnet_native detections=1 best_confidence=0.606
[can] backend=detectnet_native confidence=0.606 class_id=1 center=(126.7,131.7) error_x=-0.104 bbox=[111.25654602050781, 99.2841567993164, 142.04541015625, 164.177490234375]
[approach] target=can mode=bbox_height bbox=0.270/0.36 bbox_ok=False depth_raw=n/a/2.05 depth_ok=False error_x=-0.104
[can] backend=detectnet_native detections=1 best_confidence=0.683
[can] backend=detectnet_native confidence=0.683 class_id=1 center=(126.3,131.1) error_x=-0.105 bbox=[110.49148559570312, 97.40115356445312, 142.12767028808594, 164.70770263671875]
[approach] target=can mode=bbox_height bbox=0.280/0.36 bbox_ok=False depth_raw=n/a/2.05 depth_ok=False error_x=-0.105
[can] backend=detectnet_native detections=1 best_confidence=0.842
[can] backend=detectnet_native confidence=0.842 class_id=1 center=(127.8,131.5) error_x=-0.101 bbox=[111.19220733642578, 97.01102447509766, 144.34017944335938, 165.94285583496094]
[approach] target=can mode=bbox_height bbox=0.287/0.36 bbox_ok=False depth_raw=n/a/2.05 depth_ok=False error_x=-0.101
[can] backend=detectnet_native detections=1 best_confidence=0.850
[can] backend=detectnet_native confidence=0.850 class_id=1 center=(128.3,131.4) error_x=-0.099 bbox=[111.92881774902344, 97.60050964355469, 144.74183654785156, 165.15814208984375]
[approach] target=can mode=bbox_height bbox=0.281/0.36 bbox_ok=False depth_raw=n/a/2.05 depth_ok=False error_x=-0.099
[can] backend=detectnet_native detections=1 best_confidence=0.793
[can] backend=detectnet_native confidence=0.793 class_id=1 center=(126.9,132.8) error_x=-0.103 bbox=[110.9573974609375, 98.28862762451172, 142.90174865722656, 167.2376708984375]
[approach] target=can mode=bbox_height bbox=0.287/0.36 bbox_ok=False depth_raw=n/a/2.05 depth_ok=False error_x=-0.103
[can] backend=detectnet_native detections=1 best_confidence=0.932
[can] backend=detectnet_native confidence=0.932 class_id=1 center=(125.5,132.3) error_x=-0.108 bbox=[109.2257080078125, 96.13001251220703, 141.71800231933594, 168.5302734375]
[approach] target=can mode=bbox_height bbox=0.302/0.36 bbox_ok=False depth_raw=n/a/2.05 depth_ok=False error_x=-0.108
[can] backend=detectnet_native detections=1 best_confidence=0.906
[can] backend=detectnet_native confidence=0.906 class_id=1 center=(125.8,133.3) error_x=-0.107 bbox=[109.30179595947266, 97.96488952636719, 142.23680114746094, 168.59622192382812]
[approach] target=can mode=bbox_height bbox=0.294/0.36 bbox_ok=False depth_raw=n/a/2.05 depth_ok=False error_x=-0.107
[can] backend=detectnet_native detections=1 best_confidence=0.801
[can] backend=detectnet_native confidence=0.801 class_id=1 center=(124.2,132.9) error_x=-0.112 bbox=[107.40731811523438, 98.84227752685547, 141.0575714111328, 167.00062561035156]
[approach] target=can mode=bbox_height bbox=0.284/0.36 bbox_ok=False depth_raw=n/a/2.05 depth_ok=False error_x=-0.112
[can] backend=detectnet_native detections=1 best_confidence=0.825
[can] backend=detectnet_native confidence=0.825 class_id=1 center=(125.0,134.6) error_x=-0.109 bbox=[108.42355346679688, 98.35967254638672, 141.59254455566406, 170.81668090820312]
[approach] target=can mode=bbox_height bbox=0.302/0.36 bbox_ok=False depth_raw=n/a/2.05 depth_ok=False error_x=-0.109
[can] backend=detectnet_native detections=1 best_confidence=0.900
[can] backend=detectnet_native confidence=0.900 class_id=1 center=(124.2,137.5) error_x=-0.112 bbox=[106.58787536621094, 98.70916748046875, 141.87078857421875, 176.3704376220703]
[approach] target=can mode=bbox_height bbox=0.324/0.36 bbox_ok=False depth_raw=n/a/2.05 depth_ok=False error_x=-0.112
[can] backend=detectnet_native detections=1 best_confidence=0.963
[can] backend=detectnet_native confidence=0.963 class_id=1 center=(124.8,135.6) error_x=-0.110 bbox=[107.1737060546875, 95.96324920654297, 142.33370971679688, 175.31332397460938]
[approach] target=can mode=bbox_height bbox=0.331/0.36 bbox_ok=False depth_raw=n/a/2.05 depth_ok=False error_x=-0.110
[can] backend=detectnet_native detections=1 best_confidence=0.980
[can] backend=detectnet_native confidence=0.980 class_id=1 center=(123.9,136.5) error_x=-0.113 bbox=[105.4826431274414, 96.26345825195312, 142.30801391601562, 176.65139770507812]
[approach] target=can mode=bbox_height bbox=0.335/0.36 bbox_ok=False depth_raw=n/a/2.05 depth_ok=False error_x=-0.113
[can] backend=detectnet_native detections=1 best_confidence=0.868
[can] backend=detectnet_native confidence=0.868 class_id=1 center=(120.1,135.6) error_x=-0.125 bbox=[98.74778747558594, 95.79071807861328, 141.36920166015625, 175.33282470703125]
[approach] target=can mode=bbox_height bbox=0.331/0.36 bbox_ok=False depth_raw=n/a/2.05 depth_ok=False error_x=-0.125
[map] motion direction=forward speed=0.6 effective_seconds=0.6736738681793213 pose={'x_m': -0.3244558581064773, 'y_m': 0.5313346824295063, 'heading_rad': -1.2056215514900186}
[base] continuous stop label=approach_can_forward elapsed=0.674s
[base] stop
[base] continuous start label=approach_can_steer direction=left requested_speed=0.15 effective_speed=0.15
[visual-turn] label=approach_can_steer direction=left speed=0.15
[can] backend=detectnet_native detections=1 best_confidence=0.841
[can] backend=detectnet_native confidence=0.841 class_id=1 center=(119.5,136.7) error_x=-0.127 bbox=[98.03471374511719, 95.55567169189453, 140.94241333007812, 177.93093872070312]
[approach] target=can mode=bbox_height bbox=0.343/0.36 bbox_ok=False depth_raw=n/a/2.05 depth_ok=False error_x=-0.127
[can] backend=detectnet_native detections=1 best_confidence=0.722
[can] backend=detectnet_native confidence=0.722 class_id=1 center=(120.0,135.8) error_x=-0.125 bbox=[98.62987518310547, 91.52705383300781, 141.28334045410156, 180.1243438720703]
[approach] target=can mode=bbox_height bbox=0.369/0.36 bbox_ok=True depth_raw=n/a/2.05 depth_ok=False error_x=-0.125
[map] motion direction=left speed=0.15 effective_seconds=0.11216616630554199 pose={'x_m': -0.3244558581064773, 'y_m': 0.5313346824295063, 'heading_rad': -1.2243651900031487}
[base] continuous stop label=approach_can_steer elapsed=0.112s
[base] stop
[fsm] APPROACHING --TARGET_REACHED--> FINAL_VERIFY
[can] backend=detectnet_native detections=1 best_confidence=0.919
[can] backend=detectnet_native confidence=0.919 class_id=1 center=(120.5,137.0) error_x=-0.123 bbox=[99.29336547851562, 95.05695343017578, 141.68064880371094, 178.9890899658203]
[base] continuous start label=align_can direction=left requested_speed=0.15 effective_speed=0.15
[visual-turn] label=align_can direction=left speed=0.15
[can] backend=detectnet_native detections=1 best_confidence=0.917
[can] backend=detectnet_native confidence=0.917 class_id=1 center=(120.5,136.8) error_x=-0.123 bbox=[98.31558990478516, 92.75665283203125, 142.76058959960938, 180.7947998046875]
[can] backend=detectnet_native detections=1 best_confidence=0.980
[can] backend=detectnet_native confidence=0.980 class_id=1 center=(120.5,136.9) error_x=-0.123 bbox=[98.420654296875, 93.11901092529297, 142.56634521484375, 180.5902557373047]
[can] backend=detectnet_native detections=1 best_confidence=0.964
[can] backend=detectnet_native confidence=0.964 class_id=1 center=(121.3,137.4) error_x=-0.121 bbox=[98.68140411376953, 92.92095947265625, 143.8845672607422, 181.83787536621094]
[can] backend=detectnet_native detections=1 best_confidence=0.992
[can] backend=detectnet_native confidence=0.992 class_id=1 center=(124.2,136.5) error_x=-0.112 bbox=[103.94637298583984, 93.45511627197266, 144.45407104492188, 179.61270141601562]
[can] backend=detectnet_native detections=1 best_confidence=0.995
[can] backend=detectnet_native confidence=0.995 class_id=1 center=(124.9,137.2) error_x=-0.110 bbox=[105.0836181640625, 96.01458740234375, 144.66748046875, 178.33738708496094]
[can] backend=detectnet_native detections=1 best_confidence=1.000
[can] backend=detectnet_native confidence=1.000 class_id=1 center=(126.4,135.8) error_x=-0.105 bbox=[105.76768493652344, 91.77702331542969, 147.1177215576172, 179.82485961914062]
[can] backend=detectnet_native detections=1 best_confidence=0.999
[can] backend=detectnet_native confidence=0.999 class_id=1 center=(128.3,137.6) error_x=-0.099 bbox=[108.55438995361328, 92.09063720703125, 148.06204223632812, 183.15118408203125]
[can] backend=detectnet_native detections=1 best_confidence=0.999
[can] backend=detectnet_native confidence=0.999 class_id=1 center=(129.1,135.7) error_x=-0.097 bbox=[108.24429321289062, 92.8321762084961, 149.90245056152344, 178.54605102539062]
[can] backend=detectnet_native detections=1 best_confidence=0.999
[can] backend=detectnet_native confidence=0.999 class_id=1 center=(129.7,136.5) error_x=-0.095 bbox=[109.06672668457031, 93.8772201538086, 150.40472412109375, 179.09954833984375]
[can] backend=detectnet_native detections=1 best_confidence=0.999
[can] backend=detectnet_native confidence=0.999 class_id=1 center=(130.6,135.3) error_x=-0.092 bbox=[109.35970306396484, 90.52133178710938, 151.9016876220703, 180.1189727783203]
[can] backend=detectnet_native detections=1 best_confidence=0.997
[can] backend=detectnet_native confidence=0.997 class_id=1 center=(132.2,136.2) error_x=-0.087 bbox=[111.87078857421875, 94.01570892333984, 152.55569458007812, 178.2963409423828]
[can] backend=detectnet_native detections=1 best_confidence=0.998
[can] backend=detectnet_native confidence=0.998 class_id=1 center=(132.7,135.3) error_x=-0.085 bbox=[112.34676361083984, 92.83181762695312, 152.9878692626953, 177.7290496826172]
[can] backend=detectnet_native detections=1 best_confidence=0.965
[can] backend=detectnet_native confidence=0.965 class_id=1 center=(134.2,136.6) error_x=-0.081 bbox=[113.51242065429688, 93.09628295898438, 154.89881896972656, 180.0510711669922]
[can] backend=detectnet_native detections=1 best_confidence=0.843
[can] backend=detectnet_native confidence=0.843 class_id=1 center=(136.3,136.5) error_x=-0.074 bbox=[114.90043640136719, 94.67069244384766, 157.65109252929688, 178.28004455566406]
[can] backend=detectnet_native detections=1 best_confidence=0.878
[can] backend=detectnet_native confidence=0.878 class_id=1 center=(137.8,136.0) error_x=-0.069 bbox=[116.74354553222656, 92.37025451660156, 158.8266143798828, 179.65420532226562]
[can] backend=detectnet_native detections=1 best_confidence=0.979
[can] backend=detectnet_native confidence=0.979 class_id=1 center=(142.8,138.2) error_x=-0.054 bbox=[123.7613525390625, 97.2288589477539, 161.7906494140625, 179.1135711669922]
[can] backend=detectnet_native detections=1 best_confidence=0.979
[can] backend=detectnet_native confidence=0.979 class_id=1 center=(142.4,138.2) error_x=-0.055 bbox=[123.51500701904297, 97.39035034179688, 161.31944274902344, 179.09033203125]
[can] backend=detectnet_native detections=1 best_confidence=0.996
[can] backend=detectnet_native confidence=0.996 class_id=1 center=(143.7,136.0) error_x=-0.051 bbox=[122.6413803100586, 92.71074676513672, 164.7408905029297, 179.35833740234375]
[can] backend=detectnet_native detections=1 best_confidence=0.997
[can] backend=detectnet_native confidence=0.997 class_id=1 center=(144.8,136.9) error_x=-0.048 bbox=[125.08616638183594, 94.06172180175781, 164.4772491455078, 179.6471405029297]
[can] backend=detectnet_native detections=1 best_confidence=0.998
[can] backend=detectnet_native confidence=0.998 class_id=1 center=(144.9,136.5) error_x=-0.047 bbox=[125.37226867675781, 94.48558044433594, 164.51412963867188, 178.47677612304688]
[can] backend=detectnet_native detections=1 best_confidence=0.999
[can] backend=detectnet_native confidence=0.999 class_id=1 center=(147.6,135.7) error_x=-0.039 bbox=[126.73648834228516, 91.72476959228516, 168.51513671875, 179.71670532226562]
[can] backend=detectnet_native detections=1 best_confidence=0.996
[can] backend=detectnet_native confidence=0.996 class_id=1 center=(147.6,137.1) error_x=-0.039 bbox=[126.15898895263672, 95.09352111816406, 169.0512237548828, 179.1551513671875]
[can] backend=detectnet_native detections=1 best_confidence=0.998
[can] backend=detectnet_native confidence=0.998 class_id=1 center=(149.1,134.9) error_x=-0.034 bbox=[128.73431396484375, 91.50242614746094, 169.55767822265625, 178.23289489746094]
[can] backend=detectnet_native detections=1 best_confidence=0.997
[can] backend=detectnet_native confidence=0.997 class_id=1 center=(150.0,135.9) error_x=-0.031 bbox=[129.52627563476562, 91.7734146118164, 170.4495086669922, 179.9344024658203]
[can] backend=detectnet_native detections=1 best_confidence=0.959
[can] backend=detectnet_native confidence=0.959 class_id=1 center=(150.6,135.9) error_x=-0.029 bbox=[129.08424377441406, 94.54219055175781, 172.04345703125, 177.25701904296875]
[map] motion direction=left speed=0.15 effective_seconds=1.1874351501464844 pose={'x_m': -0.3244558581064773, 'y_m': 0.5313346824295063, 'heading_rad': -1.42279271895606}
[base] continuous stop label=align_can elapsed=1.187s
[base] stop
[can] backend=detectnet_native detections=1 best_confidence=0.885
[can] backend=detectnet_native confidence=0.885 class_id=1 center=(152.5,135.6) error_x=-0.024 bbox=[130.36282348632812, 93.1185302734375, 174.5583953857422, 178.15512084960938]
[base] stop
[fsm] FINAL_VERIFY --TARGET_STABLE--> FINALIZING
[arm] pose arm_down
[arm] arm_down servo=5 angle=0 speed=85
[arm] arm_down servo=4 angle=0 speed=85
[arm] arm_down servo=3 angle=45 speed=85
[arm] arm_down servo=2 angle=105 speed=85
[arm] arm_down servo=1 angle=-16 speed=85
[arm-position] arm_down waiting for motion to settle servos=[1, 2, 3, 4, 5] stability_delta=3 min_wait=0.5 timeout=10.0 stable_samples=2
[arm-position] arm_down waiting positions={1: 441, 2: 613, 3: 640, 4: 498, 5: 508} movement={} read_errors=[]
[arm-position] arm_down waiting positions={1: 441, 2: 627, 3: 654, 4: 498, 5: 508} movement={1: 0, 2: 14, 3: 14, 4: 0, 5: 0} read_errors=[]
[arm-position] arm_down waiting positions={1: 441, 2: 639, 3: 666, 4: 498, 5: 508} movement={1: 0, 2: 12, 3: 12, 4: 0, 5: 0} read_errors=[]
[arm-position] arm_down waiting positions={1: 441, 2: 654, 3: 680, 4: 498, 5: 508} movement={1: 0, 2: 15, 3: 14, 4: 0, 5: 0} read_errors=[]
[arm-position] arm_down waiting positions={1: 441, 2: 666, 3: 694, 4: 497, 5: 508} movement={1: 0, 2: 12, 3: 14, 4: 1, 5: 0} read_errors=[]
[arm-position] arm_down waiting positions={1: 441, 2: 680, 3: 706, 4: 498, 5: 508} movement={1: 0, 2: 14, 3: 12, 4: 1, 5: 0} read_errors=[]
[arm-position] arm_down waiting positions={1: 441, 2: 694, 3: 717, 4: 498, 5: 508} movement={1: 0, 2: 14, 3: 11, 4: 0, 5: 0} read_errors=[]
[arm-position] arm_down waiting positions={1: 441, 2: 708, 3: 717, 4: 498, 5: 508} movement={1: 0, 2: 14, 3: 0, 4: 0, 5: 0} read_errors=[]
[arm-position] arm_down waiting positions={1: 441, 2: 721, 3: 717, 4: 498, 5: 508} movement={1: 0, 2: 13, 3: 0, 4: 0, 5: 0} read_errors=[]
[arm-position] arm_down waiting positions={1: 441, 2: 733, 3: 717, 4: 498, 5: 508} movement={1: 0, 2: 12, 3: 0, 4: 0, 5: 0} read_errors=[]
[arm-position] arm_down waiting positions={1: 441, 2: 747, 3: 717, 4: 498, 5: 508} movement={1: 0, 2: 14, 3: 0, 4: 0, 5: 0} read_errors=[]
[arm-position] arm_down waiting positions={1: 441, 2: 761, 3: 717, 4: 498, 5: 508} movement={1: 0, 2: 14, 3: 0, 4: 0, 5: 0} read_errors=[]
[arm-position] arm_down waiting positions={1: 441, 2: 773, 3: 717, 4: 498, 5: 508} movement={1: 0, 2: 12, 3: 0, 4: 0, 5: 0} read_errors=[]
[arm-position] arm_down waiting positions={1: 441, 2: 786, 3: 717, 4: 498, 5: 508} movement={1: 0, 2: 13, 3: 0, 4: 0, 5: 0} read_errors=[]
[arm-position] arm_down waiting positions={1: 441, 2: 799, 3: 717, 4: 498, 5: 508} movement={1: 0, 2: 13, 3: 0, 4: 0, 5: 0} read_errors=[]
[arm-position] arm_down waiting positions={1: 441, 2: 811, 3: 717, 4: 498, 5: 508} movement={1: 0, 2: 12, 3: 0, 4: 0, 5: 0} read_errors=[]
[arm-position] arm_down waiting positions={1: 441, 2: 827, 3: 717, 4: 498, 5: 508} movement={1: 0, 2: 16, 3: 0, 4: 0, 5: 0} read_errors=[]
[arm-position] arm_down waiting positions={1: 441, 2: 840, 3: 717, 4: 498, 5: 508} movement={1: 0, 2: 13, 3: 0, 4: 0, 5: 0} read_errors=[]
[arm-position] arm_down waiting positions={1: 441, 2: 854, 3: 717, 4: 498, 5: 508} movement={1: 0, 2: 14, 3: 0, 4: 0, 5: 0} read_errors=[]
[arm-position] arm_down waiting positions={1: 441, 2: 866, 3: 717, 4: 498, 5: 508} movement={1: 0, 2: 12, 3: 0, 4: 0, 5: 0} read_errors=[]
[arm-position] arm_down waiting positions={1: 441, 2: 880, 3: 717, 4: 498, 5: 508} movement={1: 0, 2: 14, 3: 0, 4: 0, 5: 0} read_errors=[]
[arm-position] arm_down waiting positions={1: 441, 2: 892, 3: 717, 4: 498, 5: 508} movement={1: 0, 2: 12, 3: 0, 4: 0, 5: 0} read_errors=[]
[arm-position] arm_down waiting positions={1: 441, 2: 905, 3: 717, 4: 498, 5: 508} movement={1: 0, 2: 13, 3: 0, 4: 0, 5: 0} read_errors=[]
[arm-position] arm_down waiting positions={1: 441, 2: 918, 3: 717, 4: 498, 5: 508} movement={1: 0, 2: 13, 3: 0, 4: 0, 5: 0} read_errors=[]
[arm-position] arm_down waiting positions={1: 441, 2: 933, 3: 717, 4: 498, 5: 508} movement={1: 0, 2: 15, 3: 0, 4: 0, 5: 0} read_errors=[]
[arm-position] arm_down waiting positions={1: 441, 2: 946, 3: 717, 4: 498, 5: 508} movement={1: 0, 2: 13, 3: 0, 4: 0, 5: 0} read_errors=[]
[arm-position] arm_down waiting positions={1: 441, 2: 958, 3: 717, 4: 498, 5: 508} movement={1: 0, 2: 12, 3: 0, 4: 0, 5: 0} read_errors=[]
[arm-position] arm_down waiting positions={1: 441, 2: 972, 3: 717, 4: 498, 5: 508} movement={1: 0, 2: 14, 3: 0, 4: 0, 5: 0} read_errors=[]
[arm-position] arm_down waiting positions={1: 441, 2: 984, 3: 717, 4: 498, 5: 508} movement={1: 0, 2: 12, 3: 0, 4: 0, 5: 0} read_errors=[]
[arm-position] arm_down waiting positions={1: 441, 2: 997, 3: 717, 4: 498, 5: 508} movement={1: 0, 2: 13, 3: 0, 4: 0, 5: 0} read_errors=[]
[arm-position] arm_down waiting positions={1: 441, 2: 1005, 3: 717, 4: 498, 5: 508} movement={1: 0, 2: 8, 3: 0, 4: 0, 5: 0} read_errors=[]
[arm-position] arm_down settled positions={1: 441, 2: 1004, 3: 717, 4: 498, 5: 508} movement={1: 0, 2: 1, 3: 0, 4: 0, 5: 0} elapsed=4.94s
[base] pickup_push direction=forward requested_speed=0.2 effective_speed=0.2 seconds=3.4
[map] motion direction=forward speed=0.2 effective_seconds=3.4 pose={'x_m': -0.4337478107171895, 'y_m': 0.547629439087335, 'heading_rad': -1.42279271895606}
[arm] pose grab
[arm] grab servo=5 angle=0 speed=85
[arm] grab servo=4 angle=-55 speed=85
[arm] grab servo=3 angle=45 speed=85
[arm] grab servo=2 angle=105 speed=85
[arm] grab servo=1 angle=-16 speed=85
[arm] pose carry
[arm] carry servo=5 angle=0 speed=85
[arm] carry servo=4 angle=-55 speed=85
[arm] carry servo=3 angle=45 speed=85
[arm] carry servo=2 angle=60 speed=85
[arm] carry servo=1 angle=-16 speed=85
[mission] completed_pickups=1
[fsm] FINALIZING --FINALIZED--> PLANNING
[fsm] PLANNING --MAP_TARGET_AVAILABLE--> MAP_NAVIGATING
[can] backend=detectnet_native no detections
[tag] cv2=4.1.1
[tag] has pupil_apriltags=True
[tag] has aruco=False
[tag] has ArucoDetector=False
[tag] has DICT_APRILTAG_36h11=False
[tag] calibration loaded /workspace/robot_code/temp_car/calibration_320.yaml
[tag] detector loaded backend=pupil_apriltags family=tag36h11 dictionary=DICT_APRILTAG_36h11
[tag] no detections
[map] navigate label=bin_docking distance_m=1.526 heading_error_rad=-2.041
[base] continuous start label=map_turn_bin_docking direction=left requested_speed=0.15 effective_speed=0.15
[can] backend=detectnet_native no detections
[tag] no detections
[map] motion direction=left speed=0.15 effective_seconds=0.07604837417602539 pose={'x_m': -0.4337478107171895, 'y_m': 0.547629439087335, 'heading_rad': -1.435500857978872}
[map] navigate label=bin_docking distance_m=1.526 heading_error_rad=-2.029
[can] backend=detectnet_native no detections
[tag] no detections
[map] motion direction=left speed=0.15 effective_seconds=0.08092427253723145 pose={'x_m': -0.4337478107171895, 'y_m': 0.547629439087335, 'heading_rad': -1.4490237888352593}
[map] navigate label=bin_docking distance_m=1.526 heading_error_rad=-2.015
[can] backend=detectnet_native no detections
[tag] no detections
[map] motion direction=left speed=0.15 effective_seconds=0.07218337059020996 pose={'x_m': -0.4337478107171895, 'y_m': 0.547629439087335, 'heading_rad': -1.4610860625989597}
[map] navigate label=bin_docking distance_m=1.526 heading_error_rad=-2.003
[can] backend=detectnet_native no detections
[tag] no detections
[map] motion direction=left speed=0.15 effective_seconds=0.0647730827331543 pose={'x_m': -0.4337478107171895, 'y_m': 0.547629439087335, 'heading_rad': -1.4719100328577286}
[map] navigate label=bin_docking distance_m=1.526 heading_error_rad=-1.992
[can] backend=detectnet_native no detections
[tag] no detections
[map] motion direction=left speed=0.15 effective_seconds=0.06693863868713379 pose={'x_m': -0.4337478107171895, 'y_m': 0.547629439087335, 'heading_rad': -1.4830958804928782}
[map] navigate label=bin_docking distance_m=1.526 heading_error_rad=-1.981
[can] backend=detectnet_native no detections
[tag] no detections
[map] motion direction=left speed=0.15 effective_seconds=0.06831717491149902 pose={'x_m': -0.4337478107171895, 'y_m': 0.547629439087335, 'heading_rad': -1.494512089791601}
[map] navigate label=bin_docking distance_m=1.526 heading_error_rad=-1.970
[can] backend=detectnet_native no detections
[tag] no detections
[map] motion direction=left speed=0.15 effective_seconds=0.06428289413452148 pose={'x_m': -0.4337478107171895, 'y_m': 0.547629439087335, 'heading_rad': -1.5052541465982243}
[map] navigate label=bin_docking distance_m=1.526 heading_error_rad=-1.959
[can] backend=detectnet_native detections=1 best_confidence=0.457
[depth] map_can_0_depth mean=1.523 min=1.305 max=1.950
[map] can added id=1 position={'x_m': -0.5856558141898272, 'y_m': 0.5579916933147842}
[tag] no detections
[map] motion direction=left speed=0.15 effective_seconds=0.09068751335144043 pose={'x_m': -0.4337478107171895, 'y_m': 0.547629439087335, 'heading_rad': -1.520408573498077}
[map] navigate label=bin_docking distance_m=1.526 heading_error_rad=-1.944
[can] backend=detectnet_native detections=1 best_confidence=0.382
[depth] map_can_0_depth mean=1.423 min=1.245 max=1.690
[map] can added id=2 position={'x_m': -0.5758322585678105, 'y_m': 0.5551084468451819}
[tag] no detections
[map] motion direction=left speed=0.15 effective_seconds=0.08525896072387695 pose={'x_m': -0.4337478107171895, 'y_m': 0.547629439087335, 'heading_rad': -1.5346558567248243}
[map] navigate label=bin_docking distance_m=1.526 heading_error_rad=-1.929
[can] backend=detectnet_native detections=1 best_confidence=0.464
[depth] map_can_0_depth mean=1.466 min=1.236 max=2.258
[map] can merged id=2 position={'x_m': -0.5780225495242385, 'y_m': 0.5544711547767232} observations=2
[tag] no detections
[map] motion direction=left speed=0.15 effective_seconds=0.09030961990356445 pose={'x_m': -0.4337478107171895, 'y_m': 0.547629439087335, 'heading_rad': -1.549747135365119}
[map] navigate label=bin_docking distance_m=1.526 heading_error_rad=-1.914
[can] backend=detectnet_native detections=1 best_confidence=0.681
[depth] map_can_0_depth mean=1.662 min=1.390 max=2.117
[map] can added id=3 position={'x_m': -0.5998524317639119, 'y_m': 0.5525342999049168}
[tag] no detections
[map] motion direction=left speed=0.15 effective_seconds=0.0828695297241211 pose={'x_m': -0.4337478107171895, 'y_m': 0.547629439087335, 'heading_rad': -1.5635951303538296}
[map] navigate label=bin_docking distance_m=1.526 heading_error_rad=-1.900
[can] backend=detectnet_native detections=1 best_confidence=0.356
[depth] map_can_0_depth mean=1.907 min=1.587 max=2.462
[map] can added id=4 position={'x_m': -0.6243910450842265, 'y_m': 0.54990219211418}
[tag] no detections
[map] motion direction=left speed=0.15 effective_seconds=0.08645868301391602 pose={'x_m': -0.4337478107171895, 'y_m': 0.547629439087335, 'heading_rad': -1.578042894364233}
[map] navigate label=bin_docking distance_m=1.526 heading_error_rad=-1.886
[can] backend=detectnet_native no detections
[tag] no detections
[map] motion direction=left speed=0.15 effective_seconds=0.06332087516784668 pose={'x_m': -0.4337478107171895, 'y_m': 0.547629439087335, 'heading_rad': -1.588624192036903}
[map] navigate label=bin_docking distance_m=1.526 heading_error_rad=-1.875
[can] backend=detectnet_native no detections
[tag] no detections
[map] motion direction=left speed=0.15 effective_seconds=0.06337451934814453 pose={'x_m': -0.4337478107171895, 'y_m': 0.547629439087335, 'heading_rad': -1.5992144539735482}
[map] navigate label=bin_docking distance_m=1.526 heading_error_rad=-1.865
[can] backend=detectnet_native no detections
[tag] no detections
[map] motion direction=left speed=0.15 effective_seconds=0.0615384578704834 pose={'x_m': -0.4337478107171895, 'y_m': 0.547629439087335, 'heading_rad': -1.609497899035206}
[map] navigate label=bin_docking distance_m=1.526 heading_error_rad=-1.855
[can] backend=detectnet_native detections=1 best_confidence=0.219
[depth] map_can_0_depth mean=1.928 min=1.583 max=2.172
[map] can merged id=4 position={'x_m': -0.6254248300885891, 'y_m': 0.5453603851521035} observations=2
[tag] no detections
[map] motion direction=left speed=0.15 effective_seconds=0.085235595703125 pose={'x_m': -0.4337478107171895, 'y_m': 0.547629439087335, 'heading_rad': -1.6237412778269775}
[map] navigate label=bin_docking distance_m=1.526 heading_error_rad=-1.840
[can] backend=detectnet_native no detections
[tag] no detections
[map] motion direction=left speed=0.15 effective_seconds=0.05879068374633789 pose={'x_m': -0.4337478107171895, 'y_m': 0.547629439087335, 'heading_rad': -1.633565553367245}
[map] navigate label=bin_docking distance_m=1.526 heading_error_rad=-1.831
[can] backend=detectnet_native detections=1 best_confidence=0.235
[depth] map_can_0_depth mean=1.950 min=1.658 max=2.183
[map] can merged id=4 position={'x_m': -0.626428917208872, 'y_m': 0.5422786318174905} observations=3
[tag] no detections
[map] motion direction=left speed=0.15 effective_seconds=0.08713722229003906 pose={'x_m': -0.4337478107171895, 'y_m': 0.547629439087335, 'heading_rad': -1.64812670535664}
[map] navigate label=bin_docking distance_m=1.526 heading_error_rad=-1.816
[can] backend=detectnet_native detections=1 best_confidence=0.253
[depth] map_can_0_depth mean=1.976 min=1.542 max=2.283
[map] can added id=5 position={'x_m': -0.6307885024549907, 'y_m': 0.5329868136605288}
[tag] no detections
[map] motion direction=left speed=0.15 effective_seconds=0.08847570419311523 pose={'x_m': -0.4337478107171895, 'y_m': 0.547629439087335, 'heading_rad': -1.6629115256925067}
[map] navigate label=bin_docking distance_m=1.526 heading_error_rad=-1.801
[can] backend=detectnet_native no detections
[tag] no detections
[map] motion direction=left speed=0.15 effective_seconds=0.060362815856933594 pose={'x_m': -0.4337478107171895, 'y_m': 0.547629439087335, 'heading_rad': -1.672998513929004}
[map] navigate label=bin_docking distance_m=1.526 heading_error_rad=-1.791
[can] backend=detectnet_native no detections
[tag] no detections
[map] motion direction=left speed=0.15 effective_seconds=0.06436896324157715 pose={'x_m': -0.4337478107171895, 'y_m': 0.547629439087335, 'heading_rad': -1.6837549533991605}
[map] navigate label=bin_docking distance_m=1.526 heading_error_rad=-1.780
[can] backend=detectnet_native no detections
[tag] no detections
[map] motion direction=left speed=0.15 effective_seconds=0.05823922157287598 pose={'x_m': -0.4337478107171895, 'y_m': 0.547629439087335, 'heading_rad': -1.6934870763057641}
[map] navigate label=bin_docking distance_m=1.526 heading_error_rad=-1.771
[can] backend=detectnet_native detections=1 best_confidence=0.206
[depth] map_can_0_depth mean=2.120 min=1.660 max=2.409
[map] can added id=6 position={'x_m': -0.6442402602001346, 'y_m': 0.522811501477447}
[tag] no detections
[map] motion direction=left speed=0.15 effective_seconds=0.08587884902954102 pose={'x_m': -0.4337478107171895, 'y_m': 0.547629439087335, 'heading_rad': -1.7078379465828901}
[map] navigate label=bin_docking distance_m=1.526 heading_error_rad=-1.756
[can] backend=detectnet_native no detections
[tag] no detections
[map] motion direction=left speed=0.15 effective_seconds=0.05890369415283203 pose={'x_m': -0.4337478107171895, 'y_m': 0.547629439087335, 'heading_rad': -1.717681106839265}
[map] navigate label=bin_docking distance_m=1.526 heading_error_rad=-1.746
[can] backend=detectnet_native no detections
[tag] no detections
[map] motion direction=left speed=0.15 effective_seconds=0.06247067451477051 pose={'x_m': -0.4337478107171895, 'y_m': 0.547629439087335, 'heading_rad': -1.7281203308882231}
[map] navigate label=bin_docking distance_m=1.526 heading_error_rad=-1.736
[can] backend=detectnet_native no detections
[tag] no detections
[map] motion direction=left speed=0.15 effective_seconds=0.059990882873535156 pose={'x_m': -0.4337478107171895, 'y_m': 0.547629439087335, 'heading_rad': -1.7381451668944932}
[map] navigate label=bin_docking distance_m=1.526 heading_error_rad=-1.726
[can] backend=detectnet_native no detections
[tag] no detections
[map] motion direction=left speed=0.15 effective_seconds=0.05869722366333008 pose={'x_m': -0.4337478107171895, 'y_m': 0.547629439087335, 'heading_rad': -1.7479538246948574}
[map] navigate label=bin_docking distance_m=1.526 heading_error_rad=-1.716
[can] backend=detectnet_native no detections
[tag] no detections
[map] motion direction=left speed=0.15 effective_seconds=0.05878162384033203 pose={'x_m': -0.4337478107171895, 'y_m': 0.547629439087335, 'heading_rad': -1.7577765862705423}
[map] navigate label=bin_docking distance_m=1.526 heading_error_rad=-1.706
[can] backend=detectnet_native no detections
[tag] no detections
[map] motion direction=left speed=0.15 effective_seconds=0.058380126953125 pose={'x_m': -0.4337478107171895, 'y_m': 0.547629439087335, 'heading_rad': -1.7675322553105204}
[map] navigate label=bin_docking distance_m=1.526 heading_error_rad=-1.697
[can] backend=detectnet_native no detections
[tag] no detections
[map] motion direction=left speed=0.15 effective_seconds=0.061498165130615234 pose={'x_m': -0.4337478107171895, 'y_m': 0.547629439087335, 'heading_rad': -1.7778089672139037}
[map] navigate label=bin_docking distance_m=1.526 heading_error_rad=-1.686
[can] backend=detectnet_native no detections
[tag] no detections
[map] motion direction=left speed=0.15 effective_seconds=0.060594797134399414 pose={'x_m': -0.4337478107171895, 'y_m': 0.547629439087335, 'heading_rad': -1.7879347209119465}
[map] navigate label=bin_docking distance_m=1.526 heading_error_rad=-1.676
[can] backend=detectnet_native no detections
[tag] no detections
[map] motion direction=left speed=0.15 effective_seconds=0.05953645706176758 pose={'x_m': -0.4337478107171895, 'y_m': 0.547629439087335, 'heading_rad': -1.7978836196420542}
[map] navigate label=bin_docking distance_m=1.526 heading_error_rad=-1.666
[can] backend=detectnet_native no detections
[tag] no detections
[map] motion direction=left speed=0.15 effective_seconds=0.06010627746582031 pose={'x_m': -0.4337478107171895, 'y_m': 0.547629439087335, 'heading_rad': -1.807927738776164}
[map] navigate label=bin_docking distance_m=1.526 heading_error_rad=-1.656
[can] backend=detectnet_native no detections
[tag] no detections
[map] motion direction=left speed=0.15 effective_seconds=0.06603455543518066 pose={'x_m': -0.4337478107171895, 'y_m': 0.547629439087335, 'heading_rad': -1.8189625086824537}
[map] navigate label=bin_docking distance_m=1.526 heading_error_rad=-1.645
[can] backend=detectnet_native no detections
[tag] no detections
[map] motion direction=left speed=0.15 effective_seconds=0.05989980697631836 pose={'x_m': -0.4337478107171895, 'y_m': 0.547629439087335, 'heading_rad': -1.8289721253605526}
[map] navigate label=bin_docking distance_m=1.526 heading_error_rad=-1.635
[can] backend=detectnet_native no detections
[tag] no detections
[map] motion direction=left speed=0.15 effective_seconds=0.06019854545593262 pose={'x_m': -0.4337478107171895, 'y_m': 0.547629439087335, 'heading_rad': -1.8390316630286996}
[map] navigate label=bin_docking distance_m=1.526 heading_error_rad=-1.625
[can] backend=detectnet_native no detections
[tag] no detections
[map] motion direction=left speed=0.15 effective_seconds=0.05982542037963867 pose={'x_m': -0.4337478107171895, 'y_m': 0.547629439087335, 'heading_rad': -1.8490288492607532}
[map] navigate label=bin_docking distance_m=1.526 heading_error_rad=-1.615
[can] backend=detectnet_native no detections
[tag] no detections
[map] motion direction=left speed=0.15 effective_seconds=0.05911540985107422 pose={'x_m': -0.4337478107171895, 'y_m': 0.547629439087335, 'heading_rad': -1.8589073884789498}
[map] navigate label=bin_docking distance_m=1.526 heading_error_rad=-1.605
[can] backend=detectnet_native detections=1 best_confidence=0.206
[depth] map_can_0_depth mean=2.069 min=1.676 max=2.440
[map] can added id=7 position={'x_m': -0.6326057011749026, 'y_m': 0.4903763172744954}
[tag] no detections
[map] motion direction=left speed=0.15 effective_seconds=0.0858767032623291 pose={'x_m': -0.4337478107171895, 'y_m': 0.547629439087335, 'heading_rad': -1.873257900185517}
[map] navigate label=bin_docking distance_m=1.526 heading_error_rad=-1.591
[can] backend=detectnet_native no detections
[tag] no detections
[map] motion direction=left speed=0.15 effective_seconds=0.061589717864990234 pose={'x_m': -0.4337478107171895, 'y_m': 0.547629439087335, 'heading_rad': -1.8835499110994176}
[map] navigate label=bin_docking distance_m=1.526 heading_error_rad=-1.581
[can] backend=detectnet_native detections=1 best_confidence=0.227
[depth] map_can_0_depth mean=2.376 min=2.020 max=2.600
[map] can added id=8 position={'x_m': -0.6602319553501477, 'y_m': 0.4759598488554023}
[tag] no detections
[map] motion direction=left speed=0.15 effective_seconds=0.0863652229309082 pose={'x_m': -0.4337478107171895, 'y_m': 0.547629439087335, 'heading_rad': -1.8979820573699178}
[map] navigate label=bin_docking distance_m=1.526 heading_error_rad=-1.566
[can] backend=detectnet_native no detections
[tag] no detections
[map] motion direction=left speed=0.15 effective_seconds=0.06272196769714355 pose={'x_m': -0.4337478107171895, 'y_m': 0.547629439087335, 'heading_rad': -1.9084632740154526}
[map] navigate label=bin_docking distance_m=1.526 heading_error_rad=-1.556
[can] backend=detectnet_native no detections
[tag] no detections
[map] motion direction=left speed=0.15 effective_seconds=0.06027841567993164 pose={'x_m': -0.4337478107171895, 'y_m': 0.547629439087335, 'heading_rad': -1.918536158476629}
[map] navigate label=bin_docking distance_m=1.526 heading_error_rad=-1.546
[can] backend=detectnet_native no detections
[tag] no detections
[map] motion direction=left speed=0.15 effective_seconds=0.0631096363067627 pose={'x_m': -0.4337478107171895, 'y_m': 0.547629439087335, 'heading_rad': -1.9290821568698238}
[map] navigate label=bin_docking distance_m=1.526 heading_error_rad=-1.535
[can] backend=detectnet_native no detections
[tag] no detections
[map] motion direction=left speed=0.15 effective_seconds=0.06037449836730957 pose={'x_m': -0.4337478107171895, 'y_m': 0.547629439087335, 'heading_rad': -1.939171097323809}
[map] navigate label=bin_docking distance_m=1.526 heading_error_rad=-1.525
[can] backend=detectnet_native detections=1 best_confidence=0.201
[depth] map_can_0_depth mean=2.557 min=2.145 max=2.820
[map] can added id=9 position={'x_m': -0.67284061117789, 'y_m': 0.4569639663279797}
[tag] no detections
[map] motion direction=left speed=0.15 effective_seconds=0.08778667449951172 pose={'x_m': -0.4337478107171895, 'y_m': 0.547629439087335, 'heading_rad': -1.9538407766690624}
[map] navigate label=bin_docking distance_m=1.526 heading_error_rad=-1.510
[can] backend=detectnet_native no detections
[tag] no detections
[map] motion direction=left speed=0.15 effective_seconds=0.060877084732055664 pose={'x_m': -0.4337478107171895, 'y_m': 0.547629439087335, 'heading_rad': -1.9640137023162008}
[map] navigate label=bin_docking distance_m=1.526 heading_error_rad=-1.500
[can] backend=detectnet_native no detections
[tag] no detections
[map] motion direction=left speed=0.15 effective_seconds=0.06164979934692383 pose={'x_m': -0.4337478107171895, 'y_m': 0.547629439087335, 'heading_rad': -1.9743157532057536}
[map] navigate label=bin_docking distance_m=1.526 heading_error_rad=-1.490
[can] backend=detectnet_native detections=1 best_confidence=0.208
[depth] map_can_0_depth mean=2.424 min=1.901 max=2.778
[map] can added id=10 position={'x_m': -0.6573740283822134, 'y_m': 0.4540947972723935}
[tag] no detections
[map] motion direction=left speed=0.15 effective_seconds=0.08542537689208984 pose={'x_m': -0.4337478107171895, 'y_m': 0.547629439087335, 'heading_rad': -1.9885908455714103}
[map] navigate label=bin_docking distance_m=1.526 heading_error_rad=-1.476
[can] backend=detectnet_native no detections
[tag] no detections
[map] motion direction=left speed=0.15 effective_seconds=0.06139206886291504 pose={'x_m': -0.4337478107171895, 'y_m': 0.547629439087335, 'heading_rad': -1.9988498281527096}
[map] navigate label=bin_docking distance_m=1.526 heading_error_rad=-1.465
[can] backend=detectnet_native no detections
[tag] no detections
[map] motion direction=left speed=0.15 effective_seconds=0.058985233306884766 pose={'x_m': -0.4337478107171895, 'y_m': 0.547629439087335, 'heading_rad': -2.0087066140903267}
[map] navigate label=bin_docking distance_m=1.526 heading_error_rad=-1.455
[can] backend=detectnet_native no detections
[tag] no detections
[map] motion direction=left speed=0.15 effective_seconds=0.058800458908081055 pose={'x_m': -0.4337478107171895, 'y_m': 0.547629439087335, 'heading_rad': -2.0185325231186964}
[map] navigate label=bin_docking distance_m=1.526 heading_error_rad=-1.446
[can] backend=detectnet_native no detections
[tag] no detections
[map] motion direction=left speed=0.15 effective_seconds=0.06068682670593262 pose={'x_m': -0.4337478107171895, 'y_m': 0.547629439087335, 'heading_rad': -2.028673655509603}
[map] navigate label=bin_docking distance_m=1.526 heading_error_rad=-1.435
[can] backend=detectnet_native no detections
[tag] no detections
[map] motion direction=left speed=0.15 effective_seconds=0.06152939796447754 pose={'x_m': -0.4337478107171895, 'y_m': 0.547629439087335, 'heading_rad': -2.0389555866066784}
[map] navigate label=bin_docking distance_m=1.526 heading_error_rad=-1.425
[can] backend=detectnet_native no detections
[tag] no detections
[map] motion direction=left speed=0.15 effective_seconds=0.05951738357543945 pose={'x_m': -0.4337478107171895, 'y_m': 0.547629439087335, 'heading_rad': -2.0489012980429284}
[map] navigate label=bin_docking distance_m=1.526 heading_error_rad=-1.415
[can] backend=detectnet_native no detections
[tag] no detections
[map] motion direction=left speed=0.15 effective_seconds=0.06000995635986328 pose={'x_m': -0.4337478107171895, 'y_m': 0.547629439087335, 'heading_rad': -2.058929321343056}
[map] navigate label=bin_docking distance_m=1.526 heading_error_rad=-1.405
[can] backend=detectnet_native no detections
[tag] no detections
[map] motion direction=left speed=0.15 effective_seconds=0.06140780448913574 pose={'x_m': -0.4337478107171895, 'y_m': 0.547629439087335, 'heading_rad': -2.069190933441788}
[map] navigate label=bin_docking distance_m=1.526 heading_error_rad=-1.395
[can] backend=detectnet_native no detections
[tag] no detections
[map] motion direction=left speed=0.15 effective_seconds=0.060552358627319336 pose={'x_m': -0.4337478107171895, 'y_m': 0.547629439087335, 'heading_rad': -2.0793095954109972}
[map] navigate label=bin_docking distance_m=1.526 heading_error_rad=-1.385
[can] backend=detectnet_native no detections
[tag] no detections
[map] motion direction=left speed=0.15 effective_seconds=0.06188035011291504 pose={'x_m': -0.4337478107171895, 'y_m': 0.547629439087335, 'heading_rad': -2.0896501727150563}
[map] navigate label=bin_docking distance_m=1.526 heading_error_rad=-1.374
[can] backend=detectnet_native no detections
[tag] no detections
[map] motion direction=left speed=0.15 effective_seconds=0.06087374687194824 pose={'x_m': -0.4337478107171895, 'y_m': 0.547629439087335, 'heading_rad': -2.0998225405857696}
[map] navigate label=bin_docking distance_m=1.526 heading_error_rad=-1.364
[can] backend=detectnet_native no detections
[tag] no detections
[map] motion direction=left speed=0.15 effective_seconds=0.05962204933166504 pose={'x_m': -0.4337478107171895, 'y_m': 0.547629439087335, 'heading_rad': -2.1097857422970643}
[map] navigate label=bin_docking distance_m=1.526 heading_error_rad=-1.354
[can] backend=detectnet_native no detections
[tag] no detections
[map] motion direction=left speed=0.15 effective_seconds=0.062189340591430664 pose={'x_m': -0.4337478107171895, 'y_m': 0.547629439087335, 'heading_rad': -2.12017795376162}
[map] navigate label=bin_docking distance_m=1.526 heading_error_rad=-1.344
[can] backend=detectnet_native no detections
[tag] no detections
[map] motion direction=left speed=0.15 effective_seconds=0.06074953079223633 pose={'x_m': -0.4337478107171895, 'y_m': 0.547629439087335, 'heading_rad': -2.1303295643810842}
[map] navigate label=bin_docking distance_m=1.526 heading_error_rad=-1.334
[can] backend=detectnet_native no detections
[tag] no detections
[map] motion direction=left speed=0.15 effective_seconds=0.061605215072631836 pose={'x_m': -0.4337478107171895, 'y_m': 0.547629439087335, 'heading_rad': -2.1406241649712445}
[map] navigate label=bin_docking distance_m=1.526 heading_error_rad=-1.323
[can] backend=detectnet_native no detections
[tag] no detections
[map] motion direction=left speed=0.15 effective_seconds=0.0624234676361084 pose={'x_m': -0.4337478107171895, 'y_m': 0.547629439087335, 'heading_rad': -2.151055500467905}
[map] navigate label=bin_docking distance_m=1.526 heading_error_rad=-1.313
[can] backend=detectnet_native no detections
[tag] no detections
[map] motion direction=left speed=0.15 effective_seconds=0.06092333793640137 pose={'x_m': -0.4337478107171895, 'y_m': 0.547629439087335, 'heading_rad': -2.1612361553026482}
[map] navigate label=bin_docking distance_m=1.526 heading_error_rad=-1.303
[can] backend=detectnet_native no detections
[tag] no detections
[map] motion direction=left speed=0.15 effective_seconds=0.06170845031738281 pose={'x_m': -0.4337478107171895, 'y_m': 0.547629439087335, 'heading_rad': -2.1715480071208138}
[map] navigate label=bin_docking distance_m=1.526 heading_error_rad=-1.293
[can] backend=detectnet_native no detections
[tag] no detections
[map] motion direction=left speed=0.15 effective_seconds=0.06093025207519531 pose={'x_m': -0.4337478107171895, 'y_m': 0.547629439087335, 'heading_rad': -2.1817298173495807}
[map] navigate label=bin_docking distance_m=1.526 heading_error_rad=-1.282
[can] backend=detectnet_native no detections
[tag] no detections
[map] motion direction=left speed=0.15 effective_seconds=0.05977439880371094 pose={'x_m': -0.4337478107171895, 'y_m': 0.547629439087335, 'heading_rad': -2.1917184775705647}
[map] navigate label=bin_docking distance_m=1.526 heading_error_rad=-1.272
[can] backend=detectnet_native no detections
[tag] no detections
[map] motion direction=left speed=0.15 effective_seconds=0.058141469955444336 pose={'x_m': -0.4337478107171895, 'y_m': 0.547629439087335, 'heading_rad': -2.201434265596147}
[map] navigate label=bin_docking distance_m=1.526 heading_error_rad=-1.263
[can] backend=detectnet_native no detections
[tag] no detections
[map] motion direction=left speed=0.15 effective_seconds=0.06375861167907715 pose={'x_m': -0.4337478107171895, 'y_m': 0.547629439087335, 'heading_rad': -2.212088711662854}
[map] navigate label=bin_docking distance_m=1.526 heading_error_rad=-1.252
[can] backend=detectnet_native no detections
[tag] no detections
[map] motion direction=left speed=0.15 effective_seconds=0.06236553192138672 pose={'x_m': -0.4337478107171895, 'y_m': 0.547629439087335, 'heading_rad': -2.222510365754421}
[map] navigate label=bin_docking distance_m=1.526 heading_error_rad=-1.242
[can] backend=detectnet_native no detections
[tag] no detections
[map] motion direction=left speed=0.15 effective_seconds=0.06112980842590332 pose={'x_m': -0.4337478107171895, 'y_m': 0.547629439087335, 'heading_rad': -2.2327255230451755}
[map] navigate label=bin_docking distance_m=1.526 heading_error_rad=-1.231
[can] backend=detectnet_native no detections
[tag] no detections
[map] motion direction=left speed=0.15 effective_seconds=0.06092119216918945 pose={'x_m': -0.4337478107171895, 'y_m': 0.547629439087335, 'heading_rad': -2.24290581930936}
[map] navigate label=bin_docking distance_m=1.526 heading_error_rad=-1.221
[can] backend=detectnet_native no detections
[tag] no detections
[map] motion direction=left speed=0.15 effective_seconds=0.062200069427490234 pose={'x_m': -0.4337478107171895, 'y_m': 0.547629439087335, 'heading_rad': -2.2532998236267106}
[map] navigate label=bin_docking distance_m=1.526 heading_error_rad=-1.211
[can] backend=detectnet_native no detections
[tag] no detections
[map] motion direction=left speed=0.15 effective_seconds=0.05866360664367676 pose={'x_m': -0.4337478107171895, 'y_m': 0.547629439087335, 'heading_rad': -2.26310286382165}
[map] navigate label=bin_docking distance_m=1.526 heading_error_rad=-1.201
[can] backend=detectnet_native no detections
[tag] no detections
[map] motion direction=left speed=0.15 effective_seconds=0.06258869171142578 pose={'x_m': -0.4337478107171895, 'y_m': 0.547629439087335, 'heading_rad': -2.2735618092513534}
[map] navigate label=bin_docking distance_m=1.526 heading_error_rad=-1.191
[can] backend=detectnet_native no detections
[tag] no detections
[map] motion direction=left speed=0.15 effective_seconds=0.06156134605407715 pose={'x_m': -0.4337478107171895, 'y_m': 0.547629439087335, 'heading_rad': -2.2838490790656407}
[map] navigate label=bin_docking distance_m=1.526 heading_error_rad=-1.180
[can] backend=detectnet_native no detections
[tag] no detections
[map] motion direction=left speed=0.15 effective_seconds=0.06187582015991211 pose={'x_m': -0.4337478107171895, 'y_m': 0.547629439087335, 'heading_rad': -2.2941888993874087}
[map] navigate label=bin_docking distance_m=1.526 heading_error_rad=-1.170
[can] backend=detectnet_native no detections
[tag] no detections
[map] motion direction=left speed=0.15 effective_seconds=0.06058621406555176 pose={'x_m': -0.4337478107171895, 'y_m': 0.547629439087335, 'heading_rad': -2.3043132188032156}
[map] navigate label=bin_docking distance_m=1.526 heading_error_rad=-1.160
[can] backend=detectnet_native no detections
[tag] no detections
[map] motion direction=left speed=0.15 effective_seconds=0.0602564811706543 pose={'x_m': -0.4337478107171895, 'y_m': 0.547629439087335, 'heading_rad': -2.3143824378764557}
[map] navigate label=bin_docking distance_m=1.526 heading_error_rad=-1.150
[can] backend=detectnet_native no detections
[tag] no detections
[map] motion direction=left speed=0.15 effective_seconds=0.060323238372802734 pose={'x_m': -0.4337478107171895, 'y_m': 0.547629439087335, 'heading_rad': -2.324462812478198}
[map] navigate label=bin_docking distance_m=1.526 heading_error_rad=-1.140
[can] backend=detectnet_native no detections
[tag] no detections
[map] motion direction=left speed=0.15 effective_seconds=0.06115889549255371 pose={'x_m': -0.4337478107171895, 'y_m': 0.547629439087335, 'heading_rad': -2.3346828303920857}
[map] navigate label=bin_docking distance_m=1.526 heading_error_rad=-1.129
[can] backend=detectnet_native no detections
[tag] no detections
[map] motion direction=left speed=0.15 effective_seconds=0.06200385093688965 pose={'x_m': -0.4337478107171895, 'y_m': 0.547629439087335, 'heading_rad': -2.345044045423874}
[map] navigate label=bin_docking distance_m=1.526 heading_error_rad=-1.119
[can] backend=detectnet_native no detections
[tag] no detections
[map] motion direction=left speed=0.15 effective_seconds=0.06123852729797363 pose={'x_m': -0.4337478107171895, 'y_m': 0.547629439087335, 'heading_rad': -2.355277370289618}
[map] navigate label=bin_docking distance_m=1.526 heading_error_rad=-1.109
[can] backend=detectnet_native no detections
[tag] no detections
[map] motion direction=left speed=0.15 effective_seconds=0.06206250190734863 pose={'x_m': -0.4337478107171895, 'y_m': 0.547629439087335, 'heading_rad': -2.3656483862500193}
[map] navigate label=bin_docking distance_m=1.526 heading_error_rad=-1.098
[can] backend=detectnet_native no detections
[tag] no detections
[map] motion direction=left speed=0.15 effective_seconds=0.06151080131530762 pose={'x_m': -0.4337478107171895, 'y_m': 0.547629439087335, 'heading_rad': -2.3759272097355835}
[map] navigate label=bin_docking distance_m=1.526 heading_error_rad=-1.088
[can] backend=detectnet_native no detections
[tag] no detections
[map] motion direction=left speed=0.15 effective_seconds=0.059305667877197266 pose={'x_m': -0.4337478107171895, 'y_m': 0.547629439087335, 'heading_rad': -2.3858375422100115}
[map] navigate label=bin_docking distance_m=1.526 heading_error_rad=-1.078
[can] backend=detectnet_native no detections
[tag] no detections
[map] motion direction=left speed=0.15 effective_seconds=0.0609583854675293 pose={'x_m': -0.4337478107171895, 'y_m': 0.547629439087335, 'heading_rad': -2.396024053697219}
[map] navigate label=bin_docking distance_m=1.526 heading_error_rad=-1.068
[can] backend=detectnet_native no detections
[tag] no detections
[map] motion direction=left speed=0.15 effective_seconds=0.06148672103881836 pose={'x_m': -0.4337478107171895, 'y_m': 0.547629439087335, 'heading_rad': -2.4062988532242873}
[map] navigate label=bin_docking distance_m=1.526 heading_error_rad=-1.058
[can] backend=detectnet_native no detections
[tag] no detections
[map] motion direction=left speed=0.15 effective_seconds=0.059945106506347656 pose={'x_m': -0.4337478107171895, 'y_m': 0.547629439087335, 'heading_rad': -2.4163160397252987}
[map] navigate label=bin_docking distance_m=1.526 heading_error_rad=-1.048
[can] backend=detectnet_native no detections
[tag] no detections
[map] motion direction=left speed=0.15 effective_seconds=0.06054544448852539 pose={'x_m': -0.4337478107171895, 'y_m': 0.547629439087335, 'heading_rad': -2.4264335463004847}
[map] navigate label=bin_docking distance_m=1.526 heading_error_rad=-1.038
[can] backend=detectnet_native no detections
[tag] no detections
[map] motion direction=left speed=0.15 effective_seconds=0.05811023712158203 pose={'x_m': -0.4337478107171895, 'y_m': 0.547629439087335, 'heading_rad': -2.436144115132375}
[map] navigate label=bin_docking distance_m=1.526 heading_error_rad=-1.028
[can] backend=detectnet_native no detections
[tag] no detections
[map] motion direction=left speed=0.15 effective_seconds=0.060431480407714844 pose={'x_m': -0.4337478107171895, 'y_m': 0.547629439087335, 'heading_rad': -2.44624257762676}
[map] navigate label=bin_docking distance_m=1.526 heading_error_rad=-1.018
[can] backend=detectnet_native no detections
[tag] no detections
[map] motion direction=left speed=0.15 effective_seconds=0.05987906455993652 pose={'x_m': -0.4337478107171895, 'y_m': 0.547629439087335, 'heading_rad': -2.4562487281227887}
[map] navigate label=bin_docking distance_m=1.526 heading_error_rad=-1.008
[can] backend=detectnet_native no detections
[tag] no detections
[map] motion direction=left speed=0.15 effective_seconds=0.05975079536437988 pose={'x_m': -0.4337478107171895, 'y_m': 0.547629439087335, 'heading_rad': -2.4662334440676235}
[map] navigate label=bin_docking distance_m=1.526 heading_error_rad=-0.998
[can] backend=detectnet_native no detections
[tag] no detections
[map] motion direction=left speed=0.15 effective_seconds=0.06037473678588867 pose={'x_m': -0.4337478107171895, 'y_m': 0.547629439087335, 'heading_rad': -2.476322424362782}
[map] navigate label=bin_docking distance_m=1.526 heading_error_rad=-0.988
[can] backend=detectnet_native no detections
[tag] no detections
[map] motion direction=left speed=0.15 effective_seconds=0.05836081504821777 pose={'x_m': -0.4337478107171895, 'y_m': 0.547629439087335, 'heading_rad': -2.486074866267729}
[map] navigate label=bin_docking distance_m=1.526 heading_error_rad=-0.978
[can] backend=detectnet_native no detections
[tag] no detections
[map] motion direction=left speed=0.15 effective_seconds=0.06211590766906738 pose={'x_m': -0.4337478107171895, 'y_m': 0.547629439087335, 'heading_rad': -2.4964548066509322}
[map] navigate label=bin_docking distance_m=1.526 heading_error_rad=-0.968
[can] backend=detectnet_native no detections
[tag] no detections
[map] motion direction=left speed=0.15 effective_seconds=0.06628799438476562 pose={'x_m': -0.4337478107171895, 'y_m': 0.547629439087335, 'heading_rad': -2.5075319277243575}
[map] navigate label=bin_docking distance_m=1.526 heading_error_rad=-0.957
[can] backend=detectnet_native no detections
[tag] no detections
[map] motion direction=left speed=0.15 effective_seconds=0.06050753593444824 pose={'x_m': -0.4337478107171895, 'y_m': 0.547629439087335, 'heading_rad': -2.517643099553001}
[map] navigate label=bin_docking distance_m=1.526 heading_error_rad=-0.946
[can] backend=detectnet_native no detections
[tag] no detections
[map] motion direction=left speed=0.15 effective_seconds=0.06065797805786133 pose={'x_m': -0.4337478107171895, 'y_m': 0.547629439087335, 'heading_rad': -2.527779411161948}
[map] navigate label=bin_docking distance_m=1.526 heading_error_rad=-0.936
[can] backend=detectnet_native no detections
[tag] no detections
[map] motion direction=left speed=0.15 effective_seconds=0.0584874153137207 pose={'x_m': -0.4337478107171895, 'y_m': 0.547629439087335, 'heading_rad': -2.5375530087298763}
[map] navigate label=bin_docking distance_m=1.526 heading_error_rad=-0.927
[can] backend=detectnet_native no detections
[tag] no detections
[map] motion direction=left speed=0.15 effective_seconds=0.058948516845703125 pose={'x_m': -0.4337478107171895, 'y_m': 0.547629439087335, 'heading_rad': -2.547403659126817}
[map] navigate label=bin_docking distance_m=1.526 heading_error_rad=-0.917
[can] backend=detectnet_native no detections
[tag] no detections
[map] motion direction=left speed=0.15 effective_seconds=0.060237884521484375 pose={'x_m': -0.4337478107171895, 'y_m': 0.547629439087335, 'heading_rad': -2.5574697705885456}
[map] navigate label=bin_docking distance_m=1.526 heading_error_rad=-0.907
[can] backend=detectnet_native no detections
[tag] no detections
[map] motion direction=left speed=0.15 effective_seconds=0.06053042411804199 pose={'x_m': -0.4337478107171895, 'y_m': 0.547629439087335, 'heading_rad': -2.5675847671698184}
[map] navigate label=bin_docking distance_m=1.526 heading_error_rad=-0.897
[can] backend=detectnet_native no detections
[tag] no detections
[map] motion direction=left speed=0.15 effective_seconds=0.05914616584777832 pose={'x_m': -0.4337478107171895, 'y_m': 0.547629439087335, 'heading_rad': -2.5774684458993606}
[map] navigate label=bin_docking distance_m=1.526 heading_error_rad=-0.887
[can] backend=detectnet_native no detections
[tag] no detections
[map] motion direction=left speed=0.15 effective_seconds=0.060587167739868164 pose={'x_m': -0.4337478107171895, 'y_m': 0.547629439087335, 'heading_rad': -2.5875929246798606}
[map] navigate label=bin_docking distance_m=1.526 heading_error_rad=-0.876
[can] backend=detectnet_native no detections
[tag] no detections
[map] motion direction=left speed=0.15 effective_seconds=0.06297683715820312 pose={'x_m': -0.4337478107171895, 'y_m': 0.547629439087335, 'heading_rad': -2.5981167315395703}
[map] navigate label=bin_docking distance_m=1.526 heading_error_rad=-0.866
[can] backend=detectnet_native no detections
[tag] no detections
[map] motion direction=left speed=0.15 effective_seconds=0.061517953872680664 pose={'x_m': -0.4337478107171895, 'y_m': 0.547629439087335, 'heading_rad': -2.608396750260331}
[map] navigate label=bin_docking distance_m=1.526 heading_error_rad=-0.856
[can] backend=detectnet_native no detections
[tag] no detections
[map] motion direction=left speed=0.15 effective_seconds=0.06096053123474121 pose={'x_m': -0.4337478107171895, 'y_m': 0.547629439087335, 'heading_rad': -2.6185836203180974}
[map] navigate label=bin_docking distance_m=1.526 heading_error_rad=-0.846
[can] backend=detectnet_native no detections
[tag] no detections
[map] motion direction=left speed=0.15 effective_seconds=0.059992074966430664 pose={'x_m': -0.4337478107171895, 'y_m': 0.547629439087335, 'heading_rad': -2.6286086555302335}
[map] navigate label=bin_docking distance_m=1.526 heading_error_rad=-0.835
[can] backend=detectnet_native no detections
[tag] no detections
[map] motion direction=left speed=0.15 effective_seconds=0.0571284294128418 pose={'x_m': -0.4337478107171895, 'y_m': 0.547629439087335, 'heading_rad': -2.638155158410793}
[map] navigate label=bin_docking distance_m=1.526 heading_error_rad=-0.826
[can] backend=detectnet_native no detections
[tag] no detections
[map] motion direction=left speed=0.15 effective_seconds=0.06128263473510742 pose={'x_m': -0.4337478107171895, 'y_m': 0.547629439087335, 'heading_rad': -2.6483958538935832}
[map] navigate label=bin_docking distance_m=1.526 heading_error_rad=-0.816
[can] backend=detectnet_native no detections
[tag] no detections
[map] motion direction=left speed=0.15 effective_seconds=0.061344146728515625 pose={'x_m': -0.4337478107171895, 'y_m': 0.547629439087335, 'heading_rad': -2.6586468283990645}
[map] navigate label=bin_docking distance_m=1.526 heading_error_rad=-0.805
[can] backend=detectnet_native no detections
[tag] no detections
[map] motion direction=left speed=0.15 effective_seconds=0.06086611747741699 pose={'x_m': -0.4337478107171895, 'y_m': 0.547629439087335, 'heading_rad': -2.6688179213522347}
[map] navigate label=bin_docking distance_m=1.526 heading_error_rad=-0.795
[can] backend=detectnet_native no detections
[tag] no detections
[map] motion direction=left speed=0.15 effective_seconds=0.06083512306213379 pose={'x_m': -0.4337478107171895, 'y_m': 0.547629439087335, 'heading_rad': -2.678983834952886}
[map] navigate label=bin_docking distance_m=1.526 heading_error_rad=-0.785
[can] backend=detectnet_native no detections
[tag] no detections
[map] motion direction=left speed=0.15 effective_seconds=0.06029248237609863 pose={'x_m': -0.4337478107171895, 'y_m': 0.547629439087335, 'heading_rad': -2.6890590700432826}
[map] navigate label=bin_docking distance_m=1.526 heading_error_rad=-0.775
[can] backend=detectnet_native no detections
[tag] no detections
[map] motion direction=left speed=0.15 effective_seconds=0.05760693550109863 pose={'x_m': -0.4337478107171895, 'y_m': 0.547629439087335, 'heading_rad': -2.6986855341585}
[map] navigate label=bin_docking distance_m=1.526 heading_error_rad=-0.765
[can] backend=detectnet_native no detections
[tag] no detections
[map] motion direction=left speed=0.15 effective_seconds=0.059942007064819336 pose={'x_m': -0.4337478107171895, 'y_m': 0.547629439087335, 'heading_rad': -2.7087022027242593}
[map] navigate label=bin_docking distance_m=1.526 heading_error_rad=-0.755
[can] backend=detectnet_native no detections
[tag] no detections
[map] motion direction=left speed=0.15 effective_seconds=0.06269574165344238 pose={'x_m': -0.4337478107171895, 'y_m': 0.547629439087335, 'heading_rad': -2.71917903684074}
[map] navigate label=bin_docking distance_m=1.526 heading_error_rad=-0.745
[can] backend=detectnet_native no detections
[tag] no detections
[map] motion direction=left speed=0.15 effective_seconds=0.06089520454406738 pose={'x_m': -0.4337478107171895, 'y_m': 0.547629439087335, 'heading_rad': -2.7293549904170433}
[map] navigate label=bin_docking distance_m=1.526 heading_error_rad=-0.735
[can] backend=detectnet_native detections=1 best_confidence=0.250
[depth] map_can_0_depth mean=3.676 min=3.155 max=3.989
[map] can added id=11 position={'x_m': -0.567338441008116, 'y_m': 0.20517899815150892}
[tag] no detections
[map] motion direction=left speed=0.15 effective_seconds=0.08553433418273926 pose={'x_m': -0.4337478107171895, 'y_m': 0.547629439087335, 'heading_rad': -2.7436482901988626}
[map] navigate label=bin_docking distance_m=1.526 heading_error_rad=-0.720
[can] backend=detectnet_native detections=1 best_confidence=0.471
[depth] map_can_0_depth mean=3.894 min=3.124 max=4.166
[map] can added id=12 position={'x_m': -0.5706178310839047, 'y_m': 0.1830574696310756}
[tag] no detections
[map] motion direction=left speed=0.15 effective_seconds=0.08738112449645996 pose={'x_m': -0.4337478107171895, 'y_m': 0.547629439087335, 'heading_rad': -2.7582501997084643}
[map] navigate label=bin_docking distance_m=1.526 heading_error_rad=-0.706
[can] backend=detectnet_native detections=1 best_confidence=0.280
[depth] map_can_0_depth mean=4.613 min=3.446 max=5.025
[map] can added id=13 position={'x_m': -0.5916931286039737, 'y_m': 0.1141830507213038}
[tag] no detections
[map] motion direction=left speed=0.15 effective_seconds=0.08310294151306152 pose={'x_m': -0.4337478107171895, 'y_m': 0.547629439087335, 'heading_rad': -2.7721371992057597}
[map] navigate label=bin_docking distance_m=1.526 heading_error_rad=-0.692
[can] backend=detectnet_native detections=1 best_confidence=0.534
[depth] map_can_0_depth mean=4.672 min=3.648 max=5.021
[map] can merged id=13 position={'x_m': -0.591391302642975, 'y_m': 0.11097187770988556} observations=2
[tag] no detections
[map] motion direction=left speed=0.15 effective_seconds=0.0874474048614502 pose={'x_m': -0.4337478107171895, 'y_m': 0.547629439087335, 'heading_rad': -2.7867501845615172}
[map] navigate label=bin_docking distance_m=1.526 heading_error_rad=-0.677
[can] backend=detectnet_native detections=1 best_confidence=0.219
[depth] map_can_0_depth mean=4.643 min=3.421 max=5.062
[map] can merged id=13 position={'x_m': -0.5902315158318523, 'y_m': 0.1105342851081378} observations=3
[tag] no detections
[map] motion direction=left speed=0.15 effective_seconds=0.08611631393432617 pose={'x_m': -0.4337478107171895, 'y_m': 0.547629439087335, 'heading_rad': -2.8011407366471732}
[map] navigate label=bin_docking distance_m=1.526 heading_error_rad=-0.663
[can] backend=detectnet_native no detections
[tag] no detections
[map] motion direction=left speed=0.15 effective_seconds=0.06117534637451172 pose={'x_m': -0.4337478107171895, 'y_m': 0.547629439087335, 'heading_rad': -2.811363503602013}
[map] navigate label=bin_docking distance_m=1.526 heading_error_rad=-0.653
[can] backend=detectnet_native no detections
[tag] no detections
[map] motion direction=left speed=0.15 effective_seconds=0.06333589553833008 pose={'x_m': -0.4337478107171895, 'y_m': 0.547629439087335, 'heading_rad': -2.821947311268596}
[map] navigate label=bin_docking distance_m=1.526 heading_error_rad=-0.642
[can] backend=detectnet_native detections=1 best_confidence=0.260
[depth] map_can_0_depth mean=4.861 min=3.017 max=5.413
[map] can added id=14 position={'x_m': -0.5859836627882877, 'y_m': 0.08603212662932708}
[tag] no detections
[map] motion direction=left speed=0.15 effective_seconds=0.08524107933044434 pose={'x_m': -0.4337478107171895, 'y_m': 0.547629439087335, 'heading_rad': -2.836191606407352}
[map] navigate label=bin_docking distance_m=1.526 heading_error_rad=-0.628
[can] backend=detectnet_native no detections
[tag] no detections
[map] motion direction=left speed=0.15 effective_seconds=0.0607142448425293 pose={'x_m': -0.4337478107171895, 'y_m': 0.547629439087335, 'heading_rad': -2.8463373205331792}
[map] navigate label=bin_docking distance_m=1.526 heading_error_rad=-0.618
[can] backend=detectnet_native detections=1 best_confidence=0.271
[depth] map_can_0_depth mean=4.638 min=3.341 max=5.265
[map] can added id=15 position={'x_m': -0.5690884247472681, 'y_m': 0.10397667771582375}
[tag] no detections
[map] motion direction=left speed=0.15 effective_seconds=0.08564281463623047 pose={'x_m': -0.4337478107171895, 'y_m': 0.547629439087335, 'heading_rad': -2.8606487480488147}
[map] navigate label=bin_docking distance_m=1.526 heading_error_rad=-0.603
[can] backend=detectnet_native no detections
[tag] no detections
[map] motion direction=left speed=0.15 effective_seconds=0.059890031814575195 pose={'x_m': -0.4337478107171895, 'y_m': 0.547629439087335, 'heading_rad': -2.8706567312388116}
[map] navigate label=bin_docking distance_m=1.526 heading_error_rad=-0.593
[can] backend=detectnet_native no detections
[tag] no detections
[map] motion direction=left speed=0.15 effective_seconds=0.0588071346282959 pose={'x_m': -0.4337478107171895, 'y_m': 0.547629439087335, 'heading_rad': -2.8804837558200314}
[map] navigate label=bin_docking distance_m=1.526 heading_error_rad=-0.584
[can] backend=detectnet_native no detections
[tag] no detections
[map] motion direction=left speed=0.15 effective_seconds=0.06215214729309082 pose={'x_m': -0.4337478107171895, 'y_m': 0.547629439087335, 'heading_rad': -2.890869752061564}
[map] navigate label=bin_docking distance_m=1.526 heading_error_rad=-0.573
[can] backend=detectnet_native no detections
[tag] no detections
[map] motion direction=left speed=0.15 effective_seconds=0.06081271171569824 pose={'x_m': -0.4337478107171895, 'y_m': 0.547629439087335, 'heading_rad': -2.901031920591932}
[map] navigate label=bin_docking distance_m=1.526 heading_error_rad=-0.563
[can] backend=detectnet_native no detections
[tag] no detections
[map] motion direction=left speed=0.15 effective_seconds=0.060101985931396484 pose={'x_m': -0.4337478107171895, 'y_m': 0.547629439087335, 'heading_rad': -2.911075322584924}
[map] navigate label=bin_docking distance_m=1.526 heading_error_rad=-0.553
[can] backend=detectnet_native no detections
[tag] no detections
[map] motion direction=left speed=0.15 effective_seconds=0.060976505279541016 pose={'x_m': -0.4337478107171895, 'y_m': 0.547629439087335, 'heading_rad': -2.921264862001296}
[map] navigate label=bin_docking distance_m=1.526 heading_error_rad=-0.543
[can] backend=detectnet_native no detections
[tag] no detections
[map] motion direction=left speed=0.15 effective_seconds=0.059561967849731445 pose={'x_m': -0.4337478107171895, 'y_m': 0.547629439087335, 'heading_rad': -2.9312180237369385}
[map] navigate label=bin_docking distance_m=1.526 heading_error_rad=-0.533
[can] backend=detectnet_native no detections
[tag] no detections
[map] motion direction=left speed=0.15 effective_seconds=0.06179380416870117 pose={'x_m': -0.4337478107171895, 'y_m': 0.547629439087335, 'heading_rad': -2.941544138695118}
[map] navigate label=bin_docking distance_m=1.526 heading_error_rad=-0.523
[can] backend=detectnet_native no detections
[tag] no detections
[map] motion direction=left speed=0.15 effective_seconds=0.05739164352416992 pose={'x_m': -0.4337478107171895, 'y_m': 0.547629439087335, 'heading_rad': -2.9511346262309153}
[map] navigate label=bin_docking distance_m=1.526 heading_error_rad=-0.513
[can] backend=detectnet_native no detections
[tag] no detections
[map] motion direction=left speed=0.15 effective_seconds=0.059218645095825195 pose={'x_m': -0.4337478107171895, 'y_m': 0.547629439087335, 'heading_rad': -2.9610304166771173}
[map] navigate label=bin_docking distance_m=1.526 heading_error_rad=-0.503
[can] backend=detectnet_native no detections
[tag] no detections
[map] motion direction=left speed=0.15 effective_seconds=0.05970621109008789 pose={'x_m': -0.4337478107171895, 'y_m': 0.547629439087335, 'heading_rad': -2.9710076823225595}
[map] navigate label=bin_docking distance_m=1.526 heading_error_rad=-0.493
[can] backend=detectnet_native no detections
[tag] no detections
[map] motion direction=left speed=0.15 effective_seconds=0.05840706825256348 pose={'x_m': -0.4337478107171895, 'y_m': 0.547629439087335, 'heading_rad': -2.9807678534151116}
[map] navigate label=bin_docking distance_m=1.526 heading_error_rad=-0.483
[can] backend=detectnet_native no detections
[tag] no detections
[map] motion direction=left speed=0.15 effective_seconds=0.0619356632232666 pose={'x_m': -0.4337478107171895, 'y_m': 0.547629439087335, 'heading_rad': -2.9911176738713583}
[map] navigate label=bin_docking distance_m=1.526 heading_error_rad=-0.473
[can] backend=detectnet_native no detections
[tag] no detections
[map] motion direction=left speed=0.15 effective_seconds=0.060286521911621094 pose={'x_m': -0.4337478107171895, 'y_m': 0.547629439087335, 'heading_rad': -3.0011919129324243}
[map] navigate label=bin_docking distance_m=1.526 heading_error_rad=-0.463
[can] backend=detectnet_native no detections
[tag] no detections
[map] motion direction=left speed=0.15 effective_seconds=0.06233668327331543 pose={'x_m': -0.4337478107171895, 'y_m': 0.547629439087335, 'heading_rad': -3.0116087462420316}
[map] navigate label=bin_docking distance_m=1.526 heading_error_rad=-0.452
[can] backend=detectnet_native no detections
[tag] no detections
[map] motion direction=left speed=0.15 effective_seconds=0.060350894927978516 pose={'x_m': -0.4337478107171895, 'y_m': 0.547629439087335, 'heading_rad': -3.0216937424198678}
[map] navigate label=bin_docking distance_m=1.526 heading_error_rad=-0.442
[can] backend=detectnet_native no detections
[tag] no detections
[map] motion direction=left speed=0.15 effective_seconds=0.06126904487609863 pose={'x_m': -0.4337478107171895, 'y_m': 0.547629439087335, 'heading_rad': -3.031932166955784}
[map] navigate label=bin_docking distance_m=1.526 heading_error_rad=-0.432
[can] backend=detectnet_native no detections
[tag] no detections
[map] motion direction=left speed=0.15 effective_seconds=0.060582637786865234 pose={'x_m': -0.4337478107171895, 'y_m': 0.547629439087335, 'heading_rad': -3.0420558887539926}
[map] navigate label=bin_docking distance_m=1.526 heading_error_rad=-0.422
[can] backend=detectnet_native no detections
[tag] no detections
[map] motion direction=left speed=0.15 effective_seconds=0.058789730072021484 pose={'x_m': -0.4337478107171895, 'y_m': 0.547629439087335, 'heading_rad': -3.051880004929567}
[map] navigate label=bin_docking distance_m=1.526 heading_error_rad=-0.412
[can] backend=detectnet_native no detections
[tag] no detections
[map] motion direction=left speed=0.15 effective_seconds=0.0583038330078125 pose={'x_m': -0.4337478107171895, 'y_m': 0.547629439087335, 'heading_rad': -3.061622924794114}
[map] navigate label=bin_docking distance_m=1.526 heading_error_rad=-0.402
[can] backend=detectnet_native no detections
[tag] no detections
[map] motion direction=left speed=0.15 effective_seconds=0.05791306495666504 pose={'x_m': -0.4337478107171895, 'y_m': 0.547629439087335, 'heading_rad': -3.071300544975749}
[map] navigate label=bin_docking distance_m=1.526 heading_error_rad=-0.393
[can] backend=detectnet_native no detections
[tag] no detections
[map] motion direction=left speed=0.15 effective_seconds=0.0597844123840332 pose={'x_m': -0.4337478107171895, 'y_m': 0.547629439087335, 'heading_rad': -3.081290878526008}
[map] navigate label=bin_docking distance_m=1.526 heading_error_rad=-0.383
[can] backend=detectnet_native no detections
[tag] no detections
[map] motion direction=left speed=0.15 effective_seconds=0.05963754653930664 pose={'x_m': -0.4337478107171895, 'y_m': 0.547629439087335, 'heading_rad': -3.091256669913562}
[map] navigate label=bin_docking distance_m=1.526 heading_error_rad=-0.373
[can] backend=detectnet_native no detections
[tag] no detections
[map] motion direction=left speed=0.15 effective_seconds=0.058654069900512695 pose={'x_m': -0.4337478107171895, 'y_m': 0.547629439087335, 'heading_rad': -3.101058116461573}
[map] navigate label=bin_docking distance_m=1.526 heading_error_rad=-0.363
[can] backend=detectnet_native no detections
[tag] no detections
[map] motion direction=left speed=0.15 effective_seconds=0.05918550491333008 pose={'x_m': -0.4337478107171895, 'y_m': 0.547629439087335, 'heading_rad': -3.110948368984697}
[map] navigate label=bin_docking distance_m=1.526 heading_error_rad=-0.353
[can] backend=detectnet_native no detections
[tag] no detections
[map] motion direction=left speed=0.15 effective_seconds=0.0594632625579834 pose={'x_m': -0.4337478107171895, 'y_m': 0.547629439087335, 'heading_rad': -3.1208850364746255}
[map] navigate label=bin_docking distance_m=1.526 heading_error_rad=-0.343
[can] backend=detectnet_native no detections
[tag] no detections
[map] motion direction=left speed=0.15 effective_seconds=0.06083035469055176 pose={'x_m': -0.4337478107171895, 'y_m': 0.547629439087335, 'heading_rad': -3.1310501532518122}
[map] navigate label=bin_docking distance_m=1.526 heading_error_rad=-0.333
[can] backend=detectnet_native no detections
[tag] no detections
[map] motion direction=left speed=0.15 effective_seconds=0.05988049507141113 pose={'x_m': -0.4337478107171895, 'y_m': 0.547629439087335, 'heading_rad': -3.14105654279488}
[map] navigate label=bin_docking distance_m=1.526 heading_error_rad=-0.323
[can] backend=detectnet_native no detections
[tag] no detections
[map] motion direction=left speed=0.15 effective_seconds=0.058533668518066406 pose={'x_m': -0.4337478107171895, 'y_m': 0.547629439087335, 'heading_rad': 3.132347437629173}
[map] navigate label=bin_docking distance_m=1.526 heading_error_rad=-0.313
[can] backend=detectnet_native no detections
[tag] no detections
[map] motion direction=left speed=0.15 effective_seconds=0.05972123146057129 pose={'x_m': -0.4337478107171895, 'y_m': 0.547629439087335, 'heading_rad': 3.122367661989818}
[map] navigate label=bin_docking distance_m=1.526 heading_error_rad=-0.303
[can] backend=detectnet_native no detections
[tag] no detections
[map] motion direction=left speed=0.15 effective_seconds=0.06134486198425293 pose={'x_m': -0.4337478107171895, 'y_m': 0.547629439087335, 'heading_rad': 3.1121165679608165}
[map] navigate label=bin_docking distance_m=1.526 heading_error_rad=-0.293
[can] backend=detectnet_native no detections
[tag] no detections
[map] motion direction=left speed=0.15 effective_seconds=0.06086850166320801 pose={'x_m': -0.4337478107171895, 'y_m': 0.547629439087335, 'heading_rad': 3.1019450765959142}
[map] navigate label=bin_docking distance_m=1.526 heading_error_rad=-0.283
[can] backend=detectnet_native no detections
[tag] no detections
[map] motion direction=left speed=0.15 effective_seconds=0.058653831481933594 pose={'x_m': -0.4337478107171895, 'y_m': 0.547629439087335, 'heading_rad': 3.0921436698890767}
[map] navigate label=bin_docking distance_m=1.526 heading_error_rad=-0.273
[can] backend=detectnet_native no detections
[tag] no detections
[map] motion direction=left speed=0.15 effective_seconds=0.05813717842102051 pose={'x_m': -0.4337478107171895, 'y_m': 0.547629439087335, 'heading_rad': 3.0824285990046123}
[map] navigate label=bin_docking distance_m=1.526 heading_error_rad=-0.263
[can] backend=detectnet_native no detections
[tag] no detections
[map] motion direction=left speed=0.15 effective_seconds=0.060271501541137695 pose={'x_m': -0.4337478107171895, 'y_m': 0.547629439087335, 'heading_rad': 3.07235686993746}
[map] navigate label=bin_docking distance_m=1.526 heading_error_rad=-0.253
[can] backend=detectnet_native no detections
[tag] no detections
[map] motion direction=left speed=0.15 effective_seconds=0.06575489044189453 pose={'x_m': -0.4337478107171895, 'y_m': 0.547629439087335, 'heading_rad': 3.061368833727361}
[map] navigate label=bin_docking distance_m=1.526 heading_error_rad=-0.242
[can] backend=detectnet_native no detections
[tag] no detections
[map] motion direction=left speed=0.15 effective_seconds=0.05977177619934082 pose={'x_m': -0.4337478107171895, 'y_m': 0.547629439087335, 'heading_rad': 3.0513806117592823}
[map] navigate label=bin_docking distance_m=1.526 heading_error_rad=-0.232
[can] backend=detectnet_native no detections
[tag] no detections
[map] motion direction=left speed=0.15 effective_seconds=0.06044507026672363 pose={'x_m': -0.4337478107171895, 'y_m': 0.547629439087335, 'heading_rad': 3.041279878318023}
[map] navigate label=bin_docking distance_m=1.526 heading_error_rad=-0.222
[can] backend=detectnet_native no detections
[tag] no detections
[map] motion direction=left speed=0.15 effective_seconds=0.05919671058654785 pose={'x_m': -0.4337478107171895, 'y_m': 0.547629439087335, 'heading_rad': 3.0313877532597573}
[map] navigate label=bin_docking distance_m=1.526 heading_error_rad=-0.212
[can] backend=detectnet_native no detections
[tag] no detections
[map] motion direction=left speed=0.15 effective_seconds=0.059114694595336914 pose={'x_m': -0.4337478107171895, 'y_m': 0.547629439087335, 'heading_rad': 3.0215093335650804}
[map] navigate label=bin_docking distance_m=1.526 heading_error_rad=-0.202
[can] backend=detectnet_native no detections
[tag] no detections
[map] motion direction=left speed=0.15 effective_seconds=0.0599820613861084 pose={'x_m': -0.4337478107171895, 'y_m': 0.547629439087335, 'heading_rad': 3.0114859716822195}
[map] navigate label=bin_docking distance_m=1.526 heading_error_rad=-0.192
[can] backend=detectnet_native no detections
[tag] no detections
[map] motion direction=left speed=0.15 effective_seconds=0.060545921325683594 pose={'x_m': -0.4337478107171895, 'y_m': 0.547629439087335, 'heading_rad': 3.001368385424687}
[map] navigate label=bin_docking distance_m=1.526 heading_error_rad=-0.182
[can] backend=detectnet_native no detections
[tag] no detections
[map] motion direction=left speed=0.15 effective_seconds=0.062079668045043945 pose={'x_m': -0.4337478107171895, 'y_m': 0.547629439087335, 'heading_rad': 2.990994500899814}
[map] navigate label=bin_docking distance_m=1.526 heading_error_rad=-0.172
[can] backend=detectnet_native no detections
[tag] no detections
[map] motion direction=left speed=0.15 effective_seconds=0.06312012672424316 pose={'x_m': -0.4337478107171895, 'y_m': 0.547629439087335, 'heading_rad': 2.9804467494949973}
[map] navigate label=bin_docking distance_m=1.526 heading_error_rad=-0.161
[can] backend=detectnet_native no detections
[tag] no detections
[map] motion direction=left speed=0.15 effective_seconds=0.059801340103149414 pose={'x_m': -0.4337478107171895, 'y_m': 0.547629439087335, 'heading_rad': 2.9704535872214395}
[map] navigate label=bin_docking distance_m=1.526 heading_error_rad=-0.151
[can] backend=detectnet_native no detections
[tag] no detections
[map] motion direction=left speed=0.15 effective_seconds=0.05929398536682129 pose={'x_m': -0.4337478107171895, 'y_m': 0.547629439087335, 'heading_rad': 2.9605452069644986}
[map] navigate label=bin_docking distance_m=1.526 heading_error_rad=-0.141
[can] backend=detectnet_native no detections
[tag] no detections
[map] motion direction=left speed=0.15 effective_seconds=0.06759214401245117 pose={'x_m': -0.4337478107171895, 'y_m': 0.547629439087335, 'heading_rad': 2.949250154673546}
[map] navigate label=bin_docking distance_m=1.526 heading_error_rad=-0.130
[can] backend=detectnet_native no detections
[tag] no detections
[map] motion direction=left speed=0.15 effective_seconds=0.059889793395996094 pose={'x_m': -0.4337478107171895, 'y_m': 0.547629439087335, 'heading_rad': 2.9392422113247223}
[map] navigate label=bin_docking distance_m=1.526 heading_error_rad=-0.120
[can] backend=detectnet_native no detections
[tag] no detections
[map] motion direction=left speed=0.15 effective_seconds=0.06093883514404297 pose={'x_m': -0.4337478107171895, 'y_m': 0.547629439087335, 'heading_rad': 2.9290589668137192}
[map] navigate label=bin_docking distance_m=1.526 heading_error_rad=-0.110
[map] motion direction=left speed=0.15 effective_seconds=0.016897916793823242 pose={'x_m': -0.4337478107171895, 'y_m': 0.547629439087335, 'heading_rad': 2.9262352236615676}
[base] continuous stop label=map_turn_bin_docking elapsed=0.017s
[base] stop
[base] continuous start label=map_forward_bin_docking direction=forward requested_speed=0.2 effective_speed=0.2
[can] backend=detectnet_native no detections
[tag] no detections
[map] motion direction=forward speed=0.2 effective_seconds=0.06143307685852051 pose={'x_m': -0.43332114939801, 'y_m': 0.5456789848220513, 'heading_rad': 2.9262352236615676}
[map] navigate label=bin_docking distance_m=1.524 heading_error_rad=-0.107
[can] backend=detectnet_native no detections
[tag] no detections
[map] motion direction=forward speed=0.2 effective_seconds=0.062293052673339844 pose={'x_m': -0.43288851542640316, 'y_m': 0.5437012269675316, 'heading_rad': 2.9262352236615676}
[map] navigate label=bin_docking distance_m=1.522 heading_error_rad=-0.107
[can] backend=detectnet_native no detections
[tag] no detections
[map] motion direction=forward speed=0.2 effective_seconds=0.06054258346557617 pose={'x_m': -0.4324680387085033, 'y_m': 0.5417790452017759, 'heading_rad': 2.9262352236615676}
[map] navigate label=bin_docking distance_m=1.520 heading_error_rad=-0.108
[can] backend=detectnet_native no detections
[tag] no detections
[map] motion direction=forward speed=0.2 effective_seconds=0.05856060981750488 pose={'x_m': -0.4320613270750581, 'y_m': 0.5399197896177, 'heading_rad': 2.9262352236615676}
[map] navigate label=bin_docking distance_m=1.518 heading_error_rad=-0.108
[can] backend=detectnet_native no detections
[tag] no detections
[map] motion direction=forward speed=0.2 effective_seconds=0.057810068130493164 pose={'x_m': -0.4316598280587022, 'y_m': 0.5380843631711112, 'heading_rad': 2.9262352236615676}
[map] navigate label=bin_docking distance_m=1.517 heading_error_rad=-0.108
[can] backend=detectnet_native no detections
[tag] no detections
[map] motion direction=forward speed=0.2 effective_seconds=0.06063199043273926 pose={'x_m': -0.43123873039689875, 'y_m': 0.5361593428009851, 'heading_rad': 2.9262352236615676}
[map] navigate label=bin_docking distance_m=1.515 heading_error_rad=-0.108
[can] backend=detectnet_native no detections
[tag] no detections
[map] motion direction=forward speed=0.2 effective_seconds=0.05901384353637695 pose={'x_m': -0.430828870991825, 'y_m': 0.534285697385155, 'heading_rad': 2.9262352236615676}
[map] navigate label=bin_docking distance_m=1.513 heading_error_rad=-0.108
[can] backend=detectnet_native no detections
[tag] no detections
[map] motion direction=forward speed=0.2 effective_seconds=0.05710124969482422 pose={'x_m': -0.4304322948187367, 'y_m': 0.5324727753940135, 'heading_rad': 2.9262352236615676}
[map] navigate label=bin_docking distance_m=1.511 heading_error_rad=-0.108
[can] backend=detectnet_native no detections
[tag] no detections
[map] motion direction=forward speed=0.2 effective_seconds=0.058644771575927734 pose={'x_m': -0.4300249986700969, 'y_m': 0.5306108477370238, 'heading_rad': 2.9262352236615676}
[map] navigate label=bin_docking distance_m=1.509 heading_error_rad=-0.108
[can] backend=detectnet_native no detections
[tag] no detections
[map] motion direction=forward speed=0.2 effective_seconds=0.06377887725830078 pose={'x_m': -0.4295820454387378, 'y_m': 0.5285859160626761, 'heading_rad': 2.9262352236615676}
[map] navigate label=bin_docking distance_m=1.507 heading_error_rad=-0.109
[can] backend=detectnet_native no detections
[tag] no detections
[map] motion direction=forward speed=0.2 effective_seconds=0.06214499473571777 pose={'x_m': -0.4291504397502353, 'y_m': 0.5266128589369936, 'heading_rad': 2.9262352236615676}
[map] navigate label=bin_docking distance_m=1.505 heading_error_rad=-0.109
[can] backend=detectnet_native no detections
[tag] no detections
[map] motion direction=forward speed=0.2 effective_seconds=0.06058382987976074 pose={'x_m': -0.4287296765702146, 'y_m': 0.5246893676284217, 'heading_rad': 2.9262352236615676}
[map] navigate label=bin_docking distance_m=1.503 heading_error_rad=-0.109
[can] backend=detectnet_native no detections
[tag] no detections
[map] motion direction=forward speed=0.2 effective_seconds=0.06197762489318848 pose={'x_m': -0.4282992332886997, 'y_m': 0.5227216243701203, 'heading_rad': 2.9262352236615676}
[map] navigate label=bin_docking distance_m=1.501 heading_error_rad=-0.109
[can] backend=detectnet_native no detections
[tag] no detections
[map] motion direction=forward speed=0.2 effective_seconds=0.05881619453430176 pose={'x_m': -0.4278907465836154, 'y_m': 0.5208542541623513, 'heading_rad': 2.9262352236615676}
[map] navigate label=bin_docking distance_m=1.499 heading_error_rad=-0.109
[can] backend=detectnet_native no detections
[tag] no detections
[map] motion direction=forward speed=0.2 effective_seconds=0.05941200256347656 pose={'x_m': -0.4274781219083577, 'y_m': 0.5189679674950589, 'heading_rad': 2.9262352236615676}
[map] navigate label=bin_docking distance_m=1.497 heading_error_rad=-0.109
[can] backend=detectnet_native no detections
[tag] no detections
[map] motion direction=forward speed=0.2 effective_seconds=0.058148860931396484 pose={'x_m': -0.4270742699285698, 'y_m': 0.5171217846303097, 'heading_rad': 2.9262352236615676}
[map] navigate label=bin_docking distance_m=1.495 heading_error_rad=-0.109
[can] backend=detectnet_native no detections
[tag] no detections
[map] motion direction=forward speed=0.2 effective_seconds=0.05847764015197754 pose={'x_m': -0.4266681345310671, 'y_m': 0.5152651632710895, 'heading_rad': 2.9262352236615676}
[map] navigate label=bin_docking distance_m=1.493 heading_error_rad=-0.110
[can] backend=detectnet_native no detections
[tag] no detections
[map] motion direction=forward speed=0.2 effective_seconds=0.05957603454589844 pose={'x_m': -0.42625437063072763, 'y_m': 0.5133736687109792, 'heading_rad': 2.9262352236615676}
[map] navigate label=bin_docking distance_m=1.491 heading_error_rad=-0.110
[can] backend=detectnet_native no detections
[tag] no detections
[map] motion direction=forward speed=0.2 effective_seconds=0.059038400650024414 pose={'x_m': -0.42584434067306165, 'y_m': 0.5114992436251488, 'heading_rad': 2.9262352236615676}
[map] navigate label=bin_docking distance_m=1.490 heading_error_rad=-0.110
[can] backend=detectnet_native no detections
[tag] no detections
[map] motion direction=forward speed=0.2 effective_seconds=0.05868411064147949 pose={'x_m': -0.4254367713091043, 'y_m': 0.5096360669822362, 'heading_rad': 2.9262352236615676}
[map] navigate label=bin_docking distance_m=1.488 heading_error_rad=-0.110
[can] backend=detectnet_native no detections
[tag] no detections
[map] motion direction=forward speed=0.2 effective_seconds=0.05966615676879883 pose={'x_m': -0.42502238149731, 'y_m': 0.5077417111089206, 'heading_rad': 2.9262352236615676}
[map] navigate label=bin_docking distance_m=1.486 heading_error_rad=-0.110
[can] backend=detectnet_native no detections
[tag] no detections
[map] motion direction=forward speed=0.2 effective_seconds=0.06148195266723633 pose={'x_m': -0.4245953807287965, 'y_m': 0.5057897050732479, 'heading_rad': 2.9262352236615676}
[map] navigate label=bin_docking distance_m=1.484 heading_error_rad=-0.110
[can] backend=detectnet_native no detections
[tag] no detections
[map] motion direction=forward speed=0.2 effective_seconds=0.05724930763244629 pose={'x_m': -0.42419777627260385, 'y_m': 0.5039720823532693, 'heading_rad': 2.9262352236615676}
[map] navigate label=bin_docking distance_m=1.482 heading_error_rad=-0.110
[can] backend=detectnet_native no detections
[tag] no detections
[map] motion direction=forward speed=0.2 effective_seconds=0.058284759521484375 pose={'x_m': -0.4237929804580825, 'y_m': 0.5021215848098772, 'heading_rad': 2.9262352236615676}
[map] navigate label=bin_docking distance_m=1.480 heading_error_rad=-0.111
[can] backend=detectnet_native no detections
[tag] no detections
[map] motion direction=forward speed=0.2 effective_seconds=0.06137251853942871 pose={'x_m': -0.423366739724907, 'y_m': 0.5001730532259537, 'heading_rad': 2.9262352236615676}
[map] navigate label=bin_docking distance_m=1.478 heading_error_rad=-0.111
[can] backend=detectnet_native no detections
[tag] no detections
[map] motion direction=forward speed=0.2 effective_seconds=0.05906867980957031 pose={'x_m': -0.422956499474239, 'y_m': 0.4982976667994432, 'heading_rad': 2.9262352236615676}
[map] navigate label=bin_docking distance_m=1.476 heading_error_rad=-0.111
[can] backend=detectnet_native no detections
[tag] no detections
[map] motion direction=forward speed=0.2 effective_seconds=0.05694580078125 pose={'x_m': -0.4225610029156177, 'y_m': 0.4964896801951002, 'heading_rad': 2.9262352236615676}
[map] navigate label=bin_docking distance_m=1.474 heading_error_rad=-0.111
[can] backend=detectnet_native no detections
[tag] no detections
[map] motion direction=forward speed=0.2 effective_seconds=0.05928182601928711 pose={'x_m': -0.42214928233468363, 'y_m': 0.49460752653577095, 'heading_rad': 2.9262352236615676}
[map] navigate label=bin_docking distance_m=1.472 heading_error_rad=-0.111
[can] backend=detectnet_native no detections
[tag] no detections
[map] motion direction=forward speed=0.2 effective_seconds=0.06328225135803223 pose={'x_m': -0.4217097782397276, 'y_m': 0.49259836236249865, 'heading_rad': 2.9262352236615676}
[map] navigate label=bin_docking distance_m=1.470 heading_error_rad=-0.111
[can] backend=detectnet_native no detections
[tag] no detections
[map] motion direction=forward speed=0.2 effective_seconds=0.06046581268310547 pose={'x_m': -0.42128983470565967, 'y_m': 0.4906786180116955, 'heading_rad': 2.9262352236615676}
[map] navigate label=bin_docking distance_m=1.468 heading_error_rad=-0.111
[can] backend=detectnet_native no detections
[tag] no detections
[map] motion direction=forward speed=0.2 effective_seconds=0.06213641166687012 pose={'x_m': -0.42085828862777197, 'y_m': 0.4887058333920325, 'heading_rad': 2.9262352236615676}
[map] navigate label=bin_docking distance_m=1.466 heading_error_rad=-0.112
[can] backend=detectnet_native no detections
[tag] no detections
[map] motion direction=forward speed=0.2 effective_seconds=0.0585477352142334 pose={'x_m': -0.4204516664102489, 'y_m': 0.486846986566986, 'heading_rad': 2.9262352236615676}
[map] navigate label=bin_docking distance_m=1.464 heading_error_rad=-0.112
[can] backend=detectnet_native no detections
[tag] no detections
[map] motion direction=forward speed=0.2 effective_seconds=0.06039834022521973 pose={'x_m': -0.42003219148184684, 'y_m': 0.4849293844162809, 'heading_rad': 2.9262352236615676}
[map] navigate label=bin_docking distance_m=1.463 heading_error_rad=-0.112
[can] backend=detectnet_native no detections
[tag] no detections
[map] motion direction=forward speed=0.2 effective_seconds=0.05870962142944336 pose={'x_m': -0.41962444494189566, 'y_m': 0.48306539782492136, 'heading_rad': 2.9262352236615676}
[map] navigate label=bin_docking distance_m=1.461 heading_error_rad=-0.112
[can] backend=detectnet_native no detections
[tag] no detections
[map] motion direction=forward speed=0.2 effective_seconds=0.058306217193603516 pose={'x_m': -0.41921950010083747, 'y_m': 0.4812142190164804, 'heading_rad': 2.9262352236615676}
[map] navigate label=bin_docking distance_m=1.459 heading_error_rad=-0.112
[can] backend=detectnet_native no detections
[tag] no detections
[map] motion direction=forward speed=0.2 effective_seconds=0.05862855911254883 pose={'x_m': -0.41881231655002554, 'y_m': 0.47935280609308323, 'heading_rad': 2.9262352236615676}
[map] navigate label=bin_docking distance_m=1.457 heading_error_rad=-0.112
[can] backend=detectnet_native no detections
[tag] no detections
[map] motion direction=forward speed=0.2 effective_seconds=0.05921626091003418 pose={'x_m': -0.4184010513279541, 'y_m': 0.47747273407695884, 'heading_rad': 2.9262352236615676}
[map] navigate label=bin_docking distance_m=1.455 heading_error_rad=-0.112
[can] backend=detectnet_native no detections
[tag] no detections
[map] motion direction=forward speed=0.2 effective_seconds=0.060906171798706055 pose={'x_m': -0.4179780494381797, 'y_m': 0.47553900865343063, 'heading_rad': 2.9262352236615676}
[map] navigate label=bin_docking distance_m=1.453 heading_error_rad=-0.113
[can] backend=detectnet_native no detections
[tag] no detections
[map] motion direction=forward speed=0.2 effective_seconds=0.05832099914550781 pose={'x_m': -0.41757300193439606, 'y_m': 0.4736873605290671, 'heading_rad': 2.9262352236615676}
[map] navigate label=bin_docking distance_m=1.451 heading_error_rad=-0.113
[can] backend=detectnet_native no detections
[tag] no detections
[map] motion direction=forward speed=0.2 effective_seconds=0.06019282341003418 pose={'x_m': -0.41715495434904704, 'y_m': 0.47177628338360783, 'heading_rad': 2.9262352236615676}
[map] navigate label=bin_docking distance_m=1.449 heading_error_rad=-0.113
[can] backend=detectnet_native no detections
[tag] no detections
[map] motion direction=forward speed=0.2 effective_seconds=0.06075620651245117 pose={'x_m': -0.41673299398918023, 'y_m': 0.46984731924581, 'heading_rad': 2.9262352236615676}
[map] navigate label=bin_docking distance_m=1.447 heading_error_rad=-0.113
[can] backend=detectnet_native no detections
[tag] no detections
[map] motion direction=forward speed=0.2 effective_seconds=0.05709385871887207 pose={'x_m': -0.4163364691474546, 'y_m': 0.46803463191262984, 'heading_rad': 2.9262352236615676}
[map] navigate label=bin_docking distance_m=1.445 heading_error_rad=-0.113
[can] backend=detectnet_native no detections
[tag] no detections
[map] motion direction=forward speed=0.2 effective_seconds=0.060156822204589844 pose={'x_m': -0.41591867159551743, 'y_m': 0.4661246977785303, 'heading_rad': 2.9262352236615676}
[map] navigate label=bin_docking distance_m=1.443 heading_error_rad=-0.113
[can] backend=detectnet_native no detections
[tag] no detections
[map] motion direction=forward speed=0.2 effective_seconds=0.060872554779052734 pose={'x_m': -0.41549590318065077, 'y_m': 0.4641920396702453, 'heading_rad': 2.9262352236615676}
[map] navigate label=bin_docking distance_m=1.441 heading_error_rad=-0.113
[can] backend=detectnet_native no detections
[tag] no detections
[map] motion direction=forward speed=0.2 effective_seconds=0.059485435485839844 pose={'x_m': -0.4150827685034669, 'y_m': 0.4623034215625635, 'heading_rad': 2.9262352236615676}
[map] navigate label=bin_docking distance_m=1.440 heading_error_rad=-0.114
[can] backend=detectnet_native no detections
[tag] no detections
[map] motion direction=forward speed=0.2 effective_seconds=0.06072640419006348 pose={'x_m': -0.41466101512490133, 'y_m': 0.4603754036262224, 'heading_rad': 2.9262352236615676}
[map] navigate label=bin_docking distance_m=1.438 heading_error_rad=-0.114
[can] backend=detectnet_native no detections
[tag] no detections
[map] motion direction=forward speed=0.2 effective_seconds=0.060094356536865234 pose={'x_m': -0.41424365140577146, 'y_m': 0.4584674527303762, 'heading_rad': 2.9262352236615676}
[map] navigate label=bin_docking distance_m=1.436 heading_error_rad=-0.114
[can] backend=detectnet_native no detections
[tag] no detections
[map] motion direction=forward speed=0.2 effective_seconds=0.0625615119934082 pose={'x_m': -0.41380915294660353, 'y_m': 0.45648117149313405, 'heading_rad': 2.9262352236615676}
[map] navigate label=bin_docking distance_m=1.434 heading_error_rad=-0.114
[can] backend=detectnet_native no detections
[tag] no detections
[map] motion direction=forward speed=0.2 effective_seconds=0.05840468406677246 pose={'x_m': -0.4134035242393262, 'y_m': 0.45462686643508, 'heading_rad': 2.9262352236615676}
[map] navigate label=bin_docking distance_m=1.432 heading_error_rad=-0.114
[can] backend=detectnet_native no detections
[tag] no detections
[map] motion direction=forward speed=0.2 effective_seconds=0.05968308448791504 pose={'x_m': -0.4129890168621528, 'y_m': 0.452731973119337, 'heading_rad': 2.9262352236615676}
[map] navigate label=bin_docking distance_m=1.430 heading_error_rad=-0.114
[can] backend=detectnet_native no detections
[tag] no detections
[map] motion direction=forward speed=0.2 effective_seconds=0.060363054275512695 pose={'x_m': -0.41256978699961133, 'y_m': 0.4508154912711567, 'heading_rad': 2.9262352236615676}
[map] navigate label=bin_docking distance_m=1.428 heading_error_rad=-0.115
[can] backend=detectnet_native no detections
[tag] no detections
[map] motion direction=forward speed=0.2 effective_seconds=0.06198930740356445 pose={'x_m': -0.4121392625814263, 'y_m': 0.44884737710188427, 'heading_rad': 2.9262352236615676}
[map] navigate label=bin_docking distance_m=1.426 heading_error_rad=-0.115
[can] backend=detectnet_native no detections
[tag] no detections
[map] motion direction=forward speed=0.2 effective_seconds=0.06220436096191406 pose={'x_m': -0.41170724458617186, 'y_m': 0.44687243514289987, 'heading_rad': 2.9262352236615676}
[map] navigate label=bin_docking distance_m=1.424 heading_error_rad=-0.115
[can] backend=detectnet_native no detections
[tag] no detections
[map] motion direction=forward speed=0.2 effective_seconds=0.060793399810791016 pose={'x_m': -0.4112850259136412, 'y_m': 0.44494229014568404, 'heading_rad': 2.9262352236615676}
[map] navigate label=bin_docking distance_m=1.422 heading_error_rad=-0.115
[can] backend=detectnet_native no detections
[tag] no detections
[map] motion direction=forward speed=0.2 effective_seconds=0.06035637855529785 pose={'x_m': -0.4108658424149112, 'y_m': 0.44302602024663007, 'heading_rad': 2.9262352236615676}
[map] navigate label=bin_docking distance_m=1.420 heading_error_rad=-0.115
[can] backend=detectnet_native no detections
[tag] no detections
[map] motion direction=forward speed=0.2 effective_seconds=0.06157541275024414 pose={'x_m': -0.41043819255303715, 'y_m': 0.441071046923189, 'heading_rad': 2.9262352236615676}
[map] navigate label=bin_docking distance_m=1.418 heading_error_rad=-0.115
[can] backend=detectnet_native no detections
[tag] no detections
[map] motion direction=forward speed=0.2 effective_seconds=0.05887866020202637 pose={'x_m': -0.4100292720151456, 'y_m': 0.4392016934771667, 'heading_rad': 2.9262352236615676}
[map] navigate label=bin_docking distance_m=1.416 heading_error_rad=-0.116
[can] backend=detectnet_native no detections
[tag] no detections
[map] motion direction=forward speed=0.2 effective_seconds=0.05807065963745117 pose={'x_m': -0.40962596315429206, 'y_m': 0.43735799344503995, 'heading_rad': 2.9262352236615676}
[map] navigate label=bin_docking distance_m=1.414 heading_error_rad=-0.116
[can] backend=detectnet_native no detections
[tag] no detections
[map] motion direction=forward speed=0.2 effective_seconds=0.06159377098083496 pose={'x_m': -0.4091981857919365, 'y_m': 0.4354024372615015, 'heading_rad': 2.9262352236615676}
[map] navigate label=bin_docking distance_m=1.412 heading_error_rad=-0.116
[can] backend=detectnet_native no detections
[tag] no detections
[map] motion direction=forward speed=0.2 effective_seconds=0.061559200286865234 pose={'x_m': -0.40877064852789036, 'y_m': 0.4334479786716529, 'heading_rad': 2.9262352236615676}
[map] navigate label=bin_docking distance_m=1.410 heading_error_rad=-0.116
[can] backend=detectnet_native no detections
[tag] no detections
[map] motion direction=forward speed=0.2 effective_seconds=0.06056070327758789 pose={'x_m': -0.4083500459653594, 'y_m': 0.4315252216154114, 'heading_rad': 2.9262352236615676}
[map] navigate label=bin_docking distance_m=1.408 heading_error_rad=-0.116
[can] backend=detectnet_native no detections
[tag] no detections
[map] motion direction=forward speed=0.2 effective_seconds=0.0623784065246582 pose={'x_m': -0.407916819199306, 'y_m': 0.4295447538399195, 'heading_rad': 2.9262352236615676}
[map] navigate label=bin_docking distance_m=1.406 heading_error_rad=-0.116
[can] backend=detectnet_native no detections
[tag] no detections
[map] motion direction=forward speed=0.2 effective_seconds=0.06032419204711914 pose={'x_m': -0.40749785924038134, 'y_m': 0.42762950583843884, 'heading_rad': 2.9262352236615676}
[map] navigate label=bin_docking distance_m=1.404 heading_error_rad=-0.116
[can] backend=detectnet_native detections=1 best_confidence=0.263
[depth] map_can_0_depth mean=4.191 min=3.594 max=4.811
[map] can added id=16 position={'x_m': -0.26707990914221746, 'y_m': 0.03274516415705481}
[tag] no detections
[map] motion direction=forward speed=0.2 effective_seconds=0.08429336547851562 pose={'x_m': -0.4069124300163825, 'y_m': 0.42495325449893134, 'heading_rad': 2.9262352236615676}
[map] navigate label=bin_docking distance_m=1.402 heading_error_rad=-0.117
[can] backend=detectnet_native detections=1 best_confidence=0.264
[depth] map_can_0_depth mean=4.160 min=3.562 max=4.823
[map] can merged id=16 position={'x_m': -0.26786646841532524, 'y_m': 0.032690023006071434} observations=2
[tag] no detections
[map] motion direction=forward speed=0.2 effective_seconds=0.0882117748260498 pose={'x_m': -0.4062997868909026, 'y_m': 0.4221525965918898, 'heading_rad': 2.9262352236615676}
[map] navigate label=bin_docking distance_m=1.399 heading_error_rad=-0.117
[can] backend=detectnet_native detections=1 best_confidence=0.203
[depth] map_can_0_depth mean=4.042 min=3.580 max=4.601
[map] can merged id=16 position={'x_m': -0.2692994022982798, 'y_m': 0.03539915760703035} observations=3
[tag] no detections
[map] motion direction=forward speed=0.2 effective_seconds=0.0870351791381836 pose={'x_m': -0.4056953153871939, 'y_m': 0.41938929471836095, 'heading_rad': 2.9262352236615676}
[map] navigate label=bin_docking distance_m=1.396 heading_error_rad=-0.117
[can] backend=detectnet_native detections=1 best_confidence=0.291
[depth] map_can_0_depth mean=4.139 min=3.585 max=4.828
[map] can merged id=16 position={'x_m': -0.2692251505097479, 'y_m': 0.03373741657419026} observations=4
[tag] no detections
[map] motion direction=forward speed=0.2 effective_seconds=0.08516502380371094 pose={'x_m': -0.4051038323740977, 'y_m': 0.4166853688786463, 'heading_rad': 2.9262352236615676}
[map] navigate label=bin_docking distance_m=1.393 heading_error_rad=-0.117
[can] backend=detectnet_native no detections
[tag] no detections
[map] motion direction=forward speed=0.2 effective_seconds=0.06290984153747559 pose={'x_m': -0.4046669147174814, 'y_m': 0.4146880284387776, 'heading_rad': 2.9262352236615676}
[map] navigate label=bin_docking distance_m=1.391 heading_error_rad=-0.118
[can] backend=detectnet_native detections=1 best_confidence=0.225
[depth] map_can_0_depth mean=4.148 min=3.550 max=4.765
[map] can added id=17 position={'x_m': -0.26589967765230815, 'y_m': 0.023762092946577662}
[tag] no detections
[map] motion direction=forward speed=0.2 effective_seconds=0.0823054313659668 pose={'x_m': -0.4040952919741974, 'y_m': 0.41207489252124146, 'heading_rad': 2.9262352236615676}
[map] navigate label=bin_docking distance_m=1.388 heading_error_rad=-0.118
[can] backend=detectnet_native no detections
[tag] no detections
[map] motion direction=forward speed=0.2 effective_seconds=0.06007027626037598 pose={'x_m': -0.4036780954959589, 'y_m': 0.4101677061561723, 'heading_rad': 2.9262352236615676}
[map] navigate label=bin_docking distance_m=1.386 heading_error_rad=-0.118
[can] backend=detectnet_native detections=1 best_confidence=0.269
[depth] map_can_0_depth mean=4.021 min=3.577 max=4.476
[map] can merged id=16 position={'x_m': -0.2693343245842501, 'y_m': 0.03319310175928801} observations=5
[tag] no detections
[map] motion direction=forward speed=0.2 effective_seconds=0.08372926712036133 pose={'x_m': -0.40309658401402904, 'y_m': 0.4075093645178383, 'heading_rad': 2.9262352236615676}
[map] navigate label=bin_docking distance_m=1.384 heading_error_rad=-0.118
[can] backend=detectnet_native no detections
[tag] no detections
[map] motion direction=forward speed=0.2 effective_seconds=0.06004953384399414 pose={'x_m': -0.40267953159477615, 'y_m': 0.40560283670898306, 'heading_rad': 2.9262352236615676}
[map] navigate label=bin_docking distance_m=1.382 heading_error_rad=-0.118
[can] backend=detectnet_native detections=1 best_confidence=0.305
[depth] map_can_0_depth mean=3.762 min=3.390 max=4.064
[map] can added id=18 position={'x_m': -0.2778400002819673, 'y_m': 0.05073906094673741}
[tag] no detections
[map] motion direction=forward speed=0.2 effective_seconds=0.0849313735961914 pose={'x_m': -0.40208967131508133, 'y_m': 0.4029063290886894, 'heading_rad': 2.9262352236615676}
[map] navigate label=bin_docking distance_m=1.379 heading_error_rad=-0.119
[can] backend=detectnet_native no detections
[tag] no detections
[map] motion direction=forward speed=0.2 effective_seconds=0.06150627136230469 pose={'x_m': -0.4016625016498261, 'y_m': 0.400953550952628, 'heading_rad': 2.9262352236615676}
[map] navigate label=bin_docking distance_m=1.377 heading_error_rad=-0.119
[can] backend=detectnet_native no detections
[tag] backend=pupil_apriltags id=0 center=(131.8,124.2) error_x=-0.088 yaw_deg=29.75 height=10.5px height_norm=0.044 margin=15.72 distance=2.4604653968894796
[map] motion direction=forward speed=0.2 effective_seconds=0.2521510124206543 pose={'x_m': -0.39991127756838196, 'y_m': 0.39294794480654366, 'heading_rad': 2.9262352236615676}
[base] continuous stop label=map_forward_bin_docking elapsed=0.252s
[base] stop
[fsm] MAP_NAVIGATING --TARGET_FOUND--> ALIGNING
[can] backend=detectnet_native no detections
[tag] no detections
[base] stop
[can] backend=detectnet_native no detections
[tag] no detections
[base] stop
[can] backend=detectnet_native no detections
[tag] no detections
[base] stop
[can] backend=detectnet_native no detections
[tag] no detections
[base] stop
[can] backend=detectnet_native detections=1 best_confidence=0.210
[depth] map_can_0_depth mean=4.124 min=3.509 max=4.783
[map] can added id=19 position={'x_m': -0.26172859079305705, 'y_m': 0.004399933011130064}
[tag] no detections
[base] stop
[can] backend=detectnet_native detections=1 best_confidence=0.214
[depth] map_can_0_depth mean=4.122 min=3.522 max=4.662
[map] can merged id=19 position={'x_m': -0.26141970750685, 'y_m': 0.0045882730239226455} observations=2
[tag] no detections
[base] stop
[can] backend=detectnet_native no detections
[tag] no detections
[base] stop
[can] backend=detectnet_native no detections
[tag] no detections
[base] stop
[fsm] ALIGNING --TARGET_MISSING--> SEARCHING reason=alignment target lost
[can] backend=detectnet_native no detections
[tag] no detections
[base] continuous start label=search_bin_routine_2_step_0 direction=forward requested_speed=0.6 effective_speed=0.6
[can] backend=detectnet_native no detections
[tag] no detections
[map] motion direction=forward speed=0.6 effective_seconds=0.058882713317871094 pose={'x_m': -0.3986057875280002, 'y_m': 0.38697998262416317, 'heading_rad': 2.9262352236615676}
[can] backend=detectnet_native no detections
[tag] no detections
[map] motion direction=forward speed=0.6 effective_seconds=0.058119773864746094 pose={'x_m': -0.3973172126364175, 'y_m': 0.38108934693621777, 'heading_rad': 2.9262352236615676}
[can] backend=detectnet_native no detections
[tag] no detections
[map] motion direction=forward speed=0.6 effective_seconds=0.061307430267333984 pose={'x_m': -0.39595796413875844, 'y_m': 0.37487563148871084, 'heading_rad': 2.9262352236615676}
[can] backend=detectnet_native detections=1 best_confidence=0.210
[depth] map_can_0_depth mean=4.025 min=3.554 max=4.416
[map] can merged id=19 position={'x_m': -0.2616840108721564, 'y_m': 0.0014646885236344054} observations=3
[tag] backend=pupil_apriltags id=0 center=(132.8,125.0) error_x=-0.085 yaw_deg=-40.54 height=10.8px height_norm=0.045 margin=20.06 distance=2.4055947774311495
[map] motion direction=forward speed=0.6 effective_seconds=0.1065220832824707 pose={'x_m': -0.3935962604914542, 'y_m': 0.36407925800662766, 'heading_rad': 2.9262352236615676}
[base] continuous stop label=search_bin_routine_2_step_0 elapsed=0.107s
[base] stop
[fsm] SEARCHING --TARGET_FOUND--> ALIGNING
[can] backend=detectnet_native no detections
[tag] backend=pupil_apriltags id=0 center=(133.9,125.3) error_x=-0.082 yaw_deg=-44.19 height=11.1px height_norm=0.046 margin=16.93 distance=2.2998645644840807
[base] continuous start label=align_bin direction=left requested_speed=0.15 effective_speed=0.15
[visual-turn] label=align_bin direction=left speed=0.15
[can] backend=detectnet_native no detections
[tag] no detections
[map] motion direction=left speed=0.15 effective_seconds=0.0863652229309082 pose={'x_m': -0.3935962604914542, 'y_m': 0.36407925800662766, 'heading_rad': 2.911803077391067}
[base] continuous stop label=align_bin elapsed=0.086s
[base] stop
[can] backend=detectnet_native no detections
[tag] backend=pupil_apriltags id=0 center=(135.0,125.5) error_x=-0.078 yaw_deg=-44.65 height=11.4px height_norm=0.048 margin=19.51 distance=2.267935334959951
[base] stop
[fsm] ALIGNING --TARGET_ALIGNED--> APPROACHING
[can] backend=detectnet_native no detections
[tag] backend=pupil_apriltags id=0 center=(134.9,125.5) error_x=-0.078 yaw_deg=-44.46 height=11.4px height_norm=0.047 margin=19.45 distance=2.263362295174072
[approach] target=bin mode=bbox_height bbox=0.047/0.17 bbox_ok=False depth_raw=n/a/0.17 depth_ok=False error_x=-0.078
[base] continuous start label=approach_bin_forward direction=forward requested_speed=0.6 effective_speed=0.6
[can] backend=detectnet_native no detections
[tag] backend=pupil_apriltags id=0 center=(135.0,125.5) error_x=-0.078 yaw_deg=-45.02 height=11.5px height_norm=0.048 margin=19.61 distance=2.255525488634351
[approach] target=bin mode=bbox_height bbox=0.048/0.17 bbox_ok=False depth_raw=n/a/0.17 depth_ok=False error_x=-0.078
[can] backend=detectnet_native no detections
[tag] backend=pupil_apriltags id=0 center=(134.9,125.5) error_x=-0.078 yaw_deg=-43.64 height=11.4px height_norm=0.047 margin=20.59 distance=2.249958643826712
[approach] target=bin mode=bbox_height bbox=0.047/0.17 bbox_ok=False depth_raw=n/a/0.17 depth_ok=False error_x=-0.078
[can] backend=detectnet_native no detections
[tag] backend=pupil_apriltags id=0 center=(135.8,125.6) error_x=-0.076 yaw_deg=-46.26 height=11.6px height_norm=0.048 margin=22.46 distance=2.1915120062958584
[approach] target=bin mode=bbox_height bbox=0.048/0.17 bbox_ok=False depth_raw=n/a/0.17 depth_ok=False error_x=-0.076
[can] backend=detectnet_native no detections
[tag] no detections
[map] motion direction=forward speed=0.6 effective_seconds=0.27793192863464355 pose={'x_m': -0.38702833686276084, 'y_m': 0.3360017787652235, 'heading_rad': 2.911803077391067}
[base] continuous stop label=approach_bin_forward elapsed=0.278s
[base] stop
[can] backend=detectnet_native no detections
[tag] no detections
[base] stop
[can] backend=detectnet_native no detections
[tag] no detections
[base] stop
[can] backend=detectnet_native no detections
[tag] no detections
[base] stop
[can] backend=detectnet_native no detections
[tag] no detections
[base] stop
[fsm] APPROACHING --TARGET_MISSING--> SEARCHING reason=approach target lost
[can] backend=detectnet_native no detections
[tag] no detections
[base] continuous start label=search_bin_routine_2_step_0 direction=forward requested_speed=0.6 effective_speed=0.6
[can] backend=detectnet_native no detections
[tag] no detections
[map] motion direction=forward speed=0.6 effective_seconds=0.06086921691894531 pose={'x_m': -0.38558991138201104, 'y_m': 0.329852596183438, 'heading_rad': 2.911803077391067}
[can] backend=detectnet_native no detections
[tag] no detections
[map] motion direction=forward speed=0.6 effective_seconds=0.059679508209228516 pose={'x_m': -0.38417960039672133, 'y_m': 0.32382360138203625, 'heading_rad': 2.911803077391067}
[can] backend=detectnet_native no detections
[tag] no detections
[map] motion direction=forward speed=0.6 effective_seconds=0.061170339584350586 pose={'x_m': -0.3827340589625114, 'y_m': 0.31764399852637804, 'heading_rad': 2.911803077391067}
[can] backend=detectnet_native no detections
[tag] no detections
[map] motion direction=forward speed=0.6 effective_seconds=0.05665755271911621 pose={'x_m': -0.3813951610493573, 'y_m': 0.3119202903214422, 'heading_rad': 2.911803077391067}
[can] backend=detectnet_native no detections
[tag] no detections
[map] motion direction=forward speed=0.6 effective_seconds=0.05865645408630371 pose={'x_m': -0.3800090262764963, 'y_m': 0.30599464737687954, 'heading_rad': 2.911803077391067}
[can] backend=detectnet_native no detections
[tag] no detections
[map] motion direction=forward speed=0.6 effective_seconds=0.06118035316467285 pose={'x_m': -0.37856324820725445, 'y_m': 0.29981403292066494, 'heading_rad': 2.911803077391067}
[can] backend=detectnet_native no detections
[tag] backend=pupil_apriltags id=0 center=(138.4,126.1) error_x=-0.067 yaw_deg=35.82 height=12.6px height_norm=0.052 margin=18.76 distance=2.0673296679509607
[map] motion direction=forward speed=0.6 effective_seconds=0.0825643539428711 pose={'x_m': -0.3766121360273292, 'y_m': 0.29147314547639325, 'heading_rad': 2.911803077391067}
[base] continuous stop label=search_bin_routine_2_step_0 elapsed=0.083s
[base] stop
[fsm] SEARCHING --TARGET_FOUND--> ALIGNING
[can] backend=detectnet_native no detections
[tag] no detections
[base] stop
[can] backend=detectnet_native no detections
[tag] no detections
[base] stop
[can] backend=detectnet_native no detections
[tag] no detections
[base] stop
[can] backend=detectnet_native no detections
[tag] no detections
[base] stop
[can] backend=detectnet_native no detections
[tag] no detections
[base] stop
[can] backend=detectnet_native no detections
[tag] no detections
[base] stop
[can] backend=detectnet_native no detections
[tag] no detections
[base] stop
[can] backend=detectnet_native no detections
[tag] no detections
[base] stop
[fsm] ALIGNING --TARGET_MISSING--> SEARCHING reason=alignment target lost
[can] backend=detectnet_native no detections
[tag] no detections
[base] continuous start label=search_bin_routine_2_step_0 direction=forward requested_speed=0.6 effective_speed=0.6
[can] backend=detectnet_native no detections
[tag] no detections
[map] motion direction=forward speed=0.6 effective_seconds=0.05759906768798828 pose={'x_m': -0.37525098878700636, 'y_m': 0.2856543227334342, 'heading_rad': 2.911803077391067}
[can] backend=detectnet_native no detections
[tag] no detections
[map] motion direction=forward speed=0.6 effective_seconds=0.05930495262145996 pose={'x_m': -0.3738495290787443, 'y_m': 0.27966316660998497, 'heading_rad': 2.911803077391067}
[can] backend=detectnet_native no detections
[tag] no detections
[map] motion direction=forward speed=0.6 effective_seconds=0.05993080139160156 pose={'x_m': -0.37243327968098666, 'y_m': 0.2736087854517647, 'heading_rad': 2.911803077391067}
[can] backend=detectnet_native no detections
[tag] backend=pupil_apriltags id=0 center=(140.5,127.0) error_x=-0.061 yaw_deg=-42.61 height=12.4px height_norm=0.052 margin=20.41 distance=2.046455537066102
[map] motion direction=forward speed=0.6 effective_seconds=0.08078169822692871 pose={'x_m': -0.3705242941709121, 'y_m': 0.26544798699224853, 'heading_rad': 2.911803077391067}
[base] continuous stop label=search_bin_routine_2_step_0 elapsed=0.081s
[base] stop
[fsm] SEARCHING --TARGET_FOUND--> ALIGNING
[can] backend=detectnet_native no detections
[tag] no detections
[base] stop
[can] backend=detectnet_native detections=1 best_confidence=0.216
[depth] map_can_0_depth mean=3.781 min=3.425 max=3.994
[map] can added id=20 position={'x_m': -0.2515934949087856, 'y_m': -0.09348536505857796}
[tag] no detections
[base] stop
[can] backend=detectnet_native no detections
[tag] backend=pupil_apriltags id=0 center=(144.0,127.4) error_x=-0.050 yaw_deg=-39.46 height=13.1px height_norm=0.055 margin=25.79 distance=1.9478444531200754
[base] stop
[fsm] ALIGNING --TARGET_ALIGNED--> APPROACHING
[can] backend=detectnet_native no detections
[tag] backend=pupil_apriltags id=0 center=(144.0,127.3) error_x=-0.050 yaw_deg=-39.19 height=13.1px height_norm=0.055 margin=25.91 distance=1.9543320566951086
[approach] target=bin mode=bbox_height bbox=0.055/0.17 bbox_ok=False depth_raw=n/a/0.17 depth_ok=False error_x=-0.050
[base] continuous start label=approach_bin_forward direction=forward requested_speed=0.6 effective_speed=0.6
[can] backend=detectnet_native no detections
[tag] backend=pupil_apriltags id=0 center=(144.0,127.4) error_x=-0.050 yaw_deg=-39.42 height=13.1px height_norm=0.055 margin=26.96 distance=1.9481651735030219
[approach] target=bin mode=bbox_height bbox=0.055/0.17 bbox_ok=False depth_raw=n/a/0.17 depth_ok=False error_x=-0.050
[can] backend=detectnet_native detections=1 best_confidence=0.249
[depth] map_can_0_depth mean=3.802 min=3.470 max=4.020
[map] can merged id=20 position={'x_m': -0.25178257721700364, 'y_m': -0.09463482852056157} observations=2
[tag] backend=pupil_apriltags id=0 center=(144.0,127.5) error_x=-0.050 yaw_deg=-40.66 height=13.3px height_norm=0.055 margin=26.38 distance=1.9230570246335996
[approach] target=bin mode=bbox_height bbox=0.055/0.17 bbox_ok=False depth_raw=n/a/0.17 depth_ok=False error_x=-0.050
[can] backend=detectnet_native no detections
[tag] backend=pupil_apriltags id=0 center=(143.6,127.6) error_x=-0.051 yaw_deg=-39.07 height=13.4px height_norm=0.056 margin=23.89 distance=1.9259642294697248
[approach] target=bin mode=bbox_height bbox=0.056/0.17 bbox_ok=False depth_raw=n/a/0.17 depth_ok=False error_x=-0.051
[can] backend=detectnet_native no detections
[tag] backend=pupil_apriltags id=0 center=(143.6,127.5) error_x=-0.051 yaw_deg=-37.41 height=13.4px height_norm=0.056 margin=22.26 distance=1.9017295739725555
[approach] target=bin mode=bbox_height bbox=0.056/0.17 bbox_ok=False depth_raw=n/a/0.17 depth_ok=False error_x=-0.051
[can] backend=detectnet_native no detections
[tag] no detections
[map] motion direction=forward speed=0.6 effective_seconds=0.35880541801452637 pose={'x_m': -0.36204521587768485, 'y_m': 0.22920043628622844, 'heading_rad': 2.911803077391067}
[base] continuous stop label=approach_bin_forward elapsed=0.359s
[base] stop
[can] backend=detectnet_native no detections
[tag] no detections
[base] stop
[can] backend=detectnet_native no detections
[tag] backend=pupil_apriltags id=0 center=(145.5,128.1) error_x=-0.045 yaw_deg=-35.06 height=14.2px height_norm=0.059 margin=20.21 distance=1.8605712992950298
[approach] target=bin mode=bbox_height bbox=0.059/0.17 bbox_ok=False depth_raw=n/a/0.17 depth_ok=False error_x=-0.045
[base] continuous start label=approach_bin_forward direction=forward requested_speed=0.6 effective_speed=0.6
[can] backend=detectnet_native no detections
[tag] backend=pupil_apriltags id=0 center=(145.5,128.1) error_x=-0.045 yaw_deg=-35.29 height=14.2px height_norm=0.059 margin=20.18 distance=1.8555968693754021
[approach] target=bin mode=bbox_height bbox=0.059/0.17 bbox_ok=False depth_raw=n/a/0.17 depth_ok=False error_x=-0.045
[can] backend=detectnet_native detections=1 best_confidence=0.235
[depth] map_can_0_depth mean=3.748 min=3.416 max=3.946
[map] can added id=21 position={'x_m': -0.2464298233893557, 'y_m': -0.12737236674367203}
[tag] backend=pupil_apriltags id=0 center=(145.5,128.0) error_x=-0.045 yaw_deg=32.03 height=14.3px height_norm=0.059 margin=22.42 distance=1.8471650276359841
[approach] target=bin mode=bbox_height bbox=0.059/0.17 bbox_ok=False depth_raw=n/a/0.17 depth_ok=False error_x=-0.045
[can] backend=detectnet_native no detections
[tag] backend=pupil_apriltags id=0 center=(145.4,128.8) error_x=-0.046 yaw_deg=-37.33 height=14.2px height_norm=0.059 margin=20.40 distance=1.8257686966299114
[approach] target=bin mode=bbox_height bbox=0.059/0.17 bbox_ok=False depth_raw=n/a/0.17 depth_ok=False error_x=-0.046
[can] backend=detectnet_native no detections
[tag] backend=pupil_apriltags id=0 center=(145.5,128.5) error_x=-0.045 yaw_deg=-38.64 height=14.5px height_norm=0.061 margin=20.72 distance=1.8024734862797094
[approach] target=bin mode=bbox_height bbox=0.061/0.17 bbox_ok=False depth_raw=n/a/0.17 depth_ok=False error_x=-0.045
[can] backend=detectnet_native detections=1 best_confidence=0.214
[depth] map_can_0_depth mean=3.640 min=3.410 max=3.812
[map] can added id=22 position={'x_m': -0.2480374173210548, 'y_m': -0.11646468935211995}
[tag] no detections
[map] motion direction=forward speed=0.6 effective_seconds=0.3828458786010742 pose={'x_m': -0.35299802758030396, 'y_m': 0.19052424941599164, 'heading_rad': 2.911803077391067}
[base] continuous stop label=approach_bin_forward elapsed=0.383s
[base] stop
[can] backend=detectnet_native detections=1 best_confidence=0.327
[depth] map_can_0_depth mean=3.618 min=3.332 max=3.785
[map] can added id=23 position={'x_m': -0.23955707223532952, 'y_m': -0.15303857195682377}
[tag] backend=pupil_apriltags id=0 center=(145.9,129.6) error_x=-0.044 yaw_deg=-37.24 height=15.4px height_norm=0.064 margin=25.14 distance=1.678664286353264
[approach] target=bin mode=bbox_height bbox=0.064/0.17 bbox_ok=False depth_raw=n/a/0.17 depth_ok=False error_x=-0.044
[base] continuous start label=approach_bin_forward direction=forward requested_speed=0.6 effective_speed=0.6
[can] backend=detectnet_native detections=1 best_confidence=0.270
[depth] map_can_0_depth mean=3.639 min=3.378 max=3.778
[map] can merged id=23 position={'x_m': -0.23993961699999572, 'y_m': -0.1542445412611618} observations=2
[tag] backend=pupil_apriltags id=0 center=(146.2,130.2) error_x=-0.043 yaw_deg=-40.29 height=15.9px height_norm=0.066 margin=29.76 distance=1.6549710467908423
[approach] target=bin mode=bbox_height bbox=0.066/0.17 bbox_ok=False depth_raw=n/a/0.17 depth_ok=False error_x=-0.043
[can] backend=detectnet_native detections=1 best_confidence=0.286
[depth] map_can_0_depth mean=3.598 min=3.296 max=3.773
[map] can merged id=23 position={'x_m': -0.23927467901341126, 'y_m': -0.1529748824927656} observations=3
[tag] backend=pupil_apriltags id=0 center=(146.3,130.3) error_x=-0.043 yaw_deg=-40.8 height=15.7px height_norm=0.065 margin=29.34 distance=1.6551067807160813
[approach] target=bin mode=bbox_height bbox=0.065/0.17 bbox_ok=False depth_raw=n/a/0.17 depth_ok=False error_x=-0.043
[can] backend=detectnet_native detections=1 best_confidence=0.249
[depth] map_can_0_depth mean=3.659 min=3.335 max=3.837
[map] can merged id=23 position={'x_m': -0.23913711567707746, 'y_m': -0.15401056544520736} observations=4
[tag] backend=pupil_apriltags id=0 center=(147.3,130.2) error_x=-0.040 yaw_deg=-42.22 height=16.1px height_norm=0.067 margin=26.99 distance=1.6380375189064744
[approach] target=bin mode=bbox_height bbox=0.067/0.17 bbox_ok=False depth_raw=n/a/0.17 depth_ok=False error_x=-0.040
[can] backend=detectnet_native detections=1 best_confidence=0.340
[depth] map_can_0_depth mean=3.583 min=3.257 max=3.777
[map] can merged id=23 position={'x_m': -0.239309456404342, 'y_m': -0.15310731641312597} observations=5
[tag] backend=pupil_apriltags id=0 center=(148.1,130.6) error_x=-0.037 yaw_deg=-36.74 height=15.7px height_norm=0.065 margin=27.57 distance=1.6296048118871083
[approach] target=bin mode=bbox_height bbox=0.065/0.17 bbox_ok=False depth_raw=n/a/0.17 depth_ok=False error_x=-0.037
[can] backend=detectnet_native detections=1 best_confidence=0.339
[depth] map_can_0_depth mean=3.413 min=3.103 max=3.598
[map] can merged id=21 position={'x_m': -0.2456691517618273, 'y_m': -0.13027201445354425} observations=2
[tag] backend=pupil_apriltags id=0 center=(148.9,131.3) error_x=-0.035 yaw_deg=-37.51 height=16.2px height_norm=0.067 margin=30.16 distance=1.6104693830730046
[approach] target=bin mode=bbox_height bbox=0.067/0.17 bbox_ok=False depth_raw=n/a/0.17 depth_ok=False error_x=-0.035
[can] backend=detectnet_native detections=1 best_confidence=0.365
[depth] map_can_0_depth mean=3.526 min=3.135 max=3.685
[map] can merged id=23 position={'x_m': -0.2397997094466172, 'y_m': -0.15163036663624788} observations=6
[tag] backend=pupil_apriltags id=0 center=(149.0,131.8) error_x=-0.034 yaw_deg=-37.45 height=15.9px height_norm=0.066 margin=26.73 distance=1.59341221707135
[approach] target=bin mode=bbox_height bbox=0.066/0.17 bbox_ok=False depth_raw=n/a/0.17 depth_ok=False error_x=-0.034
[can] backend=detectnet_native detections=1 best_confidence=0.225
[depth] map_can_0_depth mean=3.354 min=2.856 max=3.613
[map] can merged id=21 position={'x_m': -0.24642642134271167, 'y_m': -0.12952289439625753} observations=3
[tag] backend=pupil_apriltags id=0 center=(150.0,132.3) error_x=-0.031 yaw_deg=-41.25 height=16.8px height_norm=0.070 margin=27.38 distance=1.5250303500928373
[approach] target=bin mode=bbox_height bbox=0.070/0.17 bbox_ok=False depth_raw=n/a/0.17 depth_ok=False error_x=-0.031
[can] backend=detectnet_native detections=1 best_confidence=0.264
[depth] map_can_0_depth mean=3.397 min=2.940 max=3.613
[map] can merged id=21 position={'x_m': -0.24642326033179468, 'y_m': -0.13015156436836212} observations=4
[tag] backend=pupil_apriltags id=0 center=(150.5,132.9) error_x=-0.030 yaw_deg=-36.72 height=17.2px height_norm=0.072 margin=28.24 distance=1.5071787419446854
[approach] target=bin mode=bbox_height bbox=0.072/0.17 bbox_ok=False depth_raw=n/a/0.17 depth_ok=False error_x=-0.030
[can] backend=detectnet_native no detections
[tag] backend=pupil_apriltags id=0 center=(150.8,133.5) error_x=-0.029 yaw_deg=-35.66 height=17.3px height_norm=0.072 margin=30.42 distance=1.4716267876049247
[approach] target=bin mode=bbox_height bbox=0.072/0.17 bbox_ok=False depth_raw=n/a/0.17 depth_ok=False error_x=-0.029
[can] backend=detectnet_native detections=1 best_confidence=0.241
[depth] map_can_0_depth mean=3.397 min=2.903 max=3.602
[map] can merged id=21 position={'x_m': -0.2463560630540697, 'y_m': -0.1305071623983251} observations=5
[tag] backend=pupil_apriltags id=0 center=(151.0,134.1) error_x=-0.028 yaw_deg=-39.71 height=18.6px height_norm=0.077 margin=29.86 distance=1.4108259623246209
[approach] target=bin mode=bbox_height bbox=0.077/0.17 bbox_ok=False depth_raw=n/a/0.17 depth_ok=False error_x=-0.028
[can] backend=detectnet_native no detections
[tag] backend=pupil_apriltags id=0 center=(152.1,134.6) error_x=-0.025 yaw_deg=-37.03 height=18.9px height_norm=0.079 margin=27.48 distance=1.389241854987643
[approach] target=bin mode=bbox_height bbox=0.079/0.17 bbox_ok=False depth_raw=n/a/0.17 depth_ok=False error_x=-0.025
[can] backend=detectnet_native no detections
[tag] backend=pupil_apriltags id=0 center=(152.3,135.2) error_x=-0.024 yaw_deg=-37.63 height=19.1px height_norm=0.080 margin=31.12 distance=1.3721394136752587
[approach] target=bin mode=bbox_height bbox=0.080/0.17 bbox_ok=False depth_raw=n/a/0.17 depth_ok=False error_x=-0.024
[can] backend=detectnet_native no detections
[tag] backend=pupil_apriltags id=0 center=(152.4,135.7) error_x=-0.024 yaw_deg=-36.01 height=19.7px height_norm=0.082 margin=35.01 distance=1.3506770983311556
[approach] target=bin mode=bbox_height bbox=0.082/0.17 bbox_ok=False depth_raw=n/a/0.17 depth_ok=False error_x=-0.024
[can] backend=detectnet_native no detections
[tag] backend=pupil_apriltags id=0 center=(152.5,136.2) error_x=-0.024 yaw_deg=-36.81 height=19.4px height_norm=0.081 margin=34.07 distance=1.33898781350248
[approach] target=bin mode=bbox_height bbox=0.081/0.17 bbox_ok=False depth_raw=n/a/0.17 depth_ok=False error_x=-0.024
[can] backend=detectnet_native no detections
[tag] backend=pupil_apriltags id=0 center=(152.4,136.6) error_x=-0.024 yaw_deg=-37.04 height=19.4px height_norm=0.081 margin=35.31 distance=1.32026250767408
[approach] target=bin mode=bbox_height bbox=0.081/0.17 bbox_ok=False depth_raw=n/a/0.17 depth_ok=False error_x=-0.024
[can] backend=detectnet_native no detections
[tag] backend=pupil_apriltags id=0 center=(152.7,136.9) error_x=-0.023 yaw_deg=-38.27 height=20.6px height_norm=0.086 margin=34.79 distance=1.2769830364525443
[approach] target=bin mode=bbox_height bbox=0.086/0.17 bbox_ok=False depth_raw=n/a/0.17 depth_ok=False error_x=-0.023
[can] backend=detectnet_native no detections
[tag] backend=pupil_apriltags id=0 center=(152.9,137.5) error_x=-0.022 yaw_deg=-36.83 height=21.4px height_norm=0.089 margin=33.50 distance=1.2443769166737175
[approach] target=bin mode=bbox_height bbox=0.089/0.17 bbox_ok=False depth_raw=n/a/0.17 depth_ok=False error_x=-0.022
[can] backend=detectnet_native no detections
[tag] backend=pupil_apriltags id=0 center=(153.0,137.4) error_x=-0.022 yaw_deg=-38.05 height=21.6px height_norm=0.090 margin=35.00 distance=1.2326053987232195
[approach] target=bin mode=bbox_height bbox=0.090/0.17 bbox_ok=False depth_raw=n/a/0.17 depth_ok=False error_x=-0.022
[can] backend=detectnet_native no detections
[tag] backend=pupil_apriltags id=0 center=(153.5,138.6) error_x=-0.020 yaw_deg=-34.39 height=21.6px height_norm=0.090 margin=35.43 distance=1.215698997377709
[approach] target=bin mode=bbox_height bbox=0.090/0.17 bbox_ok=False depth_raw=n/a/0.17 depth_ok=False error_x=-0.020
[can] backend=detectnet_native no detections
[tag] backend=pupil_apriltags id=0 center=(154.4,139.5) error_x=-0.017 yaw_deg=-37.48 height=21.7px height_norm=0.091 margin=34.13 distance=1.1973640520903375
[approach] target=bin mode=bbox_height bbox=0.091/0.17 bbox_ok=False depth_raw=n/a/0.17 depth_ok=False error_x=-0.017
[can] backend=detectnet_native no detections
[tag] backend=pupil_apriltags id=0 center=(154.6,139.9) error_x=-0.017 yaw_deg=-37.07 height=22.1px height_norm=0.092 margin=33.37 distance=1.1768024509567314
[approach] target=bin mode=bbox_height bbox=0.092/0.17 bbox_ok=False depth_raw=n/a/0.17 depth_ok=False error_x=-0.017
[can] backend=detectnet_native no detections
[tag] backend=pupil_apriltags id=0 center=(155.0,140.6) error_x=-0.016 yaw_deg=-37.27 height=23.3px height_norm=0.097 margin=35.67 distance=1.1263236806789019
[approach] target=bin mode=bbox_height bbox=0.097/0.17 bbox_ok=False depth_raw=n/a/0.17 depth_ok=False error_x=-0.016
[can] backend=detectnet_native no detections
[tag] backend=pupil_apriltags id=0 center=(156.0,141.3) error_x=-0.012 yaw_deg=-37.98 height=23.6px height_norm=0.098 margin=36.23 distance=1.11927273792125
[approach] target=bin mode=bbox_height bbox=0.098/0.17 bbox_ok=False depth_raw=n/a/0.17 depth_ok=False error_x=-0.012
[can] backend=detectnet_native no detections
[tag] backend=pupil_apriltags id=0 center=(157.0,142.0) error_x=-0.010 yaw_deg=-38.26 height=24.0px height_norm=0.100 margin=35.36 distance=1.095172064699096
[approach] target=bin mode=bbox_height bbox=0.100/0.17 bbox_ok=False depth_raw=n/a/0.17 depth_ok=False error_x=-0.010
[can] backend=detectnet_native no detections
[tag] backend=pupil_apriltags id=0 center=(157.5,142.8) error_x=-0.008 yaw_deg=-37.76 height=24.1px height_norm=0.100 margin=35.42 distance=1.0744346897228145
[approach] target=bin mode=bbox_height bbox=0.100/0.17 bbox_ok=False depth_raw=n/a/0.17 depth_ok=False error_x=-0.008
[can] backend=detectnet_native no detections
[tag] backend=pupil_apriltags id=0 center=(158.4,143.4) error_x=-0.005 yaw_deg=-37.7 height=24.9px height_norm=0.104 margin=35.03 distance=1.0541783980142996
[approach] target=bin mode=bbox_height bbox=0.104/0.17 bbox_ok=False depth_raw=n/a/0.17 depth_ok=False error_x=-0.005
[can] backend=detectnet_native no detections
[tag] backend=pupil_apriltags id=0 center=(159.1,144.4) error_x=-0.003 yaw_deg=-36.98 height=25.8px height_norm=0.107 margin=36.52 distance=1.0137013356650628
[approach] target=bin mode=bbox_height bbox=0.107/0.17 bbox_ok=False depth_raw=n/a/0.17 depth_ok=False error_x=-0.003
[can] backend=detectnet_native no detections
[tag] backend=pupil_apriltags id=0 center=(160.7,144.9) error_x=0.002 yaw_deg=-38.38 height=26.6px height_norm=0.111 margin=35.36 distance=0.9919918826312526
[approach] target=bin mode=bbox_height bbox=0.111/0.17 bbox_ok=False depth_raw=n/a/0.17 depth_ok=False error_x=0.002
[can] backend=detectnet_native no detections
[tag] backend=pupil_apriltags id=0 center=(161.1,146.1) error_x=0.004 yaw_deg=-36.55 height=27.3px height_norm=0.114 margin=35.08 distance=0.9778237362171055
[approach] target=bin mode=bbox_height bbox=0.114/0.17 bbox_ok=False depth_raw=n/a/0.17 depth_ok=False error_x=0.004
[can] backend=detectnet_native no detections
[tag] backend=pupil_apriltags id=0 center=(161.7,147.4) error_x=0.005 yaw_deg=-37.02 height=28.4px height_norm=0.118 margin=35.24 distance=0.9375539235889578
[approach] target=bin mode=bbox_height bbox=0.118/0.17 bbox_ok=False depth_raw=n/a/0.17 depth_ok=False error_x=0.005
[can] backend=detectnet_native no detections
[tag] backend=pupil_apriltags id=0 center=(162.5,147.7) error_x=0.008 yaw_deg=-36.87 height=28.6px height_norm=0.119 margin=35.83 distance=0.9333514659005887
[approach] target=bin mode=bbox_height bbox=0.119/0.17 bbox_ok=False depth_raw=n/a/0.17 depth_ok=False error_x=0.008
[can] backend=detectnet_native no detections
[tag] backend=pupil_apriltags id=0 center=(163.0,148.8) error_x=0.009 yaw_deg=-37.71 height=29.5px height_norm=0.123 margin=35.02 distance=0.9042834905966884
[approach] target=bin mode=bbox_height bbox=0.123/0.17 bbox_ok=False depth_raw=n/a/0.17 depth_ok=False error_x=0.009
[can] backend=detectnet_native no detections
[tag] backend=pupil_apriltags id=0 center=(163.5,150.3) error_x=0.011 yaw_deg=-36.96 height=30.0px height_norm=0.125 margin=35.68 distance=0.8842266985440557
[approach] target=bin mode=bbox_height bbox=0.125/0.17 bbox_ok=False depth_raw=n/a/0.17 depth_ok=False error_x=0.011
[can] backend=detectnet_native no detections
[tag] backend=pupil_apriltags id=0 center=(164.7,151.4) error_x=0.015 yaw_deg=-36.59 height=31.6px height_norm=0.132 margin=35.87 distance=0.8579015288318276
[approach] target=bin mode=bbox_height bbox=0.132/0.17 bbox_ok=False depth_raw=n/a/0.17 depth_ok=False error_x=0.015
[can] backend=detectnet_native no detections
[tag] backend=pupil_apriltags id=0 center=(165.4,152.9) error_x=0.017 yaw_deg=-37.71 height=32.3px height_norm=0.135 margin=35.59 distance=0.8258144457283154
[approach] target=bin mode=bbox_height bbox=0.135/0.17 bbox_ok=False depth_raw=n/a/0.17 depth_ok=False error_x=0.017
[can] backend=detectnet_native no detections
[tag] backend=pupil_apriltags id=0 center=(166.4,154.2) error_x=0.020 yaw_deg=-37.48 height=33.0px height_norm=0.138 margin=35.60 distance=0.8101304943596175
[approach] target=bin mode=bbox_height bbox=0.138/0.17 bbox_ok=False depth_raw=n/a/0.17 depth_ok=False error_x=0.020
[can] backend=detectnet_native no detections
[tag] backend=pupil_apriltags id=0 center=(167.6,155.7) error_x=0.024 yaw_deg=-37.13 height=34.5px height_norm=0.144 margin=35.72 distance=0.7842892345021494
[approach] target=bin mode=bbox_height bbox=0.144/0.17 bbox_ok=False depth_raw=n/a/0.17 depth_ok=False error_x=0.024
[can] backend=detectnet_native no detections
[tag] backend=pupil_apriltags id=0 center=(168.5,157.9) error_x=0.026 yaw_deg=-37.61 height=36.3px height_norm=0.151 margin=35.76 distance=0.7469307369120268
[approach] target=bin mode=bbox_height bbox=0.151/0.17 bbox_ok=False depth_raw=n/a/0.17 depth_ok=False error_x=0.026
[can] backend=detectnet_native no detections
[tag] backend=pupil_apriltags id=0 center=(170.0,159.9) error_x=0.031 yaw_deg=-36.92 height=37.3px height_norm=0.155 margin=35.62 distance=0.7261257777458523
[approach] target=bin mode=bbox_height bbox=0.155/0.17 bbox_ok=False depth_raw=n/a/0.17 depth_ok=False error_x=0.031
[can] backend=detectnet_native no detections
[tag] backend=pupil_apriltags id=0 center=(171.5,161.5) error_x=0.036 yaw_deg=-36.65 height=38.3px height_norm=0.159 margin=35.68 distance=0.7168645139099055
[approach] target=bin mode=bbox_height bbox=0.159/0.17 bbox_ok=False depth_raw=n/a/0.17 depth_ok=False error_x=0.036
[can] backend=detectnet_native no detections
[tag] backend=pupil_apriltags id=0 center=(172.2,163.4) error_x=0.038 yaw_deg=-37.32 height=39.9px height_norm=0.166 margin=35.59 distance=0.6884975282222386
[approach] target=bin mode=bbox_height bbox=0.166/0.17 bbox_ok=False depth_raw=n/a/0.17 depth_ok=False error_x=0.038
[can] backend=detectnet_native no detections
[tag] backend=pupil_apriltags id=0 center=(172.9,164.8) error_x=0.040 yaw_deg=-37.06 height=40.8px height_norm=0.170 margin=35.67 distance=0.6746046203569215
[approach] target=bin mode=bbox_height bbox=0.170/0.17 bbox_ok=True depth_raw=n/a/0.17 depth_ok=False error_x=0.040
[map] motion direction=forward speed=0.6 effective_seconds=2.906965732574463 pose={'x_m': -0.28430232566303326, 'y_m': -0.10314575248985966, 'heading_rad': 2.911803077391067}
[base] continuous stop label=approach_bin_forward elapsed=2.907s
[base] stop
[fsm] APPROACHING --TARGET_REACHED--> FINAL_VERIFY
[can] backend=detectnet_native no detections
[tag] backend=pupil_apriltags id=0 center=(174.2,168.1) error_x=0.044 yaw_deg=-37.77 height=43.6px height_norm=0.181 margin=35.82 distance=0.6340280905879278
[base] stop
[can] backend=detectnet_native no detections
[tag] backend=pupil_apriltags id=0 center=(176.2,169.3) error_x=0.051 yaw_deg=-37.63 height=44.8px height_norm=0.187 margin=35.35 distance=0.6200270898158543
[base] stop
[fsm] FINAL_VERIFY --SIDE_DOCK_REQUIRED--> BIN_SIDE_DOCKING
[base] stop
[exp2] phase=side_view_pose base_direction=left reference_base_angle_deg=90.00 servo1_fixed=70
[arm] pose side_view_grabbing
[arm] side_view_grabbing servo=5 angle=0 speed=85
[arm] side_view_grabbing servo=4 angle=-55 speed=85
[arm] side_view_grabbing servo=3 angle=45 speed=85
[arm] side_view_grabbing servo=2 angle=60 speed=85
[arm] side_view_grabbing servo=1 angle=70 speed=85
[arm-position] side_view_grabbing waiting for motion to settle servos=[1, 2, 3, 4, 5] stability_delta=3 min_wait=0.5 timeout=10.0 stable_samples=2
[arm-position] side_view_grabbing waiting positions={1: 509, 2: 804, 3: 717, 4: 277, 5: 508} movement={} read_errors=[]
[arm-position] side_view_grabbing waiting positions={1: 522, 2: 804, 3: 717, 4: 277, 5: 508} movement={1: 13, 2: 0, 3: 0, 4: 0, 5: 0} read_errors=[]
[arm-position] side_view_grabbing waiting positions={1: 535, 2: 804, 3: 717, 4: 277, 5: 508} movement={1: 13, 2: 0, 3: 0, 4: 0, 5: 0} read_errors=[]
[arm-position] side_view_grabbing waiting positions={1: 547, 2: 804, 3: 717, 4: 277, 5: 508} movement={1: 12, 2: 0, 3: 0, 4: 0, 5: 0} read_errors=[]
[arm-position] side_view_grabbing waiting positions={1: 559, 2: 804, 3: 717, 4: 277, 5: 508} movement={1: 12, 2: 0, 3: 0, 4: 0, 5: 0} read_errors=[]
[arm-position] side_view_grabbing waiting positions={1: 573, 2: 804, 3: 717, 4: 277, 5: 508} movement={1: 14, 2: 0, 3: 0, 4: 0, 5: 0} read_errors=[]
[arm-position] side_view_grabbing waiting positions={1: 587, 2: 804, 3: 717, 4: 277, 5: 508} movement={1: 14, 2: 0, 3: 0, 4: 0, 5: 0} read_errors=[]
[arm-position] side_view_grabbing waiting positions={1: 600, 2: 804, 3: 717, 4: 277, 5: 508} movement={1: 13, 2: 0, 3: 0, 4: 0, 5: 0} read_errors=[]
[arm-position] side_view_grabbing waiting positions={1: 614, 2: 804, 3: 717, 4: 277, 5: 508} movement={1: 14, 2: 0, 3: 0, 4: 0, 5: 0} read_errors=[]
[arm-position] side_view_grabbing waiting positions={1: 626, 2: 804, 3: 717, 4: 277, 5: 508} movement={1: 12, 2: 0, 3: 0, 4: 0, 5: 0} read_errors=[]
[arm-position] side_view_grabbing waiting positions={1: 640, 2: 804, 3: 717, 4: 277, 5: 508} movement={1: 14, 2: 0, 3: 0, 4: 0, 5: 0} read_errors=[]
[arm-position] side_view_grabbing waiting positions={1: 651, 2: 804, 3: 717, 4: 277, 5: 508} movement={1: 11, 2: 0, 3: 0, 4: 0, 5: 0} read_errors=[]
[arm-position] side_view_grabbing waiting positions={1: 665, 2: 804, 3: 717, 4: 277, 5: 508} movement={1: 14, 2: 0, 3: 0, 4: 0, 5: 0} read_errors=[]
[arm-position] side_view_grabbing waiting positions={1: 680, 2: 804, 3: 717, 4: 277, 5: 508} movement={1: 15, 2: 0, 3: 0, 4: 0, 5: 0} read_errors=[]
[arm-position] side_view_grabbing waiting positions={1: 694, 2: 804, 3: 717, 4: 277, 5: 508} movement={1: 14, 2: 0, 3: 0, 4: 0, 5: 0} read_errors=[]
[arm-position] side_view_grabbing waiting positions={1: 705, 2: 804, 3: 717, 4: 277, 5: 508} movement={1: 11, 2: 0, 3: 0, 4: 0, 5: 0} read_errors=[]
[arm-position] side_view_grabbing waiting positions={1: 717, 2: 804, 3: 717, 4: 277, 5: 508} movement={1: 12, 2: 0, 3: 0, 4: 0, 5: 0} read_errors=[]
[arm-position] side_view_grabbing waiting positions={1: 732, 2: 804, 3: 717, 4: 277, 5: 508} movement={1: 15, 2: 0, 3: 0, 4: 0, 5: 0} read_errors=[]
[arm-position] side_view_grabbing waiting positions={1: 744, 2: 804, 3: 717, 4: 277, 5: 508} movement={1: 12, 2: 0, 3: 0, 4: 0, 5: 0} read_errors=[]
[arm-position] side_view_grabbing waiting positions={1: 756, 2: 804, 3: 717, 4: 277, 5: 508} movement={1: 12, 2: 0, 3: 0, 4: 0, 5: 0} read_errors=[]
[arm-position] side_view_grabbing waiting positions={1: 770, 2: 804, 3: 717, 4: 277, 5: 508} movement={1: 14, 2: 0, 3: 0, 4: 0, 5: 0} read_errors=[]
[arm-position] side_view_grabbing waiting positions={1: 783, 2: 804, 3: 717, 4: 277, 5: 508} movement={1: 13, 2: 0, 3: 0, 4: 0, 5: 0} read_errors=[]
[arm-position] side_view_grabbing waiting positions={1: 795, 2: 804, 3: 717, 4: 277, 5: 508} movement={1: 12, 2: 0, 3: 0, 4: 0, 5: 0} read_errors=[]
[arm-position] side_view_grabbing waiting positions={1: 810, 2: 804, 3: 717, 4: 277, 5: 508} movement={1: 15, 2: 0, 3: 0, 4: 0, 5: 0} read_errors=[]
[arm-position] side_view_grabbing waiting positions={1: 823, 2: 804, 3: 717, 4: 277, 5: 508} movement={1: 13, 2: 0, 3: 0, 4: 0, 5: 0} read_errors=[]
[arm-position] side_view_grabbing waiting positions={1: 836, 2: 804, 3: 717, 4: 277, 5: 508} movement={1: 13, 2: 0, 3: 0, 4: 0, 5: 0} read_errors=[]
[arm-position] side_view_grabbing settled positions={1: 837, 2: 804, 3: 717, 4: 277, 5: 508} movement={1: 0, 2: 0, 3: 0, 4: 0, 5: 0} elapsed=4.17s
[base] exp2_side_entry_turn direction=left requested_speed=0.15 effective_speed=0.15 seconds=9.4
[map] motion direction=left speed=0.15 effective_seconds=9.4 pose={'x_m': -0.28430232566303326, 'y_m': -0.10314575248985966, 'heading_rad': 1.3410067505960672}
[exp2] side entry direction=left angle_deg=90.00 speed=0.15 seconds=9.400
[exp2] phase=camera_settle seconds=0.40 discard_frames=3
[base] stop
[base] stop
[base] stop
[base] stop
[base] stop
[base] stop
[base] stop
[base] stop
[base] stop
[base] stop
[base] stop
[base] stop
[base] stop
[base] stop
[base] stop
[base] stop
[base] stop
[base] stop
[base] stop
[exp2] phase=geometry_alignment_ready
[tag] backend=pupil_apriltags id=0 center=(187.8,164.8) error_x=0.087 yaw_deg=-45.01 height=47.8px height_norm=0.199 margin=36.39 distance=0.5985449757341538
[exp2] phase=pulse_coarse_yaw center_error=0.087 raw_yaw_deg=-45.01 calibrated_yaw_deg=-45.01 yaw_zero_deg=0.00 yaw_source=calibrated_pnp corner_error_deg=30.77 height_norm=0.199
[base] stop
[base] exp2_yaw_align direction=left requested_speed=0.15 effective_speed=0.15 seconds=0.4
[map] motion direction=left speed=0.15 effective_seconds=0.4 pose={'x_m': -0.28430232566303326, 'y_m': -0.10314575248985966, 'heading_rad': 1.274164353711173}
[exp2] pulse yaw correction direction=left seconds=0.400
[exp2] pulse stage=coarse_yaw axis=yaw
[base] stop
[base] stop
[base] stop
[base] stop
[base] stop
[base] stop
[base] stop
[base] stop
[base] stop
[tag] backend=pupil_apriltags id=0 center=(199.2,163.9) error_x=0.122 yaw_deg=-44.94 height=46.9px height_norm=0.195 margin=35.47 distance=0.6100569425473502
[exp2] phase=pulse_coarse_yaw center_error=0.122 raw_yaw_deg=-44.94 calibrated_yaw_deg=-44.94 yaw_zero_deg=0.00 yaw_source=calibrated_pnp corner_error_deg=32.42 height_norm=0.195
[base] stop
[base] exp2_yaw_align direction=left requested_speed=0.15 effective_speed=0.15 seconds=0.4
[map] motion direction=left speed=0.15 effective_seconds=0.4 pose={'x_m': -0.28430232566303326, 'y_m': -0.10314575248985966, 'heading_rad': 1.207321956826279}
[exp2] pulse yaw correction direction=left seconds=0.400
[exp2] pulse stage=coarse_yaw axis=yaw
[base] stop
[base] stop
[base] stop
[base] stop
[base] stop
[base] stop
[base] stop
[base] stop
[base] stop
[tag] backend=pupil_apriltags id=0 center=(209.9,163.6) error_x=0.156 yaw_deg=-45.24 height=46.0px height_norm=0.192 margin=35.80 distance=0.6188758102641965
[exp2] phase=pulse_coarse_yaw center_error=0.156 raw_yaw_deg=-45.24 calibrated_yaw_deg=-45.24 yaw_zero_deg=0.00 yaw_source=calibrated_pnp corner_error_deg=34.09 height_norm=0.192
[base] stop
[base] exp2_yaw_align direction=left requested_speed=0.15 effective_speed=0.15 seconds=0.4
[map] motion direction=left speed=0.15 effective_seconds=0.4 pose={'x_m': -0.28430232566303326, 'y_m': -0.10314575248985966, 'heading_rad': 1.1404795599413848}
[exp2] pulse yaw correction direction=left seconds=0.400
[exp2] pulse stage=coarse_yaw axis=yaw
[base] stop
[base] stop
[base] stop
[base] stop
[base] stop
[base] stop
[base] stop
[base] stop
[base] stop
[tag] backend=pupil_apriltags id=0 center=(220.1,162.9) error_x=0.188 yaw_deg=-45.66 height=45.1px height_norm=0.188 margin=34.01 distance=0.6294064476608456
[exp2] phase=pulse_coarse_yaw center_error=0.188 raw_yaw_deg=-45.66 calibrated_yaw_deg=-45.66 yaw_zero_deg=0.00 yaw_source=calibrated_pnp corner_error_deg=35.25 height_norm=0.188
[base] stop
[base] exp2_yaw_align direction=left requested_speed=0.15 effective_speed=0.15 seconds=0.4
[map] motion direction=left speed=0.15 effective_seconds=0.4 pose={'x_m': -0.28430232566303326, 'y_m': -0.10314575248985966, 'heading_rad': 1.0736371630564907}
[exp2] pulse yaw correction direction=left seconds=0.400
[exp2] pulse stage=coarse_yaw axis=yaw
[base] stop
[base] stop
[base] stop
[base] stop
[base] stop
[base] stop
[base] stop
[base] stop
[base] stop
[tag] backend=pupil_apriltags id=0 center=(230.5,162.4) error_x=0.220 yaw_deg=-45.91 height=44.0px height_norm=0.183 margin=33.50 distance=0.6435393270340021
[exp2] phase=pulse_coarse_yaw center_error=0.220 raw_yaw_deg=-45.91 calibrated_yaw_deg=-45.91 yaw_zero_deg=0.00 yaw_source=calibrated_pnp corner_error_deg=36.60 height_norm=0.183
[base] stop
[base] exp2_yaw_align direction=left requested_speed=0.15 effective_speed=0.15 seconds=0.4
[map] motion direction=left speed=0.15 effective_seconds=0.4 pose={'x_m': -0.28430232566303326, 'y_m': -0.10314575248985966, 'heading_rad': 1.0067947661715966}
[exp2] pulse yaw correction direction=left seconds=0.400
[exp2] pulse stage=coarse_yaw axis=yaw
[base] stop
[base] stop
[base] stop
[base] stop
[base] stop
[base] stop
[base] stop
[base] stop
[base] stop
[tag] backend=pupil_apriltags id=0 center=(239.8,162.0) error_x=0.249 yaw_deg=-46.42 height=43.3px height_norm=0.180 margin=30.51 distance=0.656845610235617
[exp2] phase=pulse_coarse_yaw center_error=0.249 raw_yaw_deg=-46.42 calibrated_yaw_deg=-46.42 yaw_zero_deg=0.00 yaw_source=calibrated_pnp corner_error_deg=37.65 height_norm=0.180
[base] stop
[base] exp2_yaw_align direction=left requested_speed=0.15 effective_speed=0.15 seconds=0.4
[map] motion direction=left speed=0.15 effective_seconds=0.4 pose={'x_m': -0.28430232566303326, 'y_m': -0.10314575248985966, 'heading_rad': 0.9399523692867033}
[exp2] pulse yaw correction direction=left seconds=0.400
[exp2] pulse stage=coarse_yaw axis=yaw
[base] stop
[base] stop
[base] stop
[base] stop
[base] stop
[base] stop
[base] stop
[base] stop
[base] stop
[tag] backend=pupil_apriltags id=0 center=(248.8,161.9) error_x=0.277 yaw_deg=-46.47 height=42.2px height_norm=0.176 margin=30.11 distance=0.6733598631278647
[exp2] phase=pulse_coarse_yaw center_error=0.277 raw_yaw_deg=-46.47 calibrated_yaw_deg=-46.47 yaw_zero_deg=0.00 yaw_source=calibrated_pnp corner_error_deg=37.64 height_norm=0.176
[base] stop
[base] exp2_yaw_align direction=left requested_speed=0.15 effective_speed=0.15 seconds=0.4
[map] motion direction=left speed=0.15 effective_seconds=0.4 pose={'x_m': -0.28430232566303326, 'y_m': -0.10314575248985966, 'heading_rad': 0.8731099724018101}
[exp2] pulse yaw correction direction=left seconds=0.400
[exp2] pulse stage=coarse_yaw axis=yaw
[base] stop
[base] stop
[base] stop
[base] stop
[base] stop
[base] stop
[base] stop
[base] stop
[base] stop
[tag] backend=pupil_apriltags id=0 center=(256.6,161.4) error_x=0.302 yaw_deg=-46.6 height=41.4px height_norm=0.172 margin=24.83 distance=0.6936185507118071
[exp2] phase=pulse_coarse_yaw center_error=0.302 raw_yaw_deg=-46.6 calibrated_yaw_deg=-46.6 yaw_zero_deg=0.00 yaw_source=calibrated_pnp corner_error_deg=39.06 height_norm=0.172
[base] stop
[base] exp2_yaw_align direction=left requested_speed=0.15 effective_speed=0.15 seconds=0.4
[map] motion direction=left speed=0.15 effective_seconds=0.4 pose={'x_m': -0.28430232566303326, 'y_m': -0.10314575248985966, 'heading_rad': 0.8062675755169164}
[exp2] pulse yaw correction direction=left seconds=0.400
[exp2] pulse stage=coarse_yaw axis=yaw
[base] stop
[base] stop
[base] stop
[base] stop
[base] stop
[base] stop
[base] stop
[base] stop
[base] stop
[tag] backend=pupil_apriltags id=0 center=(265.2,161.6) error_x=0.329 yaw_deg=-46.68 height=40.5px height_norm=0.169 margin=24.52 distance=0.7106123926321842
[exp2] phase=pulse_coarse_yaw center_error=0.329 raw_yaw_deg=-46.68 calibrated_yaw_deg=-46.68 yaw_zero_deg=0.00 yaw_source=calibrated_pnp corner_error_deg=40.10 height_norm=0.169
[base] stop
[base] exp2_yaw_align direction=left requested_speed=0.15 effective_speed=0.15 seconds=0.4
[map] motion direction=left speed=0.15 effective_seconds=0.4 pose={'x_m': -0.28430232566303326, 'y_m': -0.10314575248985966, 'heading_rad': 0.7394251786320227}
[exp2] pulse yaw correction direction=left seconds=0.400
[exp2] pulse stage=coarse_yaw axis=yaw
[base] stop
[base] stop
[base] stop
[base] stop
[base] stop
[base] stop
[base] stop
[base] stop
[base] stop
[tag] no detections
[base] stop
[tag] no detections
[base] stop
[tag] no detections
[base] stop
[tag] no detections
[base] stop
[tag] no detections
[base] stop
[tag] no detections
[base] stop
[tag] no detections
[base] stop
[tag] no detections
[base] stop
[tag] no detections
[base] stop
[tag] no detections
[base] stop
[base] stop
[arm] pose carry
[arm] carry servo=5 angle=0 speed=85
[arm] carry servo=4 angle=-55 speed=85
[arm] carry servo=3 angle=45 speed=85
[arm] carry servo=2 angle=60 speed=85
[arm] carry servo=1 angle=-16 speed=85
[exp2] side docking aborted; forward camera pose restored
[fsm] BIN_SIDE_DOCKING --TARGET_MISSING--> INTERMEDIATE reason=exp2 side tag lost
[fsm] INTERMEDIATE --RETRY--> PLANNING reason=retry 1/2 after BIN_SIDE_DOCKING
[fsm] PLANNING --MAP_TARGET_AVAILABLE--> MAP_NAVIGATING
[can] backend=detectnet_native no detections
[tag] no detections
[map] navigate label=bin_docking distance_m=0.864 heading_error_rad=2.005
[base] continuous start label=map_turn_bin_docking direction=right requested_speed=0.15 effective_speed=0.15
[can] backend=detectnet_native no detections
[tag] no detections
[map] motion direction=right speed=0.15 effective_seconds=0.08154606819152832 pose={'x_m': -0.28430232566303326, 'y_m': -0.10314575248985966, 'heading_rad': 0.7536576524520036}
[map] navigate label=bin_docking distance_m=0.864 heading_error_rad=1.991
[can] backend=detectnet_native no detections
[tag] no detections
[map] motion direction=right speed=0.15 effective_seconds=0.07985091209411621 pose={'x_m': -0.28430232566303326, 'y_m': -0.10314575248985966, 'heading_rad': 0.7675942657196333}
[map] navigate label=bin_docking distance_m=0.864 heading_error_rad=1.977
[can] backend=detectnet_native no detections
[tag] no detections
[map] motion direction=right speed=0.15 effective_seconds=0.06541609764099121 pose={'x_m': -0.28430232566303326, 'y_m': -0.10314575248985966, 'heading_rad': 0.7790115285960479}
[map] navigate label=bin_docking distance_m=0.864 heading_error_rad=1.965
[can] backend=detectnet_native no detections
[tag] no detections
[map] motion direction=right speed=0.15 effective_seconds=0.07114744186401367 pose={'x_m': -0.28430232566303326, 'y_m': -0.10314575248985966, 'heading_rad': 0.7914290997450317}
[map] navigate label=bin_docking distance_m=0.864 heading_error_rad=1.953
[can] backend=detectnet_native no detections
[tag] no detections
[map] motion direction=right speed=0.15 effective_seconds=0.0712730884552002 pose={'x_m': -0.28430232566303326, 'y_m': -0.10314575248985966, 'heading_rad': 0.8038686003611168}
[map] navigate label=bin_docking distance_m=0.864 heading_error_rad=1.940
[can] backend=detectnet_native no detections
[tag] no detections
[map] motion direction=right speed=0.15 effective_seconds=0.06610751152038574 pose={'x_m': -0.28430232566303326, 'y_m': -0.10314575248985966, 'heading_rad': 0.8154065377244257}
[map] navigate label=bin_docking distance_m=0.864 heading_error_rad=1.929
[can] backend=detectnet_native no detections
[tag] no detections
[map] motion direction=right speed=0.15 effective_seconds=0.06924629211425781 pose={'x_m': -0.28430232566303326, 'y_m': -0.10314575248985966, 'heading_rad': 0.8274922956463424}
[map] navigate label=bin_docking distance_m=0.864 heading_error_rad=1.917
[can] backend=detectnet_native no detections
[tag] no detections
[map] motion direction=right speed=0.15 effective_seconds=0.06925249099731445 pose={'x_m': -0.28430232566303326, 'y_m': -0.10314575248985966, 'heading_rad': 0.839579135477452}
[map] navigate label=bin_docking distance_m=0.864 heading_error_rad=1.905
[can] backend=detectnet_native no detections
[tag] no detections
[map] motion direction=right speed=0.15 effective_seconds=0.0639495849609375 pose={'x_m': -0.28430232566303326, 'y_m': -0.10314575248985966, 'heading_rad': 0.8507404436059747}
[map] navigate label=bin_docking distance_m=0.864 heading_error_rad=1.894
[can] backend=detectnet_native no detections
[tag] no detections
[map] motion direction=right speed=0.15 effective_seconds=0.06342530250549316 pose={'x_m': -0.28430232566303326, 'y_m': -0.10314575248985966, 'heading_rad': 0.861810247183918}
[map] navigate label=bin_docking distance_m=0.864 heading_error_rad=1.883
[can] backend=detectnet_native no detections
[tag] no detections
[map] motion direction=right speed=0.15 effective_seconds=0.06394100189208984 pose={'x_m': -0.28430232566303326, 'y_m': -0.10314575248985966, 'heading_rad': 0.872970057284328}
[map] navigate label=bin_docking distance_m=0.864 heading_error_rad=1.871
[can] backend=detectnet_native no detections
[tag] no detections
[map] motion direction=right speed=0.15 effective_seconds=0.06415247917175293 pose={'x_m': -0.28430232566303326, 'y_m': -0.10314575248985966, 'heading_rad': 0.88416677713297}
[map] navigate label=bin_docking distance_m=0.864 heading_error_rad=1.860
[can] backend=detectnet_native no detections
[tag] no detections
[map] motion direction=right speed=0.15 effective_seconds=0.06358218193054199 pose={'x_m': -0.28430232566303326, 'y_m': -0.10314575248985966, 'heading_rad': 0.8952639613358704}
[map] navigate label=bin_docking distance_m=0.864 heading_error_rad=1.849
[can] backend=detectnet_native no detections
[tag] no detections
[map] motion direction=right speed=0.15 effective_seconds=0.06395840644836426 pose={'x_m': -0.28430232566303326, 'y_m': -0.10314575248985966, 'heading_rad': 0.9064268091043983}
[map] navigate label=bin_docking distance_m=0.864 heading_error_rad=1.838
[can] backend=detectnet_native no detections
[tag] no detections
[map] motion direction=right speed=0.15 effective_seconds=0.06207537651062012 pose={'x_m': -0.28430232566303326, 'y_m': -0.10314575248985966, 'heading_rad': 0.917261006149654}
[map] navigate label=bin_docking distance_m=0.864 heading_error_rad=1.827
[can] backend=detectnet_native no detections
[tag] no detections
[map] motion direction=right speed=0.15 effective_seconds=0.06278228759765625 pose={'x_m': -0.28430232566303326, 'y_m': -0.10314575248985966, 'heading_rad': 0.928218582454786}
[map] navigate label=bin_docking distance_m=0.864 heading_error_rad=1.816
[can] backend=detectnet_native no detections
[tag] no detections
[map] motion direction=right speed=0.15 effective_seconds=0.05988717079162598 pose={'x_m': -0.28430232566303326, 'y_m': -0.10314575248985966, 'heading_rad': 0.9386708655549674}
[map] navigate label=bin_docking distance_m=0.864 heading_error_rad=1.806
[can] backend=detectnet_native no detections
[tag] no detections
[map] motion direction=right speed=0.15 effective_seconds=0.060163259506225586 pose={'x_m': -0.28430232566303326, 'y_m': -0.10314575248985966, 'heading_rad': 0.9491713352261222}
[map] navigate label=bin_docking distance_m=0.864 heading_error_rad=1.795
[can] backend=detectnet_native no detections
[tag] no detections
[map] motion direction=right speed=0.15 effective_seconds=0.06047868728637695 pose={'x_m': -0.28430232566303326, 'y_m': -0.10314575248985966, 'heading_rad': 0.9597268574304358}
[map] navigate label=bin_docking distance_m=0.864 heading_error_rad=1.785
[can] backend=detectnet_native no detections
[tag] no detections
[map] motion direction=right speed=0.15 effective_seconds=0.0656881332397461 pose={'x_m': -0.28430232566303326, 'y_m': -0.10314575248985966, 'heading_rad': 0.9711915994756595}
[map] navigate label=bin_docking distance_m=0.864 heading_error_rad=1.773
[can] backend=detectnet_native no detections
[tag] no detections
[map] motion direction=right speed=0.15 effective_seconds=0.06333112716674805 pose={'x_m': -0.28430232566303326, 'y_m': -0.10314575248985966, 'heading_rad': 0.9822449663562498}
[map] navigate label=bin_docking distance_m=0.864 heading_error_rad=1.762
[can] backend=detectnet_native no detections
[tag] no detections
[map] motion direction=right speed=0.15 effective_seconds=0.06429147720336914 pose={'x_m': -0.28430232566303326, 'y_m': -0.10314575248985966, 'heading_rad': 0.9934659459379471}
[map] navigate label=bin_docking distance_m=0.864 heading_error_rad=1.751
[can] backend=detectnet_native no detections
[tag] no detections
[map] motion direction=right speed=0.15 effective_seconds=0.06361889839172363 pose={'x_m': -0.28430232566303326, 'y_m': -0.10314575248985966, 'heading_rad': 1.0045695383722206}
[map] navigate label=bin_docking distance_m=0.864 heading_error_rad=1.740
[can] backend=detectnet_native no detections
[tag] no detections
[map] motion direction=right speed=0.15 effective_seconds=0.06234121322631836 pose={'x_m': -0.28430232566303326, 'y_m': -0.10314575248985966, 'heading_rad': 1.015450132677092}
[map] navigate label=bin_docking distance_m=0.864 heading_error_rad=1.729
[can] backend=detectnet_native no detections
[tag] no detections
[map] motion direction=right speed=0.15 effective_seconds=0.05974578857421875 pose={'x_m': -0.28430232566303326, 'y_m': -0.10314575248985966, 'heading_rad': 1.0258777399252974}
[map] navigate label=bin_docking distance_m=0.864 heading_error_rad=1.718
[can] backend=detectnet_native no detections
[tag] no detections
[map] motion direction=right speed=0.15 effective_seconds=0.06347846984863281 pose={'x_m': -0.28430232566303326, 'y_m': -0.10314575248985966, 'heading_rad': 1.0369568229551636}
[map] navigate label=bin_docking distance_m=0.864 heading_error_rad=1.707
[can] backend=detectnet_native no detections
[tag] no detections
[map] motion direction=right speed=0.15 effective_seconds=0.06171774864196777 pose={'x_m': -0.28430232566303326, 'y_m': -0.10314575248985966, 'heading_rad': 1.04772860216237}
[map] navigate label=bin_docking distance_m=0.864 heading_error_rad=1.697
[can] backend=detectnet_native no detections
[tag] no detections
[map] motion direction=right speed=0.15 effective_seconds=0.06249189376831055 pose={'x_m': -0.28430232566303326, 'y_m': -0.10314575248985966, 'heading_rad': 1.0586354951830064}
[map] navigate label=bin_docking distance_m=0.864 heading_error_rad=1.686
[can] backend=detectnet_native no detections
[tag] no detections
[map] motion direction=right speed=0.15 effective_seconds=0.06274700164794922 pose={'x_m': -0.28430232566303326, 'y_m': -0.10314575248985966, 'heading_rad': 1.0695869129281173}
[map] navigate label=bin_docking distance_m=0.864 heading_error_rad=1.675
[can] backend=detectnet_native no detections
[tag] no detections
[map] motion direction=right speed=0.15 effective_seconds=0.06187248229980469 pose={'x_m': -0.28430232566303326, 'y_m': -0.10314575248985966, 'heading_rad': 1.0803856982532531}
[map] navigate label=bin_docking distance_m=0.864 heading_error_rad=1.664
[can] backend=detectnet_native no detections
[tag] no detections
[map] motion direction=right speed=0.15 effective_seconds=0.06383347511291504 pose={'x_m': -0.28430232566303326, 'y_m': -0.10314575248985966, 'heading_rad': 1.0915267413903562}
[map] navigate label=bin_docking distance_m=0.864 heading_error_rad=1.653
[can] backend=detectnet_native no detections
[tag] no detections
[map] motion direction=right speed=0.15 effective_seconds=0.06447434425354004 pose={'x_m': -0.28430232566303326, 'y_m': -0.10314575248985966, 'heading_rad': 1.1027796372932421}
[map] navigate label=bin_docking distance_m=0.864 heading_error_rad=1.642
[can] backend=detectnet_native no detections
[tag] no detections
[map] motion direction=right speed=0.15 effective_seconds=0.05985522270202637 pose={'x_m': -0.28430232566303326, 'y_m': -0.10314575248985966, 'heading_rad': 1.1132263443998909}
[map] navigate label=bin_docking distance_m=0.864 heading_error_rad=1.631
[can] backend=detectnet_native no detections
[tag] no detections
[map] motion direction=right speed=0.15 effective_seconds=0.06075429916381836 pose={'x_m': -0.28430232566303326, 'y_m': -0.10314575248985966, 'heading_rad': 1.1238299699513945}
[map] navigate label=bin_docking distance_m=0.864 heading_error_rad=1.621
[can] backend=detectnet_native no detections
[tag] no detections
[map] motion direction=right speed=0.15 effective_seconds=0.06335330009460449 pose={'x_m': -0.28430232566303326, 'y_m': -0.10314575248985966, 'heading_rad': 1.134887206737944}
[map] navigate label=bin_docking distance_m=0.864 heading_error_rad=1.609
[can] backend=detectnet_native no detections
[tag] no detections
[map] motion direction=right speed=0.15 effective_seconds=0.06184887886047363 pose={'x_m': -0.28430232566303326, 'y_m': -0.10314575248985966, 'heading_rad': 1.1456818724857687}
[map] navigate label=bin_docking distance_m=0.864 heading_error_rad=1.599
[can] backend=detectnet_native no detections
[tag] no detections
[map] motion direction=right speed=0.15 effective_seconds=0.06280183792114258 pose={'x_m': -0.28430232566303326, 'y_m': -0.10314575248985966, 'heading_rad': 1.1566428609660466}
[map] navigate label=bin_docking distance_m=0.864 heading_error_rad=1.588
[can] backend=detectnet_native no detections
[tag] no detections
[map] motion direction=right speed=0.15 effective_seconds=0.06522560119628906 pose={'x_m': -0.28430232566303326, 'y_m': -0.10314575248985966, 'heading_rad': 1.1680268759407273}
[map] navigate label=bin_docking distance_m=0.864 heading_error_rad=1.576
[can] backend=detectnet_native no detections
[tag] no detections
[map] motion direction=right speed=0.15 effective_seconds=0.06135153770446777 pose={'x_m': -0.28430232566303326, 'y_m': -0.10314575248985966, 'heading_rad': 1.1787347392817722}
[map] navigate label=bin_docking distance_m=0.864 heading_error_rad=1.566
[can] backend=detectnet_native no detections
[tag] no detections
[map] motion direction=right speed=0.15 effective_seconds=0.06416940689086914 pose={'x_m': -0.28430232566303326, 'y_m': -0.10314575248985966, 'heading_rad': 1.1899344135747487}
[map] navigate label=bin_docking distance_m=0.864 heading_error_rad=1.554
[can] backend=detectnet_native no detections
[tag] no detections
[map] motion direction=right speed=0.15 effective_seconds=0.06143927574157715 pose={'x_m': -0.28430232566303326, 'y_m': -0.10314575248985966, 'heading_rad': 1.200657590092062}
[map] navigate label=bin_docking distance_m=0.864 heading_error_rad=1.544
[can] backend=detectnet_native no detections
[tag] no detections
[map] motion direction=right speed=0.15 effective_seconds=0.062404632568359375 pose={'x_m': -0.28430232566303326, 'y_m': -0.10314575248985966, 'heading_rad': 1.2115492531602143}
[map] navigate label=bin_docking distance_m=0.864 heading_error_rad=1.533
[can] backend=detectnet_native no detections
[tag] no detections
[map] motion direction=right speed=0.15 effective_seconds=0.0625753402709961 pose={'x_m': -0.28430232566303326, 'y_m': -0.10314575248985966, 'heading_rad': 1.222470710343062}
[map] navigate label=bin_docking distance_m=0.864 heading_error_rad=1.522
[can] backend=detectnet_native no detections
[tag] no detections
[map] motion direction=right speed=0.15 effective_seconds=0.06040644645690918 pose={'x_m': -0.28430232566303326, 'y_m': -0.10314575248985966, 'heading_rad': 1.2330136241440899}
[map] navigate label=bin_docking distance_m=0.864 heading_error_rad=1.511
[can] backend=detectnet_native no detections
[tag] no detections
[map] motion direction=right speed=0.15 effective_seconds=0.05901074409484863 pose={'x_m': -0.28430232566303326, 'y_m': -0.10314575248985966, 'heading_rad': 1.24331294192916}
[map] navigate label=bin_docking distance_m=0.864 heading_error_rad=1.501
[can] backend=detectnet_native no detections
[tag] no detections
[map] motion direction=right speed=0.15 effective_seconds=0.06215620040893555 pose={'x_m': -0.28430232566303326, 'y_m': -0.10314575248985966, 'heading_rad': 1.2541612454058146}
[map] navigate label=bin_docking distance_m=0.864 heading_error_rad=1.490
[can] backend=detectnet_native no detections
[tag] no detections
[map] motion direction=right speed=0.15 effective_seconds=0.06165909767150879 pose={'x_m': -0.28430232566303326, 'y_m': -0.10314575248985966, 'heading_rad': 1.2649227880875813}
[map] navigate label=bin_docking distance_m=0.864 heading_error_rad=1.479
[can] backend=detectnet_native no detections
[tag] no detections
[map] motion direction=right speed=0.15 effective_seconds=0.06079387664794922 pose={'x_m': -0.28430232566303326, 'y_m': -0.10314575248985966, 'heading_rad': 1.275533321213162}
[map] navigate label=bin_docking distance_m=0.864 heading_error_rad=1.469
[can] backend=detectnet_native no detections
[tag] no detections
[map] motion direction=right speed=0.15 effective_seconds=0.06370139122009277 pose={'x_m': -0.28430232566303326, 'y_m': -0.10314575248985966, 'heading_rad': 1.2866513113620792}
[map] navigate label=bin_docking distance_m=0.864 heading_error_rad=1.458
[can] backend=detectnet_native no detections
[tag] no detections
[map] motion direction=right speed=0.15 effective_seconds=0.06327605247497559 pose={'x_m': -0.28430232566303326, 'y_m': -0.10314575248985966, 'heading_rad': 1.29769506589561}
[map] navigate label=bin_docking distance_m=0.864 heading_error_rad=1.447
[can] backend=detectnet_native no detections
[tag] no detections
[map] motion direction=right speed=0.15 effective_seconds=0.06469154357910156 pose={'x_m': -0.28430232566303326, 'y_m': -0.10314575248985966, 'heading_rad': 1.3089858702321377}
[map] navigate label=bin_docking distance_m=0.864 heading_error_rad=1.435
[can] backend=detectnet_native no detections
[tag] no detections
[map] motion direction=right speed=0.15 effective_seconds=0.06222224235534668 pose={'x_m': -0.28430232566303326, 'y_m': -0.10314575248985966, 'heading_rad': 1.319845700202885}
[map] navigate label=bin_docking distance_m=0.864 heading_error_rad=1.425
[can] backend=detectnet_native no detections
[tag] no detections
[map] motion direction=right speed=0.15 effective_seconds=0.06412053108215332 pose={'x_m': -0.28430232566303326, 'y_m': -0.10314575248985966, 'heading_rad': 1.3310368440579952}
[map] navigate label=bin_docking distance_m=0.864 heading_error_rad=1.413
[can] backend=detectnet_native no detections
[tag] no detections
[map] motion direction=right speed=0.15 effective_seconds=0.06455612182617188 pose={'x_m': -0.28430232566303326, 'y_m': -0.10314575248985966, 'heading_rad': 1.3423040128398487}
[map] navigate label=bin_docking distance_m=0.864 heading_error_rad=1.402
[can] backend=detectnet_native no detections
[tag] no detections
[map] motion direction=right speed=0.15 effective_seconds=0.0651543140411377 pose={'x_m': -0.28430232566303326, 'y_m': -0.10314575248985966, 'heading_rad': 1.3536755858588112}
[map] navigate label=bin_docking distance_m=0.864 heading_error_rad=1.391
[can] backend=detectnet_native no detections
[tag] no detections
[map] motion direction=right speed=0.15 effective_seconds=0.06387925148010254 pose={'x_m': -0.28430232566303326, 'y_m': -0.10314575248985966, 'heading_rad': 1.3648246184791848}
[map] navigate label=bin_docking distance_m=0.864 heading_error_rad=1.380
[can] backend=detectnet_native no detections
[tag] no detections
[map] motion direction=right speed=0.15 effective_seconds=0.06155538558959961 pose={'x_m': -0.28430232566303326, 'y_m': -0.10314575248985966, 'heading_rad': 1.3755680599879172}
[map] navigate label=bin_docking distance_m=0.864 heading_error_rad=1.369
[can] backend=detectnet_native no detections
[tag] no detections
[map] motion direction=right speed=0.15 effective_seconds=0.06059908866882324 pose={'x_m': -0.28430232566303326, 'y_m': -0.10314575248985966, 'heading_rad': 1.386144596197708}
[map] navigate label=bin_docking distance_m=0.864 heading_error_rad=1.358
[can] backend=detectnet_native no detections
[tag] no detections
[map] motion direction=right speed=0.15 effective_seconds=0.06438374519348145 pose={'x_m': -0.28430232566303326, 'y_m': -0.10314575248985966, 'heading_rad': 1.3973816795816223}
[map] navigate label=bin_docking distance_m=0.864 heading_error_rad=1.347
[can] backend=detectnet_native no detections
[tag] no detections
[map] motion direction=right speed=0.15 effective_seconds=0.06108283996582031 pose={'x_m': -0.28430232566303326, 'y_m': -0.10314575248985966, 'heading_rad': 1.4080426463203466}
[map] navigate label=bin_docking distance_m=0.864 heading_error_rad=1.336
[can] backend=detectnet_native no detections
[tag] no detections
[map] motion direction=right speed=0.15 effective_seconds=0.06370329856872559 pose={'x_m': -0.28430232566303326, 'y_m': -0.10314575248985966, 'heading_rad': 1.4191609693644}
[map] navigate label=bin_docking distance_m=0.864 heading_error_rad=1.325
[can] backend=detectnet_native no detections
[tag] no detections
[map] motion direction=right speed=0.15 effective_seconds=0.06186985969543457 pose={'x_m': -0.28430232566303326, 'y_m': -0.10314575248985966, 'heading_rad': 1.4299592969587236}
[map] navigate label=bin_docking distance_m=0.864 heading_error_rad=1.314
[can] backend=detectnet_native no detections
[tag] no detections
[map] motion direction=right speed=0.15 effective_seconds=0.06347942352294922 pose={'x_m': -0.28430232566303326, 'y_m': -0.10314575248985966, 'heading_rad': 1.4410385464361584}
[map] navigate label=bin_docking distance_m=0.864 heading_error_rad=1.303
[can] backend=detectnet_native no detections
[tag] no detections
[map] motion direction=right speed=0.15 effective_seconds=0.06200718879699707 pose={'x_m': -0.28430232566303326, 'y_m': -0.10314575248985966, 'heading_rad': 1.4518608424802926}
[map] navigate label=bin_docking distance_m=0.864 heading_error_rad=1.293
[can] backend=detectnet_native no detections
[tag] no detections
[map] motion direction=right speed=0.15 effective_seconds=0.06035351753234863 pose={'x_m': -0.28430232566303326, 'y_m': -0.10314575248985966, 'heading_rad': 1.4623945184412896}
[map] navigate label=bin_docking distance_m=0.864 heading_error_rad=1.282
[can] backend=detectnet_native no detections
[tag] no detections
[map] motion direction=right speed=0.15 effective_seconds=0.06349492073059082 pose={'x_m': -0.28430232566303326, 'y_m': -0.10314575248985966, 'heading_rad': 1.473476472691706}
[map] navigate label=bin_docking distance_m=0.864 heading_error_rad=1.271
[can] backend=detectnet_native no detections
[tag] no detections
[map] motion direction=right speed=0.15 effective_seconds=0.06096172332763672 pose={'x_m': -0.28430232566303326, 'y_m': -0.10314575248985966, 'heading_rad': 1.4841163005892781}
[map] navigate label=bin_docking distance_m=0.864 heading_error_rad=1.260
[can] backend=detectnet_native no detections
[tag] no detections
[map] motion direction=right speed=0.15 effective_seconds=0.06117510795593262 pose={'x_m': -0.28430232566303326, 'y_m': -0.10314575248985966, 'heading_rad': 1.4947933711302186}
[map] navigate label=bin_docking distance_m=0.864 heading_error_rad=1.250
[can] backend=detectnet_native no detections
[tag] no detections
[map] motion direction=right speed=0.15 effective_seconds=0.060217857360839844 pose={'x_m': -0.28430232566303326, 'y_m': -0.10314575248985966, 'heading_rad': 1.5053033699246487}
[map] navigate label=bin_docking distance_m=0.864 heading_error_rad=1.239
[can] backend=detectnet_native no detections
[tag] no detections
[map] motion direction=right speed=0.15 effective_seconds=0.06185483932495117 pose={'x_m': -0.28430232566303326, 'y_m': -0.10314575248985966, 'heading_rad': 1.5160990759697741}
[map] navigate label=bin_docking distance_m=0.864 heading_error_rad=1.228
[can] backend=detectnet_native no detections
[tag] no detections
[map] motion direction=right speed=0.15 effective_seconds=0.06248807907104492 pose={'x_m': -0.28430232566303326, 'y_m': -0.10314575248985966, 'heading_rad': 1.5270053032001378}
[map] navigate label=bin_docking distance_m=0.864 heading_error_rad=1.217
[can] backend=detectnet_native no detections
[tag] no detections
[map] motion direction=right speed=0.15 effective_seconds=0.05991864204406738 pose={'x_m': -0.28430232566303326, 'y_m': -0.10314575248985966, 'heading_rad': 1.5374630790700676}
[map] navigate label=bin_docking distance_m=0.864 heading_error_rad=1.207
[can] backend=detectnet_native no detections
[tag] no detections
[map] motion direction=right speed=0.15 effective_seconds=0.059821367263793945 pose={'x_m': -0.28430232566303326, 'y_m': -0.10314575248985966, 'heading_rad': 1.5479038772880482}
[map] navigate label=bin_docking distance_m=0.864 heading_error_rad=1.196
[can] backend=detectnet_native no detections
[tag] no detections
[map] motion direction=right speed=0.15 effective_seconds=0.06563830375671387 pose={'x_m': -0.28430232566303326, 'y_m': -0.10314575248985966, 'heading_rad': 1.559359922447837}
[map] navigate label=bin_docking distance_m=0.864 heading_error_rad=1.185
[can] backend=detectnet_native no detections
[tag] no detections
[map] motion direction=right speed=0.15 effective_seconds=0.06014680862426758 pose={'x_m': -0.28430232566303326, 'y_m': -0.10314575248985966, 'heading_rad': 1.5698575208984415}
[map] navigate label=bin_docking distance_m=0.864 heading_error_rad=1.175
[can] backend=detectnet_native no detections
[tag] no detections
[map] motion direction=right speed=0.15 effective_seconds=0.06166386604309082 pose={'x_m': -0.28430232566303326, 'y_m': -0.10314575248985966, 'heading_rad': 1.5806198958180486}
[map] navigate label=bin_docking distance_m=0.864 heading_error_rad=1.164
[can] backend=detectnet_native no detections
[tag] no detections
[map] motion direction=right speed=0.15 effective_seconds=0.06057429313659668 pose={'x_m': -0.28430232566303326, 'y_m': -0.10314575248985966, 'heading_rad': 1.5911921043910677}
[map] navigate label=bin_docking distance_m=0.864 heading_error_rad=1.153
[can] backend=detectnet_native no detections
[tag] no detections
[map] motion direction=right speed=0.15 effective_seconds=0.06338667869567871 pose={'x_m': -0.28430232566303326, 'y_m': -0.10314575248985966, 'heading_rad': 1.602255166842502}
[map] navigate label=bin_docking distance_m=0.864 heading_error_rad=1.142
[can] backend=detectnet_native no detections
[tag] no detections
[map] motion direction=right speed=0.15 effective_seconds=0.06644725799560547 pose={'x_m': -0.28430232566303326, 'y_m': -0.10314575248985966, 'heading_rad': 1.6138524011519575}
[map] navigate label=bin_docking distance_m=0.864 heading_error_rad=1.131
[can] backend=detectnet_native no detections
[tag] no detections
[map] motion direction=right speed=0.15 effective_seconds=0.0620574951171875 pose={'x_m': -0.28430232566303326, 'y_m': -0.10314575248985966, 'heading_rad': 1.624683477305311}
[map] navigate label=bin_docking distance_m=0.864 heading_error_rad=1.120
[can] backend=detectnet_native no detections
[tag] no detections
[map] motion direction=right speed=0.15 effective_seconds=0.06241941452026367 pose={'x_m': -0.28430232566303326, 'y_m': -0.10314575248985966, 'heading_rad': 1.6355777203107689}
[map] navigate label=bin_docking distance_m=0.864 heading_error_rad=1.109
[can] backend=detectnet_native no detections
[tag] no detections
[map] motion direction=right speed=0.15 effective_seconds=0.0591893196105957 pose={'x_m': -0.28430232566303326, 'y_m': -0.10314575248985966, 'heading_rad': 1.6459082054029714}
[map] navigate label=bin_docking distance_m=0.864 heading_error_rad=1.098
[can] backend=detectnet_native no detections
[tag] no detections
[map] motion direction=right speed=0.15 effective_seconds=0.0645761489868164 pose={'x_m': -0.28430232566303326, 'y_m': -0.10314575248985966, 'heading_rad': 1.6571788695837562}
[map] navigate label=bin_docking distance_m=0.864 heading_error_rad=1.087
[can] backend=detectnet_native no detections
[tag] no detections
[map] motion direction=right speed=0.15 effective_seconds=0.0637063980102539 pose={'x_m': -0.28430232566303326, 'y_m': -0.10314575248985966, 'heading_rad': 1.6682977335824063}
[map] navigate label=bin_docking distance_m=0.864 heading_error_rad=1.076
[can] backend=detectnet_native no detections
[tag] no detections
[map] motion direction=right speed=0.15 effective_seconds=0.06333422660827637 pose={'x_m': -0.28430232566303326, 'y_m': -0.10314575248985966, 'heading_rad': 1.6793516414175933}
[map] navigate label=bin_docking distance_m=0.864 heading_error_rad=1.065
[can] backend=detectnet_native no detections
[tag] no detections
[map] motion direction=right speed=0.15 effective_seconds=0.06374526023864746 pose={'x_m': -0.28430232566303326, 'y_m': -0.10314575248985966, 'heading_rad': 1.6904772881546446}
[map] navigate label=bin_docking distance_m=0.864 heading_error_rad=1.054
[can] backend=detectnet_native no detections
[tag] no detections
[map] motion direction=right speed=0.15 effective_seconds=0.05995821952819824 pose={'x_m': -0.28430232566303326, 'y_m': -0.10314575248985966, 'heading_rad': 1.7009419715986516}
[map] navigate label=bin_docking distance_m=0.864 heading_error_rad=1.043
[can] backend=detectnet_native no detections
[tag] no detections
[map] motion direction=right speed=0.15 effective_seconds=0.05902671813964844 pose={'x_m': -0.28430232566303326, 'y_m': -0.10314575248985966, 'heading_rad': 1.7112440773804876}
[map] navigate label=bin_docking distance_m=0.864 heading_error_rad=1.033
[can] backend=detectnet_native no detections
[tag] no detections
[map] motion direction=right speed=0.15 effective_seconds=0.062272071838378906 pose={'x_m': -0.28430232566303326, 'y_m': -0.10314575248985966, 'heading_rad': 1.7221126042366697}
[map] navigate label=bin_docking distance_m=0.864 heading_error_rad=1.022
[can] backend=detectnet_native no detections
[tag] no detections
[map] motion direction=right speed=0.15 effective_seconds=0.06206059455871582 pose={'x_m': -0.28430232566303326, 'y_m': -0.10314575248985966, 'heading_rad': 1.732944221344619}
[map] navigate label=bin_docking distance_m=0.864 heading_error_rad=1.011
[can] backend=detectnet_native no detections
[tag] no detections
[map] motion direction=right speed=0.15 effective_seconds=0.0641031265258789 pose={'x_m': -0.28430232566303326, 'y_m': -0.10314575248985966, 'heading_rad': 1.7441323275316112}
[map] navigate label=bin_docking distance_m=0.864 heading_error_rad=1.000
[can] backend=detectnet_native no detections
[tag] no detections
[map] motion direction=right speed=0.15 effective_seconds=0.06463336944580078 pose={'x_m': -0.28430232566303326, 'y_m': -0.10314575248985966, 'heading_rad': 1.7554129785664827}
[map] navigate label=bin_docking distance_m=0.864 heading_error_rad=0.989
[can] backend=detectnet_native no detections
[tag] no detections
[map] motion direction=right speed=0.15 effective_seconds=0.06463932991027832 pose={'x_m': -0.28430232566303326, 'y_m': -0.10314575248985966, 'heading_rad': 1.766694669898655}
[map] navigate label=bin_docking distance_m=0.864 heading_error_rad=0.978
[can] backend=detectnet_native no detections
[tag] no detections
[map] motion direction=right speed=0.15 effective_seconds=0.0623621940612793 pose={'x_m': -0.28430232566303326, 'y_m': -0.10314575248985966, 'heading_rad': 1.7775789260500252}
[map] navigate label=bin_docking distance_m=0.864 heading_error_rad=0.967
[can] backend=detectnet_native no detections
[tag] no detections
[map] motion direction=right speed=0.15 effective_seconds=0.06023883819580078 pose={'x_m': -0.28430232566303326, 'y_m': -0.10314575248985966, 'heading_rad': 1.7880925866909543}
[map] navigate label=bin_docking distance_m=0.864 heading_error_rad=0.956
[can] backend=detectnet_native detections=1 best_confidence=0.208
[depth] map_can_0_depth mean=2.217 min=1.965 max=2.788
[map] can added id=24 position={'x_m': -0.0948933888020688, 'y_m': -0.21833360793278625}
[tag] no detections
[map] motion direction=right speed=0.15 effective_seconds=0.0878000259399414 pose={'x_m': -0.28430232566303326, 'y_m': -0.10314575248985966, 'heading_rad': 1.8034165820508399}
[map] navigate label=bin_docking distance_m=0.864 heading_error_rad=0.941
[can] backend=detectnet_native detections=1 best_confidence=0.235
[depth] map_can_0_depth mean=2.052 min=1.853 max=2.764
[map] can added id=25 position={'x_m': -0.10945482260574196, 'y_m': -0.2105436865636266}
[tag] no detections
[map] motion direction=right speed=0.15 effective_seconds=0.08780598640441895 pose={'x_m': -0.28430232566303326, 'y_m': -0.10314575248985966, 'heading_rad': 1.8187416177080262}
[map] navigate label=bin_docking distance_m=0.864 heading_error_rad=0.926
[can] backend=detectnet_native no detections
[tag] no detections
[map] motion direction=right speed=0.15 effective_seconds=0.06187295913696289 pose={'x_m': -0.28430232566303326, 'y_m': -0.10314575248985966, 'heading_rad': 1.8295404862569455}
[map] navigate label=bin_docking distance_m=0.864 heading_error_rad=0.915
[can] backend=detectnet_native no detections
[tag] no detections
[map] motion direction=right speed=0.15 effective_seconds=0.05845141410827637 pose={'x_m': -0.28430232566303326, 'y_m': -0.10314575248985966, 'heading_rad': 1.839742182543307}
[map] navigate label=bin_docking distance_m=0.864 heading_error_rad=0.905
[can] backend=detectnet_native no detections
[tag] no detections
[map] motion direction=right speed=0.15 effective_seconds=0.06136941909790039 pose={'x_m': -0.28430232566303326, 'y_m': -0.10314575248985966, 'heading_rad': 1.850453166776254}
[map] navigate label=bin_docking distance_m=0.864 heading_error_rad=0.894
[can] backend=detectnet_native no detections
[tag] no detections
[map] motion direction=right speed=0.15 effective_seconds=0.06125164031982422 pose={'x_m': -0.28430232566303326, 'y_m': -0.10314575248985966, 'heading_rad': 1.8611435947345374}
[map] navigate label=bin_docking distance_m=0.864 heading_error_rad=0.883
[can] backend=detectnet_native no detections
[tag] no detections
[map] motion direction=right speed=0.15 effective_seconds=0.060790061950683594 pose={'x_m': -0.28430232566303326, 'y_m': -0.10314575248985966, 'heading_rad': 1.8717534620698455}
[map] navigate label=bin_docking distance_m=0.864 heading_error_rad=0.873
[can] backend=detectnet_native no detections
[tag] no detections
[map] motion direction=right speed=0.15 effective_seconds=0.062143564224243164 pose={'x_m': -0.28430232566303326, 'y_m': -0.10314575248985966, 'heading_rad': 1.8825995601162226}
[map] navigate label=bin_docking distance_m=0.864 heading_error_rad=0.862
[can] backend=detectnet_native no detections
[tag] no detections
[map] motion direction=right speed=0.15 effective_seconds=0.061414480209350586 pose={'x_m': -0.28430232566303326, 'y_m': -0.10314575248985966, 'heading_rad': 1.8933184089967643}
[map] navigate label=bin_docking distance_m=0.864 heading_error_rad=0.851
[can] backend=detectnet_native no detections
[tag] no detections
[map] motion direction=right speed=0.15 effective_seconds=0.05832481384277344 pose={'x_m': -0.28430232566303326, 'y_m': -0.10314575248985966, 'heading_rad': 1.903498009368457}
[map] navigate label=bin_docking distance_m=0.864 heading_error_rad=0.841
[can] backend=detectnet_native no detections
[tag] no detections
[map] motion direction=right speed=0.15 effective_seconds=0.06029248237609863 pose={'x_m': -0.28430232566303326, 'y_m': -0.10314575248985966, 'heading_rad': 1.9140210326850937}
[map] navigate label=bin_docking distance_m=0.864 heading_error_rad=0.830
[can] backend=detectnet_native no detections
[tag] no detections
[map] navigate label=bin_docking distance_m=0.864 heading_error_rad=0.818
[base] continuous start label=map_turn_bin_docking direction=right requested_speed=0.15 effective_speed=0.15
[fsm] stop requested; ending run without mission failure
[media] shutdown result={'stopped': True, 'stopping': False, 'last_recording': '/workspace/robot_code/temp_car/diagnostic_outputs/full_demo_1788733031280.avi', 'last_events': '/workspace/robot_code/temp_car/diagnostic_outputs/full_demo_1788733031280.events.csv'}
[fsm] stop_all owner=Thread-17
[map] motion direction=right speed=0.15 effective_seconds=0.18325281143188477 pose={'x_m': -0.28430232566303326, 'y_m': -0.10314575248985966, 'heading_rad': 1.9585753432150943}
[base] continuous stop label=map_turn_bin_docking elapsed=0.183s
[base] stop
[arm] pose safe_home
[arm] safe_home servo=5 angle=0 speed=85
[arm] safe_home servo=4 angle=0 speed=85
[arm] safe_home servo=3 angle=0 speed=85
[arm] safe_home servo=2 angle=0 speed=85
[arm] safe_home servo=1 angle=-16 speed=85
[camera] stopped
[depth] stop
[result] False
[integration] STOPPED elapsed=117.9s
