timestamp,state,status,detected,path_blocked,unsafe,selected_side,background_depth,obstacle_depth,width_norm,height_norm,center_depth,center_x_norm,bbox_left_norm,bbox_right_norm,reason
1787999048.997019,READY,CANDIDATE,True,True,False,left,2.8049378395080566,2.2678329944610596,0.09821428571428571,0.08928571428571429,2.4635040760040283,0.6205357142857143,0.5714285714285714,0.6696428571428571,center bbox awaiting confirmation
1787999049.2997458,READY,CANDIDATE,True,True,False,left,2.770371437072754,2.2164011001586914,0.22321428571428573,0.24107142857142858,2.3557941913604736,0.5580357142857143,0.44642857142857145,0.6696428571428571,center bbox awaiting confirmation
1787999049.54517,READY,CANDIDATE,True,True,False,left,2.7732460498809814,2.3065574169158936,0.08928571428571429,0.08035714285714286,2.5276055335998535,0.6160714285714286,0.5714285714285714,0.6607142857142857,center bbox awaiting confirmation
1787999049.788674,READY,CANDIDATE,True,True,False,left,2.8375344276428223,2.2043356895446777,0.07142857142857142,0.0625,2.5530877113342285,0.49107142857142855,0.45535714285714285,0.5267857142857143,center bbox awaiting confirmation
1787999050.0304277,READY,CANDIDATE,True,True,False,left,2.759678602218628,2.3095340728759766,0.03571428571428571,0.026785714285714284,2.658674478530884,0.5714285714285714,0.5535714285714286,0.5892857142857143,center bbox awaiting confirmation
1787999050.2720895,READY,CANDIDATE,True,True,False,left,2.807011604309082,2.213672161102295,0.22321428571428573,0.25,2.387725591659546,0.5580357142857143,0.44642857142857145,0.6696428571428571,center bbox awaiting confirmation
1787999050.5112376,READY,CANDIDATE,True,True,False,left,2.8496012687683105,2.176084518432617,0.09821428571428571,0.09821428571428571,2.465385913848877,0.4955357142857143,0.44642857142857145,0.5446428571428571,center bbox awaiting confirmation
1787999050.7501688,READY,CANDIDATE,True,True,False,left,2.7794876098632812,2.221950054168701,0.21428571428571427,0.24107142857142858,2.383928060531616,0.5625,0.45535714285714285,0.6696428571428571,center bbox awaiting confirmation
1787999050.991551,READY,CANDIDATE,True,True,False,left,2.7805356979370117,2.2103936672210693,0.22321428571428573,0.19642857142857142,2.3817155361175537,0.5580357142857143,0.44642857142857145,0.6696428571428571,center bbox awaiting confirmation
1787999051.2317684,READY,CANDIDATE,True,True,False,left,2.822751045227051,2.3513429164886475,0.044642857142857144,0.044642857142857144,2.5987472534179688,0.6026785714285714,0.5803571428571429,0.625,center bbox awaiting confirmation
1787999051.4733186,READY,CANDIDATE,True,True,False,left,2.7972512245178223,2.3453211784362793,0.044642857142857144,0.044642857142857144,2.610208034515381,0.6026785714285714,0.5803571428571429,0.625,center bbox awaiting confirmation
1787999051.7116754,READY,CANDIDATE,True,True,False,left,2.8190996646881104,2.1884193420410156,0.07142857142857142,0.07142857142857142,2.513666868209839,0.49107142857142855,0.45535714285714285,0.5267857142857143,center bbox awaiting confirmation
1787999051.9491365,READY,CLEAR,False,False,False,,2.8477487564086914,,,,2.625527858734131,,,,center path clear
1787999052.188111,READY,CANDIDATE,True,True,False,left,2.773703098297119,2.1632766723632812,0.23214285714285715,0.1875,2.359844207763672,0.5625,0.44642857142857145,0.6785714285714286,center bbox awaiting confirmation
1787999052.4285235,READY,CANDIDATE,True,True,False,left,2.806159019470215,2.3491227626800537,0.07142857142857142,0.05357142857142857,2.58976149559021,0.6160714285714286,0.5803571428571429,0.6517857142857143,center bbox awaiting confirmation
1787999052.6711993,READY,CANDIDATE,True,True,False,left,2.817166566848755,2.3462727069854736,0.07142857142857142,0.0625,2.54575777053833,0.6160714285714286,0.5803571428571429,0.6517857142857143,center bbox awaiting confirmation
1787999052.910071,READY,CANDIDATE,True,True,False,left,2.767904758453369,2.1932263374328613,0.22321428571428573,0.24107142857142858,2.3702142238616943,0.5669642857142857,0.45535714285714285,0.6785714285714286,center bbox awaiting confirmation
1787999053.149434,READY,CANDIDATE,True,True,False,left,2.7961435317993164,2.341948986053467,0.07142857142857142,0.0625,2.5413591861724854,0.6160714285714286,0.5803571428571429,0.6517857142857143,center bbox awaiting confirmation
1787999053.3888245,READY,CANDIDATE,True,True,False,left,2.774862289428711,2.230964422225952,0.125,0.15178571428571427,2.4486541748046875,0.6160714285714286,0.5535714285714286,0.6785714285714286,center bbox awaiting confirmation
1787999053.6302607,READY,CANDIDATE,True,True,False,left,2.7586874961853027,2.21455717086792,0.22321428571428573,0.24107142857142858,2.354555606842041,0.5580357142857143,0.44642857142857145,0.6696428571428571,center bbox awaiting confirmation
1787999053.8724382,READY,CANDIDATE,True,True,False,left,2.7768778800964355,2.2518622875213623,0.10714285714285714,0.09821428571428571,2.4274091720581055,0.6160714285714286,0.5625,0.6696428571428571,center bbox awaiting confirmation
1787999054.1096497,READY,CANDIDATE,True,True,False,left,2.8082361221313477,2.2972452640533447,0.11607142857142858,0.15178571428571427,2.476428985595703,0.6116071428571429,0.5535714285714286,0.6696428571428571,center bbox awaiting confirmation
1787999054.350868,READY,CANDIDATE,True,True,False,left,2.82081937789917,2.237415313720703,0.09821428571428571,0.09821428571428571,2.4528911113739014,0.6205357142857143,0.5714285714285714,0.6696428571428571,center bbox awaiting confirmation
1787999054.5914598,READY,CANDIDATE,True,True,False,left,2.763333320617676,2.283870220184326,0.09821428571428571,0.09821428571428571,2.448092460632324,0.6205357142857143,0.5714285714285714,0.6696428571428571,center bbox awaiting confirmation
1787999054.8315248,READY,CANDIDATE,True,True,False,left,2.849268674850464,2.336634874343872,0.03571428571428571,0.026785714285714284,2.606268882751465,0.5803571428571429,0.5625,0.5982142857142857,center bbox awaiting confirmation
1787999055.0745807,READY,CANDIDATE,True,True,False,left,2.7953691482543945,2.2747812271118164,0.11607142857142858,0.15178571428571427,2.421614408493042,0.6116071428571429,0.5535714285714286,0.6696428571428571,center bbox awaiting confirmation
1787999055.314977,READY,CANDIDATE,True,True,False,left,2.7439827919006348,2.0512149333953857,0.25892857142857145,0.25892857142857145,2.2013819217681885,0.5580357142857143,0.42857142857142855,0.6875,center bbox awaiting confirmation
1787999055.5548654,READY,CLEAR,False,False,False,,2.868906021118164,,,,2.7213854789733887,,,,center path clear
1787999055.7964408,READY,CANDIDATE,True,True,False,left,2.8116443157196045,2.280843734741211,0.10714285714285714,0.09821428571428571,2.4497344493865967,0.6160714285714286,0.5625,0.6696428571428571,center bbox awaiting confirmation
1787999056.0353184,READY,CANDIDATE,True,True,False,left,2.7607858180999756,2.286856174468994,0.125,0.15178571428571427,2.430156707763672,0.6071428571428571,0.5446428571428571,0.6696428571428571,center bbox awaiting confirmation
1787999056.278548,READY,CANDIDATE,True,True,False,left,2.789679527282715,2.339750289916992,0.08928571428571429,0.08928571428571429,2.5127639770507812,0.6160714285714286,0.5714285714285714,0.6607142857142857,center bbox awaiting confirmation
1787999056.5158288,READY,CLEAR,False,False,False,,2.855071544647217,,,,2.6577866077423096,,,,center path clear
1787999056.753849,READY,CANDIDATE,True,True,False,left,2.7722058296203613,2.2293782234191895,0.22321428571428573,0.24107142857142858,2.3954918384552,0.5580357142857143,0.44642857142857145,0.6696428571428571,center bbox awaiting confirmation
1787999056.995982,READY,CLEAR,False,False,False,,2.8303494453430176,,,,2.6868934631347656,,,,center path clear
1787999057.2337563,READY,CLEAR,False,False,False,,2.8095359802246094,,,,2.6734673976898193,,,,center path clear
1787999057.4751859,READY,CANDIDATE,True,True,False,left,2.786391496658325,2.26507568359375,0.11607142857142858,0.15178571428571427,2.4280004501342773,0.6116071428571429,0.5535714285714286,0.6696428571428571,center bbox awaiting confirmation
1787999057.7137418,READY,CANDIDATE,True,True,False,left,2.7424416542053223,2.3340606689453125,0.08928571428571429,0.07142857142857142,2.52667236328125,0.6160714285714286,0.5714285714285714,0.6607142857142857,center bbox awaiting confirmation
1787999057.9533105,READY,CANDIDATE,True,True,False,left,2.8420498371124268,2.335921287536621,0.05357142857142857,0.05357142857142857,2.565300464630127,0.6071428571428571,0.5803571428571429,0.6339285714285714,center bbox awaiting confirmation
1787999058.1936588,READY,CANDIDATE,True,True,False,left,2.7849578857421875,2.3332085609436035,0.08035714285714286,0.0625,2.5614261627197266,0.6116071428571429,0.5714285714285714,0.6517857142857143,center bbox awaiting confirmation
1787999058.431961,READY,CANDIDATE,True,True,False,left,2.7843515872955322,2.2930800914764404,0.09821428571428571,0.08928571428571429,2.5178074836730957,0.6205357142857143,0.5714285714285714,0.6696428571428571,center bbox awaiting confirmation
1787999058.674172,READY,CANDIDATE,True,True,False,left,2.8194174766540527,2.3471946716308594,0.044642857142857144,0.044642857142857144,2.588315486907959,0.6026785714285714,0.5803571428571429,0.625,center bbox awaiting confirmation
1787999058.9157948,READY,CANDIDATE,True,True,False,left,2.824425220489502,2.191380739212036,0.07142857142857142,0.07142857142857142,2.533437967300415,0.49107142857142855,0.45535714285714285,0.5267857142857143,center bbox awaiting confirmation
1787999059.1561768,READY,CANDIDATE,True,True,False,left,2.7948803901672363,2.3156020641326904,0.0625,0.07142857142857142,2.5443384647369385,0.6026785714285714,0.5714285714285714,0.6339285714285714,center bbox awaiting confirmation
1787999059.3988543,READY,CANDIDATE,True,True,False,left,2.780071496963501,2.1155214309692383,0.25,0.25,2.3057494163513184,0.5625,0.4375,0.6875,center bbox awaiting confirmation
1787999059.637917,READY,CANDIDATE,True,True,False,left,2.793733596801758,2.2272653579711914,0.23214285714285715,0.19642857142857142,2.4078855514526367,0.5535714285714286,0.4375,0.6696428571428571,center bbox awaiting confirmation
1787999059.8796275,READY,CANDIDATE,True,True,False,left,2.773341655731201,2.3151235580444336,0.08035714285714286,0.05357142857142857,2.628377914428711,0.6116071428571429,0.5714285714285714,0.6517857142857143,center bbox awaiting confirmation
1787999060.1194553,READY,CANDIDATE,True,True,False,left,2.756211280822754,2.318176746368408,0.09821428571428571,0.08928571428571429,2.471520185470581,0.6205357142857143,0.5714285714285714,0.6696428571428571,center bbox awaiting confirmation
1787999060.3593287,READY,CANDIDATE,True,True,False,left,2.7658915519714355,2.2552707195281982,0.11607142857142858,0.15178571428571427,2.4391486644744873,0.6116071428571429,0.5535714285714286,0.6696428571428571,center bbox awaiting confirmation
1787999060.5975833,READY,CLEAR,False,False,False,,2.809757709503174,,,,2.687452793121338,,,,center path clear
1787999060.8346949,READY,CANDIDATE,True,True,False,left,2.790414810180664,2.3352677822113037,0.05357142857142857,0.05357142857142857,2.5961945056915283,0.6071428571428571,0.5803571428571429,0.6339285714285714,center bbox awaiting confirmation
1787999061.0781713,READY,CANDIDATE,True,True,False,left,2.7637779712677,2.274272918701172,0.21428571428571427,0.24107142857142858,2.3866896629333496,0.5625,0.45535714285714285,0.6696428571428571,center bbox awaiting confirmation
1787999061.3184063,READY,CANDIDATE,True,True,False,left,2.7972750663757324,2.2688345909118652,0.20535714285714285,0.24107142857142858,2.4192070960998535,0.5669642857142857,0.4642857142857143,0.6696428571428571,center bbox awaiting confirmation
1787999061.5596795,READY,CANDIDATE,True,True,False,left,2.8063559532165527,2.2447571754455566,0.09821428571428571,0.09821428571428571,2.5666255950927734,0.6205357142857143,0.5714285714285714,0.6696428571428571,center bbox awaiting confirmation
1787999061.797566,READY,CLEAR,False,False,False,,2.814589500427246,,,,2.7153515815734863,,,,center path clear
1787999062.0347445,READY,OBSTACLE,True,False,False,left,2.765350341796875,2.3857808113098145,0.026785714285714284,0.08928571428571429,2.727430820465088,0.9866071428571429,0.9732142857142857,1.0,bbox outside center corridor
1787999062.2770586,READY,CANDIDATE,True,True,False,left,2.8143091201782227,2.3595962524414062,0.07142857142857142,0.07142857142857142,2.686102867126465,0.625,0.5892857142857143,0.6607142857142857,center bbox awaiting confirmation
1787999062.5166845,READY,CANDIDATE,True,True,False,left,2.7487125396728516,2.2924296855926514,0.08928571428571429,0.08928571428571429,2.6371867656707764,0.625,0.5803571428571429,0.6696428571428571,center bbox awaiting confirmation
1787999062.7571702,READY,CANDIDATE,True,True,False,left,2.7319936752319336,2.100987672805786,0.25892857142857145,0.24107142857142858,2.2515347003936768,0.5580357142857143,0.42857142857142855,0.6875,center bbox awaiting confirmation
1787999062.997791,READY,CANDIDATE,True,True,False,left,1.776750087738037,1.3078114986419678,0.5982142857142857,0.5491071428571429,1.3506191968917847,0.7008928571428571,0.4017857142857143,1.0,center bbox awaiting confirmation
1787999063.2373192,READY,IGNORED_WALL,False,False,False,,3.4467573165893555,1.3528223037719727,0.7767857142857143,0.35714285714285715,1.2968100309371948,0.38839285714285715,0.0,0.7767857142857143,center bbox exceeds wall width threshold
1787999063.4850507,READY,IGNORED_WALL,False,False,False,,2.7147741317749023,1.898292064666748,0.8482142857142857,0.35714285714285715,1.809752106666565,0.47767857142857145,0.05357142857142857,0.9017857142857143,center bbox exceeds wall width threshold
1787999063.727633,READY,OBSTACLE,True,False,False,left,4.000067710876465,2.202228307723999,0.07142857142857142,0.17857142857142858,2.9674346446990967,0.7053571428571429,0.6696428571428571,0.7410714285714286,bbox outside center corridor
1787999063.9663646,READY,OBSTACLE,True,False,False,right,3.5423152446746826,2.023442268371582,0.2767857142857143,0.09821428571428571,2.735074996948242,0.22767857142857142,0.08928571428571429,0.36607142857142855,bbox outside center corridor
1787999064.2059588,READY,OBSTACLE,True,False,False,left,3.59338641166687,2.0903773307800293,0.08928571428571429,0.25,2.7887048721313477,0.7142857142857143,0.6696428571428571,0.7589285714285714,bbox outside center corridor
1787999064.4447052,READY,CANDIDATE,True,True,False,left,3.2109603881835938,2.0645253658294678,0.17857142857142858,0.26785714285714285,2.693253517150879,0.6785714285714286,0.5892857142857143,0.7678571428571429,center bbox awaiting confirmation
1787999064.6939802,READY,CANDIDATE,True,True,False,right,3.2767579555511475,1.9377162456512451,0.36607142857142855,0.14285714285714285,2.6380720138549805,0.22767857142857142,0.044642857142857144,0.4107142857142857,center bbox awaiting confirmation
1787999064.9329185,READY,OBSTACLE,True,False,False,left,3.5494165420532227,2.0956180095672607,0.08035714285714286,0.24107142857142858,2.8435049057006836,0.71875,0.6785714285714286,0.7589285714285714,bbox outside center corridor
1787999065.1705408,READY,OBSTACLE,True,False,False,left,3.5481905937194824,2.103233814239502,0.08928571428571429,0.22321428571428573,2.8460397720336914,0.7142857142857143,0.6696428571428571,0.7589285714285714,bbox outside center corridor
1787999065.4086142,READY,OBSTACLE,True,False,False,left,3.547795534133911,2.090806007385254,0.08928571428571429,0.23214285714285715,2.8382997512817383,0.7142857142857143,0.6696428571428571,0.7589285714285714,bbox outside center corridor
1787999065.6490006,READY,OBSTACLE,True,False,False,left,3.49186372756958,2.0799365043640137,0.08928571428571429,0.22321428571428573,2.8168745040893555,0.7142857142857143,0.6696428571428571,0.7589285714285714,bbox outside center corridor
1787999065.8924892,READY,OBSTACLE,True,False,False,left,3.36196231842041,2.0564374923706055,0.09821428571428571,0.25892857142857145,2.75498628616333,0.7098214285714286,0.6607142857142857,0.7589285714285714,bbox outside center corridor
1787999066.1324832,READY,OBSTACLE,True,False,False,left,3.5894622802734375,2.109309673309326,0.08928571428571429,0.23214285714285715,2.848038673400879,0.7142857142857143,0.6696428571428571,0.7589285714285714,bbox outside center corridor
1787999066.3701699,READY,OBSTACLE,True,False,False,left,3.527345895767212,2.093825101852417,0.08035714285714286,0.23214285714285715,2.8574790954589844,0.71875,0.6785714285714286,0.7589285714285714,bbox outside center corridor
1787999066.6090806,READY,OBSTACLE,True,False,False,left,3.381486415863037,2.0837512016296387,0.08928571428571429,0.23214285714285715,2.815046787261963,0.7142857142857143,0.6696428571428571,0.7589285714285714,bbox outside center corridor
1787999066.848567,READY,OBSTACLE,True,False,False,left,3.508635997772217,2.0817649364471436,0.08035714285714286,0.24107142857142858,2.833277702331543,0.71875,0.6785714285714286,0.7589285714285714,bbox outside center corridor
1787999067.0920682,READY,OBSTACLE,True,False,False,left,3.581303596496582,2.10010027885437,0.08928571428571429,0.23214285714285715,2.8443989753723145,0.7142857142857143,0.6696428571428571,0.7589285714285714,bbox outside center corridor
1787999067.3306937,READY,OBSTACLE,True,False,False,left,3.5276761054992676,2.11374568939209,0.08928571428571429,0.24107142857142858,2.761524200439453,0.7142857142857143,0.6696428571428571,0.7589285714285714,bbox outside center corridor
1787999067.5685399,READY,OBSTACLE,True,False,False,left,3.5933594703674316,2.0970969200134277,0.08928571428571429,0.24107142857142858,2.8013110160827637,0.7142857142857143,0.6696428571428571,0.7589285714285714,bbox outside center corridor
1787999067.8066924,READY,OBSTACLE,True,False,False,left,3.6859347820281982,2.0801069736480713,0.08035714285714286,0.22321428571428573,2.861060857772827,0.71875,0.6785714285714286,0.7589285714285714,bbox outside center corridor
1787999068.0457268,READY,CANDIDATE,True,True,False,right,3.623969554901123,2.2092444896698,0.08928571428571429,0.0625,2.6470608711242676,0.39285714285714285,0.3482142857142857,0.4375,center bbox awaiting confirmation
1787999068.289094,READY,OBSTACLE,True,False,False,left,2.8629982471466064,2.0446937084198,0.19642857142857142,0.24107142857142858,2.8708696365356445,0.8660714285714286,0.7678571428571429,0.9642857142857143,bbox outside center corridor
1787999068.528057,READY,OBSTACLE,True,False,False,left,3.663663625717163,2.226531982421875,0.026785714285714284,0.09821428571428571,2.939908027648926,0.9866071428571429,0.9732142857142857,1.0,bbox outside center corridor
1787999068.7684839,READY,OBSTACLE,True,False,False,left,2.7860381603240967,2.106480836868286,0.08928571428571429,0.2857142857142857,2.9619555473327637,0.9553571428571429,0.9107142857142857,1.0,bbox outside center corridor
1787999069.0075505,READY,OBSTACLE,True,False,False,left,2.753732204437256,2.0095019340515137,0.08928571428571429,0.2857142857142857,2.924020767211914,0.9553571428571429,0.9107142857142857,1.0,bbox outside center corridor
1787999069.246064,READY,OBSTACLE,True,False,False,left,2.609691619873047,2.2298388481140137,0.21428571428571427,0.45982142857142855,2.945310115814209,0.8928571428571429,0.7857142857142857,1.0,bbox outside center corridor
1787999069.4903688,READY,OBSTACLE,True,False,False,left,2.640183925628662,2.289623498916626,0.16071428571428573,0.4330357142857143,2.93735933303833,0.9196428571428571,0.8392857142857143,1.0,bbox outside center corridor
1787999069.7300403,READY,OBSTACLE,True,False,False,left,2.6152455806732178,2.2266130447387695,0.22321428571428573,0.4419642857142857,2.932359218597412,0.8883928571428571,0.7767857142857143,1.0,bbox outside center corridor
1787999069.9690046,READY,OBSTACLE,True,False,False,left,2.63779616355896,2.259047508239746,0.22321428571428573,0.4330357142857143,2.9441652297973633,0.8883928571428571,0.7767857142857143,1.0,bbox outside center corridor
1787999070.2080894,READY,OBSTACLE,True,False,False,left,2.6705451011657715,2.293461799621582,0.15178571428571427,0.4330357142857143,2.922508716583252,0.9241071428571429,0.8482142857142857,1.0,bbox outside center corridor
1787999070.4465792,READY,OBSTACLE,True,False,False,left,2.6398019790649414,2.284100294113159,0.17857142857142858,0.4330357142857143,2.9330251216888428,0.9107142857142857,0.8214285714285714,1.0,bbox outside center corridor
1787999070.6924765,READY,OBSTACLE,True,False,False,left,2.6257314682006836,2.254511833190918,0.16964285714285715,0.46875,2.9407541751861572,0.9151785714285714,0.8303571428571429,1.0,bbox outside center corridor
1787999070.9320242,READY,OBSTACLE,True,False,False,left,2.6402034759521484,2.2811670303344727,0.21428571428571427,0.4330357142857143,2.9327523708343506,0.8928571428571429,0.7857142857142857,1.0,bbox outside center corridor
1787999071.171066,READY,OBSTACLE,True,False,False,left,2.655559778213501,2.2519938945770264,0.16964285714285715,0.41517857142857145,2.9409689903259277,0.9151785714285714,0.8303571428571429,1.0,bbox outside center corridor
1787999071.409968,READY,OBSTACLE,True,False,False,left,2.6270265579223633,2.2765655517578125,0.22321428571428573,0.4330357142857143,2.931393623352051,0.8883928571428571,0.7767857142857143,1.0,bbox outside center corridor
1787999071.6491487,READY,OBSTACLE,True,False,False,left,2.662799835205078,2.2830166816711426,0.15178571428571427,0.42410714285714285,2.9372096061706543,0.9241071428571429,0.8482142857142857,1.0,bbox outside center corridor
1787999071.895737,READY,OBSTACLE,True,False,False,left,2.6559481620788574,2.3018851280212402,0.14285714285714285,0.41517857142857145,2.9387314319610596,0.9285714285714286,0.8571428571428571,1.0,bbox outside center corridor
1787999072.1342738,READY,OBSTACLE,True,False,False,left,2.665729522705078,2.28434419631958,0.15178571428571427,0.41517857142857145,2.9502005577087402,0.9241071428571429,0.8482142857142857,1.0,bbox outside center corridor
1787999072.373804,READY,OBSTACLE,True,False,False,left,2.643284320831299,2.2545204162597656,0.16071428571428573,0.4419642857142857,2.949805974960327,0.9196428571428571,0.8392857142857143,1.0,bbox outside center corridor
1787999072.6129735,READY,OBSTACLE,True,False,False,left,2.649296283721924,2.2638168334960938,0.22321428571428573,0.4330357142857143,2.9496071338653564,0.8883928571428571,0.7767857142857143,1.0,bbox outside center corridor
1787999072.8543787,READY,OBSTACLE,True,False,False,left,2.648926258087158,2.2773661613464355,0.16071428571428573,0.4419642857142857,2.944477081298828,0.9196428571428571,0.8392857142857143,1.0,bbox outside center corridor
1787999073.0988226,READY,OBSTACLE,True,False,False,left,2.6672041416168213,2.2855167388916016,0.14285714285714285,0.41517857142857145,2.939727783203125,0.9285714285714286,0.8571428571428571,1.0,bbox outside center corridor
1787999073.3381877,READY,OBSTACLE,True,False,False,left,2.647703170776367,2.2872042655944824,0.16071428571428573,0.41517857142857145,2.944636821746826,0.9196428571428571,0.8392857142857143,1.0,bbox outside center corridor
1787999073.5775173,READY,OBSTACLE,True,False,False,left,2.6638591289520264,2.2692997455596924,0.15178571428571427,0.4330357142857143,2.9457197189331055,0.9241071428571429,0.8482142857142857,1.0,bbox outside center corridor
1787999073.8171446,READY,OBSTACLE,True,False,False,left,2.6760637760162354,2.0681188106536865,0.125,0.41964285714285715,2.9483675956726074,0.9375,0.875,1.0,bbox outside center corridor
1787999074.0571747,READY,OBSTACLE,True,False,False,left,2.6962227821350098,1.9920587539672852,0.09821428571428571,0.3125,2.9174294471740723,0.9508928571428571,0.9017857142857143,1.0,bbox outside center corridor
1787999074.300213,READY,OBSTACLE,True,False,False,left,2.7639999389648438,1.9727513790130615,0.08928571428571429,0.41964285714285715,2.958407402038574,0.9553571428571429,0.9107142857142857,1.0,bbox outside center corridor
1787999074.5389593,READY,IGNORED_WALL,False,False,False,,1.2847572565078735,1.024405837059021,0.6785714285714286,0.3392857142857143,1.0124363899230957,0.5178571428571429,0.17857142857142858,0.8571428571428571,center bbox exceeds wall width threshold
1787999074.7809896,READY,OBSTACLE,True,False,False,left,2.880300998687744,2.2888455390930176,0.10714285714285714,0.11160714285714286,3.0829527378082275,0.9464285714285714,0.8928571428571429,1.0,bbox outside center corridor
1787999075.0198944,READY,CLEAR,False,False,False,,3.3141632080078125,,,,2.901946783065796,,,,center path clear
1787999075.2586887,READY,CLEAR,False,False,False,,2.9452767372131348,,,,2.864253044128418,,,,center path clear
1787999075.4980617,READY,CLEAR,False,False,False,,3.075878381729126,,,,2.80026912689209,,,,center path clear
1787999075.734204,READY,CLEAR,False,False,False,,2.9761648178100586,,,,2.837519645690918,,,,center path clear
1787999075.970942,READY,CLEAR,False,False,False,,2.846243381500244,,,,2.9196605682373047,,,,center path clear
1787999076.2074,READY,CLEAR,False,False,False,,2.825390100479126,,,,2.9076192378997803,,,,center path clear
1787999076.4440858,READY,CLEAR,False,False,False,,2.7949979305267334,,,,2.9085545539855957,,,,center path clear
1787999076.685725,READY,CLEAR,False,False,False,,2.7967495918273926,,,,2.896010160446167,,,,center path clear
1787999076.9243727,READY,CLEAR,False,False,False,,2.824096202850342,,,,2.898625373840332,,,,center path clear
1787999077.1611087,READY,CLEAR,False,False,False,,2.7925429344177246,,,,2.907259941101074,,,,center path clear
1787999077.397491,READY,CLEAR,False,False,False,,2.860806941986084,,,,2.9034814834594727,,,,center path clear
1787999077.6334364,READY,CLEAR,False,False,False,,2.7712647914886475,,,,2.8848814964294434,,,,center path clear
1787999077.8732758,READY,CLEAR,False,False,False,,2.835324287414551,,,,2.8973891735076904,,,,center path clear
1787999078.1096992,READY,CLEAR,False,False,False,,2.837191343307495,,,,2.9111528396606445,,,,center path clear
1787999078.3487136,READY,CLEAR,False,False,False,,2.8550968170166016,,,,2.9123542308807373,,,,center path clear
1787999078.586499,READY,CLEAR,False,False,False,,2.828251600265503,,,,2.8974428176879883,,,,center path clear
1787999078.8252456,READY,CLEAR,False,False,False,,2.814317226409912,,,,2.889979362487793,,,,center path clear
1787999079.0647962,READY,CLEAR,False,False,False,,2.845407009124756,,,,2.906407117843628,,,,center path clear
1787999079.3013127,READY,CLEAR,False,False,False,,2.8449087142944336,,,,2.893922805786133,,,,center path clear
1787999079.5374396,READY,CLEAR,False,False,False,,2.815678119659424,,,,2.8931212425231934,,,,center path clear
1787999079.7738135,READY,CLEAR,False,False,False,,2.7615818977355957,,,,2.9013419151306152,,,,center path clear
1787999080.0106268,READY,CLEAR,False,False,False,,2.72916316986084,,,,2.9017810821533203,,,,center path clear
1787999080.2517407,READY,CLEAR,False,False,False,,2.7833380699157715,,,,2.872788906097412,,,,center path clear
1787999080.4896612,READY,CLEAR,False,False,False,,2.824524402618408,,,,2.8757410049438477,,,,center path clear
1787999080.7270138,READY,CLEAR,False,False,False,,2.8425216674804688,,,,2.8502979278564453,,,,center path clear
1787999080.9655254,READY,IGNORED_WALL,False,False,False,,2.442293167114258,1.5128517150878906,0.7142857142857143,0.5446428571428571,2.1255991458892822,0.35714285714285715,0.0,0.7142857142857143,center bbox exceeds wall width threshold
1787999081.2084477,READY,IGNORED_WALL,False,False,False,,2.3444032669067383,1.516793131828308,0.7857142857142857,0.5491071428571429,1.5786210298538208,0.39285714285714285,0.0,0.7857142857142857,center bbox exceeds wall width threshold
1787999081.454962,READY,IGNORED_WALL,False,False,False,,2.632765769958496,1.7506184577941895,0.7589285714285714,0.5491071428571429,1.895963191986084,0.3794642857142857,0.0,0.7589285714285714,center bbox exceeds wall width threshold
1787999081.6972518,READY,IGNORED_WALL,False,False,False,,2.7703795433044434,2.1093485355377197,0.7321428571428571,0.5491071428571429,1.9659442901611328,0.36607142857142855,0.0,0.7321428571428571,center bbox exceeds wall width threshold
1787999081.9378166,READY,OBSTACLE,True,False,False,left,2.8319292068481445,2.3606629371643066,0.0625,0.05357142857142857,2.9698257446289062,0.9241071428571429,0.8928571428571429,0.9553571428571429,bbox outside center corridor
1787999082.1768026,READY,CANDIDATE,True,True,False,right,2.687997817993164,1.9468417167663574,0.39285714285714285,0.29464285714285715,2.411074638366699,0.3125,0.11607142857142858,0.5089285714285714,center bbox awaiting confirmation
1787999082.417824,READY,IGNORED_WALL,False,False,False,,2.6988492012023926,1.9967252016067505,0.8660714285714286,0.3125,2.211066961288452,0.5401785714285714,0.10714285714285714,0.9732142857142857,center bbox exceeds wall width threshold
1787999082.6629636,READY,CANDIDATE,True,True,False,right,2.732480525970459,1.8597118854522705,0.41964285714285715,0.30357142857142855,2.3823187351226807,0.3080357142857143,0.09821428571428571,0.5178571428571429,center bbox awaiting confirmation
1787999082.9027398,READY,CANDIDATE,True,True,False,right,2.746065616607666,1.8759294748306274,0.4107142857142857,0.30357142857142855,2.4050099849700928,0.30357142857142855,0.09821428571428571,0.5089285714285714,center bbox awaiting confirmation
1787999083.1427653,READY,CANDIDATE,True,True,False,right,2.747166872024536,1.8664898872375488,0.39285714285714285,0.30357142857142855,2.476240873336792,0.30357142857142855,0.10714285714285714,0.5,center bbox awaiting confirmation
1787999083.3836472,READY,CANDIDATE,True,True,False,right,2.7103805541992188,1.7586407661437988,0.41964285714285715,0.33035714285714285,2.3330583572387695,0.29910714285714285,0.08928571428571429,0.5089285714285714,center bbox awaiting confirmation
1787999083.6256416,READY,CANDIDATE,True,True,False,right,2.7138097286224365,1.819316029548645,0.4107142857142857,0.3125,2.4232780933380127,0.29464285714285715,0.08928571428571429,0.5,center bbox awaiting confirmation
1787999083.8684664,READY,CANDIDATE,True,True,False,right,2.734086751937866,1.8115497827529907,0.42857142857142855,0.3125,2.348715305328369,0.3125,0.09821428571428571,0.5267857142857143,center bbox awaiting confirmation
1787999084.1074183,READY,IGNORED_WALL,False,False,False,,2.6991126537323,1.8930307626724243,0.8660714285714286,0.3482142857142857,2.2026920318603516,0.5223214285714286,0.08928571428571429,0.9553571428571429,center bbox exceeds wall width threshold
1787999084.349536,READY,IGNORED_WALL,False,False,False,,2.7332019805908203,1.8812754154205322,0.8482142857142857,0.33035714285714285,2.195417642593384,0.5223214285714286,0.09821428571428571,0.9464285714285714,center bbox exceeds wall width threshold
1787999084.5921483,READY,IGNORED_WALL,False,False,False,,2.7553679943084717,1.817238450050354,0.6607142857142857,0.33035714285714285,2.260566473007202,0.42857142857142855,0.09821428571428571,0.7589285714285714,center bbox exceeds wall width threshold
1787999084.8320718,READY,IGNORED_WALL,False,False,False,,2.7137606143951416,1.8503639698028564,0.7053571428571429,0.3392857142857143,2.2053678035736084,0.4419642857142857,0.08928571428571429,0.7946428571428571,center bbox exceeds wall width threshold
1787999085.075773,READY,IGNORED_WALL,False,False,False,,2.7364697456359863,1.8207495212554932,0.6785714285714286,0.35714285714285715,2.185114860534668,0.42857142857142855,0.08928571428571429,0.7678571428571429,center bbox exceeds wall width threshold
1787999085.3189912,READY,IGNORED_WALL,False,False,False,,2.7081329822540283,1.8831921815872192,0.8482142857142857,0.3392857142857143,2.18937349319458,0.5223214285714286,0.09821428571428571,0.9464285714285714,center bbox exceeds wall width threshold
1787999085.5600116,READY,CANDIDATE,True,True,False,right,2.684567928314209,1.7856192588806152,0.42857142857142855,0.32142857142857145,2.3373875617980957,0.3125,0.09821428571428571,0.5267857142857143,center bbox awaiting confirmation
1787999085.7988486,READY,IGNORED_WALL,False,False,False,,2.7657084465026855,1.9046952724456787,0.8482142857142857,0.32142857142857145,2.3049609661102295,0.5223214285714286,0.09821428571428571,0.9464285714285714,center bbox exceeds wall width threshold
1787999086.0401251,READY,IGNORED_WALL,False,False,False,,2.7316792011260986,1.8962160348892212,0.8482142857142857,0.33035714285714285,2.301025867462158,0.5133928571428571,0.08928571428571429,0.9375,center bbox exceeds wall width threshold
1787999086.2857947,READY,CANDIDATE,True,True,False,right,2.712982654571533,1.7925829887390137,0.41964285714285715,0.3125,2.340282440185547,0.3080357142857143,0.09821428571428571,0.5178571428571429,center bbox awaiting confirmation
1787999086.5266702,READY,IGNORED_WALL,False,False,False,,2.7373456954956055,1.864898920059204,0.6785714285714286,0.3392857142857143,2.2418277263641357,0.4375,0.09821428571428571,0.7767857142857143,center bbox exceeds wall width threshold
1787999086.7658813,READY,CANDIDATE,True,True,False,right,2.7324533462524414,1.7985502481460571,0.4017857142857143,0.32142857142857145,2.4035990238189697,0.29910714285714285,0.09821428571428571,0.5,center bbox awaiting confirmation
1787999087.0060253,READY,IGNORED_WALL,False,False,False,,2.731961727142334,1.8602688312530518,0.8571428571428571,0.3392857142857143,2.2409257888793945,0.5089285714285714,0.08035714285714286,0.9375,center bbox exceeds wall width threshold
1787999087.2482135,READY,CANDIDATE,True,True,False,right,2.787209987640381,1.8097033500671387,0.39285714285714285,0.30357142857142855,2.4318864345550537,0.30357142857142855,0.10714285714285714,0.5,center bbox awaiting confirmation
1787999087.4966078,READY,CANDIDATE,True,True,False,right,2.7471184730529785,1.7861113548278809,0.42857142857142855,0.32142857142857145,2.3125863075256348,0.3125,0.09821428571428571,0.5267857142857143,center bbox awaiting confirmation
1787999087.738739,READY,CANDIDATE,True,True,False,right,2.796077251434326,1.8335890769958496,0.39285714285714285,0.30357142857142855,2.4492456912994385,0.30357142857142855,0.10714285714285714,0.5,center bbox awaiting confirmation
1787999087.9803061,READY,IGNORED_WALL,False,False,False,,2.7457871437072754,1.842276692390442,0.6696428571428571,0.33035714285714285,2.2639756202697754,0.4330357142857143,0.09821428571428571,0.7678571428571429,center bbox exceeds wall width threshold
1787999088.221629,READY,CANDIDATE,True,True,False,right,2.7340104579925537,1.7992618083953857,0.41964285714285715,0.3125,2.3679239749908447,0.3080357142857143,0.09821428571428571,0.5178571428571429,center bbox awaiting confirmation
1787999088.462135,READY,CANDIDATE,True,True,False,right,2.8165743350982666,1.828837513923645,0.39285714285714285,0.30357142857142855,2.462613582611084,0.30357142857142855,0.10714285714285714,0.5,center bbox awaiting confirmation
1787999088.7053497,READY,CANDIDATE,True,True,False,right,2.7948265075683594,1.796724557876587,0.41964285714285715,0.3125,2.3930225372314453,0.29910714285714285,0.08928571428571429,0.5089285714285714,center bbox awaiting confirmation
1787999088.945042,READY,CANDIDATE,True,True,False,right,2.756920576095581,1.7901935577392578,0.41964285714285715,0.32142857142857145,2.391091823577881,0.29910714285714285,0.08928571428571429,0.5089285714285714,center bbox awaiting confirmation
1787999089.1875505,READY,IGNORED_WALL,False,False,False,,2.6575965881347656,1.855642318725586,0.8660714285714286,0.3482142857142857,2.071948289871216,0.5223214285714286,0.08928571428571429,0.9553571428571429,center bbox exceeds wall width threshold
1787999089.42888,READY,CANDIDATE,True,True,False,right,2.756683111190796,1.7921814918518066,0.4107142857142857,0.32142857142857145,2.3859195709228516,0.30357142857142855,0.09821428571428571,0.5089285714285714,center bbox awaiting confirmation
1787999089.6687293,READY,IGNORED_WALL,False,False,False,,2.7674400806427,1.8516734838485718,0.6785714285714286,0.33035714285714285,2.2148280143737793,0.4375,0.09821428571428571,0.7767857142857143,center bbox exceeds wall width threshold
1787999089.9135025,READY,CANDIDATE,True,True,False,right,2.7593679428100586,1.7917211055755615,0.42857142857142855,0.32142857142857145,2.3449935913085938,0.3125,0.09821428571428571,0.5267857142857143,center bbox awaiting confirmation
1787999090.1552467,READY,IGNORED_WALL,False,False,False,,2.6936302185058594,1.888890266418457,0.8660714285714286,0.3482142857142857,2.176438331604004,0.5223214285714286,0.08928571428571429,0.9553571428571429,center bbox exceeds wall width threshold
1787999090.3960416,READY,IGNORED_WALL,False,False,False,,2.754240036010742,1.8313193321228027,0.6785714285714286,0.3392857142857143,2.2581944465637207,0.42857142857142855,0.08928571428571429,0.7678571428571429,center bbox exceeds wall width threshold
1787999090.6374195,READY,IGNORED_WALL,False,False,False,,2.6893246173858643,1.8706283569335938,0.8660714285714286,0.3392857142857143,2.182756185531616,0.5223214285714286,0.08928571428571429,0.9553571428571429,center bbox exceeds wall width threshold
1787999090.8795276,READY,CANDIDATE,True,True,False,right,2.758453369140625,1.7767605781555176,0.42857142857142855,0.32142857142857145,2.3257079124450684,0.30357142857142855,0.08928571428571429,0.5178571428571429,center bbox awaiting confirmation
1787999091.1251013,READY,CANDIDATE,True,True,False,right,2.7922067642211914,1.8195090293884277,0.4017857142857143,0.3125,2.4482498168945312,0.29910714285714285,0.09821428571428571,0.5,center bbox awaiting confirmation
1787999091.364269,READY,CANDIDATE,True,True,False,right,2.747464418411255,1.7746121883392334,0.42857142857142855,0.33035714285714285,2.3096232414245605,0.30357142857142855,0.08928571428571429,0.5178571428571429,center bbox awaiting confirmation
1787999091.6043332,READY,CANDIDATE,True,True,False,right,2.741361141204834,1.8065851926803589,0.4107142857142857,0.32142857142857145,2.3678154945373535,0.30357142857142855,0.09821428571428571,0.5089285714285714,center bbox awaiting confirmation
1787999091.8445058,READY,CANDIDATE,True,True,False,right,2.77085542678833,1.8017728328704834,0.4107142857142857,0.3125,2.3932597637176514,0.30357142857142855,0.09821428571428571,0.5089285714285714,center bbox awaiting confirmation
1787999092.0858936,READY,IGNORED_WALL,False,False,False,,2.6916515827178955,1.8325121402740479,0.6964285714285714,0.3392857142857143,2.2716376781463623,0.42857142857142855,0.08035714285714286,0.7767857142857143,center bbox exceeds wall width threshold
1787999092.3319721,READY,IGNORED_WALL,False,False,False,,2.7209110260009766,1.9074962139129639,0.8482142857142857,0.33035714285714285,2.2473154067993164,0.5223214285714286,0.09821428571428571,0.9464285714285714,center bbox exceeds wall width threshold
1787999092.5737221,READY,IGNORED_WALL,False,False,False,,2.712700366973877,1.8674944639205933,0.6964285714285714,0.33035714285714285,2.3072197437286377,0.44642857142857145,0.09821428571428571,0.7946428571428571,center bbox exceeds wall width threshold
1787999092.8148098,READY,CANDIDATE,True,True,False,right,2.7423717975616455,1.763561725616455,0.44642857142857145,0.33035714285714285,2.327080011367798,0.3125,0.08928571428571429,0.5357142857142857,center bbox awaiting confirmation
1787999093.056784,READY,IGNORED_WALL,False,False,False,,2.760814666748047,1.826682448387146,0.6607142857142857,0.33035714285714285,2.2309231758117676,0.42857142857142855,0.09821428571428571,0.7589285714285714,center bbox exceeds wall width threshold
1787999093.2968705,READY,IGNORED_WALL,False,False,False,,2.7396857738494873,1.828598976135254,0.6875,0.3482142857142857,2.2504212856292725,0.4330357142857143,0.08928571428571429,0.7767857142857143,center bbox exceeds wall width threshold
1787999093.5406477,READY,CANDIDATE,True,True,False,right,2.756023406982422,1.791659951210022,0.41964285714285715,0.3125,2.382110357284546,0.3080357142857143,0.09821428571428571,0.5178571428571429,center bbox awaiting confirmation
1787999093.7837663,READY,CANDIDATE,True,True,False,right,2.7362658977508545,1.7802811861038208,0.4375,0.32142857142857145,2.302121639251709,0.3080357142857143,0.08928571428571429,0.5267857142857143,center bbox awaiting confirmation
1787999094.0255716,READY,IGNORED_WALL,False,False,False,,2.6892576217651367,1.9037333726882935,0.8571428571428571,0.32142857142857145,2.2161056995391846,0.5267857142857143,0.09821428571428571,0.9553571428571429,center bbox exceeds wall width threshold
1787999094.2662694,READY,IGNORED_WALL,False,False,False,,2.701479434967041,1.8305206298828125,0.6607142857142857,0.3392857142857143,2.2813684940338135,0.41964285714285715,0.08928571428571429,0.75,center bbox exceeds wall width threshold
1787999094.5061538,READY,IGNORED_WALL,False,False,False,,2.6857428550720215,1.9366717338562012,0.8660714285714286,0.32142857142857145,2.2742209434509277,0.53125,0.09821428571428571,0.9642857142857143,center bbox exceeds wall width threshold
1787999094.7514653,READY,IGNORED_WALL,False,False,False,,2.707064390182495,1.839237093925476,0.6964285714285714,0.3392857142857143,2.2051801681518555,0.4375,0.08928571428571429,0.7857142857142857,center bbox exceeds wall width threshold
1787999094.9923954,READY,IGNORED_WALL,False,False,False,,2.736567735671997,1.8961952924728394,0.8482142857142857,0.33035714285714285,2.1948866844177246,0.5223214285714286,0.09821428571428571,0.9464285714285714,center bbox exceeds wall width threshold
1787999095.2328093,READY,CANDIDATE,True,True,False,right,2.7624807357788086,1.7676364183425903,0.42857142857142855,0.33035714285714285,2.3672051429748535,0.30357142857142855,0.08928571428571429,0.5178571428571429,center bbox awaiting confirmation
1787999095.4728029,READY,IGNORED_WALL,False,False,False,,2.722679853439331,1.9092450141906738,0.8482142857142857,0.32142857142857145,2.247540235519409,0.5223214285714286,0.09821428571428571,0.9464285714285714,center bbox exceeds wall width threshold
1787999095.7149622,READY,IGNORED_WALL,False,False,False,,2.7845685482025146,1.8416388034820557,0.6607142857142857,0.32142857142857145,2.2672622203826904,0.42857142857142855,0.09821428571428571,0.7589285714285714,center bbox exceeds wall width threshold
1787999095.9589124,READY,CANDIDATE,True,True,False,right,2.7596588134765625,1.8063987493515015,0.4107142857142857,0.32142857142857145,2.3748879432678223,0.30357142857142855,0.09821428571428571,0.5089285714285714,center bbox awaiting confirmation
1787999096.1987622,READY,CANDIDATE,True,True,False,right,2.823063611984253,1.8050684928894043,0.4107142857142857,0.32142857142857145,2.3999810218811035,0.30357142857142855,0.09821428571428571,0.5089285714285714,center bbox awaiting confirmation
1787999096.438324,READY,IGNORED_WALL,False,False,False,,2.752617359161377,1.8439083099365234,0.6696428571428571,0.32142857142857145,2.276123285293579,0.4330357142857143,0.09821428571428571,0.7678571428571429,center bbox exceeds wall width threshold
1787999096.6791832,READY,CANDIDATE,True,True,False,right,2.690840721130371,1.8116581439971924,0.4107142857142857,0.32142857142857145,2.354363441467285,0.3125,0.10714285714285714,0.5178571428571429,center bbox awaiting confirmation
1787999096.922249,READY,IGNORED_WALL,False,False,False,,2.740882158279419,1.8887845277786255,0.8482142857142857,0.32142857142857145,2.3189857006073,0.5133928571428571,0.08928571428571429,0.9375,center bbox exceeds wall width threshold
1787999097.1662889,READY,CANDIDATE,True,True,False,right,2.728732109069824,1.7692391872406006,0.44642857142857145,0.32142857142857145,2.30647611618042,0.32142857142857145,0.09821428571428571,0.5446428571428571,center bbox awaiting confirmation
1787999097.4065776,READY,IGNORED_WALL,False,False,False,,2.713412046432495,1.8714221715927124,0.8482142857142857,0.3482142857142857,2.218507766723633,0.5223214285714286,0.09821428571428571,0.9464285714285714,center bbox exceeds wall width threshold
1787999097.6478553,READY,CANDIDATE,True,True,False,right,2.7129287719726562,1.7980432510375977,0.41964285714285715,0.32142857142857145,2.38283634185791,0.3080357142857143,0.09821428571428571,0.5178571428571429,center bbox awaiting confirmation
1787999097.8882558,READY,IGNORED_WALL,False,False,False,,2.7580504417419434,1.8044283390045166,0.6785714285714286,0.3392857142857143,2.2816696166992188,0.42857142857142855,0.08928571428571429,0.7678571428571429,center bbox exceeds wall width threshold
1787999098.128513,READY,IGNORED_WALL,False,False,False,,2.740589141845703,1.872615098953247,0.6785714285714286,0.33035714285714285,2.320305824279785,0.44642857142857145,0.10714285714285714,0.7857142857142857,center bbox exceeds wall width threshold
1787999098.3720195,READY,CANDIDATE,True,True,False,right,2.780380964279175,1.813180923461914,0.4107142857142857,0.3125,2.378788948059082,0.30357142857142855,0.09821428571428571,0.5089285714285714,center bbox awaiting confirmation
1787999098.613763,READY,IGNORED_WALL,False,False,False,,2.7197468280792236,1.893523097038269,0.8571428571428571,0.33035714285714285,2.225177526473999,0.5178571428571429,0.08928571428571429,0.9464285714285714,center bbox exceeds wall width threshold
1787999098.856898,READY,CANDIDATE,True,True,False,right,2.744546413421631,1.7442172765731812,0.44642857142857145,0.33035714285714285,2.309354543685913,0.30357142857142855,0.08035714285714286,0.5267857142857143,center bbox awaiting confirmation
1787999099.0969334,READY,IGNORED_WALL,False,False,False,,2.7339000701904297,1.8510088920593262,0.6785714285714286,0.32142857142857145,2.2636895179748535,0.42857142857142855,0.08928571428571429,0.7678571428571429,center bbox exceeds wall width threshold
1787999099.337779,READY,CANDIDATE,True,True,False,right,2.784176826477051,1.8377842903137207,0.39285714285714285,0.3125,2.421419620513916,0.30357142857142855,0.10714285714285714,0.5,center bbox awaiting confirmation
1787999099.5832238,READY,IGNORED_WALL,False,False,False,,2.6802988052368164,1.911879301071167,0.8660714285714286,0.33035714285714285,2.18937349319458,0.5223214285714286,0.08928571428571429,0.9553571428571429,center bbox exceeds wall width threshold
1787999099.8235667,READY,CANDIDATE,True,True,False,right,2.743245840072632,1.8005497455596924,0.41964285714285715,0.3125,2.3555870056152344,0.3169642857142857,0.10714285714285714,0.5267857142857143,center bbox awaiting confirmation
1787999100.0630982,READY,IGNORED_WALL,False,False,False,,2.7198057174682617,1.891770362854004,0.6875,0.32142857142857145,2.286447525024414,0.4419642857142857,0.09821428571428571,0.7857142857142857,center bbox exceeds wall width threshold
1787999100.3033853,READY,CANDIDATE,True,True,False,right,2.72214937210083,1.7799502611160278,0.4107142857142857,0.3125,2.3323094844818115,0.3125,0.10714285714285714,0.5178571428571429,center bbox awaiting confirmation
1787999100.5441139,READY,IGNORED_WALL,False,False,False,,2.689326286315918,1.8649165630340576,0.8660714285714286,0.3392857142857143,2.1939501762390137,0.5223214285714286,0.08928571428571429,0.9553571428571429,center bbox exceeds wall width threshold
1787999100.7916968,READY,CANDIDATE,True,True,False,right,3.067037582397461,1.984814167022705,0.375,0.26785714285714285,2.604977607727051,0.30357142857142855,0.11607142857142858,0.49107142857142855,center bbox awaiting confirmation
1787999101.0301096,READY,CLEAR,False,False,False,,3.0292975902557373,,,,2.8801679611206055,,,,center path clear
1787999101.2673697,READY,OBSTACLE,True,False,False,right,2.821913242340088,1.9430984258651733,0.29464285714285715,0.29464285714285715,2.6468536853790283,0.17410714285714285,0.026785714285714284,0.32142857142857145,bbox outside center corridor
1787999101.5063288,READY,OBSTACLE,True,False,False,right,3.2115237712860107,2.27227783203125,0.25892857142857145,0.25892857142857145,2.4752438068389893,0.16517857142857142,0.03571428571428571,0.29464285714285715,bbox outside center corridor
1787999101.746424,READY,OBSTACLE,True,False,False,left,3.04669189453125,2.154761791229248,0.08035714285714286,0.23214285714285715,2.8671493530273438,0.7008928571428571,0.6607142857142857,0.7410714285714286,bbox outside center corridor
1787999101.9906306,READY,CANDIDATE,True,True,False,left,3.0760931968688965,1.8717120885849,0.10714285714285714,0.2767857142857143,2.5467782020568848,0.6339285714285714,0.5803571428571429,0.6875,center bbox awaiting confirmation
1787999102.2293775,READY,CANDIDATE,True,True,False,left,3.080254077911377,2.0725693702697754,0.08035714285714286,0.25,2.5403411388397217,0.6116071428571429,0.5714285714285714,0.6517857142857143,center bbox awaiting confirmation
1787999102.4672365,READY,CANDIDATE,True,True,False,left,2.7600314617156982,1.7456310987472534,0.10714285714285714,0.3125,2.4255778789520264,0.6071428571428571,0.5535714285714286,0.6607142857142857,center bbox awaiting confirmation
1787999102.7062423,READY,CANDIDATE,True,True,False,left,2.901106595993042,1.8592301607131958,0.08035714285714286,0.26785714285714285,2.4943039417266846,0.6116071428571429,0.5714285714285714,0.6517857142857143,center bbox awaiting confirmation
1787999102.9476533,READY,CANDIDATE,True,True,False,left,2.883467435836792,1.87009596824646,0.08035714285714286,0.26785714285714285,2.508913278579712,0.6116071428571429,0.5714285714285714,0.6517857142857143,center bbox awaiting confirmation
1787999103.1907234,READY,CANDIDATE,True,True,False,left,2.846785545349121,1.817494511604309,0.08928571428571429,0.2857142857142857,2.4735352993011475,0.6160714285714286,0.5714285714285714,0.6607142857142857,center bbox awaiting confirmation
1787999103.4288628,READY,CANDIDATE,True,True,False,left,2.836019277572632,1.7911415100097656,0.08928571428571429,0.2857142857142857,2.459242343902588,0.6160714285714286,0.5714285714285714,0.6607142857142857,center bbox awaiting confirmation
1787999103.6671028,READY,CANDIDATE,True,True,False,left,2.8773462772369385,1.866966724395752,0.08035714285714286,0.2767857142857143,2.5097408294677734,0.6116071428571429,0.5714285714285714,0.6517857142857143,center bbox awaiting confirmation
1787999103.9053087,READY,CANDIDATE,True,True,False,left,2.8308959007263184,1.8254320621490479,0.09821428571428571,0.2857142857142857,2.459688663482666,0.6116071428571429,0.5625,0.6607142857142857,center bbox awaiting confirmation
1787999104.1454983,READY,CANDIDATE,True,True,False,left,2.8780839443206787,1.8880627155303955,0.08035714285714286,0.26785714285714285,2.509265661239624,0.6116071428571429,0.5714285714285714,0.6517857142857143,center bbox awaiting confirmation
1787999104.388903,READY,CANDIDATE,True,True,False,left,2.8300466537475586,1.8294892311096191,0.09821428571428571,0.2857142857142857,2.4669272899627686,0.6116071428571429,0.5625,0.6607142857142857,center bbox awaiting confirmation
1787999104.627513,READY,CANDIDATE,True,True,False,left,2.8960442543029785,1.8854879140853882,0.08035714285714286,0.26785714285714285,2.533751964569092,0.6116071428571429,0.5714285714285714,0.6517857142857143,center bbox awaiting confirmation
1787999104.8655531,READY,CANDIDATE,True,True,False,left,3.026097297668457,2.02761173248291,0.08928571428571429,0.23214285714285715,2.677523374557495,0.6339285714285714,0.5892857142857143,0.6785714285714286,center bbox awaiting confirmation
1787999105.103364,READY,OBSTACLE,True,False,False,left,3.4989261627197266,2.1345860958099365,0.15178571428571427,0.21428571428571427,2.820786476135254,0.7544642857142857,0.6785714285714286,0.8303571428571429,bbox outside center corridor
1787999105.3422546,READY,CANDIDATE,True,True,False,right,3.118387460708618,1.7599105834960938,0.4107142857142857,0.16964285714285715,2.6525707244873047,0.25892857142857145,0.05357142857142857,0.4642857142857143,center bbox awaiting confirmation
1787999105.587285,READY,CANDIDATE,True,True,False,right,3.070908308029175,1.5729386806488037,0.5625,0.4017857142857143,2.1946816444396973,0.3080357142857143,0.026785714285714284,0.5892857142857143,center bbox awaiting confirmation
1787999105.8274765,READY,CANDIDATE,True,True,False,right,3.0200257301330566,1.6493313312530518,0.36607142857142855,0.375,2.571528196334839,0.29910714285714285,0.11607142857142858,0.48214285714285715,center bbox awaiting confirmation
1787999106.0667152,READY,CANDIDATE,True,True,False,right,3.076619863510132,1.640127182006836,0.4642857142857143,0.39285714285714285,2.415198802947998,0.2857142857142857,0.05357142857142857,0.5178571428571429,center bbox awaiting confirmation
1787999106.30672,READY,CANDIDATE,True,True,False,right,2.9702682495117188,1.6293195486068726,0.48214285714285715,0.36607142857142855,2.4545254707336426,0.2767857142857143,0.03571428571428571,0.5178571428571429,center bbox awaiting confirmation
1787999106.5483513,READY,CANDIDATE,True,True,False,right,2.982923984527588,1.63531494140625,0.49107142857142855,0.375,2.4026095867156982,0.28125,0.03571428571428571,0.5267857142857143,center bbox awaiting confirmation
1787999106.792451,READY,CANDIDATE,True,True,False,right,3.144545555114746,1.6562626361846924,0.5,0.375,2.411458969116211,0.2857142857142857,0.03571428571428571,0.5357142857142857,center bbox awaiting confirmation
1787999107.031329,READY,CANDIDATE,True,True,False,right,3.148047685623169,1.6579104661941528,0.5357142857142857,0.38392857142857145,2.337280511856079,0.29464285714285715,0.026785714285714284,0.5625,center bbox awaiting confirmation
1787999107.2709525,READY,CANDIDATE,True,True,False,right,3.1703741550445557,1.6603491306304932,0.48214285714285715,0.375,2.4416704177856445,0.2767857142857143,0.03571428571428571,0.5178571428571429,center bbox awaiting confirmation
1787999107.5115714,READY,CANDIDATE,True,True,False,right,3.176072835922241,1.6643962860107422,0.49107142857142855,0.375,2.435622215270996,0.28125,0.03571428571428571,0.5267857142857143,center bbox awaiting confirmation
1787999107.7524261,READY,CANDIDATE,True,True,False,right,3.1777005195617676,1.6800689697265625,0.4732142857142857,0.36607142857142855,2.458444595336914,0.28125,0.044642857142857144,0.5178571428571429,center bbox awaiting confirmation
1787999107.9959197,READY,CANDIDATE,True,True,False,right,3.244729995727539,1.6552386283874512,0.4642857142857143,0.2767857142857143,2.5079925060272217,0.2767857142857143,0.044642857142857144,0.5089285714285714,center bbox awaiting confirmation
1787999108.2350729,READY,CANDIDATE,True,True,False,right,3.2848477363586426,1.655491590499878,0.4642857142857143,0.35714285714285715,2.495419502258301,0.2767857142857143,0.044642857142857144,0.5089285714285714,center bbox awaiting confirmation
1787999108.4765809,READY,CANDIDATE,True,True,False,right,3.238314628601074,1.65511953830719,0.49107142857142855,0.35714285714285715,2.44512677192688,0.28125,0.03571428571428571,0.5267857142857143,center bbox awaiting confirmation
1787999108.7175317,READY,CANDIDATE,True,True,False,right,3.186166763305664,1.6512939929962158,0.5089285714285714,0.375,2.395108938217163,0.29017857142857145,0.03571428571428571,0.5446428571428571,center bbox awaiting confirmation
1787999108.957665,READY,CANDIDATE,True,True,False,right,3.1814873218536377,1.6410033702850342,0.49107142857142855,0.375,2.430116653442383,0.28125,0.03571428571428571,0.5267857142857143,center bbox awaiting confirmation
1787999109.2005148,READY,CANDIDATE,True,True,False,right,3.1642086505889893,1.6295045614242554,0.49107142857142855,0.375,2.4431121349334717,0.28125,0.03571428571428571,0.5267857142857143,center bbox awaiting confirmation
1787999109.4409952,READY,CANDIDATE,True,True,False,right,3.1423163414001465,1.668074369430542,0.4642857142857143,0.35714285714285715,2.4604153633117676,0.2857142857142857,0.05357142857142857,0.5178571428571429,center bbox awaiting confirmation
1787999109.681974,READY,CANDIDATE,True,True,False,right,3.096987724304199,1.5937974452972412,0.5,0.375,2.450899600982666,0.2767857142857143,0.026785714285714284,0.5267857142857143,center bbox awaiting confirmation
1787999109.9223223,READY,CANDIDATE,True,True,False,right,3.0673718452453613,1.65863835811615,0.45535714285714285,0.35714285714285715,2.511052131652832,0.27232142857142855,0.044642857142857144,0.5,center bbox awaiting confirmation
1787999110.161993,READY,CANDIDATE,True,True,False,right,3.510869026184082,1.6675268411636353,0.36607142857142855,0.26785714285714285,2.7637147903442383,0.23660714285714285,0.05357142857142857,0.41964285714285715,center bbox awaiting confirmation
1787999110.404587,READY,CANDIDATE,True,True,False,right,3.424038887023926,1.673873782157898,0.38392857142857145,0.2767857142857143,2.729203701019287,0.23660714285714285,0.044642857142857144,0.42857142857142855,center bbox awaiting confirmation
1787999110.6449232,READY,OBSTACLE,True,False,False,right,3.3262925148010254,1.9008804559707642,0.2767857142857143,0.23214285714285715,2.984180212020874,0.13839285714285715,0.0,0.2767857142857143,bbox outside center corridor
1787999110.888207,READY,OBSTACLE,True,False,False,right,3.4607484340667725,1.7083864212036133,0.3125,0.23214285714285715,2.9747817516326904,0.15625,0.0,0.3125,bbox outside center corridor
1787999111.1264505,READY,OBSTACLE,True,False,False,right,3.523313045501709,1.7016730308532715,0.3482142857142857,0.25,2.9979734420776367,0.17410714285714285,0.0,0.3482142857142857,bbox outside center corridor
1787999111.3649874,READY,OBSTACLE,True,False,False,right,3.436061382293701,1.6525027751922607,0.32142857142857145,0.24107142857142858,2.99027156829834,0.16071428571428573,0.0,0.32142857142857145,bbox outside center corridor
1787999111.608823,READY,CANDIDATE,True,True,False,right,3.1973931789398193,2.30169939994812,0.08035714285714286,0.07142857142857142,2.7589330673217773,0.34375,0.30357142857142855,0.38392857142857145,center bbox awaiting confirmation
1787999111.848349,READY,OBSTACLE,True,False,False,right,2.8906822204589844,2.0002942085266113,0.30357142857142855,0.5491071428571429,2.7616512775421143,0.15178571428571427,0.0,0.30357142857142855,bbox outside center corridor
1787999112.0894215,READY,IGNORED_WALL,False,False,False,,2.3258936405181885,1.5491729974746704,0.7142857142857143,0.5491071428571429,1.4101427793502808,0.35714285714285715,0.0,0.7142857142857143,center bbox exceeds wall width threshold
1787999112.3299003,READY,OBSTACLE,True,False,False,right,3.2123565673828125,2.0146803855895996,0.22321428571428573,0.1875,3.025855779647827,0.17410714285714285,0.0625,0.2857142857142857,bbox outside center corridor
1787999112.5685194,READY,OBSTACLE,True,False,False,right,3.349943161010742,2.307584285736084,0.125,0.0625,2.977001667022705,0.08928571428571429,0.026785714285714284,0.15178571428571427,bbox outside center corridor
1787999112.8106377,READY,CLEAR,False,False,False,,3.291046142578125,,,,2.9069652557373047,,,,center path clear
1787999113.048043,READY,CLEAR,False,False,False,,3.409672260284424,,,,2.900282382965088,,,,center path clear
1787999113.287294,READY,CLEAR,False,False,False,,3.8279266357421875,,,,2.9364633560180664,,,,center path clear
1787999113.5242257,READY,OBSTACLE,True,False,False,right,3.77976655960083,2.2058207988739014,0.09821428571428571,0.0625,2.7971627712249756,0.23660714285714285,0.1875,0.2857142857142857,bbox outside center corridor
1787999113.76232,READY,CLEAR,False,False,False,,2.857489824295044,,,,2.9787869453430176,,,,center path clear
1787999114.002537,READY,OBSTACLE,True,False,False,left,2.557798385620117,2.118159532546997,0.1875,0.33482142857142855,3.0071463584899902,0.90625,0.8125,1.0,bbox outside center corridor
1787999114.24425,READY,CANDIDATE,True,True,False,left,2.596402168273926,2.2720947265625,0.5982142857142857,0.07142857142857142,2.196603775024414,0.5491071428571429,0.25,0.8482142857142857,center bbox awaiting confirmation
1787999114.4845548,READY,CANDIDATE,True,True,False,right,3.2579171657562256,2.067673921585083,0.5803571428571429,0.20982142857142858,2.000584840774536,0.42410714285714285,0.13392857142857142,0.7142857142857143,center bbox awaiting confirmation
1787999114.7229042,READY,CANDIDATE,True,True,False,left,1.1234315633773804,0.8534272313117981,0.5714285714285714,0.5089285714285714,0.9013137221336365,0.7142857142857143,0.42857142857142855,1.0,center bbox awaiting confirmation
1787999114.9631906,READY,IGNORED_WALL,False,False,False,,2.2654666900634766,1.3710815906524658,0.8839285714285714,0.5491071428571429,1.2290773391723633,0.4419642857142857,0.0,0.8839285714285714,center bbox exceeds wall width threshold
1787999115.2092984,READY,CANDIDATE,True,True,False,left,2.553925037384033,1.6505168676376343,0.4375,0.5491071428571429,1.819412112236023,0.6026785714285714,0.38392857142857145,0.8214285714285714,center bbox awaiting confirmation
1787999115.4522514,READY,CANDIDATE,True,True,False,left,2.494995355606079,2.0082616806030273,0.16071428571428573,0.23214285714285715,2.2765679359436035,0.5803571428571429,0.5,0.6607142857142857,center bbox awaiting confirmation
1787999115.691862,READY,CANDIDATE,True,True,False,right,3.138545513153076,2.2573933601379395,0.044642857142857144,0.0625,2.630350112915039,0.40625,0.38392857142857145,0.42857142857142855,center bbox awaiting confirmation
1787999115.9283645,READY,CLEAR,False,False,False,,3.55010986328125,,,,2.821032762527466,,,,center path clear
1787999116.1658115,READY,OBSTACLE,True,False,False,right,3.4170122146606445,2.3823490142822266,0.13392857142857142,0.044642857142857144,2.673525810241699,0.08482142857142858,0.017857142857142856,0.15178571428571427,bbox outside center corridor
1787999116.408712,READY,IGNORED_WALL,False,False,False,,1.9728026390075684,1.07597017288208,0.7767857142857143,0.5491071428571429,1.0066816806793213,0.6116071428571429,0.22321428571428573,1.0,center bbox exceeds wall width threshold
1787999116.6509826,READY,CANDIDATE,True,True,False,right,3.9432950019836426,2.2285873889923096,0.05357142857142857,0.10714285714285714,2.801382064819336,0.45535714285714285,0.42857142857142855,0.48214285714285715,center bbox awaiting confirmation
1787999116.8893158,READY,IGNORED_WALL,False,False,False,,3.609931707382202,1.4769349098205566,0.8482142857142857,0.375,1.4715077877044678,0.42410714285714285,0.0,0.8482142857142857,center bbox exceeds wall width threshold
1787999117.129633,READY,IGNORED_WALL,False,False,False,,2.8923468589782715,1.3415117263793945,1.0,0.4642857142857143,1.0895023345947266,0.5,0.0,1.0,center bbox exceeds wall width threshold
1787999117.3705242,READY,IGNORED_WALL,False,False,False,,3.3004040718078613,1.5390892028808594,1.0,0.4375,1.3921970129013062,0.5,0.0,1.0,center bbox exceeds wall width threshold
1787999117.6165836,READY,IGNORED_WALL,False,False,False,,3.436675786972046,1.5592153072357178,0.7589285714285714,0.45535714285714285,1.651610255241394,0.3794642857142857,0.0,0.7589285714285714,center bbox exceeds wall width threshold
1787999117.8571446,READY,IGNORED_WALL,False,False,False,,3.2737178802490234,1.5284345149993896,0.7767857142857143,0.44642857142857145,1.5927109718322754,0.38839285714285715,0.0,0.7767857142857143,center bbox exceeds wall width threshold
1787999118.0990305,READY,IGNORED_WALL,False,False,False,,3.257197380065918,1.5273971557617188,0.7767857142857143,0.44642857142857145,1.5902619361877441,0.38839285714285715,0.0,0.7767857142857143,center bbox exceeds wall width threshold
1787999118.3403003,READY,IGNORED_WALL,False,False,False,,3.2116551399230957,1.5375800132751465,0.7767857142857143,0.44642857142857145,1.5993595123291016,0.38839285714285715,0.0,0.7767857142857143,center bbox exceeds wall width threshold
1787999118.5825791,READY,IGNORED_WALL,False,False,False,,3.3585867881774902,1.5002286434173584,0.7857142857142857,0.45535714285714285,1.5293723344802856,0.39285714285714285,0.0,0.7857142857142857,center bbox exceeds wall width threshold
1787999118.8271255,READY,IGNORED_WALL,False,False,False,,3.393608570098877,1.4891552925109863,0.8035714285714286,0.45535714285714285,1.494692087173462,0.4017857142857143,0.0,0.8035714285714286,center bbox exceeds wall width threshold
1787999119.0677803,READY,IGNORED_WALL,False,False,False,,3.3227310180664062,1.5114150047302246,0.8214285714285714,0.44642857142857145,1.5850634574890137,0.4107142857142857,0.0,0.8214285714285714,center bbox exceeds wall width threshold
1787999119.3101945,READY,IGNORED_WALL,False,False,False,,3.275716781616211,1.513946533203125,0.9375,0.45535714285714285,1.5151423215866089,0.46875,0.0,0.9375,center bbox exceeds wall width threshold
1787999119.5520191,READY,IGNORED_WALL,False,False,False,,3.3041863441467285,1.5279500484466553,0.9375,0.45535714285714285,1.492626428604126,0.46875,0.0,0.9375,center bbox exceeds wall width threshold
1787999119.7939403,READY,IGNORED_WALL,False,False,False,,3.3046281337738037,1.4974216222763062,0.8928571428571429,0.45535714285714285,1.4966754913330078,0.44642857142857145,0.0,0.8928571428571429,center bbox exceeds wall width threshold
1787999120.0394552,READY,IGNORED_WALL,False,False,False,,3.3809804916381836,1.4838097095489502,0.8035714285714286,0.45535714285714285,1.4971494674682617,0.4017857142857143,0.0,0.8035714285714286,center bbox exceeds wall width threshold
1787999120.2824128,READY,IGNORED_WALL,False,False,False,,3.3577113151550293,1.4928699731826782,0.8035714285714286,0.44642857142857145,1.5290485620498657,0.4017857142857143,0.0,0.8035714285714286,center bbox exceeds wall width threshold
1787999120.5227132,READY,IGNORED_WALL,False,False,False,,3.2945618629455566,1.4679481983184814,0.9196428571428571,0.45535714285714285,1.4364367723464966,0.45982142857142855,0.0,0.9196428571428571,center bbox exceeds wall width threshold
1787999120.7633781,READY,IGNORED_WALL,False,False,False,,3.248241424560547,1.4734841585159302,0.9285714285714286,0.45535714285714285,1.4178413152694702,0.4642857142857143,0.0,0.9285714285714286,center bbox exceeds wall width threshold
1787999121.005286,READY,IGNORED_WALL,False,False,False,,3.3267252445220947,1.4968584775924683,0.8214285714285714,0.45535714285714285,1.5048226118087769,0.4107142857142857,0.0,0.8214285714285714,center bbox exceeds wall width threshold
1787999121.2523792,READY,IGNORED_WALL,False,False,False,,3.3284897804260254,1.5049464702606201,0.9196428571428571,0.45535714285714285,1.469675064086914,0.45982142857142855,0.0,0.9196428571428571,center bbox exceeds wall width threshold
1787999121.4940825,READY,IGNORED_WALL,False,False,False,,3.325294017791748,1.5145888328552246,0.8035714285714286,0.45535714285714285,1.5387775897979736,0.4017857142857143,0.0,0.8035714285714286,center bbox exceeds wall width threshold
1787999121.7350314,READY,IGNORED_WALL,False,False,False,,3.2382168769836426,1.4964675903320312,0.9196428571428571,0.45535714285714285,1.479305386543274,0.45982142857142855,0.0,0.9196428571428571,center bbox exceeds wall width threshold
1787999121.9774685,READY,IGNORED_WALL,False,False,False,,3.2850773334503174,1.519362449645996,0.9285714285714286,0.45535714285714285,1.510430097579956,0.4642857142857143,0.0,0.9285714285714286,center bbox exceeds wall width threshold
1787999122.2208984,READY,IGNORED_WALL,False,False,False,,3.3280396461486816,1.4981343746185303,0.7946428571428571,0.45535714285714285,1.532853126525879,0.39732142857142855,0.0,0.7946428571428571,center bbox exceeds wall width threshold
1787999122.4651217,READY,IGNORED_WALL,False,False,False,,3.176492214202881,1.5049331188201904,0.9464285714285714,0.45535714285714285,1.49222993850708,0.4732142857142857,0.0,0.9464285714285714,center bbox exceeds wall width threshold
1787999122.7074237,READY,IGNORED_WALL,False,False,False,,3.4307374954223633,1.5098044872283936,0.8125,0.45535714285714285,1.5441086292266846,0.40625,0.0,0.8125,center bbox exceeds wall width threshold
1787999122.9501662,READY,IGNORED_WALL,False,False,False,,3.333371162414551,1.4965662956237793,0.7946428571428571,0.45535714285714285,1.5393297672271729,0.39732142857142855,0.0,0.7946428571428571,center bbox exceeds wall width threshold
1787999123.1912186,READY,IGNORED_WALL,False,False,False,,3.338150978088379,1.5127372741699219,0.9107142857142857,0.44642857142857145,1.5774929523468018,0.45535714285714285,0.0,0.9107142857142857,center bbox exceeds wall width threshold
1787999123.4318888,READY,IGNORED_WALL,False,False,False,,3.316181182861328,1.5039660930633545,0.8303571428571429,0.45535714285714285,1.512811541557312,0.41517857142857145,0.0,0.8303571428571429,center bbox exceeds wall width threshold
1787999123.678551,READY,IGNORED_WALL,False,False,False,,3.3518190383911133,1.5140559673309326,0.8035714285714286,0.44642857142857145,1.5935933589935303,0.4017857142857143,0.0,0.8035714285714286,center bbox exceeds wall width threshold
1787999123.9197109,READY,IGNORED_WALL,False,False,False,,3.271806001663208,1.4834048748016357,0.8035714285714286,0.45535714285714285,1.5374305248260498,0.4017857142857143,0.0,0.8035714285714286,center bbox exceeds wall width threshold
1787999124.159404,READY,IGNORED_WALL,False,False,False,,3.36787748336792,1.5237963199615479,0.9017857142857143,0.44642857142857145,1.535647988319397,0.45089285714285715,0.0,0.9017857142857143,center bbox exceeds wall width threshold
1787999124.4005802,READY,IGNORED_WALL,False,False,False,,3.347053050994873,1.496333122253418,0.8303571428571429,0.45535714285714285,1.5047366619110107,0.41517857142857145,0.0,0.8303571428571429,center bbox exceeds wall width threshold
1787999124.643158,READY,IGNORED_WALL,False,False,False,,3.278367280960083,1.5051031112670898,0.9107142857142857,0.45535714285714285,1.5180087089538574,0.45535714285714285,0.0,0.9107142857142857,center bbox exceeds wall width threshold
1787999124.8888571,READY,IGNORED_WALL,False,False,False,,3.356612205505371,1.5156667232513428,0.9107142857142857,0.45535714285714285,1.4959772825241089,0.45535714285714285,0.0,0.9107142857142857,center bbox exceeds wall width threshold
1787999125.1310194,READY,IGNORED_WALL,False,False,False,,3.2492640018463135,1.5210354328155518,0.9375,0.45535714285714285,1.5118452310562134,0.46875,0.0,0.9375,center bbox exceeds wall width threshold
1787999125.3733501,READY,IGNORED_WALL,False,False,False,,3.248342990875244,1.5142408609390259,0.9553571428571429,0.45535714285714285,1.4430947303771973,0.47767857142857145,0.0,0.9553571428571429,center bbox exceeds wall width threshold
1787999125.6165838,READY,IGNORED_WALL,False,False,False,,3.287472724914551,1.4739888906478882,0.9375,0.45535714285714285,1.3818995952606201,0.46875,0.0,0.9375,center bbox exceeds wall width threshold
1787999125.8576467,READY,IGNORED_WALL,False,False,False,,3.275075912475586,1.5086910724639893,0.9375,0.44642857142857145,1.4634901285171509,0.46875,0.0,0.9375,center bbox exceeds wall width threshold
1787999126.1021826,READY,IGNORED_WALL,False,False,False,,3.3330650329589844,1.5221253633499146,0.7946428571428571,0.45535714285714285,1.527512788772583,0.39732142857142855,0.0,0.7946428571428571,center bbox exceeds wall width threshold
1787999126.344413,READY,IGNORED_WALL,False,False,False,,3.347900867462158,1.486454963684082,0.8125,0.44642857142857145,1.5615630149841309,0.40625,0.0,0.8125,center bbox exceeds wall width threshold
1787999126.5860496,READY,IGNORED_WALL,False,False,False,,3.3292880058288574,1.4767956733703613,0.8571428571428571,0.44642857142857145,1.4949389696121216,0.42857142857142855,0.0,0.8571428571428571,center bbox exceeds wall width threshold
1787999126.8261576,READY,IGNORED_WALL,False,False,False,,3.3155932426452637,1.4469995498657227,0.8392857142857143,0.44642857142857145,1.4384136199951172,0.41964285714285715,0.0,0.8392857142857143,center bbox exceeds wall width threshold
1787999127.0668278,READY,IGNORED_WALL,False,False,False,,3.368976354598999,1.4632468223571777,0.8035714285714286,0.44642857142857145,1.4913923740386963,0.4017857142857143,0.0,0.8035714285714286,center bbox exceeds wall width threshold
1787999127.311838,READY,IGNORED_WALL,False,False,False,,3.247020959854126,1.449944019317627,0.9196428571428571,0.44642857142857145,1.4144952297210693,0.45982142857142855,0.0,0.9196428571428571,center bbox exceeds wall width threshold
1787999127.5534112,READY,IGNORED_WALL,False,False,False,,3.2722153663635254,1.4466359615325928,0.8303571428571429,0.45535714285714285,1.421728253364563,0.41517857142857145,0.0,0.8303571428571429,center bbox exceeds wall width threshold
1787999127.7938287,READY,IGNORED_WALL,False,False,False,,3.365363836288452,1.4635875225067139,0.9196428571428571,0.44642857142857145,1.409724473953247,0.45982142857142855,0.0,0.9196428571428571,center bbox exceeds wall width threshold
1787999128.0348525,READY,IGNORED_WALL,False,False,False,,3.295825719833374,1.4534657001495361,0.9196428571428571,0.44642857142857145,1.3924615383148193,0.45982142857142855,0.0,0.9196428571428571,center bbox exceeds wall width threshold
1787999128.2781072,READY,IGNORED_WALL,False,False,False,,3.2621288299560547,1.423454761505127,0.9196428571428571,0.45535714285714285,1.3494386672973633,0.45982142857142855,0.0,0.9196428571428571,center bbox exceeds wall width threshold
1787999128.522555,READY,IGNORED_WALL,False,False,False,,3.2803800106048584,1.464295744895935,0.9196428571428571,0.44642857142857145,1.4270776510238647,0.45982142857142855,0.0,0.9196428571428571,center bbox exceeds wall width threshold
1787999128.763679,READY,IGNORED_WALL,False,False,False,,3.283670425415039,1.4781560897827148,0.9285714285714286,0.44642857142857145,1.5005195140838623,0.4642857142857143,0.0,0.9285714285714286,center bbox exceeds wall width threshold
1787999129.0049798,READY,IGNORED_WALL,False,False,False,,3.3248114585876465,1.4608476161956787,0.8125,0.44642857142857145,1.521132230758667,0.40625,0.0,0.8125,center bbox exceeds wall width threshold
1787999129.2476068,READY,IGNORED_WALL,False,False,False,,3.336678981781006,1.4497909545898438,0.8214285714285714,0.44642857142857145,1.4489226341247559,0.4107142857142857,0.0,0.8214285714285714,center bbox exceeds wall width threshold
1787999129.4887357,READY,IGNORED_WALL,False,False,False,,3.317479133605957,1.4390194416046143,0.8839285714285714,0.44642857142857145,1.3955076932907104,0.4419642857142857,0.0,0.8839285714285714,center bbox exceeds wall width threshold
1787999129.7330778,READY,IGNORED_WALL,False,False,False,,3.2785532474517822,1.436780571937561,0.9107142857142857,0.44642857142857145,1.3775355815887451,0.45535714285714285,0.0,0.9107142857142857,center bbox exceeds wall width threshold
1787999129.9755569,READY,IGNORED_WALL,False,False,False,,3.2908146381378174,1.446592926979065,0.8214285714285714,0.44642857142857145,1.4563149213790894,0.4107142857142857,0.0,0.8214285714285714,center bbox exceeds wall width threshold
1787999130.2178888,READY,IGNORED_WALL,False,False,False,,3.249854564666748,1.4813058376312256,1.0,0.44642857142857145,1.4566420316696167,0.5,0.0,1.0,center bbox exceeds wall width threshold
1787999130.4585037,READY,IGNORED_WALL,False,False,False,,3.310178756713867,1.4478822946548462,0.8928571428571429,0.44642857142857145,1.4410133361816406,0.44642857142857145,0.0,0.8928571428571429,center bbox exceeds wall width threshold
1787999130.6993985,READY,IGNORED_WALL,False,False,False,,3.2903552055358887,1.4405183792114258,0.8214285714285714,0.45535714285714285,1.4511994123458862,0.4107142857142857,0.0,0.8214285714285714,center bbox exceeds wall width threshold
1787999130.9446664,READY,IGNORED_WALL,False,False,False,,3.28237247467041,1.4533355236053467,0.8928571428571429,0.44642857142857145,1.441267490386963,0.44642857142857145,0.0,0.8928571428571429,center bbox exceeds wall width threshold
1787999131.1854954,READY,IGNORED_WALL,False,False,False,,3.3591654300689697,1.4413584470748901,0.9107142857142857,0.44642857142857145,1.3829690217971802,0.45535714285714285,0.0,0.9107142857142857,center bbox exceeds wall width threshold
1787999131.4269118,READY,IGNORED_WALL,False,False,False,,3.301166534423828,1.466618537902832,0.9285714285714286,0.44642857142857145,1.4399458169937134,0.4642857142857143,0.0,0.9285714285714286,center bbox exceeds wall width threshold
1787999131.6690574,READY,IGNORED_WALL,False,False,False,,3.3784239292144775,1.4546058177947998,0.9285714285714286,0.44642857142857145,1.429133653640747,0.4642857142857143,0.0,0.9285714285714286,center bbox exceeds wall width threshold
1787999131.9145267,READY,IGNORED_WALL,False,False,False,,3.3468379974365234,1.4752036333084106,0.9196428571428571,0.44642857142857145,1.4957988262176514,0.45982142857142855,0.0,0.9196428571428571,center bbox exceeds wall width threshold
1787999132.1586127,READY,IGNORED_WALL,False,False,False,,3.2790379524230957,1.4457374811172485,0.8303571428571429,0.44642857142857145,1.4878294467926025,0.41517857142857145,0.0,0.8303571428571429,center bbox exceeds wall width threshold
1787999132.3997808,READY,IGNORED_WALL,False,False,False,,3.3808248043060303,1.468336582183838,0.7946428571428571,0.44642857142857145,1.4890644550323486,0.39732142857142855,0.0,0.7946428571428571,center bbox exceeds wall width threshold
1787999132.6433332,READY,IGNORED_WALL,False,False,False,,3.351724863052368,1.4731793403625488,0.9107142857142857,0.44642857142857145,1.466808557510376,0.45535714285714285,0.0,0.9107142857142857,center bbox exceeds wall width threshold
1787999132.886531,READY,IGNORED_WALL,False,False,False,,3.297111988067627,1.4336062669754028,0.8214285714285714,0.44642857142857145,1.4408767223358154,0.4107142857142857,0.0,0.8214285714285714,center bbox exceeds wall width threshold
1787999133.1266356,READY,IGNORED_WALL,False,False,False,,3.299682140350342,1.4520728588104248,0.9107142857142857,0.44642857142857145,1.4450393915176392,0.45535714285714285,0.0,0.9107142857142857,center bbox exceeds wall width threshold
1787999133.37186,READY,IGNORED_WALL,False,False,False,,3.2875070571899414,1.4499766826629639,0.8303571428571429,0.45535714285714285,1.4542396068572998,0.41517857142857145,0.0,0.8303571428571429,center bbox exceeds wall width threshold
1787999133.614112,READY,IGNORED_WALL,False,False,False,,3.2789254188537598,1.453171730041504,0.9285714285714286,0.44642857142857145,1.4106265306472778,0.4642857142857143,0.0,0.9285714285714286,center bbox exceeds wall width threshold
1787999133.8550613,READY,IGNORED_WALL,False,False,False,,3.280344009399414,1.438190221786499,0.9285714285714286,0.45535714285714285,1.403033971786499,0.4642857142857143,0.0,0.9285714285714286,center bbox exceeds wall width threshold
1787999134.0956235,READY,IGNORED_WALL,False,False,False,,3.28011417388916,1.4554580450057983,0.9375,0.45535714285714285,1.4549192190170288,0.46875,0.0,0.9375,center bbox exceeds wall width threshold
1787999134.338086,READY,IGNORED_WALL,False,False,False,,3.2717337608337402,1.4526638984680176,0.9375,0.45535714285714285,1.3836946487426758,0.46875,0.0,0.9375,center bbox exceeds wall width threshold
1787999134.5841126,READY,IGNORED_WALL,False,False,False,,3.274242639541626,1.4605779647827148,0.9285714285714286,0.44642857142857145,1.4310983419418335,0.4642857142857143,0.0,0.9285714285714286,center bbox exceeds wall width threshold
1787999134.8253067,READY,IGNORED_WALL,False,False,False,,3.3320412635803223,1.4533863067626953,0.8303571428571429,0.45535714285714285,1.4165235757827759,0.41517857142857145,0.0,0.8303571428571429,center bbox exceeds wall width threshold
1787999135.0667517,READY,IGNORED_WALL,False,False,False,,3.3467564582824707,1.4634166955947876,0.9375,0.44642857142857145,1.4126585721969604,0.46875,0.0,0.9375,center bbox exceeds wall width threshold
1787999135.3112886,READY,IGNORED_WALL,False,False,False,,3.2616934776306152,1.4491500854492188,0.9375,0.45535714285714285,1.3860774040222168,0.46875,0.0,0.9375,center bbox exceeds wall width threshold
1787999135.5531492,READY,IGNORED_WALL,False,False,False,,3.192500114440918,1.4649808406829834,0.9553571428571429,0.44642857142857145,1.4407813549041748,0.47767857142857145,0.0,0.9553571428571429,center bbox exceeds wall width threshold
1787999135.7983418,READY,IGNORED_WALL,False,False,False,,3.3003315925598145,1.4749776124954224,0.9375,0.44642857142857145,1.4556559324264526,0.46875,0.0,0.9375,center bbox exceeds wall width threshold
1787999136.0420816,READY,IGNORED_WALL,False,False,False,,3.295769214630127,1.4719383716583252,0.9375,0.44642857142857145,1.49248206615448,0.46875,0.0,0.9375,center bbox exceeds wall width threshold
1787999136.283862,READY,IGNORED_WALL,False,False,False,,3.2876412868499756,1.463084101676941,0.9464285714285714,0.44642857142857145,1.4252398014068604,0.4732142857142857,0.0,0.9464285714285714,center bbox exceeds wall width threshold
1787999136.5249052,READY,IGNORED_WALL,False,False,False,,3.2610578536987305,1.4724513292312622,0.9375,0.45535714285714285,1.4325177669525146,0.46875,0.0,0.9375,center bbox exceeds wall width threshold
1787999136.7662392,READY,IGNORED_WALL,False,False,False,,3.3170206546783447,1.4342156648635864,0.9375,0.45535714285714285,1.374151587486267,0.46875,0.0,0.9375,center bbox exceeds wall width threshold
1787999137.0146248,READY,IGNORED_WALL,False,False,False,,3.284353733062744,1.4562933444976807,0.9375,0.45535714285714285,1.4405980110168457,0.46875,0.0,0.9375,center bbox exceeds wall width threshold
1787999137.2551494,READY,IGNORED_WALL,False,False,False,,3.263716220855713,1.465471625328064,0.8303571428571429,0.44642857142857145,1.473825216293335,0.41517857142857145,0.0,0.8303571428571429,center bbox exceeds wall width threshold
1787999137.496835,READY,IGNORED_WALL,False,False,False,,3.2995705604553223,1.431211233139038,0.8214285714285714,0.44642857142857145,1.4094059467315674,0.4107142857142857,0.0,0.8214285714285714,center bbox exceeds wall width threshold
1787999137.740145,READY,IGNORED_WALL,False,False,False,,3.2812676429748535,1.4680801630020142,0.9017857142857143,0.44642857142857145,1.492346167564392,0.45089285714285715,0.0,0.9017857142857143,center bbox exceeds wall width threshold
1787999137.9842377,READY,IGNORED_WALL,False,False,False,,3.277162551879883,1.4521605968475342,0.9375,0.44642857142857145,1.437292456626892,0.46875,0.0,0.9375,center bbox exceeds wall width threshold
1787999138.2294953,READY,IGNORED_WALL,False,False,False,,3.2496449947357178,1.4589319229125977,0.8303571428571429,0.44642857142857145,1.4782861471176147,0.41517857142857145,0.0,0.8303571428571429,center bbox exceeds wall width threshold
1787999138.4727087,READY,IGNORED_WALL,False,False,False,,3.3338565826416016,1.4372191429138184,0.8035714285714286,0.45535714285714285,1.4342155456542969,0.4017857142857143,0.0,0.8035714285714286,center bbox exceeds wall width threshold
1787999138.714412,READY,IGNORED_WALL,False,False,False,,3.281475067138672,1.4289031028747559,0.9375,0.45535714285714285,1.3305615186691284,0.46875,0.0,0.9375,center bbox exceeds wall width threshold
1787999138.955418,READY,IGNORED_WALL,False,False,False,,3.2659199237823486,1.4345732927322388,0.8928571428571429,0.44642857142857145,1.3905125856399536,0.44642857142857145,0.0,0.8928571428571429,center bbox exceeds wall width threshold
1787999139.1962473,READY,IGNORED_WALL,False,False,False,,3.224820852279663,1.4372799396514893,0.9375,0.44642857142857145,1.3672235012054443,0.46875,0.0,0.9375,center bbox exceeds wall width threshold
1787999139.4423122,READY,IGNORED_WALL,False,False,False,,3.237257242202759,1.442943811416626,0.9464285714285714,0.45535714285714285,1.3567266464233398,0.4732142857142857,0.0,0.9464285714285714,center bbox exceeds wall width threshold
1787999139.6841395,READY,IGNORED_WALL,False,False,False,,3.3200578689575195,1.439343810081482,0.9196428571428571,0.44642857142857145,1.358250617980957,0.45982142857142855,0.0,0.9196428571428571,center bbox exceeds wall width threshold
1787999139.9248583,READY,IGNORED_WALL,False,False,False,,3.237731456756592,1.436155080795288,0.9375,0.45535714285714285,1.3891210556030273,0.46875,0.0,0.9375,center bbox exceeds wall width threshold
1787999140.1662238,READY,IGNORED_WALL,False,False,False,,3.2254669666290283,1.4342260360717773,0.9375,0.44642857142857145,1.34584379196167,0.46875,0.0,0.9375,center bbox exceeds wall width threshold
1787999140.4094357,READY,IGNORED_WALL,False,False,False,,3.3224895000457764,1.4696123600006104,0.9285714285714286,0.44642857142857145,1.4205259084701538,0.4642857142857143,0.0,0.9285714285714286,center bbox exceeds wall width threshold
1787999140.656184,READY,IGNORED_WALL,False,False,False,,3.173457622528076,1.4574306011199951,0.9375,0.45535714285714285,1.3997206687927246,0.46875,0.0,0.9375,center bbox exceeds wall width threshold
1787999140.8974504,READY,IGNORED_WALL,False,False,False,,3.247189521789551,1.4340009689331055,0.9375,0.45535714285714285,1.3122413158416748,0.46875,0.0,0.9375,center bbox exceeds wall width threshold
1787999141.140165,READY,IGNORED_WALL,False,False,False,,3.208986282348633,1.4506304264068604,0.9375,0.45535714285714285,1.3566147089004517,0.46875,0.0,0.9375,center bbox exceeds wall width threshold
1787999141.383694,READY,IGNORED_WALL,False,False,False,,3.1987698078155518,1.4248027801513672,0.9464285714285714,0.45535714285714285,1.3215663433074951,0.4732142857142857,0.0,0.9464285714285714,center bbox exceeds wall width threshold
1787999141.6244404,READY,IGNORED_WALL,False,False,False,,3.2044777870178223,1.4430097341537476,0.9464285714285714,0.45535714285714285,1.3455160856246948,0.4732142857142857,0.0,0.9464285714285714,center bbox exceeds wall width threshold
1787999141.8699105,READY,IGNORED_WALL,False,False,False,,3.2397027015686035,1.4572126865386963,0.9285714285714286,0.44642857142857145,1.3762905597686768,0.4642857142857143,0.0,0.9285714285714286,center bbox exceeds wall width threshold
1787999142.110918,READY,IGNORED_WALL,False,False,False,,3.2682223320007324,1.437021255493164,0.8214285714285714,0.45535714285714285,1.3840044736862183,0.4107142857142857,0.0,0.8214285714285714,center bbox exceeds wall width threshold
1787999142.3514438,READY,IGNORED_WALL,False,False,False,,3.296457052230835,1.4348055124282837,0.8214285714285714,0.44642857142857145,1.4171481132507324,0.4107142857142857,0.0,0.8214285714285714,center bbox exceeds wall width threshold
1787999142.5926533,READY,IGNORED_WALL,False,False,False,,3.31913423538208,1.4431037902832031,0.8214285714285714,0.44642857142857145,1.4295369386672974,0.4107142857142857,0.0,0.8214285714285714,center bbox exceeds wall width threshold
1787999142.8346467,READY,IGNORED_WALL,False,False,False,,3.263791084289551,1.4346321821212769,0.8125,0.44642857142857145,1.4211020469665527,0.40625,0.0,0.8125,center bbox exceeds wall width threshold
1787999143.0807765,READY,IGNORED_WALL,False,False,False,,3.2910938262939453,1.4322638511657715,0.9375,0.45535714285714285,1.3327749967575073,0.46875,0.0,0.9375,center bbox exceeds wall width threshold
1787999143.3219128,READY,IGNORED_WALL,False,False,False,,3.29953670501709,1.4429974555969238,0.8303571428571429,0.45535714285714285,1.406457543373108,0.41517857142857145,0.0,0.8303571428571429,center bbox exceeds wall width threshold
1787999143.5635757,READY,IGNORED_WALL,False,False,False,,3.2624332904815674,1.4510269165039062,0.9285714285714286,0.44642857142857145,1.389097809791565,0.4642857142857143,0.0,0.9285714285714286,center bbox exceeds wall width threshold
1787999143.8062694,READY,IGNORED_WALL,False,False,False,,3.182061195373535,1.4422675371170044,0.9375,0.45535714285714285,1.3888087272644043,0.46875,0.0,0.9375,center bbox exceeds wall width threshold
1787999144.050327,READY,IGNORED_WALL,False,False,False,,3.2973828315734863,1.4417226314544678,0.8125,0.44642857142857145,1.433210849761963,0.40625,0.0,0.8125,center bbox exceeds wall width threshold
1787999144.2944522,READY,IGNORED_WALL,False,False,False,,3.307483673095703,1.4393905401229858,0.8125,0.44642857142857145,1.4137893915176392,0.40625,0.0,0.8125,center bbox exceeds wall width threshold
1787999144.5363798,READY,IGNORED_WALL,False,False,False,,3.3493127822875977,1.4210889339447021,0.8035714285714286,0.44642857142857145,1.3849358558654785,0.4017857142857143,0.0,0.8035714285714286,center bbox exceeds wall width threshold
1787999144.7808852,READY,IGNORED_WALL,False,False,False,,3.2993783950805664,1.4296395778656006,0.9196428571428571,0.44642857142857145,1.3640912771224976,0.45982142857142855,0.0,0.9196428571428571,center bbox exceeds wall width threshold
1787999145.0241997,READY,IGNORED_WALL,False,False,False,,3.272339105606079,1.4341542720794678,0.9107142857142857,0.44642857142857145,1.412474274635315,0.45535714285714285,0.0,0.9107142857142857,center bbox exceeds wall width threshold
1787999145.2661288,READY,IGNORED_WALL,False,False,False,,3.3882029056549072,1.4409592151641846,0.8214285714285714,0.44642857142857145,1.4340382814407349,0.4107142857142857,0.0,0.8214285714285714,center bbox exceeds wall width threshold
1787999145.5119512,READY,IGNORED_WALL,False,False,False,,3.2475759983062744,1.44574773311615,0.9375,0.45535714285714285,1.3555488586425781,0.46875,0.0,0.9375,center bbox exceeds wall width threshold
1787999145.7534318,READY,IGNORED_WALL,False,False,False,,3.2726664543151855,1.4234824180603027,0.9196428571428571,0.44642857142857145,1.3213791847229004,0.45982142857142855,0.0,0.9196428571428571,center bbox exceeds wall width threshold
1787999145.9941401,READY,IGNORED_WALL,False,False,False,,3.2971057891845703,1.4802556037902832,0.9196428571428571,0.44642857142857145,1.465742826461792,0.45982142857142855,0.0,0.9196428571428571,center bbox exceeds wall width threshold
1787999146.2363033,READY,IGNORED_WALL,False,False,False,,3.2232797145843506,1.4458311796188354,0.9285714285714286,0.44642857142857145,1.3768970966339111,0.4642857142857143,0.0,0.9285714285714286,center bbox exceeds wall width threshold
1787999146.4809573,READY,IGNORED_WALL,False,False,False,,3.2424211502075195,1.4529060125350952,0.9285714285714286,0.45535714285714285,1.3356056213378906,0.4642857142857143,0.0,0.9285714285714286,center bbox exceeds wall width threshold
1787999146.7257276,READY,IGNORED_WALL,False,False,False,,3.215843677520752,1.466325283050537,0.9553571428571429,0.45535714285714285,1.3869128227233887,0.47767857142857145,0.0,0.9553571428571429,center bbox exceeds wall width threshold
1787999146.9671257,READY,IGNORED_WALL,False,False,False,,3.257563591003418,1.468658447265625,0.9375,0.45535714285714285,1.4379377365112305,0.46875,0.0,0.9375,center bbox exceeds wall width threshold
1787999147.210415,READY,IGNORED_WALL,False,False,False,,3.288878917694092,1.4582951068878174,0.9285714285714286,0.44642857142857145,1.4080142974853516,0.4642857142857143,0.0,0.9285714285714286,center bbox exceeds wall width threshold
1787999147.4511766,READY,IGNORED_WALL,False,False,False,,3.2380194664001465,1.4404057264328003,0.9464285714285714,0.44642857142857145,1.3407527208328247,0.4732142857142857,0.0,0.9464285714285714,center bbox exceeds wall width threshold
1787999147.692506,READY,IGNORED_WALL,False,False,False,,3.2340636253356934,1.4368319511413574,0.9375,0.44642857142857145,1.3721566200256348,0.46875,0.0,0.9375,center bbox exceeds wall width threshold
1787999147.938598,READY,IGNORED_WALL,False,False,False,,3.2735989093780518,1.446124792098999,0.8303571428571429,0.45535714285714285,1.4116430282592773,0.41517857142857145,0.0,0.8303571428571429,center bbox exceeds wall width threshold
1787999148.179658,READY,IGNORED_WALL,False,False,False,,3.250011444091797,1.4564265012741089,0.9196428571428571,0.44642857142857145,1.449873924255371,0.45982142857142855,0.0,0.9196428571428571,center bbox exceeds wall width threshold
1787999148.421682,READY,IGNORED_WALL,False,False,False,,3.2363643646240234,1.4209569692611694,0.9553571428571429,0.44642857142857145,1.3193429708480835,0.47767857142857145,0.0,0.9553571428571429,center bbox exceeds wall width threshold
1787999148.6623614,READY,IGNORED_WALL,False,False,False,,3.201087474822998,1.4467309713363647,0.9553571428571429,0.45535714285714285,1.368459701538086,0.47767857142857145,0.0,0.9553571428571429,center bbox exceeds wall width threshold
1787999148.9059384,READY,IGNORED_WALL,False,False,False,,3.23915433883667,1.4335606098175049,0.8303571428571429,0.45535714285714285,1.4050202369689941,0.41517857142857145,0.0,0.8303571428571429,center bbox exceeds wall width threshold
1787999149.1505642,READY,IGNORED_WALL,False,False,False,,3.3101232051849365,1.4555851221084595,0.9285714285714286,0.44642857142857145,1.4224330186843872,0.4642857142857143,0.0,0.9285714285714286,center bbox exceeds wall width threshold
1787999149.3935363,READY,IGNORED_WALL,False,False,False,,3.2828903198242188,1.4363818168640137,0.9285714285714286,0.44642857142857145,1.3976181745529175,0.4642857142857143,0.0,0.9285714285714286,center bbox exceeds wall width threshold
1787999149.6352642,READY,IGNORED_WALL,False,False,False,,3.288529872894287,1.4404757022857666,0.9375,0.44642857142857145,1.407166838645935,0.46875,0.0,0.9375,center bbox exceeds wall width threshold
1787999149.8784726,READY,IGNORED_WALL,False,False,False,,3.2920010089874268,1.448386549949646,0.9285714285714286,0.44642857142857145,1.406334638595581,0.4642857142857143,0.0,0.9285714285714286,center bbox exceeds wall width threshold
1787999150.1199188,READY,IGNORED_WALL,False,False,False,,3.2475767135620117,1.4334911108016968,0.9375,0.44642857142857145,1.3670427799224854,0.46875,0.0,0.9375,center bbox exceeds wall width threshold
1787999150.3650584,READY,IGNORED_WALL,False,False,False,,3.3074841499328613,1.4491324424743652,0.8303571428571429,0.44642857142857145,1.4661688804626465,0.41517857142857145,0.0,0.8303571428571429,center bbox exceeds wall width threshold
1787999150.609341,READY,IGNORED_WALL,False,False,False,,3.3270392417907715,1.4206907749176025,0.8839285714285714,0.44642857142857145,1.340502381324768,0.4419642857142857,0.0,0.8839285714285714,center bbox exceeds wall width threshold
1787999150.8502665,READY,IGNORED_WALL,False,False,False,,3.270443916320801,1.4271808862686157,0.9375,0.45535714285714285,1.3326623439788818,0.46875,0.0,0.9375,center bbox exceeds wall width threshold
1787999151.0928152,READY,IGNORED_WALL,False,False,False,,3.316298007965088,1.4263842105865479,0.8214285714285714,0.44642857142857145,1.3785650730133057,0.4107142857142857,0.0,0.8214285714285714,center bbox exceeds wall width threshold
1787999151.3344228,READY,IGNORED_WALL,False,False,False,,3.3199269771575928,1.461829662322998,0.8214285714285714,0.44642857142857145,1.47603440284729,0.4107142857142857,0.0,0.8214285714285714,center bbox exceeds wall width threshold
1787999151.5823574,READY,IGNORED_WALL,False,False,False,,3.2513840198516846,1.451813817024231,0.9285714285714286,0.45535714285714285,1.3858516216278076,0.4642857142857143,0.0,0.9285714285714286,center bbox exceeds wall width threshold
1787999151.8231678,READY,IGNORED_WALL,False,False,False,,3.250843048095703,1.4437978267669678,0.9375,0.45535714285714285,1.3814234733581543,0.46875,0.0,0.9375,center bbox exceeds wall width threshold
1787999152.064891,READY,IGNORED_WALL,False,False,False,,3.2290053367614746,1.4417343139648438,0.9553571428571429,0.44642857142857145,1.344536542892456,0.47767857142857145,0.0,0.9553571428571429,center bbox exceeds wall width threshold
1787999152.3095021,READY,IGNORED_WALL,False,False,False,,3.213897705078125,1.416282057762146,0.8392857142857143,0.45535714285714285,1.3695569038391113,0.41964285714285715,0.0,0.8392857142857143,center bbox exceeds wall width threshold
1787999152.55037,READY,IGNORED_WALL,False,False,False,,3.2567849159240723,1.442205548286438,0.9375,0.45535714285714285,1.392318606376648,0.46875,0.0,0.9375,center bbox exceeds wall width threshold
1787999152.795081,READY,IGNORED_WALL,False,False,False,,3.2764930725097656,1.4479721784591675,0.9285714285714286,0.45535714285714285,1.37910795211792,0.4642857142857143,0.0,0.9285714285714286,center bbox exceeds wall width threshold
1787999153.0395548,READY,IGNORED_WALL,False,False,False,,3.287050724029541,1.4328099489212036,0.8482142857142857,0.45535714285714285,1.381508469581604,0.42410714285714285,0.0,0.8482142857142857,center bbox exceeds wall width threshold
1787999153.2805722,READY,IGNORED_WALL,False,False,False,,3.2171120643615723,1.4365962743759155,0.9375,0.44642857142857145,1.3566932678222656,0.46875,0.0,0.9375,center bbox exceeds wall width threshold
1787999153.5213146,READY,IGNORED_WALL,False,False,False,,3.1840980052948,1.4361246824264526,0.9285714285714286,0.45535714285714285,1.3565587997436523,0.4642857142857143,0.0,0.9285714285714286,center bbox exceeds wall width threshold
1787999153.7622046,READY,IGNORED_WALL,False,False,False,,3.2037954330444336,1.4393912553787231,0.9464285714285714,0.45535714285714285,1.3075045347213745,0.4732142857142857,0.0,0.9464285714285714,center bbox exceeds wall width threshold
1787999154.0100667,READY,IGNORED_WALL,False,False,False,,3.211498737335205,1.4337341785430908,0.9464285714285714,0.45535714285714285,1.3047502040863037,0.4732142857142857,0.0,0.9464285714285714,center bbox exceeds wall width threshold
1787999154.250453,READY,IGNORED_WALL,False,False,False,,3.0841827392578125,1.483559489250183,1.0,0.4642857142857143,1.3845481872558594,0.5,0.0,1.0,center bbox exceeds wall width threshold
1787999154.4914937,READY,IGNORED_WALL,False,False,False,,3.145477533340454,1.4762439727783203,1.0,0.45535714285714285,1.3543789386749268,0.5,0.0,1.0,center bbox exceeds wall width threshold
1787999154.7334015,READY,IGNORED_WALL,False,False,False,,3.1413967609405518,1.4923510551452637,0.9464285714285714,0.45535714285714285,1.41496741771698,0.4732142857142857,0.0,0.9464285714285714,center bbox exceeds wall width threshold
1787999154.9769351,READY,IGNORED_WALL,False,False,False,,3.0415234565734863,1.4557634592056274,1.0,0.4642857142857143,1.2948637008666992,0.5,0.0,1.0,center bbox exceeds wall width threshold
1787999155.2222662,READY,IGNORED_WALL,False,False,False,,3.112253189086914,1.4885337352752686,0.9464285714285714,0.4642857142857143,1.3635196685791016,0.4732142857142857,0.0,0.9464285714285714,center bbox exceeds wall width threshold
1787999155.463124,READY,IGNORED_WALL,False,False,False,,3.2050042152404785,1.4639911651611328,0.9375,0.45535714285714285,1.3136705160140991,0.46875,0.0,0.9375,center bbox exceeds wall width threshold
1787999155.7080033,READY,IGNORED_WALL,False,False,False,,3.2242565155029297,1.4487857818603516,0.9375,0.45535714285714285,1.3499715328216553,0.46875,0.0,0.9375,center bbox exceeds wall width threshold
1787999155.9490242,READY,IGNORED_WALL,False,False,False,,3.327731132507324,1.440904140472412,0.9196428571428571,0.44642857142857145,1.4067885875701904,0.45982142857142855,0.0,0.9196428571428571,center bbox exceeds wall width threshold
1787999156.1902297,READY,IGNORED_WALL,False,False,False,,3.2561745643615723,1.442064642906189,0.9017857142857143,0.44642857142857145,1.3876845836639404,0.45089285714285715,0.0,0.9017857142857143,center bbox exceeds wall width threshold
1787999156.4369211,READY,IGNORED_WALL,False,False,False,,3.314303398132324,1.4593768119812012,0.8214285714285714,0.45535714285714285,1.450583577156067,0.4107142857142857,0.0,0.8214285714285714,center bbox exceeds wall width threshold
1787999156.6787817,READY,IGNORED_WALL,False,False,False,,3.2553820610046387,1.4657464027404785,0.9285714285714286,0.45535714285714285,1.4309396743774414,0.4642857142857143,0.0,0.9285714285714286,center bbox exceeds wall width threshold
1787999156.9196653,READY,IGNORED_WALL,False,False,False,,3.239239454269409,1.4377591609954834,0.8928571428571429,0.44642857142857145,1.398485541343689,0.44642857142857145,0.0,0.8928571428571429,center bbox exceeds wall width threshold
1787999157.160675,READY,IGNORED_WALL,False,False,False,,3.264070510864258,1.4166598320007324,0.8214285714285714,0.44642857142857145,1.3634488582611084,0.4107142857142857,0.0,0.8214285714285714,center bbox exceeds wall width threshold
1787999157.4041061,READY,IGNORED_WALL,False,False,False,,3.2120521068573,1.4354084730148315,0.9285714285714286,0.45535714285714285,1.3580067157745361,0.4642857142857143,0.0,0.9285714285714286,center bbox exceeds wall width threshold
1787999157.648935,READY,IGNORED_WALL,False,False,False,,3.257725715637207,1.4433338642120361,0.8125,0.45535714285714285,1.3818340301513672,0.40625,0.0,0.8125,center bbox exceeds wall width threshold
1787999157.890427,READY,IGNORED_WALL,False,False,False,,3.2631564140319824,1.4560539722442627,0.9196428571428571,0.45535714285714285,1.383520483970642,0.45982142857142855,0.0,0.9196428571428571,center bbox exceeds wall width threshold
1787999158.1318479,READY,IGNORED_WALL,False,False,False,,3.340285539627075,1.4600719213485718,0.9375,0.45535714285714285,1.3686108589172363,0.46875,0.0,0.9375,center bbox exceeds wall width threshold
1787999158.3758256,READY,IGNORED_WALL,False,False,False,,3.0395588874816895,1.4703996181488037,1.0,0.4642857142857143,1.313666582107544,0.5,0.0,1.0,center bbox exceeds wall width threshold
1787999158.6170225,READY,IGNORED_WALL,False,False,False,,3.0546979904174805,1.434863805770874,1.0,0.4732142857142857,1.2690107822418213,0.5,0.0,1.0,center bbox exceeds wall width threshold
1787999158.8620582,READY,IGNORED_WALL,False,False,False,,2.9261651039123535,1.4576404094696045,1.0,0.49107142857142855,1.2657136917114258,0.5,0.0,1.0,center bbox exceeds wall width threshold
1787999159.105442,READY,IGNORED_WALL,False,False,False,,2.9614627361297607,1.4518020153045654,1.0,0.49107142857142855,1.2983267307281494,0.5,0.0,1.0,center bbox exceeds wall width threshold
1787999159.3476963,READY,IGNORED_WALL,False,False,False,,3.026308298110962,1.4356077909469604,1.0,0.4642857142857143,1.225838541984558,0.5,0.0,1.0,center bbox exceeds wall width threshold
1787999159.5888286,READY,IGNORED_WALL,False,False,False,,2.9384419918060303,1.4416346549987793,1.0,0.48214285714285715,1.2701683044433594,0.5,0.0,1.0,center bbox exceeds wall width threshold
1787999159.8333962,READY,IGNORED_WALL,False,False,False,,2.8797287940979004,1.4563288688659668,1.0,0.5267857142857143,1.2802716493606567,0.5,0.0,1.0,center bbox exceeds wall width threshold
1787999160.079281,READY,IGNORED_WALL,False,False,False,,2.9231419563293457,1.4490582942962646,1.0,0.49107142857142855,1.2519559860229492,0.5,0.0,1.0,center bbox exceeds wall width threshold
1787999160.3203695,READY,IGNORED_WALL,False,False,False,,3.2333035469055176,1.4629871845245361,0.9464285714285714,0.45535714285714285,1.350679874420166,0.4732142857142857,0.0,0.9464285714285714,center bbox exceeds wall width threshold
1787999160.5619228,READY,IGNORED_WALL,False,False,False,,3.2755680084228516,1.474381923675537,0.9017857142857143,0.44642857142857145,1.437675952911377,0.45089285714285715,0.0,0.9017857142857143,center bbox exceeds wall width threshold
1787999160.8043892,READY,IGNORED_WALL,False,False,False,,3.350496292114258,1.4413719177246094,0.8303571428571429,0.44642857142857145,1.40069580078125,0.41517857142857145,0.0,0.8303571428571429,center bbox exceeds wall width threshold
1787999161.0457938,READY,IGNORED_WALL,False,False,False,,3.319347381591797,1.4581316709518433,0.8303571428571429,0.44642857142857145,1.4658000469207764,0.41517857142857145,0.0,0.8303571428571429,center bbox exceeds wall width threshold
1787999161.290709,READY,IGNORED_WALL,False,False,False,,3.225893020629883,1.4535210132598877,0.9375,0.44642857142857145,1.3461315631866455,0.46875,0.0,0.9375,center bbox exceeds wall width threshold
1787999161.532482,READY,IGNORED_WALL,False,False,False,,3.3344240188598633,1.475034236907959,0.8214285714285714,0.44642857142857145,1.5182979106903076,0.4107142857142857,0.0,0.8214285714285714,center bbox exceeds wall width threshold
1787999161.7756774,READY,IGNORED_WALL,False,False,False,,3.2230420112609863,1.4514882564544678,0.9285714285714286,0.44642857142857145,1.4267994165420532,0.4642857142857143,0.0,0.9285714285714286,center bbox exceeds wall width threshold
1787999162.0158045,READY,IGNORED_WALL,False,False,False,,3.227867364883423,1.455254077911377,0.9375,0.44642857142857145,1.3971914052963257,0.46875,0.0,0.9375,center bbox exceeds wall width threshold
1787999162.2565913,READY,IGNORED_WALL,False,False,False,,3.214437961578369,1.454163670539856,0.9285714285714286,0.44642857142857145,1.4016423225402832,0.4642857142857143,0.0,0.9285714285714286,center bbox exceeds wall width threshold
1787999162.5043402,READY,IGNORED_WALL,False,False,False,,3.2690470218658447,1.462296962738037,0.9285714285714286,0.44642857142857145,1.4661054611206055,0.4642857142857143,0.0,0.9285714285714286,center bbox exceeds wall width threshold
1787999162.7453732,READY,IGNORED_WALL,False,False,False,,3.2411255836486816,1.436619520187378,0.9196428571428571,0.44642857142857145,1.3857355117797852,0.45982142857142855,0.0,0.9196428571428571,center bbox exceeds wall width threshold
1787999162.986165,READY,IGNORED_WALL,False,False,False,,3.2853317260742188,1.4382133483886719,0.9196428571428571,0.44642857142857145,1.3912529945373535,0.45982142857142855,0.0,0.9196428571428571,center bbox exceeds wall width threshold
1787999163.2268825,READY,IGNORED_WALL,False,False,False,,3.2689313888549805,1.4620652198791504,0.8125,0.44642857142857145,1.4905169010162354,0.40625,0.0,0.8125,center bbox exceeds wall width threshold
1787999163.47003,READY,IGNORED_WALL,False,False,False,,3.1489005088806152,1.450563907623291,0.9464285714285714,0.44642857142857145,1.387990117073059,0.4732142857142857,0.0,0.9464285714285714,center bbox exceeds wall width threshold
1787999163.7141094,READY,IGNORED_WALL,False,False,False,,3.2774248123168945,1.4590617418289185,0.8303571428571429,0.44642857142857145,1.4477978944778442,0.41517857142857145,0.0,0.8303571428571429,center bbox exceeds wall width threshold
1787999163.9545028,READY,IGNORED_WALL,False,False,False,,3.22365665435791,1.4535794258117676,0.9285714285714286,0.44642857142857145,1.3852425813674927,0.4642857142857143,0.0,0.9285714285714286,center bbox exceeds wall width threshold
1787999164.1968744,READY,IGNORED_WALL,False,False,False,,3.247551918029785,1.4519860744476318,0.9285714285714286,0.44642857142857145,1.3955711126327515,0.4642857142857143,0.0,0.9285714285714286,center bbox exceeds wall width threshold
1787999164.438887,READY,IGNORED_WALL,False,False,False,,3.2428555488586426,1.4581811428070068,0.9285714285714286,0.44642857142857145,1.4121785163879395,0.4642857142857143,0.0,0.9285714285714286,center bbox exceeds wall width threshold
1787999164.6798031,READY,IGNORED_WALL,False,False,False,,3.226707935333252,1.4504047632217407,0.8125,0.44642857142857145,1.4111437797546387,0.40625,0.0,0.8125,center bbox exceeds wall width threshold
1787999164.9241707,READY,IGNORED_WALL,False,False,False,,3.2678608894348145,1.4482934474945068,0.9464285714285714,0.45535714285714285,1.3647397756576538,0.4732142857142857,0.0,0.9464285714285714,center bbox exceeds wall width threshold
1787999165.166552,READY,IGNORED_WALL,False,False,False,,3.2611002922058105,1.4505470991134644,0.9285714285714286,0.44642857142857145,1.3536591529846191,0.4642857142857143,0.0,0.9285714285714286,center bbox exceeds wall width threshold
1787999165.4103942,READY,IGNORED_WALL,False,False,False,,3.3097710609436035,1.4322606325149536,0.8214285714285714,0.44642857142857145,1.3769944906234741,0.4107142857142857,0.0,0.8214285714285714,center bbox exceeds wall width threshold
1787999165.650412,READY,IGNORED_WALL,False,False,False,,3.3164854049682617,1.4290958642959595,0.9107142857142857,0.44642857142857145,1.3647243976593018,0.45535714285714285,0.0,0.9107142857142857,center bbox exceeds wall width threshold
1787999165.8924987,READY,IGNORED_WALL,False,False,False,,3.2294559478759766,1.4464672803878784,0.9464285714285714,0.44642857142857145,1.3693310022354126,0.4732142857142857,0.0,0.9464285714285714,center bbox exceeds wall width threshold
1787999166.139533,READY,IGNORED_WALL,False,False,False,,3.306018114089966,1.4374691247940063,0.9285714285714286,0.44642857142857145,1.3763031959533691,0.4642857142857143,0.0,0.9285714285714286,center bbox exceeds wall width threshold
1787999166.380355,READY,IGNORED_WALL,False,False,False,,3.3313934803009033,1.4486439228057861,0.8214285714285714,0.44642857142857145,1.4199532270431519,0.4107142857142857,0.0,0.8214285714285714,center bbox exceeds wall width threshold
1787999166.6201713,READY,IGNORED_WALL,False,False,False,,3.2590432167053223,1.4585566520690918,0.9285714285714286,0.44642857142857145,1.4016989469528198,0.4642857142857143,0.0,0.9285714285714286,center bbox exceeds wall width threshold
1787999167.0583074,CRUISING,IGNORED_WALL,False,False,False,,3.294548511505127,1.4709444046020508,0.8214285714285714,0.44642857142857145,1.4798332452774048,0.4107142857142857,0.0,0.8214285714285714,center bbox exceeds wall width threshold
1787999167.3921003,CRUISING,IGNORED_WALL,False,False,False,,3.1225671768188477,1.3757028579711914,1.0,0.4732142857142857,1.0558357238769531,0.5,0.0,1.0,center bbox exceeds wall width threshold
1787999167.678171,CRUISING,IGNORED_WALL,False,False,False,,3.163015127182007,1.417604684829712,1.0,0.45535714285714285,1.0904147624969482,0.5,0.0,1.0,center bbox exceeds wall width threshold
1787999167.9652693,CRUISING,IGNORED_WALL,False,False,False,,3.175017833709717,1.4294891357421875,1.0,0.4642857142857143,1.0713313817977905,0.5,0.0,1.0,center bbox exceeds wall width threshold
1787999168.2514157,CRUISING,IGNORED_WALL,False,False,False,,3.3794326782226562,1.4304099082946777,0.9642857142857143,0.45535714285714285,1.1812496185302734,0.48214285714285715,0.0,0.9642857142857143,center bbox exceeds wall width threshold
1787999168.5440516,CRUISING,IGNORED_WALL,False,False,False,,3.5159449577331543,1.520405888557434,0.9285714285714286,0.45535714285714285,1.5393481254577637,0.4642857142857143,0.0,0.9285714285714286,center bbox exceeds wall width threshold
1787999168.8323896,CRUISING,CANDIDATE,True,True,False,right,3.7845733165740967,1.7113198041915894,0.5357142857142857,0.44642857142857145,2.227954864501953,0.26785714285714285,0.0,0.5357142857142857,center bbox awaiting confirmation
1787999169.1374307,CRUISING,CANDIDATE,True,True,False,right,3.7887208461761475,1.9633111953735352,0.5267857142857143,0.3392857142857143,2.407639265060425,0.26339285714285715,0.0,0.5267857142857143,center bbox awaiting confirmation
1787999169.422095,CRUISING,CANDIDATE,True,True,False,right,3.686107873916626,1.7514970302581787,0.5267857142857143,0.4107142857142857,2.339557647705078,0.26339285714285715,0.0,0.5267857142857143,center bbox awaiting confirmation
1787999169.7136412,CRUISING,CANDIDATE,True,True,False,right,3.7339954376220703,1.746925950050354,0.5267857142857143,0.41964285714285715,2.355700969696045,0.26339285714285715,0.0,0.5267857142857143,center bbox awaiting confirmation
1787999170.000751,CRUISING,CANDIDATE,True,True,False,right,3.802497386932373,1.8247241973876953,0.5267857142857143,0.4107142857142857,2.3675034046173096,0.26339285714285715,0.0,0.5267857142857143,center bbox awaiting confirmation
1787999170.2871194,CRUISING,CANDIDATE,True,True,False,right,3.722956895828247,1.7905734777450562,0.5267857142857143,0.39285714285714285,2.3609471321105957,0.26339285714285715,0.0,0.5267857142857143,center bbox awaiting confirmation
1787999170.574607,CRUISING,CANDIDATE,True,True,False,right,3.7370290756225586,1.8199903964996338,0.5267857142857143,0.375,2.3881850242614746,0.26339285714285715,0.0,0.5267857142857143,center bbox awaiting confirmation
1787999170.8688962,CRUISING,CANDIDATE,True,True,False,right,3.6947550773620605,1.7755779027938843,0.5357142857142857,0.41964285714285715,2.318887233734131,0.26785714285714285,0.0,0.5357142857142857,center bbox awaiting confirmation
1787999171.154014,CRUISING,CANDIDATE,True,True,False,right,3.713456630706787,1.7084131240844727,0.5357142857142857,0.4375,2.270620346069336,0.26785714285714285,0.0,0.5357142857142857,center bbox awaiting confirmation
1787999171.5195346,CRUISING,CANDIDATE,True,True,False,right,3.727619171142578,1.860637903213501,0.5267857142857143,0.35714285714285715,2.396118402481079,0.26339285714285715,0.0,0.5267857142857143,center bbox awaiting confirmation
